Date,Selected_basket_capweighted,Selected_basket_equalweighted,CSI300_replica_proxy
2005-09-16,100.000000,100.000000,100.000000
2005-09-19,99.687576,99.960294,100.333341
2005-09-20,98.802199,98.982409,99.378272
2005-09-21,96.866204,97.185385,97.540757
2005-09-22,95.642524,96.023843,95.378422
2005-09-23,95.261751,95.736366,94.644850
2005-09-26,95.740231,96.151268,94.876989
2005-09-27,94.925164,95.444059,93.387364
2005-09-28,95.100890,95.298954,93.338873
2005-09-29,96.368443,96.529852,94.617039
2005-09-30,96.768332,97.090647,94.763014
2005-10-10,96.031315,95.990850,93.690204
2005-10-11,96.938426,96.994814,94.964528
2005-10-12,97.194076,97.565847,95.350353
2005-10-13,96.029648,96.562382,94.598552
2005-10-14,94.585330,94.961400,93.419336
2005-10-17,93.948400,94.352807,92.667132
2005-10-18,94.222900,94.576728,93.169975
2005-10-19,94.113158,94.512456,92.770989
2005-10-20,94.682947,94.727525,92.876196
2005-10-21,94.892127,95.040548,93.301802
2005-10-24,94.989017,95.205086,93.085310
2005-10-25,93.689135,93.187521,91.778577
2005-10-26,92.033665,91.477007,89.292732
2005-10-27,92.330846,91.574165,89.183515
2005-10-28,91.651590,90.940425,88.171636
2005-10-31,92.951470,91.987070,88.901345
2005-11-01,92.731462,91.537598,88.556713
2005-11-02,93.048874,92.014261,89.506205
2005-11-03,91.921363,90.693989,88.666775
2005-11-04,92.309960,90.991449,89.012956
2005-11-07,91.500161,90.458721,88.643413
2005-11-08,91.692235,90.752483,88.996491
2005-11-09,91.928350,90.830856,88.769760
2005-11-10,90.745411,89.442612,87.060438
2005-11-11,91.044909,89.522155,87.283733
2005-11-14,89.954555,88.497644,86.911410
2005-11-15,89.142427,87.609270,86.440781
2005-11-16,89.156879,87.648382,87.088353
2005-11-17,89.125773,87.609303,86.988680
2005-11-18,90.999174,89.575470,88.832836
2005-11-21,91.390577,90.002250,88.702470
2005-11-22,90.590442,88.992984,87.257201
2005-11-23,91.223433,89.553103,87.897202
2005-11-24,91.453224,89.738065,88.420104
2005-11-25,91.542218,89.585526,88.629329
2005-11-28,91.352924,89.358998,88.251994
2005-11-29,90.419131,88.483729,87.333550
2005-11-30,89.994679,87.963384,87.414167
2005-12-01,89.748425,87.612523,87.205374
2005-12-02,89.119796,87.180635,86.788102
2005-12-05,88.348789,86.404505,85.717861
2005-12-06,88.811641,86.667988,86.373016
2005-12-07,89.785780,87.642229,87.166910
2005-12-08,90.005145,87.987493,87.196757
2005-12-09,91.096683,88.977183,88.406996
2005-12-12,90.966686,88.897953,88.491948
2005-12-13,90.823699,88.765940,88.504941
2005-12-14,92.042777,89.967519,89.378450
2005-12-15,91.966179,89.832097,89.209285
2005-12-16,92.640727,90.465906,89.768887
2005-12-19,92.500220,90.403457,89.791465
2005-12-20,92.819134,90.639700,90.110618
2005-12-21,92.756897,90.654661,89.569301
2005-12-22,93.587883,91.665651,90.073569
2005-12-23,94.524257,92.864547,90.783978
2005-12-26,94.635132,93.244705,91.427248
2005-12-27,93.967639,92.497357,91.021792
2005-12-28,94.419239,92.826895,91.209398
2005-12-29,95.709806,93.877322,92.316317
2005-12-30,94.642121,93.026502,91.348999
2006-01-04,97.321174,94.191927,93.077425
2006-01-05,100.159623,96.448688,94.903084
2006-01-06,100.698574,97.478071,95.747305
2006-01-09,100.970419,98.239414,96.221017
2006-01-10,101.302166,98.083691,96.476674
2006-01-11,100.900559,98.212065,95.989215
2006-01-12,101.335884,98.879581,96.955796
2006-01-13,100.632731,98.287685,96.428506
2006-01-16,99.072195,96.598049,94.739932
2006-01-17,99.490899,97.046030,95.021979
2006-01-18,101.123305,98.910969,96.887961
2006-01-19,101.553089,99.378365,97.512852
2006-01-20,101.373072,99.339945,97.715472
2006-01-23,101.293345,99.298944,97.857857
2006-01-24,102.356333,99.958485,97.965109
2006-01-25,104.065841,101.529359,98.793574
2006-02-06,106.223790,103.878172,100.864001
2006-02-07,105.944965,103.446646,100.546454
2006-02-08,105.684467,103.401854,100.889397
2006-02-09,104.351859,102.146216,99.415210
2006-02-10,105.744984,103.603398,100.512568
2006-02-13,106.220024,104.047547,100.273188
2006-02-14,107.000867,104.744870,100.767846
2006-02-15,106.989633,104.564900,101.090706
2006-02-16,105.188701,102.141058,99.030065
2006-02-17,105.223651,101.723320,98.970741
2006-02-20,104.929820,101.476984,99.116037
2006-02-21,106.040047,102.634257,100.744016
2006-02-22,105.753219,102.323132,100.646327
2006-02-23,105.777952,102.233833,100.903393
2006-02-24,106.797832,103.345891,101.634534
2006-02-27,104.510917,102.811467,100.711457
2006-02-28,105.164113,103.580451,101.037764
2006-03-01,105.819175,104.470815,101.385441
2006-03-02,102.790742,102.994872,99.363969
2006-03-03,102.975179,103.206218,99.572192
2006-03-06,102.685647,102.853129,99.227384
2006-03-07,100.702429,101.145581,96.899316
2006-03-08,99.927530,100.410234,96.226654
2006-03-09,99.862475,100.435059,95.748777
2006-03-10,100.471042,100.933880,96.133040
2006-03-13,101.862547,102.021645,97.101676
2006-03-14,101.623843,101.912259,96.999184
2006-03-15,102.523060,102.843857,97.930997
2006-03-16,102.631737,103.037331,97.751033
2006-03-17,101.487345,101.684082,97.147104
2006-03-20,103.066506,103.268835,98.420482
2006-03-21,103.739565,104.071927,98.739675
2006-03-22,104.677507,105.090236,99.247816
2006-03-23,104.971962,105.699197,99.358316
2006-03-24,104.610491,105.820419,98.769714
2006-03-27,105.661308,106.474012,99.509029
2006-03-28,106.214516,107.059322,99.784173
2006-03-29,107.063541,107.970460,100.402872
2006-03-30,106.391148,106.764780,99.507929
2006-03-31,106.582179,107.986634,99.775972
2006-04-03,109.312174,110.632431,101.379317
2006-04-04,109.892879,111.338275,102.311046
2006-04-05,111.192037,113.006646,102.969225
2006-04-06,111.940802,114.256519,103.069830
2006-04-07,111.200713,114.552265,103.067447
2006-04-10,111.535414,115.238014,104.452326
2006-04-11,111.709050,115.625722,104.862010
2006-04-12,110.755457,114.630312,104.110708
2006-04-13,108.302540,111.603341,101.950663
2006-04-14,110.540977,114.335583,104.097404
2006-04-17,110.811115,114.719083,104.525911
2006-04-18,111.874040,116.133942,105.017783
2006-04-19,113.600551,118.275480,105.362963
2006-04-20,113.752317,119.019736,104.896167
2006-04-21,116.602292,121.730033,106.231943
2006-04-24,117.523303,124.949624,105.134868
2006-04-25,118.332803,127.236394,105.085879
2006-04-26,118.988686,127.124351,106.205391
2006-04-27,119.007824,127.622872,106.098136
2006-04-28,122.034716,129.586259,107.597114
2006-05-08,127.453793,135.061704,111.691735
2006-05-09,130.205239,138.416817,114.573950
2006-05-10,130.986099,141.101309,115.774792
2006-05-11,129.457849,141.090107,114.627906
2006-05-12,133.024196,146.835560,117.998898
2006-05-15,138.349474,154.931862,122.957342
2006-05-16,135.552218,150.754426,120.570797
2006-05-17,134.429778,149.303714,120.864689
2006-05-18,133.761757,148.594114,120.463870
2006-05-19,136.912585,152.796713,122.941940
2006-05-22,134.586043,150.564463,123.522921
2006-05-23,129.758942,143.270974,118.451054
2006-05-24,131.024179,144.031560,117.595585
2006-05-25,129.861617,142.702046,117.380949
2006-05-26,131.709089,145.497603,119.487556
2006-05-29,134.553629,148.511886,122.278218
2006-05-30,136.038791,151.027588,123.216775
2006-05-31,134.319801,149.208718,121.933458
2006-06-01,137.149303,152.666983,125.202346
2006-06-02,133.954954,149.596770,124.119601
2006-06-05,134.128492,150.565821,125.380191
2006-06-06,131.194867,146.836350,124.722556
2006-06-07,124.891817,138.649301,117.611363
2006-06-08,125.252251,139.252646,118.061478
2006-06-09,122.715002,135.968027,115.255902
2006-06-12,124.194940,136.104616,115.490039
2006-06-13,124.446679,137.290299,115.405099
2006-06-14,122.943822,134.879978,113.979462
2006-06-15,123.496253,135.185668,114.088258
2006-06-16,127.636251,139.599185,116.919746
2006-06-19,129.139252,141.556918,118.195935
2006-06-20,129.277061,142.013137,118.476828
2006-06-21,128.478370,141.225805,118.105220
2006-06-22,128.331961,140.286156,117.927239
2006-06-23,128.798737,140.595561,118.615942
2006-06-26,131.314593,142.707590,120.704012
2006-06-27,131.474937,143.220033,120.723542
2006-06-28,130.830810,142.929047,120.433049
2006-06-29,133.636012,146.121749,123.039376
2006-06-30,133.539657,146.321693,122.983027
2006-07-03,136.672485,149.177435,125.470150
2006-07-04,135.722625,149.320290,124.577028
2006-07-05,133.027074,147.046944,122.879961
2006-07-06,134.942722,149.484217,124.909980
2006-07-07,134.038858,149.282115,124.250590
2006-07-10,134.677170,149.394543,124.517283
2006-07-11,135.149892,150.778490,125.079603
2006-07-12,135.791887,151.829281,125.119006
2006-07-13,129.401970,143.624211,118.672490
2006-07-14,130.685931,144.970109,119.340517
2006-07-17,131.932914,147.049006,120.640746
2006-07-18,131.353579,146.230750,120.684408
2006-07-19,127.759478,141.962366,117.418024
2006-07-20,128.620331,142.467208,118.136152
2006-07-21,130.568781,144.578581,119.156795
2006-07-24,131.470853,144.923853,119.225548
2006-07-25,132.624097,147.183717,120.645195
2006-07-26,131.681644,144.970767,120.352971
2006-07-27,129.651981,142.933202,118.826916
2006-07-28,128.138103,141.561956,117.610378
2006-07-31,124.095408,135.798503,113.445890
2006-08-01,123.315906,134.434371,112.316901
2006-08-02,122.538478,133.093912,111.719794
2006-08-03,122.195933,131.665249,111.440004
2006-08-04,119.897670,127.936991,108.966473
2006-08-07,119.004987,127.131457,107.420742
2006-08-08,121.652464,130.370442,109.911006
2006-08-09,121.474555,130.207522,109.871308
2006-08-10,123.659979,132.443354,111.556775
2006-08-11,123.789325,133.222935,111.858404
2006-08-14,121.434123,129.428062,109.264788
2006-08-15,123.485327,131.428591,111.072954
2006-08-16,125.416469,133.879772,112.571286
2006-08-17,124.232043,132.682706,111.517926
2006-08-18,124.083141,132.048430,111.204854
2006-08-21,124.680567,132.829992,111.466243
2006-08-22,126.674709,135.350001,112.753854
2006-08-23,127.142009,135.143397,112.746831
2006-08-24,127.958260,135.882364,113.287804
2006-08-25,127.956954,136.197258,113.450786
2006-08-28,131.157224,139.947113,115.923078
2006-08-29,131.858822,140.698447,116.245974
2006-08-30,132.380732,141.062827,116.681813
2006-08-31,132.878855,141.850619,116.989795
2006-09-01,130.953667,139.897369,115.101288
2006-09-04,133.132905,142.562664,116.884101
2006-09-05,133.683130,142.561546,117.099129
2006-09-06,134.199905,144.072654,117.613831
2006-09-07,132.932078,141.797726,116.072857
2006-09-08,133.701270,142.028729,116.383288
2006-09-11,134.509157,141.876896,117.039771
2006-09-12,135.180777,142.977204,117.774200
2006-09-13,134.537241,140.476981,117.049739
2006-09-14,134.743510,140.069972,117.074897
2006-09-15,136.240264,141.538381,119.148338
2006-09-18,138.407453,143.512441,120.345047
2006-09-19,139.173975,144.212704,120.575908
2006-09-20,139.499668,144.599961,120.565384
2006-09-21,140.853286,146.056085,121.324365
2006-09-22,140.797429,145.543897,120.249766
2006-09-25,140.431124,145.184298,120.025717
2006-09-26,137.690228,142.905876,118.723800
2006-09-27,138.425434,143.542695,119.849847
2006-09-28,141.665029,146.276983,121.284755
2006-09-29,143.538517,148.316965,122.651684
2006-10-09,147.085846,151.782857,125.508407
2006-10-10,147.078376,152.486742,125.100465
2006-10-11,146.820021,152.120323,124.963975
2006-10-12,143.879860,149.584935,124.059430
2006-10-13,143.510832,149.511062,124.475717
2006-10-16,141.464847,147.974851,123.354463
2006-10-17,142.317869,148.461877,123.038858
2006-10-18,144.234321,149.928681,125.044940
2006-10-19,145.040591,150.788336,125.215230
2006-10-20,145.104572,151.080942,125.263296
2006-10-23,141.784988,147.306220,122.444132
2006-10-24,145.043122,150.454169,125.192276
2006-10-25,147.390082,151.594828,125.753711
2006-10-26,147.118177,151.488862,126.456509
2006-10-27,144.155054,149.074372,125.025455
2006-10-30,143.845019,149.020350,125.629331
2006-10-31,144.324859,149.558888,127.131486
2006-11-01,146.275794,151.499723,128.269563
2006-11-02,145.955119,151.737449,128.116125
2006-11-03,146.528307,151.860262,128.946605
2006-11-06,146.190925,151.687838,130.484860
2006-11-07,146.253878,150.934096,131.160536
2006-11-08,146.063944,150.266743,129.701992
2006-11-09,146.889783,151.256701,131.858118
2006-11-10,144.998533,148.365130,129.953822
2006-11-13,142.929457,144.295822,127.390940
2006-11-14,144.828003,146.236499,128.767773
2006-11-15,148.381881,149.777564,132.319689
2006-11-16,149.433878,150.101346,132.023838
2006-11-17,150.553349,151.594464,134.414173
2006-11-20,152.010933,152.121286,136.962198
2006-11-21,154.431434,154.934610,138.611742
2006-11-22,157.091699,157.019906,139.664487
2006-11-23,157.366204,157.388292,140.521973
2006-11-24,159.324487,159.197631,140.815856
2006-11-27,162.431297,163.317358,142.386233
2006-11-28,161.830290,163.479057,141.805731
2006-11-29,166.955079,168.604934,143.895210
2006-11-30,171.852017,173.512293,147.821916
2006-12-01,175.506299,176.765178,149.288435
2006-12-04,178.598858,179.790318,153.424869
2006-12-05,180.613667,180.477280,154.446322
2006-12-06,178.187917,178.693747,152.813971
2006-12-07,174.836060,175.584603,152.385723
2006-12-08,169.418226,169.521883,146.839950
2006-12-11,177.015397,175.795580,153.390040
2006-12-12,178.106357,176.019744,154.197930
2006-12-13,179.009811,176.828652,154.416636
2006-12-14,185.424297,181.896161,157.275952
2006-12-15,191.418172,187.168716,160.109277
2006-12-18,198.914904,193.570753,164.097406
2006-12-19,197.384888,192.715041,164.441751
2006-12-20,200.244605,195.929802,165.903557
2006-12-21,196.694704,193.446271,163.518502
2006-12-22,194.180806,191.581444,162.268858
2006-12-25,198.110261,194.478438,165.674844
2006-12-26,197.245681,193.862401,165.312774
2006-12-27,202.025048,197.966012,168.843457
2006-12-28,203.461029,198.708116,168.498118
2006-12-29,208.543512,202.748924,173.305269
2007-01-04,207.847607,202.758334,175.684302
2007-01-05,208.095278,203.679708,176.701141
2007-01-08,212.108331,209.150622,181.605804
2007-01-09,218.918838,214.438852,187.271694
2007-01-10,226.965628,220.839473,192.490455
2007-01-11,227.560467,219.810352,190.538535
2007-01-12,227.495327,216.197991,185.854483
2007-01-15,240.406776,227.687112,195.767935
2007-01-16,249.533444,237.889378,201.629425
2007-01-17,241.851116,233.587390,197.543048
2007-01-18,249.202102,239.051524,198.719229
2007-01-19,258.505418,250.022429,205.497439
2007-01-22,267.694790,259.908293,213.786542
2007-01-23,263.409989,257.843600,215.079909
2007-01-24,269.574554,260.378757,217.635865
2007-01-25,262.245352,250.957884,210.266342
2007-01-26,267.783665,256.444456,215.458608
2007-01-29,270.362169,261.556690,220.944456
2007-01-30,268.035968,260.000816,219.050667
2007-01-31,249.088754,241.470118,204.495388
2007-02-01,252.610550,243.458991,205.321393
2007-02-02,242.710917,235.268039,197.063500
2007-02-05,241.124241,234.778400,195.211083
2007-02-06,241.288463,236.136917,198.670535
2007-02-07,246.188158,240.156519,203.564011
2007-02-08,250.111431,244.886321,207.335446
2007-02-09,249.484873,245.059562,206.098587
2007-02-12,260.783725,253.575847,213.745042
2007-02-13,263.312810,256.031054,216.957686
2007-02-14,270.590830,262.716923,222.885146
2007-02-15,279.819322,271.848822,229.809852
2007-02-16,277.190197,271.256510,230.490232
2007-02-26,276.926976,273.316633,233.500120
2007-02-27,250.696155,247.807703,211.958024
2007-02-28,257.822378,256.059041,219.578413
2007-03-01,250.450038,247.799547,213.399602
2007-03-02,255.850535,251.088392,216.383866
2007-03-05,250.510662,247.847722,213.345280
2007-03-06,256.555291,251.794455,217.119701
2007-03-07,267.755620,261.413714,223.395816
2007-03-08,274.859806,266.796390,226.956122
2007-03-09,271.109694,263.246121,225.329635
2007-03-12,271.259828,263.200891,225.939307
2007-03-13,273.133823,264.861287,228.281851
2007-03-14,267.605168,260.751091,224.715285
2007-03-15,272.570379,266.692997,229.000538
2007-03-16,268.902697,264.144490,225.018805
2007-03-19,276.451917,267.461417,229.959933
2007-03-20,274.706614,266.998241,231.132167
2007-03-21,277.669271,270.183112,233.837070
2007-03-22,278.550105,270.046558,234.674256
2007-03-23,277.538542,270.148188,235.056490
2007-03-26,281.346163,274.865649,239.237330
2007-03-27,281.348772,276.947524,240.902741
2007-03-28,284.605030,276.726297,242.088819
2007-03-29,287.548399,274.949283,240.885389
2007-03-30,286.542825,274.871739,240.740019
2007-04-02,294.701783,281.356401,246.628281
2007-04-03,299.010383,287.659570,249.989867
2007-04-04,302.539087,292.560082,251.986244
2007-04-05,305.367223,296.213178,254.870665
2007-04-06,306.133893,299.475047,257.182268
2007-04-09,312.097362,307.098643,262.563255
2007-04-10,318.422567,311.783968,266.440759
2007-04-11,323.137549,314.506914,270.065784
2007-04-12,328.378398,321.815226,274.946723
2007-04-13,328.281654,323.296258,274.076105
2007-04-16,337.283989,330.611311,281.644343
2007-04-17,334.910714,329.999384,284.057798
2007-04-18,334.599629,333.523956,285.982740
2007-04-19,319.569886,316.543008,272.471422
2007-04-20,331.813766,330.202371,284.382690
2007-04-23,342.200365,340.409652,296.501498
2007-04-24,340.917821,340.229801,297.553163
2007-04-25,342.477747,337.186366,298.065775
2007-04-26,348.146967,342.909518,301.986897
2007-04-27,343.486465,338.893587,299.480553
2007-04-30,351.634459,347.501991,305.179711
2007-05-08,363.636413,360.878447,316.391988
2007-05-09,365.823329,356.006228,318.108483
2007-05-10,366.008486,356.922819,320.050990
2007-05-11,367.098086,354.869057,318.265667
2007-05-14,376.007089,361.577071,321.087811
2007-05-15,363.323273,352.287899,310.044012
2007-05-16,372.124297,362.784198,318.442339
2007-05-17,381.227238,372.201180,325.138920
2007-05-18,378.529171,369.373946,324.830222
2007-05-21,379.401630,374.959618,329.463920
2007-05-22,380.902370,375.830078,333.042760
2007-05-23,386.925889,383.007612,338.926270
2007-05-24,388.176149,382.082539,337.141178
2007-05-25,396.882086,391.907631,342.872311
2007-05-28,404.735979,401.359800,350.389664
2007-05-29,412.257497,410.950628,358.731370
2007-05-30,382.573141,381.804801,334.174234
2007-05-31,391.868866,387.396504,337.480508
2007-06-01,387.956837,379.512307,326.388937
2007-06-04,361.332701,350.783459,301.052444
2007-06-05,376.678042,365.722561,311.952791
2007-06-06,379.611660,370.625082,315.978062
2007-06-07,390.597208,383.603416,327.108013
2007-06-08,394.377038,391.979024,330.264790
2007-06-11,404.237208,402.966936,338.281937
2007-06-12,411.430786,414.499874,347.273319
2007-06-13,418.898313,419.823270,354.345319
2007-06-14,413.663602,415.151736,350.304580
2007-06-15,414.978569,417.252268,351.959407
2007-06-18,428.495346,427.028276,362.365674
2007-06-19,429.051613,427.467432,364.854644
2007-06-20,420.237789,418.480904,356.588454
2007-06-21,426.305067,422.388905,359.813631
2007-06-22,414.688248,409.000993,346.593840
2007-06-25,402.984995,391.214967,331.150254
2007-06-26,406.022015,397.563175,335.982127
2007-06-27,416.825816,408.013459,345.549683
2007-06-28,400.320983,389.880081,329.633374
2007-06-29,392.594417,380.188577,321.547230
2007-07-02,390.167583,378.891796,321.578221
2007-07-03,397.530697,386.614847,327.921306
2007-07-04,389.744831,379.179101,320.436951
2007-07-05,372.828521,358.801104,302.802780
2007-07-06,390.569907,378.323604,317.508379
2007-07-09,403.532043,389.447582,327.335326
2007-07-10,405.288477,382.505854,323.154703
2007-07-11,405.060315,382.607365,324.508627
2007-07-12,407.954845,385.070819,326.535569
2007-07-13,407.096366,385.551788,326.737633
2007-07-16,392.366255,372.952873,315.813182
2007-07-17,406.523483,380.160457,323.842390
2007-07-18,407.270361,379.013132,325.378924
2007-07-19,407.304871,379.924909,325.357767
2007-07-20,427.140530,395.309202,339.045513
2007-07-23,446.889311,414.676507,355.314537
2007-07-24,449.374738,414.292822,355.615122
2007-07-25,456.831752,420.280985,363.313842
2007-07-26,463.152329,428.303133,367.879655
2007-07-27,459.959116,429.147642,368.435160
2007-07-30,471.200288,439.826791,377.529476
2007-07-31,475.809194,444.280308,381.950533
2007-08-01,461.014175,425.528560,367.264020
2007-08-02,478.002095,438.554777,379.443022
2007-08-03,505.267185,456.269567,393.054889
2007-08-06,515.485578,466.929268,402.062821
2007-08-07,517.297544,470.328057,403.669273
2007-08-08,514.706396,466.483450,399.219777
2007-08-09,533.102769,474.813452,408.049193
2007-08-10,521.472284,464.190175,402.966189
2007-08-13,516.900202,458.039652,403.185653
2007-08-14,525.419928,468.228812,409.173603
2007-08-15,527.771552,470.120535,409.692048
2007-08-16,516.956113,466.659081,403.151986
2007-08-17,503.287441,458.766899,394.481886
2007-08-20,538.341852,486.055369,417.106780
2007-08-21,549.572562,495.262620,423.987403
2007-08-22,556.966630,501.075225,429.972527
2007-08-23,568.367465,508.945134,436.869657
2007-08-24,577.251425,513.671724,443.296225
2007-08-27,576.872912,513.196216,444.863601
2007-08-28,571.876061,508.935988,444.226134
2007-08-29,560.918339,499.611221,437.130685
2007-08-30,567.946121,509.400576,443.929498
2007-08-31,571.176950,512.957641,448.703893
2007-09-03,581.452202,525.234372,459.738172
2007-09-04,572.936647,521.308110,455.597417
2007-09-05,569.124994,521.899480,456.236002
2007-09-06,574.319255,526.295049,460.942298
2007-09-07,559.378986,513.428106,451.769790
2007-09-10,566.511449,520.794764,458.991452
2007-09-11,538.223686,492.767652,437.010507
2007-09-12,542.603467,498.908597,443.112821
2007-09-13,559.352135,510.766682,455.333803
2007-09-14,564.466020,517.767497,460.132918
2007-09-17,571.381417,525.904931,469.160114
2007-09-18,563.932387,522.248727,466.802278
2007-09-19,556.547494,512.820293,462.294432
2007-09-20,563.386235,522.442885,468.434510
2007-09-21,561.268177,518.658147,466.592489
2007-09-24,569.927873,524.852622,470.594013
2007-09-25,568.226173,517.031840,466.290550
2007-09-26,562.150385,508.644632,458.578435
2007-09-27,567.175448,515.704826,463.861630
2007-09-28,585.378864,530.328522,476.850757
2007-10-08,605.888617,536.402345,484.204678
2007-10-09,604.826155,535.036585,486.666224
2007-10-10,603.644364,535.375318,487.324847
2007-10-11,614.510700,539.246308,493.561024
2007-10-12,611.225950,539.345248,490.761391
2007-10-15,610.171971,546.657792,497.251113
2007-10-16,625.926849,555.466002,503.072192
2007-10-17,616.415753,550.233767,497.567878
2007-10-18,597.387926,531.527885,480.426936
2007-10-19,600.851650,533.606071,480.680138
2007-10-22,594.301575,521.987127,469.866895
2007-10-23,600.864783,523.473383,476.032917
2007-10-24,609.247140,528.382024,478.754069
2007-10-25,595.017633,504.525658,458.283172
2007-10-26,609.916129,510.828721,463.732312
2007-10-29,618.013838,519.132407,473.118931
2007-10-30,622.626811,527.376094,479.200287
2007-10-31,637.031848,538.241365,488.718713
2007-11-01,630.698467,526.259805,480.137152
2007-11-02,622.283868,508.174028,468.503472
2007-11-05,597.416378,496.285298,459.680451
2007-11-06,596.903993,494.203911,457.902430
2007-11-07,601.142080,497.400878,460.079361
2007-11-08,569.667588,471.661084,438.341524
2007-11-09,563.641452,461.534635,432.820059
2007-11-12,567.830893,454.103500,429.401710
2007-11-13,556.406323,450.092103,425.429574
2007-11-14,576.821282,469.429472,442.533764
2007-11-15,570.849702,462.686214,437.066698
2007-11-16,558.132415,455.485251,430.455632
2007-11-19,547.302785,455.486430,429.601190
2007-11-20,554.702879,465.558912,436.174903
2007-11-21,546.618060,462.019497,430.014137
2007-11-22,519.579652,437.831595,410.283338
2007-11-23,529.564647,445.894402,417.611177
2007-11-26,521.914588,439.921530,412.979783
2007-11-27,507.847923,431.588262,405.516934
2007-11-28,503.429340,424.307852,400.615524
2007-11-29,528.222834,439.700749,416.570995
2007-11-30,517.533267,429.653228,408.165950
2007-12-03,525.246480,433.457405,412.349262
2007-12-04,531.898557,439.021500,416.986510
2007-12-05,547.797775,453.077472,428.818216
2007-12-06,548.696517,453.490186,429.400207
2007-12-07,554.642104,462.044891,435.381151
2007-12-10,557.973533,473.489964,443.132067
2007-12-11,554.598117,474.843495,443.226820
2007-12-12,540.260163,469.110241,437.506473
2007-12-13,516.210217,446.334931,420.750101
2007-12-14,526.613878,455.166136,429.982784
2007-12-17,504.211557,444.047007,419.480833
2007-12-18,502.282878,443.697636,417.596680
2007-12-19,513.882807,453.873528,427.537780
2007-12-20,525.196017,463.341287,434.462523
2007-12-21,529.835483,472.071136,440.089837
2007-12-24,544.769633,484.604239,448.813153
2007-12-25,542.966685,486.507691,449.719948
2007-12-26,545.156817,490.278548,453.815913
2007-12-27,558.452595,499.273034,462.616224
2007-12-28,557.831127,498.028699,460.571338
2008-01-02,557.683969,502.084098,464.994828
2008-01-03,550.787629,502.154820,467.300413
2008-01-04,561.940119,509.004670,472.702810
2008-01-07,575.256843,519.350461,479.602720
2008-01-08,576.569444,514.614558,476.816956
2008-01-09,585.180746,525.608154,484.720652
2008-01-10,591.355023,536.052687,489.695842
2008-01-11,605.498280,538.707676,493.586012
2008-01-14,609.048291,545.538517,497.679450
2008-01-15,599.798330,543.241772,494.719744
2008-01-16,572.928690,526.625107,478.014567
2008-01-17,561.671990,510.742841,467.219752
2008-01-18,565.361642,516.948809,471.307356
2008-01-21,534.059023,492.054152,448.200269
2008-01-22,494.205298,454.536427,414.917257
2008-01-23,517.016629,479.367926,434.931227
2008-01-24,518.764771,485.003330,439.202989
2008-01-25,531.316995,490.319117,444.377687
2008-01-28,496.017066,458.194213,414.327721
2008-01-29,497.171615,461.678993,416.605887
2008-01-30,486.919551,459.904757,411.883838
2008-01-31,480.754690,449.465409,404.261422
2008-02-01,484.585234,444.436915,399.879966
2008-02-04,526.034743,480.575897,432.804051
2008-02-05,520.918381,477.175141,430.803324
2008-02-13,505.044879,467.521820,421.455700
2008-02-14,512.677552,475.352676,427.239756
2008-02-15,502.213519,469.730522,421.608443
2008-02-18,512.752415,478.553394,430.447890
2008-02-19,524.451643,491.346232,439.773780
2008-02-20,504.626064,481.355210,429.437060
2008-02-21,497.320598,483.064535,426.686858
2008-02-22,474.044194,467.176445,411.643796
2008-02-25,454.126434,444.612214,396.495295
2008-02-26,457.180761,439.929347,396.480915
2008-02-27,472.917829,454.142340,407.576955
2008-02-28,472.789804,455.538012,406.111024
2008-02-29,478.044999,460.480387,410.944879
2008-03-03,490.514256,473.504505,421.695314
2008-03-04,471.527911,461.285267,411.016237
2008-03-05,469.175162,455.932406,408.124835
2008-03-06,476.456785,460.723909,412.658120
2008-03-07,470.749223,454.434932,406.645806
2008-03-10,448.760934,435.927129,389.968381
2008-03-11,448.227412,435.998846,390.388070
2008-03-12,432.354601,423.714149,377.914395
2008-03-13,422.174130,409.258057,367.565986
2008-03-14,417.404890,403.627502,363.483254
2008-03-17,405.114024,380.188601,346.650544
2008-03-18,389.855716,360.068682,329.271986
2008-03-19,403.210133,370.757187,340.637738
2008-03-20,417.020280,381.855076,351.990328
2008-03-21,419.134384,386.882079,355.533039
2008-03-24,402.642792,372.883903,339.376755
2008-03-25,408.496014,377.120159,343.510064
2008-03-26,411.539351,379.092455,344.364692
2008-03-27,395.169635,362.683485,330.138098
2008-03-28,408.285962,373.355042,345.537901
2008-03-31,395.295827,359.090498,335.242029
2008-04-01,369.290427,333.982837,317.092825
2008-04-02,357.222709,321.243861,315.142387
2008-04-03,367.734713,332.041986,324.372482
2008-04-07,391.443955,353.344358,341.367797
2008-04-08,399.841831,360.018621,344.892364
2008-04-09,380.484903,343.235792,326.588972
2008-04-10,391.109240,353.090354,332.172338
2008-04-11,393.427516,355.376909,334.873968
2008-04-14,368.178950,332.098129,312.646892
2008-04-15,376.207382,339.467118,316.879451
2008-04-16,367.450619,331.445010,308.746806
2008-04-17,356.417815,319.923704,299.492117
2008-04-18,343.272435,308.165523,289.393763
2008-04-21,337.538513,304.557648,289.146106
2008-04-22,334.850935,302.339668,291.951301
2008-04-23,352.174423,318.003933,306.284928
2008-04-24,381.851534,344.741782,334.696805
2008-04-25,385.180845,348.335378,336.584070
2008-04-28,379.857480,344.160364,330.187795
2008-04-29,385.048903,348.669790,334.118062
2008-04-30,399.574877,362.150532,350.525462
2008-05-05,414.468304,375.412607,358.619812
2008-05-06,413.508795,373.822286,354.371061
2008-05-07,396.131835,358.823977,337.452339
2008-05-08,410.505163,373.527816,345.860025
2008-05-09,411.412244,375.830869,341.221366
2008-05-12,412.197619,377.328292,343.825955
2008-05-13,411.225712,377.622956,338.594881
2008-05-14,421.762735,387.281278,349.777396
2008-05-15,417.560296,383.812754,347.600473
2008-05-16,414.117847,379.408774,346.336287
2008-05-19,415.317858,380.820117,343.936929
2008-05-20,392.318253,358.583505,326.456009
2008-05-21,400.023140,366.778574,332.860913
2008-05-22,394.367574,362.092816,326.245530
2008-05-23,386.184105,353.734496,323.530329
2008-05-26,371.665027,339.744698,313.484523
2008-05-27,372.779478,341.172590,314.809656
2008-05-28,381.247586,348.752745,323.958224
2008-05-29,370.233500,339.393559,315.765112
2008-05-30,370.155854,338.063949,318.882402
2008-06-02,371.996069,339.688662,320.491331
2008-06-03,372.463458,339.825837,319.260551
2008-06-04,365.543150,331.972696,313.572603
2008-06-05,359.045364,325.092001,311.059849
2008-06-06,357.685254,324.503766,309.034388
2008-06-10,333.807009,302.280566,283.450915
2008-06-11,324.589177,293.047940,277.134397
2008-06-12,319.047677,288.314361,271.832742
2008-06-13,305.565021,275.819320,262.932097
2008-06-16,297.255249,268.283935,261.111828
2008-06-17,283.770686,255.319682,251.520393
2008-06-18,302.397050,272.682275,264.856809
2008-06-19,283.383337,254.219003,245.401402
2008-06-20,290.581166,259.960671,252.797899
2008-06-23,285.722035,255.143745,247.237046
2008-06-24,295.664631,264.315667,252.524397
2008-06-25,307.457313,276.334234,262.703093
2008-06-26,310.137827,280.018192,263.334849
2008-06-27,294.376534,264.821536,248.672826
2008-06-30,292.879157,264.144540,246.549930
2008-07-01,286.064333,258.130141,238.048777
2008-07-02,288.520162,260.307135,239.063136
2008-07-03,296.318453,267.904358,245.078537
2008-07-04,291.352809,262.031967,243.894770
2008-07-07,304.218120,273.191870,256.709280
2008-07-08,310.604121,280.052107,258.684938
2008-07-09,319.893804,289.053613,268.400588
2008-07-10,316.593540,285.162994,264.666277
2008-07-11,316.064356,285.130833,262.895883
2008-07-14,318.803349,288.334803,264.721501
2008-07-15,307.613716,278.276996,254.034989
2008-07-16,294.830986,264.909333,244.593720
2008-07-17,289.435559,259.419279,241.941069
2008-07-18,298.046342,266.888920,250.893746
2008-07-21,307.798027,276.322129,259.247568
2008-07-22,306.942598,275.797051,258.649139
2008-07-23,300.707865,270.034802,256.595106
2008-07-24,307.431057,276.002984,264.711321
2008-07-25,302.200997,271.180070,261.631669
2008-07-28,304.808035,273.948985,263.996732
2008-07-29,302.560596,272.977341,258.983879
2008-07-30,298.370620,269.187907,257.257048
2008-07-31,289.195522,261.065857,249.945461
2008-08-01,288.577016,259.574804,253.146960
2008-08-04,279.619213,250.569744,247.064468
2008-08-05,265.695716,237.209556,241.157636
2008-08-06,264.998465,237.214173,242.638346
2008-08-07,263.900740,236.170208,242.570886
2008-08-08,250.714226,223.366706,231.171175
2008-08-11,234.945022,208.340203,219.092518
2008-08-12,232.868783,207.245564,217.583931
2008-08-13,234.364649,208.456759,217.735223
2008-08-14,234.154094,208.328747,217.686161
2008-08-15,231.873001,206.391692,218.024199
2008-08-18,215.672307,191.057064,206.069111
2008-08-19,217.856581,193.183220,209.210057
2008-08-20,234.635082,208.757408,225.319208
2008-08-21,226.185827,200.115402,217.212019
2008-08-22,222.727170,196.695446,213.471409
2008-08-25,219.685966,193.747826,212.972246
2008-08-26,209.445482,184.041904,206.435636
2008-08-27,208.150741,182.888433,205.940723
2008-08-28,209.483196,183.985260,206.713577
2008-08-29,214.843310,189.217529,211.681228
2008-09-01,207.626162,182.498123,204.477408
2008-09-02,206.172599,180.913749,202.404985
2008-09-03,201.826332,176.902637,199.299000
2008-09-04,201.876783,177.592865,199.834062
2008-09-05,194.544958,171.248146,193.994103
2008-09-08,186.483036,164.418738,188.177401
2008-09-09,187.123082,164.791377,189.428973
2008-09-10,186.041418,163.594014,190.082887
2008-09-11,180.805568,158.869582,184.281283
2008-09-12,181.668480,159.343677,184.799567
2008-09-16,178.599800,155.965507,178.999399
2008-09-17,177.323629,154.666066,173.218165
2008-09-18,174.593622,152.642238,170.322468
2008-09-19,188.389452,165.594391,186.101304
2008-09-22,197.279535,175.756084,198.807929
2008-09-23,188.665004,169.274633,190.919101
2008-09-24,192.277258,171.492154,192.001477
2008-09-25,198.006086,177.463656,199.541678
2008-09-26,200.764122,179.752378,201.101398
2008-10-06,191.564356,170.367786,190.589174
2008-10-07,188.527586,166.510165,188.309133
2008-10-08,182.565720,161.412807,180.784056
2008-10-09,179.138176,158.631109,178.516693
2008-10-10,171.066650,149.731164,170.453411
2008-10-13,171.988627,151.340300,178.226764
2008-10-14,167.686676,147.263209,173.491945
2008-10-15,163.903674,143.584754,171.840850
2008-10-16,156.273595,135.034284,163.389416
2008-10-17,157.215559,136.577263,164.520266
2008-10-20,161.840419,141.976452,170.353354
2008-10-21,161.727551,141.922520,168.608318
2008-10-22,159.086184,138.349085,164.331750
2008-10-23,161.329652,140.634830,163.953374
2008-10-24,158.747902,137.862216,158.673263
2008-10-27,148.495116,127.989857,146.945610
2008-10-28,152.801900,132.159105,151.802027
2008-10-29,149.251755,126.791617,147.539602
2008-10-30,152.356995,129.030617,151.509350
2008-10-31,149.854576,125.892993,148.343340
2008-11-03,149.093903,124.048434,147.716154
2008-11-04,146.370075,121.344397,145.654726
2008-11-05,151.045106,125.538098,151.561780
2008-11-06,146.831196,122.642065,147.758311
2008-11-07,147.150983,123.556984,150.567332
2008-11-10,156.620330,132.817200,162.005234
2008-11-11,154.602601,131.686394,160.028105
2008-11-12,156.346069,134.115564,161.981871
2008-11-13,162.911031,141.424613,168.333033
2008-11-14,171.114279,149.329769,174.397682
2008-11-17,177.324919,154.677102,178.152699
2008-11-18,167.069999,143.731961,164.557990
2008-11-19,178.197394,153.629297,174.852183
2008-11-20,176.630843,152.326692,172.845341
2008-11-21,173.719292,149.301067,171.850768
2008-11-24,167.348881,144.006601,164.399104
2008-11-25,167.391798,143.772695,164.189643
2008-11-26,167.746266,143.767356,165.141333
2008-11-27,170.244555,145.685831,167.687396
2008-11-28,167.294275,142.740416,163.682275
2008-12-01,171.871123,147.578455,166.574456
2008-12-02,174.237574,149.852428,166.771231
2008-12-03,181.622900,157.695488,174.219315
2008-12-04,183.684241,159.237611,177.253276
2008-12-05,187.831345,163.606088,179.920053
2008-12-08,194.358239,170.025756,187.303846
2008-12-09,190.601681,166.816873,182.405360
2008-12-10,194.147001,170.472705,187.615246
2008-12-11,190.485179,166.019742,182.961890
2008-12-12,183.962242,159.000419,174.998440
2008-12-15,186.429511,161.159796,176.455683
2008-12-16,188.435462,164.232768,178.017028
2008-12-17,190.371736,165.956945,178.570676
2008-12-18,193.370278,169.328673,182.801892
2008-12-19,194.459696,170.722552,183.367816
2008-12-22,193.628347,169.967975,179.987608
2008-12-23,184.940943,161.090647,171.149569
2008-12-24,182.359310,158.661754,168.356784
2008-12-25,179.974252,156.741683,166.883603
2008-12-26,178.524181,155.837426,166.282572
2008-12-29,176.840989,155.405866,165.636942
2008-12-30,176.084212,155.207035,163.691086
2008-12-31,174.474292,152.968005,162.511124
2009-01-05,178.146564,158.179929,168.617344
2009-01-06,182.661093,164.014127,174.030949
2009-01-07,180.996944,163.832850,173.096764
2009-01-08,177.526795,160.889448,169.012070
2009-01-09,180.459880,165.004151,171.731201
2009-01-12,180.079086,165.682665,171.919477
2009-01-13,175.128561,161.345638,167.944629
2009-01-14,181.603180,168.977073,175.347697
2009-01-15,182.182516,169.947940,175.200935
2009-01-16,184.627666,172.153229,178.524560
2009-01-19,185.496995,172.077807,180.904723
2009-01-20,186.218688,173.567031,182.180074
2009-01-21,184.410898,172.934882,181.717343
2009-01-22,188.536266,177.185816,183.666930
2009-01-23,188.664673,176.159898,182.794057
2009-02-02,190.901470,179.561502,184.666444
2009-02-03,195.665034,184.093069,189.252048
2009-02-04,199.409321,187.996194,194.600260
2009-02-05,197.905031,186.512894,193.398325
2009-02-06,205.783884,193.958382,201.239951
2009-02-09,214.265927,202.104989,206.328632
2009-02-10,217.328847,205.970924,208.560221
2009-02-11,218.202816,206.041471,209.092892
2009-02-12,218.115867,206.370804,207.569830
2009-02-13,224.502205,213.165620,214.895075
2009-02-16,228.575781,217.586028,220.939580
2009-02-17,222.966689,211.875205,213.856977
2009-02-18,213.572339,203.345399,203.824144
2009-02-19,216.838368,206.425013,205.817530
2009-02-20,222.473019,211.916787,209.742618
2009-02-23,228.420450,218.704238,215.457088
2009-02-24,220.564148,210.497144,205.391118
2009-02-25,216.898266,207.707680,205.905007
2009-02-26,203.518281,193.150181,196.090722
2009-02-27,197.117251,185.207753,191.947262
2009-03-02,200.206512,189.489723,193.761549
2009-03-03,198.084658,188.476895,191.595648
2009-03-04,211.662306,201.157459,204.637111
2009-03-05,211.814733,201.945365,206.575958
2009-03-06,209.080686,200.321312,205.049385
2009-03-09,202.360525,192.094013,197.542026
2009-03-10,206.440575,196.091091,201.114321
2009-03-11,205.099086,195.260410,199.277064
2009-03-12,203.763208,194.569536,198.996377
2009-03-13,202.628371,193.183134,198.139035
2009-03-16,204.722081,195.397601,201.571499
2009-03-17,212.298870,203.454522,208.674237
2009-03-18,215.240777,207.722161,209.471453
2009-03-19,221.381633,215.079357,213.862762
2009-03-20,224.013875,217.774327,213.271367
2009-03-23,230.803706,222.558080,218.525524
2009-03-24,232.419533,224.303216,219.807915
2009-03-25,226.018558,219.040516,215.054235
2009-03-26,232.492283,225.704824,221.917282
2009-03-27,235.492042,230.032663,223.815241
2009-03-30,237.098053,231.155187,222.711065
2009-03-31,242.487826,236.224681,224.911711
2009-04-01,245.527180,239.794644,228.178376
2009-04-02,247.039374,240.350119,230.528960
2009-04-03,244.224539,237.181983,229.859626
2009-04-07,244.220989,239.027284,230.305007
2009-04-08,234.725465,231.307060,221.459086
2009-04-09,238.357851,234.858530,224.934690
2009-04-10,248.535188,244.799927,231.660153
2009-04-13,253.322383,249.671290,237.075813
2009-04-14,256.738138,251.807858,239.043800
2009-04-15,257.967657,255.198545,240.006272
2009-04-16,255.595353,252.810086,240.044844
2009-04-17,255.243807,250.532877,237.046655
2009-04-20,258.019730,253.991837,242.274641
2009-04-21,253.464809,251.669637,239.426177
2009-04-22,242.794380,240.162328,230.791995
2009-04-23,245.178192,243.217288,232.223226
2009-04-24,241.756417,239.893366,230.236558
2009-04-27,235.789103,234.074520,224.886909
2009-04-28,239.866640,237.449493,225.364352
2009-04-29,246.248436,243.497694,233.017519
2009-04-30,247.856930,247.266115,234.513604
2009-05-04,255.885215,255.001115,242.453109
2009-05-05,257.282286,257.488523,243.549813
2009-05-06,260.013548,261.749929,246.809195
2009-05-07,257.423327,259.557137,246.715185
2009-05-08,257.324787,257.170492,248.761898
2009-05-11,249.287852,247.913095,243.344308
2009-05-12,255.033702,254.153339,248.867802
2009-05-13,258.461050,256.115782,250.994343
2009-05-14,259.195341,257.086086,249.145398
2009-05-15,259.890615,257.926176,249.333153
2009-05-18,259.559055,259.492196,250.269971
2009-05-19,260.750863,261.021756,252.526063
2009-05-20,259.740847,260.027214,249.902615
2009-05-21,254.790052,256.040829,244.365145
2009-05-22,253.678260,254.970529,243.775655
2009-05-25,255.395121,256.909929,244.785747
2009-05-26,253.605884,254.135572,242.088432
2009-05-27,254.223701,253.956495,245.438802
2009-06-01,262.011922,260.282801,253.821199
2009-06-02,261.370141,260.709026,254.203921
2009-06-03,264.937627,262.315426,260.191371
2009-06-04,264.113437,260.669019,261.688834
2009-06-05,261.806774,259.293800,260.160923
2009-06-08,259.748106,255.807157,260.756332
2009-06-09,263.461635,256.716992,262.228292
2009-06-10,265.195146,258.786192,264.812740
2009-06-11,261.998506,258.063533,262.445022
2009-06-12,258.767926,253.607317,257.644122
2009-06-15,260.423371,255.007915,262.556444
2009-06-16,262.802119,255.371603,262.237578
2009-06-17,267.014571,259.519176,266.353413
2009-06-18,269.825391,262.303114,270.147250
2009-06-19,271.812054,262.461899,272.291278
2009-06-22,269.270698,260.800922,272.548124
2009-06-23,266.389577,259.882775,272.444610
2009-06-24,272.869067,265.735801,275.814696
2009-06-25,271.236136,265.422388,275.670750
2009-06-26,271.817616,266.780849,276.396394
2009-06-29,275.540804,271.459248,280.586419
2009-06-30,274.150318,268.628565,279.152400
2009-07-01,280.482138,273.340975,285.551461
2009-07-02,282.483659,276.237813,289.335898
2009-07-03,286.611576,279.077785,292.992920
2009-07-06,292.418057,280.038788,297.915563
2009-07-07,289.537498,277.465545,295.273942
2009-07-08,295.942864,282.803622,295.913594
2009-07-09,300.413799,288.244160,300.237065
2009-07-10,300.189575,288.643707,300.101329
2009-07-13,298.407521,289.009589,297.044709
2009-07-14,306.864606,295.273856,305.471255
2009-07-15,308.386610,297.941888,308.799270
2009-07-16,306.645077,295.652762,309.167472
2009-07-17,307.725050,298.568834,310.388878
2009-07-20,312.446481,305.497654,316.617883
2009-07-21,308.663919,299.979944,312.181952
2009-07-22,316.447390,306.190048,318.332008
2009-07-23,317.641779,308.771066,322.171609
2009-07-24,316.123131,306.692502,323.679808
2009-07-27,322.657987,310.436335,330.677682
2009-07-28,326.246022,311.706010,332.201526
2009-07-29,307.046560,291.783243,315.622090
2009-07-30,312.489035,296.028157,322.620272
2009-07-31,321.174940,304.346073,331.423448
2009-08-03,324.287696,308.048975,336.815209
2009-08-04,328.779158,313.545282,336.807014
2009-08-05,323.144477,310.170687,332.279960
2009-08-06,317.438551,306.948286,324.937665
2009-08-07,311.146788,298.748461,315.531014
2009-08-10,311.208440,299.800125,314.659844
2009-08-11,313.761641,301.787117,316.000998
2009-08-12,297.970173,287.722473,301.520710
2009-08-13,298.770918,288.292804,304.850524
2009-08-14,293.413150,280.656379,296.398021
2009-08-17,276.364802,262.268863,278.453609
2009-08-18,274.732075,263.822931,281.622395
2009-08-19,259.184387,249.713383,267.842658
2009-08-20,269.636825,259.911872,279.102516
2009-08-21,275.152465,267.044409,284.319719
2009-08-24,278.774577,272.740363,286.271672
2009-08-25,270.236482,266.900917,275.819225
2009-08-26,277.744092,274.291385,281.425432
2009-08-27,277.448758,274.574428,280.003040
2009-08-28,267.460576,265.820485,270.197346
2009-08-31,247.290098,245.477550,251.012969
2009-09-01,246.458076,242.907341,252.516055
2009-09-02,248.483677,245.928131,256.383903
2009-09-03,263.019353,259.874578,270.482197
2009-09-04,265.867572,264.576071,272.441438
2009-09-07,267.262500,267.210344,274.637288
2009-09-08,272.932745,273.048056,280.321482
2009-09-09,277.498132,276.876679,282.515219
2009-09-10,274.044967,273.940563,279.644471
2009-09-11,279.560328,278.915603,286.302644
2009-09-14,286.927064,286.355556,291.221135
2009-09-15,286.844477,287.465330,291.913541
2009-09-16,283.956726,285.532096,287.794736
2009-09-17,288.645390,291.232981,293.367212
2009-09-18,278.888619,281.905245,282.769423
2009-09-21,279.267864,283.516856,283.724585
2009-09-22,272.688652,277.077421,277.424318
2009-09-23,266.448752,268.987614,271.819197
2009-09-24,269.339193,270.482417,273.001392
2009-09-25,265.438338,266.064051,270.965027
2009-09-28,256.127746,257.184490,264.339434
2009-09-29,257.668464,257.141317,264.106946
2009-09-30,262.274133,261.303556,266.866901
2009-10-09,278.252698,277.715490,279.800641
2009-10-12,278.781696,278.783261,278.743828
2009-10-13,283.432287,283.436304,282.696971
2009-10-14,287.761763,287.500418,284.933775
2009-10-15,289.894194,288.271420,285.728120
2009-10-16,291.504114,290.605470,285.562227
2009-10-19,301.306751,301.081177,292.400613
2009-10-20,303.888761,303.560330,296.859209
2009-10-21,303.181303,301.886992,295.985143
2009-10-22,300.900636,300.260814,294.004010
2009-10-23,307.334019,306.725471,299.518313
2009-10-26,306.507422,307.591749,299.416231
2009-10-27,297.255313,298.365926,291.126756
2009-10-28,299.500291,301.285032,292.319580
2009-10-29,291.222919,292.612607,285.608769
2009-10-30,293.529689,294.733519,288.973999
2009-11-02,305.240683,305.644317,298.246946
2009-11-03,308.674147,309.584800,301.486557
2009-11-04,309.073909,309.853942,303.145071
2009-11-05,309.456647,311.713910,304.664504
2009-11-06,311.845507,314.700464,306.137709
2009-11-09,312.185202,315.587352,307.194427
2009-11-10,314.392974,317.604867,307.867961
2009-11-11,313.135546,317.133428,307.404006
2009-11-12,312.920991,316.734578,307.634966
2009-11-13,313.703293,317.821341,309.325480
2009-11-16,325.938393,328.850016,318.274332
2009-11-17,324.896849,328.106860,318.487155
2009-11-18,323.366296,327.230391,319.210077
2009-11-19,323.980444,328.229662,320.177055
2009-11-20,323.669748,328.077915,319.063345
2009-11-23,326.985317,332.288135,321.856772
2009-11-24,317.020982,320.820284,311.813991
2009-11-25,323.957667,329.115012,318.669574
2009-11-26,311.505357,318.541122,306.058299
2009-11-27,299.915887,305.575264,297.737551
2009-11-30,312.714688,317.372665,308.816413
2009-12-01,315.802607,320.850491,313.295931
2009-12-02,320.246357,326.999254,316.212101
2009-12-03,319.385313,325.524354,315.819510
2009-12-04,324.419621,326.011575,320.310286
2009-12-07,326.520720,328.624573,322.268472
2009-12-08,322.909510,325.347277,318.407734
2009-12-09,316.930227,320.579113,312.624440
2009-12-10,318.573256,322.488342,314.515998
2009-12-11,317.498229,321.501452,314.231065
2009-12-14,319.027531,321.751418,318.443959
2009-12-15,315.747180,318.639748,315.686471
2009-12-16,313.691845,316.571724,313.799610
2009-12-17,306.693325,308.447139,306.837689
2009-12-18,296.069180,296.357170,300.029491
2009-12-21,298.001884,298.980406,300.674128
2009-12-22,287.853024,288.852022,293.744565
2009-12-23,290.165473,291.691788,296.430233
2009-12-24,300.493346,302.710149,305.049322
2009-12-25,298.709301,301.430317,303.872301
2009-12-28,304.433402,305.940517,308.287522
2009-12-29,306.350277,306.347577,310.410965
2009-12-30,310.570339,308.889671,315.341307
2009-12-31,311.573429,309.633137,316.727664
2010-01-04,306.584186,306.199371,313.203843
2010-01-05,308.208364,306.978627,315.713425
2010-01-06,306.671320,305.924926,313.480431
2010-01-07,301.980107,300.514658,306.957180
2010-01-08,303.102773,300.514556,307.819082
2010-01-11,302.034899,299.117844,308.112833
2010-01-12,304.866410,302.941458,313.290276
2010-01-13,292.211858,293.340029,303.444759
2010-01-14,296.486431,298.151811,307.816298
2010-01-15,297.819173,301.304078,308.751190
2010-01-18,296.854499,302.714743,310.456859
2010-01-19,298.100762,303.958462,310.662534
2010-01-20,288.238683,294.724015,300.793972
2010-01-21,288.283979,294.191542,302.119101
2010-01-22,283.024045,288.284167,298.732054
2010-01-25,280.454045,285.065592,295.332779
2010-01-26,270.502766,273.391379,288.857880
2010-01-27,267.431354,270.209833,285.221045
2010-01-28,268.695380,271.442028,286.231841
2010-01-29,267.719831,271.158788,285.889889
2010-02-01,261.514182,266.483835,281.309217
2010-02-02,261.456674,266.401480,280.813113
2010-02-03,271.082799,274.294094,287.800028
2010-02-04,269.582311,273.637042,286.962755
2010-02-05,263.055245,266.304326,281.734240
2010-02-08,263.684661,267.117527,281.444405
2010-02-09,264.464327,268.486301,282.537896
2010-02-10,268.670512,272.991956,286.146631
2010-02-11,269.362509,273.882041,286.716429
2010-02-12,271.633036,275.748067,289.442730
2010-02-22,270.447591,274.531878,287.881800
2010-02-23,267.424054,272.467963,285.253173
2010-02-24,271.541227,277.013185,289.356581
2010-02-25,276.676454,282.153402,293.391762
2010-02-26,275.837084,281.736950,292.411008
2010-03-01,279.579606,285.488500,295.866327
2010-03-02,277.542671,282.901249,294.654892
2010-03-03,279.052301,284.744330,296.667534
2010-03-04,270.980767,276.535809,290.046079
2010-03-05,272.747876,277.940270,290.553462
2010-03-08,276.215575,281.225585,292.528706
2010-03-09,279.215315,283.750573,293.989786
2010-03-10,276.037333,279.967880,291.841925
2010-03-11,275.594053,277.880392,291.777225
2010-03-12,271.862480,273.621434,288.094613
2010-03-15,268.755849,270.293282,283.394695
2010-03-16,271.552118,272.406378,285.348009
2010-03-17,277.410207,278.903187,291.152466
2010-03-18,277.263275,279.705544,290.409882
2010-03-19,279.504062,282.681164,292.751155
2010-03-22,280.067694,283.302725,293.278306
2010-03-23,278.845836,282.108977,291.229051
2010-03-24,280.170096,282.911448,291.757042
2010-03-25,275.647282,278.041576,288.089008
2010-03-26,278.785270,281.654528,292.088119
2010-03-29,285.646914,287.990098,299.383905
2010-03-30,287.272030,289.832423,299.820185
2010-03-31,284.322582,287.294822,297.437930
2010-04-01,288.862965,291.641582,301.110168
2010-04-02,290.686785,294.507092,301.991960
2010-04-06,290.826565,295.119862,301.444716
2010-04-07,290.427902,295.003734,300.077578
2010-04-08,286.543116,292.756473,296.717095
2010-04-09,290.620799,296.746500,299.087496
2010-04-12,289.595194,296.140190,296.335505
2010-04-13,291.213829,297.441939,300.310506
2010-04-14,294.925616,301.385877,300.600867
2010-04-15,294.602622,301.035042,300.266143
2010-04-16,292.312682,298.300225,296.846321
2010-04-19,278.145259,283.490998,281.849787
2010-04-20,278.606821,285.506410,280.848682
2010-04-21,286.364163,293.388904,285.692613
2010-04-22,285.539998,292.578023,282.243532
2010-04-23,284.224311,291.713445,280.850136
2010-04-26,284.459448,292.282363,279.336325
2010-04-27,280.556757,287.466399,274.451252
2010-04-28,280.019277,285.766139,273.767349
2010-04-29,272.871587,277.717405,271.726703
2010-04-30,270.302280,275.462331,272.965945
2010-05-04,269.469796,274.826323,269.151141
2010-05-05,271.156847,277.203922,270.122304
2010-05-06,258.786559,264.398424,258.948314
2010-05-07,251.209496,256.134715,254.191942
2010-05-10,251.184532,255.262883,256.161002
2010-05-11,246.696932,250.512845,251.533293
2010-05-12,245.676939,249.412742,253.861066
2010-05-13,254.974501,258.533274,259.640828
2010-05-14,253.755997,257.985158,257.739130
2010-05-17,239.530864,243.636429,244.976491
2010-05-18,244.251736,248.143380,248.707041
2010-05-19,244.863579,248.561052,248.215704
2010-05-20,241.874671,244.694782,245.633428
2010-05-21,246.589730,248.932630,249.037615
2010-05-24,257.246324,260.365837,257.258372
2010-05-25,253.115683,256.097536,251.947467
2010-05-26,251.933169,255.154332,252.248655
2010-05-27,256.648160,260.441729,254.395489
2010-05-28,257.337493,260.911125,254.066892
2010-05-31,250.873239,254.619339,248.427407
2010-06-01,247.476176,251.207656,246.365220
2010-06-02,249.909812,253.462607,245.789622
2010-06-03,248.368612,251.885347,244.290448
2010-06-04,248.526553,251.860795,243.924287
2010-06-07,243.606255,246.686893,239.288486
2010-06-08,245.764093,249.260800,238.996460
2010-06-09,252.141413,256.567287,245.959490
2010-06-10,250.134769,254.957336,242.874045
2010-06-11,250.950135,255.933979,243.803204
2010-06-17,247.475008,252.229433,242.938608
2010-06-18,240.490386,244.930201,239.181881
2010-06-21,246.759450,251.522981,246.555193
2010-06-22,246.869137,252.301669,246.760245
2010-06-23,245.535205,250.568508,244.603355
2010-06-24,244.418745,249.945538,244.177914
2010-06-25,242.450529,246.981150,243.023562
2010-06-28,239.767909,244.329685,241.540138
2010-06-29,229.286904,232.826392,231.788612
2010-06-30,227.516159,230.384255,229.132600
2010-07-01,224.256592,226.260578,226.695187
2010-07-02,221.735275,223.905765,227.534617
2010-07-05,219.075825,220.983101,225.895929
2010-07-06,225.169980,227.898395,230.448754
2010-07-07,228.061475,230.996913,231.508188
2010-07-08,228.990231,231.566644,231.289681
2010-07-09,237.682808,239.253558,236.639533
2010-07-12,240.152328,241.672676,238.855007
2010-07-13,237.856963,238.748208,235.180490
2010-07-14,238.835535,240.233352,236.591771
2010-07-15,235.365339,235.231524,232.392552
2010-07-16,237.738263,237.192192,232.439728
2010-07-19,245.053231,244.398131,237.801270
2010-07-20,251.335928,251.067162,242.749265
2010-07-21,252.134167,251.101241,243.440071
2010-07-22,255.056569,254.396853,246.089073
2010-07-23,255.960396,255.663106,247.234773
2010-07-26,259.008979,259.447094,248.569701
2010-07-27,257.397580,258.188300,247.140496
2010-07-28,263.399943,264.236685,252.831123
2010-07-29,264.656237,265.977561,253.904018
2010-07-30,263.450209,264.428303,252.970468
2010-08-02,269.549606,269.967365,256.837943
2010-08-03,265.884764,266.406121,252.366477
2010-08-04,268.438257,268.985861,252.813288
2010-08-05,268.700942,269.135729,250.465523
2010-08-06,272.039183,273.376825,254.021003
2010-08-09,275.190926,277.486147,254.913190
2010-08-10,267.502255,269.160486,247.999808
2010-08-11,269.568924,271.445677,249.226679
2010-08-12,266.128927,268.843119,246.175611
2010-08-13,270.160715,273.842989,249.060143
2010-08-16,276.918656,280.287396,254.548483
2010-08-17,279.379193,282.672148,255.501225
2010-08-18,280.922123,283.313356,255.037420
2010-08-19,282.279196,285.164552,257.007372
2010-08-20,274.836225,277.085373,252.817637
2010-08-23,275.315437,277.898248,252.311773
2010-08-24,277.717226,281.114323,253.125781
2010-08-25,272.075909,274.979168,247.669167
2010-08-26,272.834723,275.981971,248.184837
2010-08-27,274.973511,277.993539,248.631022
2010-08-30,282.460608,284.539235,252.773409
2010-08-31,282.785447,284.600072,251.136620
2010-09-01,279.987331,282.085462,249.784158
2010-09-02,287.123246,287.521307,252.880586
2010-09-03,288.624908,288.209841,252.735342
2010-09-06,291.018614,291.437981,257.278010
2010-09-07,292.779351,293.590357,257.744695
2010-09-08,296.112878,296.467111,257.130993
2010-09-09,290.742134,291.609420,252.893287
2010-09-10,294.687183,295.157475,253.323476
2010-09-13,297.820617,299.154168,255.561346
2010-09-14,299.067685,300.109385,255.419794
2010-09-15,292.385622,294.023649,251.404673
2010-09-16,286.250542,287.752707,246.754701
2010-09-17,288.892047,290.597105,246.882381
2010-09-20,287.659904,287.475893,246.314173
2010-09-21,289.008811,288.838645,247.041923
2010-09-27,296.645541,297.551449,250.297376
2010-09-28,298.306570,298.796062,248.270709
2010-09-29,295.338485,295.046283,248.322172
2010-09-30,299.265640,299.412112,252.838692
2010-10-08,309.989000,308.652369,261.120458
2010-10-11,307.430052,306.443432,268.505618
2010-10-12,308.894241,307.460762,271.722991
2010-10-13,308.322796,307.916537,275.024389
2010-10-14,301.111796,300.779813,277.016825
2010-10-15,306.707321,303.907437,287.525984
2010-10-18,303.367752,300.518931,286.762988
2010-10-19,313.412253,309.830561,291.435232
2010-10-20,320.133904,316.016206,292.678565
2010-10-21,322.649163,320.199541,290.321317
2010-10-22,325.120393,323.111635,289.954229
2010-10-25,334.551295,330.983006,297.455470
2010-10-26,335.322685,331.924668,295.448353
2010-10-27,327.606873,325.627176,290.870570
2010-10-28,327.091355,324.914473,290.414729
2010-10-29,329.455904,329.087365,288.133014
2010-11-01,338.330322,337.698056,295.505809
2010-11-02,333.363029,334.466543,294.348506
2010-11-03,327.161601,328.003927,292.421832
2010-11-04,336.006102,337.436649,296.923926
2010-11-05,338.244362,341.118760,300.583218
2010-11-08,341.684632,346.032781,302.485181
2010-11-09,345.462771,350.057431,300.028436
2010-11-10,348.975861,351.211367,297.631229
2010-11-11,344.293751,346.498610,298.860592
2010-11-12,322.754591,324.385929,282.512383
2010-11-15,333.135998,334.871152,285.626571
2010-11-16,321.923587,323.949207,274.358960
2010-11-17,307.509458,308.680030,269.954202
2010-11-18,312.437735,313.915325,273.420304
2010-11-19,319.292745,321.569260,275.176468
2010-11-22,321.548052,324.004794,274.128221
2010-11-23,317.282456,319.984355,269.385150
2010-11-24,327.359396,331.084011,270.660564
2010-11-25,330.933608,334.286770,274.152697
2010-11-26,330.253359,332.875421,271.682153
2010-11-29,333.377420,336.436767,271.262396
2010-11-30,326.175812,329.994636,266.667581
2010-12-01,323.293406,327.131573,266.987347
2010-12-02,323.756246,327.588165,269.034362
2010-12-03,321.757018,324.755336,269.160722
2010-12-06,319.208844,321.354873,270.054851
2010-12-07,324.349072,326.705763,271.873111
2010-12-08,323.564400,326.627934,269.122714
2010-12-09,315.672606,319.264413,265.502722
2010-12-10,318.428625,321.806380,268.320525
2010-12-13,327.049685,331.574584,275.851186
2010-12-14,328.501070,333.501397,276.335993
2010-12-15,326.424514,331.007257,274.395189
2010-12-16,326.141022,330.385671,273.107914
2010-12-17,325.822636,330.260428,272.520364
2010-12-20,319.007212,324.665771,268.755201
2010-12-21,320.584176,327.159168,273.939578
2010-12-22,318.583312,324.650661,271.240050
2010-12-23,315.063730,320.824690,269.492359
2010-12-24,309.910146,315.259927,267.857830
2010-12-27,301.842054,306.874436,263.287596
2010-12-28,297.204304,300.932326,258.883960
2010-12-29,302.476967,305.988776,260.147886
2010-12-30,304.546734,307.990573,260.774957
2010-12-31,310.997915,314.731265,265.059003
2011-01-04,313.158394,317.173196,269.458357
2011-01-05,308.975330,315.118166,267.840962
2011-01-06,308.520635,315.761400,266.537317
2011-01-07,307.427165,314.023517,268.617393
2011-01-10,299.841255,306.209792,264.232715
2011-01-11,298.360341,304.503499,266.117560
2011-01-12,299.942053,305.888382,267.869630
2011-01-13,302.086609,307.147869,268.383073
2011-01-14,298.647323,302.801978,265.080585
2011-01-17,285.936464,289.579278,256.384846
2011-01-18,287.876389,291.285595,257.049927
2011-01-19,293.497339,297.586789,261.457321
2011-01-20,282.403989,287.289795,253.754776
2011-01-21,282.101846,287.940819,257.669135
2011-01-24,276.274247,281.829564,255.692168
2011-01-25,274.082051,279.475829,254.794170
2011-01-26,278.852401,283.959837,257.521840
2011-01-27,283.654855,289.480357,261.085646
2011-01-28,288.282116,294.786870,261.463949
2011-01-31,291.506664,299.007722,264.363686
2011-02-01,291.872376,299.089891,264.492636
2011-02-09,287.809042,295.585390,261.789444
2011-02-10,297.446624,304.911992,266.573997
2011-02-11,301.087248,307.997927,267.711667
2011-02-14,309.057302,315.698481,275.659290
2011-02-15,309.744171,316.619723,275.190123
2011-02-16,313.872724,321.417794,277.428756
2011-02-17,313.129132,321.790681,277.037581
2011-02-18,310.543475,318.526151,274.543933
2011-02-21,315.237176,324.626980,277.350971
2011-02-22,305.655672,314.989861,269.523098
2011-02-23,307.501595,317.941888,269.607829
2011-02-24,308.921918,318.666910,270.575613
2011-02-25,308.865840,318.228714,271.180973
2011-02-28,313.303001,323.501284,274.083869
2011-03-01,314.236430,323.911288,275.581902
2011-03-02,312.467985,322.330365,275.023808
2011-03-03,307.436412,317.336821,274.240034
2011-03-04,310.779913,320.916678,278.357214
2011-03-07,315.575498,325.371102,283.120809
2011-03-08,317.226046,327.202921,283.196396
2011-03-09,316.225857,326.598614,283.463750
2011-03-10,314.103657,323.859091,278.436479
2011-03-11,311.915608,322.345843,275.648011
2011-03-14,315.432837,327.132009,276.438442
2011-03-15,309.550225,320.664107,271.991953
2011-03-16,312.255366,323.104708,275.447419
2011-03-17,306.655835,317.307063,271.954316
2011-03-18,307.719688,318.816687,273.047936
2011-03-21,306.378333,316.996067,273.499938
2011-03-22,307.481839,318.298897,274.608187
2011-03-23,312.475379,323.232663,277.285942
2011-03-24,311.747535,322.134033,276.894145
2011-03-25,314.986924,325.707874,280.005665
2011-03-28,312.642739,322.912205,280.176228
2011-03-29,304.679090,314.466534,277.792881
2011-03-30,306.979952,315.865031,278.081546
2011-03-31,304.072875,311.775575,275.668970
2011-04-01,306.697249,314.378188,279.163125
2011-04-06,307.194013,314.636336,282.426760
2011-04-07,310.346420,316.503205,282.759193
2011-04-08,314.964172,321.188506,284.891649
2011-04-11,313.833709,320.235442,284.035854
2011-04-12,311.347971,317.852408,283.646143
2011-04-13,314.039587,321.374841,286.347066
2011-04-14,310.890085,318.503093,285.091728
2011-04-15,309.390546,317.208211,285.702727
2011-04-18,306.728871,314.852801,286.027374
2011-04-19,301.563229,310.137075,280.259528
2011-04-20,303.411324,313.467442,280.564661
2011-04-21,307.273463,316.176006,282.338619
2011-04-22,307.322989,315.258666,280.770392
2011-04-25,300.600761,309.029678,276.778945
2011-04-26,298.048946,306.916613,275.062052
2011-04-27,295.487947,303.213053,274.152491
2011-04-28,286.212823,293.093275,271.531115
2011-04-29,292.425214,298.970139,273.499101
2011-05-03,294.331408,300.449095,274.823907
2011-05-04,286.640351,293.356600,268.078800
2011-05-05,285.450124,293.174637,268.332380
2011-05-06,286.609525,295.042661,266.898241
2011-05-09,289.301399,297.088326,267.252814
2011-05-10,290.140951,297.978103,268.771626
2011-05-11,290.030051,297.354563,267.975178
2011-05-12,284.783660,292.625017,264.453845
2011-05-13,286.074226,294.203533,266.895439
2011-05-16,282.363410,291.206878,264.468887
2011-05-17,283.705983,291.247099,265.418328
2011-05-18,286.052105,293.406628,267.300594
2011-05-19,284.529645,292.799008,266.173468
2011-05-20,283.637928,292.184854,266.243406
2011-05-23,274.811762,282.489339,258.846260
2011-05-24,276.709476,283.924669,258.105911
2011-05-25,274.587781,281.932357,255.942266
2011-05-26,272.213282,278.660666,255.731152
2011-05-27,268.762375,274.127880,255.106834
2011-05-30,266.061645,271.234875,255.649155
2011-05-31,273.192311,277.394361,258.690980
2011-06-01,275.098018,279.796776,258.070010
2011-06-02,272.627151,277.093080,254.312607
2011-06-03,276.479029,280.725195,256.074422
2011-06-07,277.976027,282.867769,257.582975
2011-06-08,278.383429,283.820798,258.058848
2011-06-09,271.886870,276.942652,254.179639
2011-06-10,272.760699,278.053458,254.285633
2011-06-13,271.574501,276.884243,253.790462
2011-06-14,277.189561,281.027043,256.616165
2011-06-15,273.771283,277.608370,254.066626
2011-06-16,268.783046,272.100380,250.678890
2011-06-17,264.330174,266.606663,249.426043
2011-06-20,261.912343,263.638140,247.314044
2011-06-21,266.871815,268.127652,249.759220
2011-06-22,267.361737,268.446196,250.113608
2011-06-23,275.165251,275.476268,253.883687
2011-06-24,281.489618,283.066974,259.234336
2011-06-27,282.722208,284.838024,259.588190
2011-06-28,285.313260,286.688605,259.620974
2011-06-29,281.635467,283.429331,256.884105
2011-06-30,285.328818,287.053071,260.045532
2011-07-01,286.106041,287.814621,259.819538
2011-07-04,294.089475,295.736173,264.862299
2011-07-05,295.744253,297.977012,264.901896
2011-07-06,296.475015,299.138728,264.351582
2011-07-07,294.507618,298.593415,262.489024
2011-07-08,294.497954,298.884090,262.910763
2011-07-11,297.389034,301.359237,263.026947
2011-07-12,293.177325,297.260069,258.456385
2011-07-13,298.455285,302.635475,261.960090
2011-07-14,299.972244,304.043586,262.790153
2011-07-15,302.510926,307.426997,263.557648
2011-07-18,301.640016,307.381597,262.772813
2011-07-19,298.184968,303.419216,261.077664
2011-07-20,297.762307,303.094441,260.742739
2011-07-21,295.346842,300.611513,258.483687
2011-07-22,297.041882,301.941423,259.044242
2011-07-25,287.225079,290.546893,252.116746
2011-07-26,287.271600,291.181933,253.582814
2011-07-27,290.395542,294.877033,255.033390
2011-07-28,288.942783,293.846983,253.727813
2011-07-29,285.251049,290.039685,253.331550
2011-08-01,286.390506,290.607087,253.306775
2011-08-02,284.947234,288.532931,250.977846
2011-08-03,285.458121,288.524219,250.619737
2011-08-04,287.378674,290.143933,250.959501
2011-08-05,282.834427,285.720390,245.588604
2011-08-08,272.368647,274.996639,237.044311
2011-08-09,272.816228,275.361112,237.230265
2011-08-10,275.588849,277.861304,239.234937
2011-08-11,279.265306,282.447321,242.157835
2011-08-12,281.433235,285.352434,242.813105
2011-08-15,286.037729,289.441285,245.928106
2011-08-16,284.016484,287.078509,244.221191
2011-08-17,281.973222,285.155651,243.516188
2011-08-18,276.348657,279.964670,239.696318
2011-08-19,273.153870,277.772772,237.360599
2011-08-22,268.379499,273.365972,235.156273
2011-08-23,272.029993,277.179662,238.513184
2011-08-24,271.611947,276.944478,237.316160
2011-08-25,278.214496,283.059526,244.876261
2011-08-26,278.090508,284.020599,244.418146
2011-08-29,275.127101,281.711952,240.817271
2011-08-30,272.967555,278.667817,240.261158
2011-08-31,273.315073,278.631429,240.725835
2011-09-01,270.913601,275.930222,239.838847
2011-09-02,268.391658,273.047018,237.355507
2011-09-05,260.049961,265.419167,232.767567
2011-09-06,255.836739,261.979527,231.723945
2011-09-07,261.212365,267.808217,235.925759
2011-09-08,258.487963,265.642522,234.510868
2011-09-09,256.784895,263.991592,234.612161
2011-09-13,252.235480,258.815741,232.384364
2011-09-14,252.891673,260.614229,233.212101
2011-09-15,252.992703,260.798225,232.666382
2011-09-16,253.709960,261.306386,233.165857
2011-09-19,248.880281,255.037371,229.032489
2011-09-20,249.662246,256.598486,229.824303
2011-09-21,258.069179,265.873116,235.904591
2011-09-22,249.909377,257.721534,229.219442
2011-09-23,247.360261,255.545678,228.177919
2011-09-26,242.328686,251.152806,224.259884
2011-09-27,244.890882,253.435362,226.641720
2011-09-28,242.898664,250.967313,224.995198
2011-09-29,239.231923,246.349670,223.684404
2011-09-30,239.327211,245.880060,223.254522
2011-10-10,235.845668,241.757202,221.725771
2011-10-11,231.497332,236.600276,221.751129
2011-10-12,238.697955,243.985277,228.254517
2011-10-13,240.877947,246.452710,229.851478
2011-10-14,239.394968,245.545784,229.136513
2011-10-17,242.033811,247.136561,230.210482
2011-10-18,234.720676,238.045603,224.942160
2011-10-19,232.867775,235.623119,224.413424
2011-10-20,224.749184,227.439181,220.276787
2011-10-21,222.520230,223.833126,219.196138
2011-10-24,228.381112,229.328904,224.592405
2011-10-25,234.249798,236.801730,228.064092
2011-10-26,237.342691,239.341552,229.891782
2011-10-27,237.223419,239.103095,230.590607
2011-10-28,243.249082,246.060734,234.164250
2011-10-31,242.060158,245.614585,233.074275
2011-11-01,241.599353,245.037415,233.182468
2011-11-02,243.612835,247.184236,236.403809
2011-11-03,245.227076,249.672685,236.854555
2011-11-04,246.924982,251.803479,238.764393
2011-11-07,245.583430,250.813484,236.676163
2011-11-08,245.187560,250.630167,236.660967
2011-11-09,247.398631,253.774479,238.430627
2011-11-10,243.010249,249.147680,233.949475
2011-11-11,242.143309,248.990112,233.985620
2011-11-14,247.302587,254.812859,238.519707
2011-11-15,246.221618,255.022548,237.882831
2011-11-16,240.285560,248.053763,231.893582
2011-11-17,240.029619,248.087184,231.398380
2011-11-18,233.940260,240.926380,227.371451
2011-11-21,234.131335,240.680827,227.344915
2011-11-22,235.282318,240.667231,227.124372
2011-11-23,234.292175,238.617799,225.263230
2011-11-24,233.949936,238.605439,225.862542
2011-11-25,234.331951,238.002425,224.315511
2011-11-28,235.173021,239.058142,224.712844
2011-11-29,237.534814,242.845654,227.292050
2011-11-30,229.784163,233.756515,220.364942
2011-12-01,234.426971,238.858467,225.706805
2011-12-02,231.563653,234.960440,223.765681
2011-12-05,224.886236,228.142761,221.856819
2011-12-06,224.600148,228.249978,221.251892
2011-12-07,225.409306,228.771905,221.902865
2011-12-08,224.383783,227.442502,221.553620
2011-12-09,220.540656,223.241564,220.183623
2011-12-12,217.750901,219.873747,217.911261
2011-12-13,212.223423,213.512535,214.643579
2011-12-14,209.379897,209.712291,213.134967
2011-12-15,202.979916,202.464032,208.681276
2011-12-16,208.110896,207.787143,212.709489
2011-12-19,206.432250,206.553593,211.984662
2011-12-20,206.062808,205.778310,211.813794
2011-12-21,201.955433,201.322376,209.679300
2011-12-22,203.788644,202.436746,209.996659
2011-12-23,206.046165,204.354959,211.804577
2011-12-26,202.961214,202.195019,210.061360
2011-12-27,198.602517,197.889825,208.046368
2011-12-28,199.280223,197.919552,208.719530
2011-12-29,199.635355,197.493549,209.271226
2011-12-30,203.148292,201.682368,211.578368
2012-01-04,197.166286,195.538602,208.758869
2012-01-05,193.611243,190.519870,207.707933
2012-01-06,195.291903,192.108663,209.255758
2012-01-09,202.833291,201.456383,215.034291
2012-01-10,212.102577,211.136348,220.680884
2012-01-11,211.913265,212.371096,219.489447
2012-01-12,211.364092,211.467375,219.441875
2012-01-13,208.260075,207.618216,217.320973
2012-01-16,199.648073,198.781026,213.835137
2012-01-17,211.463921,212.493425,222.412717
2012-01-18,207.920609,208.731863,219.208600
2012-01-19,212.562473,213.695159,222.648026
2012-01-20,215.805620,215.899234,225.029065
2012-01-30,213.093243,212.947498,221.260038
2012-01-31,214.328429,213.883930,221.858308
2012-02-01,210.599949,209.964509,219.358624
2012-02-02,214.415449,214.777847,223.763516
2012-02-03,215.560206,216.651449,225.065242
2012-02-06,217.133547,218.021602,224.790948
2012-02-07,213.348714,214.563971,220.908292
2012-02-08,221.072176,223.135621,226.553878
2012-02-09,221.572184,223.688194,226.556859
2012-02-10,221.903245,223.770274,226.563010
2012-02-13,222.741856,224.610743,226.070115
2012-02-14,221.848203,223.781398,225.143926
2012-02-15,224.345516,226.548320,226.984582
2012-02-16,221.998239,224.339173,225.698490
2012-02-17,221.803274,223.927814,225.844464
2012-02-20,221.958404,223.994816,226.491673
2012-02-21,223.989671,226.607863,228.118996
2012-02-22,227.084128,230.560216,230.072256
2012-02-23,229.334081,232.364830,230.802606
2012-02-24,233.371504,235.886287,233.813322
2012-02-27,234.099537,236.788239,234.675718
2012-02-28,234.333311,236.159358,235.280553
2012-02-29,234.566202,235.110703,233.036379
2012-03-01,233.739700,234.705947,232.428532
2012-03-02,236.792793,238.656621,235.810311
2012-03-05,236.396521,238.290588,233.766223
2012-03-06,231.607783,233.859651,230.119960
2012-03-07,228.335567,230.628067,228.596709
2012-03-08,231.281948,233.914409,230.796742
2012-03-09,237.098357,239.431893,232.584874
2012-03-12,237.520265,240.429236,231.598210
2012-03-13,239.008677,241.696667,233.675327
2012-03-14,232.923730,234.564958,228.449696
2012-03-15,231.733282,232.814746,227.373074
2012-03-16,237.231098,238.031701,229.951078
2012-03-19,236.900749,238.777238,230.067794
2012-03-20,234.823056,235.610622,227.164719
2012-03-21,234.718248,236.094612,227.164146
2012-03-22,235.109812,235.565364,226.884137
2012-03-23,233.589708,232.726886,224.727537
2012-03-26,234.876564,233.325173,225.001222
2012-03-27,233.836512,232.286374,224.510926
2012-03-28,229.744963,226.110387,219.187977
2012-03-29,227.880452,223.838282,216.212609
2012-03-30,229.391225,223.934072,217.457384
2012-04-05,232.088039,229.765502,220.938183
2012-04-06,232.400165,230.276380,221.273355
2012-04-09,230.946623,228.613955,219.352585
2012-04-10,232.404081,230.881918,221.198733
2012-04-11,232.522657,230.889744,221.315302
2012-04-12,236.728154,235.057180,225.263757
2012-04-13,237.157093,236.050362,225.819298
2012-04-16,236.443154,235.387777,225.241136
2012-04-17,233.838535,232.241825,223.123658
2012-04-18,238.026752,236.912798,227.367152
2012-04-19,237.457849,236.118696,226.995809
2012-04-20,240.468105,238.259319,229.770165
2012-04-23,238.849576,236.609212,228.042923
2012-04-24,239.660409,235.938856,228.291761
2012-04-25,240.893506,238.194432,229.719836
2012-04-26,240.858516,238.217296,229.869160
2012-04-27,241.345392,238.889614,229.519860
2012-05-02,245.294221,243.591250,234.213096
2012-05-03,244.474406,243.856916,234.320052
2012-05-04,246.701764,247.186326,235.567701
2012-05-07,246.613638,247.962566,235.357838
2012-05-08,246.369655,248.216871,234.553290
2012-05-09,242.820479,243.903935,230.428588
2012-05-10,242.763612,244.239506,230.341182
2012-05-11,240.829618,242.353005,228.744402
2012-05-14,238.909768,239.238256,227.194318
2012-05-15,238.344457,240.221350,226.778291
2012-05-16,234.994703,236.317994,223.674002
2012-05-17,237.411334,239.230664,226.628584
2012-05-18,233.865890,235.632968,223.379267
2012-05-21,235.433700,238.245749,224.347848
2012-05-22,238.014990,241.548220,226.747718
2012-05-23,236.196990,240.261954,225.715957
2012-05-24,234.527998,237.684332,224.375353
2012-05-25,233.296719,235.793484,222.893583
2012-05-28,236.150461,238.783715,225.644079
2012-05-29,238.379506,242.011161,227.987745
2012-05-30,237.730084,241.409821,227.242010
2012-05-31,236.934212,240.927392,226.134361
2012-06-01,237.446836,241.121208,226.369458
2012-06-04,232.000348,234.674400,220.622891
2012-06-05,233.170407,234.884401,220.969438
2012-06-06,232.690648,233.918143,220.840684
2012-06-07,231.418125,232.405264,219.128158
2012-06-08,229.255330,230.443069,217.790071
2012-06-11,229.759096,233.655842,220.028688
2012-06-12,228.622322,232.586810,218.546140
2012-06-13,231.348990,235.923213,220.969297
2012-06-14,226.863390,234.514157,218.490264
2012-06-15,228.203382,234.610471,219.567362
2012-06-18,228.563057,235.131448,220.222648
2012-06-19,227.046646,232.468389,218.588425
2012-06-20,226.844011,231.774972,218.570539
2012-06-21,224.110807,228.806545,215.368094
2012-06-25,221.417150,223.256736,211.857783
2012-06-26,220.491644,222.413429,211.691419
2012-06-27,220.245634,221.722950,211.273536
2012-06-28,218.563884,219.499548,209.606555
2012-06-29,221.819165,223.229514,212.329699
2012-07-02,221.939386,224.907815,212.279155
2012-07-03,222.846252,225.950070,212.765188
2012-07-04,223.471835,225.883509,212.711648
2012-07-05,222.083730,223.255788,210.775455
2012-07-06,223.857116,227.525398,212.987224
2012-07-09,218.208025,222.487545,207.831131
2012-07-10,217.535363,221.509942,207.530891
2012-07-11,218.748658,224.203115,208.748761
2012-07-12,219.842147,225.958999,209.662290
2012-07-13,220.807408,226.264660,210.059863
2012-07-16,218.735483,221.431523,207.062507
2012-07-17,219.200802,221.911627,208.171223
2012-07-18,218.396729,221.274982,208.474356
2012-07-19,218.194553,221.317902,209.568201
2012-07-20,215.769618,219.156247,207.712839
2012-07-23,212.729853,216.386195,204.881333
2012-07-24,212.770024,217.427656,205.293207
2012-07-25,211.855599,215.273564,204.392801
2012-07-26,211.012078,213.415732,203.533584
2012-07-27,212.232018,213.466384,204.043809
2012-07-30,212.599167,212.957605,203.038850
2012-07-31,213.664374,212.005730,203.214717
2012-08-01,214.921796,214.498731,205.111660
2012-08-02,213.811406,211.884251,203.579961
2012-08-03,215.417709,214.321415,205.281827
2012-08-06,216.842495,218.155616,207.040511
2012-08-07,216.557728,219.043934,206.897648
2012-08-08,217.396933,219.332354,207.387874
2012-08-09,218.891589,222.498611,208.539159
2012-08-10,217.635086,219.995577,207.805074
2012-08-13,216.142591,216.721142,204.875345
2012-08-14,216.845839,216.757271,205.338783
2012-08-15,214.281447,214.601446,203.251711
2012-08-16,213.268305,212.848365,202.567313
2012-08-17,212.813652,211.994450,202.515488
2012-08-20,212.200191,211.185867,201.567911
2012-08-21,212.690128,212.903291,202.283765
2012-08-22,211.527931,210.573523,201.127504
2012-08-23,211.550906,211.893537,201.381682
2012-08-24,210.413346,209.558965,199.675965
2012-08-27,208.154584,205.352617,196.268722
2012-08-28,209.126161,205.603001,198.021434
2012-08-29,207.185558,202.835540,195.885586
2012-08-30,207.367553,201.757281,196.292585
2012-08-31,206.577123,201.659711,195.561494
2012-09-03,206.941866,204.256553,196.676402
2012-09-04,205.328294,201.941569,195.083255
2012-09-05,203.490598,201.500672,194.259822
2012-09-06,204.756817,202.672903,195.450342
2012-09-07,212.712029,212.165001,202.984758
2012-09-10,212.579200,212.505729,203.510634
2012-09-11,211.199861,211.015201,201.996610
2012-09-12,211.093586,212.140922,202.389774
2012-09-13,209.945564,209.569157,201.031688
2012-09-14,212.174322,211.323383,202.632111
2012-09-17,208.250272,205.779755,198.571931
2012-09-18,205.670020,203.366161,196.473292
2012-09-19,205.069089,203.689747,197.049067
2012-09-20,201.715611,198.748978,193.213528
2012-09-21,202.189403,199.032812,193.880815
2012-09-24,204.426287,200.707641,194.565271
2012-09-25,205.819254,201.415692,194.502080
2012-09-26,203.787660,198.281308,192.358864
2012-09-27,210.009052,204.092931,197.830722
2012-09-28,213.525544,208.305617,200.816942
2012-10-08,210.699021,206.350771,199.211878
2012-10-09,215.076187,211.112040,203.036911
2012-10-10,214.589394,210.988142,203.266153
2012-10-11,212.069209,208.617247,201.833856
2012-10-12,212.067022,208.418534,202.065186
2012-10-15,213.378819,207.955015,201.590207
2012-10-16,213.357843,209.095559,201.550133
2012-10-17,211.365533,208.203867,202.127350
2012-10-18,214.127939,211.746543,204.663714
2012-10-19,214.318468,211.482062,204.409289
2012-10-22,214.984273,212.468443,204.729681
2012-10-23,211.400269,209.145351,202.691841
2012-10-24,211.424415,208.252911,202.621841
2012-10-25,209.832616,206.368165,201.365758
2012-10-26,206.644664,203.585287,198.148669
2012-10-29,205.494354,203.332997,197.393658
2012-10-30,206.143294,204.346020,197.753143
2012-10-31,207.467477,205.844327,198.453550
2012-11-01,212.558392,210.173171,201.949485
2012-11-02,213.454335,210.684316,202.947633
2012-11-05,211.979015,209.627177,202.524838
2012-11-06,211.001318,208.671972,201.781449
2012-11-07,210.387031,207.944228,201.737136
2012-11-08,207.462017,204.679538,198.699299
2012-11-09,206.293947,203.363750,198.335650
2012-11-12,206.122864,203.824416,199.187069
2012-11-13,202.977058,200.224543,196.283931
2012-11-14,204.312733,200.742832,197.191662
2012-11-15,202.868408,198.936554,194.956091
2012-11-16,200.129227,197.626926,193.193855
2012-11-19,197.862769,196.413610,193.049220
2012-11-20,197.169832,196.459976,192.281348
2012-11-21,199.974170,199.059762,194.341166
2012-11-22,198.435640,196.965603,193.019270
2012-11-23,200.754737,198.274478,194.246242
2012-11-26,198.942987,195.771762,193.122235
2012-11-27,197.383972,193.368521,191.745249
2012-11-28,195.403254,190.398508,190.442870
2012-11-29,193.912454,189.080836,189.608049
2012-11-30,196.875241,192.199673,191.095954
2012-12-03,194.285986,190.001300,189.137771
2012-12-04,196.303424,191.899803,190.717461
2012-12-05,202.263049,198.216695,196.087455
2012-12-06,201.758365,197.581342,195.807167
2012-12-07,204.444045,200.258440,198.798968
2012-12-10,206.355965,202.180416,200.515192
2012-12-11,205.437457,201.278628,199.672992
2012-12-12,206.877506,201.554933,200.555232
2012-12-13,204.927596,200.502686,198.560077
2012-12-14,214.796808,209.080701,207.260039
2012-12-17,215.536623,208.084845,208.144910
2012-12-18,214.509013,206.520583,208.355542
2012-12-19,214.586347,207.023292,208.464993
2012-12-20,215.795338,209.125933,209.129723
2012-12-21,215.087293,209.014950,207.666033
2012-12-24,214.894310,210.339654,208.005335
2012-12-25,220.466470,216.271162,213.417071
2012-12-26,221.671294,217.962725,213.706102
2012-12-27,220.723210,216.990026,212.695756
2012-12-28,224.688161,220.558941,215.398343
2012-12-31,230.113768,225.037050,218.969543
2013-01-04,230.534681,222.911974,219.693897
2013-01-07,231.343699,223.047250,220.206695
2013-01-08,229.612333,223.429441,218.823155
2013-01-09,229.647255,223.513917,218.891832
2013-01-10,229.656856,224.260265,219.591025
2013-01-11,226.123482,220.818546,216.103987
2013-01-14,234.998174,230.007896,222.868276
2013-01-15,235.791376,231.165860,223.593680
2013-01-16,232.380263,229.260886,221.800098
2013-01-17,230.242580,229.187523,219.429951
2013-01-18,233.787934,233.620943,222.513233
2013-01-21,233.143592,232.899099,223.445584
2013-01-22,232.321798,230.121816,222.513913
2013-01-23,234.210183,231.375655,222.962013
2013-01-24,232.980108,228.809958,221.715693
2013-01-25,229.937999,228.516601,220.573190
2013-01-28,235.232013,234.914369,225.781952
2013-01-29,237.002637,236.403664,226.841412
2013-01-30,239.422221,237.774276,229.277405
2013-01-31,238.459707,235.465423,229.171164
2013-02-01,245.116190,238.558051,232.789003
2013-02-04,243.325820,236.758756,233.480198
2013-02-05,244.845444,240.212998,233.968449
2013-02-06,245.892798,240.582889,233.813778
2013-02-07,244.558490,242.419161,232.064005
2013-02-08,245.030004,245.039689,233.348039
2013-02-18,239.426115,241.037037,231.458082
2013-02-19,235.066785,236.208693,227.658652
2013-02-20,237.170062,240.529406,228.655542
2013-02-21,230.306957,234.814441,221.554286
2013-02-22,229.558134,234.899137,220.280498
2013-02-25,229.261008,235.511834,221.012878
2013-02-26,225.748639,232.620837,217.882737
2013-02-27,228.289018,234.378166,219.968829
2013-02-28,234.730211,239.732455,225.069666
2013-03-01,233.248705,240.300224,224.102641
2013-03-04,221.997835,229.739093,215.623564
2013-03-05,227.937598,235.515699,220.540755
2013-03-06,230.630797,237.327005,222.406237
2013-03-07,228.352278,234.351929,220.461069
2013-03-08,228.007832,232.956912,220.053719
2013-03-11,226.857117,232.874891,219.125568
2013-03-12,223.647240,229.347001,217.371140
2013-03-13,221.028856,227.154989,215.257350
2013-03-14,221.721344,229.579280,215.670587
2013-03-15,221.436816,229.553526,216.576156
2013-03-18,219.673720,227.534261,212.770609
2013-03-19,221.921775,228.607019,214.580924
2013-03-20,231.398213,236.372084,220.476214
2013-03-21,232.047005,238.330775,220.823445
2013-03-22,232.363139,238.464981,221.107745
2013-03-25,232.303340,238.992950,220.723613
2013-03-26,229.253971,238.115201,217.831094
2013-03-27,231.232569,239.926929,218.183319
2013-03-28,222.561492,234.665916,212.273767
2013-03-29,220.567777,233.897620,212.038777
2013-04-01,221.504534,235.153246,211.794379
2013-04-02,219.688774,231.855233,211.543323
2013-04-03,218.461976,229.398441,211.584491
2013-04-08,218.807282,231.614001,210.157464
2013-04-09,219.988829,232.582694,211.373842
2013-04-10,218.757877,230.948224,211.556519
2013-04-11,218.728566,230.565925,210.960468
2013-04-12,217.536404,229.581940,209.833731
2013-04-15,217.109692,228.498307,207.383507
2013-04-16,220.458041,231.647906,208.849313
2013-04-17,221.049694,234.166156,208.716486
2013-04-18,222.190301,235.170165,209.088816
2013-04-19,229.733344,240.982814,213.717827
2013-04-22,229.747709,241.833725,213.150427
2013-04-23,221.919567,234.227969,207.432766
2013-04-24,227.427523,240.050435,210.568988
2013-04-25,224.061543,236.262317,208.895582
2013-04-26,222.722564,234.350245,207.289257
2013-05-02,225.517461,238.166268,207.004557
2013-05-03,230.541389,243.237786,209.933209
2013-05-06,233.007246,246.546292,212.393815
2013-05-07,233.004263,246.432348,212.630558
2013-05-08,234.216580,248.918036,213.561489
2013-05-09,231.889927,246.172753,212.162867
2013-05-10,232.453805,246.401735,213.139743
2013-05-13,230.063872,244.736820,212.236966
2013-05-14,226.207506,240.973263,209.413663
2013-05-15,227.405325,243.401883,210.019079
2013-05-16,232.201698,248.046687,213.075552
2013-05-17,235.578419,252.392874,216.369066
2013-05-20,237.156639,253.585017,217.786422
2013-05-21,237.861550,256.317664,217.967600
2013-05-22,237.871904,255.799148,217.946951
2013-05-23,235.894684,255.522550,215.373820
2013-05-24,237.506642,258.131233,216.234690
2013-05-27,237.925308,258.913602,216.191946
2013-05-28,242.514669,261.078502,219.556120
2013-05-29,242.641833,262.375814,219.438227
2013-05-30,242.080225,261.545371,218.665524
2013-05-31,238.749700,257.604171,216.765955
2013-06-03,237.827670,256.233635,216.820043
2013-06-04,234.087554,251.650057,214.453016
2013-06-05,233.859671,252.750102,214.189614
2013-06-06,230.464375,249.827258,211.626833
2013-06-07,226.282059,245.651917,208.435245
2013-06-13,219.573739,239.280298,202.085525
2013-06-14,222.106638,243.617584,202.986495
2013-06-17,220.602618,242.690759,202.132983
2013-06-18,222.569887,244.115146,202.265394
2013-06-19,220.333293,242.589974,200.790094
2013-06-20,213.212664,235.302697,195.034858
2013-06-21,213.204406,235.300405,194.246942
2013-06-24,198.263978,221.501932,183.671869
2013-06-25,197.548773,221.302089,183.176865
2013-06-26,200.239415,227.201225,181.701765
2013-06-27,199.829372,226.536372,181.790383
2013-06-28,205.026053,230.557766,185.907857
2013-07-01,207.515495,234.971805,186.683811
2013-07-02,208.419180,237.898521,187.431375
2013-07-03,205.987741,236.445798,186.140470
2013-07-04,207.545249,236.765307,187.331785
2013-07-05,208.612887,237.057445,187.878941
2013-07-08,203.985131,230.743869,183.533236
2013-07-09,203.183693,230.203772,184.009301
2013-07-10,209.833249,236.919732,188.071421
2013-07-11,221.254735,246.669905,194.838299
2013-07-12,217.198899,244.087679,191.233829
2013-07-15,221.774242,249.609382,193.006937
2013-07-16,222.597199,250.197414,193.196778
2013-07-17,218.349245,245.105725,190.950916
2013-07-18,214.097089,241.369490,188.366742
2013-07-19,207.280531,234.248229,185.514679
2013-07-22,208.728123,236.649653,186.187442
2013-07-23,216.188680,245.096665,190.188168
2013-07-24,215.236309,245.126207,188.710271
2013-07-25,213.361447,242.165279,188.050275
2013-07-26,212.337738,240.499317,186.956023
2013-07-29,207.368782,235.393063,183.528021
2013-07-30,208.165369,234.709141,185.294487
2013-07-31,208.893631,235.114293,185.667880
2013-08-01,214.490889,241.731256,188.890468
2013-08-02,215.006248,242.991102,188.986705
2013-08-05,218.621746,247.927590,190.902115
2013-08-06,220.186266,250.960070,191.566928
2013-08-07,219.270109,249.512140,190.359168
2013-08-08,218.457427,249.755933,189.986458
2013-08-09,219.108636,250.547707,190.640819
2013-08-12,225.081491,254.606539,195.846730
2013-08-13,226.250958,255.191999,196.115554
2013-08-14,225.179278,254.574672,195.482351
2013-08-15,221.301176,249.474363,193.695677
2013-08-16,219.935735,246.104832,192.843505
2013-08-19,223.701592,249.613139,194.119155
2013-08-20,221.332183,247.268832,192.357171
2013-08-21,219.637637,245.722535,192.188274
2013-08-22,219.805800,245.824081,191.571194
2013-08-23,218.773609,246.504691,190.224236
2013-08-26,223.611205,251.980375,193.624744
2013-08-27,223.650565,252.535996,193.797446
2013-08-28,220.718656,249.398026,193.245747
2013-08-29,220.355091,248.447913,192.378169
2013-08-30,218.838167,245.728297,192.297833
2013-09-02,219.627988,247.421530,192.464324
2013-09-03,224.197914,252.173034,194.836069
2013-09-04,223.485286,250.995318,194.785966
2013-09-05,222.796729,250.189794,193.830566
2013-09-06,223.720162,251.044153,194.893911
2013-09-09,232.066649,255.604027,201.646238
2013-09-10,234.691841,257.819780,203.997796
2013-09-11,234.311719,256.403262,204.965430
2013-09-12,236.147518,255.853254,206.372945
2013-09-13,234.392087,256.477066,204.593306
2013-09-16,233.674835,256.612645,203.716762
2013-09-17,230.157084,253.020586,199.832946
2013-09-18,230.271560,253.479022,199.765222
2013-09-23,236.967302,260.767635,202.154940
2013-09-24,237.774426,262.699627,200.226033
2013-09-25,236.317758,261.003021,199.272887
2013-09-26,235.435040,258.999541,196.266771
2013-09-27,236.389401,260.183617,196.930229
2013-09-30,237.781806,262.159333,197.606002
2013-10-08,239.602309,265.045588,199.644870
2013-10-09,241.138808,267.384320,200.191293
2013-10-10,240.021959,266.112152,198.366277
2013-10-11,241.995130,268.671223,201.106555
2013-10-14,241.814820,268.669530,201.672153
2013-10-15,241.286350,268.107739,201.115986
2013-10-16,236.786067,261.611072,198.427981
2013-10-17,235.917578,260.748229,198.170619
2013-10-18,236.440323,261.407584,198.598092
2013-10-21,242.517927,268.609354,201.449446
2013-10-22,239.522469,265.787894,199.895896
2013-10-23,235.872881,260.956033,198.053445
2013-10-24,234.021991,259.098640,196.298061
2013-10-25,229.468442,253.214331,193.821126
2013-10-28,228.393695,252.245538,193.791517
2013-10-29,227.560537,249.606097,194.594710
2013-10-30,231.002094,253.138632,197.484499
2013-10-31,225.783543,247.882835,196.152891
2013-11-01,227.143426,248.944346,197.178701
2013-11-04,226.913679,248.694263,196.928578
2013-11-05,226.865408,249.187892,197.062988
2013-11-06,223.469177,246.060856,195.566923
2013-11-07,220.461683,242.213818,195.021406
2013-11-08,218.622268,239.719369,192.979051
2013-11-11,221.960488,242.570474,193.530493
2013-11-12,223.341222,243.897445,195.106246
2013-11-13,218.967200,239.432073,191.592074
2013-11-14,221.750027,242.618760,192.385000
2013-11-15,225.206778,247.098522,195.363742
2013-11-18,229.169003,251.698180,200.837136
2013-11-19,226.873263,250.004805,200.099432
2013-11-20,227.849893,251.533296,201.057691
2013-11-21,226.500640,250.039933,200.963305
2013-11-22,225.471816,249.130343,200.277189
2013-11-25,225.143372,249.070136,199.026767
2013-11-26,225.570243,249.971057,198.458462
2013-11-27,228.217792,253.551202,200.043293
2013-11-28,230.699107,255.996127,201.912878
2013-11-29,231.753820,257.517621,201.704028
2013-12-02,225.163304,248.889378,202.553188
2013-12-03,229.381097,253.876368,203.408235
2013-12-04,232.003784,256.829406,205.458484
2013-12-05,230.740959,255.786685,204.715218
2013-12-06,229.656745,254.404046,203.900216
2013-12-09,230.788006,255.787129,203.724633
2013-12-10,230.476665,255.355723,203.440862
2013-12-11,228.337309,252.898771,200.293829
2013-12-12,229.485244,254.628349,199.985842
2013-12-13,230.231584,254.967407,199.142316
2013-12-16,226.035035,250.675785,196.031675
2013-12-17,225.052426,249.379563,195.281753
2013-12-18,225.100267,249.264353,195.200901
2013-12-19,222.261165,246.979954,193.570229
2013-12-20,219.781981,243.964836,189.089783
2013-12-23,221.529024,245.756973,189.979249
2013-12-24,222.553078,246.683245,190.153197
2013-12-25,224.814297,249.631790,191.293617
2013-12-26,220.893241,245.259409,188.404444
2013-12-27,223.716575,248.630784,190.918444
2013-12-30,223.438599,248.998347,190.187592
2013-12-31,225.094868,250.375844,192.216858
2014-01-02,227.072853,253.385345,191.446311
2014-01-03,225.459727,251.717773,189.128462
2014-01-06,219.546498,245.337493,186.330966
2014-01-07,219.745734,245.662763,185.914578
2014-01-08,220.728438,247.610782,185.547540
2014-01-09,218.508857,245.327021,183.978346
2014-01-10,216.153114,241.683737,182.943524
2014-01-13,214.841586,239.897966,182.784499
2014-01-14,216.700686,242.297725,184.001451
2014-01-15,218.233533,244.066412,183.432478
2014-01-16,216.485446,242.617733,183.311140
2014-01-17,212.018072,237.560230,181.829103
2014-01-20,208.898714,234.062376,180.674093
2014-01-21,210.859466,236.679215,181.885530
2014-01-22,216.199003,242.894974,185.641808
2014-01-23,216.370172,243.110285,184.337079
2014-01-24,217.020846,244.757194,185.177232
2014-01-27,212.796545,240.371109,182.759002
2014-01-28,212.445048,239.579463,183.162858
2014-01-29,212.970440,240.039129,183.876625
2014-01-30,210.930454,237.797235,182.037727
2014-02-07,212.606691,241.379711,182.443505
2014-02-10,219.523729,249.681974,185.826943
2014-02-11,220.405492,250.079317,187.489144
2014-02-12,221.679974,251.011963,187.634671
2014-02-13,219.917107,247.596052,187.051753
2014-02-14,221.371562,250.134681,188.072906
2014-02-17,221.464934,251.930431,189.430548
2014-02-18,219.348130,249.781856,187.382314
2014-02-19,221.376439,250.530600,190.121988
2014-02-20,219.192578,247.974110,190.227964
2014-02-21,218.011283,246.472255,187.908773
2014-02-24,213.614561,242.684808,183.903958
2014-02-25,206.026136,233.540110,180.758312
2014-02-26,205.689887,233.250201,181.344164
2014-02-27,202.113209,228.553997,182.117830
2014-02-28,205.982219,232.880631,182.971267
2014-03-03,208.322232,236.033266,183.726156
2014-03-04,206.850350,234.230356,183.192415
2014-03-05,204.154665,231.723348,181.389519
2014-03-06,203.584532,230.537435,182.168359
2014-03-07,204.931639,231.480275,182.352380
2014-03-10,201.236553,226.541005,177.642231
2014-03-11,203.905585,229.337115,178.072322
2014-03-12,204.951070,230.712777,177.808666
2014-03-13,207.192662,233.431958,179.888847
2014-03-14,205.243822,231.460495,178.435075
2014-03-17,207.014297,234.609596,179.804649
2014-03-18,205.405202,233.536592,179.571492
2014-03-19,201.230856,230.465549,178.811954
2014-03-20,196.590478,224.397477,176.760251
2014-03-21,202.247642,230.383506,181.980068
2014-03-24,201.772639,230.123875,183.347160
2014-03-25,204.143511,231.641339,183.158582
2014-03-26,205.742996,232.533281,182.876682
2014-03-27,201.653975,228.469416,181.454537
2014-03-28,199.487183,224.862300,181.698770
2014-03-31,198.835943,224.051779,181.420075
2014-04-01,200.169632,225.944588,182.480591
2014-04-02,199.381910,225.882282,183.648395
2014-04-03,199.606732,226.424769,182.259626
2014-04-04,203.300218,230.342668,183.545307
2014-04-08,208.493886,235.702741,187.376150
2014-04-09,209.545951,237.726395,187.733919
2014-04-10,210.852644,239.707907,190.556201
2014-04-11,210.926209,239.778289,190.370518
2014-04-14,212.114515,241.289081,190.180422
2014-04-15,210.146646,240.453623,187.099666
2014-04-16,209.512510,239.252575,187.364483
2014-04-17,209.237652,239.418350,186.835947
2014-04-18,209.072948,239.296102,186.580773
2014-04-21,206.297897,235.302934,183.827963
2014-04-22,205.039293,233.551515,184.792700
2014-04-23,203.584562,232.046980,184.544580
2014-04-24,202.020021,230.555116,183.923939
2014-04-25,198.725455,226.665551,182.381409
2014-04-28,194.882910,221.704438,180.262485
2014-04-29,198.516404,225.949074,181.649772
2014-04-30,200.947567,227.333961,181.792312
2014-05-05,202.204087,229.080296,181.501224
2014-05-06,202.833759,229.837284,181.390624
2014-05-07,198.908259,225.774748,180.070213
2014-05-08,197.869623,224.425052,180.265124
2014-05-09,196.605634,222.149662,180.456266
2014-05-12,200.475620,226.612664,184.036658
2014-05-13,200.523049,226.373913,183.790784
2014-05-14,200.217781,226.066284,183.639838
2014-05-15,196.958391,221.622885,181.817612
2014-05-16,196.903758,221.279383,181.968094
2014-05-19,194.509611,219.322265,179.841382
2014-05-20,194.293174,219.624685,180.051455
2014-05-21,196.132640,221.940983,181.660220
2014-05-22,195.611738,221.565933,181.248165
2014-05-23,197.279017,223.816805,182.378020
2014-05-26,197.885102,225.018946,182.683441
2014-05-27,196.842226,223.891370,182.105157
2014-05-28,198.996727,226.952822,183.610373
2014-05-29,197.705406,224.731015,182.867625
2014-05-30,197.830153,225.250642,182.758487
2014-06-03,196.499895,224.311612,182.724570
2014-06-04,194.790543,222.207030,181.440531
2014-06-05,196.409999,224.618447,182.752811
2014-06-06,195.668553,223.643756,181.606788
2014-06-09,194.262642,221.793619,181.845361
2014-06-10,197.273555,224.813662,183.974886
2014-06-11,197.682168,225.751141,183.951359
2014-06-12,197.569865,225.300038,183.481118
2014-06-13,198.793943,227.046028,185.248568
2014-06-16,199.864494,228.723697,186.661085
2014-06-17,198.016238,226.605853,184.867470
2014-06-18,196.679671,225.179529,183.942342
2014-06-19,192.848248,220.357679,181.524816
2014-06-20,193.770798,221.780120,181.408425
2014-06-23,193.812925,222.730903,180.813685
2014-06-24,195.305642,224.462877,181.669891
2014-06-25,194.621969,223.476866,180.957065
2014-06-26,196.190093,225.574158,181.918291
2014-06-27,196.621391,225.969742,181.386775
2014-06-30,198.644691,228.225472,182.354684
2014-07-01,198.492217,228.978792,182.116544
2014-07-02,197.680251,228.604246,182.736147
2014-07-03,198.247326,229.204357,182.840193
2014-07-04,197.426684,228.353351,182.600831
2014-07-07,196.512060,227.150881,182.608650
2014-07-08,196.790612,227.639940,182.917760
2014-07-09,192.571621,223.077659,180.571097
2014-07-10,190.155458,220.355408,180.388786
2014-07-11,191.264468,221.534140,180.823094
2014-07-14,192.999459,223.817153,182.355317
2014-07-15,193.760755,223.748047,182.766098
2014-07-16,191.818263,221.533927,182.705967
2014-07-17,190.472551,220.029972,181.583068
2014-07-18,190.919106,219.885345,181.991670
2014-07-21,193.223655,221.221033,181.803052
2014-07-22,194.550944,223.537975,183.593414
2014-07-23,193.138825,221.090666,184.167790
2014-07-24,194.145155,221.535274,187.234809
2014-07-25,195.969368,224.067992,189.231251
2014-07-28,199.735147,228.235362,194.287507
2014-07-29,202.304539,231.278592,194.433217
2014-07-30,203.764653,232.554624,194.162477
2014-07-31,205.435309,234.204899,196.075202
2014-08-01,204.150336,232.441326,194.747753
2014-08-04,206.095412,234.970652,198.114208
2014-08-05,206.731951,235.584915,197.493849
2014-08-06,206.783628,236.376348,196.987556
2014-08-07,203.895881,233.293667,194.054459
2014-08-08,204.825095,234.282468,194.462802
2014-08-11,207.063274,236.666632,197.106167
2014-08-12,206.917439,236.989965,196.293245
2014-08-13,206.604344,236.508286,196.308863
2014-08-14,204.714199,234.621328,194.614654
2014-08-15,206.703705,236.644057,196.440281
2014-08-18,208.972442,239.897726,197.118974
2014-08-19,209.508400,241.532724,197.477858
2014-08-20,208.785069,240.068839,196.713316
2014-08-21,209.061390,241.410479,195.453029
2014-08-22,210.005710,242.494966,196.215541
2014-08-25,208.561423,241.871492,194.950468
2014-08-26,206.597902,238.568629,193.502658
2014-08-27,207.607436,239.859301,193.694288
2014-08-28,206.290743,238.877357,192.548702
2014-08-29,209.229435,242.134043,194.424808
2014-09-01,211.452512,245.340326,195.524051
2014-09-02,213.717937,247.927468,197.902852
2014-09-03,215.799376,250.406924,199.961432
2014-09-04,217.190439,251.548352,201.447952
2014-09-05,220.270326,253.229686,203.389128
2014-09-09,220.790067,254.464524,202.888175
2014-09-10,220.058613,253.873816,201.693288
2014-09-11,219.074436,253.366817,200.904257
2014-09-12,219.876306,254.324873,202.295352
2014-09-15,220.315675,254.999997,202.184684
2014-09-16,214.281926,247.179077,199.137886
2014-09-17,215.161611,248.492371,199.895018
2014-09-18,216.516280,250.008076,200.435719
2014-09-19,218.390430,252.090836,201.179297
2014-09-22,213.982235,248.169864,197.269929
2014-09-23,215.731910,250.550892,198.630725
2014-09-24,219.247126,254.322139,201.646826
2014-09-25,219.076443,254.554503,201.525652
2014-09-26,218.967176,254.947854,201.465995
2014-09-29,220.539609,257.509793,202.049104
2014-09-30,220.886627,258.794292,202.311476
2014-10-08,222.768536,261.266703,203.777626
2014-10-09,221.892482,259.984142,204.085563
2014-10-10,219.860943,257.435658,202.863629
2014-10-13,218.435692,256.094276,201.728271
2014-10-14,217.785929,255.616707,201.182090
2014-10-15,219.757096,257.314797,202.476774
2014-10-16,219.014229,254.400379,201.533032
2014-10-17,218.847386,253.826736,201.001662
2014-10-20,220.367089,256.533064,201.872111
2014-10-21,218.393168,254.293750,200.399117
2014-10-22,218.173715,252.802209,199.572814
2014-10-23,216.952326,250.604545,197.857451
2014-10-24,217.183067,251.351078,197.547631
2014-10-27,214.488407,249.729011,195.786986
2014-10-28,218.442578,255.300781,199.268389
2014-10-29,222.113053,259.511878,201.934243
2014-10-30,224.110364,261.850039,203.631910
2014-10-31,228.121124,265.022674,207.057939
2014-11-03,227.714772,265.403122,207.000183
2014-11-04,226.227148,264.560476,207.068313
2014-11-05,225.953547,264.116437,205.904933
2014-11-06,226.500865,265.881070,205.977991
2014-11-07,226.649426,265.311931,205.545209
2014-11-10,232.246205,271.301478,210.796730
2014-11-11,231.868099,267.709525,212.378560
2014-11-12,235.044549,273.008133,213.849651
2014-11-13,234.197118,271.317542,213.268429
2014-11-14,234.164046,271.171539,213.222667
2014-11-17,233.055183,271.566147,211.897954
2014-11-18,232.146868,270.901954,209.497448
2014-11-19,231.584912,271.117633,208.855461
2014-11-20,232.398636,271.758299,208.921080
2014-11-21,236.031297,275.626998,212.096391
2014-11-24,241.707450,282.716004,216.398203
2014-11-25,244.381659,286.567490,219.295036
2014-11-26,248.192625,288.912183,222.878892
2014-11-27,250.477808,289.827809,225.362547
2014-11-28,256.323959,292.629058,231.224455
2014-12-01,256.440143,291.944560,231.965460
2014-12-02,267.481041,301.235193,240.520433
2014-12-03,269.712154,306.020708,242.153646
2014-12-04,282.933976,319.093343,254.806215
2014-12-05,285.265929,320.609532,260.778553
2014-12-08,296.385975,331.348381,269.046420
2014-12-09,276.602317,313.781004,253.629376
2014-12-10,285.801687,326.669558,260.795677
2014-12-11,281.592335,325.260217,257.249972
2014-12-12,281.991308,326.784627,258.100151
2014-12-15,282.502541,329.299487,258.487743
2014-12-16,291.583863,335.637238,265.912984
2014-12-17,298.090866,339.391592,271.358957
2014-12-18,295.953921,336.641885,269.930196
2014-12-19,299.678698,339.974944,274.919915
2014-12-22,301.728861,338.539311,280.281833
2014-12-23,294.704554,330.577155,271.874604
2014-12-24,284.055140,324.164960,263.461247
2014-12-25,294.016686,333.482126,272.897072
2014-12-26,305.299422,343.456059,282.211883
2014-12-29,306.945912,342.531399,284.121063
2014-12-30,309.042366,340.119360,285.718272
2014-12-31,317.115648,348.804562,293.040174
2015-01-05,327.215236,358.919481,305.767775
2015-01-06,325.029858,358.731744,305.539089
2015-01-07,324.779500,359.755873,307.419424
2015-01-08,318.554517,354.938837,299.282563
2015-01-09,318.884673,352.314704,298.973847
2015-01-12,319.515056,350.831503,294.746450
2015-01-13,320.795376,352.985315,294.672705
2015-01-14,320.167282,352.393057,293.663683
2015-01-15,331.900292,362.031514,305.393502
2015-01-16,335.509907,366.507362,309.120225
2015-01-19,307.865811,339.652637,283.116939
2015-01-20,312.066345,346.980555,286.889267
2015-01-21,328.332495,361.600419,301.955287
2015-01-22,328.586819,363.954456,302.876723
2015-01-23,330.561521,363.409829,304.095660
2015-01-26,332.941594,369.147283,305.965641
2015-01-27,329.596624,367.142484,301.899027
2015-01-28,323.879904,360.514357,296.729027
2015-01-29,319.964904,357.096804,291.916418
2015-01-30,313.999397,351.166914,287.165674
2015-02-02,304.433344,343.782431,278.731755
2015-02-03,313.169828,351.973334,286.662204
2015-02-04,309.595027,349.127383,283.083869
2015-02-05,304.947306,344.336041,279.497071
2015-02-06,298.962088,335.278896,273.956554
2015-02-09,303.102912,338.663520,276.884767
2015-02-10,309.293836,345.942363,281.878595
2015-02-11,311.234424,348.045251,282.997206
2015-02-12,313.327959,351.353979,283.999461
2015-02-13,314.751221,353.723907,285.971257
2015-02-16,316.860431,358.254661,286.932194
2015-02-17,320.392118,361.472847,288.911789
2015-02-25,316.714741,358.157607,286.543840
2015-02-26,324.474121,366.251102,293.363767
2015-02-27,324.132938,367.090279,293.798689
2015-03-02,326.040873,370.353686,295.139712
2015-03-03,316.413906,362.292939,286.479039
2015-03-04,318.479792,366.427559,287.381542
2015-03-05,315.253274,364.686808,283.644084
2015-03-06,313.973199,361.281181,283.371235
2015-03-09,321.150379,366.860184,289.326221
2015-03-10,319.135432,366.917531,286.624372
2015-03-11,320.284094,366.137728,287.297028
2015-03-12,328.445211,371.475481,293.705790
2015-03-13,329.205512,373.100732,295.168076
2015-03-16,337.630711,383.092632,301.171629
2015-03-17,341.016891,386.757931,305.404146
2015-03-18,348.242350,394.515327,312.344095
2015-03-19,346.243678,394.945959,311.502438
2015-03-20,350.035177,399.017683,314.949680
2015-03-23,357.526780,408.587724,320.692746
2015-03-24,357.649225,413.118790,320.979014
2015-03-25,351.520228,408.471744,316.810310
2015-03-26,351.851850,406.668032,319.529953
2015-03-27,352.827961,410.550979,319.722186
2015-03-30,365.460499,424.246123,328.968285
2015-03-31,360.603720,418.953899,325.335093
2015-04-01,366.678478,426.605750,330.252158
2015-04-02,363.849820,425.732349,330.061569
2015-04-03,367.608144,432.658456,332.475108
2015-04-07,375.448838,440.696324,340.591707
2015-04-08,383.839876,447.026519,343.988279
2015-04-09,380.275847,445.012081,340.701038
2015-04-10,386.480056,451.359039,346.495202
2015-04-13,392.406768,460.676264,353.321139
2015-04-14,395.010886,468.494690,353.553031
2015-04-15,392.758424,460.196164,351.299010
2015-04-16,404.747029,470.870691,362.512698
2015-04-17,415.553502,484.816614,370.560171
2015-04-20,410.077522,481.994642,364.100573
2015-04-21,413.468290,487.045899,370.299440
2015-04-22,425.360474,502.960111,378.973954
2015-04-23,422.373445,503.190271,379.620848
2015-04-24,418.115073,503.662231,376.748318
2015-04-27,430.582511,516.580306,389.442019
2015-04-28,432.784396,508.710219,386.434234
2015-04-29,430.164266,509.430575,384.446302
2015-04-30,427.525578,509.264686,380.652444
2015-05-04,433.253989,514.704884,383.930610
2015-05-05,415.191361,490.912002,368.393967
2015-05-06,412.198357,480.491385,363.526427
2015-05-07,398.475982,467.237115,355.005606
2015-05-08,404.539490,477.483549,361.722060
2015-05-11,416.165819,494.728355,371.164153
2015-05-12,421.230821,507.064175,374.994769
2015-05-13,415.216365,501.965990,371.565545
2015-05-14,413.279843,499.551308,370.462577
2015-05-15,404.724174,490.319711,363.332009
2015-05-18,396.597060,485.840868,358.564822
2015-05-19,410.530874,502.593136,370.335489
2015-05-20,410.249336,504.257286,371.666111
2015-05-21,414.029055,512.939371,377.266986
2015-05-22,425.576865,526.506379,387.009829
2015-05-25,440.706140,546.474224,399.037722
2015-05-26,446.233274,559.082745,404.978518
2015-05-27,442.163425,560.439500,404.422610
2015-05-28,408.935379,514.145972,376.486977
2015-05-29,404.370363,510.885322,375.091030
2015-06-01,423.060912,538.765918,392.931856
2015-06-02,427.362242,551.990685,397.434928
2015-06-03,429.089849,554.295696,396.240492
2015-06-04,433.809518,557.402206,400.831905
2015-06-05,439.862320,568.713103,405.381478
2015-06-08,459.191131,585.154306,418.276099
2015-06-09,453.603993,581.247359,415.790263
2015-06-10,446.977190,577.768117,413.347366
2015-06-11,444.526598,578.057792,412.277636
2015-06-12,443.853644,579.802824,414.787733
2015-06-15,434.720636,572.054126,405.480110
2015-06-16,421.270000,552.757284,393.036452
2015-06-17,427.718292,562.420883,399.213743
2015-06-18,409.872603,544.792498,383.554757
2015-06-19,384.790220,507.249557,361.101015
2015-06-23,400.193252,524.982054,373.453927
2015-06-24,406.124320,537.943769,381.782075
2015-06-25,393.421988,518.999499,368.931487
2015-06-26,364.476126,474.997281,342.318875
2015-06-29,355.030340,455.969225,336.146455
2015-06-30,380.212054,483.924284,356.755314
2015-07-01,360.146693,453.293931,339.866456
2015-07-02,350.760160,428.337247,334.282003
2015-07-03,329.311431,399.629629,317.770341
2015-07-06,346.847453,406.137309,332.932783
2015-07-07,357.936213,395.323331,334.479593
2015-07-08,343.903497,367.961868,314.600706
2015-07-09,363.255279,396.355183,332.592755
2015-07-10,379.522202,425.483951,345.464057
2015-07-13,378.760581,445.133188,346.914063
2015-07-14,366.876230,434.205519,338.894088
2015-07-15,359.063772,408.657017,334.694306
2015-07-16,358.215529,415.797168,335.099959
2015-07-17,367.882290,435.516667,343.397715
2015-07-20,368.723250,440.005773,344.973544
2015-07-21,370.230702,444.628943,344.453697
2015-07-22,364.819984,444.425436,343.432467
2015-07-23,372.226097,455.668091,349.384091
2015-07-24,365.283404,448.466755,344.667559
2015-07-27,333.587697,410.138137,315.358335
2015-07-28,330.252179,405.283903,313.169626
2015-07-29,338.795034,423.583967,320.543995
2015-07-30,328.583316,408.649809,312.989441
2015-07-31,326.185070,404.534430,311.241613
2015-08-03,326.003024,401.024100,311.587246
2015-08-04,334.879908,418.260212,319.654133
2015-08-05,327.685220,409.643893,313.354787
2015-08-06,323.318868,403.866177,310.484204
2015-08-07,329.347267,414.301052,315.793185
2015-08-10,346.280283,438.600666,329.300560
2015-08-11,342.401355,434.794922,328.054404
2015-08-12,338.105844,430.357260,324.318754
2015-08-13,343.153639,442.137642,327.941061
2015-08-14,342.094642,440.513833,327.375209
2015-08-17,339.897698,444.701429,326.673448
2015-08-18,319.322973,409.926430,310.704488
2015-08-19,321.875615,417.710021,312.844029
2015-08-20,311.168447,398.525536,303.378341
2015-08-21,297.382692,377.910870,291.768653
2015-08-24,272.440207,344.987160,267.161632
2015-08-25,253.526563,318.364759,247.709225
2015-08-26,252.732887,308.504516,248.232003
2015-08-27,270.678283,327.589130,262.014447
2015-08-28,281.322673,346.317676,271.817525
2015-08-31,284.855031,349.535199,273.128969
2015-09-01,287.749975,349.514668,276.166369
2015-09-02,292.313809,353.118808,278.445253
2015-09-07,279.142541,340.910256,266.926493
2015-09-08,285.301094,351.702658,272.359448
2015-09-09,289.697894,358.793471,277.318301
2015-09-10,286.405432,350.923310,274.224299
2015-09-11,285.038978,353.157028,272.875396
2015-09-14,283.113714,340.613098,269.133635
2015-09-15,275.789769,322.990911,261.712741
2015-09-16,287.079675,343.324111,272.303902
2015-09-17,281.492949,336.144119,266.743782
2015-09-18,281.575948,337.768906,266.608889
2015-09-21,287.602985,347.035981,270.351840
2015-09-22,289.305521,350.273028,272.725314
2015-09-23,281.343344,342.187690,266.391210
2015-09-24,283.706934,345.801650,267.971903
2015-09-25,275.905563,335.443956,264.884537
2015-09-28,276.269381,337.691573,264.850612
2015-09-29,269.462136,329.870679,259.435139
2015-09-30,272.130514,332.777291,261.041483
2015-10-08,279.751756,343.159585,268.407582
2015-10-09,282.220628,347.416197,271.703881
2015-10-12,291.688313,359.070694,279.989106
2015-10-13,291.477710,359.838182,279.340647
2015-10-14,289.224742,355.792540,276.758584
2015-10-15,295.985215,365.813752,282.446429
2015-10-16,302.403081,375.036945,286.238063
2015-10-19,302.287017,375.378375,285.891995
2015-10-20,310.744676,384.135052,289.035631
2015-10-21,302.428454,368.458908,283.253006
2015-10-22,308.013185,379.805092,285.705395
2015-10-23,308.759935,384.502772,288.192839
2015-10-26,309.646916,386.176396,289.472292
2015-10-27,309.284283,387.068049,289.298146
2015-10-28,303.268001,378.572356,284.676662
2015-10-29,303.967982,380.482558,285.084437
2015-10-30,303.715394,380.236442,284.673455
2015-11-02,299.510764,372.892381,279.863994
2015-11-03,298.085085,372.035027,278.626364
2015-11-04,309.532272,387.856530,290.758540
2015-11-05,319.059502,395.988146,297.268155
2015-11-06,323.317638,403.313404,303.024904
2015-11-09,325.232964,407.022933,307.905511
2015-11-10,323.300821,405.660917,306.993892
2015-11-11,323.947340,407.892136,306.510415
2015-11-12,321.879404,405.088075,303.500025
2015-11-13,317.030617,400.104638,299.408574
2015-11-16,317.616812,403.283107,300.884871
2015-11-17,317.499709,403.033869,301.023266
2015-11-18,312.151607,395.368184,298.455334
2015-11-19,316.317870,401.898741,302.027110
2015-11-20,316.604856,401.953908,301.813815
2015-11-23,317.083025,401.042212,300.175979
2015-11-24,315.692763,399.940639,299.859663
2015-11-25,317.176557,403.276033,301.999516
2015-11-26,314.928714,399.716258,300.643171
2015-11-27,296.617932,376.022144,284.791643
2015-11-30,294.756690,374.124339,285.565472
2015-12-01,297.430631,376.811457,286.813492
2015-12-02,304.278560,383.469331,297.171444
2015-12-03,305.356461,386.318177,300.409599
2015-12-04,300.546685,380.715068,294.041682
2015-12-07,301.474598,382.220937,294.163031
2015-12-08,296.391248,375.759778,288.859339
2015-12-09,295.297294,375.670823,289.863968
2015-12-10,293.067079,373.838070,288.391705
2015-12-11,290.877880,371.169171,287.102960
2015-12-14,299.125225,381.564682,294.852923
2015-12-15,297.156242,379.794257,292.847350
2015-12-16,296.279520,379.224807,292.526573
2015-12-17,301.891943,387.666636,297.198927
2015-12-18,301.568412,386.502330,297.641483
2015-12-21,305.418577,390.978689,304.217291
2015-12-22,305.608956,392.920632,304.608940
2015-12-23,303.885185,389.645814,303.914873
2015-12-24,300.229829,384.146851,301.498132
2015-12-25,300.497436,384.445858,301.940512
2015-12-28,291.793239,374.646941,293.992430
2015-12-29,292.894607,376.464742,296.332023
2015-12-30,292.277092,375.722004,296.498873
2015-12-31,290.264640,372.581775,294.187287
2016-01-04,267.979050,343.196577,275.825491
2016-01-05,265.662981,340.089470,276.632008
2016-01-06,272.114607,348.547826,281.926423
2016-01-07,251.533196,321.689880,263.910075
2016-01-08,256.207395,327.654343,269.365232
2016-01-11,246.724705,312.369194,256.920973
2016-01-12,249.369637,315.631027,258.482246
2016-01-13,241.034230,305.680449,253.875488
2016-01-14,246.149637,313.634032,258.073201
2016-01-15,236.185655,302.257946,249.671539
2016-01-18,238.523104,305.400236,249.944787
2016-01-19,249.892376,317.768579,257.151757
2016-01-20,248.815416,316.980587,253.800841
2016-01-21,237.861595,302.703109,247.022712
2016-01-22,241.195685,306.317929,249.563548
2016-01-25,241.154237,307.398108,250.750344
2016-01-26,225.883349,289.330992,236.132890
2016-01-27,224.279446,287.046657,235.944820
2016-01-28,214.984550,275.092916,230.565560
2016-01-29,222.780019,283.783945,237.046514
2016-02-01,218.240922,278.764914,232.828359
2016-02-02,223.175203,285.560631,236.942591
2016-02-03,222.539702,285.045642,235.362352
2016-02-04,225.579319,289.091514,237.997504
2016-02-05,223.865650,286.023261,236.602474
2016-02-15,222.138599,284.271067,234.982159
2016-02-16,229.948951,295.050021,241.886201
2016-02-17,234.720040,300.846278,244.288471
2016-02-18,233.332810,298.862140,243.409502
2016-02-19,233.093465,299.128951,242.912331
2016-02-22,237.398322,305.532054,248.535932
2016-02-23,234.507228,302.491773,246.211725
2016-02-24,237.855841,305.808479,248.001413
2016-02-25,219.554938,282.247988,233.653679
2016-02-26,220.541034,283.663886,236.386918
2016-02-29,213.146115,272.279980,232.059178
2016-03-01,217.419888,278.082120,235.752549
2016-03-02,227.996448,291.246422,244.904656
2016-03-03,228.378631,291.745100,245.702505
2016-03-04,229.239935,289.497435,250.087370
2016-03-07,230.763490,292.556343,250.523956
2016-03-08,231.207775,293.100134,250.678692
2016-03-09,228.936293,289.446097,248.504953
2016-03-10,223.386262,282.794458,243.661012
2016-03-11,224.173549,282.523248,244.426722
2016-03-14,228.760608,289.644977,247.446214
2016-03-15,228.913834,289.345264,248.209734
2016-03-16,229.871263,289.550876,249.911791
2016-03-17,232.639178,295.325705,251.704350
2016-03-18,236.693677,302.124573,254.580285
2016-03-21,240.524744,307.199581,259.207609
2016-03-22,240.158337,306.196088,257.355286
2016-03-23,240.794200,307.747809,257.903658
2016-03-24,239.061916,304.820708,253.823822
2016-03-25,239.791251,305.404426,254.973303
2016-03-28,239.248917,304.569186,253.258786
2016-03-29,236.877140,299.767964,250.705628
2016-03-30,241.748761,308.708500,256.863207
2016-03-31,241.370238,308.086649,256.961705
2016-04-01,240.889625,307.168885,257.622341
2016-04-05,243.796329,313.018211,260.339449
2016-04-06,244.823430,314.352200,259.780705
2016-04-07,241.671862,309.445553,256.244972
2016-04-08,240.091426,307.571332,254.438475
2016-04-11,241.147596,311.110923,257.809691
2016-04-12,240.230507,309.172740,257.150630
2016-04-13,241.268077,311.126335,260.708601
2016-04-14,242.607325,313.526740,261.421256
2016-04-15,242.745863,312.469693,260.896078
2016-04-18,240.534323,308.617434,257.483114
2016-04-19,241.138971,309.674250,258.067857
2016-04-20,238.772742,302.591294,254.213810
2016-04-21,237.197781,299.578272,252.813725
2016-04-22,239.422853,302.107223,253.530609
2016-04-25,237.994361,300.525481,252.579690
2016-04-26,238.949796,302.872536,253.576965
2016-04-27,238.794227,302.736475,252.604693
2016-04-28,239.339053,303.138988,252.326772
2016-04-29,239.385152,302.466754,251.697278
2016-05-03,244.461474,309.860756,255.616699
2016-05-04,244.225270,310.163381,255.138937
2016-05-05,245.046294,311.930104,255.398435
2016-05-06,239.965780,303.482070,249.361822
2016-05-09,237.225520,298.325422,244.163153
2016-05-10,237.556859,298.935750,244.391561
2016-05-11,239.406542,301.668649,245.636306
2016-05-12,239.249696,300.982103,245.924916
2016-05-13,237.022168,298.613746,245.018524
2016-05-16,238.139365,300.722893,246.360198
2016-05-17,237.443758,299.816004,245.891121
2016-05-18,236.211700,296.011331,244.545699
2016-05-19,235.336617,295.778942,243.991791
2016-05-20,236.505952,297.085502,245.135137
2016-05-23,238.037229,299.753661,245.859203
2016-05-24,236.778475,297.462848,244.394635
2016-05-25,236.115878,295.967894,244.055237
2016-05-26,235.630245,295.123227,244.526993
2016-05-27,235.339353,294.237905,244.404916
2016-05-30,235.723182,293.168420,244.786367
2016-05-31,242.220379,303.097790,252.101290
2016-06-01,242.294559,303.550463,251.345585
2016-06-02,243.037178,304.754589,251.750325
2016-06-03,246.007418,307.276905,253.302813
2016-06-06,245.349038,307.750422,252.532412
2016-06-07,245.666797,308.022982,252.487004
2016-06-08,244.326780,305.993674,251.708767
2016-06-13,238.419664,295.717028,245.215233
2016-06-14,239.295710,296.374459,245.928367
2016-06-15,242.296080,302.260121,248.336933
2016-06-16,240.337362,298.428195,246.670502
2016-06-17,241.848741,300.961112,247.706486
2016-06-20,241.621128,301.007336,247.871573
2016-06-21,240.629879,299.182448,247.484357
2016-06-22,242.528481,301.878840,249.389499
2016-06-23,240.679430,300.588935,248.377942
2016-06-24,237.428949,296.703932,245.000673
2016-06-27,241.821265,302.493117,247.777924
2016-06-28,243.442720,305.976770,248.697746
2016-06-29,243.515396,305.456067,250.091688
2016-06-30,244.189357,305.874829,250.347983
2016-07-01,244.217441,305.540363,250.698189
2016-07-04,245.325520,309.955633,254.773331
2016-07-05,243.966663,309.730874,255.368903
2016-07-06,246.863916,312.138545,256.036733
2016-07-07,246.088722,312.184358,255.444618
2016-07-08,244.463879,311.126128,252.742323
2016-07-11,244.620352,311.323873,253.714563
2016-07-12,249.496424,318.277372,259.006290
2016-07-13,249.756701,319.459700,259.785454
2016-07-14,248.816083,318.928892,258.893601
2016-07-15,249.297051,319.885276,259.213679
2016-07-18,247.904538,318.070884,258.412674
2016-07-19,245.444246,316.072481,257.045548
2016-07-20,244.878871,315.019260,256.137279
2016-07-21,246.007259,315.712978,257.150302
2016-07-22,243.730051,313.133407,255.144603
2016-07-25,244.686834,313.976673,255.393360
2016-07-26,248.028586,318.968891,258.283049
2016-07-27,244.077535,311.840922,255.426546
2016-07-28,245.257147,314.366422,255.590882
2016-07-29,243.721091,312.992211,254.615319
2016-08-01,241.567022,309.784348,253.309663
2016-08-02,242.257956,310.913574,254.134930
2016-08-03,243.026817,312.704652,254.130540
2016-08-04,244.412383,312.934775,254.397817
2016-08-05,245.598372,312.230504,254.585226
2016-08-08,248.090982,315.100960,256.609669
2016-08-09,249.960931,316.842523,258.190062
2016-08-10,248.333257,315.314238,257.374415
2016-08-11,247.548763,312.520069,257.217741
2016-08-12,252.413366,316.877926,261.886920
2016-08-15,260.265266,325.128101,268.804865
2016-08-16,260.948687,324.879922,266.816086
2016-08-17,258.720587,324.804255,266.308120
2016-08-18,257.536916,323.531545,265.685577
2016-08-19,256.316742,322.712482,265.855421
2016-08-22,255.225033,320.359787,264.333123
2016-08-23,255.578573,321.011862,264.841272
2016-08-24,254.213011,320.103006,264.115446
2016-08-25,251.805975,316.591488,262.692472
2016-08-26,251.450574,317.216224,262.336122
2016-08-29,252.877633,318.902102,262.260767
2016-08-30,252.870700,318.782363,262.964517
2016-08-31,256.148958,319.648251,264.156915
2016-09-01,253.230319,317.074813,262.360472
2016-09-02,253.493429,316.491672,263.003344
2016-09-05,253.460219,317.049975,263.348188
2016-09-06,254.551590,319.855232,264.333230
2016-09-07,253.613509,318.599293,264.371500
2016-09-08,254.260512,318.894122,264.289872
2016-09-09,252.382122,316.146144,262.847418
2016-09-12,249.250915,310.684306,258.913696
2016-09-13,249.403142,310.452771,258.502303
2016-09-14,248.513175,309.113774,256.561289
2016-09-19,250.378993,311.722350,258.205468
2016-09-20,249.998526,311.788411,257.785281
2016-09-21,250.631297,313.248016,258.347867
2016-09-22,252.527045,315.065566,260.132043
2016-09-23,252.062035,313.944160,259.345412
2016-09-26,248.390449,308.593931,255.255078
2016-09-27,249.739756,310.918743,256.779968
2016-09-28,249.130109,310.562564,255.931921
2016-09-29,250.535574,312.528707,257.055042
2016-09-30,251.900445,314.156381,257.548105
2016-10-10,254.994092,318.109803,260.688555
2016-10-11,255.900252,319.462267,261.653237
2016-10-12,255.171806,318.907688,261.008854
2016-10-13,254.581447,318.761556,261.140209
2016-10-14,254.505129,317.783369,261.609686
2016-10-17,252.538988,315.480906,259.641393
2016-10-18,255.151159,318.897035,263.071548
2016-10-19,254.839569,318.141701,262.904692
2016-10-20,255.146671,318.290984,263.012645
2016-10-21,255.603875,318.171115,264.100291
2016-10-24,258.632051,322.618028,267.322627
2016-10-25,259.189395,324.102225,267.164086
2016-10-26,259.242307,324.958610,265.913817
2016-10-27,258.748915,324.037101,265.173581
2016-10-28,259.244224,323.338460,264.943358
2016-10-31,259.424071,323.421108,264.552461
2016-11-01,260.684149,325.845966,265.905336
2016-11-02,259.781312,325.513385,263.835034
2016-11-03,261.007306,326.950248,266.175314
2016-11-04,259.700147,324.965812,265.384512
2016-11-07,259.186784,323.735625,265.850884
2016-11-08,261.328455,326.358257,266.996430
2016-11-09,259.777104,325.167266,265.401617
2016-11-10,261.719064,327.542944,268.393228
2016-11-11,261.668627,327.844939,270.492670
2016-11-14,260.557848,326.780993,271.772185
2016-11-15,261.058004,327.522171,271.293258
2016-11-16,261.131926,327.632599,271.261234
2016-11-17,260.931176,327.259379,271.823863
2016-11-18,259.886664,324.994648,270.400318
2016-11-21,261.043744,325.983957,272.770358
2016-11-22,261.525064,326.775015,275.407187
2016-11-23,263.821283,327.287921,275.671106
2016-11-24,265.221720,328.106767,276.291644
2016-11-25,267.100146,329.397013,278.832735
2016-11-28,266.577916,329.564442,280.580575
2016-11-29,269.644413,331.551388,283.056572
2016-11-30,266.902618,328.537940,280.065644
2016-12-01,268.139499,330.312056,282.164766
2016-12-02,266.343526,327.181933,280.421733
2016-12-05,264.323236,323.830387,276.128194
2016-12-06,264.722977,323.681089,275.199110
2016-12-07,264.915483,324.627934,276.384971
2016-12-08,266.799322,324.858455,276.005912
2016-12-09,268.438266,324.995547,278.602282
2016-12-12,264.564531,316.673342,273.757153
2016-12-13,263.796483,316.867686,273.368234
2016-12-14,262.638769,314.357090,271.794696
2016-12-15,257.102361,310.569498,267.695298
2016-12-16,257.167240,311.858592,267.623659
2016-12-19,256.323676,311.615589,266.767345
2016-12-20,254.692924,310.044489,265.113802
2016-12-21,255.574758,311.749439,268.163194
2016-12-22,254.444840,310.784514,268.468108
2016-12-23,251.989799,307.620488,266.674146
2016-12-26,252.911856,308.370279,267.979282
2016-12-27,252.633900,308.078223,266.938563
2016-12-28,251.920912,307.074280,265.924326
2016-12-29,251.936535,306.991493,265.526506
2016-12-30,254.286418,309.163732,266.445536
2017-01-03,256.575638,311.187230,269.167697
2017-01-04,259.854211,314.743800,270.995971
2017-01-05,259.252084,314.143264,271.676408
2017-01-06,257.646689,311.813984,271.118724
2017-01-09,258.213450,312.551100,272.430047
2017-01-10,258.130279,312.262581,271.878172
2017-01-11,256.187833,309.217718,270.206829
2017-01-12,255.401524,307.391804,269.235898
2017-01-13,256.274513,307.420846,269.990035
2017-01-16,257.799184,306.968621,271.259507
2017-01-17,258.660470,308.415782,271.454692
2017-01-18,261.104575,310.332939,272.629676
2017-01-19,260.580579,309.169106,271.593190
2017-01-20,262.002709,311.689350,272.864230
2017-01-23,261.809219,312.403690,273.634321
2017-01-24,262.894935,312.900699,274.793637
2017-01-25,263.552109,314.528711,275.423210
2017-01-26,263.865571,315.135449,276.127342
2017-02-03,262.255214,314.405584,274.043849
2017-02-06,262.686939,315.449286,274.675937
2017-02-07,262.359120,315.492429,274.076363
2017-02-08,263.050103,316.589661,275.088914
2017-02-09,263.549357,317.089119,276.109329
2017-02-10,264.164014,317.468791,277.659633
2017-02-13,266.658863,320.595306,279.430272
2017-02-14,266.062204,320.407864,279.459812
2017-02-15,265.726117,318.295287,279.277286
2017-02-16,266.438115,319.582261,280.200661
2017-02-17,265.945174,318.536270,278.290404
2017-02-20,271.108576,323.729293,282.041246
2017-02-21,270.936572,324.222865,282.811596
2017-02-22,272.119436,325.610395,283.488601
2017-02-23,271.455623,325.376223,282.092393
2017-02-24,271.213979,325.174654,281.872220
2017-02-27,269.011127,323.067174,279.583674
2017-02-28,268.991300,323.352236,280.120661
2017-03-01,268.901553,323.444264,280.522008
2017-03-02,267.361468,321.641708,278.767201
2017-03-03,267.305862,321.981301,277.577739
2017-03-06,268.239327,323.262664,278.456867
2017-03-07,270.194642,324.918562,279.193363
2017-03-08,269.552993,323.889573,279.120552
2017-03-09,267.771714,321.556851,277.195036
2017-03-10,268.595230,323.015709,276.836725
2017-03-13,270.755916,326.413469,278.955465
2017-03-14,270.446664,325.803232,279.059378
2017-03-15,270.834106,325.702084,279.451150
2017-03-16,271.275170,326.564643,280.772505
2017-03-17,268.960161,323.703326,278.129271
2017-03-20,271.048064,324.532682,279.125569
2017-03-21,274.470742,328.120121,280.300696
2017-03-22,273.723850,327.583643,278.780631
2017-03-23,274.583370,328.805653,279.322581
2017-03-24,276.534621,330.755767,281.562529
2017-03-27,274.833767,329.572374,281.013829
2017-03-28,273.862954,328.491386,280.248780
2017-03-29,273.678261,327.716666,280.278531
2017-03-30,272.540352,325.498322,278.760247
2017-03-31,274.708839,327.881414,280.450915
2017-04-05,277.754122,332.467466,284.012413
2017-04-06,278.864054,333.096424,284.783283
2017-04-07,278.685247,332.794566,285.420520
2017-04-10,277.413989,331.182651,284.637179
2017-04-11,277.504012,332.079053,285.570948
2017-04-12,276.671519,330.633218,285.208817
2017-04-13,276.565937,331.267070,285.195464
2017-04-14,275.012317,328.964282,283.112245
2017-04-17,275.123036,328.179299,282.572712
2017-04-18,275.114889,328.385577,280.852715
2017-04-19,274.225216,327.200233,278.884180
2017-04-20,277.238674,330.462296,279.744772
2017-04-21,277.813276,330.378068,280.771362
2017-04-24,275.684249,326.913724,278.619642
2017-04-25,277.444505,328.495603,279.126998
2017-04-26,276.775730,327.257004,279.475179
2017-04-27,277.015392,327.061294,279.962095
2017-04-28,275.867347,325.552551,279.559070
2017-05-02,274.765600,323.623342,278.068212
2017-05-03,274.843498,323.074555,276.843924
2017-05-04,274.332493,322.006681,276.385914
2017-05-05,273.605627,320.410929,275.075782
2017-05-08,272.750828,318.488220,274.007013
2017-05-09,272.006225,317.965402,273.358233
2017-05-10,273.064230,317.263397,272.422861
2017-05-11,275.382244,319.103509,274.404182
2017-05-12,279.127365,322.358591,277.012504
2017-05-15,280.983093,325.467012,277.960085
2017-05-16,282.359057,328.363987,279.126153
2017-05-17,279.248959,325.458731,277.343050
2017-05-18,278.791200,324.727293,276.652857
2017-05-19,280.197197,324.981930,276.963938
2017-05-22,282.822194,325.964879,278.030115
2017-05-23,287.146012,328.728458,280.202839
2017-05-24,286.662914,328.359252,279.986907
2017-05-25,291.798709,332.281629,284.551061
2017-05-26,291.194122,330.753438,284.496454
2017-05-31,291.928069,331.130730,285.594447
2017-06-01,294.758630,332.890264,286.753571
2017-06-02,292.668559,331.519778,285.631447
2017-06-05,290.107009,330.029701,283.035669
2017-06-06,292.691049,332.280082,284.405450
2017-06-07,296.383245,337.452094,287.224780
2017-06-08,299.312369,339.461890,288.877386
2017-06-09,301.649549,341.973942,289.917339
2017-06-12,303.159554,343.187955,289.686641
2017-06-13,302.967706,343.801162,290.013071
2017-06-14,297.434644,338.491042,286.826865
2017-06-15,295.321664,337.243232,285.635198
2017-06-16,293.351987,335.816801,284.718683
2017-06-19,296.478568,338.596802,286.561653
2017-06-20,295.331686,338.026783,286.244167
2017-06-21,299.655973,343.093632,288.843653
2017-06-22,301.479093,343.051525,289.697978
2017-06-23,303.939760,346.140127,291.846687
2017-06-26,306.986384,351.308599,294.341214
2017-06-27,308.664531,352.714595,294.658832
2017-06-28,306.247471,350.985443,292.843315
2017-06-29,308.284306,353.524589,294.463876
2017-06-30,307.726589,353.192682,294.738998
2017-07-03,304.824611,350.830748,293.791526
2017-07-04,302.031917,348.186805,292.272234
2017-07-05,307.243632,352.983716,294.682300
2017-07-06,307.785837,352.816597,295.036490
2017-07-07,305.550672,351.701401,294.684180
2017-07-10,306.478689,350.350987,295.107060
2017-07-11,309.819324,352.525151,296.136659
2017-07-12,307.968836,350.392517,295.396680
2017-07-13,311.198855,354.054928,297.776571
2017-07-14,313.676771,355.640907,298.849281
2017-07-17,313.817069,353.719272,298.651401
2017-07-18,313.217739,353.806132,298.489986
2017-07-19,316.320869,360.902666,302.018743
2017-07-20,317.965713,361.865120,303.388408
2017-07-21,316.281532,360.343352,302.364923
2017-07-24,317.583709,361.619357,303.098656
2017-07-25,316.300692,360.110610,302.460079
2017-07-26,314.111753,358.140956,302.552885
2017-07-27,313.741874,356.930659,302.320813
2017-07-28,314.691602,358.147298,302.933281
2017-07-31,315.360661,361.374051,303.867100
2017-08-01,319.298498,363.767097,306.585398
2017-08-02,318.007361,362.824244,306.335591
2017-08-03,313.456446,359.506748,303.829122
2017-08-04,311.826733,358.749267,302.759484
2017-08-07,313.982685,361.337428,303.857740
2017-08-08,313.635949,361.643290,304.272809
2017-08-09,314.618242,363.728728,303.120301
2017-08-10,314.052548,362.895995,302.219663
2017-08-11,308.408000,355.093706,297.594923
2017-08-14,312.132442,360.131601,299.855414
2017-08-15,313.419752,361.432568,301.335221
2017-08-16,312.139279,359.978152,300.624222
2017-08-17,312.765206,361.492669,302.155170
2017-08-18,313.222288,361.432087,302.277769
2017-08-21,315.096477,364.685226,303.500718
2017-08-22,317.956976,366.240736,304.511894
2017-08-23,319.179792,365.850608,305.433017
2017-08-24,317.851275,363.401205,304.258919
2017-08-25,323.064884,369.101351,310.312501
2017-08-28,325.079878,371.883990,312.863919
2017-08-29,324.613512,370.769329,312.738904
2017-08-30,324.033668,371.027896,312.087357
2017-08-31,322.062264,369.843422,310.601846
2017-09-01,321.445200,370.425202,309.929178
2017-09-04,323.133042,373.084888,311.698681
2017-09-05,323.520290,373.193313,312.700297
2017-09-06,321.895019,372.096389,312.297255
2017-09-07,319.194180,370.046641,310.375255
2017-09-08,318.361086,369.352820,310.054038
2017-09-11,317.121072,368.699936,310.038738
2017-09-12,319.635431,370.637517,310.983766
2017-09-13,320.233341,371.387019,311.037570
2017-09-14,318.079719,370.172835,309.703372
2017-09-15,317.917295,370.789646,308.718251
2017-09-18,317.791870,371.252128,309.337195
2017-09-19,317.979429,370.116377,308.762739
2017-09-20,317.746074,371.180787,309.269132
2017-09-21,320.241081,370.767014,309.762870
2017-09-22,321.038870,370.487762,310.061842
2017-09-25,322.809706,369.569426,310.093361
2017-09-26,322.969309,370.103256,310.297797
2017-09-27,322.327862,372.033637,309.781858
2017-09-28,323.235450,373.016232,309.755734
2017-09-29,323.037292,373.754395,310.058544
2017-10-09,326.530195,378.132220,312.847723
2017-10-10,326.653326,377.096512,313.286697
2017-10-11,329.316293,378.554800,314.603240
2017-10-12,330.687234,381.466900,314.900550
2017-10-13,330.841405,383.959680,315.032997
2017-10-16,332.780824,384.766167,315.547575
2017-10-17,332.353556,385.114371,314.923602
2017-10-18,336.576912,388.878692,317.998018
2017-10-19,338.275065,388.547740,317.860965
2017-10-20,335.546962,387.192452,316.955410
2017-10-23,335.034333,387.976168,316.718126
2017-10-24,337.441297,392.133921,318.794368
2017-10-25,338.532644,395.613894,319.244707
2017-10-26,339.695868,397.599431,319.804860
2017-10-27,346.228790,401.060876,322.235319
2017-10-30,347.068754,402.963245,322.350018
2017-10-31,345.783046,404.343612,321.502056
2017-11-01,345.741003,403.118252,321.504948
2017-11-02,346.051205,403.541940,321.434704
2017-11-03,347.069400,404.087061,321.045108
2017-11-06,349.458748,411.442319,322.227539
2017-11-07,351.609564,413.683638,324.946512
2017-11-08,349.644583,410.486328,324.412638
2017-11-09,352.029478,416.014165,325.805559
2017-11-10,354.435833,420.434766,326.852273
2017-11-13,358.027725,424.374718,328.598616
2017-11-14,355.609978,420.467031,326.783796
2017-11-15,354.449539,416.978469,324.520023
2017-11-16,358.043909,421.792919,325.586700
2017-11-17,361.161503,421.098315,327.969776
2017-11-20,363.852456,424.628106,329.800246
2017-11-21,367.415306,430.424841,333.728833
2017-11-22,368.921581,428.754849,336.189935
2017-11-23,358.092052,412.824943,327.563403
2017-11-24,356.790215,411.382028,327.619989
2017-11-27,351.506042,402.270273,323.914420
2017-11-28,352.100994,406.278363,323.607735
2017-11-29,351.610237,407.036038,323.459183
2017-11-30,347.881874,401.043956,320.637951
2017-12-01,345.632199,401.430593,319.907211
2017-12-04,348.894154,405.754731,321.374423
2017-12-05,352.557481,406.088901,323.898890
2017-12-06,348.849000,402.900558,321.649639
2017-12-07,343.638906,396.672192,318.374112
2017-12-08,346.848319,402.568390,319.818588
2017-12-11,352.891819,410.584318,323.896341
2017-12-12,348.741750,406.190263,319.593735
2017-12-13,352.178366,409.002824,322.110617
2017-12-14,350.296233,406.414598,320.129201
2017-12-15,345.831376,400.838573,316.874680
2017-12-18,348.935057,403.286773,317.765951
2017-12-19,353.737278,408.119944,321.339492
2017-12-20,354.630837,407.933339,321.403314
2017-12-21,357.316089,414.069599,323.453916
2017-12-22,356.101886,412.853571,322.764362
2017-12-25,356.757333,411.177133,322.130085
2017-12-26,358.093656,412.044252,323.806390
2017-12-27,351.905990,404.700938,319.794446
2017-12-28,357.230835,408.749230,322.238453
2017-12-29,357.364213,410.734675,323.204846
2018-01-02,362.317934,416.042444,327.580479
2018-01-03,363.179522,418.362939,329.209661
2018-01-04,365.156571,420.337421,331.041563
2018-01-05,366.343104,419.871959,331.901311
2018-01-08,367.382139,421.395266,333.664567
2018-01-09,371.367274,426.529404,335.064002
2018-01-10,374.868599,427.630069,337.704145
2018-01-11,375.341720,428.053608,337.848628
2018-01-12,379.407382,430.185500,339.412116
2018-01-15,383.439010,429.033115,340.829032
2018-01-16,384.584331,432.410786,342.879314
2018-01-17,383.252778,428.913244,343.125263
2018-01-18,390.211998,431.897051,346.640930
2018-01-19,391.785189,433.824675,348.319054
2018-01-22,396.533349,440.620806,350.871809
2018-01-23,402.703528,444.468923,356.522547
2018-01-24,400.124684,442.673510,357.351905
2018-01-25,399.092774,442.226104,355.742680
2018-01-26,400.949045,443.983669,357.347151
2018-01-29,395.343290,435.060112,352.755409
2018-01-30,390.310931,430.216530,347.945737
2018-01-31,396.411787,432.767587,350.106928
2018-02-01,398.351356,430.174449,350.184116
2018-02-02,401.617289,436.317395,352.655194
2018-02-05,404.149975,436.428794,355.406900
2018-02-06,394.817142,423.502463,345.870582
2018-02-07,379.526530,411.680920,335.994638
2018-02-08,371.394345,408.708682,329.476593
2018-02-09,357.906723,392.819807,315.807819
2018-02-12,360.072275,401.317637,317.297137
2018-02-13,366.586701,406.483562,321.173241
2018-02-14,370.494613,410.333061,323.096642
2018-02-22,379.417194,420.897820,330.561129
2018-02-23,381.541721,422.392907,332.381843
2018-02-26,384.541868,429.503395,335.507460
2018-02-27,375.375073,420.836701,329.873686
2018-02-28,369.825299,418.110156,325.943963
2018-03-01,371.940210,421.069134,327.304076
2018-03-02,368.166741,415.523152,324.777320
2018-03-05,366.668512,415.344151,324.621499
2018-03-06,368.846131,421.535075,327.651700
2018-03-07,367.506481,417.705964,325.984334
2018-03-08,369.751042,420.840832,327.854404
2018-03-09,371.417029,424.855241,329.435260
2018-03-12,372.068847,427.112670,330.311092
2018-03-13,370.259026,423.535090,328.365611
2018-03-14,369.491251,423.023505,326.992111
2018-03-15,373.542741,427.133820,328.494128
2018-03-16,369.124198,421.925580,325.380348
2018-03-19,371.603175,423.137525,326.420448
2018-03-20,372.886377,423.549156,327.536747
2018-03-21,371.696190,421.897373,326.372293
2018-03-22,367.091103,415.478389,323.728023
2018-03-23,358.592226,405.030383,315.600630
2018-03-26,351.338554,404.363277,311.495333
2018-03-27,351.827769,407.823635,313.458585
2018-03-28,345.277711,398.505875,308.501257
2018-03-29,351.648390,402.680107,312.901663
2018-03-30,350.275108,405.302563,312.478244
2018-04-02,346.363369,402.508419,311.081190
2018-04-03,344.979265,400.947488,308.718614
2018-04-04,345.003280,399.014176,308.169767
2018-04-09,344.123997,397.429721,308.426928
2018-04-10,354.308216,407.301910,314.886585
2018-04-11,356.597392,408.786109,316.507381
2018-04-12,350.867290,405.500347,313.061532
2018-04-13,347.602379,402.436762,310.698464
2018-04-16,339.098165,395.652096,305.056909
2018-04-17,333.306713,384.897128,300.977262
2018-04-18,334.818350,386.382228,303.026389
2018-04-19,339.985264,392.047653,306.455120
2018-04-20,337.766425,389.184840,302.872356
2018-04-23,340.284442,390.022485,303.411111
2018-04-24,346.937092,398.442955,309.218658
2018-04-25,344.924458,399.202426,307.444834
2018-04-26,338.064385,389.432597,302.894909
2018-04-27,337.490746,391.003541,304.006443
2018-05-02,339.592532,395.238696,304.230547
2018-05-03,340.933259,397.985384,306.244584
2018-05-04,338.666051,398.132626,304.786470
2018-05-07,344.593022,405.802913,309.450774
2018-05-08,349.238543,409.705098,312.445929
2018-05-09,348.955264,409.467790,312.185557
2018-05-10,351.267294,414.489608,313.846794
2018-05-11,351.327655,412.165409,312.999031
2018-05-14,356.250953,418.373627,315.331958
2018-05-15,356.718448,420.991251,316.176659
2018-05-16,352.886922,419.890815,313.171454
2018-05-17,349.854729,414.956665,311.441564
2018-05-18,353.989640,418.402310,316.060538
2018-05-21,354.487281,419.067739,317.034922
2018-05-22,352.529184,419.533916,315.789150
2018-05-23,346.698049,413.516506,310.800227
2018-05-24,342.973694,410.849887,308.668754
2018-05-25,341.709743,410.855348,307.444933
2018-05-28,344.519859,415.351460,308.251389
2018-05-29,342.200953,408.273938,306.490301
2018-05-30,336.315553,400.429497,299.854126
2018-05-31,343.986604,412.138811,305.399731
2018-06-01,341.425158,405.958417,303.636578
2018-06-04,348.112383,410.570994,306.480789
2018-06-05,351.821942,417.868769,308.183203
2018-06-06,350.360807,418.473869,307.489497
2018-06-07,350.540979,417.442796,307.459519
2018-06-08,346.095233,413.887345,303.219587
2018-06-11,347.221204,412.781471,302.820855
2018-06-12,352.072250,420.822622,306.010973
2018-06-13,349.919659,417.289205,303.696330
2018-06-14,348.469000,413.162184,303.066023
2018-06-15,349.206572,412.412413,302.460315
2018-06-19,342.374714,399.836924,294.465705
2018-06-20,343.864515,405.100555,294.560379
2018-06-21,342.582969,402.287425,291.552025
2018-06-22,343.305509,405.247969,292.141720
2018-06-25,338.337227,400.546096,288.160540
2018-06-26,332.726749,393.625771,285.236722
2018-06-27,323.485440,381.682503,280.865659
2018-06-28,317.607553,375.161897,278.442790
2018-06-29,326.512982,388.073961,284.324535
2018-07-02,314.661228,377.721459,275.636613
2018-07-03,313.059017,373.901521,275.702468
2018-07-04,309.996636,367.626625,273.285538
2018-07-05,311.615416,365.420429,272.935979
2018-07-06,314.621850,367.438959,274.397824
2018-07-09,326.278689,380.547258,281.882396
2018-07-10,326.810086,384.693384,282.681405
2018-07-11,323.020158,380.731357,277.970477
2018-07-12,330.129785,389.641639,283.562636
2018-07-13,327.759434,393.027180,282.593497
2018-07-16,324.226081,391.859712,280.370283
2018-07-17,321.808012,388.385292,278.130748
2018-07-18,319.996218,385.248288,276.992917
2018-07-19,319.054649,381.552768,276.431694
2018-07-20,327.588369,386.536649,282.727129
2018-07-23,330.082513,387.734832,286.136470
2018-07-24,334.035989,393.038128,290.304145
2018-07-25,334.236776,393.311395,290.127185
2018-07-26,329.886046,387.680712,287.220008
2018-07-27,328.754353,384.928451,286.409401
2018-07-30,328.634782,381.287349,286.649032
2018-07-31,329.641288,381.562200,287.538855
2018-08-01,322.722343,372.598337,281.800413
2018-08-02,314.879746,364.954815,276.123383
2018-08-03,310.271260,354.408634,272.971827
2018-08-06,307.833026,344.521390,270.649729
2018-08-07,315.884552,355.125152,278.538206
2018-08-08,310.507561,347.749048,274.901874
2018-08-09,318.562279,359.042290,280.266453
2018-08-10,318.286922,362.147101,279.990301
2018-08-13,314.926052,361.398095,278.200626
2018-08-14,313.325909,358.858136,277.404925
2018-08-15,305.536672,348.929514,271.535476
2018-08-16,304.405047,346.424480,270.100426
2018-08-17,300.478996,338.408797,267.131969
2018-08-20,304.926815,340.637093,270.676330
2018-08-21,311.460626,351.249651,274.669663
2018-08-22,309.952700,348.222703,272.948585
2018-08-23,310.602765,348.841817,273.657182
2018-08-24,311.466023,348.458125,274.645408
2018-08-27,319.511368,361.256677,280.534676
2018-08-28,318.410899,360.552682,279.897338
2018-08-29,317.868065,358.783905,279.081682
2018-08-30,314.538458,356.201602,276.136577
2018-08-31,312.957469,352.367626,275.580019
2018-09-03,311.917806,350.583638,274.793262
2018-09-04,315.291814,354.006391,277.854544
2018-09-05,308.594430,346.518510,272.657036
2018-09-06,304.272136,341.460363,270.427316
2018-09-07,307.016264,345.013524,271.623836
2018-09-10,304.251470,339.517856,268.719627
2018-09-11,303.522004,339.024997,268.231554
2018-09-12,299.336745,334.090542,266.488442
2018-09-13,302.481467,334.766017,269.913385
2018-09-14,304.246318,336.380477,270.479010
2018-09-17,301.407846,331.116096,267.850097
2018-09-18,306.752503,338.238078,272.716304
2018-09-19,311.296580,345.404074,276.300423
2018-09-20,311.876509,345.676300,276.356315
2018-09-21,325.583878,359.130381,284.650530
2018-09-25,322.808030,356.888710,282.326517
2018-09-26,329.021133,362.179445,285.518828
2018-09-27,328.446355,361.233790,284.890815
2018-09-28,331.563036,364.643573,287.775384
2018-10-08,314.207357,346.441764,275.845628
2018-10-09,314.242609,344.728842,276.156045
2018-10-10,310.900178,341.251441,276.140410
2018-10-11,298.877520,325.616027,263.653811
2018-10-12,306.930798,332.460895,267.785590
2018-10-15,303.018911,327.241027,263.987999
2018-10-16,301.609317,321.211500,262.704347
2018-10-17,301.629732,322.115601,264.287282
2018-10-18,293.687878,313.733795,257.096157
2018-10-19,303.867431,324.328006,264.145227
2018-10-22,316.645450,341.082350,274.543988
2018-10-23,304.098296,329.587345,267.384682
2018-10-24,301.431532,324.224743,267.961323
2018-10-25,298.759984,321.133507,268.393270
2018-10-26,295.466262,316.907584,267.299535
2018-10-29,278.128588,303.277338,260.228687
2018-10-30,278.730895,305.463809,262.540674
2018-10-31,286.537965,312.534550,265.905005
2018-11-01,291.283319,317.301575,266.744862
2018-11-02,306.625294,332.925618,274.808966
2018-11-05,301.669001,328.952261,272.388590
2018-11-06,299.022533,327.683841,271.158209
2018-11-07,298.078706,326.919037,269.187782
2018-11-08,298.309182,325.276766,268.836651
2018-11-09,293.184930,322.231983,264.450959
2018-11-12,294.850860,326.514866,266.847541
2018-11-13,298.428991,330.115255,268.875164
2018-11-14,293.887910,326.729227,265.712462
2018-11-15,296.591578,330.090679,268.569368
2018-11-16,297.242880,330.421513,269.437929
2018-11-19,300.608784,333.189351,272.467857
2018-11-20,293.504274,325.188333,266.798568
2018-11-21,294.929409,327.562493,267.146188
2018-11-22,293.918665,326.558398,266.364219
2018-11-23,289.219637,319.249249,261.192236
2018-11-26,289.161511,317.805778,260.874435
2018-11-27,287.625211,317.863851,260.231018
2018-11-28,291.834080,321.762269,263.246015
2018-11-29,288.934913,318.210331,260.415804
2018-11-30,293.158924,322.951809,263.027480
2018-12-03,304.779217,335.080949,269.814204
2018-12-04,304.647590,335.446875,270.340280
2018-12-05,303.962471,335.197422,269.090025
2018-12-06,295.233743,324.912122,263.917160
2018-12-07,292.935925,322.397910,263.907354
2018-12-10,288.743068,316.901247,261.435717
2018-12-11,291.017368,319.904364,262.249874
2018-12-12,292.460019,320.734640,263.204174
2018-12-13,298.888650,326.933985,266.874274
2018-12-14,294.197588,320.766492,263.053364
2018-12-17,292.232883,318.464229,263.295065
2018-12-18,289.497430,315.084067,260.610132
2018-12-19,284.467682,309.855090,257.804217
2018-12-20,281.541354,308.638775,255.652143
2018-12-21,277.366485,304.830531,253.026206
2018-12-24,279.451071,308.157988,253.859315
2018-12-25,278.578533,306.838348,252.000221
2018-12-26,276.501796,305.361383,251.167813
2018-12-27,276.002085,303.786883,250.312326
2018-12-28,278.938505,305.780115,251.644270
2019-01-02,275.190308,299.344909,248.185019
2019-01-03,272.499496,295.057566,248.113206
2019-01-04,278.105245,301.644964,253.385724
2019-01-07,279.521083,304.148101,254.468614
2019-01-08,279.099355,304.163416,253.810948
2019-01-09,284.539866,307.995605,256.268424
2019-01-10,285.168990,307.474181,255.385938
2019-01-11,288.119906,308.947129,257.182689
2019-01-14,284.230692,304.954074,255.013134
2019-01-15,294.093234,313.973798,259.250669
2019-01-16,295.059566,315.432227,259.362294
2019-01-17,293.643126,313.580717,258.286175
2019-01-18,300.222982,319.684247,262.778752
2019-01-21,302.546476,322.363372,264.329350
2019-01-22,297.653233,317.461552,260.985147
2019-01-23,297.505503,317.762002,260.929023
2019-01-24,300.220640,319.938252,262.155424
2019-01-25,303.123947,322.199851,264.387021
2019-01-28,303.153185,322.643424,264.408352
2019-01-29,305.520948,324.092695,265.463890
2019-01-30,302.461966,320.883219,263.609346
2019-01-31,307.750763,322.253267,266.661174
2019-02-01,312.229698,329.115858,269.583931
2019-02-11,320.821805,338.668786,273.116589
2019-02-12,322.212574,343.050753,274.742066
2019-02-13,327.749338,349.632723,279.891468
2019-02-14,329.585568,350.928293,279.702273
2019-02-15,321.394752,342.864895,274.645455
2019-02-18,331.588316,355.595154,282.454105
2019-02-19,329.940177,353.050467,282.095444
2019-02-20,329.981113,353.014656,283.204541
2019-02-21,328.822785,351.794662,282.188230
2019-02-22,333.082694,356.778559,287.317143
2019-02-25,348.415024,373.150151,303.820920
2019-02-26,341.749479,370.935517,300.397134
2019-02-27,341.636340,368.182017,300.722668
2019-02-28,345.059283,371.898127,299.528337
2019-03-01,353.952623,378.732879,306.046518
2019-03-04,356.771517,383.760650,308.932562
2019-03-05,356.577865,386.116829,309.783582
2019-03-06,355.855297,386.652774,312.387703
2019-03-07,347.746063,380.823452,308.847102
2019-03-08,339.210771,369.859324,296.531836
2019-03-11,345.371815,379.336313,301.775618
2019-03-12,345.416465,381.852361,303.656998
2019-03-13,345.319636,377.145990,301.117361
2019-03-14,348.124901,376.210283,299.346289
2019-03-15,353.393574,382.848907,302.409767
2019-03-18,365.297267,395.458324,310.419906
2019-03-19,361.973257,394.615740,308.964882
2019-03-20,362.194657,392.787407,308.582434
2019-03-21,361.837746,394.093564,308.669976
2019-03-22,363.303018,394.688367,308.443744
2019-03-25,354.990267,389.472693,301.128295
2019-03-26,353.895768,385.026099,297.949938
2019-03-27,360.802989,390.646621,300.932395
2019-03-28,363.920038,390.603111,299.547073
2019-03-29,378.586650,404.539663,310.034114
2019-04-01,385.382864,416.483119,317.205758
2019-04-02,384.055743,414.612934,316.782358
2019-04-03,386.278018,417.237427,320.486114
2019-04-04,390.852835,419.137193,324.256710
2019-04-08,394.079371,418.745223,324.384061
2019-04-09,393.178459,418.502409,324.721987
2019-04-10,397.710729,419.548959,325.194438
2019-04-11,389.470741,409.153472,319.252322
2019-04-12,388.586629,409.436607,318.868386
2019-04-15,385.564346,405.791480,318.271651
2019-04-16,395.558018,413.948344,326.722640
2019-04-17,396.828705,415.340660,327.019296
2019-04-18,395.053977,414.904869,325.501348
2019-04-19,397.928178,417.198682,328.684604
2019-04-22,391.595492,412.425678,321.737412
2019-04-23,394.865066,410.210954,321.167777
2019-04-24,396.679503,412.565099,321.555921
2019-04-25,392.004770,405.899720,315.172909
2019-04-26,385.108128,398.906620,311.351865
2019-04-29,391.610584,400.512524,312.482200
2019-04-30,392.108763,403.921508,313.434793
2019-05-06,373.425680,382.128672,297.118071
2019-05-07,376.877972,388.314182,299.113179
2019-05-08,370.314683,382.229606,295.068952
2019-05-09,363.344979,377.345740,290.098370
2019-05-10,378.421187,391.831151,299.138667
2019-05-13,373.318959,387.944442,294.614165
2019-05-14,370.242207,385.517200,292.873007
2019-05-15,381.869201,394.916310,298.680058
2019-05-16,383.021427,396.836065,300.026762
2019-05-17,374.452947,386.960524,293.557081
2019-05-20,368.999141,382.873763,292.029542
2019-05-21,374.421696,389.814456,295.244998
2019-05-22,373.773319,389.458065,293.893154
2019-05-23,366.476509,381.444406,289.731819
2019-05-24,368.477184,379.848874,290.422566
2019-05-27,372.566360,387.121442,293.169335
2019-05-28,379.156828,393.221432,295.869567
2019-05-29,379.144743,390.532530,295.227646
2019-05-30,378.735997,390.201512,294.179345
2019-05-31,378.541702,392.632968,292.888066
2019-06-03,378.956521,390.757871,293.095847
2019-06-04,373.892160,386.548085,290.988618
2019-06-05,371.036119,382.509533,291.138653
2019-06-06,367.473423,378.079585,288.809083
2019-06-10,373.384821,382.998318,292.093783
2019-06-11,385.647719,395.635338,299.027146
2019-06-12,383.813017,392.920207,297.120140
2019-06-13,384.102745,393.096660,296.572677
2019-06-14,382.928332,390.357434,294.591931
2019-06-17,382.979557,389.466869,294.986728
2019-06-18,385.471311,392.026627,295.600309
2019-06-19,391.140431,397.251669,298.276873
2019-06-20,403.924126,406.709614,305.977280
2019-06-21,403.074907,407.893406,306.370682
2019-06-24,404.980302,408.606110,307.155113
2019-06-25,400.653933,406.272904,304.086804
2019-06-26,399.501307,406.382646,303.815373
2019-06-27,405.018810,410.105917,306.630593
2019-06-28,403.053035,409.539062,305.514509
2019-07-01,415.407172,420.077505,312.837935
2019-07-02,414.989371,420.901654,313.145434
2019-07-03,407.189268,415.852709,309.666094
2019-07-04,402.526424,411.160761,308.520845
2019-07-05,408.128636,415.139821,309.553979
2019-07-08,399.776936,405.736054,302.513406
2019-07-09,398.493396,405.756566,301.604684
2019-07-10,398.751733,405.085826,300.878122
2019-07-11,399.154492,404.702582,301.081981
2019-07-12,399.956948,406.011072,302.931193
2019-07-15,401.447374,410.526703,303.577543
2019-07-16,398.619428,408.096733,302.538182
2019-07-17,398.158015,408.775869,302.060398
2019-07-18,394.733638,404.452538,299.482023
2019-07-19,399.267909,407.918129,302.210349
2019-07-22,398.793807,405.422434,300.517034
2019-07-23,399.225974,408.954191,301.038588
2019-07-24,400.779736,412.560122,303.086370
2019-07-25,405.729499,415.912404,305.102102
2019-07-26,407.595663,418.506944,305.737724
2019-07-29,408.672255,420.221076,305.347630
2019-07-30,408.684610,420.454967,306.545772
2019-07-31,406.876328,419.465051,304.105853
2019-08-01,403.346915,416.636541,301.520609
2019-08-02,400.503891,413.623563,297.181380
2019-08-05,393.120149,406.381101,291.670512
2019-08-06,391.933289,402.691319,288.578032
2019-08-07,391.960460,404.025551,287.543507
2019-08-08,399.708466,409.923256,290.879601
2019-08-09,396.033585,405.564235,288.934456
2019-08-12,404.757902,411.420128,293.417792
2019-08-13,402.792188,409.603151,291.068697
2019-08-14,406.632146,411.701618,292.386827
2019-08-15,407.919022,413.899685,292.978876
2019-08-16,411.741876,416.436054,293.746653
2019-08-19,416.541631,422.706956,299.083997
2019-08-20,417.555627,421.913323,298.850478
2019-08-21,416.360389,420.781341,298.401486
2019-08-22,421.137757,423.319525,299.072769
2019-08-23,428.913462,427.344763,301.002319
2019-08-26,422.459520,424.424928,296.964971
2019-08-27,426.687030,431.554673,300.760683
2019-08-28,424.806037,430.309356,299.540748
2019-08-29,424.638160,430.745039,298.694989
2019-08-30,430.303400,432.586199,299.571319
2019-09-02,433.267532,440.391240,302.688503
2019-09-03,433.209276,441.056740,303.010176
2019-09-04,433.170194,441.905450,305.588183
2019-09-05,438.394799,445.344138,308.329076
2019-09-06,439.796589,445.951423,310.078357
2019-09-09,439.622944,449.072122,311.668559
2019-09-10,436.922600,446.466470,310.648414
2019-09-11,428.194058,441.091430,308.872982
2019-09-12,433.264555,444.278029,311.516145
2019-09-16,433.748307,445.364429,311.085277
2019-09-17,428.392118,438.393777,306.186739
2019-09-18,436.088484,441.260392,307.453057
2019-09-19,435.783478,442.554986,308.355346
2019-09-20,438.115212,443.276343,309.250060
2019-09-23,432.878020,437.078214,305.908134
2019-09-24,435.249036,437.441168,306.593880
2019-09-25,433.433540,433.703667,304.280075
2019-09-26,430.167276,426.675696,302.748209
2019-09-27,432.563778,429.518499,303.102708
2019-09-30,426.174364,425.001902,300.673435
2019-10-08,430.624382,428.076701,302.253773
2019-10-09,431.024603,431.009879,302.747960
2019-10-10,434.093798,436.478297,304.579164
2019-10-11,440.039104,440.199399,307.676237
2019-10-14,443.590499,443.394594,310.808264
2019-10-15,444.069644,439.921127,309.835595
2019-10-16,439.983123,437.185710,308.824641
2019-10-17,442.067238,437.358563,308.944723
2019-10-18,435.946778,430.967612,305.064727
2019-10-21,438.552194,432.700087,306.517770
2019-10-22,439.561629,435.176595,307.503645
2019-10-23,436.780830,432.326447,306.111069
2019-10-24,435.476993,430.849650,306.070150
2019-10-25,440.384077,438.460941,308.073502
2019-10-28,443.452043,442.612336,309.902048
2019-10-29,443.186032,439.211010,308.606304
2019-10-30,442.729267,437.085816,307.647027
2019-10-31,442.224247,433.927961,307.323140
2019-11-01,448.660714,441.073527,311.314674
2019-11-04,453.502905,443.693564,313.237368
2019-11-05,456.988734,447.537718,315.135758
2019-11-06,454.814181,443.589427,314.077099
2019-11-07,455.009594,444.412954,314.127958
2019-11-08,452.473919,440.530607,312.504069
2019-11-11,448.181421,434.007572,307.365681
2019-11-12,448.594751,434.332102,307.620084
2019-11-13,449.267583,434.671052,306.950721
2019-11-14,448.859866,434.927693,306.950597
2019-11-15,446.598525,430.256749,305.128974
2019-11-18,450.699703,434.379567,307.507928
2019-11-19,452.857094,438.918102,309.956007
2019-11-20,448.348017,434.087988,307.331125
2019-11-21,445.263307,432.107894,306.074381
2019-11-22,437.362124,426.911608,303.375987
2019-11-25,438.493924,427.564030,306.180396
2019-11-26,439.445105,429.346929,307.247636
2019-11-27,439.437991,426.432593,306.194615
2019-11-28,437.234125,425.412752,304.926931
2019-11-29,429.793974,421.774871,302.191993
2019-12-02,431.148791,424.039698,302.533047
2019-12-03,431.791857,425.638556,303.263239
2019-12-04,431.647383,426.060797,302.775336
2019-12-05,436.145853,431.024512,304.847019
2019-12-06,440.290349,432.951063,306.440800
2019-12-09,437.610930,431.474237,306.146407
2019-12-10,437.427590,430.732186,306.219676
2019-12-11,438.249507,431.374748,306.793885
2019-12-12,435.719654,429.804990,305.858082
2019-12-13,446.713730,438.985891,311.577011
2019-12-16,445.638703,442.821085,312.495170
2019-12-17,451.314632,448.227578,316.476236
2019-12-18,450.195804,446.144646,315.848105
2019-12-19,448.367053,444.919307,315.774220
2019-12-20,446.861848,444.739622,315.091722
2019-12-23,441.955725,437.551226,311.472081
2019-12-24,443.596009,440.760280,312.867661
2019-12-25,442.099725,440.582458,312.413336
2019-12-26,445.315622,445.570639,315.025163
2019-12-27,447.039701,445.455967,315.368442
2019-12-30,455.451342,455.035571,319.539325
2019-12-31,456.733068,459.043632,320.433881
2020-01-02,459.053850,466.914327,324.168365
2020-01-03,455.713547,466.147826,323.632322
2020-01-06,454.317477,465.904153,322.868307
2020-01-07,458.542488,469.663726,324.955475
2020-01-08,452.009041,462.924856,321.499621
2020-01-09,457.425856,467.740171,324.507112
2020-01-10,458.233207,466.969703,324.362915
2020-01-13,464.463983,473.443386,326.794840
2020-01-14,460.325550,469.467230,325.646999
2020-01-15,458.926685,468.255597,323.633346
2020-01-16,456.649163,467.221618,321.826662
2020-01-17,456.391972,468.913085,321.901630
2020-01-20,459.747150,473.884353,323.554391
2020-01-21,451.226310,465.660245,318.351528
2020-01-22,453.010091,470.386382,319.113735
2020-01-23,438.905814,455.401822,310.215638
2020-02-03,406.207666,417.812676,286.937595
2020-02-04,419.237832,431.479483,293.432223
2020-02-05,422.308803,436.725609,296.170591
2020-02-06,430.000123,447.941706,300.763422
2020-02-07,429.434826,447.960285,300.514967
2020-02-10,431.565565,453.977825,301.543651
2020-02-11,437.470649,456.519477,304.316851
2020-02-12,439.457857,460.521964,306.309917
2020-02-13,436.642700,458.840346,304.378809
2020-02-14,439.799745,463.919059,306.283560
2020-02-17,448.154627,476.176135,312.450127
2020-02-18,444.602770,474.325443,310.695079
2020-02-19,446.521274,475.161429,310.617757
2020-02-20,457.584883,489.325234,316.597000
2020-02-21,456.694103,490.974548,316.642841
2020-02-24,451.973100,490.559397,314.296521
2020-02-25,449.788018,491.127051,312.709116
2020-02-26,446.310610,483.932966,310.788817
2020-02-27,449.891285,488.178846,311.537041
2020-02-28,434.352418,468.950294,301.633714
2020-03-02,447.819545,487.117275,310.717644
2020-03-03,451.057826,490.719179,312.448898
2020-03-04,454.728265,494.807493,314.281822
2020-03-05,468.059142,505.032119,320.804728
2020-03-06,459.494602,495.010403,316.020089
2020-03-09,443.911306,478.449499,306.486985
2020-03-10,453.696695,488.483490,312.137471
2020-03-11,449.454263,481.682451,308.786011
2020-03-12,440.425844,470.762239,303.490201
2020-03-13,432.606167,465.093934,299.218055
2020-03-16,412.078960,440.471750,288.821605
2020-03-17,407.740429,438.763940,287.235272
2020-03-18,397.387337,431.101037,281.813361
2020-03-19,389.260033,427.877373,277.212643
2020-03-20,400.696381,437.017151,282.447589
2020-03-23,387.636653,418.410089,273.600348
2020-03-24,400.354411,428.965744,280.803994
2020-03-25,413.851012,445.924779,287.998090
2020-03-26,412.018447,443.361456,286.254524
2020-03-27,413.117832,441.853429,287.410314
2020-03-30,408.583246,434.184650,285.142356
2020-03-31,415.599109,439.524982,285.556478
2020-04-01,414.750205,439.963420,284.427501
2020-04-02,425.554532,452.348405,289.062933
2020-04-03,424.141190,450.826617,287.352813
2020-04-07,436.990170,466.638682,293.095177
2020-04-08,434.080801,463.634817,291.615274
2020-04-09,435.206301,466.446606,292.147890
2020-04-10,433.578648,460.684009,290.439520
2020-04-13,430.560843,456.724861,289.379075
2020-04-14,440.692903,471.238949,294.159493
2020-04-15,438.578581,469.733446,292.236569
2020-04-16,438.451538,471.461658,292.431083
2020-04-17,446.601584,477.273068,295.581359
2020-04-20,449.137562,480.763869,296.131448
2020-04-21,443.046530,475.366770,292.810669
2020-04-22,449.967427,480.263396,294.842615
2020-04-23,448.688233,477.412836,294.379643
2020-04-24,445.460369,473.216461,292.006597
2020-04-27,450.390513,476.375690,293.792147
2020-04-28,458.526708,485.323266,295.371299
2020-04-29,457.191685,484.180273,296.981380
2020-04-30,461.100929,494.687480,300.084646
2020-05-06,467.753291,502.008416,301.207838
2020-05-07,470.104270,504.050333,300.294423
2020-05-08,472.398597,507.315901,302.947893
2020-05-11,471.196415,504.834561,303.018305
2020-05-12,474.703683,509.008574,302.700523
2020-05-13,477.524005,513.191112,303.246964
2020-05-14,472.494451,507.759731,300.065182
2020-05-15,470.598284,507.567918,299.208267
2020-05-18,473.632052,505.543361,300.062070
2020-05-19,478.598622,513.815426,302.407574
2020-05-20,476.242004,507.937460,301.080979
2020-05-21,476.280120,504.132538,299.744698
2020-05-22,462.184574,491.116727,293.348554
2020-05-25,465.560769,490.915587,293.710325
2020-05-26,470.455362,500.442401,296.318119
2020-05-27,463.784854,492.744808,294.825150
2020-05-28,464.425380,492.900772,295.887864
2020-05-29,469.204616,500.390023,296.144707
2020-06-01,485.985664,517.879925,303.334364
2020-06-02,486.236949,515.558305,304.459770
2020-06-03,487.011786,516.578601,304.773071
2020-06-04,488.496436,518.128909,304.329693
2020-06-05,492.770373,522.097984,305.919585
2020-06-08,491.460675,520.978325,307.523961
2020-06-09,495.175189,525.298650,309.354164
2020-06-10,498.115985,529.318063,308.515874
2020-06-11,492.861469,526.203315,305.308596
2020-06-12,495.096642,528.013983,305.517601
2020-06-15,486.134641,520.183124,301.479817
2020-06-16,494.282569,530.104531,305.718130
2020-06-17,495.259568,531.982175,305.855260
2020-06-18,500.423702,538.321748,307.542461
2020-06-19,510.122375,549.394514,310.998632
2020-06-22,509.947170,550.339117,310.598589
2020-06-23,516.681727,557.530684,311.800928
2020-06-24,517.926624,559.568408,313.371159
2020-06-29,516.250387,557.821598,311.379472
2020-06-30,524.004035,570.011540,313.917169
2020-07-01,534.438522,578.151462,320.407552
2020-07-02,543.258551,583.494117,327.615978
2020-07-03,546.756402,586.586770,334.339878
2020-07-06,568.251977,606.807323,354.282085
2020-07-07,583.578807,620.522772,356.257391
2020-07-08,589.465416,629.486728,361.153828
2020-07-09,597.706860,641.825861,365.252435
2020-07-10,593.791455,638.061180,357.358090
2020-07-13,611.878448,658.539622,363.643709
2020-07-14,606.804590,652.391205,360.108555
2020-07-15,604.826134,649.516809,355.265534
2020-07-16,567.132367,611.519280,339.327793
2020-07-17,576.646996,623.158569,340.967001
2020-07-20,585.655812,634.520049,350.851743
2020-07-21,591.462264,641.790332,351.568784
2020-07-22,594.139231,645.806666,353.062562
2020-07-23,594.738287,646.268181,352.104489
2020-07-24,566.485512,610.021534,338.215223
2020-07-27,571.283161,613.382840,339.970599
2020-07-28,582.423346,623.902902,342.778248
2020-07-29,593.336656,643.320333,349.962557
2020-07-30,591.550968,640.739739,348.218324
2020-07-31,596.223247,650.612918,350.411731
2020-08-03,600.558117,660.043078,355.280209
2020-08-04,601.196661,657.625300,356.673294
2020-08-05,602.524693,664.008804,356.027001
2020-08-06,594.468862,656.103889,355.633761
2020-08-07,587.399573,646.473819,351.658079
2020-08-10,587.501650,646.025879,353.531438
2020-08-11,586.167085,639.181900,350.892979
2020-08-12,582.290539,633.299439,349.241108
2020-08-13,579.716030,629.120454,348.597226
2020-08-14,590.216797,640.413250,354.090842
2020-08-17,602.523461,652.156044,362.842659
2020-08-18,604.530335,654.999107,362.949333
2020-08-19,597.492258,645.546440,358.141356
2020-08-20,590.519127,638.015442,353.399552
2020-08-21,596.727438,646.569147,356.154562
2020-08-24,607.018522,660.088463,358.265718
2020-08-25,615.313662,665.668155,358.854729
2020-08-26,612.437699,659.943836,355.543655
2020-08-27,618.818649,668.780424,357.139851
2020-08-28,630.009758,684.229275,364.659053
2020-08-31,628.329279,678.490140,362.644589
2020-09-01,632.393778,683.791031,364.514104
2020-09-02,634.931633,687.640094,364.430177
2020-09-03,629.904733,682.959764,362.370779
2020-09-04,620.239456,674.153691,358.793532
2020-09-07,601.874145,649.100060,351.958336
2020-09-08,602.934127,648.144515,354.620870
2020-09-09,587.713433,627.590208,347.856468
2020-09-10,592.333165,630.631913,348.142408
2020-09-11,603.602084,645.095387,351.071943
2020-09-14,608.667608,649.044966,352.608842
2020-09-15,610.677957,652.361689,354.726911
2020-09-16,602.001389,645.425543,352.972587
2020-09-17,595.129280,642.124232,350.775650
2020-09-18,606.822848,651.566524,358.776990
2020-09-21,598.393218,644.900164,355.481252
2020-09-22,595.501523,639.422628,351.536553
2020-09-23,602.405717,651.620463,352.209908
2020-09-24,591.672994,639.081114,346.451517
2020-09-25,594.383297,641.448902,346.733319
2020-09-28,597.664818,639.349107,348.007846
2020-09-29,600.378359,645.110153,348.351767
2020-09-30,603.794634,646.320587,348.167392
2020-10-09,619.127130,667.542877,354.052040
2020-10-12,641.051132,688.165385,364.257631
2020-10-13,643.718729,692.832398,365.209992
2020-10-14,636.975873,685.612630,362.814174
2020-10-15,632.928475,681.992265,362.523451
2020-10-16,628.444489,677.635582,362.563975
2020-10-19,619.175706,666.178438,360.403935
2020-10-20,629.127421,674.799873,362.814501
2020-10-21,624.238652,666.853034,363.468213
2020-10-22,620.296307,658.959733,362.245730
2020-10-23,604.650494,638.198833,358.071999
2020-10-26,598.012994,637.673687,355.651940
2020-10-27,604.090144,650.816412,356.459670
2020-10-28,615.556356,659.070995,358.940245
2020-10-29,621.833734,664.332437,360.773818
2020-10-30,611.223456,653.342089,355.372223
2020-11-02,615.554192,660.079053,357.058864
2020-11-03,620.841192,665.156789,361.307475
2020-11-04,626.025519,670.408473,363.255831
2020-11-05,634.823490,680.096994,367.801805
2020-11-06,627.532031,673.065284,367.463247
2020-11-09,642.815650,693.179798,374.196880
2020-11-10,638.550441,685.891449,372.582084
2020-11-11,626.980421,668.840964,370.005551
2020-11-12,629.238117,673.059169,369.633671
2020-11-13,622.907594,670.468940,365.624840
2020-11-16,626.680481,672.983000,369.155881
2020-11-17,618.688234,663.710297,368.441836
2020-11-18,609.724557,651.719311,368.362787
2020-11-19,617.101361,658.953702,371.085434
2020-11-20,619.056380,661.428963,371.971937
2020-11-23,626.721789,666.002485,376.591845
2020-11-24,622.577426,661.376226,374.590043
2020-11-25,609.403978,646.569017,369.964780
2020-11-26,608.233587,643.517361,370.761056
2020-11-27,614.070886,649.129897,376.096655
2020-11-30,610.968440,651.391024,373.990644
2020-12-01,624.735908,668.507890,381.308248
2020-12-02,624.550765,667.260846,381.004490
2020-12-03,630.617179,672.685238,380.186480
2020-12-04,641.785674,680.908333,380.885475
2020-12-07,643.586902,679.590056,377.624887
2020-12-08,646.933379,679.630438,376.899745
2020-12-09,641.199057,670.996917,372.596224
2020-12-10,644.353894,675.311029,372.465721
2020-12-11,639.806103,671.221664,369.316491
2020-12-14,648.227492,680.622268,371.782158
2020-12-15,652.094620,686.202124,371.867966
2020-12-16,656.842634,686.441083,372.830871
2020-12-17,666.374931,694.090150,377.306925
2020-12-18,662.290663,693.348046,376.028570
2020-12-21,673.090636,707.692881,378.808541
2020-12-22,673.302429,698.613159,373.049885
2020-12-23,675.434949,706.706511,375.408437
2020-12-24,675.356714,707.632178,374.919711
2020-12-25,683.622885,717.829433,378.124409
2020-12-28,686.880314,716.367578,379.951196
2020-12-29,682.188159,711.788241,378.394215
2020-12-30,698.311373,725.343766,383.077530
2020-12-31,713.297271,739.706380,390.017106
2021-01-04,722.493460,756.558167,393.239944
2021-01-05,746.267635,780.580679,399.541821
2021-01-06,756.660884,787.629341,403.701780
2021-01-07,774.504938,806.808920,410.375413
2021-01-08,762.459247,801.179861,408.868960
2021-01-11,752.726238,791.875054,404.666033
2021-01-12,775.286661,817.360467,415.317945
2021-01-13,769.658049,809.382601,414.207172
2021-01-14,750.351809,791.058235,407.734521
2021-01-15,740.282418,787.936416,406.567723
2021-01-18,745.039582,802.404696,409.605125
2021-01-19,729.056426,783.969415,404.781996
2021-01-20,742.390528,800.251592,406.663690
2021-01-21,759.432486,816.727227,412.348536
2021-01-22,767.474124,828.422998,411.420431
2021-01-25,782.978366,829.369710,416.012755
2021-01-26,763.731520,808.935274,408.805387
2021-01-27,759.045067,811.389196,409.374723
2021-01-28,740.567920,784.278093,399.960568
2021-01-29,742.967923,780.131460,398.689988
2021-02-01,750.681297,792.829228,402.711549
2021-02-02,770.854840,814.372825,408.298856
2021-02-03,773.716286,812.247749,407.426636
2021-02-04,779.359465,805.005089,406.817772
2021-02-05,784.789468,803.499398,408.154657
2021-02-08,799.205949,820.358437,413.185074
2021-02-09,820.237224,838.948033,421.374147
2021-02-10,854.418404,866.331404,430.758807
2021-02-18,826.062918,847.954190,428.403057
2021-02-19,822.952272,838.200852,429.451484
2021-02-22,773.380943,799.562648,417.848907
2021-02-23,771.726217,790.169579,417.133534
2021-02-24,739.339463,763.938408,406.377802
2021-02-25,734.792438,759.076365,409.190046
2021-02-26,719.200058,739.676607,399.563363
2021-03-01,733.514029,757.272147,404.691002
2021-03-02,718.618207,750.577597,399.164278
2021-03-03,732.256725,760.258367,407.153652
2021-03-04,697.163633,725.931300,395.918581
2021-03-05,699.877575,727.252690,395.374895
2021-03-08,659.445388,688.432168,382.994361
2021-03-09,643.888099,664.824792,375.922742
2021-03-10,657.776539,677.368171,377.472409
2021-03-11,675.817418,692.389043,386.374208
2021-03-12,674.053529,691.547497,387.697177
2021-03-15,647.268535,662.376480,381.146549
2021-03-16,654.831258,664.668339,384.393624
2021-03-17,664.397308,677.846472,385.167343
2021-03-18,674.955705,687.668165,388.085233
2021-03-19,652.815966,666.818058,378.046791
2021-03-22,650.948301,666.559010,381.479840
2021-03-23,642.911639,654.457746,378.195505
2021-03-24,632.038002,638.657302,372.618292
2021-03-25,634.227644,646.451694,372.383630
2021-03-26,654.911206,670.022949,379.871304
2021-03-29,657.967983,672.337147,381.269587
2021-03-30,670.930650,687.412040,384.849384
2021-03-31,658.245818,676.330218,381.975493
2021-04-01,675.246342,691.847873,386.220676
2021-04-02,696.405905,706.524826,390.005285
2021-04-06,689.564164,703.861503,388.322388
2021-04-07,675.448638,697.011004,385.660315
2021-04-08,679.758749,701.515436,386.397303
2021-04-09,661.375332,686.886142,380.891979
2021-04-12,643.746188,661.727459,375.443752
2021-04-13,644.696543,665.777182,374.555955
2021-04-14,654.795875,677.148077,377.037090
2021-04-15,651.170907,675.898565,374.682276
2021-04-16,653.837339,673.839927,376.579215
2021-04-19,673.060906,697.541080,384.681114
2021-04-20,675.686414,701.053391,384.113824
2021-04-21,677.378731,704.001290,384.769059
2021-04-22,674.191834,703.430013,383.967013
2021-04-23,691.055565,715.154164,387.132988
2021-04-26,681.383062,707.917411,382.829659
2021-04-27,688.774770,716.260209,383.879078
2021-04-28,694.848735,728.454112,385.912708
2021-04-29,697.306686,731.277265,388.851243
2021-04-30,692.817694,727.310098,385.645507
2021-05-06,678.294053,718.204103,382.054065
2021-05-07,664.759287,706.060162,378.112380
2021-05-10,662.944210,705.066380,378.102263
2021-05-11,671.926820,706.439621,380.593191
2021-05-12,677.962517,711.786950,382.559958
2021-05-13,671.338150,705.080486,379.051805
2021-05-14,688.342119,722.834375,387.189138
2021-05-17,710.067166,747.424589,392.359030
2021-05-18,710.970056,749.849572,393.083635
2021-05-19,712.318701,750.476824,391.645923
2021-05-20,713.293629,749.410243,392.319482
2021-05-21,706.483630,743.423465,388.746151
2021-05-24,711.922893,746.535933,390.553498
2021-05-25,740.041531,768.995584,402.378848
2021-05-26,738.530919,764.136765,402.620679
2021-05-27,741.351618,766.932344,403.790114
2021-05-28,737.216272,761.056852,402.751594
2021-05-31,740.472391,771.481339,402.898151
2021-06-01,749.631236,781.808124,403.721010
2021-06-02,742.564646,773.345104,400.582486
2021-06-03,737.558604,765.017595,398.448450
2021-06-04,742.213089,770.531179,400.106010
2021-06-07,742.099145,772.606097,399.911958
2021-06-08,727.082253,762.579356,396.580199
2021-06-09,731.655208,771.053234,397.435572
2021-06-10,744.062907,783.725655,399.689477
2021-06-11,736.120603,778.725780,396.414585
2021-06-15,729.739020,773.068844,392.416050
2021-06-16,709.581761,745.904009,387.243452
2021-06-17,713.991248,755.228506,387.594748
2021-06-18,712.771108,761.814474,386.816409
2021-06-21,714.054982,764.884761,385.811726
2021-06-22,718.278914,770.848550,388.708975
2021-06-23,714.916094,772.573955,390.075280
2021-06-24,718.876907,771.303689,391.253082
2021-06-25,734.641953,791.118254,397.102166
2021-06-28,742.197848,798.749112,397.561332
2021-06-29,732.245776,790.744156,392.670063
2021-06-30,735.045511,795.594792,394.815842
2021-07-01,737.059970,792.646465,395.493338
2021-07-02,710.158384,767.461059,385.072065
2021-07-05,708.819344,769.363496,385.437031
2021-07-06,706.193775,764.005075,385.331447
2021-07-07,719.419420,786.915178,388.390528
2021-07-08,710.768710,779.104778,384.048778
2021-07-09,705.778049,776.063648,382.547717
2021-07-12,718.433672,795.379301,385.783252
2021-07-13,724.516960,797.447588,386.760828
2021-07-14,718.477698,788.545352,382.260156
2021-07-15,729.488984,798.766778,386.758331
2021-07-16,716.126859,785.426318,383.030309
2021-07-19,722.420372,790.255193,384.329057
2021-07-20,723.844536,793.467657,383.824971
2021-07-21,729.625906,807.343749,385.653237
2021-07-22,726.963369,805.743445,386.442144
2021-07-23,714.860231,793.959980,382.814672
2021-07-26,683.311821,767.502270,370.931795
2021-07-27,652.377048,733.577482,359.269839
2021-07-28,657.797505,736.820661,359.584577
2021-07-29,671.736174,759.797916,364.383846
2021-07-30,654.161933,746.985161,360.994963
2021-08-02,681.998739,775.179021,370.029007
2021-08-03,688.069872,779.397286,369.832600
2021-08-04,694.500461,796.080182,372.329113
2021-08-05,688.514147,793.306107,370.117996
2021-08-06,683.765813,789.247687,368.335078
2021-08-09,689.710055,794.601859,372.950851
2021-08-10,704.980299,799.006594,377.566634
2021-08-11,693.924962,791.892443,376.065188
2021-08-12,683.342285,783.200312,373.233931
2021-08-13,684.009369,782.007502,371.485583
2021-08-16,681.691166,773.212405,371.529312
2021-08-17,660.270133,750.573048,364.222720
2021-08-18,659.300997,754.286772,368.478078
2021-08-19,656.226224,756.868028,365.698473
2021-08-20,633.016588,736.066064,359.278276
2021-08-23,644.831913,756.730107,363.736325
2021-08-24,658.520361,767.177043,367.498893
2021-08-25,665.932590,770.652848,369.007963
2021-08-26,647.689052,754.519276,362.413795
2021-08-27,650.941113,757.254839,364.558538
2021-08-30,655.824723,765.518185,363.655819
2021-08-31,643.839824,758.320165,363.857175
2021-09-01,648.720175,753.853340,369.054440
2021-09-02,643.028380,746.789724,369.669671
2021-09-03,640.249596,733.514199,368.395450
2021-09-06,656.913485,755.723127,374.477986
2021-09-07,661.772566,764.791689,378.789499
2021-09-08,653.714468,756.947874,377.802483
2021-09-09,654.486756,759.070263,378.596236
2021-09-10,661.168500,762.216152,381.448100
2021-09-13,655.566151,757.641395,380.987466
2021-09-14,653.207015,755.393183,375.473594
2021-09-15,643.065117,750.026798,372.106849
2021-09-16,637.331228,735.257702,368.187464
2021-09-17,648.271268,744.541226,370.748112
2021-09-22,644.355984,742.063075,369.069428
2021-09-23,643.699882,742.783074,371.073164
2021-09-24,643.157088,739.351019,370.579783
2021-09-27,640.232254,733.474375,373.080188
2021-09-28,635.215392,730.907152,373.949546
2021-09-29,623.688906,716.721602,369.684219
2021-09-30,637.820667,731.318485,371.908212
2021-10-08,636.834107,730.251811,376.698889
2021-10-11,635.184869,728.337367,377.583487
2021-10-12,627.054600,715.128917,374.173554
2021-10-13,646.078203,733.505225,377.489166
2021-10-14,647.640377,734.902349,375.874919
2021-10-15,654.473577,739.749198,377.601983
2021-10-18,654.345255,739.673361,373.864393
2021-10-19,658.562022,745.996199,376.924162
2021-10-20,660.092286,745.690901,375.907216
2021-10-21,655.420105,742.748817,377.251616
2021-10-22,654.138308,740.872771,378.746020
2021-10-25,668.975591,756.649480,380.691494
2021-10-26,666.887942,756.079476,379.289959
2021-10-27,661.907155,747.438125,374.994691
2021-10-28,650.209921,734.516367,371.634311
2021-10-29,662.262514,746.377472,374.346594
2021-11-01,651.749041,736.606121,372.588979
2021-11-02,648.811016,735.215678,368.680324
2021-11-03,638.700563,727.634189,367.085619
2021-11-04,647.303414,735.030871,370.399931
2021-11-05,639.084875,725.917065,368.264835
2021-11-08,648.859529,734.478085,368.831154
2021-11-09,653.219328,739.116352,368.560228
2021-11-10,646.105938,732.281805,366.355136
2021-11-11,651.515829,738.999390,371.561201
2021-11-12,652.418555,740.671771,370.879070
2021-11-15,640.521835,729.152577,370.232694
2021-11-16,638.242058,727.865035,370.132688
2021-11-17,644.747183,735.003264,370.472802
2021-11-18,640.256676,728.695013,367.428345
2021-11-19,643.917809,733.594733,371.378404
2021-11-22,657.120427,746.931461,373.050139
2021-11-23,653.702048,744.968861,373.127516
2021-11-24,650.391368,740.748437,373.611570
2021-11-25,646.382979,738.090380,371.951589
2021-11-26,647.754321,738.686403,369.285402
2021-11-29,648.235753,736.197710,368.578836
2021-11-30,647.398859,735.157592,367.302755
2021-12-01,641.916870,729.083533,368.492835
2021-12-02,644.079214,730.393999,369.541513
2021-12-03,647.481376,736.137542,373.010101
2021-12-06,641.451259,730.094690,372.279904
2021-12-07,641.086148,729.613074,374.406510
2021-12-08,652.314570,742.320728,379.461859
2021-12-09,660.633577,753.829864,385.206569
2021-12-10,661.156240,753.213417,383.421483
2021-12-13,664.636053,757.509852,384.818284
2021-12-14,657.951827,750.148837,382.317166
2021-12-15,649.581491,740.770108,379.456813
2021-12-16,652.419942,746.439148,381.775625
2021-12-17,638.145201,731.798815,375.895055
2021-12-20,623.340131,713.939036,371.979994
2021-12-21,627.216282,719.983043,374.467217
2021-12-22,626.527112,719.853216,374.490174
2021-12-23,630.900984,724.851737,377.176542
2021-12-24,617.960135,712.603344,376.343218
2021-12-27,617.574121,712.491745,376.114690
2021-12-28,628.856977,721.808953,378.200929
2021-12-29,620.393745,712.986608,372.817193
2021-12-30,623.986004,718.850137,375.165180
2021-12-31,629.463034,722.511148,376.586288
2022-01-04,616.554075,706.467736,376.324032
2022-01-05,600.676486,690.148441,373.724412
2022-01-06,593.977648,683.692945,370.157549
2022-01-07,589.611403,679.473149,371.391248
2022-01-10,589.787286,680.463769,372.897969
2022-01-11,582.868198,670.638762,369.606349
2022-01-12,597.105350,686.248600,372.409683
2022-01-13,587.976554,675.904298,367.149525
2022-01-14,587.838815,675.471504,362.955963
2022-01-17,592.864772,681.643421,364.994286
2022-01-18,599.600782,689.187129,369.583945
2022-01-19,588.759704,678.265504,368.018951
2022-01-20,587.507065,676.037929,371.363169
2022-01-21,580.876998,668.588958,367.942835
2022-01-24,585.206600,673.750654,367.869514
2022-01-25,571.616031,658.423520,359.834330
2022-01-26,579.058890,664.388526,362.180803
2022-01-27,561.899015,645.122780,355.660332
2022-01-28,552.169727,637.748436,350.522599
2022-02-07,562.224319,647.722902,356.991912
2022-02-08,550.714598,636.365205,357.308174
2022-02-09,557.566882,643.326645,360.190289
2022-02-10,551.816696,638.557051,360.689977
2022-02-11,544.384756,631.662321,359.514430
2022-02-14,541.367622,628.206078,355.319979
2022-02-15,554.989825,642.228488,357.306043
2022-02-16,557.300607,643.461494,358.567477
2022-02-17,564.218686,650.263268,358.946973
2022-02-18,562.825648,649.405513,361.063743
2022-02-21,560.805223,645.640366,360.090385
2022-02-22,557.697705,642.035437,355.714603
2022-02-23,570.441067,655.105462,358.123686
2022-02-24,561.279983,643.910935,351.543695
2022-02-25,570.414535,654.870083,353.563062
2022-02-28,576.905500,660.049531,354.025850
2022-03-01,577.475367,659.284674,357.223753
2022-03-02,571.690493,653.363940,355.118060
2022-03-03,562.254957,644.684632,353.556595
2022-03-04,553.764328,636.509520,349.918431
2022-03-07,535.833719,615.428028,340.256612
2022-03-08,525.576015,599.742257,333.601619
2022-03-09,520.991440,592.873583,329.959569
2022-03-10,537.540600,610.072572,334.096810
2022-03-11,535.935555,609.408234,335.120170
2022-03-14,516.631160,588.081585,325.881609
2022-03-15,498.335332,564.895458,310.674834
2022-03-16,521.039430,588.970458,322.410145
2022-03-17,531.783122,601.764756,327.656562
2022-03-18,529.070646,599.103213,330.424380
2022-03-21,531.648865,601.054790,329.512993
2022-03-22,531.898850,599.253604,330.006438
2022-03-23,533.355118,602.171286,331.425970
2022-03-24,531.929717,599.507130,329.560747
2022-03-25,522.598482,587.075799,324.446790
2022-03-28,524.759722,587.740747,323.316936
2022-03-29,526.996966,589.222410,322.454399
2022-03-30,537.651410,602.819520,330.780586
2022-03-31,532.699017,595.729984,329.071051
2022-04-01,536.425683,600.790448,333.227218
2022-04-06,535.166402,599.954815,332.638830
2022-04-07,529.591467,591.710054,328.876830
2022-04-08,534.304564,596.912278,330.774882
2022-04-11,516.902704,577.315088,321.569091
2022-04-12,521.554823,583.592027,327.442203
2022-04-13,519.283271,578.798802,325.135252
2022-04-14,523.656370,586.664222,329.479041
2022-04-15,519.281374,584.549980,329.006548
2022-04-18,516.786141,583.999621,326.714648
2022-04-19,518.944306,584.483993,325.092192
2022-04-20,501.183942,565.442805,320.561685
2022-04-21,489.618058,550.422687,315.140996
2022-04-22,493.143961,552.319116,317.034031
2022-04-25,468.244276,523.379210,302.402415
2022-04-26,463.252395,517.027513,300.528586
2022-04-27,480.791593,536.174268,307.851082
2022-04-28,489.215485,549.136666,310.741920
2022-04-29,501.965685,563.006476,317.444137
2022-05-05,499.419215,563.860507,317.159443
2022-05-06,488.760334,551.132004,309.519550
2022-05-09,487.328740,550.638340,307.423927
2022-05-10,491.328396,557.221198,309.850937
2022-05-11,500.197329,565.086472,313.320121
2022-05-12,496.144382,561.489520,312.043278
2022-05-13,505.669033,570.210808,314.785569
2022-05-16,502.619236,567.156877,312.532873
2022-05-17,510.705607,575.702311,315.954830
2022-05-18,508.269448,574.144758,314.695327
2022-05-19,513.536999,582.897608,315.023749
2022-05-20,521.258250,590.089584,320.842363
2022-05-23,519.326041,589.864277,319.026216
2022-05-24,508.791971,576.374556,312.798912
2022-05-25,514.331349,582.129090,314.851110
2022-05-26,516.324730,585.716319,315.776606
2022-05-27,520.400823,586.860308,316.825845
2022-05-30,520.175616,586.044942,318.734439
2022-05-31,526.725677,593.017439,323.449511
2022-06-01,527.464686,592.227346,322.631157
2022-06-02,528.346968,593.559356,322.777423
2022-06-06,540.708939,606.501715,327.654852
2022-06-07,538.867600,605.977482,328.701583
2022-06-08,544.056596,610.778171,332.142695
2022-06-09,539.425228,607.384136,329.321636
2022-06-10,550.056850,618.967994,333.819159
2022-06-13,544.796415,616.210643,329.777724
2022-06-14,550.735767,619.552073,333.591065
2022-06-15,552.645844,620.199360,337.803845
2022-06-16,546.541234,616.648876,334.878282
2022-06-17,553.398457,622.403128,338.914602
2022-06-20,549.587924,621.547243,339.688147
2022-06-21,547.547363,619.014412,339.881524
2022-06-22,542.140148,613.744109,335.523033
2022-06-23,552.594049,623.102896,340.946793
2022-06-24,558.281715,628.689098,344.196919
2022-06-27,561.730322,634.691701,347.871932
2022-06-28,564.736080,640.444477,350.661123
2022-06-29,555.259043,627.648915,346.304327
2022-06-30,558.393586,632.692622,350.624116
2022-07-01,559.191988,632.607828,349.282171
2022-07-04,563.409509,639.017977,350.891485
2022-07-05,566.782231,640.648725,350.639673
2022-07-06,556.675569,629.986874,345.084556
2022-07-07,565.275982,637.849490,345.872361
2022-07-08,561.674480,632.715901,345.576354
2022-07-11,548.517388,621.451733,340.121050
2022-07-12,544.734986,617.542446,337.127709
2022-07-13,549.807716,620.206906,337.151453
2022-07-14,553.195971,622.850847,336.307842
2022-07-15,543.409797,612.614908,330.292831
2022-07-18,551.103170,617.301489,333.947069
2022-07-19,544.416196,612.089583,332.746095
2022-07-20,545.433253,613.520734,334.003506
2022-07-21,535.805012,603.336328,329.957645
2022-07-22,537.949778,603.831068,330.298202
2022-07-25,533.409879,598.749356,328.945945
2022-07-26,539.678852,608.036727,331.388240
2022-07-27,537.996014,609.401616,329.455283
2022-07-28,537.509511,608.834218,329.524250
2022-07-29,530.154230,599.332478,325.278216
2022-08-01,535.960072,603.195341,326.316864
2022-08-02,525.494558,591.543809,320.217002
2022-08-03,520.072035,586.096063,317.441167
2022-08-04,522.345424,589.575455,320.215313
2022-08-05,526.550766,595.752173,323.652084
2022-08-08,528.864595,599.249195,323.068076
2022-08-09,534.585297,605.812641,323.586393
2022-08-10,531.760970,602.932270,320.467123
2022-08-11,538.826805,611.528965,326.866263
2022-08-12,537.828898,609.502702,327.090000
2022-08-15,543.451129,615.934240,326.081693
2022-08-16,543.243163,615.311830,325.118017
2022-08-17,546.601074,616.953374,328.016698
2022-08-18,542.893278,612.468200,324.854204
2022-08-19,538.513708,606.048251,323.584251
2022-08-22,547.016626,614.150061,325.928841
2022-08-23,549.786297,616.636364,324.569235
2022-08-24,538.680723,603.929375,319.812043
2022-08-25,542.119661,606.756105,323.269122
2022-08-26,536.831337,602.388877,322.601962
2022-08-29,538.691718,605.449511,321.258814
2022-08-30,534.021261,601.657129,320.513039
2022-08-31,527.495117,593.153698,321.664059
2022-09-01,525.055943,591.264680,319.059973
2022-09-02,522.732633,587.714328,317.552065
2022-09-05,529.423057,593.368341,317.352282
2022-09-06,535.140917,604.891024,320.124588
2022-09-07,539.353347,610.047086,319.818230
2022-09-08,534.047703,607.825482,318.955150
2022-09-09,538.938942,612.749538,323.504029
2022-09-13,536.648258,608.853540,324.888474
2022-09-14,529.947904,602.960101,321.798522
2022-09-15,520.562791,591.030714,320.003449
2022-09-16,507.206729,575.115462,312.540565
2022-09-19,509.749237,576.492860,312.496822
2022-09-20,510.132863,579.101946,312.410925
2022-09-21,508.438154,579.186398,310.524109
2022-09-22,506.793935,576.916871,308.477834
2022-09-23,506.309552,573.799194,308.012425
2022-09-26,503.275069,569.936476,305.967124
2022-09-27,506.701598,573.380713,309.947677
2022-09-28,500.109182,561.926916,305.905669
2022-09-29,501.581881,563.805947,305.777690
2022-09-30,499.603410,559.474182,304.600398
2022-10-10,492.011117,553.081537,298.580215
2022-10-11,493.085698,555.973920,298.954558
2022-10-12,495.668199,563.736886,302.682107
2022-10-13,486.101647,555.708013,300.067403
2022-10-14,493.615803,564.204622,306.069337
2022-10-17,489.202541,560.207381,306.111452
2022-10-18,487.736836,559.072141,305.206409
2022-10-19,480.420171,553.645415,300.512341
2022-10-20,476.060513,546.751391,299.341614
2022-10-21,476.011940,548.903585,298.570660
2022-10-24,460.101450,538.371865,290.391592
2022-10-25,459.737490,540.678661,289.856241
2022-10-26,457.268329,540.585310,291.337196
2022-10-27,450.609550,538.019835,289.207464
2022-10-28,440.791268,525.883571,283.017199
2022-10-31,430.544688,513.922136,279.511545
2022-11-01,445.469510,526.057844,288.484470
2022-11-02,450.982165,533.419962,291.710302
2022-11-03,446.269063,530.011794,289.569298
2022-11-04,462.581901,548.074079,298.489357
2022-11-07,463.166964,548.153865,299.449835
2022-11-08,459.928227,545.127441,297.555885
2022-11-09,454.585967,539.987404,294.896391
2022-11-10,451.996612,533.587828,293.213765
2022-11-11,464.001095,545.759621,300.909981
2022-11-14,459.727152,540.089761,301.170333
2022-11-15,467.325742,546.574237,306.126285
2022-11-16,464.764724,541.468816,304.021192
2022-11-17,460.056451,535.436344,302.677909
2022-11-18,458.096350,532.031401,301.469065
2022-11-21,454.170774,531.635597,299.043877
2022-11-22,458.003866,534.000727,299.986365
2022-11-23,462.808179,540.176669,300.802082
2022-11-24,459.867515,539.265823,299.433842
2022-11-25,463.510189,542.930752,301.581506
2022-11-28,459.704607,538.607368,298.443287
2022-11-29,471.426412,548.556099,307.156517
2022-11-30,472.815787,550.338188,307.692541
2022-12-01,475.375487,552.084001,310.188236
2022-12-02,472.597691,547.218375,308.378076
2022-12-05,481.408368,557.694411,314.728487
2022-12-06,483.232591,558.255880,316.358856
2022-12-07,480.586687,555.926063,315.251443
2022-12-08,480.075841,555.233604,315.367580
2022-12-09,483.914591,555.888778,317.971317
2022-12-12,478.367604,547.026796,314.356823
2022-12-13,478.732683,545.590866,314.240839
2022-12-14,480.485307,545.013269,315.121391
2022-12-15,480.662977,544.805273,314.475700
2022-12-16,481.639425,544.752667,315.253618
2022-12-19,474.751167,535.620155,310.306997
2022-12-20,466.575335,529.489600,305.428903
2022-12-21,466.418385,525.815675,305.796963
2022-12-22,466.493978,522.459122,306.461022
2022-12-23,465.710302,519.939721,306.090692
2022-12-26,466.383361,525.480411,306.518132
2022-12-27,469.844726,532.032132,310.040528
2022-12-28,468.968670,529.949751,309.145019
2022-12-29,465.134202,526.846053,307.573216
2022-12-30,466.915562,528.210068,308.952306
2023-01-03,469.881587,533.040247,309.707240
2023-01-04,468.201273,531.059543,310.421222
2023-01-05,477.281431,538.008115,315.810656
2023-01-06,478.595683,539.657619,316.370162
2023-01-09,481.686362,540.654702,318.652738
2023-01-10,482.394209,540.704397,318.612952
2023-01-11,483.415873,540.848055,318.312261
2023-01-12,483.603124,541.609407,318.757644
2023-01-13,489.817182,545.550618,323.386667
2023-01-16,493.400037,548.856972,327.725709
2023-01-17,492.489988,548.639422,327.195748
2023-01-18,490.878765,548.433670,326.701070
2023-01-19,490.385709,548.508686,328.237714
2023-01-20,493.298353,553.987951,330.123096
2023-01-30,495.523840,555.426328,331.132126
2023-01-31,491.415706,553.857965,327.774037
2023-02-01,494.322415,558.240081,330.463636
2023-02-02,492.990422,556.565879,329.547493
2023-02-03,487.767097,550.017531,326.473058
2023-02-06,483.556635,545.309069,322.664423
2023-02-07,485.660130,548.720816,323.347691
2023-02-08,483.287431,545.925652,321.997368
2023-02-09,488.609632,551.133982,326.042051
2023-02-10,486.087479,547.950848,324.480367
2023-02-13,490.156172,549.976532,327.254067
2023-02-14,489.491307,549.992736,327.564179
2023-02-15,486.017097,544.505586,325.978110
2023-02-16,484.298665,539.209275,323.970610
2023-02-17,479.284067,534.396287,320.143068
2023-02-20,489.783219,544.883607,327.716540
2023-02-21,491.574554,548.062799,328.571393
2023-02-22,487.556640,545.254414,325.950816
2023-02-23,487.102991,546.461338,325.672832
2023-02-24,482.375301,541.952376,322.495246
2023-02-27,483.821404,542.634175,321.601074
2023-02-28,485.348514,544.736186,323.427383
2023-03-01,490.139855,549.077339,327.752712
2023-03-02,489.760878,548.381712,327.578404
2023-03-03,492.843397,553.429553,329.221672
2023-03-06,491.654865,553.826039,327.462793
2023-03-07,489.447171,550.439432,323.943902
2023-03-08,485.752642,547.730643,322.679280
2023-03-09,484.310981,545.241320,321.615434
2023-03-10,476.641313,536.648596,317.277094
2023-03-13,483.708738,543.295618,321.193966
2023-03-14,480.803830,539.782401,319.021692
2023-03-15,482.159555,543.114738,319.756055
2023-03-16,476.408841,534.823163,316.705814
2023-03-17,480.643666,537.865205,318.724090
2023-03-20,477.098939,531.595597,317.482620
2023-03-21,479.169314,536.751974,320.147071
2023-03-22,480.398512,537.515437,321.551168
2023-03-23,485.301181,541.223471,324.563816
2023-03-24,480.951534,538.354313,323.064336
2023-03-27,478.524964,537.696929,321.695532
2023-03-28,482.137833,542.146400,321.501613
2023-03-29,482.832330,542.852235,321.962968
2023-03-30,486.422165,547.258215,324.824604
2023-03-31,487.344727,548.157816,325.293279
2023-04-03,487.671773,548.998350,327.362709
2023-04-04,492.364494,553.038534,328.923904
2023-04-06,489.961912,551.147322,328.363500
2023-04-07,489.085067,551.378947,329.883688
2023-04-10,489.661615,551.506385,329.011979
2023-04-11,488.479761,549.796122,328.756964
2023-04-12,490.553604,550.484532,328.933146
2023-04-13,489.409801,548.240128,327.436903
2023-04-14,490.890933,549.916688,328.949852
2023-04-17,500.334506,557.643190,334.465927
2023-04-18,505.132026,561.595024,335.994638
2023-04-19,501.405430,555.948770,333.145658
2023-04-20,499.693042,552.611317,332.074099
2023-04-21,492.045498,543.977534,326.254662
2023-04-24,490.608137,540.741408,322.960840
2023-04-25,494.320703,541.614696,322.633148
2023-04-26,492.541633,542.105407,322.140012
2023-04-27,498.845226,546.280159,324.620740
2023-04-28,503.341704,549.525632,327.865499
2023-05-04,510.828299,553.563230,329.580030
2023-05-05,508.837781,549.943784,328.745786
2023-05-08,524.500228,561.224108,334.544475
2023-05-09,520.549706,556.711896,331.796321
2023-05-10,511.431227,550.510315,327.769235
2023-05-11,508.808543,548.925963,326.888699
2023-05-12,503.742817,541.983121,322.990636
2023-05-15,513.982304,552.523589,327.829550
2023-05-16,511.263761,550.630045,326.139803
2023-05-17,506.907483,547.582704,324.547559
2023-05-18,510.856312,550.055797,325.228564
2023-05-19,508.700997,548.340288,323.969504
2023-05-22,511.155477,552.496245,325.862556
2023-05-23,501.405512,543.379944,320.760969
2023-05-24,491.304227,536.157845,315.730237
2023-05-25,489.876304,536.038678,315.046069
2023-05-26,489.243435,535.679126,315.085310
2023-05-29,491.020434,534.544454,314.952082
2023-05-30,490.694198,533.335914,314.833008
2023-05-31,483.141876,525.996260,311.456296
2023-06-01,485.860223,527.058145,311.967373
2023-06-02,490.155153,531.427759,316.027865
2023-06-05,489.400292,529.642044,315.323347
2023-06-06,487.229851,524.512215,312.941232
2023-06-07,484.944280,519.135295,311.729321
2023-06-08,490.824753,523.504369,314.842754
2023-06-09,493.198683,528.018038,315.741046
2023-06-12,492.221215,528.890945,316.186378
2023-06-13,492.556474,528.946748,317.416870
2023-06-14,493.170867,529.896274,317.117925
2023-06-15,498.016474,538.862085,321.570592
2023-06-16,499.953847,542.245737,324.126450
2023-06-19,495.286944,540.735865,321.150459
2023-06-20,493.175382,540.934576,320.076272
2023-06-21,487.314677,533.248898,316.132349
2023-06-26,479.601706,526.735113,311.579279
2023-06-27,486.005264,532.335974,314.894704
2023-06-28,486.997420,533.006693,314.771279
2023-06-29,485.063306,532.367604,313.101766
2023-06-30,486.789204,534.860518,314.675767
2023-07-03,495.612187,541.813274,319.420639
2023-07-04,494.540665,542.019770,319.475844
2023-07-05,489.884338,538.912020,317.003430
2023-07-06,485.921407,533.830860,314.804404
2023-07-07,483.980830,531.377880,313.592881
2023-07-10,483.832249,531.839959,314.808774
2023-07-11,486.491611,535.374175,316.641989
2023-07-12,482.448135,530.958414,314.966109
2023-07-13,489.562939,538.157445,319.774621
2023-07-14,491.622926,539.851752,319.961741
2023-07-17,482.279896,533.719206,316.326985
2023-07-18,480.066199,531.982500,314.881678
2023-07-19,480.335062,531.259788,314.788368
2023-07-20,475.142032,524.683121,312.517831
2023-07-21,474.925321,524.761292,312.433426
2023-07-24,473.280689,523.992700,311.169518
2023-07-25,487.258756,535.907658,320.066825
2023-07-26,485.064137,533.299331,319.279423
2023-07-27,485.709316,532.685553,319.532872
2023-07-28,495.087675,540.671600,326.816341
2023-07-31,495.862200,541.398993,328.226322
2023-08-01,494.913757,539.604476,327.492405
2023-08-02,489.216035,535.222254,324.228613
2023-08-03,493.598482,539.069691,327.023927
2023-08-04,496.469882,542.918572,328.244755
2023-08-07,492.008721,537.916700,326.069242
2023-08-08,491.284972,537.050852,325.339027
2023-08-09,489.881988,534.584106,324.481275
2023-08-10,491.575672,537.652371,325.077146
2023-08-11,481.939756,527.407771,317.841396
2023-08-14,478.227849,525.084679,315.343114
2023-08-15,480.643617,524.383116,315.479579
2023-08-16,475.719036,517.741202,313.290306
2023-08-17,476.856911,521.018961,314.045632
2023-08-18,473.486970,515.162543,310.903267
2023-08-21,466.883089,509.601952,306.450732
2023-08-22,474.131165,515.296388,309.241875
2023-08-23,470.366138,509.535334,305.047319
2023-08-24,471.542375,513.194401,306.650657
2023-08-25,469.894812,508.929209,306.017562
2023-08-28,474.773565,512.488539,309.646322
2023-08-29,477.720289,519.010505,311.577429
2023-08-30,476.975187,519.405098,311.232110
2023-08-31,475.588858,517.200351,309.540737
2023-09-01,481.270415,520.625856,311.768281
2023-09-04,488.916424,527.100908,316.538456
2023-09-05,485.008611,523.410105,314.227736
2023-09-06,484.385516,521.945569,313.859253
2023-09-07,480.431448,516.066554,310.302792
2023-09-08,478.214431,513.723883,308.662657
2023-09-11,481.304040,518.306437,310.697872
2023-09-12,479.745933,517.533488,310.037209
2023-09-13,478.898054,514.844022,308.810356
2023-09-14,481.397727,516.621841,309.166682
2023-09-15,477.322320,513.071256,306.867274
2023-09-18,476.968324,512.182106,308.260514
2023-09-19,480.246043,512.537952,308.425948
2023-09-20,479.140669,511.037365,307.375831
2023-09-21,476.385915,508.991589,304.701174
2023-09-22,486.113667,519.878449,309.879682
2023-09-25,481.825170,514.370459,308.042010
2023-09-26,481.715441,515.537666,306.483251
2023-09-27,480.150167,514.656903,306.540464
2023-09-28,478.433480,512.688989,305.865183
2023-10-09,477.256878,512.741031,305.215933
2023-10-10,471.393412,505.606129,302.776990
2023-10-11,472.904734,507.939650,303.385708
2023-10-12,478.209407,511.856156,306.536015
2023-10-13,475.647728,506.482396,303.842009
2023-10-16,475.475154,504.937856,301.669841
2023-10-17,479.030010,509.535073,302.858331
2023-10-18,476.204668,503.199555,300.979521
2023-10-19,466.238234,495.351881,294.189457
2023-10-20,460.070244,488.281006,292.058370
2023-10-23,454.687701,482.015151,289.302986
2023-10-24,453.591645,482.160797,289.932349
2023-10-25,449.290984,481.869709,290.551858
2023-10-26,453.478799,485.001792,291.951872
2023-10-27,453.364944,485.757914,295.031913
2023-10-30,448.954477,485.237004,295.349677
2023-10-31,450.951500,484.914738,295.052085
2023-11-01,450.447576,483.603502,295.459176
2023-11-02,450.630065,481.299103,294.528244
2023-11-03,451.592183,484.186118,296.376237
2023-11-06,452.055896,488.956886,298.938497
2023-11-07,451.978166,489.038025,298.101375
2023-11-08,449.710569,487.842210,297.272228
2023-11-09,451.229333,488.870131,298.088939
2023-11-10,447.803226,485.174213,296.125056
2023-11-13,450.290989,487.818827,295.843949
2023-11-14,450.598059,488.959862,296.024614
2023-11-15,453.557555,491.300806,298.032756
2023-11-16,450.586893,486.924577,295.615976
2023-11-17,449.388228,486.600334,295.059374
2023-11-20,450.459359,487.351976,295.844658
2023-11-21,451.219978,486.879175,296.376992
2023-11-22,448.251370,482.547595,293.737632
2023-11-23,449.333077,484.245645,294.998678
2023-11-24,446.757007,479.968761,293.369779
2023-11-27,443.097030,476.292480,291.314769
2023-11-28,442.815086,476.261016,291.699130
2023-11-29,439.311433,471.861632,289.502400
2023-11-30,442.776677,475.190492,290.602217
2023-12-01,444.786812,479.609967,289.681280
2023-12-04,443.239237,479.260258,288.017218
2023-12-05,435.234271,470.064451,282.762270
2023-12-06,431.594073,468.326276,282.295837
2023-12-07,432.864265,470.439171,281.943418
2023-12-08,436.303272,475.064452,282.848851
2023-12-11,437.567512,478.103494,284.231127
2023-12-12,440.334936,480.167687,285.432792
2023-12-13,435.200956,473.947024,281.010025
2023-12-14,433.814744,471.919578,279.576438
2023-12-15,430.578848,468.422364,278.569171
2023-12-18,431.986410,467.680084,278.129543
2023-12-19,432.541934,468.444349,278.507271
2023-12-20,428.550643,461.905992,275.851140
2023-12-21,429.575889,464.700606,278.045307
2023-12-22,430.872840,464.609314,278.799564
2023-12-25,432.138772,465.121795,279.970101
2023-12-26,431.328445,462.050036,278.565562
2023-12-27,434.621285,466.029703,279.641902
2023-12-28,438.621359,473.526803,284.894383
2023-12-29,440.473984,476.283474,286.054453
2024-01-02,437.971151,472.099822,283.057631
2024-01-03,440.083102,472.097226,283.206108
2024-01-04,439.239701,468.588180,281.248382
2024-01-05,437.237617,465.473996,280.060065
2024-01-08,432.244456,458.840607,276.795784
2024-01-09,432.134164,457.731739,277.208568
2024-01-10,428.151186,453.863624,275.854107
2024-01-11,425.864900,454.724605,276.261805
2024-01-12,426.161344,453.855803,275.907874
2024-01-15,427.235330,453.463676,275.968699
2024-01-16,429.512678,454.078617,277.676860
2024-01-17,422.422998,446.255453,272.028568
2024-01-18,424.930736,449.366991,275.032998
2024-01-19,424.232320,448.401561,274.635035
2024-01-22,419.800374,439.609390,270.870767
2024-01-23,420.641972,442.963874,271.658460
2024-01-24,433.116887,455.930090,276.253181
2024-01-25,451.504030,473.927221,282.839586
2024-01-26,456.092353,474.411337,283.367218
2024-01-29,455.968408,472.980413,281.874685
2024-01-30,451.740370,467.097582,277.516700
2024-01-31,449.984369,462.235997,275.830169
2024-02-01,447.030958,460.292139,275.206739
2024-02-02,445.748013,456.795622,272.807134
2024-02-05,451.948125,456.578668,275.482348
2024-02-06,461.100738,472.110385,283.514863
2024-02-07,462.292231,475.394483,285.471085
2024-02-08,462.599610,477.585924,286.511222
2024-02-19,476.344325,489.963718,290.811971
2024-02-20,478.885703,491.455367,291.714114
2024-02-21,482.291815,494.359255,295.536664
2024-02-22,490.407545,501.772814,298.602900
2024-02-23,490.416006,500.831089,299.020751
2024-02-26,480.284974,494.683368,294.680238
2024-02-27,486.201308,504.169533,297.512443
2024-02-28,481.205011,497.708613,294.534999
2024-02-29,487.838325,508.531710,299.176374
2024-03-01,491.703349,515.690307,300.631177
2024-03-04,497.301173,519.826086,301.431657
2024-03-05,503.298258,524.851739,304.074756
2024-03-06,498.665335,521.644484,302.225145
2024-03-07,498.945591,518.367666,301.227487
2024-03-08,503.394372,523.696206,302.432864
2024-03-11,502.856394,524.076507,305.104027
2024-03-12,494.170626,517.076969,304.535640
2024-03-13,489.718770,512.215141,302.378247
2024-03-14,490.565725,512.340016,301.671706
2024-03-15,491.835964,514.020469,302.259570
2024-03-18,493.546323,518.557524,304.604436
2024-03-19,491.375074,514.554515,302.759324
2024-03-20,495.862061,516.821570,304.005951
2024-03-21,496.604579,516.677038,303.858794
2024-03-22,495.861897,514.392410,301.283361
2024-03-25,497.987123,513.451548,300.448669
2024-03-26,497.896353,513.003890,301.913449
2024-03-27,497.745981,509.751241,299.288559
2024-03-28,496.265283,513.463035,299.968637
2024-03-29,505.250929,520.850966,302.306556
2024-04-01,505.681021,524.282362,306.012213
2024-04-02,508.797252,523.113670,305.531241
2024-04-03,509.657524,522.419063,304.952823
2024-04-08,514.625146,525.872486,303.270571
2024-04-09,508.972037,521.282840,302.334981
2024-04-10,510.761586,520.943228,300.738646
2024-04-11,510.918404,523.036717,300.730272
2024-04-12,511.543908,523.710448,298.724820
2024-04-15,524.923378,535.559878,305.691010
2024-04-16,526.828210,531.351464,303.676167
2024-04-17,532.553394,540.788293,307.803750
2024-04-18,531.013988,539.659823,308.081533
2024-04-19,533.564119,538.582411,306.787441
2024-04-22,523.386543,529.014848,304.992565
2024-04-23,517.531776,520.192605,302.920879
2024-04-24,520.236901,525.330586,304.163791
2024-04-25,521.734382,524.891222,305.139259
2024-04-26,522.138429,530.252891,308.430207
2024-04-29,515.667015,527.212872,310.212067
2024-04-30,517.673234,527.379573,309.408549
2024-05-06,513.531568,528.093655,312.559920
2024-05-07,515.024483,527.113222,313.110128
2024-05-08,517.055610,527.390737,311.398948
2024-05-09,515.700941,529.464418,313.272078
2024-05-10,516.459134,530.291456,313.670835
2024-05-13,517.282462,532.286550,313.587472
2024-05-14,513.868770,530.686027,312.758884
2024-05-15,511.900751,526.596619,310.492656
2024-05-16,512.063070,525.860639,311.614067
2024-05-17,515.447531,527.591115,314.665628
2024-05-20,520.097979,532.515627,316.161374
2024-05-21,521.383303,532.048704,315.358359
2024-05-22,521.115275,531.515574,315.695229
2024-05-23,518.023000,526.298726,312.538653
2024-05-24,515.458631,523.722379,309.495437
2024-05-27,523.603681,532.382404,312.750370
2024-05-28,524.553835,530.351311,311.319508
2024-05-29,524.877178,531.025978,311.481144
2024-05-30,520.038193,527.513189,309.403748
2024-05-31,518.466592,527.281609,308.180248
2024-06-03,521.512578,528.927869,309.130288
2024-06-04,520.558177,530.693148,310.644904
2024-06-05,518.511800,527.120277,309.191783
2024-06-06,524.039925,531.648716,309.505707
2024-06-07,523.449498,532.779945,308.202293
2024-06-11,515.569613,526.476595,304.843160
2024-06-12,518.714658,530.477207,305.203944
2024-06-13,520.019603,529.660350,304.155323
2024-06-14,520.214810,529.775270,305.294550
2024-06-17,514.483582,525.833157,303.917575
2024-06-18,518.235294,530.460223,304.858378
2024-06-19,520.783302,530.936687,304.094916
2024-06-20,523.936837,530.214060,303.084905
2024-06-21,521.892869,529.630104,302.063691
2024-06-24,521.963134,524.703735,301.119351
2024-06-25,520.893671,522.220594,300.020757
2024-06-26,521.347433,525.709508,301.143483
2024-06-27,522.026285,523.126209,299.677220
2024-06-28,531.200767,531.102967,301.319741
2024-07-01,539.817563,539.422307,303.472237
2024-07-02,545.604613,540.736323,304.243269
2024-07-03,541.321943,536.916270,303.045923
2024-07-04,543.359816,535.831767,302.263376
2024-07-05,537.706037,534.362462,299.964013
2024-07-08,540.423464,534.332681,298.376181
2024-07-09,545.868311,541.297255,301.431390
2024-07-10,539.730489,534.914603,300.145123
2024-07-11,539.351116,536.516705,302.409123
2024-07-12,538.448745,531.616286,303.032236
2024-07-15,546.409132,536.479658,304.469934
2024-07-16,544.978261,539.461818,305.307207
2024-07-17,537.151531,533.389836,304.922952
2024-07-18,540.092513,536.384419,306.502413
2024-07-19,537.946726,537.224913,307.275390
2024-07-22,531.227088,532.330262,304.483510
2024-07-23,531.792793,525.546812,299.841541
2024-07-24,536.417399,529.082162,298.908021
2024-07-25,528.367011,520.625055,296.759278
2024-07-26,522.323821,518.268649,296.419025
2024-07-29,526.738900,520.529135,296.060739
2024-07-30,520.668594,515.701150,293.698560
2024-07-31,519.437562,520.229035,298.291461
2024-08-01,522.173874,522.131132,297.073086
2024-08-02,518.847049,517.622569,294.525768
2024-08-05,509.092105,506.852671,290.985874
2024-08-06,506.471979,505.887854,290.271839
2024-08-07,508.673634,506.919195,290.555351
2024-08-08,507.998983,504.570058,290.720140
2024-08-09,510.213191,503.914102,290.431203
2024-08-12,511.301479,504.310855,290.241759
2024-08-13,514.454337,507.581567,291.069311
2024-08-14,515.394493,507.001571,289.467234
2024-08-15,519.967583,512.643221,292.278762
2024-08-16,524.268669,513.691188,293.303310
2024-08-19,531.056210,519.149912,295.030383
2024-08-20,529.609537,515.280060,293.259164
2024-08-21,528.042972,514.329754,292.289310
2024-08-22,532.146229,515.743412,292.431974
2024-08-23,532.986444,515.805262,293.626682
2024-08-26,532.564365,514.295096,293.406512
2024-08-27,537.973191,513.242021,293.247816
2024-08-28,534.210535,510.776464,291.274845
2024-08-29,518.863810,501.921416,288.443117
2024-08-30,512.397314,500.056957,290.596340
2024-09-02,514.328245,496.224927,287.630852
2024-09-03,501.977361,490.599082,286.273383
2024-09-04,496.275950,486.071916,284.007642
2024-09-05,493.069982,485.119442,283.824269
2024-09-06,491.008666,482.741042,281.944212
2024-09-09,485.807450,477.094578,278.507864
2024-09-10,490.300288,479.199492,279.321911
2024-09-11,478.217247,469.753587,276.947973
2024-09-12,479.730950,468.703812,276.273028
2024-09-13,479.785476,469.175783,275.265215
2024-09-18,485.693894,472.602775,277.070503
2024-09-19,484.340866,475.129255,278.258806
2024-09-20,486.775302,477.207502,278.929980
2024-09-23,492.057934,481.857968,280.613207
2024-09-24,512.635505,500.153554,293.003400
2024-09-25,516.938628,505.085892,296.955763
2024-09-26,525.717600,514.395330,308.094936
2024-09-27,522.750968,521.262369,318.019153
2024-09-30,549.480695,557.073803,342.510056
2024-10-08,555.524019,573.355289,358.373203
2024-10-09,526.976329,537.754543,333.607275
2024-10-10,544.863971,552.788528,339.351685
2024-10-11,539.572270,543.066736,331.425798
2024-10-14,551.441434,555.195277,337.690475
2024-10-15,536.965437,539.603462,328.479305
2024-10-16,539.642815,539.535812,327.185654
2024-10-17,534.519466,535.286391,323.389459
2024-10-18,542.817949,548.781987,333.020978
2024-10-21,537.653819,548.802106,332.838535
2024-10-22,539.612603,552.053622,334.617891
2024-10-23,537.812597,548.823186,335.961059
2024-10-24,536.072461,544.998021,332.810789
2024-10-25,530.892137,539.282289,333.965184
2024-10-28,529.182214,538.168439,334.373477
2024-10-29,527.515240,536.465795,331.117237
2024-10-30,522.072961,531.117617,327.924258
2024-10-31,520.184428,528.411566,327.567639
2024-11-01,527.077241,532.212648,328.697848
2024-11-04,527.517418,535.183778,332.098099
2024-11-05,531.833816,542.221591,339.294176
2024-11-06,526.446585,536.617547,337.495237
2024-11-07,532.007501,543.995129,347.141823
2024-11-08,527.068950,538.822238,343.827519
2024-11-11,522.087366,537.720960,344.257472
2024-11-12,516.705590,531.733902,340.356328
2024-11-13,521.490361,537.005824,342.701020
2024-11-14,518.425020,529.282309,338.128365
2024-11-15,516.809423,525.930650,333.565095
2024-11-18,523.723273,527.150002,333.691086
2024-11-19,522.556171,528.396797,334.596757
2024-11-20,522.863224,529.094296,335.289662
2024-11-21,523.245245,529.218423,335.520780
2024-11-22,512.755259,516.118635,325.897433
2024-11-25,510.900168,511.436110,324.705539
2024-11-26,513.381118,511.805773,324.749967
2024-11-27,519.512190,520.697813,329.758071
2024-11-28,517.049691,516.207360,327.228962
2024-11-29,516.847584,518.661824,329.952212
2024-12-02,518.995032,523.234505,332.273850
2024-12-03,524.675639,527.117332,333.572862
2024-12-04,530.544301,529.343752,332.866131
2024-12-05,527.563506,526.398733,331.946781
2024-12-06,531.337926,531.659572,335.779739
2024-12-09,533.974938,532.765279,335.898309
2024-12-10,536.001416,534.095483,338.152460
2024-12-11,535.151788,535.832253,337.314320
2024-12-12,539.535106,539.716325,340.741504
2024-12-13,532.969291,531.458793,333.313588
2024-12-16,540.061682,535.611226,332.806678
2024-12-17,540.818717,537.917096,333.512787
2024-12-18,543.440948,540.461841,335.329785
2024-12-19,540.006063,540.546150,334.528788
2024-12-20,537.308448,537.263641,332.863367
2024-12-23,547.164085,543.170297,334.622876
2024-12-24,553.617487,549.082432,339.000879
2024-12-25,560.945350,554.134651,340.191898
2024-12-26,559.110759,554.492118,339.551480
2024-12-27,558.347503,552.895441,339.207800
2024-12-30,562.145681,556.434560,341.053477
2024-12-31,558.495182,550.225518,336.558445
2025-01-02,546.074165,536.961161,326.976494
2025-01-03,543.169563,533.196153,323.579553
2025-01-06,543.639785,531.657819,323.121279
2025-01-07,545.960318,537.937370,324.595084
2025-01-08,548.814160,541.491119,324.480087
2025-01-09,542.084033,536.959641,322.644219
2025-01-10,538.008511,531.755672,318.990090
2025-01-13,534.095303,526.896678,317.840990
2025-01-14,539.990396,536.429777,324.881710
2025-01-15,538.126060,532.304129,323.304326
2025-01-16,542.299507,534.856521,323.827151
2025-01-17,538.965088,535.079619,324.084749
2025-01-20,535.821685,535.818432,324.420119
2025-01-21,534.833735,536.930762,324.141173
2025-01-22,528.521000,535.732756,320.705464
2025-01-23,534.066250,537.666884,322.585679
2025-01-24,535.184321,541.376068,324.328977
2025-01-27,542.441716,543.064804,324.664232
2025-02-05,532.760410,534.703022,321.626988
2025-02-06,534.878351,538.802776,324.734839
2025-02-07,536.157411,541.318715,328.271981
2025-02-10,535.846836,542.561718,328.720224
2025-02-11,540.693179,544.944483,328.196349
2025-02-12,542.912754,546.973098,330.843918
2025-02-13,542.002819,542.430635,330.362607
2025-02-14,543.088370,543.777838,332.599262
2025-02-17,542.972155,547.042648,332.998500
2025-02-18,545.195545,546.361193,331.167384
2025-02-19,543.329361,547.193271,332.564587
2025-02-20,544.240344,547.971308,331.706354
2025-02-21,541.047465,550.561357,333.922226
2025-02-24,537.227185,545.377442,333.366751
2025-02-25,532.662990,539.542174,329.804501
2025-02-26,534.369357,542.084071,332.115625
2025-02-27,536.050463,542.818772,333.452555
2025-02-28,529.775657,532.439418,328.079820
2025-03-03,528.505755,530.117567,327.725412
2025-03-04,525.433907,530.308358,326.652049
2025-03-05,531.178941,535.521394,328.447256
2025-03-06,531.088143,538.458045,331.882348
2025-03-07,530.827524,537.983250,331.280474
2025-03-10,528.923062,537.784199,329.843399
2025-03-11,529.630589,536.291288,331.078766
2025-03-12,527.097502,535.443502,329.658418
2025-03-13,529.857043,534.700416,329.246712
2025-03-14,534.080586,542.689077,336.322903
2025-03-17,535.322931,542.010125,336.242765
2025-03-18,535.654603,544.494135,336.343625
2025-03-19,537.465145,542.228307,336.780621
2025-03-20,536.833601,541.633046,334.231013
2025-03-21,532.126227,536.780521,329.897750
2025-03-24,537.655917,543.354462,331.622412
2025-03-25,537.619163,539.498180,331.987854
2025-03-26,534.623906,538.210269,331.155177
2025-03-27,538.072861,541.641564,332.191907
2025-03-28,535.959247,540.415440,330.465923
2025-03-31,536.446895,540.430967,329.031383
2025-04-01,532.174523,538.352928,328.984665
2025-04-02,534.228246,540.738638,328.948136
2025-04-03,531.498140,530.943180,327.935734
2025-04-07,500.638605,490.770235,306.824977
2025-04-08,505.451082,488.708405,312.609081
2025-04-09,505.097763,493.074028,314.881210
2025-04-10,510.016641,503.850443,317.961816
2025-04-11,515.335036,509.838933,318.690101
2025-04-14,518.717094,513.478065,319.968032
2025-04-15,523.470759,514.443464,320.840450
2025-04-16,525.929787,513.331564,322.765972
2025-04-17,525.424453,512.173169,322.760547
2025-04-18,528.568798,514.944779,322.894528
2025-04-21,528.215592,519.884885,323.054968
2025-04-22,531.624351,520.033257,323.763745
2025-04-23,532.562604,522.816165,323.607377
2025-04-24,536.756813,521.588521,324.269129
2025-04-25,534.580995,522.379832,323.858082
2025-04-28,536.345419,522.623631,323.868641
2025-04-29,534.756901,522.503702,322.811346
2025-04-30,527.233945,520.150721,321.311198
2025-05-06,529.657521,527.092496,323.814257
2025-05-07,536.248371,529.608119,326.610703
2025-05-08,539.409904,533.559867,327.899354
2025-05-09,541.804224,531.934196,327.900431
2025-05-12,546.528828,538.279285,330.892887
2025-05-13,550.497091,540.396712,331.836724
2025-05-14,557.049824,547.294416,335.802345
2025-05-15,554.441888,540.671187,333.512001
2025-05-16,550.588344,539.561132,331.383882
2025-05-19,548.647049,537.415876,330.338426
2025-05-20,550.842253,539.375510,331.735283
2025-05-21,553.637717,541.116749,333.298385
2025-05-22,554.378488,541.915706,333.314542
2025-05-23,549.671943,537.778553,330.490023
2025-05-26,544.931566,535.313828,328.790505
2025-05-27,543.702490,530.847943,327.571583
2025-05-28,542.991035,532.103580,327.607802
2025-05-29,543.694066,536.220247,329.054501
2025-05-30,542.995613,535.096729,327.958751
2025-06-03,546.323241,537.285609,328.760458
2025-06-04,547.296576,541.531564,329.810169
2025-06-05,549.312630,545.593820,330.667229
2025-06-06,549.750542,546.510977,330.687456
2025-06-09,549.132657,548.042557,331.294989
2025-06-10,548.919493,546.940115,329.937499
2025-06-11,553.191167,550.336110,332.217722
2025-06-12,553.568946,552.522056,331.882471
2025-06-13,550.249578,549.499254,330.057166
2025-06-16,554.105885,554.668435,330.917268
2025-06-17,554.250315,553.791743,331.115982
2025-06-18,558.411462,560.297350,331.792618
2025-06-19,556.611679,556.567676,329.765012
2025-06-20,558.259388,555.895346,330.278839
2025-06-23,563.328768,557.353233,331.488107
2025-06-24,570.830929,564.285239,334.981296
2025-06-25,579.411643,573.841358,338.623675
2025-06-26,579.899699,573.880985,337.952761
2025-06-27,568.698170,569.286100,334.615293
2025-06-30,570.983172,572.868613,335.796956
2025-07-01,574.717307,575.866123,336.684639
2025-07-02,573.618337,571.598125,336.852268
2025-07-03,577.301903,579.258908,338.231812
2025-07-04,582.956739,583.661887,340.095584
2025-07-07,581.886466,580.429139,338.927442
2025-07-08,583.963112,584.621612,341.430349
2025-07-09,585.000845,581.547124,341.268956
2025-07-10,589.415193,581.458461,343.243040
2025-07-11,585.425315,578.341088,342.776459
2025-07-14,585.714404,583.276760,343.373998
2025-07-15,585.986849,592.261087,343.086530
2025-07-16,583.256880,589.460608,342.082149
2025-07-17,584.440199,599.289174,343.215786
2025-07-18,586.820150,599.641909,345.332940
2025-07-21,586.649310,601.058994,347.227500
2025-07-22,584.627697,599.582745,349.689544
2025-07-23,587.697776,598.647244,349.973759
2025-07-24,585.307506,597.955829,351.491511
2025-07-25,583.593422,598.080519,349.442075
2025-07-28,585.965202,603.179723,349.884060
2025-07-29,584.403085,605.946695,350.821188
2025-07-30,584.277199,604.929250,351.893220
2025-07-31,578.106655,596.614535,346.843621
2025-08-01,577.507385,592.326235,344.839456
2025-08-04,581.148089,595.156254,346.086638
2025-08-05,587.300079,598.930339,349.506720
2025-08-06,588.286793,599.364353,350.350485
2025-08-07,590.430927,599.482641,351.062997
2025-08-08,587.502758,597.573496,350.470631
2025-08-11,587.210619,601.030681,350.963080
2025-08-12,591.850554,607.327986,353.490426
2025-08-13,593.859489,619.072064,355.220488
2025-08-14,596.406572,617.399520,355.152421
2025-08-15,596.194596,623.035293,356.596628
2025-08-18,601.970637,632.192673,359.212135
2025-08-19,601.103806,630.719864,358.997427
2025-08-20,607.187363,639.027366,362.823216
2025-08-21,611.856470,643.379856,364.602792
2025-08-22,622.928418,661.892847,370.570437
2025-08-25,628.325969,677.210943,376.828050
2025-08-26,627.143116,674.884075,375.354817
2025-08-27,616.800286,672.157479,369.154811
2025-08-28,623.771257,694.285535,374.022115
2025-08-29,629.240741,699.867791,376.931954
2025-09-01,628.142975,707.753190,378.060320
2025-09-02,629.023186,691.716838,377.306724
2025-09-03,622.712754,686.248040,374.156406
2025-09-04,620.646886,660.877579,369.468369
2025-09-05,624.087916,677.709140,374.300194
2025-09-08,621.636999,671.315081,374.514978
2025-09-09,618.892815,665.390864,372.455308
2025-09-10,620.562836,672.664490,373.329728
2025-09-11,633.669995,701.766688,380.298575
2025-09-12,629.685194,697.734745,378.477992
2025-09-15,631.859095,696.011288,378.484743
2025-09-16,630.255012,698.638912,377.048668
2025-09-17,634.968995,702.334589,378.807125
2025-09-18,626.228817,699.655032,373.998573
2025-09-19,623.642307,700.082578,373.745606
2025-09-22,627.367605,708.693588,374.481192
2025-09-23,627.828052,702.237430,374.963172
2025-09-24,632.465876,708.862036,377.201012
2025-09-25,636.276832,713.746739,378.297645
2025-09-26,631.166992,706.878213,375.774516
2025-09-29,639.509191,723.166712,380.007937
2025-09-30,640.899232,727.446081,381.009457
2025-10-09,645.565627,738.177200,386.429619
2025-10-10,636.440161,725.325941,381.563833
2025-10-13,636.168364,725.340929,379.850619
2025-10-14,634.082464,715.421148,378.522843
2025-10-15,644.614189,727.582889,383.133671
2025-10-16,649.536764,726.631305,385.521439
2025-10-17,640.668923,709.195888,378.575230
2025-10-20,644.897728,711.831523,380.711494
2025-10-21,655.343817,722.495027,385.791429
2025-10-22,659.082658,721.359680,385.972047
2025-10-23,658.730252,720.870807,387.436206
2025-10-24,666.962196,731.716092,390.360138
2025-10-27,674.804582,741.200375,395.047516
2025-10-28,672.791662,734.854691,393.826235
2025-10-29,672.833542,742.943061,396.710754
2025-10-30,665.117479,733.875755,394.184788
2025-10-31,654.309025,720.156617,388.799509
2025-11-03,654.900974,717.994262,390.757177
2025-11-04,658.370548,715.182248,389.469520
2025-11-05,658.435185,712.295613,389.755402
2025-11-06,666.526464,725.436736,394.090129
2025-11-07,661.567095,720.101362,392.949567
2025-11-10,660.348354,718.631690,395.174237
2025-11-11,657.985787,710.025131,392.421706
2025-11-12,662.965532,709.450672,393.238454
2025-11-13,671.136978,719.205977,396.174736
2025-11-14,663.177173,708.801501,391.116640
2025-11-17,654.283741,702.614016,388.418116
2025-11-18,651.998235,699.289462,386.150522
2025-11-19,655.231703,701.712047,388.744424
2025-11-20,652.676882,700.188149,387.435140
2025-11-21,637.880703,679.467779,379.548127
2025-11-24,637.762444,681.487694,378.037594
2025-11-25,644.068548,688.980700,381.042691
2025-11-26,644.168160,692.780067,381.374168
2025-11-27,646.698550,694.244426,382.249228
2025-11-28,646.194041,696.303788,382.352071
2025-12-01,650.202403,703.980701,385.708448
2025-12-02,647.126560,699.050719,384.612190
2025-12-03,643.164396,695.495542,382.696989
2025-12-04,645.733006,699.244657,383.211435
2025-12-05,649.633465,706.641623,385.260701
2025-12-08,657.126409,716.559288,387.238497
2025-12-09,658.383790,713.439054,385.875279
2025-12-10,651.865346,712.088284,384.354411
2025-12-11,650.140386,704.028224,382.072265
2025-12-12,649.533138,707.660045,382.810203
2025-12-15,643.531674,703.761396,380.639061
2025-12-16,635.836034,696.309916,377.229985
2025-12-17,646.307645,711.699630,382.641854
2025-12-18,647.064153,707.570774,382.478160
2025-12-19,647.288471,712.332468,382.817002
2025-12-22,651.700600,719.625229,385.259080
2025-12-23,655.890850,721.154956,386.278497
2025-12-24,656.058736,724.634786,386.852643
2025-12-25,655.489886,725.157463,387.609880
2025-12-26,654.126046,726.695248,387.837282
2025-12-29,656.870471,727.268685,387.820827
2025-12-30,657.781190,730.043974,388.578004
2025-12-31,656.570454,728.670329,388.082840
2026-01-05,664.778914,744.715992,393.062006
2026-01-06,671.892263,758.189630,398.622721
2026-01-07,669.672354,758.483419,397.034154
2026-01-08,663.354959,748.962688,394.424336
2026-01-09,663.882446,752.340198,396.211701
2026-01-12,666.743301,758.466787,398.841527
2026-01-13,664.861662,755.195529,397.501297
2026-01-14,659.367127,753.584156,394.717401
2026-01-15,656.241752,751.285292,394.014749
2026-01-16,649.977654,746.249759,391.525673
2026-01-19,646.745600,743.289787,391.430632
2026-01-20,644.184834,738.569414,391.777998
2026-01-21,640.920836,739.943702,390.429185
2026-01-22,637.136913,740.284007,390.269907
2026-01-23,631.303011,735.621924,388.003906
2026-01-26,631.063795,734.906935,389.594684
2026-01-27,630.262134,731.581370,389.328256
2026-01-28,627.781921,732.691807,390.194560
2026-01-29,631.254188,735.255070,393.791780
2026-01-30,627.160964,723.593545,389.876453
2026-02-02,622.829890,712.431919,382.821169
2026-02-03,619.520769,716.240416,385.204583
2026-02-04,623.306712,719.029946,389.416012
2026-02-05,622.906470,714.876132,387.990086
2026-02-06,621.322292,714.180130,386.412252
2026-02-09,629.033970,725.499363,391.156884
2026-02-10,630.472979,727.878194,391.504394
2026-02-11,629.734483,727.120483,391.395343
2026-02-12,626.016714,724.638243,390.661377
2026-02-13,618.685418,716.172340,385.332582
2026-02-24,616.770724,720.138213,388.696583
2026-02-25,620.248899,727.682782,390.220379
2026-02-26,617.555524,732.379348,388.961182
2026-02-27,615.844825,732.038026,388.364902
2026-03-02,615.564888,730.038589,391.675978
2026-03-03,612.957604,713.702418,390.504763
2026-03-04,605.010902,705.128778,385.780427
2026-03-05,613.156626,713.097465,388.085693
2026-03-06,614.085177,712.505111,388.647621
2026-03-09,607.519971,703.699100,386.467652
2026-03-10,614.244070,713.086070,387.853029
2026-03-11,617.641226,712.992161,390.508288
2026-03-12,615.356412,708.632747,390.144233
2026-03-13,614.149836,704.412178,388.522441
2026-03-16,617.135240,705.105995,388.257139
2026-03-17,619.485024,703.234597,387.140454
2026-03-18,620.960485,705.913440,387.609727
2026-03-19,616.945667,693.268460,384.060232
2026-03-20,613.887307,686.728146,381.353489
2026-03-23,588.448821,660.036862,369.205888
2026-03-24,600.855623,673.962187,373.408571
2026-03-25,614.871397,690.329743,377.823500
2026-03-26,604.363313,677.790521,373.894154
2026-03-27,605.777258,682.726846,375.711609
2026-03-30,606.638349,687.677199,375.682059
2026-03-31,602.381656,675.453615,373.641466
2026-04-01,619.838323,694.408739,378.946597
2026-04-02,610.592306,681.508908,376.673106
2026-04-03,608.662514,677.075865,373.219331
2026-04-07,609.897207,680.027530,373.167019
2026-04-08,641.937212,718.588151,382.971002
2026-04-09,639.571046,717.576250,380.349439
2026-04-10,649.042846,729.213076,384.181947
2026-04-13,650.268389,730.941167,385.010105
2026-04-14,666.388203,746.061523,389.074655
2026-04-15,663.477861,736.267924,388.499370
2026-04-16,675.588685,751.278323,391.386947
2026-04-17,682.235847,754.936700,390.102236
2026-04-20,688.316383,760.226559,392.922693
2026-04-21,687.424397,762.869785,393.395065
2026-04-22,699.568341,774.782294,394.876284
2026-04-23,693.054645,764.832577,394.594009
2026-04-24,688.918185,761.797420,393.666464
2026-04-27,692.731891,768.397813,393.647753
2026-04-28,690.237247,763.056439,393.527601
2026-04-29,697.988398,776.778919,396.411707
2026-04-30,701.398405,778.474494,395.996733
2026-05-06,722.126096,805.348433,400.276719
2026-05-07,731.069803,814.821906,400.706104
2026-05-08,724.279908,807.350858,398.922026
2026-05-11,740.379013,825.337483,403.859598
2026-05-12,743.836740,825.282457,402.953895
2026-05-13,759.570019,841.409523,405.873458
2026-05-14,741.827610,818.841858,399.870407
2026-05-15,726.423195,802.597450,395.737401
2026-05-18,724.202494,800.283396,394.009950
2026-05-19,726.380022,800.869186,396.184277
2026-05-20,730.178683,809.156567,394.403849
2026-05-21,715.092397,792.074099,389.344649
2026-05-22,734.390031,817.965034,392.595087
2026-05-25,756.198697,836.949925,397.184426
2026-05-26,766.570174,849.433806,399.033861
2026-05-27,749.510129,829.548548,395.065969
2026-05-28,756.991214,833.439606,394.738109
2026-05-29,745.180694,820.820816,394.408361
2026-06-01,730.566080,801.365101,392.463820
2026-06-02,754.156084,821.996904,396.742949
2026-06-03,765.198095,833.149518,397.437054
2026-06-04,759.459938,830.638535,393.754304
2026-06-05,734.740997,804.566551,388.938845
2026-06-08,714.898691,780.274025,382.997223
2026-06-09,738.196053,808.958968,388.094044
2026-06-10,725.216258,791.276129,385.547528
2026-06-11,723.720522,793.930306,384.238328
2026-06-12,737.393340,812.364511,389.204069
2026-06-15,770.549300,851.705463,395.205228
2026-06-16,769.080412,856.168264,392.781662
2026-06-17,782.569958,878.885725,394.504808
2026-06-18,799.468554,890.221681,392.962037
2026-06-22,816.887251,918.708639,401.182743
2026-06-23,783.356018,878.882710,392.788055
2026-06-24,795.641646,897.010415,392.944725
2026-06-25,808.598011,915.680323,396.048932
2026-06-26,777.796522,881.740408,385.036681
2026-06-29,787.080421,892.327212,389.201453
2026-06-30,800.476662,904.982020,390.627021
2026-07-01,784.421294,889.457947,390.956070
2026-07-02,744.056192,845.323071,382.262714
2026-07-03,751.111081,858.265539,384.764248
2026-07-06,746.266032,846.521923,385.981160
2026-07-07,740.241874,833.573139,382.640405
2026-07-08,735.850848,816.823395,381.479467
2026-07-09,765.352839,847.355736,388.242029
2026-07-10,740.888665,820.227565,383.120753
2026-07-13,719.985319,787.123253,378.706147
2026-07-14,745.414833,818.274224,385.189493
2026-07-15,731.881154,803.612982,385.798991
2026-07-16,711.333110,776.733023,379.949189
2026-07-17,672.795336,732.552320,370.985438
2026-07-20,678.316485,727.719208,378.788697
2026-07-21,717.120845,773.398250,385.297737
2026-07-22,711.353917,764.521939,385.761439
2026-07-23,713.986442,770.229090,387.048121
2026-07-24,699.618131,750.170239,381.544976
2026-07-27,710.835857,765.727704,384.619179
2026-07-28,677.553456,726.893941,379.264311
2026-07-29,678.182743,729.189068,380.676033
2026-07-30,658.176367,707.532772,380.018215
2026-07-31,671.022439,724.056430,381.112093
2026-08-03,657.878743,708.619792,377.978777
2026-08-04,679.337685,733.182395,378.535208
2026-08-05,702.700336,764.191937,382.344876
2026-08-06,708.807467,768.334511,382.796789
2026-08-07,722.228732,790.317361,385.427161
2026-08-10,719.396884,792.415027,386.714754
2026-08-11,704.600278,775.595787,383.479302
2026-08-12,712.304307,786.407767,384.127064
2026-08-13,705.404384,773.276544,382.495401
2026-08-14,707.898662,778.276327,381.740952
2026-08-17,728.857078,802.953724,386.168676
2026-08-18,724.619908,797.377083,386.062585
2026-08-19,691.528262,756.552694,378.864770
2026-08-20,692.872540,757.661789,379.012124
2026-08-21,702.984607,771.363150,380.234329
2026-08-24,685.784867,753.211870,378.065125
2026-08-25,682.193635,747.487102,377.612223
2026-08-26,689.803806,757.503755,380.508477
2026-08-27,704.588569,776.237318,383.077216
2026-08-28,700.979791,771.865323,382.622116
2026-08-31,705.845425,775.028865,385.506756
2026-09-01,699.037158,763.140250,385.588655
2026-09-02,688.399631,750.183809,381.341847
2026-09-03,687.656929,750.536693,381.345418
2026-09-04,683.158431,741.271926,381.415888
2026-09-07,694.559978,754.483777,381.016845
2026-09-08,692.185102,755.180803,380.208659
2026-09-09,697.410808,762.855169,381.503259
