,win_nocap,win_cap,win_nocap_projcost,full_nocap,full_cap,full_nocap_projcost
2005-09-16,,,,99.850000,99.850000,99.719000
2005-09-19,,,,99.537965,99.563605,99.407374
2005-09-20,,,,98.717579,98.800185,98.588065
2005-09-21,,,,97.411956,97.325965,97.284155
2005-09-22,,,,96.047087,96.016263,95.921076
2005-09-23,,,,95.942442,95.755442,95.816569
2005-09-26,,,,96.149688,96.109044,96.023543
2005-09-27,,,,95.858326,95.906669,95.732563
2005-09-28,,,,96.047402,96.376597,95.921391
2005-09-29,,,,97.110346,97.381439,96.982940
2005-09-30,,,,97.580326,97.744746,97.452304
2005-10-10,,,,97.222523,96.835260,97.094971
2005-10-11,,,,97.822694,97.912471,97.694354
2005-10-12,,,,98.717546,98.742873,98.588032
2005-10-13,,,,97.594205,97.892640,97.466164
2005-10-14,,,,95.713531,96.702503,95.587958
2005-10-17,,,,95.686391,96.761915,95.560854
2005-10-18,,,,96.181636,97.291973,96.055449
2005-10-19,,,,96.307628,97.214835,96.181275
2005-10-20,,,,96.453979,97.794394,96.327434
2005-10-21,,,,96.836115,98.132818,96.709070
2005-10-24,,,,97.292888,98.500691,97.165243
2005-10-25,,,,95.643159,97.290361,95.517679
2005-10-26,,,,94.604670,96.085891,94.480552
2005-10-27,,,,94.780068,96.133368,94.655720
2005-10-28,,,,94.108293,95.652924,93.984826
2005-10-31,,,,95.147116,96.736953,94.940836
2005-11-01,,,,94.230439,96.541706,94.026147
2005-11-02,,,,94.465020,96.775988,94.260219
2005-11-03,,,,91.745188,94.285415,91.546284
2005-11-04,,,,91.687340,94.485549,91.488561
2005-11-07,,,,91.329954,93.938353,91.131950
2005-11-08,,,,91.665720,94.224060,91.466988
2005-11-09,,,,91.555645,94.448583,91.357152
2005-11-10,,,,90.045983,93.491126,89.850763
2005-11-11,,,,90.221832,93.726761,90.026230
2005-11-14,,,,89.289622,93.144647,89.096041
2005-11-15,,,,88.419658,92.381859,88.227964
2005-11-16,,,,88.959202,92.533845,88.766338
2005-11-17,,,,88.744055,92.587689,88.551658
2005-11-18,,,,90.328407,94.109928,90.132575
2005-11-21,,,,90.991020,94.488380,90.793751
2005-11-22,,,,90.294916,93.811413,90.099156
2005-11-23,,,,90.921314,94.676720,90.724196
2005-11-24,,,,90.702965,94.620745,90.506320
2005-11-25,,,,90.647355,94.560873,90.450831
2005-11-28,,,,89.946507,94.107406,89.751502
2005-11-29,,,,88.978871,93.241476,88.785965
2005-11-30,,,,89.101408,92.459588,88.908236
2005-12-01,,,,88.117873,91.473582,87.926833
2005-12-02,,,,88.196411,91.308243,88.005201
2005-12-05,,,,88.066829,90.402288,87.875900
2005-12-06,,,,88.494233,90.541398,88.302377
2005-12-07,,,,89.708426,91.474807,89.513937
2005-12-08,,,,90.204242,91.567559,90.008679
2005-12-09,,,,91.326676,93.066036,91.128680
2005-12-12,,,,90.981054,92.477970,90.783807
2005-12-13,,,,90.599376,92.055207,90.402957
2005-12-14,,,,92.201774,93.322127,92.001880
2005-12-15,,,,92.192719,93.451584,91.992845
2005-12-16,,,,92.840659,94.192923,92.639380
2005-12-19,,,,92.647019,93.955033,92.446160
2005-12-20,,,,92.901572,94.734792,92.700161
2005-12-21,,,,93.146992,95.041709,92.945049
2005-12-22,,,,94.466621,96.018780,94.261817
2005-12-23,,,,95.674529,97.426827,95.467106
2005-12-26,,,,96.213754,97.660096,96.005162
2005-12-27,,,,96.178784,97.258551,95.970268
2005-12-28,,,,96.514292,97.434814,96.305049
2005-12-29,,,,97.581834,98.640783,97.370276
2005-12-30,,,,97.018797,97.612784,96.808460
2006-01-04,,,,96.659496,99.169906,96.449937
2006-01-05,,,,98.927720,101.577665,98.713244
2006-01-06,,,,100.250806,103.822093,100.033462
2006-01-09,,,,100.015784,103.606827,99.798950
2006-01-10,,,,99.462724,103.468664,99.247089
2006-01-11,,,,99.490116,103.607589,99.274421
2006-01-12,,,,99.824831,103.895500,99.608410
2006-01-13,,,,98.952629,103.285437,98.738099
2006-01-16,,,,97.735500,101.531292,97.523609
2006-01-17,,,,97.951583,102.005024,97.739224
2006-01-18,,,,99.392678,104.168428,99.177194
2006-01-19,,,,99.611877,104.158786,99.395918
2006-01-20,,,,99.249576,103.749960,99.034403
2006-01-23,,,,97.830589,103.438644,97.618492
2006-01-24,,,,97.466723,103.974794,97.255415
2006-01-25,,,,99.467122,106.386770,99.105434
2006-02-06,,,,102.215440,109.995140,101.843759
2006-02-07,,,,101.050056,109.181908,100.682613
2006-02-08,,,,100.080756,108.101986,99.716837
2006-02-09,,,,97.997851,106.084769,97.641505
2006-02-10,,,,99.528446,107.941989,99.166535
2006-02-13,,,,100.440585,108.986375,100.075358
2006-02-14,,,,101.895327,110.827457,101.524809
2006-02-15,,,,101.730111,110.869950,101.360194
2006-02-16,,,,99.816474,108.666292,99.453516
2006-02-17,,,,100.554743,108.302791,100.189100
2006-02-20,,,,101.718577,108.789981,101.348702
2006-02-21,,,,103.080857,110.413215,102.706028
2006-02-22,,,,102.606558,109.807868,102.233454
2006-02-23,,,,102.516690,110.169251,102.143913
2006-02-24,,,,103.898278,111.575659,103.520477
2006-02-27,,,,103.454696,110.754393,103.078508
2006-02-28,,,,104.128122,111.797989,103.749486
2006-03-01,,,,105.785870,112.737668,105.401206
2006-03-02,,,,105.025752,111.363086,104.643851
2006-03-03,,,,105.034545,111.567240,104.652612
2006-03-06,,,,105.324549,111.432764,104.941562
2006-03-07,,,,103.779458,109.396539,103.402089
2006-03-08,,,,103.381098,108.284311,103.005178
2006-03-09,,,,103.074276,107.812149,102.699471
2006-03-10,,,,103.424381,107.980020,103.048303
2006-03-13,,,,104.649615,110.123784,104.269082
2006-03-14,,,,104.624611,110.487977,104.244169
2006-03-15,,,,106.088987,112.503123,105.703220
2006-03-16,,,,106.689423,112.783784,106.301472
2006-03-17,,,,106.146290,112.318306,105.760315
2006-03-20,,,,106.856936,113.644844,106.468377
2006-03-21,,,,107.343201,114.213828,106.952873
2006-03-22,,,,108.664785,115.800966,108.269651
2006-03-23,,,,109.235087,116.150000,108.837880
2006-03-24,,,,109.050723,115.896459,108.654187
2006-03-27,,,,109.305920,117.516481,108.908456
2006-03-28,,,,110.534827,118.706676,110.132894
2006-03-29,,,,111.679513,119.843110,111.273417
2006-03-30,,,,110.670731,119.170119,110.268303
2006-03-31,,,,112.599752,120.583855,112.190311
2006-04-03,,,,114.092096,123.316032,113.677228
2006-04-04,,,,114.694326,123.380955,114.277268
2006-04-05,,,,116.210507,124.554611,115.787936
2006-04-06,,,,117.588865,126.115370,117.161281
2006-04-07,,,,117.966440,125.848164,117.537484
2006-04-10,,,,118.915271,126.863758,118.482865
2006-04-11,,,,120.126817,128.179644,119.690005
2006-04-12,,,,119.511433,127.649302,119.076859
2006-04-13,,,,116.688536,124.617417,116.264226
2006-04-14,,,,118.865140,127.871643,118.432915
2006-04-17,,,,119.115941,128.581048,118.682805
2006-04-18,,,,119.970394,129.989715,119.534151
2006-04-19,,,,122.179840,133.430051,121.735563
2006-04-20,,,,121.940132,133.569348,121.496726
2006-04-21,,,,124.252520,137.008444,123.800706
2006-04-24,,,,127.656866,139.228589,127.192672
2006-04-25,,,,129.384833,140.284178,128.914356
2006-04-26,,,,129.517273,140.050275,129.046315
2006-04-27,,,,129.360460,140.049028,128.890072
2006-04-28,,,,131.271145,143.043709,130.618787
2006-05-08,,,,135.741102,148.701515,135.066530
2006-05-09,,,,138.389474,151.523293,137.701741
2006-05-10,,,,140.536981,152.084820,139.838576
2006-05-11,,,,140.954150,151.331639,140.253671
2006-05-12,,,,144.954413,154.300243,144.234055
2006-05-15,,,,150.666146,161.083228,149.917403
2006-05-16,,,,144.505343,156.859939,143.787217
2006-05-17,,,,143.487313,156.378555,142.774246
2006-05-18,,,,143.931399,156.724727,143.216125
2006-05-19,,,,146.219224,159.867023,145.492580
2006-05-22,,,,143.974114,157.693167,143.258628
2006-05-23,,,,137.579693,153.030252,136.895984
2006-05-24,,,,137.216913,153.512770,136.535007
2006-05-25,,,,135.429701,152.276200,134.756677
2006-05-26,,,,137.363824,155.507003,136.681188
2006-05-29,,,,139.510178,158.434404,138.816875
2006-05-30,,,,143.211383,162.075637,142.499687
2006-05-31,,,,143.117875,162.283667,142.406643
2006-06-01,,,,145.555437,166.503055,144.832092
2006-06-02,,,,141.127490,162.766429,140.426150
2006-06-05,,,,141.743908,162.653104,141.039505
2006-06-06,,,,137.058098,159.026911,136.376982
2006-06-07,,,,130.973339,152.307893,130.322460
2006-06-08,,,,131.410751,153.197034,130.757699
2006-06-09,,,,129.957337,151.857776,129.311508
2006-06-12,,,,130.599144,152.770037,129.950125
2006-06-13,,,,130.918535,153.473905,130.267929
2006-06-14,,,,129.462475,154.461919,128.819105
2006-06-15,,,,129.618601,154.866108,128.974455
2006-06-16,,,,133.590118,158.165407,132.926236
2006-06-19,,,,135.310653,161.351056,134.638220
2006-06-20,,,,136.360245,161.680883,135.682596
2006-06-21,,,,135.945473,160.662930,135.269886
2006-06-22,,,,134.581309,159.518626,133.912501
2006-06-23,,,,135.191810,161.668949,134.519968
2006-06-26,,,,135.969205,163.997831,135.293499
2006-06-27,,,,136.863494,165.024713,136.183344
2006-06-28,,,,135.750716,163.816042,135.076096
2006-06-29,,,,139.094858,166.023845,138.403619
2006-06-30,,,,139.590061,165.626672,138.896361
2006-07-03,,,,142.131874,167.416320,141.425543
2006-07-04,,,,142.665626,167.954980,141.956642
2006-07-05,,,,140.583620,165.922027,139.884983
2006-07-06,,,,143.124038,168.471350,142.412776
2006-07-07,,,,142.308207,168.037150,141.601000
2006-07-10,,,,143.266954,167.910674,142.554982
2006-07-11,,,,145.963276,170.291674,145.237904
2006-07-12,,,,147.556939,172.115335,146.823648
2006-07-13,,,,140.995240,166.373158,140.294557
2006-07-14,,,,140.839125,165.354084,140.139218
2006-07-17,,,,141.713451,166.190335,141.009199
2006-07-18,,,,140.501991,165.561794,139.803759
2006-07-19,,,,135.657320,160.116717,134.983164
2006-07-20,,,,136.406028,160.828006,135.728152
2006-07-21,,,,137.297902,162.052122,136.615593
2006-07-24,,,,137.591199,163.577592,136.907433
2006-07-25,,,,139.568287,165.564963,138.874695
2006-07-26,,,,135.824112,161.491949,135.149127
2006-07-27,,,,133.659101,158.779127,132.994876
2006-07-28,,,,132.466592,156.596381,131.808293
2006-07-31,,,,127.049580,151.352536,126.168066
2006-08-01,,,,125.059920,150.046099,124.192211
2006-08-02,,,,123.754700,148.405344,122.896047
2006-08-03,,,,122.099607,147.561471,121.252438
2006-08-04,,,,118.163032,142.134835,117.343176
2006-08-07,,,,117.707050,140.754710,116.890358
2006-08-08,,,,120.245576,143.682230,119.411271
2006-08-09,,,,120.279642,142.684188,119.445101
2006-08-10,,,,121.934405,144.425652,121.088382
2006-08-11,,,,123.672093,144.905604,122.814014
2006-08-14,,,,118.443772,138.615416,117.621968
2006-08-15,,,,119.931241,140.379833,119.099117
2006-08-16,,,,121.890680,142.593550,121.044960
2006-08-17,,,,121.231696,141.539769,120.390549
2006-08-18,,,,121.015324,141.591412,120.175678
2006-08-21,,,,121.579828,142.011627,120.736265
2006-08-22,,,,123.987869,145.422980,123.127599
2006-08-23,,,,124.434863,144.979675,123.571491
2006-08-24,,,,125.172458,145.794049,124.303968
2006-08-25,,,,126.360962,146.829360,125.484226
2006-08-28,,,,130.206504,151.158658,129.303086
2006-08-29,,,,131.209090,152.788142,130.298716
2006-08-30,,,,132.109746,152.863692,131.193123
2006-08-31,,,,132.862875,153.731006,131.941027
2006-09-01,,,,131.296078,151.818337,130.385101
2006-09-04,,,,133.381151,153.673382,132.455706
2006-09-05,,,,133.711188,154.013074,132.783454
2006-09-06,,,,134.265156,154.802979,133.333578
2006-09-07,,,,133.168429,153.952069,132.244460
2006-09-08,,,,134.162087,154.454641,133.231225
2006-09-11,,,,132.745136,153.040782,131.824105
2006-09-12,,,,133.644157,153.141954,132.716888
2006-09-13,,,,130.391106,150.954857,129.486408
2006-09-14,,,,131.205967,151.685286,130.295614
2006-09-15,,,,132.142878,153.092062,131.226025
2006-09-18,,,,134.407735,155.137964,133.475168
2006-09-19,,,,134.853476,156.701009,133.917816
2006-09-20,,,,135.552440,157.363723,134.611930
2006-09-21,,,,136.736150,159.318114,135.787428
2006-09-22,,,,137.527950,159.522477,136.573733
2006-09-25,,,,137.609231,159.545650,136.654451
2006-09-26,,,,136.153443,157.135922,135.208763
2006-09-27,,,,135.686158,158.376068,134.744720
2006-09-28,,,,138.037503,160.743390,137.079751
2006-09-29,,,,139.634000,163.208654,138.665171
2006-10-09,,,,142.771454,167.187507,141.780857
2006-10-10,,,,143.919415,167.628216,142.920852
2006-10-11,,,,143.417187,166.702004,142.422109
2006-10-12,,,,139.833879,163.490757,138.863663
2006-10-13,,,,139.547364,163.218220,138.579136
2006-10-16,,,,137.631179,161.713613,136.676246
2006-10-17,,,,138.079683,162.863000,137.121639
2006-10-18,,,,139.294018,165.221158,138.327548
2006-10-19,,,,139.789314,166.054309,138.819408
2006-10-20,,,,139.367545,166.103483,138.400565
2006-10-23,,,,134.466795,161.680307,133.533817
2006-10-24,,,,135.978390,164.556666,135.034925
2006-10-25,,,,137.040931,166.487425,136.090094
2006-10-26,,,,136.342257,165.868893,135.396267
2006-10-27,,,,133.580323,162.686469,132.653497
2006-10-30,,,,133.176803,161.952437,132.252776
2006-10-31,,,,135.074480,163.047602,134.002881
2006-11-01,,,,135.012513,163.834955,133.941405
2006-11-02,,,,134.699113,164.253691,133.630492
2006-11-03,,,,135.376311,165.912672,134.302318
2006-11-06,,,,134.780493,166.202752,133.711226
2006-11-07,,,,133.449369,165.106484,132.390663
2006-11-08,,,,133.399759,163.121626,132.341447
2006-11-09,,,,134.988405,164.423459,133.917489
2006-11-10,,,,132.880632,162.574102,131.826437
2006-11-13,,,,130.519814,160.873018,129.484348
2006-11-14,,,,133.252273,162.820873,132.195131
2006-11-15,,,,137.618132,167.795646,136.526353
2006-11-16,,,,138.542498,168.911497,137.443386
2006-11-17,,,,138.995251,170.839810,137.892547
2006-11-20,,,,140.084674,172.842258,138.973327
2006-11-21,,,,140.071489,174.871085,138.960247
2006-11-22,,,,143.580514,176.514094,142.441434
2006-11-23,,,,143.757036,176.320200,142.616555
2006-11-24,,,,143.976692,177.248311,142.834469
2006-11-27,,,,148.030576,181.224320,146.856191
2006-11-28,,,,148.522253,180.997744,147.343968
2006-11-29,,,,153.542801,186.270115,152.324685
2006-11-30,,,,157.527570,191.461162,156.277842
2006-12-01,,,,160.868178,195.815893,159.591947
2006-12-04,,,,164.838460,199.554793,163.530731
2006-12-05,,,,165.819516,201.071326,164.504005
2006-12-06,,,,164.429163,200.347293,163.124681
2006-12-07,,,,160.585172,197.069897,159.311186
2006-12-08,,,,156.060842,191.751610,154.822750
2006-12-11,,,,162.692046,200.288761,161.401346
2006-12-12,,,,162.923198,200.188609,161.630664
2006-12-13,,,,164.989516,201.770572,163.680589
2006-12-14,,,,170.587105,209.480744,169.233770
2006-12-15,,,,175.270253,216.802483,173.879765
2006-12-18,,,,181.614617,224.749193,180.173797
2006-12-19,,,,179.232678,223.605013,177.810755
2006-12-20,,,,182.342791,226.468306,180.896194
2006-12-21,,,,178.971347,223.424483,177.551496
2006-12-22,,,,176.367111,220.153530,174.967921
2006-12-25,,,,179.143160,225.329460,177.721946
2006-12-26,,,,178.443862,226.558756,177.028197
2006-12-27,,,,183.061603,232.779082,181.609303
2006-12-28,,,,183.151876,233.753648,181.698859
2006-12-29,,,,187.020914,237.830098,185.537203
2007-01-04,,,,184.751232,236.222314,183.285528
2007-01-05,,,,186.085575,235.776605,184.609285
2007-01-08,,,,189.674991,237.933081,188.170225
2007-01-09,,,,195.275641,246.200423,193.726442
2007-01-10,,,,203.380103,254.935980,201.766608
2007-01-11,,,,203.758475,254.060990,202.141979
2007-01-12,,,,205.067196,256.958145,203.440317
2007-01-15,,,,215.792924,271.533446,214.080953
2007-01-16,,,,229.117472,284.972068,227.299793
2007-01-17,,,,224.088452,277.646715,222.310670
2007-01-18,,,,230.582268,283.741412,228.752968
2007-01-19,,,,241.074702,295.348039,239.162161
2007-01-22,,,,248.908749,300.179494,246.934058
2007-01-23,,,,243.925198,294.229584,241.990043
2007-01-24,,,,248.986455,299.136709,247.011147
2007-01-25,,,,242.667273,293.006565,240.742098
2007-01-26,,,,248.829529,299.528722,246.855467
2007-01-29,,,,249.809030,302.202193,247.827196
2007-01-30,,,,249.647751,300.366520,247.667197
2007-01-31,,,,233.527462,279.633557,231.383465
2007-02-01,,,,238.525731,283.867448,236.335845
2007-02-02,,,,229.178063,273.162968,227.073997
2007-02-05,,,,227.282950,270.294358,225.196283
2007-02-06,,,,227.992402,273.182749,225.899222
2007-02-07,,,,232.117556,279.295071,229.986503
2007-02-08,,,,235.615442,284.017508,233.452275
2007-02-09,,,,232.460956,279.139094,230.326751
2007-02-12,,,,243.047221,291.539951,240.815823
2007-02-13,,,,245.642073,296.180560,243.386852
2007-02-14,,,,252.653248,305.108926,250.333658
2007-02-15,,,,261.461886,316.339002,259.061425
2007-02-16,,,,261.261052,318.272299,258.862434
2007-02-26,,,,255.249564,309.589508,252.906138
2007-02-27,,,,231.549134,280.817171,229.423299
2007-02-28,,,,234.973096,284.199441,232.815826
2007-03-01,,,,229.548121,278.334472,227.440658
2007-03-02,,,,233.551650,282.954700,231.407431
2007-03-05,,,,234.423116,281.656265,232.270896
2007-03-06,,,,239.876114,288.045878,237.673831
2007-03-07,,,,251.342414,302.367642,249.034859
2007-03-08,,,,257.241771,307.917988,254.880055
2007-03-09,,,,254.446562,303.486412,252.110508
2007-03-12,,,,252.752182,301.481820,250.431684
2007-03-13,,,,252.362706,301.693567,250.045784
2007-03-14,,,,248.505175,295.988409,246.223668
2007-03-15,,,,256.576600,302.825575,254.220990
2007-03-16,,,,252.168160,301.869457,249.853024
2007-03-19,,,,254.716582,305.331402,252.378049
2007-03-20,,,,253.241644,301.567644,250.916653
2007-03-21,,,,254.161792,303.637862,251.828353
2007-03-22,,,,250.894332,299.602433,248.590891
2007-03-23,,,,249.170770,297.732161,246.883153
2007-03-26,,,,250.776762,301.814557,248.474401
2007-03-27,,,,253.682609,302.821034,251.353569
2007-03-28,,,,254.947927,303.559181,252.607270
2007-03-29,,,,256.315776,306.732034,253.962561
2007-03-30,,,,258.736349,310.000655,256.360911
2007-04-02,,,,265.156531,318.545155,262.722149
2007-04-03,,,,270.604072,325.442937,268.119678
2007-04-04,,,,277.896466,334.133566,275.345120
2007-04-05,,,,280.479222,338.334882,277.904165
2007-04-06,,,,285.596722,343.514737,282.974681
2007-04-09,,,,296.290914,357.354096,293.570690
2007-04-10,,,,299.866898,360.575793,297.113843
2007-04-11,,,,302.269582,363.240656,299.494469
2007-04-12,,,,308.966638,370.177637,306.130040
2007-04-13,,,,310.983875,376.285137,308.128756
2007-04-16,,,,318.216092,385.471599,315.294575
2007-04-17,,,,319.484115,386.361137,316.550957
2007-04-18,,,,322.340918,390.010628,319.381532
2007-04-19,,,,305.184577,372.845251,302.382702
2007-04-20,,,,318.232092,387.318624,315.310429
2007-04-23,,,,324.110861,395.979170,321.135224
2007-04-24,,,,322.319584,392.718535,319.360393
2007-04-25,,,,319.171785,390.331409,316.241494
2007-04-26,,,,324.663555,397.181185,321.682844
2007-04-27,,,,323.630546,396.807080,320.659319
2007-04-30,,,,332.521635,411.399336,329.004762
2007-05-08,,,,340.580589,427.717235,336.978481
2007-05-09,,,,336.504726,423.273866,332.945726
2007-05-10,,,,337.714448,418.263911,334.142654
2007-05-11,,,,335.832899,418.371017,332.281004
2007-05-14,,,,342.720772,426.646388,339.096029
2007-05-15,,,,333.305897,418.578830,329.780729
2007-05-16,,,,342.169213,427.103113,338.550303
2007-05-17,,,,351.917524,437.043652,348.195513
2007-05-18,,,,350.984685,432.791570,347.272539
2007-05-21,,,,354.790623,438.976543,351.038224
2007-05-22,,,,354.142436,438.675719,350.396893
2007-05-23,,,,358.911787,449.336918,355.115802
2007-05-24,,,,360.716077,451.561861,356.901009
2007-05-25,,,,375.475738,463.496594,371.504566
2007-05-28,,,,384.032029,471.290137,379.970362
2007-05-29,,,,391.548636,479.652907,387.407471
2007-05-30,,,,364.899161,451.435359,361.039851
2007-05-31,,,,359.899360,455.821708,356.092930
2007-06-01,,,,353.459582,454.245301,349.721261
2007-06-04,,,,329.190272,428.171534,325.708632
2007-06-05,,,,347.086279,444.192147,343.415365
2007-06-06,,,,352.828435,448.292491,349.096789
2007-06-07,,,,367.053084,460.865391,363.170993
2007-06-08,,,,376.355121,471.637287,372.374649
2007-06-11,,,,388.436596,481.206470,384.328345
2007-06-12,,,,402.227126,493.649924,397.973021
2007-06-13,,,,408.698478,499.576326,404.375930
2007-06-14,,,,408.511057,496.812464,404.190491
2007-06-15,,,,414.176118,502.160887,409.795636
2007-06-18,,,,425.285697,515.079803,420.787716
2007-06-19,,,,424.700428,515.011151,420.208638
2007-06-20,,,,416.845878,506.735380,412.437160
2007-06-21,,,,417.400410,515.777820,412.985827
2007-06-22,,,,402.039168,508.631607,397.787052
2007-06-25,,,,384.827078,492.809422,380.757003
2007-06-26,,,,387.155199,497.494771,383.060501
2007-06-27,,,,400.446324,511.166255,396.211054
2007-06-28,,,,378.446618,489.167193,374.444025
2007-06-29,,,,370.864295,480.364916,366.941895
2007-07-02,,,,369.517219,475.955998,365.609067
2007-07-03,,,,378.966221,484.890873,374.958133
2007-07-04,,,,370.349217,476.461283,366.432265
2007-07-05,,,,349.348788,453.789511,345.653945
2007-07-06,,,,371.601562,477.903114,367.671365
2007-07-09,,,,384.698361,493.754380,380.629647
2007-07-10,,,,377.621611,487.905658,373.627744
2007-07-11,,,,378.317340,488.001579,374.316114
2007-07-12,,,,380.529476,489.606125,376.504854
2007-07-13,,,,380.637416,489.596544,376.611652
2007-07-16,,,,368.014066,473.788689,364.121812
2007-07-17,,,,374.848246,482.840380,370.883711
2007-07-18,,,,372.790494,483.137813,368.847722
2007-07-19,,,,374.463918,486.167163,370.503448
2007-07-20,,,,388.125917,502.980173,384.020952
2007-07-23,,,,406.341364,526.432519,402.043746
2007-07-24,,,,406.767555,523.268153,402.465429
2007-07-25,,,,411.189771,533.279138,406.840875
2007-07-26,,,,423.100384,544.379035,418.625516
2007-07-27,,,,422.015461,544.561415,417.552067
2007-07-30,,,,431.926799,554.968079,427.358579
2007-07-31,,,,434.862689,560.729358,428.386686
2007-08-01,,,,422.135885,538.462009,415.849411
2007-08-02,,,,438.514336,557.590643,431.983953
2007-08-03,,,,457.885494,581.480491,451.066635
2007-08-06,,,,467.327998,595.389344,460.368521
2007-08-07,,,,467.777195,596.761603,460.811028
2007-08-08,,,,459.562328,591.655612,452.718497
2007-08-09,,,,467.043500,602.289896,460.088259
2007-08-10,,,,452.087359,591.875268,445.354846
2007-08-13,,,,445.801940,582.647734,439.163029
2007-08-14,,,,457.880071,598.253146,451.061293
2007-08-15,,,,455.243701,597.904012,448.464183
2007-08-16,,,,449.295313,590.349023,442.604380
2007-08-17,,,,438.476739,574.530656,431.946917
2007-08-20,,,,460.460543,603.214006,453.603336
2007-08-21,,,,472.066632,616.662003,465.036586
2007-08-22,,,,479.849282,629.885972,472.703336
2007-08-23,,,,487.107573,637.552155,479.853537
2007-08-24,,,,489.748933,643.367668,482.455561
2007-08-27,,,,488.600393,638.844985,481.324125
2007-08-28,,,,480.563482,632.565669,473.406900
2007-08-29,,,,471.989147,623.689997,464.960255
2007-08-30,,,,475.843122,630.619851,468.756836
2007-08-31,,,,478.522499,639.373928,471.396312
2007-09-03,,,,491.045907,654.857534,483.733221
2007-09-04,,,,491.633765,654.370696,484.312325
2007-09-05,,,,491.329361,652.397484,484.012454
2007-09-06,,,,495.516152,656.336790,488.136894
2007-09-07,,,,486.333203,645.905587,479.090699
2007-09-10,,,,493.139158,651.637468,485.795299
2007-09-11,,,,466.542594,623.296999,459.594812
2007-09-12,,,,472.626161,628.471812,465.587783
2007-09-13,,,,484.439444,639.917021,477.225141
2007-09-14,,,,482.542958,648.326464,475.356898
2007-09-17,,,,485.567560,656.294688,478.336457
2007-09-18,,,,486.077484,653.965975,478.838788
2007-09-19,,,,479.594545,642.192354,472.452394
2007-09-20,,,,485.195899,660.027501,477.970332
2007-09-21,,,,480.995411,653.979493,473.832397
2007-09-24,,,,488.426401,655.973318,481.152725
2007-09-25,,,,486.398790,645.456535,479.155309
2007-09-26,,,,481.666033,640.630562,474.493033
2007-09-27,,,,489.162260,649.923436,481.877625
2007-09-28,,,,498.241850,664.399683,490.822001
2007-10-08,,,,504.248185,672.526452,496.738890
2007-10-09,,,,507.030301,678.349688,499.479574
2007-10-10,,,,509.133839,687.685311,501.551786
2007-10-11,,,,515.054333,700.686760,507.384112
2007-10-12,,,,510.289479,700.162609,502.690217
2007-10-15,,,,516.142571,706.295553,508.456144
2007-10-16,,,,519.569156,716.893635,511.831700
2007-10-17,,,,516.330132,714.109563,508.640912
2007-10-18,,,,497.170851,684.335070,489.766951
2007-10-19,,,,501.799922,689.288253,494.327086
2007-10-22,,,,498.157654,677.837414,490.739060
2007-10-23,,,,499.858165,683.563421,492.414246
2007-10-24,,,,507.137171,699.833022,499.584853
2007-10-25,,,,486.893005,672.767504,479.642165
2007-10-26,,,,491.747400,674.544067,484.424267
2007-10-29,,,,493.391785,679.714301,486.044164
2007-10-30,,,,503.891642,693.130253,496.387656
2007-10-31,,,,515.801530,708.449346,505.413990
2007-11-01,,,,502.949883,690.841956,492.821157
2007-11-02,,,,477.576344,664.911373,467.958607
2007-11-05,,,,467.220362,645.295834,457.811180
2007-11-06,,,,462.233997,640.289313,452.925233
2007-11-07,,,,472.364525,655.236822,462.851747
2007-11-08,,,,449.058428,622.460593,440.015003
2007-11-09,,,,433.881414,601.108288,425.143633
2007-11-12,,,,416.917902,581.501969,408.521743
2007-11-13,,,,409.193643,571.621492,400.953041
2007-11-14,,,,434.464351,605.477653,425.714830
2007-11-15,,,,432.529544,604.776021,423.818988
2007-11-16,,,,426.899689,595.430804,418.302511
2007-11-19,,,,425.681957,590.381087,417.109303
2007-11-20,,,,432.146863,596.163053,423.444013
2007-11-21,,,,431.540038,595.258561,422.849410
2007-11-22,,,,404.578369,557.601669,396.430712
2007-11-23,,,,412.545999,571.213410,404.237884
2007-11-26,,,,413.313436,570.440608,404.989867
2007-11-27,,,,409.395628,567.478197,401.150958
2007-11-28,,,,403.069835,560.480473,394.952558
2007-11-29,,,,419.680538,582.811960,411.228743
2007-11-30,,,,408.135437,568.734599,399.916145
2007-12-03,,,,403.192930,563.032546,395.073173
2007-12-04,,,,409.750996,569.745917,401.499169
2007-12-05,,,,429.433393,592.663932,420.785189
2007-12-06,,,,429.954725,592.273080,421.296023
2007-12-07,,,,437.723160,600.665051,428.908012
2007-12-10,,,,451.774803,618.408953,442.676673
2007-12-11,,,,452.587187,621.177000,443.472697
2007-12-12,,,,448.933122,610.117556,439.892220
2007-12-13,,,,426.688109,582.828367,418.095191
2007-12-14,,,,428.502033,590.095347,419.872585
2007-12-17,,,,415.276523,576.377054,406.913419
2007-12-18,,,,413.556021,570.494909,405.227566
2007-12-19,,,,425.303459,585.623813,416.738427
2007-12-20,,,,432.068432,596.326988,423.367162
2007-12-21,,,,443.151787,608.833482,434.227313
2007-12-24,,,,453.033767,624.583796,443.910284
2007-12-25,,,,458.806224,629.957307,449.566492
2007-12-26,,,,462.314106,633.596043,453.003729
2007-12-27,,,,472.696124,645.836086,463.176668
2007-12-28,,,,476.046402,648.282951,466.459476
2008-01-02,,,,476.422111,653.287520,466.827619
2008-01-03,,,,483.547339,658.544704,473.809354
2008-01-04,,,,497.175030,676.777489,487.162602
2008-01-07,,,,507.666451,685.551142,497.442740
2008-01-08,,,,502.090987,679.653772,491.979558
2008-01-09,,,,517.145537,695.708053,506.730930
2008-01-10,,,,526.311312,703.321528,515.712119
2008-01-11,,,,523.892405,702.033255,513.341925
2008-01-14,,,,529.489158,712.586046,518.825968
2008-01-15,,,,532.166700,709.650015,521.449587
2008-01-16,,,,514.418883,683.133835,504.059188
2008-01-17,,,,497.183558,659.836872,487.170958
2008-01-18,,,,505.585751,668.757326,495.403943
2008-01-21,,,,483.015159,629.673850,473.287892
2008-01-22,,,,441.701598,579.146539,432.806329
2008-01-23,,,,461.362119,607.037824,452.070914
2008-01-24,,,,462.887344,613.045580,453.565423
2008-01-25,,,,469.835971,624.946557,460.374114
2008-01-28,,,,441.424564,589.796155,432.534874
2008-01-29,,,,443.813829,594.177162,434.876023
2008-01-30,,,,437.726955,593.250477,428.911730
2008-01-31,,,,423.807834,576.300644,413.562579
2008-02-01,,,,414.865317,560.514610,404.836241
2008-02-04,,,,451.229273,610.917875,440.321125
2008-02-05,,,,454.604586,616.626186,443.614841
2008-02-13,,,,445.413242,603.533855,434.645692
2008-02-14,,,,450.929750,610.880752,440.028842
2008-02-15,,,,443.599846,599.598467,432.876134
2008-02-18,,,,449.092253,606.397429,438.235766
2008-02-19,,,,461.064866,621.736133,449.918948
2008-02-20,,,,456.041411,617.024940,445.016933
2008-02-21,,,,456.551376,611.843807,445.514569
2008-02-22,,,,445.763439,597.634352,434.987423
2008-02-25,,,,426.473199,566.642542,416.163510
2008-02-26,,,,421.458174,560.909902,411.269720
2008-02-27,,,,433.453443,572.305503,422.975012
2008-02-28,,,,434.568825,568.593330,424.063431
2008-02-29,,,,442.991945,578.385528,432.282928
2008-03-03,,,,462.249154,597.135343,451.074608
2008-03-04,,,,454.349728,582.663479,443.366145
2008-03-05,,,,449.153052,576.918260,438.295094
2008-03-06,,,,451.720625,586.481839,440.800598
2008-03-07,,,,443.108313,578.714049,432.396483
2008-03-10,,,,430.121334,555.011394,419.723455
2008-03-11,,,,431.723199,550.074910,421.286596
2008-03-12,,,,421.677173,532.436979,411.483425
2008-03-13,,,,408.874371,517.093362,398.990123
2008-03-14,,,,404.275885,510.511585,394.502801
2008-03-17,,,,379.864725,478.694474,370.681764
2008-03-18,,,,355.109954,449.542988,346.525421
2008-03-19,,,,364.256158,464.194899,355.450523
2008-03-20,,,,369.110125,473.568481,360.187149
2008-03-21,,,,375.784440,482.686766,366.700117
2008-03-24,,,,365.667491,461.672197,356.827737
2008-03-25,,,,370.140868,471.028326,361.192974
2008-03-26,,,,372.505283,475.317764,363.500231
2008-03-27,,,,355.281838,453.610379,346.693151
2008-03-28,,,,366.138658,472.947029,357.287514
2008-03-31,,,,354.102503,457.660554,345.542325
2008-04-01,,,,334.680726,433.003733,326.590056
2008-04-02,,,,318.995446,413.490059,311.283957
2008-04-03,,,,329.544612,426.736379,321.578104
2008-04-07,,,,348.052665,453.545666,339.638738
2008-04-08,,,,355.541896,465.270286,346.946922
2008-04-09,,,,339.040145,440.138343,330.844090
2008-04-10,,,,349.595840,450.977183,341.144607
2008-04-11,,,,351.990464,454.951896,343.481343
2008-04-14,,,,331.377297,424.590076,323.366485
2008-04-15,,,,341.204629,433.294014,332.956248
2008-04-16,,,,333.754562,420.943664,325.686282
2008-04-17,,,,325.917541,408.517787,318.038715
2008-04-18,,,,316.007704,392.227903,308.368441
2008-04-21,,,,311.249387,390.867223,303.725153
2008-04-22,,,,306.425628,389.020166,299.018005
2008-04-23,,,,317.546730,406.052306,309.870262
2008-04-24,,,,341.250675,439.705704,333.001181
2008-04-25,,,,341.144777,441.631868,332.897843
2008-04-28,,,,339.319328,432.943060,331.116523
2008-04-29,,,,344.608800,439.794621,336.278126
2008-04-30,,,,355.187428,457.124449,346.063338
2008-05-05,,,,368.365854,477.536808,358.903236
2008-05-06,,,,367.984821,473.765780,358.531991
2008-05-07,,,,356.442870,454.730840,347.286531
2008-05-08,,,,370.690036,473.553668,361.167714
2008-05-09,,,,373.017079,470.250159,363.434979
2008-05-12,,,,372.603396,473.863305,363.031924
2008-05-13,,,,369.834685,469.273113,360.334336
2008-05-14,,,,379.123703,481.149189,369.384736
2008-05-15,,,,376.264579,475.920402,366.599057
2008-05-16,,,,372.337920,474.085180,362.773267
2008-05-19,,,,375.842566,476.200504,366.187885
2008-05-20,,,,359.368518,459.316266,350.137024
2008-05-21,,,,365.503418,464.533113,356.114331
2008-05-22,,,,363.703192,460.701659,354.360349
2008-05-23,,,,356.839539,454.857260,347.673010
2008-05-26,,,,344.603583,443.459556,335.751373
2008-05-27,,,,340.253189,442.718929,331.512732
2008-05-28,,,,347.694786,450.805170,338.763168
2008-05-29,,,,340.111327,438.560435,331.374514
2008-05-30,,,,337.963423,439.093154,329.281786
2008-06-02,,,,340.039392,441.983496,331.304427
2008-06-03,,,,340.360709,442.391985,331.617490
2008-06-04,,,,332.763113,431.703010,324.215062
2008-06-05,,,,325.234898,421.411852,316.880232
2008-06-06,,,,323.829721,416.218035,315.511151
2008-06-10,,,,309.492493,393.688812,301.542220
2008-06-11,,,,301.827472,384.093481,294.074099
2008-06-12,,,,298.408417,376.718794,290.742872
2008-06-13,,,,285.349642,362.918662,278.019552
2008-06-16,,,,275.582510,351.290223,268.503319
2008-06-17,,,,266.089460,339.411090,259.254128
2008-06-18,,,,282.911252,358.651940,275.643800
2008-06-19,,,,267.079136,336.362397,260.218381
2008-06-20,,,,273.677967,343.738355,266.647701
2008-06-23,,,,268.769144,340.576003,261.864976
2008-06-24,,,,277.170506,349.260857,270.050523
2008-06-25,,,,289.645408,363.775081,282.204968
2008-06-26,,,,293.304999,366.375549,285.770551
2008-06-27,,,,282.744481,352.528179,275.481313
2008-06-30,,,,280.874302,351.295730,273.659175
2008-07-01,,,,276.411139,342.335955,269.310662
2008-07-02,,,,278.880839,347.480137,271.716921
2008-07-03,,,,285.973829,357.897607,278.627706
2008-07-04,,,,277.729152,351.778891,270.594818
2008-07-07,,,,287.647768,366.032001,280.258644
2008-07-08,,,,292.936525,370.595272,285.411543
2008-07-09,,,,299.879446,379.044683,292.176113
2008-07-10,,,,296.339339,372.319992,288.726945
2008-07-11,,,,299.414719,375.693322,291.723324
2008-07-14,,,,303.858771,381.955611,296.053217
2008-07-15,,,,296.009341,373.467477,288.405424
2008-07-16,,,,287.990009,362.782212,280.592093
2008-07-17,,,,283.435459,359.261565,276.154541
2008-07-18,,,,287.872974,368.819737,280.478065
2008-07-21,,,,294.163765,378.364007,286.607257
2008-07-22,,,,293.777432,378.161885,286.230849
2008-07-23,,,,286.111986,372.536447,278.762314
2008-07-24,,,,289.636262,378.244685,282.196057
2008-07-25,,,,285.143471,372.908261,277.818677
2008-07-28,,,,286.699820,375.466848,279.335047
2008-07-29,,,,287.868209,373.595377,280.473423
2008-07-30,,,,283.366694,369.255738,276.087543
2008-07-31,,,,275.871434,359.223955,268.420912
2008-08-01,,,,273.166085,358.313694,265.788628
2008-08-04,,,,267.326355,352.081080,260.106612
2008-08-05,,,,255.827924,340.425252,248.918722
2008-08-06,,,,252.929028,338.309945,246.098117
2008-08-07,,,,253.200283,334.909642,246.362047
2008-08-08,,,,242.422289,324.817833,235.875136
2008-08-11,,,,227.810570,305.917366,221.658039
2008-08-12,,,,230.234968,305.307932,224.016960
2008-08-13,,,,231.952952,311.283540,225.688547
2008-08-14,,,,232.524417,309.841742,226.244578
2008-08-15,,,,230.852173,307.242330,224.617497
2008-08-18,,,,216.085755,290.512637,210.249879
2008-08-19,,,,218.212381,292.805401,212.319070
2008-08-20,,,,233.513185,311.729456,227.206642
2008-08-21,,,,225.101649,298.363444,219.022279
2008-08-22,,,,219.954372,294.320906,214.014015
2008-08-25,,,,217.285750,290.891764,211.417465
2008-08-26,,,,205.486909,279.173381,199.937278
2008-08-27,,,,201.838010,275.655817,196.386926
2008-08-28,,,,202.558769,276.496552,197.088219
2008-08-29,,,,206.891815,282.942168,201.304242
2008-09-01,,,,199.069601,275.150444,193.693284
2008-09-02,,,,196.212204,271.406919,190.913058
2008-09-03,,,,190.179240,264.564374,185.043027
2008-09-04,,,,191.048443,267.746521,185.888755
2008-09-05,,,,187.584341,259.383974,182.518208
2008-09-08,,,,182.571207,251.838153,177.640465
2008-09-09,,,,181.964055,251.141070,177.049711
2008-09-10,,,,180.345206,249.727579,175.474582
2008-09-11,,,,176.915851,244.477523,172.137845
2008-09-12,,,,176.275945,246.183141,171.515221
2008-09-16,,,,173.003705,244.778360,168.331355
2008-09-17,,,,172.363111,244.213088,167.708062
2008-09-18,,,,170.730602,242.858017,166.119642
2008-09-19,,,,185.047154,262.545661,180.049544
2008-09-22,,,,195.628650,273.033360,190.345263
2008-09-23,,,,189.300705,265.457181,184.188219
2008-09-24,,,,191.108873,267.990360,185.947553
2008-09-25,,,,196.723587,276.123897,191.410629
2008-09-26,,,,198.311161,279.542363,192.955327
2008-10-06,,,,188.030931,267.652725,182.952737
2008-10-07,,,,183.921002,265.470128,178.953807
2008-10-08,,,,179.745358,261.139345,174.890935
2008-10-09,,,,176.876077,255.222773,172.099145
2008-10-10,,,,168.022859,248.246102,163.485028
2008-10-13,,,,168.323635,249.196388,163.777681
2008-10-14,,,,164.861017,245.185407,160.408579
2008-10-15,,,,160.935480,239.833831,156.589059
2008-10-16,,,,153.514413,228.529396,149.368415
2008-10-17,,,,155.701028,228.444722,151.495975
2008-10-20,,,,160.932811,235.482721,156.586462
2008-10-21,,,,162.022815,236.332015,157.647029
2008-10-22,,,,160.338851,231.840734,156.008544
2008-10-23,,,,162.940390,234.186048,158.539823
2008-10-24,,,,160.269289,230.185487,155.940860
2008-10-27,,,,150.594427,217.540682,146.527289
2008-10-28,,,,155.149973,222.605820,150.959803
2008-10-29,,,,149.816616,216.215648,145.770485
2008-10-30,,,,150.890270,219.635299,146.815142
2008-10-31,,,,146.655657,216.447844,142.549255
2008-11-03,,,,142.433479,211.514084,138.445299
2008-11-04,,,,140.225483,207.921536,136.299128
2008-11-05,,,,143.139542,213.731855,139.131592
2008-11-06,,,,141.027288,210.210802,137.078483
2008-11-07,,,,142.258942,211.661952,138.275650
2008-11-10,,,,149.667710,224.475371,145.476970
2008-11-11,,,,146.797833,219.787453,142.687450
2008-11-12,,,,147.896605,220.309212,143.755456
2008-11-13,,,,152.451602,227.518852,148.182912
2008-11-14,,,,159.439309,239.485948,154.974961
2008-11-17,,,,164.759126,248.989055,160.145821
2008-11-18,,,,155.784689,231.911441,151.422671
2008-11-19,,,,163.829606,245.214697,159.242329
2008-11-20,,,,163.706544,246.294741,159.122713
2008-11-21,,,,161.127136,243.485066,156.615528
2008-11-24,,,,155.378887,235.441364,151.028232
2008-11-25,,,,153.915410,234.158935,149.605732
2008-11-26,,,,154.362838,232.687589,150.040633
2008-11-27,,,,155.704783,236.785923,151.345003
2008-11-28,,,,153.597417,234.048890,149.296644
2008-12-01,,,,157.431594,240.170105,153.023463
2008-12-02,,,,159.823724,242.260095,155.348612
2008-12-03,,,,166.330822,251.941400,161.673510
2008-12-04,,,,167.980323,254.843494,163.276824
2008-12-05,,,,171.861243,258.377733,167.049077
2008-12-08,,,,176.741878,268.033813,171.793053
2008-12-09,,,,172.555521,261.245613,167.723916
2008-12-10,,,,178.150902,268.153085,173.162624
2008-12-11,,,,173.286559,262.510362,168.434484
2008-12-12,,,,170.884155,253.928128,166.099348
2008-12-15,,,,173.364457,257.262025,168.510200
2008-12-16,,,,175.012073,259.960674,170.111684
2008-12-17,,,,176.281230,263.778267,171.345304
2008-12-18,,,,177.072757,266.538609,172.114667
2008-12-19,,,,179.290850,270.651056,174.270653
2008-12-22,,,,179.212550,269.623532,174.194545
2008-12-23,,,,168.938466,257.885188,164.208138
2008-12-24,,,,165.565144,252.834185,160.929271
2008-12-25,,,,165.136694,253.088489,160.512817
2008-12-26,,,,163.061634,249.487944,158.495859
2008-12-29,,,,162.596288,250.742304,158.043544
2008-12-30,,,,162.854618,249.955776,158.294641
2008-12-31,,,,160.222713,248.053583,155.736430
2009-01-05,,,,164.850233,252.449148,160.234378
2009-01-06,,,,168.348870,257.164782,163.635052
2009-01-07,,,,168.542621,255.419838,163.823378
2009-01-08,,,,165.209860,250.092802,160.583935
2009-01-09,,,,167.934614,253.581419,163.232395
2009-01-12,,,,167.995800,256.327603,163.291868
2009-01-13,,,,164.580218,250.496716,159.971923
2009-01-14,,,,171.464218,259.487769,166.663169
2009-01-15,,,,172.863145,260.580500,168.022925
2009-01-16,,,,173.380568,264.767523,168.525861
2009-01-19,,,,174.829522,264.522139,169.934244
2009-01-20,,,,175.287983,267.059392,170.379868
2009-01-21,,,,174.845145,268.075884,169.949429
2009-01-22,,,,176.503800,272.815143,171.561641
2009-01-23,,,,175.288637,273.339311,170.205260
2009-02-02,,,,179.295279,277.045837,174.095709
2009-02-03,,,,183.534271,283.002979,178.211770
2009-02-04,,,,186.485610,287.671897,181.077520
2009-02-05,,,,183.447686,283.161705,178.127696
2009-02-06,,,,188.899457,293.200738,183.421365
2009-02-09,,,,195.581477,303.198265,189.909607
2009-02-10,,,,201.336527,309.914035,195.497760
2009-02-11,,,,198.360527,307.612460,192.608064
2009-02-12,,,,200.655438,309.821779,194.836423
2009-02-13,,,,206.669971,318.599918,200.676534
2009-02-16,,,,206.762637,320.442006,200.766513
2009-02-17,,,,201.997169,314.505708,196.139244
2009-02-18,,,,197.801001,306.505814,192.064764
2009-02-19,,,,201.484208,312.556728,195.641158
2009-02-20,,,,205.964161,318.459889,199.991192
2009-02-23,,,,211.041732,327.213167,204.921514
2009-02-24,,,,203.688277,313.908068,197.781310
2009-02-25,,,,202.364627,309.869548,196.496045
2009-02-26,,,,189.991965,293.785867,184.482191
2009-02-27,,,,185.743687,289.933646,180.357113
2009-03-02,,,,189.082763,297.022519,183.599356
2009-03-03,,,,190.815861,297.785849,185.282193
2009-03-04,,,,201.295656,314.765719,195.458075
2009-03-05,,,,198.512958,312.178439,192.756075
2009-03-06,,,,194.207535,305.487874,188.575510
2009-03-09,,,,188.358265,297.895582,182.895868
2009-03-10,,,,190.443723,300.543476,184.920847
2009-03-11,,,,189.285783,298.207754,183.796488
2009-03-12,,,,188.086404,296.443884,182.631891
2009-03-13,,,,187.455977,295.038127,182.019747
2009-03-16,,,,189.416114,297.587970,183.923039
2009-03-17,,,,195.479222,306.498631,189.810317
2009-03-18,,,,196.523999,308.115953,190.824796
2009-03-19,,,,200.430308,314.145192,194.617822
2009-03-20,,,,200.333919,314.078314,194.524228
2009-03-23,,,,203.553079,321.852646,197.650032
2009-03-24,,,,205.428754,323.123746,199.471313
2009-03-25,,,,200.526229,314.643821,194.710961
2009-03-26,,,,204.421750,321.748774,198.493512
2009-03-27,,,,207.802282,326.461692,201.776007
2009-03-30,,,,208.148058,328.261203,202.111756
2009-03-31,,,,211.358428,334.068635,205.229025
2009-04-01,,,,212.693624,334.913456,206.525501
2009-04-02,,,,211.925174,334.763810,205.779336
2009-04-03,,,,209.441710,329.531911,203.367892
2009-04-07,,,,210.529063,330.566484,204.423712
2009-04-08,,,,204.334767,321.478207,198.409051
2009-04-09,,,,207.353733,327.166791,201.340467
2009-04-10,,,,213.651714,337.159588,207.455806
2009-04-13,,,,215.941073,340.225683,209.678774
2009-04-14,,,,217.264770,344.060450,210.964083
2009-04-15,,,,220.222005,346.656359,213.835558
2009-04-16,,,,221.717152,344.064221,215.287346
2009-04-17,,,,219.079456,341.987400,212.726144
2009-04-20,,,,222.852206,344.904631,216.389483
2009-04-21,,,,220.861532,342.023704,214.456539
2009-04-22,,,,212.902463,329.955883,206.728283
2009-04-23,,,,214.241784,332.126908,208.028764
2009-04-24,,,,210.696084,329.027982,204.585889
2009-04-27,,,,207.687959,324.361860,201.665000
2009-04-28,,,,212.256372,326.935503,206.100929
2009-04-29,,,,214.020078,329.690488,207.813488
2009-04-30,,,,215.878662,333.507634,209.410607
2009-05-04,,,,220.984047,340.776193,214.363028
2009-05-05,,,,222.752138,344.499055,216.078144
2009-05-06,,,,225.483873,348.954090,218.728032
2009-05-07,,,,222.297350,345.789328,215.636982
2009-05-08,,,,221.697926,343.038575,215.055518
2009-05-11,,,,216.433540,335.425293,209.948861
2009-05-12,,,,220.364725,343.218480,213.762261
2009-05-13,,,,222.147708,344.762764,215.491824
2009-05-14,,,,223.596928,345.596228,216.897623
2009-05-15,,,,223.261009,345.155558,216.571768
2009-05-18,,,,225.013094,346.913966,218.271358
2009-05-19,,,,224.415849,346.080018,217.692008
2009-05-20,,,,222.763727,342.701846,216.089386
2009-05-21,,,,222.272991,341.714292,215.613353
2009-05-22,,,,220.929315,339.781422,214.309936
2009-05-25,,,,222.365473,340.721289,215.703064
2009-05-26,,,,220.503183,339.163621,213.896571
2009-05-27,,,,221.529736,340.821673,214.892367
2009-06-01,,,,226.992010,347.868529,220.190983
2009-06-02,,,,228.253862,348.754330,221.415028
2009-06-03,,,,231.745547,351.274048,224.802097
2009-06-04,,,,230.990589,351.539613,224.069759
2009-06-05,,,,231.170392,350.656839,224.244174
2009-06-08,,,,228.992706,345.552126,222.131735
2009-06-09,,,,228.580994,346.022481,221.732359
2009-06-10,,,,231.256181,349.670295,224.327393
2009-06-11,,,,229.102615,346.918817,222.238351
2009-06-12,,,,224.157487,339.152560,217.441387
2009-06-15,,,,227.003709,342.510396,220.202331
2009-06-16,,,,227.607073,343.959740,220.787617
2009-06-17,,,,231.972683,349.945897,225.022428
2009-06-18,,,,232.019782,350.129174,225.068115
2009-06-19,,,,232.479421,351.321687,225.513983
2009-06-22,,,,231.961793,350.158269,225.011864
2009-06-23,,,,229.993625,348.052934,223.102665
2009-06-24,,,,235.364057,356.942014,228.312191
2009-06-25,,,,235.205439,356.495195,228.158325
2009-06-26,,,,236.101761,357.045754,229.027791
2009-06-29,,,,239.542377,360.387134,232.365322
2009-06-30,,,,239.377828,359.036229,232.205703
2009-07-01,,,,244.417306,363.181261,237.094191
2009-07-02,,,,246.608150,365.813630,239.219393
2009-07-03,,,,249.476859,367.054996,242.002152
2009-07-06,,,,249.532698,368.978517,242.056318
2009-07-07,,,,246.899116,367.680077,239.501642
2009-07-08,,,,247.897484,368.541622,240.470097
2009-07-09,,,,252.120628,377.057828,244.566710
2009-07-10,,,,251.617045,377.167900,244.078214
2009-07-13,,,,252.940758,379.347303,245.362267
2009-07-14,,,,257.719065,387.442889,249.997409
2009-07-15,,,,260.867534,393.799188,253.051544
2009-07-16,,,,259.834313,387.929973,252.049280
2009-07-17,,,,260.809523,389.687168,252.995271
2009-07-20,,,,265.157801,399.254854,257.213268
2009-07-21,,,,257.379463,387.575605,249.667982
2009-07-22,,,,259.575610,390.919035,251.798329
2009-07-23,,,,264.661951,397.230757,256.732275
2009-07-24,,,,262.973971,394.421905,255.094870
2009-07-27,,,,268.975191,405.412149,260.916284
2009-07-28,,,,271.062587,406.784054,262.941138
2009-07-29,,,,253.933416,384.909450,246.325183
2009-07-30,,,,256.729513,390.829871,249.037505
2009-07-31,,,,264.155254,402.204563,255.901679
2009-08-03,,,,264.048937,403.374173,255.798683
2009-08-04,,,,263.332178,404.740675,255.104320
2009-08-05,,,,260.479594,399.931923,252.340866
2009-08-06,,,,260.806025,396.910881,252.657097
2009-08-07,,,,252.287701,384.345804,244.404930
2009-08-10,,,,250.378628,382.329261,242.555506
2009-08-11,,,,253.006297,383.717041,245.101073
2009-08-12,,,,246.577193,370.148175,238.872848
2009-08-13,,,,253.111416,377.675095,245.202908
2009-08-14,,,,248.686025,368.609944,240.915788
2009-08-17,,,,232.442459,345.805529,225.179755
2009-08-18,,,,233.944911,349.016045,226.635263
2009-08-19,,,,223.008238,332.224230,216.040308
2009-08-20,,,,228.779193,344.800935,221.630949
2009-08-21,,,,231.331140,350.555911,224.103159
2009-08-24,,,,235.638839,355.933875,228.276264
2009-08-25,,,,226.939191,344.468961,219.848438
2009-08-26,,,,233.610743,357.688552,226.311536
2009-08-27,,,,232.660486,354.755678,225.390970
2009-08-28,,,,224.268973,343.999425,217.261651
2009-08-31,,,,204.786786,315.469250,198.388189
2009-09-01,,,,205.743446,314.910525,199.314958
2009-09-02,,,,209.032917,321.002987,202.501648
2009-09-03,,,,224.993897,344.184062,217.963925
2009-09-04,,,,229.448505,351.284372,222.279348
2009-09-07,,,,232.750985,356.487314,225.478642
2009-09-08,,,,241.071281,369.154379,233.538968
2009-09-09,,,,242.821462,372.481884,235.234465
2009-09-10,,,,240.775627,367.154444,233.252552
2009-09-11,,,,245.498803,374.261797,237.828152
2009-09-14,,,,250.696068,382.626865,242.863028
2009-09-15,,,,250.774385,382.005939,242.938897
2009-09-16,,,,249.116273,382.603825,241.332593
2009-09-17,,,,253.557037,388.908678,245.634605
2009-09-18,,,,244.120006,374.363543,236.492436
2009-09-21,,,,243.611568,375.883983,235.999884
2009-09-22,,,,239.536672,371.011731,232.052309
2009-09-23,,,,232.937773,363.370570,225.659593
2009-09-24,,,,235.309237,364.453285,227.956961
2009-09-25,,,,231.143121,358.013915,223.921016
2009-09-28,,,,224.795096,346.254264,217.771335
2009-09-29,,,,225.356730,349.512583,218.315422
2009-09-30,,,,228.329204,354.363682,221.195019
2009-10-09,,,,240.439226,373.701020,232.926662
2009-10-12,,,,242.209241,377.250849,234.641372
2009-10-13,,,,244.693900,382.255117,237.048398
2009-10-14,,,,248.118362,384.424885,240.365862
2009-10-15,,,,246.707256,383.856371,238.998846
2009-10-16,,,,249.891258,386.533405,242.083364
2009-10-19,,,,259.864147,400.507410,251.744648
2009-10-20,,,,262.399900,404.540010,254.201171
2009-10-21,,,,261.187464,400.811876,253.026618
2009-10-22,,,,260.149603,398.282997,252.021185
2009-10-23,,,,264.289207,405.129241,256.031447
2009-10-26,,,,264.004429,404.790680,255.755566
2009-10-27,,,,256.623541,395.286059,248.605295
2009-10-28,,,,257.462319,397.459755,249.417866
2009-10-29,,,,249.940560,387.771371,242.131125
2009-10-30,,,,250.533311,390.496785,242.406508
2009-11-02,,,,258.580290,402.905633,250.192459
2009-11-03,,,,261.510013,408.206941,253.027148
2009-11-04,,,,263.234228,410.838789,254.695432
2009-11-05,,,,264.092466,411.141666,255.525831
2009-11-06,,,,266.945169,414.332363,258.285998
2009-11-09,,,,269.894801,419.096627,261.139949
2009-11-10,,,,269.147042,417.662485,260.416446
2009-11-11,,,,268.771955,419.032845,260.053526
2009-11-12,,,,268.715699,422.294535,259.999095
2009-11-13,,,,269.502945,425.280177,260.760804
2009-11-16,,,,283.192079,441.294901,274.005890
2009-11-17,,,,280.853308,438.754918,271.742985
2009-11-18,,,,282.590400,438.177721,273.423728
2009-11-19,,,,283.466654,437.847945,274.271558
2009-11-20,,,,282.394862,435.437487,273.234533
2009-11-23,,,,287.080517,444.693986,277.768194
2009-11-24,,,,278.544644,427.548528,269.509209
2009-11-25,,,,288.728634,441.087306,279.362850
2009-11-26,,,,279.328440,426.494558,270.267579
2009-11-27,,,,265.947903,410.953244,257.321081
2009-11-30,,,,278.867483,431.061190,269.821575
2009-12-01,,,,282.090231,437.285411,272.939783
2009-12-02,,,,288.844626,445.747356,279.475079
2009-12-03,,,,290.361388,445.350528,280.942641
2009-12-04,,,,288.886447,443.110434,279.515544
2009-12-07,,,,287.673602,441.804104,278.342041
2009-12-08,,,,285.578266,437.974350,276.314674
2009-12-09,,,,282.798478,434.634374,273.625057
2009-12-10,,,,284.532667,439.407410,275.302992
2009-12-11,,,,284.200495,438.276177,274.981595
2009-12-14,,,,285.403632,440.924756,276.145704
2009-12-15,,,,286.002186,441.658551,276.724843
2009-12-16,,,,284.381828,437.814189,275.157045
2009-12-17,,,,276.003261,427.282234,267.050263
2009-12-18,,,,265.647955,413.255836,257.030862
2009-12-21,,,,266.551276,416.469981,257.904882
2009-12-22,,,,256.767494,407.198416,248.438466
2009-12-23,,,,258.579166,412.634910,250.191371
2009-12-24,,,,273.834701,432.460622,264.952047
2009-12-25,,,,271.958642,430.608544,263.136844
2009-12-28,,,,276.843614,436.515329,267.863357
2009-12-29,,,,277.104032,435.649169,268.115327
2009-12-30,,,,277.444433,436.200526,268.444686
2009-12-31,,,,277.841109,438.565863,268.828495
2010-01-04,,,,277.758009,436.031416,268.748090
2010-01-05,,,,283.646751,437.958906,274.445813
2010-01-06,,,,282.521519,435.393019,273.357082
2010-01-07,,,,276.264903,422.446714,267.303417
2010-01-08,,,,273.434286,419.417226,264.564620
2010-01-11,,,,271.445697,415.967394,262.640538
2010-01-12,,,,274.889424,424.218168,265.972557
2010-01-13,,,,262.028769,413.259362,253.529075
2010-01-14,,,,265.786931,420.444123,257.165330
2010-01-15,,,,268.203766,422.617397,259.503768
2010-01-18,,,,267.400018,424.171170,258.726092
2010-01-19,,,,268.497392,424.109380,259.787869
2010-01-20,,,,259.043795,411.616254,250.640929
2010-01-21,,,,254.350241,406.417870,246.099624
2010-01-22,,,,245.833605,393.370098,237.859251
2010-01-25,,,,244.333817,389.958534,236.408113
2010-01-26,,,,236.349449,381.538654,228.682742
2010-01-27,,,,233.379090,377.179688,225.808735
2010-01-28,,,,234.966568,380.594210,227.344719
2010-01-29,,,,233.526185,378.760726,225.797599
2010-02-01,,,,225.907012,368.954615,218.430584
2010-02-02,,,,228.300344,372.087120,220.744708
2010-02-03,,,,237.679395,386.261234,229.813357
2010-02-04,,,,234.554910,381.668730,226.792278
2010-02-05,,,,227.308675,372.223261,219.785858
2010-02-08,,,,227.386608,372.092080,219.861213
2010-02-09,,,,228.627418,375.329106,221.060957
2010-02-10,,,,233.048822,381.655645,225.336034
2010-02-11,,,,235.008401,384.129267,227.230761
2010-02-12,,,,239.081695,389.959373,231.169248
2010-02-22,,,,236.726076,386.646675,228.891589
2010-02-23,,,,237.056709,386.642130,229.211280
2010-02-24,,,,240.835964,391.976685,232.865460
2010-02-25,,,,243.853649,396.555577,235.783274
2010-02-26,,,,245.049744,397.555283,236.939784
2010-03-01,,,,247.241020,404.438948,239.058539
2010-03-02,,,,243.671033,398.559131,235.606702
2010-03-03,,,,245.862020,400.573797,237.725178
2010-03-04,,,,240.327690,390.775661,232.374007
2010-03-05,,,,241.354438,392.515032,233.366775
2010-03-08,,,,243.991634,397.303839,235.916692
2010-03-09,,,,247.044954,400.868425,238.868962
2010-03-10,,,,243.920970,396.726029,235.848367
2010-03-11,,,,241.022346,392.535113,233.045673
2010-03-12,,,,237.414259,385.844065,229.556997
2010-03-15,,,,232.457743,377.905966,224.764518
2010-03-16,,,,232.762772,379.707093,225.059452
2010-03-17,,,,238.784954,389.110474,230.882328
2010-03-18,,,,239.089010,388.173379,231.176322
2010-03-19,,,,241.423850,392.602465,233.433889
2010-03-22,,,,242.485999,392.710182,234.460887
2010-03-23,,,,241.822707,390.228188,233.819547
2010-03-24,,,,242.724997,390.863066,234.691975
2010-03-25,,,,239.029085,384.785451,231.118379
2010-03-26,,,,242.658150,390.254580,234.627340
2010-03-29,,,,248.687286,399.230568,240.456941
2010-03-30,,,,251.531661,403.600487,243.207181
2010-03-31,,,,248.474431,399.003302,240.251131
2010-04-01,,,,253.337312,406.054945,244.953074
2010-04-02,,,,258.522854,412.431973,249.966999
2010-04-06,,,,259.244296,412.033625,250.664565
2010-04-07,,,,258.480015,410.913063,249.925578
2010-04-08,,,,253.573286,402.867463,245.181238
2010-04-09,,,,256.753165,408.228179,248.255878
2010-04-12,,,,254.914023,404.779207,246.477603
2010-04-13,,,,256.580580,406.517634,248.089005
2010-04-14,,,,260.462935,414.616738,251.842873
2010-04-15,,,,261.511219,414.896743,252.856464
2010-04-16,,,,258.336320,410.428843,249.786638
2010-04-19,,,,243.915661,388.284337,235.843234
2010-04-20,,,,244.176201,388.595877,236.095151
2010-04-21,,,,250.587350,396.458544,242.294122
2010-04-22,,,,250.897531,396.109021,242.594037
2010-04-23,,,,249.482738,393.070753,241.226067
2010-04-26,,,,249.727378,392.253030,241.462611
2010-04-27,,,,244.926083,384.224499,236.820216
2010-04-28,,,,245.110203,383.629402,236.998243
2010-04-29,,,,238.948698,376.650161,231.040653
2010-04-30,,,,237.776528,376.944674,229.713202
2010-05-04,,,,236.291633,375.861609,228.278662
2010-05-05,,,,239.028820,383.666836,230.923026
2010-05-06,,,,230.390636,370.683740,222.577775
2010-05-07,,,,225.232311,362.376276,217.594376
2010-05-10,,,,224.401807,358.847975,216.792036
2010-05-11,,,,220.598154,352.950364,213.117370
2010-05-12,,,,218.468364,350.085170,211.059804
2010-05-13,,,,226.086960,362.940967,218.420043
2010-05-14,,,,225.816986,361.550366,218.159224
2010-05-17,,,,214.489175,343.687922,207.215555
2010-05-18,,,,217.148003,345.898881,209.784218
2010-05-19,,,,216.752076,345.545238,209.401717
2010-05-20,,,,213.736243,341.576099,206.488156
2010-05-21,,,,217.711965,346.132636,210.329056
2010-05-24,,,,227.738141,361.278490,220.015230
2010-05-25,,,,225.733736,357.962288,218.078797
2010-05-26,,,,225.493604,356.882514,217.846808
2010-05-27,,,,229.536622,362.926549,221.752722
2010-05-28,,,,230.556217,365.039964,222.737741
2010-05-31,,,,226.105706,356.971875,218.438153
2010-06-01,,,,224.161347,355.933400,216.559730
2010-06-02,,,,225.790248,356.266243,218.133393
2010-06-03,,,,224.856104,355.577184,217.230926
2010-06-04,,,,224.466515,356.044831,216.854549
2010-06-07,,,,220.746324,351.206446,213.260515
2010-06-08,,,,223.453141,355.794759,215.875540
2010-06-09,,,,230.536708,366.304858,222.718894
2010-06-10,,,,228.813693,365.020361,221.054309
2010-06-11,,,,229.057174,364.437265,221.289532
2010-06-17,,,,225.368182,358.598395,217.725639
2010-06-18,,,,219.382417,349.967492,211.942860
2010-06-21,,,,224.918586,358.271089,217.291290
2010-06-22,,,,225.133200,358.339608,217.498626
2010-06-23,,,,225.008039,357.819163,217.377710
2010-06-24,,,,225.176402,357.346754,217.540363
2010-06-25,,,,223.760907,354.295249,216.172870
2010-06-28,,,,222.916844,351.363362,215.357430
2010-06-29,,,,210.965453,332.710339,203.811327
2010-06-30,,,,211.500054,333.413595,204.327799
2010-07-01,,,,207.538331,326.879356,200.500423
2010-07-02,,,,204.916652,322.312100,197.967648
2010-07-05,,,,203.463757,321.308587,196.564023
2010-07-06,,,,209.135923,330.759578,202.043838
2010-07-07,,,,211.745954,334.937941,204.565359
2010-07-08,,,,213.701510,337.172666,206.454600
2010-07-09,,,,220.524083,348.860690,213.045811
2010-07-12,,,,222.041072,350.579137,214.511357
2010-07-13,,,,219.587222,346.682796,212.140719
2010-07-14,,,,220.255958,348.314665,212.786778
2010-07-15,,,,218.290839,345.767350,210.888299
2010-07-16,,,,219.593412,347.052865,212.146700
2010-07-19,,,,224.679131,356.286824,217.059955
2010-07-20,,,,229.295159,364.190737,221.519447
2010-07-21,,,,229.750753,364.250990,221.959592
2010-07-22,,,,233.235971,369.298913,225.326621
2010-07-23,,,,233.524855,370.611176,225.605708
2010-07-26,,,,237.760888,378.250683,229.698092
2010-07-27,,,,237.352239,379.047202,229.303301
2010-07-28,,,,242.905236,386.669345,234.667988
2010-07-29,,,,246.396164,389.172430,238.040534
2010-07-30,,,,245.804410,387.432873,237.217682
2010-08-02,,,,249.814635,392.981283,241.087818
2010-08-03,,,,243.763777,385.208156,235.248335
2010-08-04,,,,245.773100,388.455268,237.187466
2010-08-05,,,,247.642082,392.395028,238.991158
2010-08-06,,,,252.849972,399.138364,244.017120
2010-08-09,,,,254.562605,401.663076,245.669925
2010-08-10,,,,247.744499,391.531584,239.089997
2010-08-11,,,,249.906652,395.364257,241.176620
2010-08-12,,,,248.936481,393.879895,240.240340
2010-08-13,,,,252.637897,400.706768,243.812454
2010-08-16,,,,259.173535,411.125033,250.119781
2010-08-17,,,,259.031284,410.687030,249.982500
2010-08-18,,,,258.754514,408.138739,249.715398
2010-08-19,,,,259.328940,409.963166,250.269757
2010-08-20,,,,250.530914,397.683642,241.779074
2010-08-23,,,,251.489427,399.131899,242.704103
2010-08-24,,,,254.251236,402.252787,245.369434
2010-08-25,,,,249.761941,394.976578,241.036964
2010-08-26,,,,251.847311,397.600748,243.049485
2010-08-27,,,,254.785686,401.298297,245.885213
2010-08-30,,,,262.115234,412.780799,252.958718
2010-08-31,,,,264.537508,416.590213,255.296374
2010-09-01,,,,261.266968,411.887413,252.140084
2010-09-02,,,,266.740501,418.665493,257.422409
2010-09-03,,,,268.191956,421.825844,258.823160
2010-09-06,,,,271.234655,426.586626,261.759568
2010-09-07,,,,271.945952,428.695834,262.446018
2010-09-08,,,,275.712718,433.623612,266.081198
2010-09-09,,,,274.412197,431.111180,264.826108
2010-09-10,,,,281.427478,442.067897,271.596323
2010-09-13,,,,286.272034,450.695258,276.271644
2010-09-14,,,,286.726450,452.881940,276.710185
2010-09-15,,,,281.536484,444.777100,271.701521
2010-09-16,,,,279.733279,440.881013,269.961309
2010-09-17,,,,285.481954,447.833191,275.509163
2010-09-20,,,,281.530250,442.886056,271.695505
2010-09-21,,,,284.190087,444.168986,274.262426
2010-09-27,,,,295.634082,461.126948,285.306646
2010-09-28,,,,297.294108,464.456921,286.908682
2010-09-29,,,,293.982998,460.274305,283.713239
2010-09-30,,,,298.393149,469.396402,287.969330
2010-10-08,,,,306.457570,483.497195,295.752035
2010-10-11,,,,298.446419,472.942186,288.020739
2010-10-12,,,,297.736800,475.464138,287.335909
2010-10-13,,,,296.284424,473.423638,285.934269
2010-10-14,,,,291.090946,466.381624,280.922215
2010-10-15,,,,293.948501,471.319173,283.679947
2010-10-18,,,,292.277594,466.371303,282.067411
2010-10-19,,,,299.290670,477.736744,288.835498
2010-10-20,,,,304.097971,485.131883,293.474864
2010-10-21,,,,306.997054,489.236227,296.272673
2010-10-22,,,,310.352398,495.046147,299.510805
2010-10-25,,,,315.029664,505.532559,304.024678
2010-10-26,,,,316.363495,507.231613,305.311915
2010-10-27,,,,314.043988,502.560961,303.073435
2010-10-28,,,,315.174176,501.927991,304.164142
2010-10-29,,,,318.224700,506.406336,306.913379
2010-11-01,,,,328.090816,516.797045,316.428803
2010-11-02,,,,327.775177,511.972726,316.124384
2010-11-03,,,,323.067451,502.687440,311.583994
2010-11-04,,,,333.146016,517.298763,321.304316
2010-11-05,,,,336.310406,520.213338,324.356227
2010-11-08,,,,336.700770,523.459172,324.732715
2010-11-09,,,,342.382422,530.079661,330.212413
2010-11-10,,,,350.156683,540.200794,337.710337
2010-11-11,,,,344.286172,533.442267,332.048494
2010-11-12,,,,323.903472,502.108724,312.390299
2010-11-15,,,,337.144932,520.123290,325.161090
2010-11-16,,,,329.012356,504.950025,317.317587
2010-11-17,,,,308.471953,479.905090,297.507294
2010-11-18,,,,311.523116,482.919462,300.450003
2010-11-19,,,,321.767307,494.318841,310.330064
2010-11-22,,,,325.299312,499.405780,313.736524
2010-11-23,,,,320.658194,490.404392,309.260374
2010-11-24,,,,330.496355,506.160458,318.748837
2010-11-25,,,,332.173146,509.517076,320.366027
2010-11-26,,,,332.614094,507.891682,320.791300
2010-11-29,,,,336.625617,516.104039,324.660234
2010-11-30,,,,328.825122,505.790464,317.137009
2010-12-01,,,,325.193496,502.397744,313.634469
2010-12-02,,,,323.964432,505.683035,312.449091
2010-12-03,,,,320.175446,502.212480,308.794786
2010-12-06,,,,313.282423,498.932489,302.146776
2010-12-07,,,,316.881306,507.472029,305.617736
2010-12-08,,,,316.327536,510.534561,305.083650
2010-12-09,,,,309.176633,496.430208,298.186926
2010-12-10,,,,312.742476,500.548990,301.626021
2010-12-13,,,,320.653480,512.284233,309.255828
2010-12-14,,,,322.253523,514.246175,310.798997
2010-12-15,,,,320.690034,511.817900,309.291083
2010-12-16,,,,320.837307,512.374745,309.433120
2010-12-17,,,,319.081008,511.136499,307.739249
2010-12-20,,,,313.812848,499.452078,302.658346
2010-12-21,,,,313.483910,498.361290,302.341100
2010-12-22,,,,310.409600,495.494376,299.376068
2010-12-23,,,,305.711153,490.005653,294.844627
2010-12-24,,,,299.584128,482.410996,288.935388
2010-12-27,,,,290.017580,470.165992,279.708883
2010-12-28,,,,285.764097,463.173526,275.606591
2010-12-29,,,,292.434704,470.699521,282.040090
2010-12-30,,,,294.279220,474.382783,283.819043
2010-12-31,,,,300.270787,483.595845,289.597640
2011-01-04,,,,302.646612,488.279878,291.889015
2011-01-05,,,,299.501397,480.439235,288.855598
2011-01-06,,,,298.875207,479.614572,288.251665
2011-01-07,,,,295.902155,476.436235,285.384290
2011-01-10,,,,288.151524,463.949807,277.909156
2011-01-11,,,,286.413073,460.939534,276.232499
2011-01-12,,,,286.629597,463.215443,276.441326
2011-01-13,,,,290.355032,468.476585,280.034341
2011-01-14,,,,286.073901,461.470584,275.905383
2011-01-17,,,,273.632365,442.612416,263.906082
2011-01-18,,,,276.946757,444.888930,267.102664
2011-01-19,,,,285.518814,454.105615,275.370026
2011-01-20,,,,275.083988,435.446894,265.306107
2011-01-21,,,,274.564516,432.643988,264.805100
2011-01-24,,,,267.479377,421.994338,257.971802
2011-01-25,,,,264.563444,420.455594,255.159516
2011-01-26,,,,269.929069,427.292176,260.334420
2011-01-27,,,,275.954644,435.709269,266.145815
2011-01-28,,,,280.493780,444.359815,270.523607
2011-01-31,,,,283.491758,450.278696,273.162659
2011-02-01,,,,285.063787,452.673056,274.677411
2011-02-09,,,,281.302076,446.028701,271.052760
2011-02-10,,,,286.804943,455.653575,276.355128
2011-02-11,,,,289.668598,460.704624,279.114445
2011-02-14,,,,297.000397,473.707035,286.179108
2011-02-15,,,,299.434990,475.754988,288.524995
2011-02-16,,,,304.180254,479.305859,293.097365
2011-02-17,,,,306.892959,479.844649,295.711232
2011-02-18,,,,303.502061,474.828301,292.443881
2011-02-21,,,,308.881974,483.208905,297.627776
2011-02-22,,,,300.069210,472.326116,289.136108
2011-02-23,,,,301.471396,477.085487,290.487204
2011-02-24,,,,303.664693,480.978114,292.600588
2011-02-25,,,,302.349110,477.713406,291.332939
2011-02-28,,,,307.282595,482.913986,296.086671
2011-03-01,,,,308.946663,486.844833,297.690108
2011-03-02,,,,307.771230,483.474009,296.557503
2011-03-03,,,,302.060063,475.596486,291.054423
2011-03-04,,,,305.192103,479.691167,294.072347
2011-03-07,,,,308.418921,483.777736,297.181595
2011-03-08,,,,310.763928,486.964348,299.441160
2011-03-09,,,,311.126060,486.736415,299.790098
2011-03-10,,,,307.488711,483.832285,296.285278
2011-03-11,,,,305.358824,480.564469,294.232993
2011-03-14,,,,306.168262,482.623953,295.012939
2011-03-15,,,,301.373072,474.297686,290.392463
2011-03-16,,,,306.458350,480.326878,295.292458
2011-03-17,,,,298.795440,470.130600,287.908748
2011-03-18,,,,300.904200,472.427259,289.940675
2011-03-21,,,,298.089197,468.250869,287.228237
2011-03-22,,,,296.002584,464.664306,285.217650
2011-03-23,,,,300.685011,470.263467,289.729472
2011-03-24,,,,301.472673,470.446086,290.488435
2011-03-25,,,,305.689432,474.327766,294.551556
2011-03-28,,,,305.009141,471.850200,293.896051
2011-03-29,,,,296.181160,459.455220,285.389720
2011-03-30,,,,298.869422,463.027483,287.980035
2011-03-31,,,,298.738180,462.902141,287.853574
2011-04-01,,,,300.366706,464.825983,289.422764
2011-04-06,,,,301.047897,465.162130,290.079136
2011-04-07,,,,300.321279,464.717051,289.378992
2011-04-08,,,,306.234034,472.789258,295.076315
2011-04-11,,,,305.823149,473.089039,294.680400
2011-04-12,,,,303.153099,470.773487,292.107634
2011-04-13,,,,306.000162,476.568223,294.850964
2011-04-14,,,,303.316562,472.941634,292.265142
2011-04-15,,,,301.960763,471.182222,290.958741
2011-04-18,,,,298.604289,468.693978,287.724562
2011-04-19,,,,292.476162,461.121597,281.819714
2011-04-20,,,,294.722751,465.133124,283.984449
2011-04-21,,,,298.679348,469.166699,287.796886
2011-04-22,,,,299.463257,471.959564,288.552233
2011-04-25,,,,295.123930,465.676085,284.371011
2011-04-26,,,,292.200193,459.643727,281.553801
2011-04-27,,,,287.323142,455.061957,276.854446
2011-04-28,,,,277.705779,440.070378,267.587494
2011-04-29,,,,284.361567,447.563915,273.787801
2011-05-03,,,,287.061812,451.729225,276.387640
2011-05-04,,,,280.368128,442.000680,269.942855
2011-05-05,,,,278.770235,440.614871,268.404378
2011-05-06,,,,281.477603,444.686117,271.011075
2011-05-09,,,,283.841277,447.652924,273.286857
2011-05-10,,,,288.398716,453.382693,277.674832
2011-05-11,,,,286.643420,451.801608,275.984805
2011-05-12,,,,281.660933,444.384826,271.187588
2011-05-13,,,,282.348618,445.530536,271.849701
2011-05-16,,,,277.653895,438.722008,267.329548
2011-05-17,,,,277.624477,437.564585,267.301224
2011-05-18,,,,278.944134,441.057726,268.571811
2011-05-19,,,,278.660848,440.996675,268.299059
2011-05-20,,,,280.738519,442.790177,270.299473
2011-05-23,,,,271.790442,426.843623,261.684124
2011-05-24,,,,276.534625,432.100546,266.251898
2011-05-25,,,,275.038086,429.678429,264.811007
2011-05-26,,,,273.560076,427.179073,263.387955
2011-05-27,,,,268.008340,420.931776,258.042656
2011-05-30,,,,266.605600,419.047337,256.692076
2011-05-31,,,,272.553238,429.139594,262.418555
2011-06-01,,,,275.242503,432.610045,265.007822
2011-06-02,,,,275.256069,432.762309,265.020884
2011-06-03,,,,279.300576,438.320870,268.914999
2011-06-07,,,,285.042893,447.132914,274.443793
2011-06-08,,,,286.000085,448.072898,275.365391
2011-06-09,,,,280.723949,440.398238,270.285445
2011-06-10,,,,281.896379,441.801240,271.414279
2011-06-13,,,,284.358247,443.230468,273.784604
2011-06-14,,,,288.807051,450.513543,278.067983
2011-06-15,,,,285.238515,445.760496,274.632140
2011-06-16,,,,282.185516,442.483064,271.692665
2011-06-17,,,,272.803183,430.400729,262.659206
2011-06-20,,,,271.758583,429.724627,261.653449
2011-06-21,,,,274.038288,434.851961,263.848385
2011-06-22,,,,275.056806,437.672940,264.829030
2011-06-23,,,,281.256601,447.897651,270.798290
2011-06-24,,,,288.985574,456.600268,278.239868
2011-06-27,,,,289.521292,457.259822,278.755666
2011-06-28,,,,291.939207,462.181909,281.083673
2011-06-29,,,,287.806871,456.813729,277.104994
2011-06-30,,,,292.947592,462.980128,282.054562
2011-07-01,,,,293.074639,463.930197,282.176884
2011-07-04,,,,299.496545,473.648845,288.359996
2011-07-05,,,,301.967926,475.415766,290.739481
2011-07-06,,,,303.398550,478.483072,292.116908
2011-07-07,,,,301.085238,476.665768,289.889615
2011-07-08,,,,302.936980,477.416170,291.672501
2011-07-11,,,,305.811767,483.222592,294.440392
2011-07-12,,,,300.654064,477.076352,289.474474
2011-07-13,,,,306.831334,485.687306,295.422047
2011-07-14,,,,308.625140,488.437276,297.149151
2011-07-15,,,,309.976167,491.921935,298.449942
2011-07-18,,,,306.562193,488.522699,295.162914
2011-07-19,,,,302.835661,483.076201,291.574950
2011-07-20,,,,303.096570,484.732299,291.826158
2011-07-21,,,,298.860884,476.993770,287.747972
2011-07-22,,,,300.380623,480.154893,289.211201
2011-07-25,,,,290.703987,464.380225,279.894383
2011-07-26,,,,292.995812,467.050005,282.100989
2011-07-27,,,,297.715032,474.925406,286.644727
2011-07-28,,,,298.016181,474.272524,286.934679
2011-07-29,,,,294.022333,467.837363,282.897806
2011-08-01,,,,295.891678,470.270028,284.696424
2011-08-02,,,,294.540596,468.239899,283.396460
2011-08-03,,,,294.724998,469.348785,283.573886
2011-08-04,,,,296.159299,471.905238,284.953919
2011-08-05,,,,291.150946,465.829476,280.135060
2011-08-08,,,,279.158889,449.856789,268.596730
2011-08-09,,,,280.005643,451.479540,269.411447
2011-08-10,,,,283.302418,457.551189,272.583486
2011-08-11,,,,287.076874,464.110433,276.215133
2011-08-12,,,,289.120778,466.034187,278.181705
2011-08-15,,,,293.207295,472.221461,282.113606
2011-08-16,,,,290.817314,468.632266,279.814052
2011-08-17,,,,288.428738,464.284312,277.515848
2011-08-18,,,,283.014826,454.979046,272.306776
2011-08-19,,,,278.473751,449.196765,267.937515
2011-08-22,,,,273.046912,438.675715,262.716004
2011-08-23,,,,278.357084,445.566416,267.825262
2011-08-24,,,,275.788088,443.454731,265.353466
2011-08-25,,,,283.555186,455.983849,272.826691
2011-08-26,,,,284.644519,457.056009,273.874808
2011-08-29,,,,281.710539,452.772964,271.051837
2011-08-30,,,,280.690749,451.610832,270.070631
2011-08-31,,,,279.590397,450.605976,269.011912
2011-09-01,,,,277.953886,447.286945,267.437320
2011-09-02,,,,274.980423,442.224586,264.576359
2011-09-05,,,,266.709066,428.613136,256.617954
2011-09-06,,,,262.130373,420.348275,252.212500
2011-09-07,,,,269.357561,431.331542,259.166242
2011-09-08,,,,267.734275,428.605617,257.604375
2011-09-09,,,,265.737847,425.389513,255.683482
2011-09-13,,,,260.310261,418.680739,250.461252
2011-09-14,,,,262.497758,419.235863,252.565985
2011-09-15,,,,261.400235,419.396718,251.509987
2011-09-16,,,,262.275724,420.257052,252.352351
2011-09-19,,,,255.989192,410.840701,246.303674
2011-09-20,,,,258.495129,413.684956,248.714797
2011-09-21,,,,269.296700,429.801988,259.107683
2011-09-22,,,,261.069497,417.781955,251.191762
2011-09-23,,,,259.849151,415.336147,250.017589
2011-09-26,,,,255.762395,407.873398,246.085458
2011-09-27,,,,258.794252,411.362707,249.002603
2011-09-28,,,,256.390339,407.615765,246.689643
2011-09-29,,,,251.584312,402.889462,242.065456
2011-09-30,,,,249.419835,401.086908,239.982873
2011-10-10,,,,246.443430,395.607283,237.119083
2011-10-11,,,,240.826025,384.010245,231.714215
2011-10-12,,,,248.712465,395.554237,239.302267
2011-10-13,,,,251.137430,399.860814,241.635481
2011-10-14,,,,250.552372,397.976156,241.072560
2011-10-17,,,,251.292181,400.316091,241.784377
2011-10-18,,,,241.153350,386.761075,232.029156
2011-10-19,,,,237.890776,381.661646,228.890023
2011-10-20,,,,230.130046,369.157566,221.422926
2011-10-21,,,,224.329279,362.671530,215.841634
2011-10-24,,,,230.095270,371.438001,221.389465
2011-10-25,,,,238.049692,383.404084,229.042927
2011-10-26,,,,241.195719,387.670297,232.069921
2011-10-27,,,,240.937262,387.459538,231.821244
2011-10-28,,,,248.761965,399.123558,239.349894
2011-10-31,,,,247.994764,397.891067,238.431625
2011-11-01,,,,248.203799,397.663458,238.632600
2011-11-02,,,,250.515913,402.403320,240.855554
2011-11-03,,,,252.228537,404.772568,242.502136
2011-11-04,,,,254.282934,405.469579,244.477312
2011-11-07,,,,254.258013,403.444634,244.453352
2011-11-08,,,,254.748892,404.482832,244.925302
2011-11-09,,,,257.571226,410.650851,247.638801
2011-11-10,,,,254.435986,406.155494,244.624462
2011-11-11,,,,254.442800,406.388814,244.631014
2011-11-14,,,,258.936452,413.625248,248.951382
2011-11-15,,,,258.779816,412.026892,248.800786
2011-11-16,,,,252.545348,401.104256,242.806730
2011-11-17,,,,252.670600,400.523559,242.927152
2011-11-18,,,,245.610950,389.886092,236.139736
2011-11-21,,,,245.275910,391.314787,235.817615
2011-11-22,,,,247.595820,394.380532,238.048065
2011-11-23,,,,246.167422,392.950605,236.674749
2011-11-24,,,,247.620773,393.463626,238.072057
2011-11-25,,,,247.550398,392.028445,238.004395
2011-11-28,,,,248.112023,392.493794,238.544363
2011-11-29,,,,250.605212,396.525000,240.941410
2011-11-30,,,,243.905976,386.241095,234.500509
2011-12-01,,,,246.581433,391.345694,237.072795
2011-12-02,,,,242.699250,385.493924,233.340316
2011-12-05,,,,236.813367,374.841669,227.681404
2011-12-06,,,,236.616396,374.872516,227.492029
2011-12-07,,,,236.714635,374.791040,227.586479
2011-12-08,,,,235.135612,375.538829,226.068347
2011-12-09,,,,230.635055,369.384886,221.741339
2011-12-12,,,,226.228486,364.705718,217.504695
2011-12-13,,,,219.723071,356.312576,211.250142
2011-12-14,,,,215.598887,351.472278,207.284994
2011-12-15,,,,210.617414,346.052154,202.495616
2011-12-16,,,,214.709286,354.224772,206.429698
2011-12-19,,,,213.159326,353.178525,204.939507
2011-12-20,,,,212.503031,352.102243,204.308519
2011-12-21,,,,207.795257,343.962071,199.782286
2011-12-22,,,,207.662584,345.444074,199.654729
2011-12-23,,,,208.947583,348.216432,200.890176
2011-12-26,,,,206.572158,344.776224,198.606352
2011-12-27,,,,202.536446,336.749496,194.726265
2011-12-28,,,,201.529756,336.062204,193.758394
2011-12-29,,,,201.300102,336.534981,193.537597
2011-12-30,,,,203.942022,341.499426,196.077639
2012-01-04,,,,197.811395,329.869657,190.183420
2012-01-05,,,,193.212744,321.006987,185.762102
2012-01-06,,,,195.777698,324.019200,188.228146
2012-01-09,,,,203.126744,335.220357,195.293800
2012-01-10,,,,210.690221,349.216139,202.565615
2012-01-11,,,,212.193987,351.557812,204.011393
2012-01-12,,,,209.672929,347.969033,201.587552
2012-01-13,,,,205.235623,339.950962,197.321357
2012-01-16,,,,196.915061,325.755783,189.321651
2012-01-17,,,,207.087314,341.442420,199.101642
2012-01-18,,,,200.654160,331.806419,192.916563
2012-01-19,,,,205.059544,339.335853,197.152067
2012-01-20,,,,208.826628,346.648202,200.773886
2012-01-30,,,,205.518745,340.766033,197.593561
2012-01-31,,,,207.089610,342.510170,198.892369
2012-02-01,,,,206.083569,340.505891,197.926151
2012-02-02,,,,209.128262,345.918045,200.850325
2012-02-03,,,,210.737168,348.654618,202.395545
2012-02-06,,,,213.320493,352.336194,204.876615
2012-02-07,,,,210.051582,346.943247,201.737097
2012-02-08,,,,214.032218,353.559832,205.560168
2012-02-09,,,,214.224285,353.686145,205.744632
2012-02-10,,,,214.205328,353.575241,205.726425
2012-02-13,,,,215.478495,355.324094,206.949196
2012-02-14,,,,215.467999,355.190330,206.939115
2012-02-15,,,,217.428620,358.224264,208.822129
2012-02-16,,,,215.941224,355.863639,207.393609
2012-02-17,,,,215.485339,355.021685,206.955770
2012-02-20,,,,215.291065,354.786335,206.769185
2012-02-21,,,,217.670527,358.675591,209.054461
2012-02-22,,,,219.968468,362.555758,211.261442
2012-02-23,,,,220.613044,363.446545,211.880504
2012-02-24,,,,223.514610,368.215872,214.667217
2012-02-27,,,,224.253006,369.402390,215.376385
2012-02-28,,,,225.582279,371.318106,216.653042
2012-02-29,,,,225.104504,370.076666,216.194178
2012-03-01,,,,225.009825,369.991039,216.103247
2012-03-02,,,,226.866747,373.202984,217.886667
2012-03-05,,,,225.275189,370.537000,216.358107
2012-03-06,,,,223.029763,366.525700,214.201562
2012-03-07,,,,221.858015,364.673505,213.076195
2012-03-08,,,,223.511493,367.348280,214.664223
2012-03-09,,,,227.805171,373.825957,218.787945
2012-03-12,,,,229.139153,375.743616,220.069124
2012-03-13,,,,230.560973,377.927430,221.434664
2012-03-14,,,,223.790707,367.016847,214.932385
2012-03-15,,,,224.881936,368.292420,215.980421
2012-03-16,,,,229.383898,375.234036,220.304181
2012-03-19,,,,228.260855,373.506462,219.225591
2012-03-20,,,,224.653620,367.606737,215.761142
2012-03-21,,,,224.090006,366.951258,215.219837
2012-03-22,,,,224.162432,367.366412,215.289396
2012-03-23,,,,223.138465,365.444777,214.305962
2012-03-26,,,,224.891084,367.943518,215.989206
2012-03-27,,,,219.958951,361.128484,211.252302
2012-03-28,,,,215.561118,353.841310,207.028549
2012-03-29,,,,214.422207,351.731246,205.934719
2012-03-30,,,,212.995863,350.126883,204.564835
2012-04-05,,,,218.422237,358.495381,209.776416
2012-04-06,,,,219.782876,360.552299,211.083197
2012-04-09,,,,218.702112,358.533492,210.045212
2012-04-10,,,,219.941032,361.178528,211.235093
2012-04-11,,,,220.609820,362.090249,211.877408
2012-04-12,,,,223.854819,367.437363,214.993960
2012-04-13,,,,224.678670,368.897679,215.785200
2012-04-16,,,,225.275710,369.941103,216.358607
2012-04-17,,,,222.688937,365.973278,213.874227
2012-04-18,,,,225.487017,370.446457,216.561550
2012-04-19,,,,223.553023,367.327772,214.704110
2012-04-20,,,,225.784481,371.306013,216.847240
2012-04-23,,,,224.941698,369.568567,216.037816
2012-04-24,,,,224.306312,368.877165,215.427581
2012-04-25,,,,225.324433,370.378113,216.405402
2012-04-26,,,,226.427164,371.786370,217.464483
2012-04-27,,,,227.657034,373.414917,218.480851
2012-05-02,,,,231.966433,381.035490,222.616551
2012-05-03,,,,233.691019,382.532729,224.271624
2012-05-04,,,,238.550567,389.802601,228.935298
2012-05-07,,,,240.247631,393.694287,230.563958
2012-05-08,,,,239.440566,393.235023,229.789423
2012-05-09,,,,235.815829,387.737912,226.310789
2012-05-10,,,,236.721650,388.731031,227.180099
2012-05-11,,,,235.306633,385.549721,225.822118
2012-05-14,,,,232.647977,381.535551,223.270624
2012-05-15,,,,233.822267,382.856385,224.397581
2012-05-16,,,,230.832030,378.134053,221.527873
2012-05-17,,,,232.778750,382.029990,223.396126
2012-05-18,,,,229.700643,376.565128,220.442089
2012-05-21,,,,233.101436,382.451872,223.705805
2012-05-22,,,,236.270561,388.135583,226.747192
2012-05-23,,,,236.404956,387.465991,226.876170
2012-05-24,,,,232.515067,382.388427,223.143071
2012-05-25,,,,229.442494,378.778569,220.194345
2012-05-28,,,,232.419503,383.354307,223.051359
2012-05-29,,,,234.952343,388.824489,225.482108
2012-05-30,,,,234.258018,387.618854,224.815769
2012-05-31,,,,234.511365,387.191804,225.058904
2012-06-01,,,,236.156422,388.895413,226.637654
2012-06-04,,,,232.279403,382.177112,222.916906
2012-06-05,,,,233.328981,383.081396,223.924179
2012-06-06,,,,232.783387,382.487217,223.400576
2012-06-07,,,,232.197108,382.718419,222.837928
2012-06-08,,,,231.665970,380.589254,222.328198
2012-06-11,,,,234.868065,386.099170,225.401227
2012-06-12,,,,234.265103,386.225450,224.822568
2012-06-13,,,,239.163880,393.317215,229.523890
2012-06-14,,,,240.048207,393.848386,230.372572
2012-06-15,,,,237.655098,390.713977,228.075923
2012-06-18,,,,239.532259,393.351735,229.877421
2012-06-19,,,,236.529433,388.372085,226.995630
2012-06-20,,,,235.212447,387.091241,225.731728
2012-06-21,,,,232.900799,383.371735,223.513255
2012-06-25,,,,229.197682,376.053316,219.959400
2012-06-26,,,,228.670926,375.419886,219.453876
2012-06-27,,,,230.463987,377.392522,221.174664
2012-06-28,,,,228.625526,372.710157,219.410306
2012-06-29,,,,231.511169,377.846662,222.179637
2012-07-02,,,,236.153694,383.458116,226.635036
2012-07-03,,,,238.622751,388.087519,229.004572
2012-07-04,,,,238.196148,387.758307,228.595165
2012-07-05,,,,236.841487,385.850589,227.295106
2012-07-06,,,,245.225107,399.205397,235.340807
2012-07-09,,,,243.306256,396.700401,233.499299
2012-07-10,,,,239.989374,391.758819,230.316111
2012-07-11,,,,243.641936,397.260520,233.821449
2012-07-12,,,,246.960939,402.159854,237.006673
2012-07-13,,,,248.315289,403.736933,238.306433
2012-07-16,,,,243.316462,394.588174,233.509094
2012-07-17,,,,241.102678,391.755917,231.384541
2012-07-18,,,,238.399681,386.689617,228.790494
2012-07-19,,,,237.354135,385.294292,227.787091
2012-07-20,,,,234.598821,381.852705,225.142835
2012-07-23,,,,231.602074,377.244766,222.266878
2012-07-24,,,,234.349523,380.920001,224.903586
2012-07-25,,,,232.952219,377.847635,223.562603
2012-07-26,,,,230.639056,374.513121,221.342677
2012-07-27,,,,229.454637,372.814994,220.205999
2012-07-30,,,,228.611923,371.526156,219.397252
2012-07-31,,,,227.124645,368.771760,217.752459
2012-08-01,,,,228.603697,371.732010,219.170478
2012-08-02,,,,222.189538,363.611312,213.020996
2012-08-03,,,,225.163577,368.284156,215.872313
2012-08-06,,,,228.896660,374.595912,219.451352
2012-08-07,,,,230.526879,376.825195,221.014301
2012-08-08,,,,230.083647,375.387118,220.589359
2012-08-09,,,,235.012113,382.718721,225.314454
2012-08-10,,,,231.924168,377.082395,222.353932
2012-08-13,,,,227.791176,371.594443,218.391485
2012-08-14,,,,227.428696,372.049483,218.043963
2012-08-15,,,,226.374335,370.040533,217.033110
2012-08-16,,,,224.661646,368.181505,215.391094
2012-08-17,,,,223.065868,364.654533,213.861165
2012-08-20,,,,222.687183,363.251661,213.498106
2012-08-21,,,,224.401298,365.655525,215.141489
2012-08-22,,,,221.976759,361.824159,212.816997
2012-08-23,,,,221.069449,360.983877,211.947127
2012-08-24,,,,218.424008,358.100405,209.410849
2012-08-27,,,,215.933850,353.511181,207.023446
2012-08-28,,,,214.637653,351.223564,205.780736
2012-08-29,,,,214.143334,349.133704,205.306815
2012-08-30,,,,211.492915,344.834209,202.765764
2012-08-31,,,,212.641705,345.694745,203.867150
2012-09-03,,,,218.390944,354.068099,209.379150
2012-09-04,,,,217.117448,352.632402,208.158204
2012-09-05,,,,219.915029,356.638342,210.840344
2012-09-06,,,,221.162852,358.847287,212.036676
2012-09-07,,,,228.548140,370.745593,219.117213
2012-09-10,,,,228.400469,369.519193,218.975636
2012-09-11,,,,225.282792,365.140329,215.986609
2012-09-12,,,,225.519704,365.325075,216.213745
2012-09-13,,,,222.949934,361.353861,213.750015
2012-09-14,,,,222.202288,360.610466,213.033220
2012-09-17,,,,216.099697,351.495676,207.182450
2012-09-18,,,,215.417562,348.855529,206.528463
2012-09-19,,,,214.499537,348.173922,205.648319
2012-09-20,,,,210.102494,341.515930,201.432718
2012-09-21,,,,209.664118,340.591047,201.012432
2012-09-24,,,,211.320812,343.035626,202.600762
2012-09-25,,,,212.034377,343.752651,203.284883
2012-09-26,,,,207.722324,337.366793,199.150765
2012-09-27,,,,212.504776,344.871934,203.735871
2012-09-28,,,,217.882900,353.204886,208.892069
2012-10-08,,,,215.266387,349.332052,206.383526
2012-10-09,,,,221.177109,357.401359,212.050344
2012-10-10,,,,222.472632,358.670232,213.292409
2012-10-11,,,,219.879712,355.848865,210.806484
2012-10-12,,,,219.624005,355.786715,210.561328
2012-10-15,,,,217.401422,354.105948,208.430459
2012-10-16,,,,218.025640,354.645580,209.028920
2012-10-17,,,,217.056287,353.517459,208.099567
2012-10-18,,,,223.880204,363.331568,214.641898
2012-10-19,,,,224.527322,363.160278,215.262313
2012-10-22,,,,226.184665,365.524249,216.851266
2012-10-23,,,,223.190075,360.659468,213.980247
2012-10-24,,,,222.945280,360.090625,213.745553
2012-10-25,,,,220.668341,356.661946,211.562571
2012-10-26,,,,218.445576,352.675290,209.431527
2012-10-29,,,,219.210725,353.800823,210.165103
2012-10-30,,,,220.604541,355.696654,211.501403
2012-10-31,,,,222.176099,358.987998,212.850323
2012-11-01,,,,226.497553,366.024358,216.990386
2012-11-02,,,,226.437161,365.919235,216.932528
2012-11-05,,,,224.136394,362.382596,214.728335
2012-11-06,,,,224.209426,362.924003,214.798302
2012-11-07,,,,224.519982,363.957939,215.095823
2012-11-08,,,,221.424345,359.131472,212.130124
2012-11-09,,,,219.939937,357.105248,210.708024
2012-11-12,,,,218.886556,355.622478,209.698858
2012-11-13,,,,215.292898,350.028206,206.256042
2012-11-14,,,,217.718212,353.540942,208.579554
2012-11-15,,,,215.959899,350.162297,206.895046
2012-11-16,,,,214.631249,348.586457,205.622166
2012-11-19,,,,213.786704,346.977963,204.813071
2012-11-20,,,,215.011173,348.935672,205.986143
2012-11-21,,,,216.748568,352.104281,207.650612
2012-11-22,,,,214.568388,348.443961,205.561943
2012-11-23,,,,215.009056,350.041039,205.984114
2012-11-26,,,,212.516951,346.352513,203.596615
2012-11-27,,,,209.844914,342.586161,201.036736
2012-11-28,,,,207.057282,337.554645,198.366114
2012-11-29,,,,208.021466,338.015555,199.289827
2012-11-30,,,,211.761430,344.397860,202.872807
2012-12-03,,,,210.739777,343.114046,201.894037
2012-12-04,,,,212.519071,345.645709,203.598647
2012-12-05,,,,218.589930,355.842566,209.414683
2012-12-06,,,,217.997585,355.174664,208.847201
2012-12-07,,,,219.493949,357.900149,210.280755
2012-12-10,,,,220.422274,359.117678,211.170114
2012-12-11,,,,220.520690,358.628231,211.264399
2012-12-12,,,,220.902649,359.331012,211.630326
2012-12-13,,,,220.946194,358.584456,211.672043
2012-12-14,,,,228.645709,370.996347,219.048373
2012-12-17,,,,225.072879,365.493343,215.625512
2012-12-18,,,,224.402462,364.040200,214.983235
2012-12-19,,,,225.513965,367.995965,216.048083
2012-12-20,,,,228.045656,372.629306,218.473507
2012-12-21,,,,228.531757,373.867591,218.939204
2012-12-24,,,,230.916648,376.403311,221.223990
2012-12-25,,,,235.297236,383.387502,225.420704
2012-12-26,,,,237.430541,387.105486,227.464465
2012-12-27,,,,237.204706,386.834244,227.248109
2012-12-28,,,,239.670293,390.700393,229.610204
2012-12-31,,,,243.350131,397.848315,233.135582
2013-01-04,,,,238.824009,390.242929,228.799442
2013-01-07,,,,239.335864,390.610818,229.289812
2013-01-08,,,,242.116952,393.726848,231.954164
2013-01-09,,,,242.260207,393.920807,232.091406
2013-01-10,,,,243.447487,395.089350,233.228851
2013-01-11,,,,242.064323,392.783990,231.903745
2013-01-14,,,,251.884692,408.674982,241.311907
2013-01-15,,,,254.257589,411.336759,243.585202
2013-01-16,,,,253.445499,410.379805,242.807200
2013-01-17,,,,253.187193,409.994900,242.559736
2013-01-18,,,,256.942178,417.004611,246.157106
2013-01-21,,,,254.822299,415.340917,244.126209
2013-01-22,,,,252.198119,410.602526,241.612178
2013-01-23,,,,253.480126,414.987173,242.840373
2013-01-24,,,,249.234629,408.424413,238.773079
2013-01-25,,,,250.447413,411.357050,239.934957
2013-01-28,,,,253.998277,418.444530,243.336775
2013-01-29,,,,253.837015,418.343003,243.182282
2013-01-30,,,,252.361259,416.727258,241.768470
2013-01-31,,,,249.307711,412.137265,238.772555
2013-02-01,,,,249.928562,414.923484,239.367171
2013-02-04,,,,246.768879,411.767921,236.341008
2013-02-05,,,,252.424914,419.147348,241.758033
2013-02-06,,,,253.135074,419.417244,242.438183
2013-02-07,,,,257.470944,422.334782,246.590829
2013-02-08,,,,261.186332,428.892254,250.149214
2013-02-18,,,,258.810610,424.003298,247.873885
2013-02-19,,,,252.380529,414.304896,241.715523
2013-02-20,,,,259.672255,424.013695,248.699118
2013-02-21,,,,256.269184,417.480196,245.439853
2013-02-22,,,,255.456473,417.226129,244.661485
2013-02-25,,,,258.263372,419.272583,247.349772
2013-02-26,,,,257.001529,417.021181,246.141250
2013-02-27,,,,257.684897,417.691065,246.795741
2013-02-28,,,,262.270113,426.868842,251.187197
2013-03-01,,,,264.564566,429.974388,253.384692
2013-03-04,,,,254.839107,414.384010,244.070208
2013-03-05,,,,261.053650,425.721699,250.022138
2013-03-06,,,,263.758656,432.470049,252.612838
2013-03-07,,,,259.438959,427.891404,248.475681
2013-03-08,,,,256.555029,425.399626,245.713619
2013-03-11,,,,259.583967,426.860210,248.614561
2013-03-12,,,,254.567576,419.192163,243.810151
2013-03-13,,,,252.526025,416.835726,241.854871
2013-03-14,,,,259.283717,424.470830,248.326999
2013-03-15,,,,259.222183,423.221948,248.268065
2013-03-18,,,,257.315025,420.380277,246.441499
2013-03-19,,,,256.488035,419.105634,245.649456
2013-03-20,,,,264.717023,433.233515,253.530706
2013-03-21,,,,268.997773,438.860370,257.630562
2013-03-22,,,,267.698159,438.416331,256.385866
2013-03-25,,,,268.630279,440.230055,257.278597
2013-03-26,,,,267.791671,438.304817,256.475427
2013-03-27,,,,269.133984,439.554573,257.761017
2013-03-28,,,,265.708543,432.185608,254.480327
2013-03-29,,,,266.062063,428.205384,254.818908
2013-04-01,,,,266.436838,427.086969,255.177846
2013-04-02,,,,260.866570,420.268571,249.842965
2013-04-03,,,,259.017217,417.004695,248.071760
2013-04-08,,,,263.674844,423.899763,252.532568
2013-04-09,,,,265.195071,426.265777,253.988553
2013-04-10,,,,261.710987,421.528222,250.651699
2013-04-11,,,,261.187462,420.777034,250.150296
2013-04-12,,,,260.055609,418.884284,249.066272
2013-04-15,,,,260.029671,415.606308,249.041431
2013-04-16,,,,263.212968,420.973657,252.090209
2013-04-17,,,,266.918905,428.960098,255.639542
2013-04-18,,,,267.186670,429.511327,255.895992
2013-04-19,,,,272.506052,439.100898,260.990589
2013-04-22,,,,274.181628,440.128565,262.595359
2013-04-23,,,,267.676403,428.433285,256.365030
2013-04-24,,,,273.876272,438.601015,262.302907
2013-04-25,,,,269.540578,431.499230,258.150429
2013-04-26,,,,265.432497,424.241311,254.133665
2013-05-02,,,,272.161153,434.511312,260.575899
2013-05-03,,,,278.231825,444.797377,266.388157
2013-05-06,,,,280.933586,449.007721,268.974910
2013-05-07,,,,279.221822,446.719716,267.336012
2013-05-08,,,,284.033690,454.400602,271.943050
2013-05-09,,,,280.396075,448.812298,268.460280
2013-05-10,,,,280.904921,448.711922,268.947466
2013-05-13,,,,278.236539,444.565135,266.392670
2013-05-14,,,,274.808376,439.287226,263.110436
2013-05-15,,,,278.347032,444.845391,266.498460
2013-05-16,,,,283.527166,453.312436,271.458088
2013-05-17,,,,284.711102,454.228884,272.591626
2013-05-20,,,,279.637482,446.316169,267.733979
2013-05-21,,,,284.077275,453.486625,271.984780
2013-05-22,,,,284.339098,454.952084,272.235457
2013-05-23,,,,283.874303,454.220869,271.790448
2013-05-24,,,,288.089704,461.254610,275.826409
2013-05-27,,,,288.267227,460.282179,275.996376
2013-05-28,,,,289.436038,462.812898,277.115433
2013-05-29,,,,291.959804,466.112904,279.531768
2013-05-30,,,,291.862029,465.695415,279.438156
2013-05-31,,,,288.453648,460.329549,276.174861
2013-06-03,,,,285.302233,455.990264,273.157595
2013-06-04,,,,280.337343,448.293783,268.404048
2013-06-05,,,,281.690328,449.704459,269.699440
2013-06-06,,,,278.968670,445.148409,267.093636
2013-06-07,,,,276.480459,441.267051,264.711342
2013-06-13,,,,272.067770,434.140953,260.486491
2013-06-14,,,,277.104925,442.184417,265.309227
2013-06-17,,,,279.024501,445.056031,267.147090
2013-06-18,,,,278.714149,444.709727,266.849950
2013-06-19,,,,277.493827,442.693435,265.681574
2013-06-20,,,,268.621552,428.586104,257.186970
2013-06-21,,,,269.520439,429.982439,258.047594
2013-06-24,,,,256.996000,408.930311,246.056291
2013-06-25,,,,260.525558,413.407831,249.435604
2013-06-26,,,,268.519875,426.076855,257.089622
2013-06-27,,,,265.934160,421.733864,254.613974
2013-06-28,,,,267.056774,424.169518,255.688802
2013-07-01,,,,274.688008,435.967276,262.995192
2013-07-02,,,,281.930375,447.008645,269.929268
2013-07-03,,,,285.078415,452.267146,272.943303
2013-07-04,,,,282.463627,446.865796,270.439821
2013-07-05,,,,279.544331,442.701253,267.644793
2013-07-08,,,,272.799967,431.857037,261.187520
2013-07-09,,,,274.495335,434.724692,262.810720
2013-07-10,,,,280.082692,444.111537,268.160237
2013-07-11,,,,286.966848,456.550877,274.751351
2013-07-12,,,,285.746352,453.828028,273.582808
2013-07-15,,,,292.873581,464.653046,280.406648
2013-07-16,,,,293.495191,465.537395,281.001798
2013-07-17,,,,286.644652,454.830083,274.442870
2013-07-18,,,,282.741140,448.076472,270.705521
2013-07-19,,,,277.239223,439.463292,265.437807
2013-07-22,,,,281.099673,445.781792,269.133927
2013-07-23,,,,290.317907,460.073950,277.959763
2013-07-24,,,,292.532592,463.391056,280.080174
2013-07-25,,,,287.618354,455.921870,275.375123
2013-07-26,,,,285.810214,453.383656,273.643952
2013-07-29,,,,282.910931,448.090410,270.868085
2013-07-30,,,,281.097992,444.649913,269.132318
2013-07-31,,,,278.406910,440.321192,266.493843
2013-08-01,,,,288.789162,453.624047,276.431837
2013-08-02,,,,290.023727,454.302750,277.613576
2013-08-05,,,,298.596694,463.462969,285.819704
2013-08-06,,,,304.105519,474.074943,291.092805
2013-08-07,,,,301.266785,467.528143,288.375542
2013-08-08,,,,303.473857,470.231151,290.488172
2013-08-09,,,,303.462897,467.867928,290.477681
2013-08-12,,,,305.673484,472.039974,292.593677
2013-08-13,,,,305.133458,472.857265,292.076759
2013-08-14,,,,305.000482,470.870522,291.949473
2013-08-15,,,,299.522332,463.076279,286.705733
2013-08-16,,,,294.401199,456.478951,281.803735
2013-08-19,,,,302.738039,463.575107,289.783840
2013-08-20,,,,302.926584,463.415299,289.964317
2013-08-21,,,,299.333768,459.290732,286.525238
2013-08-22,,,,302.969411,464.105489,290.005312
2013-08-23,,,,305.309740,466.672877,292.245498
2013-08-26,,,,310.496056,474.662054,297.209890
2013-08-27,,,,309.994941,473.478916,296.730218
2013-08-28,,,,305.802689,466.331880,292.717353
2013-08-29,,,,302.814637,463.671740,289.857160
2013-08-30,,,,297.053473,456.823447,284.342517
2013-09-02,,,,300.398437,463.341458,287.544350
2013-09-03,,,,305.775931,472.339916,292.691741
2013-09-04,,,,303.333830,469.563746,290.354137
2013-09-05,,,,306.289504,472.791948,293.183338
2013-09-06,,,,306.944456,477.237850,293.810264
2013-09-09,,,,308.390038,480.878843,295.193989
2013-09-10,,,,307.475970,480.036938,294.319035
2013-09-11,,,,303.505582,473.870870,290.518540
2013-09-12,,,,301.694250,471.424632,288.784715
2013-09-13,,,,304.731794,475.936233,291.692282
2013-09-16,,,,308.306687,478.754284,295.114205
2013-09-17,,,,308.251836,475.648838,295.061701
2013-09-18,,,,307.009474,477.215316,293.872500
2013-09-23,,,,317.286361,493.562924,303.709638
2013-09-24,,,,321.537760,498.606765,307.779118
2013-09-25,,,,315.813649,489.943892,302.299943
2013-09-26,,,,310.572661,485.392381,297.283217
2013-09-27,,,,313.239043,489.340816,299.835504
2013-09-30,,,,318.392718,497.049639,304.768654
2013-10-08,,,,321.726700,498.975171,307.959974
2013-10-09,,,,323.842524,501.295954,309.985261
2013-10-10,,,,321.085691,495.913392,307.346394
2013-10-11,,,,322.772598,499.150152,308.961118
2013-10-14,,,,320.823045,496.458081,307.094986
2013-10-15,,,,320.893707,495.810510,307.162625
2013-10-16,,,,314.937491,487.335445,301.461276
2013-10-17,,,,312.437104,483.940291,299.067881
2013-10-18,,,,314.772697,488.086120,301.303533
2013-10-21,,,,324.079981,501.695315,310.212558
2013-10-22,,,,319.218887,495.686233,305.559471
2013-10-23,,,,313.110833,489.416095,299.712781
2013-10-24,,,,310.342375,484.322737,297.062786
2013-10-25,,,,300.143199,469.803840,287.300034
2013-10-28,,,,295.903249,463.715553,283.241511
2013-10-29,,,,295.147454,462.064550,282.518057
2013-10-30,,,,297.471379,469.188101,284.742542
2013-10-31,,,,289.251323,457.427758,276.836663
2013-11-01,,,,289.627329,458.272976,277.196531
2013-11-04,,,,290.186529,460.415070,277.731730
2013-11-05,,,,291.902016,464.723305,279.373589
2013-11-06,,,,286.051749,454.028703,273.774415
2013-11-07,,,,279.800057,443.229576,267.791046
2013-11-08,,,,278.322255,439.770941,266.376671
2013-11-11,,,,283.653775,449.687839,271.479362
2013-11-12,,,,285.312961,450.592818,273.067336
2013-11-13,,,,280.267083,442.520307,268.238026
2013-11-14,,,,285.359183,451.232308,273.111574
2013-11-15,,,,290.949128,459.904862,278.461599
2013-11-18,,,,295.293951,469.229189,282.619942
2013-11-19,,,,291.649088,463.843522,279.131516
2013-11-20,,,,292.022602,463.794287,279.488999
2013-11-21,,,,288.114988,457.251822,275.749099
2013-11-22,,,,286.021255,454.566006,273.745230
2013-11-25,,,,285.711371,453.484961,273.448646
2013-11-26,,,,288.487521,455.561219,276.105643
2013-11-27,,,,293.537863,465.815936,280.939225
2013-11-28,,,,297.392547,472.076830,284.628466
2013-11-29,,,,298.579695,473.159333,285.764662
2013-12-02,,,,287.242023,454.578510,274.913602
2013-12-03,,,,291.229671,460.591377,278.730101
2013-12-04,,,,294.269665,466.783225,281.639618
2013-12-05,,,,290.756355,462.318015,278.277099
2013-12-06,,,,288.621317,459.881322,276.233697
2013-12-09,,,,291.435055,462.511814,278.926669
2013-12-10,,,,291.137533,461.768874,278.641917
2013-12-11,,,,289.336792,457.060143,276.918463
2013-12-12,,,,292.855486,462.056697,280.286135
2013-12-13,,,,293.849302,463.214573,281.237297
2013-12-16,,,,289.092020,457.254096,276.684198
2013-12-17,,,,286.607906,452.396689,274.306701
2013-12-18,,,,285.715615,450.601442,273.452707
2013-12-19,,,,282.741154,444.755374,270.605911
2013-12-20,,,,278.948417,437.912436,266.975958
2013-12-23,,,,278.076443,437.527622,266.141409
2013-12-24,,,,281.188912,443.790479,269.120290
2013-12-25,,,,284.481030,449.787284,272.271111
2013-12-26,,,,278.135261,441.138137,266.197703
2013-12-27,,,,281.542097,448.210746,269.458317
2013-12-30,,,,281.383792,447.256551,269.306807
2013-12-31,,,,282.562639,449.449815,270.435057
2014-01-02,,,,286.319405,452.445224,274.030583
2014-01-03,,,,286.393706,452.677456,274.101695
2014-01-06,,,,280.722538,443.838616,268.673934
2014-01-07,,,,280.763957,445.965499,268.713574
2014-01-08,,,,282.823693,448.517691,270.684907
2014-01-09,,,,280.700655,443.791349,268.652990
2014-01-10,,,,275.559008,437.465206,263.732022
2014-01-13,,,,274.158389,434.594343,262.391518
2014-01-14,,,,276.595406,439.319640,264.723938
2014-01-15,,,,278.717278,442.600982,266.754739
2014-01-16,,,,275.640992,439.605522,263.810487
2014-01-17,,,,270.394995,433.140626,258.789648
2014-01-20,,,,265.518587,423.585714,254.122536
2014-01-21,,,,268.717269,429.747533,257.183930
2014-01-22,,,,277.572636,440.520831,265.659225
2014-01-23,,,,279.373446,443.984558,267.382745
2014-01-24,,,,280.627122,444.335355,268.582612
2014-01-27,,,,275.841572,437.934978,264.002458
2014-01-28,,,,274.528934,435.213679,262.746158
2014-01-29,,,,275.132891,435.348933,263.324194
2014-01-30,,,,272.201195,431.099511,260.419118
2014-02-07,,,,275.263420,435.333902,263.348796
2014-02-10,,,,282.194551,451.933214,269.979918
2014-02-11,,,,280.411098,448.608080,268.273660
2014-02-12,,,,280.279332,450.692182,268.147598
2014-02-13,,,,278.700648,449.265238,266.637246
2014-02-14,,,,282.764039,453.026204,270.524756
2014-02-17,,,,284.087224,452.670629,271.790667
2014-02-18,,,,283.630365,449.708277,271.353582
2014-02-19,,,,284.716060,451.787122,272.392284
2014-02-20,,,,282.658413,450.131233,270.423701
2014-02-21,,,,280.422632,445.190934,268.284695
2014-02-24,,,,279.663857,440.217028,267.558763
2014-02-25,,,,270.484480,423.175739,258.776710
2014-02-26,,,,266.942526,421.089304,255.388068
2014-02-27,,,,259.602426,412.380360,248.365680
2014-02-28,,,,263.619602,423.719993,252.208974
2014-03-03,,,,268.555536,431.359068,256.931259
2014-03-04,,,,266.783362,423.463405,255.235793
2014-03-05,,,,264.226738,418.837263,252.789831
2014-03-06,,,,263.258168,417.168504,251.863185
2014-03-07,,,,262.806741,420.010924,251.431298
2014-03-10,,,,255.327191,409.575214,244.275496
2014-03-11,,,,258.220985,412.051553,247.044034
2014-03-12,,,,257.652195,412.202251,246.499864
2014-03-13,,,,261.388184,418.508329,250.074143
2014-03-14,,,,260.358101,413.521955,249.088646
2014-03-17,,,,263.191073,420.684982,251.798994
2014-03-18,,,,263.632980,420.555152,252.221774
2014-03-19,,,,259.562722,411.486661,248.327694
2014-03-20,,,,255.057082,397.752222,244.017079
2014-03-21,,,,259.084800,406.493464,247.870459
2014-03-24,,,,257.096215,405.031656,245.967949
2014-03-25,,,,260.667748,410.218603,249.384890
2014-03-26,,,,261.367940,412.869354,250.054775
2014-03-27,,,,254.699952,405.214585,243.675406
2014-03-28,,,,251.366811,401.395752,240.486539
2014-03-31,,,,250.596680,401.379694,239.749742
2014-04-01,,,,252.002204,403.438298,241.094429
2014-04-02,,,,250.453857,401.584806,239.613101
2014-04-03,,,,250.612133,402.485929,239.764527
2014-04-04,,,,254.075217,410.589744,243.077713
2014-04-08,,,,259.387491,420.753623,248.160048
2014-04-09,,,,262.796455,424.647351,251.421457
2014-04-10,,,,265.039621,427.465068,253.567529
2014-04-11,,,,264.057800,424.922803,252.628206
2014-04-14,,,,264.246200,429.048387,252.808451
2014-04-15,,,,262.967264,424.962372,251.584873
2014-04-16,,,,262.041349,422.856746,250.699035
2014-04-17,,,,262.476689,424.269094,251.115532
2014-04-18,,,,263.393553,424.114924,251.992710
2014-04-21,,,,260.726835,420.816953,249.441419
2014-04-22,,,,259.727195,420.516720,248.485048
2014-04-23,,,,257.702732,416.083090,246.548213
2014-04-24,,,,254.904937,412.651975,243.871519
2014-04-25,,,,251.089395,407.340355,240.221130
2014-04-28,,,,244.914636,397.060551,234.313642
2014-04-29,,,,248.684217,406.116106,237.920059
2014-04-30,,,,250.431644,408.781709,239.506135
2014-05-05,,,,250.738753,407.563914,239.799846
2014-05-06,,,,251.370974,409.207598,240.404484
2014-05-07,,,,246.584639,399.862448,235.826962
2014-05-08,,,,243.501021,397.307871,232.877872
2014-05-09,,,,240.775672,394.758380,230.271421
2014-05-12,,,,246.739255,403.033736,235.974832
2014-05-13,,,,246.643841,403.223360,235.883581
2014-05-14,,,,247.057392,403.678561,236.279090
2014-05-15,,,,243.485661,398.992193,232.863182
2014-05-16,,,,242.657588,398.756455,232.071235
2014-05-19,,,,240.508614,392.437344,230.016013
2014-05-20,,,,241.638715,392.396241,231.096812
2014-05-21,,,,244.726470,399.252130,234.049859
2014-05-22,,,,245.210228,399.104867,234.512511
2014-05-23,,,,249.767443,407.140413,238.870910
2014-05-26,,,,253.951940,412.264599,242.872851
2014-05-27,,,,250.868880,410.228268,239.924295
2014-05-28,,,,256.917554,417.606809,245.709085
2014-05-29,,,,253.975677,416.415099,242.895553
2014-05-30,,,,253.166661,416.508494,242.121831
2014-06-03,,,,252.094416,415.900927,241.096365
2014-06-04,,,,248.631150,410.145554,237.784190
2014-06-05,,,,252.536970,413.535146,241.519612
2014-06-06,,,,251.184921,412.661847,240.226548
2014-06-09,,,,249.909440,411.238399,239.006713
2014-06-10,,,,254.695638,417.599615,243.584104
2014-06-11,,,,255.220192,420.077744,244.085773
2014-06-12,,,,255.365113,421.116052,244.224372
2014-06-13,,,,257.884911,424.838662,246.634240
2014-06-16,,,,259.073495,427.200144,247.770970
2014-06-17,,,,256.281332,423.313901,245.100620
2014-06-18,,,,253.141405,421.817251,242.097678
2014-06-19,,,,246.175189,412.017288,235.435374
2014-06-20,,,,248.123901,414.922098,237.299071
2014-06-23,,,,249.731969,416.897642,238.836983
2014-06-24,,,,251.133224,419.664408,240.177106
2014-06-25,,,,250.191936,415.628700,239.276884
2014-06-26,,,,252.327841,420.037283,241.319607
2014-06-27,,,,253.961212,422.034355,242.881719
2014-06-30,,,,255.547064,425.613181,244.398385
2014-07-01,,,,259.129582,429.061904,247.824610
2014-07-02,,,,260.171399,429.151994,248.820976
2014-07-03,,,,260.262544,431.317660,248.908145
2014-07-04,,,,258.904062,429.743265,247.608929
2014-07-07,,,,257.015105,425.540385,245.802381
2014-07-08,,,,257.502655,427.383124,246.268660
2014-07-09,,,,252.403254,418.859170,241.391729
2014-07-10,,,,249.769381,415.652257,238.872764
2014-07-11,,,,251.063381,416.728113,240.110310
2014-07-14,,,,254.045659,423.469537,242.962481
2014-07-15,,,,251.678078,423.430533,240.698191
2014-07-16,,,,250.709234,421.797644,239.771614
2014-07-17,,,,248.401355,418.463668,237.564420
2014-07-18,,,,248.076250,417.643345,237.253498
2014-07-21,,,,247.852750,418.317876,237.039749
2014-07-22,,,,250.732702,424.062056,239.794059
2014-07-23,,,,246.531417,417.370875,235.776061
2014-07-24,,,,245.266191,417.376866,234.566033
2014-07-25,,,,248.329694,420.607085,237.495886
2014-07-28,,,,251.907912,428.005113,240.917998
2014-07-29,,,,255.672067,431.139176,244.517935
2014-07-30,,,,255.820593,431.695854,244.659981
2014-07-31,,,,257.207659,431.165667,245.900630
2014-08-01,,,,253.540685,427.404483,242.394859
2014-08-04,,,,255.662277,431.516931,244.423184
2014-08-05,,,,257.482474,432.832982,246.163364
2014-08-06,,,,259.040461,435.738330,247.652861
2014-08-07,,,,257.722172,432.577740,246.392525
2014-08-08,,,,258.516224,434.728430,247.151670
2014-08-11,,,,261.509351,439.548334,250.013217
2014-08-12,,,,266.516656,443.919352,254.800397
2014-08-13,,,,267.830082,445.297642,256.056084
2014-08-14,,,,266.246523,445.335881,254.542139
2014-08-15,,,,267.926896,447.597556,256.148642
2014-08-18,,,,270.258530,449.710617,258.377775
2014-08-19,,,,270.348478,449.500299,258.463769
2014-08-20,,,,267.588893,444.403607,255.825498
2014-08-21,,,,267.587806,442.950201,255.824458
2014-08-22,,,,268.899697,444.601708,257.078678
2014-08-25,,,,269.559306,445.908060,257.709290
2014-08-26,,,,266.013709,442.386078,254.319560
2014-08-27,,,,269.001370,445.344423,257.175881
2014-08-28,,,,268.168591,443.716255,256.379712
2014-08-29,,,,271.303296,449.870143,259.376613
2014-09-01,,,,274.132129,454.108867,262.081089
2014-09-02,,,,277.198065,459.597597,265.012244
2014-09-03,,,,278.267260,462.329721,266.034436
2014-09-04,,,,279.400836,463.379097,267.118180
2014-09-05,,,,280.694942,468.145365,268.355396
2014-09-09,,,,282.356188,470.327581,269.943613
2014-09-10,,,,281.734934,469.207467,269.349669
2014-09-11,,,,281.337814,467.045726,268.970006
2014-09-12,,,,282.504707,469.725400,270.085602
2014-09-15,,,,283.645817,469.149347,271.176548
2014-09-16,,,,276.397992,456.082367,264.247342
2014-09-17,,,,277.036951,457.370391,264.858212
2014-09-18,,,,277.372262,458.261475,265.178783
2014-09-19,,,,280.244133,462.233421,267.924404
2014-09-22,,,,279.016136,456.621681,266.750391
2014-09-23,,,,280.799469,459.204936,268.455327
2014-09-24,,,,282.290717,463.963984,269.881019
2014-09-25,,,,283.102514,466.442982,270.657129
2014-09-26,,,,283.378502,468.147390,270.920985
2014-09-29,,,,285.839484,473.133571,273.273780
2014-09-30,,,,288.455525,476.223035,275.774818
2014-10-08,,,,289.553423,480.135128,276.824451
2014-10-09,,,,288.145325,477.972649,275.478254
2014-10-10,,,,285.439971,474.009874,272.891830
2014-10-13,,,,284.229580,471.927407,271.734648
2014-10-14,,,,284.305574,471.205426,271.807301
2014-10-15,,,,285.630200,474.087880,273.073696
2014-10-16,,,,281.247960,469.869000,268.884102
2014-10-17,,,,281.094563,470.301340,268.737449
2014-10-20,,,,282.867272,476.191196,270.432229
2014-10-21,,,,281.752306,473.542711,269.366277
2014-10-22,,,,279.881865,471.223469,267.578062
2014-10-23,,,,278.260600,468.752480,266.028069
2014-10-24,,,,280.111472,470.010382,267.797575
2014-10-27,,,,279.390927,470.951574,267.108706
2014-10-28,,,,283.623679,478.227664,271.155383
2014-10-29,,,,286.479536,483.110584,273.885695
2014-10-30,,,,287.778678,484.457692,275.127726
2014-10-31,,,,287.235456,482.673210,274.504357
2014-11-03,,,,288.463216,485.595083,275.677699
2014-11-04,,,,291.123277,488.446252,278.219859
2014-11-05,,,,293.582646,488.284904,280.570221
2014-11-06,,,,295.164920,492.012195,282.082364
2014-11-07,,,,293.229250,487.575186,280.232488
2014-11-10,,,,296.251945,495.031405,283.121210
2014-11-11,,,,287.418263,484.250740,274.679061
2014-11-12,,,,291.909729,489.989010,278.971453
2014-11-13,,,,287.151039,483.244329,274.423681
2014-11-14,,,,286.969935,484.282399,274.250605
2014-11-17,,,,288.807923,485.756079,276.007128
2014-11-18,,,,287.225282,482.205558,274.494634
2014-11-19,,,,287.036433,480.233362,274.314155
2014-11-20,,,,286.745123,479.201884,274.035757
2014-11-21,,,,290.044780,482.804681,277.189164
2014-11-24,,,,296.965968,491.410012,283.803585
2014-11-25,,,,298.983166,496.106511,285.731374
2014-11-26,,,,302.471703,500.212072,289.065290
2014-11-27,,,,303.148592,499.662346,289.712178
2014-11-28,,,,300.587113,497.728450,287.264230
2014-12-01,,,,298.301520,495.595814,285.079941
2014-12-02,,,,305.714648,506.758589,292.164498
2014-12-03,,,,314.074383,520.315422,300.153706
2014-12-04,,,,324.582660,536.752676,310.196226
2014-12-05,,,,333.767756,546.831925,318.974212
2014-12-08,,,,351.614187,572.600200,336.029638
2014-12-09,,,,337.142542,554.521854,322.199418
2014-12-10,,,,348.156912,575.018129,332.725599
2014-12-11,,,,347.024479,574.646000,331.643359
2014-12-12,,,,347.197049,574.282795,331.808280
2014-12-15,,,,353.037716,580.283168,337.390072
2014-12-16,,,,356.590135,584.153793,340.785038
2014-12-17,,,,353.607644,580.320005,337.934739
2014-12-18,,,,357.632002,591.889159,341.780727
2014-12-19,,,,359.204621,601.043132,343.283642
2014-12-22,,,,357.533720,606.037990,341.686800
2014-12-23,,,,346.322391,588.737912,330.972389
2014-12-24,,,,343.098348,583.484600,327.891246
2014-12-25,,,,351.313533,595.773606,335.742310
2014-12-26,,,,358.522672,603.740715,342.631919
2014-12-29,,,,359.436619,606.327834,343.505357
2014-12-30,,,,351.182134,593.753531,335.616735
2014-12-31,,,,359.362292,606.849958,343.434325
2015-01-05,,,,368.566884,629.659053,352.230943
2015-01-06,,,,372.463974,634.473077,355.955303
2015-01-07,,,,372.028234,632.450547,355.538876
2015-01-08,,,,365.057557,620.395829,348.877159
2015-01-09,,,,360.478504,614.204156,344.501063
2015-01-12,,,,355.057990,606.658858,339.320802
2015-01-13,,,,358.443137,612.254928,342.555910
2015-01-14,,,,357.189894,609.284399,341.358214
2015-01-15,,,,362.638070,618.823212,346.564911
2015-01-16,,,,365.612491,623.865779,349.407497
2015-01-19,,,,345.081232,588.044889,329.786243
2015-01-20,,,,352.151483,601.796461,336.543120
2015-01-21,,,,363.470052,621.406683,347.360017
2015-01-22,,,,369.565004,628.248833,353.184824
2015-01-23,,,,366.287744,622.167637,350.052821
2015-01-26,,,,370.189158,629.415504,353.781313
2015-01-27,,,,370.508810,629.970555,354.086797
2015-01-28,,,,365.795375,620.254733,349.582276
2015-01-29,,,,361.659834,613.761074,345.630033
2015-01-30,,,,358.659596,609.442885,342.580705
2015-02-02,,,,342.750661,583.698392,327.384976
2015-02-03,,,,354.047033,601.754105,338.174926
2015-02-04,,,,353.003131,601.270678,337.177823
2015-02-05,,,,346.172742,592.496734,330.653643
2015-02-06,,,,340.881144,581.459220,325.599270
2015-02-09,,,,349.924589,596.213600,334.237294
2015-02-10,,,,358.319331,609.365330,342.255695
2015-02-11,,,,360.296877,612.284620,344.144586
2015-02-12,,,,361.011700,614.124780,344.827364
2015-02-13,,,,362.493993,616.950585,346.243205
2015-02-16,,,,365.625851,619.438518,349.234660
2015-02-17,,,,369.349308,626.907592,352.791192
2015-02-25,,,,365.976009,621.141504,349.569120
2015-02-26,,,,387.304911,656.378962,369.941836
2015-02-27,,,,388.865995,657.724492,371.432937
2015-03-02,,,,392.958531,665.257149,375.342002
2015-03-03,,,,384.261497,649.685776,367.034861
2015-03-04,,,,381.261629,645.536747,364.169478
2015-03-05,,,,377.452303,638.856528,360.530926
2015-03-06,,,,372.711669,631.562800,356.002817
2015-03-09,,,,373.060256,630.811073,356.335776
2015-03-10,,,,372.663484,629.432402,355.956793
2015-03-11,,,,371.820779,627.065391,355.151866
2015-03-12,,,,379.777392,641.491312,362.751780
2015-03-13,,,,383.568585,648.424378,366.373012
2015-03-16,,,,391.770442,663.198561,374.207175
2015-03-17,,,,403.080019,682.591818,385.009739
2015-03-18,,,,408.858149,693.363142,390.528832
2015-03-19,,,,419.218688,710.730833,400.424903
2015-03-20,,,,428.238876,727.715881,409.040712
2015-03-23,,,,446.269717,755.598750,426.263221
2015-03-24,,,,450.138333,758.696945,429.958405
2015-03-25,,,,442.822183,745.944927,422.970241
2015-03-26,,,,438.202772,737.193686,418.557921
2015-03-27,,,,445.240683,749.443205,425.280318
2015-03-30,,,,466.478325,783.158703,445.565867
2015-03-31,,,,462.268422,777.640202,441.544696
2015-04-01,,,,472.751667,796.298345,451.557971
2015-04-02,,,,469.334775,789.714836,448.294261
2015-04-03,,,,475.777619,802.908527,454.448269
2015-04-07,,,,480.866076,814.477040,459.308607
2015-04-08,,,,493.949699,835.298255,471.805685
2015-04-09,,,,487.286737,826.047056,465.441427
2015-04-10,,,,493.298750,831.367354,471.183919
2015-04-13,,,,505.263464,844.347894,482.612248
2015-04-14,,,,524.643743,875.823048,501.123699
2015-04-15,,,,520.256394,868.764791,496.933038
2015-04-16,,,,524.111137,878.277705,500.614970
2015-04-17,,,,545.499641,912.559639,521.044617
2015-04-20,,,,558.080367,926.543366,533.061343
2015-04-21,,,,559.782689,931.425532,534.687349
2015-04-22,,,,585.423046,973.056482,559.178236
2015-04-23,,,,582.571643,968.496158,556.454663
2015-04-24,,,,583.607102,966.311847,557.443702
2015-04-27,,,,605.669627,1003.859370,578.517152
2015-04-28,,,,604.557089,1003.783175,577.454490
2015-04-29,,,,603.194391,1000.068021,576.152882
2015-04-30,,,,611.342466,1010.974506,583.766408
2015-05-04,,,,603.321209,1003.272597,576.106968
2015-05-05,,,,585.113728,970.602755,558.720779
2015-05-06,,,,573.530684,959.817741,547.660216
2015-05-07,,,,558.198864,941.723551,533.019974
2015-05-08,,,,571.294911,963.579399,545.525293
2015-05-11,,,,591.931657,996.745140,565.231169
2015-05-12,,,,606.488598,1016.751311,579.131485
2015-05-13,,,,601.034285,1002.726945,573.923202
2015-05-14,,,,599.924270,993.460682,572.863257
2015-05-15,,,,595.342117,976.676380,568.487792
2015-05-18,,,,591.703225,963.521232,565.013041
2015-05-19,,,,611.449161,1005.145000,583.868290
2015-05-20,,,,610.311531,999.745040,582.781975
2015-05-21,,,,616.440310,1005.027357,588.634301
2015-05-22,,,,628.621118,1026.553507,600.265665
2015-05-25,,,,651.526957,1054.735488,622.138281
2015-05-26,,,,668.508477,1070.790607,638.353810
2015-05-27,,,,668.054696,1066.204031,637.920497
2015-05-28,,,,613.545300,976.117747,585.869877
2015-05-29,,,,608.602221,967.536593,581.149768
2015-06-01,,,,636.829795,1018.133745,608.104070
2015-06-02,,,,652.136577,1042.930437,622.720403
2015-06-03,,,,658.959347,1053.010704,629.235415
2015-06-04,,,,653.556178,1049.959715,624.075970
2015-06-05,,,,668.656134,1066.682127,638.494806
2015-06-08,,,,680.970183,1089.681600,650.253401
2015-06-09,,,,674.330021,1074.570267,643.912759
2015-06-10,,,,669.800217,1075.350471,639.587282
2015-06-11,,,,668.447944,1074.459526,638.296007
2015-06-12,,,,667.648790,1075.904403,637.532901
2015-06-15,,,,657.835437,1043.934335,628.162202
2015-06-16,,,,632.737322,1001.701393,604.196197
2015-06-17,,,,642.574585,1028.255122,613.589728
2015-06-18,,,,617.125412,980.544648,589.288500
2015-06-19,,,,582.619077,934.118844,556.338656
2015-06-23,,,,602.154773,966.939875,574.993148
2015-06-24,,,,610.831816,971.263617,583.278792
2015-06-25,,,,587.470089,933.583702,560.970851
2015-06-26,,,,536.860598,860.073344,512.644222
2015-06-29,,,,509.968782,815.464044,486.965425
2015-06-30,,,,543.974991,873.211847,519.437703
2015-07-01,,,,510.267831,832.510028,487.250984
2015-07-02,,,,482.249660,808.295096,460.496640
2015-07-03,,,,448.786703,772.862836,428.543110
2015-07-06,,,,451.895180,791.894016,431.511372
2015-07-07,,,,434.829127,773.542464,415.215124
2015-07-08,,,,407.792865,732.086911,389.398397
2015-07-09,,,,439.700730,781.800073,419.866981
2015-07-10,,,,473.771337,833.866994,452.400752
2015-07-13,,,,498.297944,861.172710,475.821029
2015-07-14,,,,483.770948,825.426054,461.949307
2015-07-15,,,,453.023289,782.127817,432.588594
2015-07-16,,,,461.673633,778.849493,440.848744
2015-07-17,,,,486.428956,810.076151,464.487419
2015-07-20,,,,493.307741,810.034364,471.055920
2015-07-21,,,,502.713476,819.582480,480.037387
2015-07-22,,,,499.629186,814.600264,477.092221
2015-07-23,,,,512.305745,830.396402,489.196974
2015-07-24,,,,502.824288,808.035721,480.143200
2015-07-27,,,,457.937811,742.266415,437.281435
2015-07-28,,,,448.712355,736.231688,428.472115
2015-07-29,,,,470.347466,757.487263,449.131323
2015-07-30,,,,452.892699,731.143675,432.463895
2015-07-31,,,,449.223573,733.439138,428.781997
2015-08-03,,,,436.953105,719.217204,417.069887
2015-08-04,,,,457.092602,748.319849,436.292952
2015-08-05,,,,450.306742,731.598888,429.815877
2015-08-06,,,,444.524328,721.179824,424.296587
2015-08-07,,,,455.665105,737.395886,434.930412
2015-08-10,,,,477.967185,774.714399,456.217653
2015-08-11,,,,475.445766,771.002144,453.810970
2015-08-12,,,,468.081749,754.340290,446.782046
2015-08-13,,,,475.470993,768.562184,453.835048
2015-08-14,,,,473.037164,768.049770,451.511968
2015-08-17,,,,477.990558,772.273251,456.239962
2015-08-18,,,,453.098225,724.134509,432.480336
2015-08-19,,,,458.700406,738.025260,437.827594
2015-08-20,,,,445.898931,714.310336,425.608641
2015-08-21,,,,430.343820,680.359049,410.761353
2015-08-24,,,,406.026252,630.649854,387.550337
2015-08-25,,,,383.988016,586.093871,366.514934
2015-08-26,,,,365.527439,557.233846,348.894392
2015-08-27,,,,374.458818,578.270799,357.419355
2015-08-28,,,,390.121797,606.733257,372.369602
2015-08-31,,,,387.999384,600.416132,370.343768
2015-09-01,,,,387.223839,598.997703,369.603514
2015-09-02,,,,387.130381,595.148867,369.514308
2015-09-07,,,,380.261906,584.050198,362.958378
2015-09-08,,,,383.442330,595.228525,365.994079
2015-09-09,,,,387.561054,606.556450,369.925384
2015-09-10,,,,380.535442,589.940711,363.219467
2015-09-11,,,,378.754817,588.811482,361.519868
2015-09-14,,,,367.167305,561.129129,350.459637
2015-09-15,,,,347.490650,523.755918,331.678354
2015-09-16,,,,358.877286,550.790913,342.546849
2015-09-17,,,,351.500405,534.779245,335.505647
2015-09-18,,,,350.836123,531.253253,334.871593
2015-09-21,,,,358.634746,544.801181,342.315345
2015-09-22,,,,364.579529,553.442407,347.989616
2015-09-23,,,,357.890886,537.164734,341.605335
2015-09-24,,,,360.145059,540.618833,343.756932
2015-09-25,,,,350.536977,518.623123,334.586060
2015-09-28,,,,351.709741,523.737177,335.705458
2015-09-29,,,,345.555620,512.044017,329.831375
2015-09-30,,,,348.001097,515.536178,332.165573
2015-10-08,,,,356.735572,537.178202,340.502592
2015-10-09,,,,359.773553,543.908811,343.402332
2015-10-12,,,,371.638283,573.358689,354.727167
2015-10-13,,,,373.442585,577.886007,356.449366
2015-10-14,,,,369.930787,568.835453,353.097369
2015-10-15,,,,377.507584,587.869024,360.329390
2015-10-16,,,,385.097096,605.582253,367.573546
2015-10-19,,,,388.105416,610.916962,370.444975
2015-10-20,,,,397.908694,629.341680,379.802163
2015-10-21,,,,382.918151,591.380885,365.493753
2015-10-22,,,,395.341200,614.025834,377.351501
2015-10-23,,,,394.493564,615.491903,376.542435
2015-10-26,,,,394.694967,615.629258,376.734674
2015-10-27,,,,396.609146,618.176382,378.561750
2015-10-28,,,,388.827691,602.154380,371.134383
2015-10-29,,,,389.625408,603.391205,371.895801
2015-10-30,,,,389.011615,603.276926,371.192780
2015-11-02,,,,389.743213,599.861106,371.890867
2015-11-03,,,,387.736744,600.407229,369.976305
2015-11-04,,,,397.318093,617.041879,379.118776
2015-11-05,,,,401.576188,628.057554,383.181827
2015-11-06,,,,402.900279,634.911991,384.445268
2015-11-09,,,,404.795129,642.268962,386.253323
2015-11-10,,,,400.543056,637.675414,382.196019
2015-11-11,,,,400.506216,636.436194,382.160866
2015-11-12,,,,399.644536,630.094196,381.338656
2015-11-13,,,,395.249023,622.177013,377.144481
2015-11-16,,,,393.325880,621.361482,375.309428
2015-11-17,,,,391.128643,616.316135,373.212837
2015-11-18,,,,387.737948,609.693785,369.977454
2015-11-19,,,,390.413175,616.987774,372.530141
2015-11-20,,,,391.524434,615.658337,373.590498
2015-11-23,,,,395.627108,617.271547,377.505247
2015-11-24,,,,392.732767,615.525425,374.743483
2015-11-25,,,,392.608836,618.242968,374.625228
2015-11-26,,,,390.217585,613.492373,372.343510
2015-11-27,,,,373.363395,590.774382,356.261333
2015-11-30,,,,371.393611,593.791244,354.381776
2015-12-01,,,,373.506785,594.303746,356.398155
2015-12-02,,,,376.874267,608.810816,359.611388
2015-12-03,,,,380.836823,613.261677,363.392438
2015-12-04,,,,380.150138,606.212896,362.737207
2015-12-07,,,,379.984827,610.083612,362.579467
2015-12-08,,,,372.957777,598.756313,355.874294
2015-12-09,,,,369.464376,591.317096,352.540910
2015-12-10,,,,368.638409,588.783896,351.752777
2015-12-11,,,,365.316366,580.565397,348.582901
2015-12-14,,,,370.327291,593.929317,353.364299
2015-12-15,,,,371.051817,591.809170,354.055638
2015-12-16,,,,370.268745,589.614463,353.308434
2015-12-17,,,,374.687644,596.111587,357.524924
2015-12-18,,,,377.607680,597.908235,360.311207
2015-12-21,,,,380.400039,603.597356,362.975661
2015-12-22,,,,382.405980,603.001836,364.889719
2015-12-23,,,,384.234166,599.584114,366.634164
2015-12-24,,,,381.038239,598.278588,363.584628
2015-12-25,,,,381.120307,596.252268,363.662936
2015-12-28,,,,367.811661,581.036256,350.963898
2015-12-29,,,,366.502958,576.638360,349.715141
2015-12-30,,,,364.097775,575.913441,347.420128
2015-12-31,,,,362.774269,570.143335,346.157246
2016-01-04,,,,340.542083,534.921755,324.943415
2016-01-05,,,,338.928178,534.951729,323.403435
2016-01-06,,,,344.932572,542.895727,329.132795
2016-01-07,,,,320.972962,509.401663,306.270665
2016-01-08,,,,321.886427,514.887578,307.142289
2016-01-11,,,,309.187717,493.115409,295.025248
2016-01-12,,,,309.138709,492.198506,294.978484
2016-01-13,,,,298.033584,478.710560,284.382035
2016-01-14,,,,302.671413,488.659090,288.807426
2016-01-15,,,,290.671165,471.228702,277.356854
2016-01-18,,,,294.974114,476.089749,281.462705
2016-01-19,,,,306.089292,490.402632,292.068748
2016-01-20,,,,305.156639,485.815353,291.178815
2016-01-21,,,,292.266912,468.672756,278.879507
2016-01-22,,,,295.382827,474.068774,281.852697
2016-01-25,,,,295.705682,474.284029,282.160763
2016-01-26,,,,277.439382,445.774143,264.731159
2016-01-27,,,,272.845005,443.616626,260.347229
2016-01-28,,,,263.362236,430.623023,251.298822
2016-01-29,,,,271.724739,443.956902,259.153690
2016-02-01,,,,270.833957,443.038852,258.304119
2016-02-02,,,,278.010965,452.058873,265.149091
2016-02-03,,,,278.202080,452.668347,265.331364
2016-02-04,,,,282.251785,458.180943,269.193714
2016-02-05,,,,280.284413,458.044262,267.317360
2016-02-15,,,,279.217428,459.847324,266.299738
2016-02-16,,,,287.676234,468.608829,274.367207
2016-02-17,,,,289.255874,471.569023,275.873766
2016-02-18,,,,288.199591,470.225516,274.866351
2016-02-19,,,,288.695248,469.701291,275.339077
2016-02-22,,,,292.116967,473.019660,278.602493
2016-02-23,,,,290.705521,469.341614,277.256347
2016-02-24,,,,293.917769,470.712339,280.319983
2016-02-25,,,,275.094057,446.863346,262.367130
2016-02-26,,,,275.747398,447.323934,262.990245
2016-02-29,,,,264.442366,433.739680,252.208228
2016-03-01,,,,267.890612,440.510286,255.496945
2016-03-02,,,,279.935215,456.361195,266.984318
2016-03-03,,,,281.463385,456.385744,268.441788
2016-03-04,,,,277.415765,454.983520,264.581427
2016-03-07,,,,279.675334,456.421464,266.736460
2016-03-08,,,,281.179103,456.800865,268.170658
2016-03-09,,,,276.159144,452.150846,263.382942
2016-03-10,,,,271.594067,447.583597,259.029063
2016-03-11,,,,270.836908,446.314954,258.306934
2016-03-14,,,,278.349086,455.881964,265.471569
2016-03-15,,,,277.841407,456.833754,264.987377
2016-03-16,,,,275.670304,454.942987,262.916717
2016-03-17,,,,282.445042,462.366044,269.378030
2016-03-18,,,,289.538714,468.545412,276.143520
2016-03-21,,,,295.904165,474.748848,282.214481
2016-03-22,,,,293.816972,472.416643,280.223850
2016-03-23,,,,297.644001,471.418867,283.873825
2016-03-24,,,,294.038799,466.238207,280.435415
2016-03-25,,,,293.643102,469.256463,280.058024
2016-03-28,,,,292.534711,468.745833,279.000911
2016-03-29,,,,287.852127,465.585161,274.534962
2016-03-30,,,,295.979023,475.635540,282.285876
2016-03-31,,,,296.956994,478.078918,283.218602
2016-04-01,,,,296.949429,478.340570,283.211387
2016-04-05,,,,302.895124,484.986324,288.882011
2016-04-06,,,,301.358944,482.256517,287.416901
2016-04-07,,,,296.774811,474.998879,283.044848
2016-04-08,,,,295.012826,474.678721,281.364379
2016-04-11,,,,298.141275,477.515654,284.348093
2016-04-12,,,,296.161446,476.177772,282.459859
2016-04-13,,,,298.256466,478.952971,284.457956
2016-04-14,,,,300.635387,482.017702,286.726818
2016-04-15,,,,299.875723,480.471706,286.002299
2016-04-18,,,,296.686874,477.035115,282.960979
2016-04-19,,,,298.856704,478.757304,285.030424
2016-04-20,,,,292.099742,469.853763,278.586066
2016-04-21,,,,286.239037,466.130116,272.996500
2016-04-22,,,,287.811737,469.841089,274.496440
2016-04-25,,,,286.670784,467.306780,273.408272
2016-04-26,,,,288.518385,469.628869,275.170396
2016-04-27,,,,289.201638,469.146891,275.822039
2016-04-28,,,,288.751071,469.581303,275.392317
2016-04-29,,,,288.531098,469.885457,275.112096
2016-05-03,,,,295.991592,481.230388,282.225618
2016-05-04,,,,295.298098,478.939589,281.564377
2016-05-05,,,,295.633015,479.660387,281.883717
2016-05-06,,,,286.441322,467.708479,273.119512
2016-05-09,,,,282.551687,463.195108,269.410776
2016-05-10,,,,284.160148,465.561367,270.944431
2016-05-11,,,,284.506853,468.430300,271.275011
2016-05-12,,,,284.420021,469.571130,271.192217
2016-05-13,,,,282.321544,465.541608,269.191336
2016-05-16,,,,285.134207,469.604888,271.873188
2016-05-17,,,,284.712874,469.323135,271.471451
2016-05-18,,,,281.381403,465.579084,268.294919
2016-05-19,,,,281.761855,465.353127,268.657677
2016-05-20,,,,283.036646,467.567690,269.873181
2016-05-23,,,,285.532646,470.229486,272.253096
2016-05-24,,,,282.612326,466.575190,269.468594
2016-05-25,,,,281.219817,464.825419,268.140849
2016-05-26,,,,281.531083,464.665680,268.437638
2016-05-27,,,,280.723391,462.462319,267.667510
2016-05-30,,,,279.914755,463.751901,266.896483
2016-05-31,,,,288.342484,478.015498,274.932254
2016-06-01,,,,288.965437,478.142913,275.526235
2016-06-02,,,,289.781382,479.039040,276.304232
2016-06-03,,,,293.212335,485.791692,279.575619
2016-06-06,,,,291.517459,482.146894,277.959567
2016-06-07,,,,291.428032,482.379623,277.874300
2016-06-08,,,,290.029867,479.573794,276.541160
2016-06-13,,,,278.821841,463.574701,265.854398
2016-06-14,,,,277.715231,465.202165,264.799254
2016-06-15,,,,282.748455,474.066519,269.598392
2016-06-16,,,,279.579906,469.652039,266.577206
2016-06-17,,,,280.211442,474.193816,267.179371
2016-06-20,,,,279.915649,473.158632,266.897335
2016-06-21,,,,278.286357,470.272779,265.343817
2016-06-22,,,,280.582359,474.223147,267.533037
2016-06-23,,,,278.980053,471.427118,266.005251
2016-06-24,,,,276.236394,467.685550,263.389194
2016-06-27,,,,282.494005,476.739940,269.355777
2016-06-28,,,,285.057479,479.840933,271.800028
2016-06-29,,,,285.827417,480.112694,272.534158
2016-06-30,,,,287.169691,483.356419,273.814006
2016-07-01,,,,286.420022,484.128220,273.099203
2016-07-04,,,,288.324594,488.166200,274.915196
2016-07-05,,,,288.636685,485.916013,275.212773
2016-07-06,,,,290.861158,492.365233,277.333790
2016-07-07,,,,290.203344,490.266491,276.706570
2016-07-08,,,,288.387769,487.013911,274.975433
2016-07-11,,,,287.889729,486.810657,274.500556
2016-07-12,,,,291.763355,493.353495,278.194027
2016-07-13,,,,293.346289,494.343023,279.703342
2016-07-14,,,,291.959419,492.101170,278.380973
2016-07-15,,,,292.871174,494.520390,279.250324
2016-07-18,,,,291.327362,492.685911,277.778312
2016-07-19,,,,290.554462,488.100396,277.041357
2016-07-20,,,,289.884366,487.747622,276.402427
2016-07-21,,,,289.895462,489.689040,276.413007
2016-07-22,,,,287.925450,485.085002,274.534616
2016-07-25,,,,289.548568,486.781752,276.082246
2016-07-26,,,,293.000036,493.659805,279.373193
2016-07-27,,,,285.988445,485.885081,272.687697
2016-07-28,,,,287.874889,489.252470,274.486407
2016-07-29,,,,286.344429,487.958876,272.914629
2016-08-01,,,,282.163395,481.471210,268.929689
2016-08-02,,,,282.702953,482.204803,269.443941
2016-08-03,,,,284.483132,484.703492,271.140628
2016-08-04,,,,285.485005,486.951727,272.095513
2016-08-05,,,,286.018131,487.704661,272.603634
2016-08-08,,,,286.275372,487.749574,272.848811
2016-08-09,,,,289.784791,493.506803,276.193635
2016-08-10,,,,290.271790,492.679875,276.657794
2016-08-11,,,,287.937630,489.800938,274.433108
2016-08-12,,,,291.081302,496.325331,277.429338
2016-08-15,,,,296.579355,506.521513,282.669528
2016-08-16,,,,297.665384,508.409731,283.704622
2016-08-17,,,,296.298584,506.251922,282.401925
2016-08-18,,,,293.653262,502.357425,279.880671
2016-08-19,,,,293.613402,501.867369,279.842681
2016-08-22,,,,293.538413,500.570107,279.771209
2016-08-23,,,,294.343631,500.519104,280.538661
2016-08-24,,,,291.935048,497.628149,278.243043
2016-08-25,,,,289.505201,494.352535,275.927158
2016-08-26,,,,288.922492,493.181324,275.371778
2016-08-29,,,,289.867899,492.721756,276.272845
2016-08-30,,,,289.067393,491.340962,275.509884
2016-08-31,,,,291.884710,496.391189,278.195066
2016-09-01,,,,289.346093,492.189715,275.775512
2016-09-02,,,,287.358794,490.036840,273.881419
2016-09-05,,,,288.007962,491.357378,274.500140
2016-09-06,,,,289.788114,494.804650,276.196802
2016-09-07,,,,287.976640,492.125794,274.470288
2016-09-08,,,,287.986991,491.959745,274.480153
2016-09-09,,,,285.585839,487.457186,272.191617
2016-09-12,,,,277.656635,475.324165,264.634300
2016-09-13,,,,279.065677,477.810627,265.977256
2016-09-14,,,,278.280243,477.338821,265.228660
2016-09-19,,,,280.156260,479.993281,267.016691
2016-09-20,,,,281.065674,480.714072,267.883452
2016-09-21,,,,283.362811,483.765382,270.072852
2016-09-22,,,,287.001817,489.894805,273.541185
2016-09-23,,,,284.934954,486.228800,271.571260
2016-09-26,,,,279.036943,476.717292,265.949871
2016-09-27,,,,281.618392,480.985930,268.410247
2016-09-28,,,,281.030824,479.497096,267.850236
2016-09-29,,,,282.530892,481.150810,269.279950
2016-09-30,,,,284.575102,484.556322,271.228285
2016-10-10,,,,287.444946,488.562219,273.963530
2016-10-11,,,,288.972895,491.302134,275.419817
2016-10-12,,,,289.293884,493.235275,275.725752
2016-10-13,,,,289.503332,494.140243,275.925377
2016-10-14,,,,288.097325,491.262824,274.585313
2016-10-17,,,,287.206350,490.017329,273.736125
2016-10-18,,,,289.352356,493.615791,275.781481
2016-10-19,,,,288.429148,492.492103,274.901573
2016-10-20,,,,287.407851,491.153624,273.928176
2016-10-21,,,,285.116626,487.664326,271.744411
2016-10-24,,,,287.215181,490.423645,273.744542
2016-10-25,,,,289.336586,493.696412,275.766451
2016-10-26,,,,291.847210,497.431122,278.159325
2016-10-27,,,,290.111570,495.060421,276.505088
2016-10-28,,,,288.825650,493.406317,275.279478
2016-10-31,,,,287.886428,492.163268,274.295560
2016-11-01,,,,291.404783,497.917569,277.647817
2016-11-02,,,,291.056971,497.739927,277.316425
2016-11-03,,,,292.511932,500.476019,278.702698
2016-11-04,,,,289.829642,496.228322,276.147037
2016-11-07,,,,289.029653,494.410132,275.384814
2016-11-08,,,,292.028427,499.765364,278.242018
2016-11-09,,,,295.230222,505.202093,281.292660
2016-11-10,,,,296.281362,507.034341,282.294176
2016-11-11,,,,294.168453,503.627252,280.281016
2016-11-14,,,,291.248283,498.737547,277.498705
2016-11-15,,,,292.869740,501.101042,279.043614
2016-11-16,,,,293.665847,502.346045,279.802138
2016-11-17,,,,294.399659,503.163461,280.501307
2016-11-18,,,,292.402015,499.770194,278.597970
2016-11-21,,,,292.926594,500.574518,279.097784
2016-11-22,,,,293.571787,501.738024,279.712518
2016-11-23,,,,297.114089,507.407068,283.087592
2016-11-24,,,,298.904908,509.337235,284.793867
2016-11-25,,,,299.862091,511.603926,285.705862
2016-11-28,,,,301.460147,514.320730,287.228475
2016-11-29,,,,304.767452,520.050438,290.379646
2016-11-30,,,,301.535267,515.356981,287.300049
2016-12-01,,,,305.515862,521.010545,291.092723
2016-12-02,,,,300.045167,512.631378,285.880296
2016-12-05,,,,292.499504,501.585671,278.690857
2016-12-06,,,,293.547798,503.147537,279.689662
2016-12-07,,,,294.036981,503.800667,280.155751
2016-12-08,,,,296.015148,507.594328,282.040531
2016-12-09,,,,297.223741,509.831878,283.192067
2016-12-12,,,,286.368559,492.943406,272.849348
2016-12-13,,,,286.315066,492.083852,272.798381
2016-12-14,,,,283.750841,488.261605,270.355210
2016-12-15,,,,277.831912,477.591599,264.715709
2016-12-16,,,,279.861636,480.913645,266.649611
2016-12-19,,,,278.960168,479.423025,265.790701
2016-12-20,,,,276.724796,475.500746,263.660859
2016-12-21,,,,278.244484,477.875157,265.108804
2016-12-22,,,,278.374677,477.660709,265.232850
2016-12-23,,,,274.038414,470.334963,261.101299
2016-12-26,,,,274.902649,471.247551,261.924734
2016-12-27,,,,276.139055,473.369743,263.102771
2016-12-28,,,,275.435729,472.419546,262.432647
2016-12-29,,,,274.832164,471.554148,261.857576
2016-12-30,,,,276.265717,474.304080,263.223453
2017-01-03,,,,278.566723,477.980564,265.415830
2017-01-04,,,,282.193910,484.052049,268.871781
2017-01-05,,,,282.334491,484.247007,269.005725
2017-01-06,,,,280.498003,480.904041,267.255936
2017-01-09,,,,281.225768,482.244024,267.949344
2017-01-10,,,,281.987830,483.553555,268.675430
2017-01-11,,,,278.717342,478.244855,265.559339
2017-01-12,,,,276.972534,475.594857,263.896901
2017-01-13,,,,276.488010,475.211946,263.435252
2017-01-16,,,,274.857205,473.343383,261.881435
2017-01-17,,,,277.915044,478.197861,264.794916
2017-01-18,,,,281.157772,483.403600,267.884558
2017-01-19,,,,279.054561,479.898754,265.880638
2017-01-20,,,,281.311889,483.542611,268.031399
2017-01-23,,,,281.798731,484.242110,268.495258
2017-01-24,,,,282.165363,485.137813,268.844582
2017-01-25,,,,282.347662,485.318339,269.018274
2017-01-26,,,,282.246139,484.937113,268.841724
2017-02-03,,,,281.114622,484.157865,267.763945
2017-02-06,,,,282.031809,485.343410,268.637572
2017-02-07,,,,282.516202,485.880466,269.098961
2017-02-08,,,,283.612153,487.650739,270.142863
2017-02-09,,,,284.891466,489.741740,271.361419
2017-02-10,,,,285.995141,493.228489,272.412678
2017-02-13,,,,288.307533,498.227851,274.615250
2017-02-14,,,,288.830330,498.716655,275.113219
2017-02-15,,,,287.029201,496.371016,273.397628
2017-02-16,,,,289.266710,500.758465,275.528874
2017-02-17,,,,287.952086,498.138938,274.276684
2017-02-20,,,,292.426752,507.150287,278.538840
2017-02-21,,,,291.856580,505.931256,277.995746
2017-02-22,,,,292.877397,508.810692,278.968083
2017-02-23,,,,291.408019,505.995514,277.568488
2017-02-24,,,,293.147772,508.585230,279.225617
2017-02-27,,,,290.820889,503.422892,277.009242
2017-02-28,,,,290.292064,503.671720,276.505532
2017-03-01,,,,290.363342,503.607002,276.573425
2017-03-02,,,,288.263786,500.281642,274.573581
2017-03-03,,,,288.204971,499.918822,274.517560
2017-03-06,,,,290.149840,503.896743,276.370062
2017-03-07,,,,291.934626,507.230331,278.070086
2017-03-08,,,,293.511352,509.968955,279.571930
2017-03-09,,,,292.783940,507.978266,278.879064
2017-03-10,,,,293.379691,508.811862,279.446522
2017-03-13,,,,297.127153,515.564045,283.016009
2017-03-14,,,,297.020354,515.991944,282.914283
2017-03-15,,,,299.257097,519.798196,285.044799
2017-03-16,,,,299.793832,520.904343,285.556042
2017-03-17,,,,297.911255,517.375370,283.762873
2017-03-20,,,,298.714915,520.507090,284.528366
2017-03-21,,,,303.884673,530.651656,289.452602
2017-03-22,,,,305.675640,531.859825,291.158513
2017-03-23,,,,306.732397,533.136824,292.165082
2017-03-24,,,,307.704203,538.075767,293.090735
2017-03-27,,,,304.611537,532.034707,290.144945
2017-03-28,,,,306.678406,535.431106,292.113655
2017-03-29,,,,308.238179,536.089160,293.599352
2017-03-30,,,,305.629151,532.075992,291.114231
2017-03-31,,,,308.233745,537.693337,293.595128
2017-04-05,,,,311.133137,542.759161,296.356822
2017-04-06,,,,312.023278,543.973942,297.204688
2017-04-07,,,,310.856841,542.897313,296.093648
2017-04-10,,,,308.311143,538.702420,293.668850
2017-04-11,,,,306.274363,536.233576,291.728801
2017-04-12,,,,304.659449,533.938781,290.190582
2017-04-13,,,,307.122696,537.684991,292.536844
2017-04-14,,,,305.089799,532.856311,290.600494
2017-04-17,,,,305.292181,531.411222,290.793264
2017-04-18,,,,307.471045,537.031539,292.868650
2017-04-19,,,,307.848398,537.968243,293.228082
2017-04-20,,,,313.418834,547.488466,298.533967
2017-04-21,,,,310.001201,541.471680,295.278644
2017-04-24,,,,305.512915,533.861237,291.003516
2017-04-25,,,,309.083463,540.063274,294.404491
2017-04-26,,,,305.410944,533.375405,290.906387
2017-04-27,,,,306.128882,533.851341,291.590229
2017-04-28,,,,304.863593,531.609511,290.285555
2017-05-02,,,,304.622203,531.188584,290.055708
2017-05-03,,,,305.311798,532.391072,290.712327
2017-05-04,,,,305.082882,531.991898,290.494357
2017-05-05,,,,304.504038,530.982532,289.943193
2017-05-08,,,,300.759132,524.452307,286.377361
2017-05-09,,,,300.437093,523.890747,286.070721
2017-05-10,,,,302.044121,526.693022,287.600904
2017-05-11,,,,305.787666,533.220874,291.165440
2017-05-12,,,,308.845027,538.552183,294.076603
2017-05-15,,,,310.752004,541.877497,295.892392
2017-05-16,,,,314.635533,548.649447,299.590218
2017-05-17,,,,310.430360,541.316626,295.586128
2017-05-18,,,,311.071909,542.435335,296.197000
2017-05-19,,,,312.197903,544.398801,297.269151
2017-05-22,,,,314.513978,548.437483,299.474475
2017-05-23,,,,319.257642,556.709304,303.991305
2017-05-24,,,,317.997153,554.511312,302.791091
2017-05-25,,,,317.673143,553.946314,302.482574
2017-05-26,,,,316.517006,551.930287,301.381722
2017-05-31,,,,317.127894,552.995530,301.963398
2017-06-01,,,,320.112577,558.200106,304.805359
2017-06-02,,,,318.758025,555.838091,303.515579
2017-06-05,,,,316.303907,551.558693,301.178812
2017-06-06,,,,320.900562,559.574165,305.555664
2017-06-07,,,,326.658427,569.614510,311.038197
2017-06-08,,,,331.571571,578.181864,315.716404
2017-06-09,,,,333.834733,582.128279,317.871345
2017-06-12,,,,336.950032,587.560619,320.837677
2017-06-13,,,,337.152052,587.912893,321.030036
2017-06-14,,,,330.180323,575.755859,314.391683
2017-06-15,,,,328.050933,572.042710,312.364117
2017-06-16,,,,327.390995,570.891934,311.735736
2017-06-19,,,,329.920400,575.302615,314.144189
2017-06-20,,,,329.824742,575.135810,314.053105
2017-06-21,,,,338.259808,589.844557,322.084822
2017-06-22,,,,335.982903,585.874175,319.916793
2017-06-23,,,,341.996723,596.360847,325.643044
2017-06-26,,,,348.526600,607.747397,331.860674
2017-06-27,,,,348.697049,608.044620,332.022972
2017-06-28,,,,345.880236,603.132768,329.340854
2017-06-29,,,,347.822704,606.519970,331.190436
2017-06-30,,,,347.775902,606.438358,331.145872
2017-07-03,,,,343.367675,598.751460,326.948439
2017-07-04,,,,338.460900,590.195214,322.276298
2017-07-05,,,,344.124769,600.071652,327.669330
2017-07-06,,,,342.375042,597.020544,326.003272
2017-07-07,,,,339.044631,591.213100,322.832115
2017-07-10,,,,336.950735,587.561845,320.838346
2017-07-11,,,,343.538632,599.049568,327.111221
2017-07-12,,,,339.950337,592.792436,323.694512
2017-07-13,,,,343.274424,598.588852,326.859647
2017-07-14,,,,343.542061,599.055548,327.114486
2017-07-17,,,,342.587632,597.391251,326.205696
2017-07-18,,,,342.981163,598.077476,326.580410
2017-07-19,,,,348.064186,606.941058,331.420372
2017-07-20,,,,351.691209,613.265722,334.873957
2017-07-21,,,,351.265863,612.524019,334.468950
2017-07-24,,,,353.271990,616.022227,336.379147
2017-07-25,,,,352.411140,614.521110,335.559462
2017-07-26,,,,348.617798,607.906424,331.947510
2017-07-27,,,,346.224850,603.733693,329.668989
2017-07-28,,,,349.624993,609.662732,332.906543
2017-07-31,,,,350.497295,611.183820,333.622111
2017-08-01,,,,352.069107,613.924685,335.118245
2017-08-02,,,,350.553241,611.281376,333.675363
2017-08-03,,,,344.848552,601.333757,328.245334
2017-08-04,,,,343.051102,598.199432,326.534425
2017-08-07,,,,345.632702,602.701128,328.991730
2017-08-08,,,,344.634356,600.960250,328.041451
2017-08-09,,,,347.779312,606.444305,331.034989
2017-08-10,,,,346.416769,604.068353,329.738046
2017-08-11,,,,341.782263,595.986879,325.326675
2017-08-14,,,,347.964344,606.766957,331.211112
2017-08-15,,,,349.760247,609.898584,332.920549
2017-08-16,,,,347.821664,606.518156,331.075301
2017-08-17,,,,349.030788,608.626580,332.226210
2017-08-18,,,,350.186672,610.642168,333.326443
2017-08-21,,,,351.501443,612.934814,334.577912
2017-08-22,,,,353.036294,615.611230,336.038866
2017-08-23,,,,353.072924,615.675104,336.073732
2017-08-24,,,,351.130293,612.287617,334.224632
2017-08-25,,,,353.416245,616.273773,336.400523
2017-08-28,,,,355.840736,620.501509,338.708284
2017-08-29,,,,352.461982,614.609766,335.492205
2017-08-30,,,,353.574187,616.549186,336.550861
2017-08-31,,,,352.835531,615.261147,335.847769
2017-09-01,,,,354.113701,617.489971,337.064400
2017-09-04,,,,357.082411,622.666694,339.890177
2017-09-05,,,,357.755787,623.840901,340.531132
2017-09-06,,,,356.772143,622.125660,339.594847
2017-09-07,,,,355.765867,620.370955,338.637020
2017-09-08,,,,356.394439,621.467035,339.235328
2017-09-11,,,,355.833563,620.489001,338.701456
2017-09-12,,,,357.203717,622.878223,340.005642
2017-09-13,,,,358.651081,625.402081,341.383321
2017-09-14,,,,356.779422,622.138353,339.601775
2017-09-15,,,,357.314891,623.072084,340.111464
2017-09-18,,,,359.204124,626.366455,341.909736
2017-09-19,,,,357.463453,623.331140,340.252873
2017-09-20,,,,358.202021,624.619028,340.955882
2017-09-21,,,,358.544708,625.216591,341.282069
2017-09-22,,,,360.895597,629.315982,343.519771
2017-09-25,,,,361.390837,630.179563,343.991167
2017-09-26,,,,361.912170,631.088643,344.487400
2017-09-27,,,,363.939344,634.623553,346.416973
2017-09-28,,,,367.045759,640.040401,349.373826
2017-09-29,,,,368.280828,642.194066,350.549430
2017-10-09,,,,376.900844,657.225322,358.754424
2017-10-10,,,,377.734292,658.678657,359.547744
2017-10-11,,,,379.169207,661.180806,360.913572
2017-10-12,,,,383.791365,669.240749,365.313190
2017-10-13,,,,387.278035,675.320672,368.631990
2017-10-16,,,,387.582027,675.850761,368.921345
2017-10-17,,,,388.741640,677.872850,370.025127
2017-10-18,,,,393.847941,686.777024,374.885579
2017-10-19,,,,393.272912,685.774310,374.338235
2017-10-20,,,,390.926110,681.682045,372.104423
2017-10-23,,,,393.313964,685.845895,374.377311
2017-10-24,,,,395.709793,690.023650,376.657789
2017-10-25,,,,401.431597,700.001114,382.104109
2017-10-26,,,,407.303180,710.239757,387.692996
2017-10-27,,,,411.852074,718.171943,392.022877
2017-10-30,,,,413.264264,720.634467,393.367075
2017-10-31,,,,412.669404,719.597173,392.663749
2017-11-01,,,,412.155643,718.701296,392.174895
2017-11-02,,,,414.606118,722.974341,394.506574
2017-11-03,,,,416.627081,726.498420,396.429564
2017-11-06,,,,427.620587,745.668476,406.890119
2017-11-07,,,,428.328660,746.903186,407.563865
2017-11-08,,,,423.932222,739.236845,403.380560
2017-11-09,,,,431.864517,753.068879,410.928309
2017-11-10,,,,436.149116,760.540200,415.005196
2017-11-13,,,,442.227935,771.140213,420.789323
2017-11-14,,,,436.377049,760.937661,415.222080
2017-11-15,,,,433.745311,756.348536,412.717924
2017-11-16,,,,442.588174,771.768383,421.132098
2017-11-17,,,,438.571833,764.764841,417.310463
2017-11-20,,,,443.552532,773.449995,422.049705
2017-11-21,,,,452.342259,788.777184,430.413317
2017-11-22,,,,450.913749,786.286203,429.054060
2017-11-23,,,,435.398742,759.231726,414.291199
2017-11-24,,,,436.121809,760.492582,414.979213
2017-11-27,,,,423.731229,738.886361,403.189312
2017-11-28,,,,429.381647,748.739345,408.565805
2017-11-29,,,,427.448073,745.367653,406.725968
2017-11-30,,,,420.225356,732.772954,399.853399
2017-12-01,,,,419.367143,731.276435,399.036791
2017-12-04,,,,425.545649,742.050278,404.915771
2017-12-05,,,,426.858945,744.340354,406.165400
2017-12-06,,,,424.194434,739.694080,403.630061
2017-12-07,,,,415.707991,724.895746,395.555030
2017-12-08,,,,425.117297,741.303334,404.508185
2017-12-11,,,,436.605708,761.336387,415.439653
2017-12-12,,,,433.956126,756.716147,412.918520
2017-12-13,,,,439.802302,766.910486,418.481281
2017-12-14,,,,439.157893,765.786791,417.868112
2017-12-15,,,,431.834704,753.016892,410.899941
2017-12-18,,,,433.649136,756.180830,412.626412
2017-12-19,,,,438.788399,765.142481,417.516531
2017-12-20,,,,441.640509,770.115881,420.230374
2017-12-21,,,,449.570461,783.943829,427.775893
2017-12-22,,,,448.248383,781.638440,426.517907
2017-12-25,,,,447.400653,780.160201,425.711274
2017-12-26,,,,446.123648,777.933408,424.496176
2017-12-27,,,,434.953994,758.456191,413.868012
2017-12-28,,,,439.955606,767.177812,418.627153
2017-12-29,,,,441.774027,770.348705,420.357419
2018-01-02,,,,446.163275,778.002508,424.533882
2018-01-03,,,,448.769765,782.547606,427.014013
2018-01-04,,,,453.325432,790.491605,431.348828
2018-01-05,,,,453.876601,791.452712,431.873277
2018-01-08,,,,455.477048,794.243510,433.396136
2018-01-09,,,,464.678735,810.289061,442.151738
2018-01-10,,,,469.102485,818.003028,446.361031
2018-01-11,,,,469.420938,818.558334,446.664045
2018-01-12,,,,472.508419,823.942165,449.601849
2018-01-15,,,,473.949766,826.455531,450.973322
2018-01-16,,,,480.086609,837.156725,456.812659
2018-01-17,,,,470.715232,820.815275,447.895594
2018-01-18,,,,473.646137,825.926075,450.684413
2018-01-19,,,,474.627246,827.636896,451.617959
2018-01-22,,,,487.395187,849.901145,463.766928
2018-01-23,,,,495.004427,863.169846,471.007281
2018-01-24,,,,492.353070,858.546512,468.484459
2018-01-25,,,,492.474631,858.758485,468.600127
2018-01-26,,,,497.846717,868.126123,473.711781
2018-01-29,,,,481.564844,839.734415,458.219231
2018-01-30,,,,473.585905,825.821045,450.627101
2018-01-31,,,,479.570628,836.256977,456.200973
2018-02-01,,,,469.025614,817.868984,446.169821
2018-02-02,,,,473.267931,825.266573,450.205408
2018-02-05,,,,460.109831,802.321980,437.688507
2018-02-06,,,,445.204139,776.330004,423.509175
2018-02-07,,,,430.044743,749.895627,409.088502
2018-02-08,,,,435.331895,759.115160,414.118009
2018-02-09,,,,422.367235,736.507881,401.785122
2018-02-12,,,,439.927255,767.128374,418.489435
2018-02-13,,,,446.435843,778.477801,424.680857
2018-02-14,,,,455.687559,794.610592,433.481734
2018-02-22,,,,467.881064,815.873160,445.081045
2018-02-23,,,,469.090428,817.982003,446.231476
2018-02-26,,,,473.888584,826.348845,450.795817
2018-02-27,,,,465.609318,811.911777,442.920002
2018-02-28,,,,463.741031,808.653928,441.142757
2018-03-01,,,,469.842715,819.293813,446.947104
2018-03-02,,,,466.598430,813.636553,443.860915
2018-03-05,,,,467.136076,814.574079,444.372361
2018-03-06,,,,471.794111,822.696583,448.803408
2018-03-07,,,,469.696270,819.038447,446.807795
2018-03-08,,,,477.060847,831.880516,453.813494
2018-03-09,,,,484.281785,844.472113,460.682553
2018-03-12,,,,485.915625,847.321140,462.236775
2018-03-13,,,,481.390395,839.430216,457.932061
2018-03-14,,,,483.453242,843.027331,459.894385
2018-03-15,,,,490.462093,855.249098,466.561692
2018-03-16,,,,482.653204,841.632256,459.133333
2018-03-19,,,,484.332236,844.560087,460.730545
2018-03-20,,,,482.837983,841.954465,459.309108
2018-03-21,,,,480.591449,838.037045,457.172048
2018-03-22,,,,470.766602,820.904851,447.825970
2018-03-23,,,,458.122206,798.856036,435.797740
2018-03-26,,,,458.037251,798.707895,435.716925
2018-03-27,,,,462.978909,807.324970,440.417774
2018-03-28,,,,448.656191,782.349561,426.793008
2018-03-29,,,,453.821830,791.357205,431.706923
2018-03-30,,,,455.790656,794.790369,433.579808
2018-04-02,,,,455.327903,793.983437,433.139604
2018-04-03,,,,454.572378,792.665982,432.420897
2018-04-04,,,,454.113088,791.865088,431.983987
2018-04-09,,,,449.941704,784.591189,428.015877
2018-04-10,,,,457.624803,797.988684,435.324575
2018-04-11,,,,461.315875,804.425035,438.835781
2018-04-12,,,,458.187599,798.970065,435.859946
2018-04-13,,,,455.431581,794.164227,433.238230
2018-04-16,,,,451.149763,786.697756,429.165067
2018-04-17,,,,435.660066,759.687412,414.430188
2018-04-18,,,,435.766634,759.873242,414.531563
2018-04-19,,,,446.256455,778.164991,424.510211
2018-04-20,,,,442.404951,771.448885,420.846392
2018-04-23,,,,441.231973,769.403492,419.730574
2018-04-24,,,,453.320589,790.483160,431.230107
2018-04-25,,,,451.986153,788.156221,429.960699
2018-04-26,,,,439.749711,766.818780,418.320544
2018-04-27,,,,433.752992,756.361929,412.481942
2018-05-02,,,,436.284951,760.777063,414.889735
2018-05-03,,,,437.078773,762.161299,415.644628
2018-05-04,,,,435.899043,760.104132,414.522752
2018-05-07,,,,443.544124,773.435332,421.792922
2018-05-08,,,,450.389487,785.372015,428.302591
2018-05-09,,,,449.097954,783.119890,427.074395
2018-05-10,,,,454.747514,792.971376,432.446902
2018-05-11,,,,453.258520,790.374925,431.030928
2018-05-14,,,,460.780895,803.492157,438.184410
2018-05-15,,,,466.076114,812.725757,443.219953
2018-05-16,,,,464.291830,809.614391,441.523170
2018-05-17,,,,458.894344,800.202461,436.390374
2018-05-18,,,,462.035696,805.680230,439.377675
2018-05-21,,,,463.757351,808.682387,441.014901
2018-05-22,,,,466.039177,812.661347,443.184827
2018-05-23,,,,461.785564,805.244060,439.139810
2018-05-24,,,,458.163428,798.927918,435.695302
2018-05-25,,,,457.719587,798.153965,435.273227
2018-05-28,,,,464.205160,809.463260,441.440750
2018-05-29,,,,454.083922,791.814230,431.815853
2018-05-30,,,,446.615015,778.790235,424.713217
2018-05-31,,,,460.981358,803.841717,438.375042
2018-06-01,,,,451.671107,787.606855,429.521361
2018-06-04,,,,454.738356,792.955407,432.438194
2018-06-05,,,,464.926037,810.720297,442.126275
2018-06-06,,,,465.910939,812.437732,443.062878
2018-06-07,,,,464.863570,810.611370,442.066872
2018-06-08,,,,462.019696,805.652331,439.362460
2018-06-11,,,,458.677926,799.825080,436.184569
2018-06-12,,,,464.635994,810.214530,441.850456
2018-06-13,,,,459.117211,800.591087,436.602311
2018-06-14,,,,455.077314,793.546469,432.760529
2018-06-15,,,,453.669844,791.092177,431.422081
2018-06-19,,,,438.857235,765.262515,417.335876
2018-06-20,,,,448.713143,782.448871,426.708455
2018-06-21,,,,445.977664,777.678847,424.107122
2018-06-22,,,,449.800003,784.344096,427.742015
2018-06-25,,,,446.956858,779.386328,425.038297
2018-06-26,,,,444.034626,774.290651,422.259370
2018-06-27,,,,430.312241,750.362079,409.209924
2018-06-28,,,,424.801701,740.753011,403.969619
2018-06-29,,,,441.362080,769.630367,419.717884
2018-07-02,,,,431.629486,752.659041,410.462572
2018-07-03,,,,427.110653,744.779273,406.165341
2018-07-04,,,,417.318918,727.704817,396.853787
2018-07-05,,,,414.758438,723.239951,394.418873
2018-07-06,,,,418.235134,729.302480,397.725073
2018-07-09,,,,432.193249,753.642109,410.998688
2018-07-10,,,,435.543886,759.484823,414.185012
2018-07-11,,,,431.765172,752.895645,410.591604
2018-07-12,,,,443.045930,772.566601,421.319159
2018-07-13,,,,451.582198,787.451819,429.436812
2018-07-16,,,,453.529875,790.848104,431.288976
2018-07-17,,,,451.124879,786.654365,429.001920
2018-07-18,,,,448.928492,782.824388,426.913243
2018-07-19,,,,447.825966,780.901845,425.864784
2018-07-20,,,,452.931638,789.804922,430.720076
2018-07-23,,,,451.522442,787.347619,429.379986
2018-07-24,,,,454.632834,792.771402,432.337847
2018-07-25,,,,456.650510,796.289748,434.256576
2018-07-26,,,,450.656128,785.836974,428.556156
2018-07-27,,,,447.714839,780.708066,425.759106
2018-07-30,,,,441.362580,769.631240,419.718360
2018-07-31,,,,440.650933,768.390296,418.905691
2018-08-01,,,,432.639090,754.419550,411.289217
2018-08-02,,,,427.468531,745.403326,406.373815
2018-08-03,,,,411.683755,717.878437,391.367986
2018-08-06,,,,392.477541,684.387372,373.109560
2018-08-07,,,,406.023431,708.008178,385.986987
2018-08-08,,,,397.806867,693.680447,378.175894
2018-08-09,,,,413.304824,720.705194,392.909058
2018-08-10,,,,420.402018,733.081011,399.656021
2018-08-13,,,,423.519695,738.517497,402.619846
2018-08-14,,,,421.335221,734.708294,400.543171
2018-08-15,,,,407.409087,710.424433,387.304265
2018-08-16,,,,403.389322,703.414920,383.482867
2018-08-17,,,,389.914485,679.918014,370.672986
2018-08-20,,,,389.535893,679.257839,370.313077
2018-08-21,,,,407.950257,711.368105,387.818729
2018-08-22,,,,404.891055,706.033584,384.910492
2018-08-23,,,,408.072663,711.581551,387.935094
2018-08-24,,,,407.105719,709.895431,387.015867
2018-08-27,,,,423.270602,738.083137,402.383045
2018-08-28,,,,422.361035,736.497069,401.518363
2018-08-29,,,,422.051528,735.957362,401.224130
2018-08-30,,,,418.015058,728.918720,397.386852
2018-08-31,,,,410.374484,715.595378,390.123324
2018-09-03,,,,409.449102,713.981734,389.243609
2018-09-04,,,,415.456323,724.456896,394.954385
2018-09-05,,,,410.133780,715.175648,389.894499
2018-09-06,,,,404.701386,705.702847,384.730183
2018-09-07,,,,408.649668,712.587710,388.483625
2018-09-10,,,,401.079217,699.386647,381.286761
2018-09-11,,,,402.170005,701.288721,382.323720
2018-09-12,,,,393.656319,686.442881,374.230168
2018-09-13,,,,389.955611,679.989726,370.712082
2018-09-14,,,,387.594589,675.872667,368.467572
2018-09-17,,,,382.787440,667.490144,363.897646
2018-09-18,,,,392.238997,683.971409,372.882788
2018-09-19,,,,400.681467,698.693066,380.908639
2018-09-20,,,,399.982950,697.475018,380.244592
2018-09-21,,,,412.603424,719.482120,392.242271
2018-09-25,,,,410.466263,715.755419,390.210575
2018-09-26,,,,419.861211,732.137971,399.141900
2018-09-27,,,,419.713944,731.881173,399.001901
2018-09-28,,,,422.369501,736.511833,401.526412
2018-10-08,,,,398.582585,695.033116,378.913333
2018-10-09,,,,395.265502,689.248913,375.759941
2018-10-10,,,,388.409304,677.293336,369.242083
2018-10-11,,,,369.158098,643.723816,350.940885
2018-10-12,,,,377.265331,657.860900,358.648042
2018-10-15,,,,372.681586,649.867940,354.290496
2018-10-16,,,,365.358369,637.097994,347.328665
2018-10-17,,,,363.427724,633.731409,345.493293
2018-10-18,,,,348.033097,606.886845,330.858360
2018-10-19,,,,359.117419,626.215263,341.395693
2018-10-22,,,,380.002926,662.634615,361.250543
2018-10-23,,,,365.478042,637.306675,347.442432
2018-10-24,,,,357.253900,622.965730,339.624136
2018-10-25,,,,351.388559,612.737972,334.048237
2018-10-26,,,,343.630783,599.210259,326.673292
2018-10-29,,,,328.166705,572.244588,311.972335
2018-10-30,,,,333.897743,582.238154,317.420558
2018-10-31,,,,345.169960,601.894216,328.073356
2018-11-01,,,,349.993686,610.305646,332.658159
2018-11-02,,,,366.500214,639.089100,348.347103
2018-11-05,,,,361.462418,630.304382,343.558833
2018-11-06,,,,362.454415,632.034190,344.501696
2018-11-07,,,,360.947070,629.405738,343.069011
2018-11-08,,,,359.628355,627.106214,341.815613
2018-11-09,,,,357.278505,623.008635,339.582154
2018-11-12,,,,362.184452,631.563439,344.245105
2018-11-13,,,,364.698124,635.946683,346.634271
2018-11-14,,,,362.344966,631.843337,344.397668
2018-11-15,,,,366.980574,639.926733,348.803670
2018-11-16,,,,364.867579,636.242172,346.795333
2018-11-19,,,,367.576328,640.965587,349.369915
2018-11-20,,,,360.160064,628.033387,342.320986
2018-11-21,,,,363.180668,633.300602,345.191977
2018-11-22,,,,361.801753,630.896103,343.881361
2018-11-23,,,,354.116475,617.494807,336.576742
2018-11-26,,,,351.771135,613.405092,334.347568
2018-11-27,,,,352.734475,615.084928,335.263193
2018-11-28,,,,357.503497,623.400967,339.796001
2018-11-29,,,,351.970434,613.752623,334.536996
2018-11-30,,,,356.209547,621.144627,338.566142
2018-12-03,,,,367.800762,641.356946,349.583233
2018-12-04,,,,367.566638,640.948689,349.360705
2018-12-05,,,,367.811605,641.375853,349.593538
2018-12-06,,,,356.848541,622.258881,339.173486
2018-12-07,,,,353.354016,616.165262,335.852049
2018-12-10,,,,347.558578,606.059397,330.343664
2018-12-11,,,,353.012259,615.569318,335.527219
2018-12-12,,,,353.417917,616.276689,335.912784
2018-12-13,,,,359.824256,627.447819,342.001811
2018-12-14,,,,351.522071,612.970785,334.110841
2018-12-17,,,,347.658739,606.234054,330.438864
2018-12-18,,,,343.799016,599.503616,326.770317
2018-12-19,,,,336.035318,585.965576,319.391162
2018-12-20,,,,335.596933,585.201136,318.974490
2018-12-21,,,,330.687703,576.640608,314.308420
2018-12-24,,,,335.860649,585.660994,319.225144
2018-12-25,,,,334.246835,582.846888,317.691265
2018-12-26,,,,331.540755,578.128128,315.119219
2018-12-27,,,,329.173586,574.000349,312.869299
2018-12-28,,,,331.260189,577.638888,314.852550
2019-01-02,99.850000,99.850000,99.869000,325.567446,567.712099,309.441774
2019-01-03,98.480956,98.480956,98.499695,322.299626,562.013800,306.335812
2019-01-04,101.258818,101.258818,101.278086,331.525838,578.102116,315.105041
2019-01-07,101.930609,101.930609,101.950005,334.428444,583.163569,317.863878
2019-01-08,102.015223,102.015223,102.034635,334.027965,582.465230,317.483235
2019-01-09,102.818457,102.818457,102.838022,337.268351,588.115691,320.563122
2019-01-10,102.150881,102.150881,102.170319,334.841320,583.883527,318.256304
2019-01-11,102.500011,102.500011,102.519515,336.418141,586.633128,319.755024
2019-01-14,101.019311,101.019311,101.038534,331.895811,578.747261,315.456689
2019-01-15,103.544622,103.544622,103.564325,339.848688,592.615184,323.015652
2019-01-16,104.283773,104.283773,104.303617,342.801232,597.763719,325.821954
2019-01-17,103.784725,103.784725,103.804474,340.926278,594.494244,324.039868
2019-01-18,105.752876,105.752876,105.772999,347.247374,605.516731,330.047874
2019-01-21,106.588842,106.588842,106.609125,350.140384,610.561451,332.797590
2019-01-22,104.688304,104.688304,104.708225,343.877790,599.640980,326.845189
2019-01-23,104.383318,104.383318,104.403180,343.411351,598.827621,326.401853
2019-01-24,104.669468,104.669468,104.689385,343.756850,599.430089,326.730239
2019-01-25,104.982837,104.982837,105.002814,345.651750,602.734342,328.531283
2019-01-28,104.989885,104.989885,105.009863,345.591449,602.629192,328.473969
2019-01-29,105.736470,105.736470,105.756590,348.602981,607.880586,331.336336
2019-01-30,104.569597,104.569597,104.589495,346.166986,603.632792,329.020999
2019-01-31,104.287031,104.287031,104.288999,345.831873,603.048435,328.599709
2019-02-01,106.086004,106.086004,106.088007,351.797548,613.451151,334.268125
2019-02-11,108.844556,108.844556,108.846610,360.945330,629.402704,342.960090
2019-02-12,110.294896,110.294896,110.296977,365.754879,637.789414,347.529989
2019-02-13,111.941653,111.941653,111.943766,371.215782,647.311928,352.718785
2019-02-14,112.056719,112.056719,112.058834,371.597357,647.977303,353.081347
2019-02-15,110.632923,110.632923,110.635011,366.875831,639.744086,348.595086
2019-02-18,114.156178,114.156178,114.158333,378.559487,660.117600,359.696566
2019-02-19,113.462066,113.462066,113.464208,376.257706,656.103842,357.509479
2019-02-20,113.241859,113.241859,113.243996,375.527463,654.830473,356.815623
2019-02-21,113.089011,113.089011,113.091146,375.020598,653.946621,356.334014
2019-02-22,114.913421,114.913421,114.915590,381.070622,664.496422,362.082576
2019-02-25,120.109995,120.109995,120.112262,398.303262,694.546041,378.456545
2019-02-26,119.754246,119.754246,119.756507,397.123545,692.488897,377.335612
2019-02-27,118.138888,118.138888,118.141118,391.766769,683.147955,372.245754
2019-02-28,119.183994,119.183994,119.186244,395.232502,689.191367,375.538795
2019-03-01,121.387257,121.387257,121.389548,402.538860,701.931916,382.481091
2019-03-04,122.523360,122.523360,122.525673,406.306353,708.501527,386.060857
2019-03-05,123.061082,123.061082,123.063404,408.089521,711.610947,387.755173
2019-03-06,123.096757,123.096757,123.099081,408.207827,711.817246,387.867585
2019-03-07,122.744537,122.744537,122.746854,407.039811,709.780503,386.757768
2019-03-08,119.150900,119.150900,119.153149,395.122755,688.999995,375.434517
2019-03-11,122.373345,122.373345,122.375654,405.808879,707.634050,385.588171
2019-03-12,123.964265,123.964265,123.966605,411.084616,716.833681,390.601029
2019-03-13,121.992895,121.992895,121.995197,404.547248,705.434067,384.389405
2019-03-14,120.365360,120.365360,120.367632,399.150092,696.022712,379.261180
2019-03-15,121.882566,121.882566,121.884867,404.181382,704.796084,384.041770
2019-03-18,125.917957,125.917957,125.920333,417.563359,728.131065,396.756948
2019-03-19,125.269810,125.269810,125.272175,415.414005,724.383103,394.714692
2019-03-20,124.488007,124.488007,124.490356,412.821424,719.862260,392.251294
2019-03-21,124.493615,124.493615,124.495964,412.840021,719.894688,392.268965
2019-03-22,124.597209,124.597209,124.599561,413.183555,720.493730,392.595381
2019-03-25,122.144789,122.144789,122.147095,405.050955,706.312411,384.868013
2019-03-26,121.514991,121.514991,121.517285,402.962446,702.670550,382.883571
2019-03-27,123.355161,123.355161,123.357490,409.064734,713.311487,388.681793
2019-03-28,123.252916,123.252916,123.255242,408.725673,712.720246,388.359627
2019-03-29,127.962092,127.962092,127.964507,424.342027,739.951448,403.197847
2019-04-01,130.480860,130.480860,130.483322,432.694649,754.516431,411.134273
2019-04-02,129.466266,129.466266,129.468710,429.330100,748.649460,407.937374
2019-04-03,130.298043,130.298043,130.300503,432.088401,753.459280,410.558234
2019-04-04,130.336232,130.336232,130.338692,432.215042,753.680111,410.678564
2019-04-08,129.553418,129.553418,129.555864,429.619111,749.153425,408.211983
2019-04-09,129.877458,129.877458,129.879909,430.693675,751.027209,409.233004
2019-04-10,130.634655,130.634655,130.637121,433.204658,755.405766,411.618870
2019-04-11,127.530958,127.530958,127.533366,422.912321,737.458382,401.839381
2019-04-12,127.961640,127.961640,127.964056,424.340529,739.948836,403.196424
2019-04-15,126.541945,126.541945,126.544333,419.632599,731.739327,398.723081
2019-04-16,129.250070,129.250070,129.252510,428.613161,747.399289,407.256158
2019-04-17,129.455164,129.455164,129.457607,429.293284,748.585260,407.902392
2019-04-18,129.364172,129.364172,129.366613,428.991539,748.059089,407.615682
2019-04-19,130.337194,130.337194,130.339654,432.218231,753.685672,410.681594
2019-04-22,129.062606,129.062606,129.065042,427.991502,746.315264,406.665476
2019-04-23,129.089069,129.089069,129.091506,428.079258,746.468288,406.748858
2019-04-24,129.763422,129.763422,129.765871,430.315515,750.367789,408.873687
2019-04-25,128.212947,128.212947,128.215367,425.173900,741.402036,403.988269
2019-04-26,125.900525,125.900525,125.902902,417.505553,728.030266,396.702022
2019-04-29,127.004538,127.004538,127.006935,421.166629,734.414310,400.180673
2019-04-30,127.110727,127.110727,127.071959,421.518768,735.028356,400.385556
2019-05-06,120.601378,120.399856,120.564596,399.932765,696.222190,379.881786
2019-05-07,122.714774,122.574211,122.677348,406.941112,708.795577,386.538764
2019-05-08,119.948737,119.855708,119.912155,397.768508,693.075609,377.826036
2019-05-09,118.127591,118.216200,118.091564,391.729307,683.595014,372.089616
2019-05-10,123.888593,123.869738,123.850809,410.833677,716.287069,390.236171
2019-05-13,122.919864,122.750476,122.882375,407.621221,709.814845,387.184775
2019-05-14,122.059960,122.056211,122.022733,404.769648,705.800199,384.476168
2019-05-15,125.953989,125.583730,125.915575,417.682849,726.198373,396.741954
2019-05-16,126.570826,126.208319,126.532223,419.728373,729.810109,398.684924
2019-05-17,123.244884,123.000377,123.207295,408.699036,711.259915,388.208553
2019-05-20,120.621454,120.329792,120.584666,399.999341,695.817038,379.945024
2019-05-21,123.021160,122.816708,122.983640,407.957135,710.197834,387.503847
2019-05-22,122.732426,122.699978,122.694994,406.999649,709.522836,386.594366
2019-05-23,120.939805,120.895770,120.902920,401.055039,699.089854,380.947795
2019-05-24,120.804808,120.728493,120.767964,400.607370,698.122558,380.522569
2019-05-27,123.209068,123.251624,123.171491,408.580266,712.712773,388.095738
2019-05-28,125.204017,125.272670,125.165831,415.195824,724.399639,394.379619
2019-05-29,123.818704,123.890749,123.780941,410.601914,716.408568,390.016028
2019-05-30,123.988325,124.089497,123.950510,411.164404,717.557844,390.550317
2019-05-31,124.221127,124.386417,124.183241,411.936410,719.274810,391.283618
2019-06-03,124.030177,124.086951,123.992349,411.303191,717.543120,390.682146
2019-06-04,122.765109,122.845559,122.727667,407.108030,710.364671,386.697314
2019-06-05,121.454723,121.617167,121.417681,402.762589,703.261390,382.569735
2019-06-06,119.951314,120.140153,119.914730,397.777052,694.720437,377.834152
2019-06-10,121.679963,121.800269,121.642852,403.509519,704.320192,383.279217
2019-06-11,126.669716,126.766621,126.631083,420.056308,733.038539,398.996418
2019-06-12,125.039313,125.298786,125.001178,414.649642,724.550661,393.860820
2019-06-13,125.306314,125.553874,125.268097,415.535057,726.025727,394.701844
2019-06-14,124.067046,124.480341,124.029207,411.425453,719.817935,390.798279
2019-06-17,123.956179,124.403219,123.918374,411.057803,719.371968,390.449061
2019-06-18,124.730680,125.282578,124.692638,413.626165,724.456937,392.888656
2019-06-19,126.344704,126.759098,126.306171,418.978519,732.995034,397.972665
2019-06-20,129.615520,129.943867,129.575989,429.825050,751.411229,408.275396
2019-06-21,129.475128,129.770019,129.435639,429.359487,750.405933,407.833174
2019-06-24,130.306328,130.513573,130.266586,432.115874,754.705598,410.451367
2019-06-25,129.252814,129.473594,129.213394,428.622260,748.691831,407.132909
2019-06-26,128.902064,129.102399,128.862751,427.459120,746.545365,406.028084
2019-06-27,130.621967,130.733759,130.582129,433.162583,755.978846,411.445599
2019-06-28,131.006746,131.134941,130.966790,434.438568,758.298712,412.657611
2019-07-01,135.479764,135.421395,135.438445,449.271788,783.085487,426.747154
2019-07-02,135.782604,136.005920,135.741192,450.276051,786.465554,427.701068
2019-07-03,133.126906,133.166260,133.086304,441.469346,770.044985,419.335895
2019-07-04,130.704427,130.812327,130.664564,433.436034,756.433169,411.705340
2019-07-05,133.444043,133.402899,133.403345,442.521023,771.413365,420.334845
2019-07-08,130.475419,130.458698,130.435626,432.676606,754.388277,410.983987
2019-07-09,130.658654,130.634947,130.618805,433.284243,755.407456,411.561159
2019-07-10,130.841132,130.806248,130.801227,433.889368,756.398018,412.135946
2019-07-11,130.363787,130.349276,130.324028,432.306418,753.755538,410.632358
2019-07-12,131.807747,131.591118,131.767547,437.094811,760.936595,415.180681
2019-07-15,132.461084,132.233956,132.420685,439.261376,764.653859,417.238624
2019-07-16,131.018958,130.891966,130.978999,434.479065,756.893687,412.696078
2019-07-17,131.406158,131.334918,131.366081,435.763080,759.455097,413.915717
2019-07-18,130.279131,130.367747,130.239398,432.025687,753.862350,410.365701
2019-07-19,130.842752,130.956509,130.802847,433.894739,757.266913,412.141048
2019-07-22,130.377066,130.589625,130.337303,432.350454,755.145373,410.674186
2019-07-23,130.242885,130.380014,130.203163,431.905489,753.933282,410.251530
2019-07-24,130.931775,131.108342,130.891842,434.189953,758.144900,412.421460
2019-07-25,131.997430,132.111004,131.957172,437.723829,763.942879,415.778162
2019-07-26,133.003873,133.088423,132.963308,441.061349,769.594883,418.948353
2019-07-29,133.868766,134.085832,133.827937,443.929467,775.362483,421.672675
2019-07-30,134.196116,134.486147,134.155188,445.015012,777.677339,422.703796
2019-07-31,132.917972,133.378408,132.819315,440.776490,771.271745,418.494651
2019-08-01,130.880629,131.334008,130.783485,434.020347,759.449830,412.080041
2019-08-02,128.660273,129.105960,128.564777,426.657304,746.565961,405.089210
2019-08-05,127.279129,127.720032,127.184658,422.077217,738.551713,400.740652
2019-08-06,126.331716,126.769336,126.237947,418.935448,733.054238,397.757704
2019-08-07,126.005730,126.442221,125.912204,417.854429,731.162669,396.731332
2019-08-08,127.260793,127.701631,127.166335,422.016410,738.445313,400.682919
2019-08-09,125.089392,125.522708,124.996545,414.815709,725.845509,393.846223
2019-08-12,127.806900,128.249630,127.712036,423.827385,741.614161,402.402346
2019-08-13,126.984859,127.424742,126.890606,421.101371,736.844176,399.814136
2019-08-14,126.586946,127.025451,126.492988,419.781832,734.535242,398.561301
2019-08-15,127.170921,127.611449,127.076530,421.718383,737.923824,400.399957
2019-08-16,127.824008,128.266798,127.729132,423.884120,741.713436,402.456214
2019-08-19,130.901325,131.354775,130.804165,434.088976,759.569918,412.145201
2019-08-20,131.465850,131.921255,131.368271,435.961028,762.845638,413.922618
2019-08-21,132.245664,132.703771,132.147506,438.547013,767.370601,416.377878
2019-08-22,131.875567,132.332392,131.777684,437.319714,765.223070,415.212620
2019-08-23,132.928567,133.389039,132.829902,440.811623,771.333221,418.528009
2019-08-26,131.575284,132.031068,131.477623,436.323928,763.480642,414.267173
2019-08-27,134.922380,135.389759,134.822235,447.423414,782.902548,424.805565
2019-08-28,135.328684,135.797471,135.228238,448.770783,785.260179,426.084823
2019-08-29,135.546406,136.015947,135.445798,449.492782,786.523533,426.770323
2019-08-30,134.724865,135.191559,134.624866,446.768423,781.756444,424.183685
2019-09-02,137.836421,138.313894,137.734113,457.086823,799.811605,433.980476
2019-09-03,138.021420,138.499534,137.918975,457.700309,800.885083,434.562949
2019-09-04,138.846441,139.327413,138.743384,460.436206,805.672363,437.160543
2019-09-05,142.158008,142.650452,142.052493,471.417873,824.888110,447.587072
2019-09-06,142.182759,142.675289,142.077226,471.499952,825.031732,447.665002
2019-09-09,144.083449,144.582563,143.976505,477.802934,836.060704,453.649359
2019-09-10,143.322981,143.819460,143.216601,475.281104,831.648000,451.255011
2019-09-11,141.047260,141.535856,140.942569,467.734461,818.442866,444.089861
2019-09-12,142.309783,142.802753,142.204155,471.921183,825.768803,448.064939
2019-09-16,141.549707,142.040044,141.444643,469.400654,821.358375,445.671826
2019-09-17,139.288287,139.770790,139.184901,461.901435,808.236224,438.551703
2019-09-18,138.838670,139.319615,138.735618,460.410436,805.627270,437.136076
2019-09-19,140.068264,140.553469,139.964300,464.487960,812.762131,441.007475
2019-09-20,141.373994,141.863722,141.269060,468.817961,820.338778,445.118589
2019-09-23,139.799646,140.283920,139.695881,463.597180,811.203442,440.161725
2019-09-24,139.777462,140.261659,139.673714,463.523615,811.074719,440.091880
2019-09-25,137.836780,138.314255,137.734473,457.088016,799.813693,433.981609
2019-09-26,134.508286,134.974231,134.408449,446.050217,780.499725,423.501785
2019-09-27,135.927939,136.398801,135.827048,450.758003,788.737421,427.971586
2019-09-30,133.875453,134.339206,133.776086,443.951645,776.827639,421.509299
2019-10-08,135.310992,135.779718,135.210559,448.712114,785.157518,426.029119
2019-10-09,137.161156,137.636290,137.059349,454.847541,795.893304,431.854393
2019-10-10,138.716112,139.196633,138.613152,460.004017,804.916116,436.750201
2019-10-11,140.475679,140.962295,140.371412,465.839011,815.126204,442.290229
2019-10-14,140.986505,141.474891,140.881859,467.532989,818.090331,443.898574
2019-10-15,139.363464,139.846227,139.260023,462.150735,808.672450,438.788400
2019-10-16,137.328626,137.804340,137.226695,455.402898,796.865068,432.381675
2019-10-17,137.631647,138.108411,137.529491,456.407762,798.623382,433.335742
2019-10-18,135.413857,135.882939,135.313348,449.053229,785.754403,426.352991
2019-10-21,136.054585,136.525886,135.953600,451.177981,789.472298,428.370333
2019-10-22,136.844006,137.318042,136.742435,453.795824,794.053007,430.855842
2019-10-23,136.481965,136.954747,136.380663,452.595241,791.952223,429.715949
2019-10-24,136.031799,136.503021,135.930830,451.102418,789.340079,428.298591
2019-10-25,139.169307,139.651397,139.066010,461.506879,807.545828,438.177092
2019-10-28,141.007326,141.495784,140.902665,467.602034,818.211145,443.964129
2019-10-29,139.590621,140.074172,139.487012,462.904024,809.990556,439.503609
2019-10-30,138.383200,138.862568,138.280487,458.900029,802.984356,435.702021
2019-10-31,136.236380,136.708310,136.095859,451.780840,790.527183,428.818572
2019-11-01,137.863799,138.341367,137.721600,457.177613,799.970469,433.941048
2019-11-04,139.309481,139.792057,139.165791,461.971719,808.359207,438.491488
2019-11-05,140.783758,141.271441,140.638547,466.860647,816.913865,443.131931
2019-11-06,139.237322,139.719648,139.093706,461.732428,807.940495,438.264360
2019-11-07,139.347295,139.830002,139.203566,462.097116,808.578626,438.610511
2019-11-08,138.906055,139.387234,138.762781,460.633897,806.018283,437.221663
2019-11-11,136.990385,137.464928,136.849087,454.281239,794.902386,431.191885
2019-11-12,137.145802,137.620883,137.004344,454.796626,795.804212,431.681078
2019-11-13,138.835831,139.316767,138.692630,460.401023,805.610800,437.000625
2019-11-14,139.807072,140.291372,139.662869,463.621807,811.246535,440.057709
2019-11-15,137.955365,138.433250,137.813071,457.481260,800.501791,434.229262
2019-11-18,138.619108,139.099292,138.476129,459.682333,804.353235,436.318463
2019-11-19,141.087453,141.576188,140.941928,467.867746,818.676090,444.087843
2019-11-20,140.164828,140.650367,140.020255,464.808180,813.322453,441.183783
2019-11-21,139.870505,140.355024,139.726236,463.832160,811.614610,440.257370
2019-11-22,136.966165,137.440623,136.824891,454.200920,794.761844,431.115649
2019-11-25,135.138969,135.607098,134.999580,448.141656,784.159331,425.364354
2019-11-26,136.592747,137.065913,136.451859,452.962611,792.595049,429.940279
2019-11-27,136.476352,136.949114,136.335584,452.576626,791.919650,429.573911
2019-11-28,136.775257,137.249054,136.634180,453.567839,793.654078,430.514745
2019-11-29,134.853766,135.320907,134.714671,447.195879,782.504407,424.466647
2019-12-02,135.493851,135.963210,135.354096,449.318501,786.218577,426.481385
2019-12-03,136.095744,136.567187,135.955368,451.314469,789.711126,428.375905
2019-12-04,136.969499,137.443970,136.828222,454.211978,794.781193,431.126145
2019-12-05,138.932812,139.414083,138.789510,460.722625,806.173539,437.305881
2019-12-06,140.131213,140.616636,139.986676,464.696710,813.127402,441.077978
2019-12-09,138.839210,139.320157,138.696005,460.412227,805.630405,437.011260
2019-12-10,139.036949,139.518581,138.893540,461.067960,806.777807,437.633664
2019-12-11,138.174605,138.653250,138.032086,458.208296,801.773960,434.919345
2019-12-12,137.166479,137.641632,137.024999,454.865194,795.924193,431.746160
2019-12-13,140.148054,140.633535,140.003499,464.752555,813.225120,441.130985
2019-12-16,142.421336,142.914692,142.274436,472.291109,826.416100,448.286384
2019-12-17,144.059191,144.558220,143.910602,477.722489,835.919942,453.441708
2019-12-18,142.855975,143.350837,142.708627,473.732440,828.938145,449.654458
2019-12-19,141.013494,141.501973,140.868046,467.622489,818.246938,443.855052
2019-12-20,140.026916,140.511977,139.882486,464.350844,812.522205,440.749691
2019-12-23,136.806226,137.280131,136.665118,453.670538,793.833781,430.612225
2019-12-24,137.953369,138.431247,137.811077,457.474641,800.490210,434.222980
2019-12-25,138.069943,138.548225,137.927531,457.861219,801.166644,434.589909
2019-12-26,139.424626,139.907601,139.280817,462.353556,809.027347,438.853918
2019-12-27,139.278016,139.760483,139.134358,461.867375,808.176626,438.392448
2019-12-30,141.933864,142.425531,141.787466,470.674576,823.587486,446.752012
2019-12-31,142.960860,143.456085,142.813404,474.080255,829.546751,449.984594
2020-01-02,146.318882,146.825739,146.167961,485.215971,849.032055,460.554325
2020-01-03,146.767306,147.275717,146.615923,486.703016,851.634089,461.965790
2020-01-06,147.700314,148.211957,147.547970,489.797016,857.047977,464.902533
2020-01-07,149.088417,149.604868,148.934640,494.400176,865.102599,469.271733
2020-01-08,147.445783,147.956544,147.293701,488.952951,855.571030,464.101369
2020-01-09,149.771475,150.290292,149.616994,496.665305,869.066125,471.421733
2020-01-10,151.290219,151.814298,151.134172,501.701694,877.878812,476.202143
2020-01-13,153.676725,154.209070,153.518216,509.615715,891.726784,483.713925
2020-01-14,152.526664,153.055025,152.369341,505.801935,885.053422,480.093984
2020-01-15,153.197585,153.728270,153.039570,508.026812,888.946517,482.205779
2020-01-16,153.543580,154.075464,153.385208,509.174184,890.954192,483.294835
2020-01-17,153.786340,154.319065,153.627718,509.979215,892.362838,484.058950
2020-01-20,156.039048,156.579576,155.878102,517.449540,905.434430,491.149587
2020-01-21,154.306530,154.841057,154.147371,511.704246,895.381300,485.696304
2020-01-22,158.041802,158.589268,157.878791,524.090983,917.055643,497.453472
2020-01-23,152.928381,153.457159,152.715226,507.134092,887.378793,481.183817
2020-02-03,139.060084,140.087666,138.866258,461.144680,810.068590,437.547704
2020-02-04,146.466913,147.249713,146.262764,485.706868,851.483720,460.853034
2020-02-05,147.228466,148.410892,147.023254,488.232292,858.198336,463.249231
2020-02-06,151.420465,152.924127,151.209411,502.133608,884.296492,476.439210
2020-02-07,151.766047,153.376091,151.554511,503.279612,886.910015,477.526573
2020-02-10,151.544091,153.908914,151.332864,502.543571,889.991107,476.828195
2020-02-11,154.548089,156.880229,154.332676,512.505292,907.172979,486.280171
2020-02-12,155.556277,158.038256,155.339459,515.848600,913.869372,489.452400
2020-02-13,156.615107,158.994136,156.396813,519.359843,919.396825,492.783972
2020-02-14,156.723949,159.271446,156.505503,519.720780,921.000391,493.126439
2020-02-17,159.657912,162.086376,159.435376,529.450252,937.277961,502.358050
2020-02-18,159.519865,161.575345,159.297522,528.992467,934.322881,501.923690
2020-02-19,160.207588,161.712399,159.984287,531.273065,935.115405,504.087588
2020-02-20,165.433210,166.490032,165.202625,548.602033,962.742466,520.529826
2020-02-21,167.253057,168.202217,167.019935,554.636924,972.643319,526.255908
2020-02-24,167.941332,168.651664,167.707251,556.919352,975.242285,528.421544
2020-02-25,168.465025,169.090920,168.230213,558.655997,977.782316,530.069324
2020-02-26,161.881154,163.206612,161.655519,536.822866,943.755816,509.353404
2020-02-27,161.878857,163.713477,161.653225,536.815248,946.686809,509.346176
2020-02-28,156.998936,158.937243,156.780106,520.632677,919.067836,493.991674
2020-03-02,161.106923,163.689077,160.882368,534.255397,946.545709,506.917313
2020-03-03,162.605232,165.098572,162.378588,539.224019,954.696232,511.631689
2020-03-04,161.230873,163.850727,161.006145,534.666434,947.480466,507.307318
2020-03-05,165.534522,168.058535,165.303795,548.937997,971.812465,520.848598
2020-03-06,163.788303,166.271309,163.560011,543.147268,961.477685,515.354183
2020-03-09,155.971415,158.635344,155.754018,517.225261,917.322082,490.758617
2020-03-10,160.653075,162.959650,160.429152,532.750366,942.327737,505.489296
2020-03-11,158.059061,160.158629,157.838754,524.148215,926.130602,497.327321
2020-03-12,153.872355,155.947558,153.657883,510.264454,901.779736,484.153997
2020-03-13,152.700625,154.624077,152.487787,506.378817,894.126597,480.467190
2020-03-16,143.149773,145.179911,142.950247,474.706718,839.514920,450.415766
2020-03-17,142.790576,144.896735,142.591550,473.515565,837.877430,449.285565
2020-03-18,140.621194,142.949080,140.425192,466.321561,826.614951,442.459682
2020-03-19,139.543526,141.867999,139.349026,462.747846,820.363512,439.068835
2020-03-20,142.613623,145.172788,142.414844,472.928762,839.473732,448.728790
2020-03-23,136.429012,139.928743,136.238853,452.419639,809.149604,429.269127
2020-03-24,139.850108,143.393225,139.655181,463.764522,829.183257,440.033487
2020-03-25,145.841365,149.126061,145.638087,483.632454,862.333857,458.884768
2020-03-26,144.837529,148.408016,144.635650,480.303577,858.181708,455.726232
2020-03-27,145.098635,148.706596,144.896393,481.169446,859.908269,456.547794
2020-03-30,143.469915,147.152071,143.269942,475.768358,850.919097,451.423082
2020-03-31,145.601069,149.020134,145.398126,482.835593,861.721329,458.128684
2020-04-01,145.160548,148.370512,144.958219,481.374758,857.964833,456.742600
2020-04-02,149.156164,152.129528,148.948266,494.624838,879.701658,469.314667
2020-04-03,149.349910,152.713090,149.141742,495.267329,883.076155,469.924282
2020-04-07,154.452233,158.090518,154.236953,512.187417,914.171576,485.978562
2020-04-08,153.697120,157.558993,153.482893,509.683348,911.097990,483.602627
2020-04-09,154.681831,158.742512,154.466231,512.948801,917.941788,486.700985
2020-04-10,152.899171,157.258505,152.686056,507.037225,909.360395,481.091907
2020-04-13,152.320842,157.207161,152.108533,505.119396,909.063492,479.272214
2020-04-14,155.955104,160.754263,155.737729,517.171169,929.574903,490.707293
2020-04-15,156.275151,160.426691,156.057330,518.232495,927.680696,491.714311
2020-04-16,156.528406,160.648814,156.310233,519.072330,928.965141,492.511170
2020-04-17,158.917457,162.854469,158.695953,526.994790,941.719519,500.028235
2020-04-20,159.447066,163.468961,159.224825,528.751056,945.272874,501.694632
2020-04-21,156.673775,160.710309,156.455399,519.554394,929.320738,492.968567
2020-04-22,159.464136,163.578320,159.241871,528.807662,945.905251,501.748342
2020-04-23,158.956507,162.401423,158.734949,527.124285,939.099744,500.151103
2020-04-24,157.705111,161.119761,157.485297,522.974463,931.688426,496.213630
2020-04-27,158.647637,162.471898,158.426510,526.100026,939.507274,499.179256
2020-04-28,163.305030,166.668867,163.077411,541.544658,963.776593,513.833580
2020-04-29,161.294330,165.225116,161.069513,534.876867,955.427983,507.506983
2020-04-30,164.731688,168.667419,164.443333,546.275676,975.333391,518.137406
2020-05-06,167.494682,171.720131,167.201491,555.438190,992.985951,526.827965
2020-05-07,168.083608,172.563026,167.789386,557.391161,997.860061,528.680340
2020-05-08,168.892860,173.471200,168.597221,560.074763,1003.111650,531.225712
2020-05-11,166.174122,171.194022,165.883242,551.059010,989.943683,522.674354
2020-05-12,167.496749,172.696300,167.203554,555.445046,998.630730,526.834468
2020-05-13,168.985407,174.887428,168.689606,560.381665,1011.301107,531.516805
2020-05-14,168.056616,173.487515,167.762441,557.301649,1003.205996,528.595439
2020-05-15,169.276780,174.310036,168.980469,561.347902,1007.962293,532.433272
2020-05-18,168.479282,172.507417,168.184368,558.703277,997.538499,529.924870
2020-05-19,170.368253,173.895135,170.070032,564.967395,1005.563093,535.866328
2020-05-20,166.843022,170.752392,166.550972,553.277187,987.389919,524.778274
2020-05-21,165.964887,169.361042,165.674373,550.365153,979.344322,522.016237
2020-05-22,162.206745,165.749872,161.922810,537.902575,958.462430,510.195598
2020-05-25,161.905169,165.968454,161.621762,536.902502,959.726399,509.247038
2020-05-26,165.274634,169.261385,164.985328,548.076168,978.768044,519.845155
2020-05-27,161.748853,165.789865,161.465720,536.384135,958.693692,508.755372
2020-05-28,162.081744,166.557392,161.798028,537.488054,963.131984,509.802428
2020-05-29,165.208173,168.824901,164.918984,547.855773,976.244042,519.636113
2020-06-01,170.172038,174.014288,169.874161,564.316717,1006.252104,535.249165
2020-06-02,168.101917,172.541546,167.807663,557.451876,997.735849,528.737928
2020-06-03,167.276883,171.745529,166.984073,554.715936,993.132816,526.142914
2020-06-04,167.683145,172.159450,167.389624,556.063162,995.526347,527.420745
2020-06-05,170.069530,174.720147,169.771832,563.976783,1010.333795,534.926742
2020-06-08,167.423368,172.901067,167.130301,555.201701,999.814809,526.603658
2020-06-09,170.293686,175.762031,169.995596,564.720121,1016.358573,535.631791
2020-06-10,173.315588,178.506466,173.012207,574.741211,1032.228497,545.136701
2020-06-11,171.825480,176.416073,171.524708,569.799784,1020.140625,540.449804
2020-06-12,173.349083,178.088357,173.045644,574.852288,1029.810746,545.242057
2020-06-15,173.226815,177.980842,172.923590,574.446829,1029.189031,544.857483
2020-06-16,176.440142,180.634071,176.131292,585.102715,1044.531552,554.964492
2020-06-17,179.814863,182.470422,179.500106,596.293810,1055.150402,565.579142
2020-06-18,181.964145,184.646812,181.645625,603.421160,1067.735558,572.339367
2020-06-19,185.246016,188.460172,184.921752,614.304352,1089.786628,582.661973
2020-06-22,187.006946,189.506208,186.679600,620.143866,1095.835419,588.200699
2020-06-23,190.347052,191.874015,190.013859,631.220173,1109.527461,598.706472
2020-06-24,190.277115,192.030075,189.944044,630.988250,1110.429890,598.486496
2020-06-29,189.354836,191.698684,189.023380,627.929832,1108.513597,595.585615
2020-06-30,193.097423,195.138413,192.759416,640.340828,1128.404117,607.357329
2020-07-01,194.013793,196.151815,193.674182,643.379652,1134.264194,610.239626
2020-07-02,191.499943,194.544446,191.164732,635.043338,1124.969454,602.332709
2020-07-03,191.924073,194.757818,191.588119,636.449817,1126.203292,603.666741
2020-07-06,197.099956,199.674555,196.754942,653.613843,1154.634734,619.946660
2020-07-07,203.528763,206.570986,203.172496,674.932758,1194.513918,640.167454
2020-07-08,204.680210,207.264084,204.321927,678.751135,1198.521815,643.789148
2020-07-09,212.235425,213.732684,211.863918,703.805394,1235.927035,667.552881
2020-07-10,212.345069,214.666203,211.973370,704.168990,1241.325184,667.897748
2020-07-13,219.183927,221.581413,218.800256,726.847695,1281.312962,689.408290
2020-07-14,219.749584,222.050484,219.364923,728.723503,1284.025405,691.187476
2020-07-15,215.220994,218.852971,214.844260,713.706000,1265.535521,676.943514
2020-07-16,202.265408,206.154622,201.911352,670.743278,1192.106262,636.193771
2020-07-17,205.458647,209.417607,205.099002,681.332553,1210.974744,646.237599
2020-07-20,207.001364,211.805614,206.639018,686.448440,1224.783593,651.089971
2020-07-21,210.874294,215.144839,210.505169,699.291673,1244.092936,663.271659
2020-07-22,213.804086,217.975003,213.429833,709.007316,1260.458598,672.486855
2020-07-23,214.284335,217.264996,213.909241,710.599894,1256.352922,673.997401
2020-07-24,202.525244,206.370105,202.170733,671.604935,1193.352309,637.011044
2020-07-27,205.058765,209.333910,204.699820,680.006483,1210.490760,644.979835
2020-07-28,206.247309,212.221369,205.886283,683.947877,1227.187730,648.718210
2020-07-29,215.332604,219.816288,214.955675,714.076117,1271.105982,677.294566
2020-07-30,214.295955,218.579610,213.920841,710.638428,1263.954787,674.033950
2020-07-31,217.054688,220.335876,216.598015,719.786812,1274.110544,682.469344
2020-08-03,218.803183,222.545834,218.342832,725.585092,1286.889810,687.967011
2020-08-04,216.396767,219.612056,215.941478,717.605044,1269.924994,680.400689
2020-08-05,217.255404,220.847071,216.798309,720.452419,1277.066569,683.100442
2020-08-06,211.164126,213.447644,210.719847,700.252801,1234.278769,663.948077
2020-08-07,208.023447,209.676535,207.585775,689.837823,1212.472017,654.073065
2020-08-10,207.277461,208.627678,206.841359,687.364021,1206.406911,651.727517
2020-08-11,204.753864,206.568060,204.323072,678.995383,1194.496997,643.792754
2020-08-12,201.097593,202.853879,200.674493,666.870626,1173.019438,632.296606
2020-08-13,198.661674,199.948824,198.243699,658.792742,1156.220717,624.637521
2020-08-14,202.702655,203.509231,202.276178,672.193258,1176.809068,637.343285
2020-08-17,205.234796,205.721784,204.802992,680.590228,1189.603338,645.304913
2020-08-18,205.066091,206.023274,204.634642,680.030777,1191.346730,644.774467
2020-08-19,200.007040,201.515165,199.586235,663.254183,1165.278212,628.867658
2020-08-20,198.958166,200.441734,198.539567,659.775953,1159.071011,625.569758
2020-08-21,203.109491,204.964515,202.682158,673.542389,1185.224369,638.622471
2020-08-24,207.551943,208.786565,207.115263,688.274244,1207.325689,652.590550
2020-08-25,207.772790,208.857172,207.335645,689.006606,1207.733984,653.284942
2020-08-26,203.745901,205.034845,203.317229,675.652821,1185.631058,640.623487
2020-08-27,206.356276,206.966822,205.922112,684.309229,1196.802873,648.831102
2020-08-28,211.444256,212.743494,210.999387,701.181755,1230.206962,664.828869
2020-08-31,207.659340,209.220944,207.222435,688.630390,1209.837524,652.928231
2020-09-01,209.981634,211.435414,209.539843,696.331475,1222.642881,660.230053
2020-09-02,211.689127,212.452779,211.243743,701.993783,1228.525877,665.598798
2020-09-03,211.557018,211.166818,211.111912,701.555692,1221.089700,665.183419
2020-09-04,208.367889,208.439530,207.929493,690.980047,1205.318930,655.156070
2020-09-07,199.567837,199.235139,199.147955,661.797716,1152.093774,627.486702
2020-09-08,198.221507,198.660936,197.804459,657.333081,1148.773395,623.253537
2020-09-09,191.447689,191.401048,191.044892,634.870054,1106.792493,601.955109
2020-09-10,192.326941,191.959018,191.922294,637.785790,1110.018998,604.719679
2020-09-11,199.345256,198.296719,198.925843,661.059606,1146.667281,626.786860
2020-09-14,200.403716,199.544453,199.982076,664.569621,1153.882409,630.114897
2020-09-15,201.358694,200.792228,200.935044,667.736475,1161.097770,633.117565
2020-09-16,199.255848,198.761087,198.836623,660.763113,1149.352529,626.505739
2020-09-17,197.421956,196.965635,197.006589,654.681645,1138.970180,620.739565
2020-09-18,199.048430,200.043022,198.629641,660.075284,1156.765422,625.853570
2020-09-21,196.174480,197.319849,195.761738,650.544822,1141.018449,616.817217
2020-09-22,195.209636,195.938745,194.798925,647.345253,1133.032101,613.783529
2020-09-23,199.883828,200.564249,199.463281,662.845591,1159.779462,628.480250
2020-09-24,195.822077,196.604047,195.410076,649.376200,1136.879266,615.709181
2020-09-25,196.119409,197.139762,195.706783,650.362199,1139.977080,616.644062
2020-09-28,196.735944,197.015633,196.322021,652.406723,1139.259293,618.582587
2020-09-29,198.638137,198.983784,198.220211,658.714688,1150.640293,624.563514
2020-09-30,197.856562,198.739221,197.440281,656.122866,1149.226088,622.106066
2020-10-09,205.622842,207.654464,205.190222,681.877049,1200.779220,646.525019
2020-10-12,210.852494,212.464017,210.408871,699.219382,1228.590862,662.968235
2020-10-13,210.641106,211.812205,210.197927,698.518385,1224.821706,662.303582
2020-10-14,209.339411,208.794690,208.898971,694.201765,1207.372675,658.210758
2020-10-15,210.203139,209.084116,209.760882,697.066020,1209.046305,660.926515
2020-10-16,207.775796,206.544897,207.338646,689.016576,1194.363057,653.294396
2020-10-19,204.907960,202.921655,204.476843,679.506389,1173.411361,644.277266
2020-10-20,207.503329,206.187874,207.066752,688.113034,1192.298544,652.437698
2020-10-21,204.680798,203.577874,204.250159,678.753086,1177.206001,643.563018
2020-10-22,202.932345,201.316043,202.505385,672.954946,1164.126777,638.065484
2020-10-23,195.868922,194.649205,195.456823,649.531544,1125.575232,615.856472
2020-10-26,197.797308,196.278469,197.381151,655.926369,1134.996582,621.919756
2020-10-27,202.044583,201.368787,201.619491,670.010991,1164.431774,635.274158
2020-10-28,206.760611,205.958557,206.325597,685.650066,1190.972500,650.102423
2020-10-29,207.457959,207.633745,207.021477,687.962579,1200.659410,652.295043
2020-10-30,204.759624,204.778770,204.250245,679.014483,1184.150285,643.563286
2020-11-02,209.149791,209.169348,208.629490,693.572954,1209.539165,657.361663
2020-11-03,210.106414,210.126061,209.583734,696.745263,1215.071434,660.368346
2020-11-04,213.171538,213.191472,212.641233,706.909689,1232.797429,670.002089
2020-11-05,218.138060,218.158458,217.595399,723.379441,1261.519440,685.611959
2020-11-06,215.935697,215.955889,215.398515,716.076065,1248.782901,678.689891
2020-11-09,219.862192,219.882751,219.315242,729.096928,1271.490309,691.030938
2020-11-10,217.126534,217.146838,216.586390,720.025066,1255.669662,682.432715
2020-11-11,212.934436,212.954347,212.404720,706.123420,1231.426236,669.256872
2020-11-12,214.286894,214.306932,213.753814,710.608381,1239.247670,673.507673
2020-11-13,213.876865,213.896864,213.344805,709.248662,1236.876422,672.218945
2020-11-16,214.171008,214.191035,213.638217,710.224086,1238.577489,673.143442
2020-11-17,211.502463,211.522240,210.976310,701.374777,1223.144959,664.756155
2020-11-18,207.477466,207.496867,206.961325,688.027266,1199.867901,652.105514
2020-11-19,209.188519,209.208080,208.668122,693.701383,1209.763136,657.483386
2020-11-20,212.848787,212.868690,212.319284,705.839394,1230.930916,668.987675
2020-11-23,216.574873,216.595125,216.036102,718.195673,1252.479338,680.698835
2020-11-24,213.934638,213.954643,213.402434,709.440245,1237.210529,672.400526
2020-11-25,209.401016,209.420597,208.880091,694.406056,1210.992032,658.151268
2020-11-26,207.202920,207.222295,206.687462,687.116829,1198.280168,651.242611
2020-11-27,208.609746,208.629253,208.090789,691.782084,1206.416021,655.664293
2020-11-30,208.608486,208.627992,208.089532,691.777903,1206.408731,655.660331
2020-12-01,213.633058,213.653034,213.101604,708.440159,1235.466455,671.452654
2020-12-02,211.323656,211.343417,210.797948,700.781827,1222.110899,664.194162
2020-12-03,211.366483,211.386248,210.840668,700.923847,1222.358571,664.328767
2020-12-04,214.575661,214.595726,214.041863,711.565977,1240.917647,674.415274
2020-12-07,214.197975,214.218005,213.665117,710.313512,1238.733442,673.228200
2020-12-08,216.360573,216.380804,215.822334,717.485019,1251.240011,680.025284
2020-12-09,215.024440,215.044547,214.489525,713.054197,1243.512990,675.825794
2020-12-10,215.574508,215.594666,215.038225,714.878308,1246.694102,677.554669
2020-12-11,213.249588,213.269529,212.719088,707.168514,1233.248800,670.247401
2020-12-14,216.040418,216.060619,215.502976,716.423336,1249.388515,679.019031
2020-12-15,218.261583,218.281992,217.718615,723.789062,1262.233788,686.000194
2020-12-16,217.846677,217.867048,217.304742,722.413170,1259.834337,684.696138
2020-12-17,219.256328,219.276830,218.710886,727.087790,1267.986523,689.126697
2020-12-18,222.758960,222.779790,222.204804,738.703058,1288.242679,700.135534
2020-12-21,230.650403,230.671971,230.076616,764.872300,1333.879871,724.938485
2020-12-22,228.438459,228.459820,227.870174,757.537152,1321.087925,717.986304
2020-12-23,232.302090,232.323812,231.724193,770.349547,1343.431779,730.129767
2020-12-24,231.767939,231.789611,231.191372,768.578221,1340.342720,728.450921
2020-12-25,236.660927,236.683057,236.072187,784.804124,1368.639477,743.829673
2020-12-28,238.495587,238.517889,237.902284,790.888140,1379.249544,749.596044
2020-12-29,233.931908,233.953783,233.349957,775.754276,1352.857222,735.252316
2020-12-30,239.915150,239.937584,239.318315,795.595630,1387.459053,754.057757
2020-12-31,244.932635,244.955539,244.323318,812.234384,1416.475790,769.827805
2021-01-04,253.664645,253.688365,253.033605,841.191073,1466.974083,797.272672
2021-01-05,263.385429,263.410058,262.730207,873.426693,1523.190584,827.825277
2021-01-06,265.567911,265.592744,264.907259,880.664138,1535.812145,834.684857
2021-01-07,274.641929,274.667610,273.958704,910.754981,1588.288315,863.204663
2021-01-08,273.738210,273.763806,273.057233,907.758109,1583.061997,860.364258
2021-01-11,272.908973,272.934492,272.230059,905.008233,1578.266419,857.757952
2021-01-12,281.819916,281.846269,281.118835,934.558294,1629.799508,885.765211
2021-01-13,280.245133,280.271339,279.547969,929.336072,1620.692343,880.815640
2021-01-14,270.367150,270.392432,269.694560,896.579157,1563.566743,849.768956
2021-01-15,269.451270,269.476466,268.780958,893.541956,1558.270093,846.890327
2021-01-18,271.972237,271.997669,271.295654,901.901872,1572.849158,854.813773
2021-01-19,264.216151,264.240857,263.558862,876.181495,1527.994752,830.436252
2021-01-20,270.352007,270.377287,269.679454,896.528939,1563.479167,849.721360
2021-01-21,279.890772,279.916944,279.194490,928.160954,1618.643027,879.701875
2021-01-22,285.138275,285.164937,284.428938,945.562482,1648.989985,896.194873
2021-01-25,287.066543,287.093386,286.352409,951.956917,1660.141400,902.255456
2021-01-26,281.355233,281.381542,280.655308,933.017333,1627.112187,884.304703
2021-01-27,283.822627,283.849167,283.116564,941.199593,1641.381434,892.059769
2021-01-28,272.565839,272.591327,271.887779,903.870349,1576.282034,856.679477
2021-01-29,272.718210,272.742920,271.945770,904.375635,1577.158635,856.862196
2021-02-01,275.743272,277.768612,274.962263,914.407206,1606.220119,866.366736
2021-02-02,288.719125,289.710454,287.901363,957.437133,1675.274812,907.135988
2021-02-03,286.633528,287.423419,285.821674,950.520974,1662.049843,900.583185
2021-02-04,282.538262,285.024742,281.738007,936.940441,1648.179296,887.716136
2021-02-05,282.960190,285.465750,282.158740,938.339617,1650.729460,889.041803
2021-02-08,291.377031,295.080973,290.551742,966.251162,1706.330288,915.486952
2021-02-09,299.815916,302.535058,298.966724,994.235803,1749.434155,942.001356
2021-02-10,311.066549,312.667512,310.185491,1031.544637,1808.025914,977.350085
2021-02-18,303.549799,305.677026,302.690032,1006.617938,1767.602844,953.732966
2021-02-19,297.312527,301.315726,296.470426,985.934181,1742.383265,934.135878
2021-02-22,279.107569,281.103551,278.317031,925.563732,1625.504678,876.937128
2021-02-23,273.995926,275.431333,273.219867,908.612738,1592.704610,860.876694
2021-02-24,256.923287,258.640246,256.195583,851.997232,1495.608750,807.235613
2021-02-25,256.302207,257.744867,255.576262,849.937636,1490.431146,805.284222
2021-02-26,247.293727,248.835717,246.593298,820.064128,1438.913247,776.980187
2021-03-01,252.789473,254.729962,252.073478,838.288868,1472.997209,794.247449
2021-03-02,248.210931,249.807245,247.507904,823.105717,1444.531185,779.861979
2021-03-03,248.475081,250.909958,247.771306,823.981678,1450.907718,780.691920
2021-03-04,232.917034,236.908219,232.257325,772.388796,1369.941494,731.809587
2021-03-05,234.304794,238.672811,233.641155,776.990824,1380.145396,736.169838
2021-03-08,215.305350,220.592734,214.695524,713.985737,1275.595843,676.474867
2021-03-09,210.292357,215.216776,209.696729,697.361879,1244.508922,660.724380
2021-03-10,218.432960,223.558791,217.814275,724.357373,1292.747315,686.301605
2021-03-11,226.137840,231.281139,225.497333,749.907946,1337.402439,710.509820
2021-03-12,228.160654,233.495678,227.514418,756.615909,1350.208194,716.865365
2021-03-15,216.098779,221.689257,215.486705,716.616869,1281.936580,678.967766
2021-03-16,219.770137,225.463444,219.147665,728.791660,1303.761132,690.502926
2021-03-17,225.242800,231.105124,224.604827,746.939853,1336.384614,707.697663
2021-03-18,229.750430,235.824512,229.099691,761.887851,1363.674867,721.860334
2021-03-19,221.904514,227.782596,221.275997,735.869584,1317.171820,697.208996
2021-03-22,223.367170,228.965232,222.734510,740.719975,1324.010509,701.804561
2021-03-23,218.115364,225.376032,217.497579,723.304177,1303.255661,685.303741
2021-03-24,212.693362,219.770256,212.090935,705.323984,1270.839795,668.268178
2021-03-25,216.573368,223.649347,215.959950,718.190679,1293.270962,680.458892
2021-03-26,225.981502,233.402250,225.341437,749.389504,1349.667936,710.018616
2021-03-29,225.337298,234.174239,224.699058,747.253224,1354.132029,707.994570
2021-03-30,230.059522,238.169476,229.407907,762.912848,1377.234817,722.831480
2021-03-31,228.253526,235.882685,227.607026,756.923885,1364.011259,717.157161
2021-04-01,236.102018,243.691415,235.433289,782.950697,1409.165888,741.816595
2021-04-02,241.711311,249.910830,241.026693,801.551975,1445.130175,759.440612
2021-04-06,240.893975,248.860258,240.211672,798.841562,1439.055153,756.872597
2021-04-07,238.416755,246.838128,237.741468,790.626718,1427.362023,749.089339
2021-04-08,240.263501,248.960668,239.582985,796.750816,1439.635786,754.891693
2021-04-09,232.799875,241.239599,232.140498,772.000278,1394.988059,731.441481
2021-04-12,223.753847,232.389785,223.120092,742.002257,1343.813276,703.019474
2021-04-13,223.287986,231.914300,222.655551,740.457391,1341.063745,701.555771
2021-04-14,228.027582,235.877209,227.381722,756.174620,1363.979591,716.447260
2021-04-15,227.341686,234.711963,226.697769,753.900083,1357.241464,714.292221
2021-04-16,227.074895,235.722528,226.431733,753.015363,1363.085138,713.453982
2021-04-19,236.292263,244.313171,235.622994,783.581577,1412.761245,742.414331
2021-04-20,236.791660,244.671402,236.120977,785.237655,1414.832749,743.983403
2021-04-21,238.950123,246.994717,238.273326,792.395450,1428.267509,750.765146
2021-04-22,238.220398,245.961908,237.545668,789.975569,1422.295205,748.472399
2021-04-23,244.444930,252.575740,243.752570,810.617078,1460.540239,768.029460
2021-04-26,241.088428,249.316104,240.405574,799.486398,1441.691124,757.483555
2021-04-27,246.056182,254.798140,245.359258,815.960239,1473.391452,773.091905
2021-04-28,252.115237,260.410929,251.401152,836.052999,1505.847872,792.129046
2021-04-29,251.487524,260.325870,250.775217,833.971405,1505.356011,790.156814
2021-04-30,251.815647,259.621309,251.026705,835.059511,1501.281830,790.949218
2021-05-06,250.341718,258.101692,249.557394,830.171736,1492.494518,786.319629
2021-05-07,244.894453,252.485575,244.127195,812.107764,1460.018854,769.209850
2021-05-10,244.087151,251.653249,243.322422,809.430626,1455.205857,766.674126
2021-05-11,240.467295,247.921186,239.713908,797.426626,1433.624896,755.304213
2021-05-12,242.445018,249.960214,241.685434,803.985060,1445.415741,761.516210
2021-05-13,237.521067,244.883633,236.776910,787.656480,1416.059989,746.050155
2021-05-14,242.579764,250.099137,241.819758,804.431899,1446.219074,761.939446
2021-05-17,254.090221,261.966390,253.294153,842.602351,1514.842454,798.093623
2021-05-18,254.193674,262.073049,253.397281,842.945414,1515.459218,798.418565
2021-05-19,257.470179,265.451118,256.663522,853.810813,1534.993186,808.710021
2021-05-20,255.827343,263.757358,255.025832,848.362913,1525.198875,803.549896
2021-05-21,254.403938,262.289831,253.606887,843.642684,1516.712779,799.079002
2021-05-24,255.576502,263.498741,254.775777,847.531086,1523.703404,802.762008
2021-05-25,263.795478,271.972486,262.969003,874.786478,1572.703535,828.577690
2021-05-26,262.015352,270.137180,261.194454,868.883304,1562.090725,822.986340
2021-05-27,262.914245,271.063937,262.090531,871.864175,1567.449776,825.809751
2021-05-28,263.010004,271.162664,262.185991,872.181726,1568.020675,826.110529
2021-05-31,266.346947,274.603044,265.512479,883.247544,1587.914960,836.591818
2021-06-01,269.276224,277.623122,268.432578,892.961478,1605.378808,845.792634
2021-06-02,266.002836,274.248266,265.169446,882.106418,1585.863426,835.510969
2021-06-03,261.646387,269.756778,260.826646,867.659762,1559.891023,821.827428
2021-06-04,264.306778,272.499634,263.478701,876.482027,1575.751816,830.183675
2021-06-07,263.874365,272.053818,263.047643,875.048079,1573.173844,828.825472
2021-06-08,261.791443,269.906331,260.971247,868.140791,1560.755823,822.283047
2021-06-09,263.601866,271.772872,262.775998,874.144432,1571.549254,827.969559
2021-06-10,271.050479,279.452374,270.201275,898.845182,1615.956613,851.365543
2021-06-11,273.318008,281.790190,272.461699,906.364656,1629.475230,858.487816
2021-06-15,272.492705,280.939305,271.638982,903.627825,1624.554916,855.895552
2021-06-16,262.601383,270.741377,261.778650,870.826677,1565.584547,824.827057
2021-06-17,267.164989,275.446443,266.327958,885.960296,1592.791984,839.161275
2021-06-18,269.186077,277.530180,268.342714,892.662537,1604.841367,845.509483
2021-06-21,270.582712,278.970107,269.734973,897.293993,1613.167864,849.896292
2021-06-22,272.196053,280.633457,271.343259,902.644079,1622.786324,854.963771
2021-06-23,274.306474,282.809296,273.447068,909.642561,1635.368294,861.592572
2021-06-24,277.031805,285.619106,276.163860,918.680178,1651.616251,870.152797
2021-06-25,281.745104,290.478506,280.862393,934.310207,1679.716138,884.957201
2021-06-28,286.557828,295.440412,285.660038,950.269940,1708.408773,900.073894
2021-06-29,286.241451,295.114229,285.344653,949.220786,1706.522590,899.080160
2021-06-30,289.146025,298.108837,288.240127,958.852800,1723.839161,908.203383
2021-07-01,287.458907,296.369422,286.558294,953.258057,1713.780852,902.904170
2021-07-02,280.015300,288.695081,279.138008,928.573907,1669.403338,879.523910
2021-07-05,282.622517,291.383117,281.737057,937.219843,1684.947124,887.713142
2021-07-06,284.454993,293.272394,283.563791,943.296614,1695.872029,893.468920
2021-07-07,291.465737,300.500454,290.552571,966.545324,1737.668889,915.489565
2021-07-08,286.752832,295.641461,285.854432,950.916604,1709.571354,900.686400
2021-07-09,286.016340,294.882140,285.120248,948.474284,1705.180517,898.373090
2021-07-12,291.885682,300.933416,290.971200,967.937924,1740.172525,916.808604
2021-07-13,292.958405,302.039391,292.040562,971.495239,1746.567916,920.178011
2021-07-14,287.217054,296.120072,286.317199,952.456034,1712.338964,902.144512
2021-07-15,290.921731,299.939585,290.010269,964.741315,1734.425615,913.780848
2021-07-16,284.128604,292.935889,283.238426,942.214261,1693.926158,892.443739
2021-07-19,285.359998,294.205453,284.465962,946.297753,1701.267518,896.311530
2021-07-20,286.798245,295.688282,285.899702,951.067201,1709.842099,900.829041
2021-07-21,294.112756,303.229525,293.191297,975.323248,1753.449964,923.803813
2021-07-22,295.036396,304.181794,294.112043,978.386178,1758.956544,926.704950
2021-07-23,292.160282,301.216529,291.244940,968.848542,1741.809647,917.671120
2021-07-26,281.712721,290.445119,280.830112,934.202820,1679.523076,884.855486
2021-07-27,269.673625,278.032841,268.828734,894.279320,1607.748042,847.040863
2021-07-28,271.434298,279.848090,270.583891,900.117984,1618.244874,852.571111
2021-07-29,280.770121,289.473301,279.890465,931.077013,1673.903456,881.894794
2021-07-30,275.280191,283.813196,274.325991,912.871556,1641.173427,864.361933
2021-08-02,284.850434,293.680093,283.863061,944.607959,1698.229582,894.411876
2021-08-03,283.439089,292.225000,282.456608,939.927721,1689.815385,889.980345
2021-08-04,291.895163,300.943191,290.883371,967.969367,1740.229053,916.531868
2021-08-05,291.549540,300.586855,290.538946,966.823228,1738.168509,915.446635
2021-08-06,289.841186,298.825546,288.836514,961.158061,1727.983590,910.082513
2021-08-09,290.986066,300.005915,289.977426,964.954662,1734.809173,913.677364
2021-08-10,292.624643,301.695284,291.610323,970.388435,1744.578089,918.822389
2021-08-11,288.516770,297.460077,287.516689,956.766094,1720.087651,905.923933
2021-08-12,288.675069,297.623283,287.674439,957.291039,1721.031403,906.420982
2021-08-13,284.431435,293.248106,283.445514,943.218492,1695.731580,893.096245
2021-08-16,283.693313,292.487104,282.709951,940.770768,1691.331026,890.778592
2021-08-17,275.630999,284.174878,274.675583,914.034889,1643.264884,865.463447
2021-08-18,275.086037,283.613024,274.132511,912.227714,1640.015920,863.752305
2021-08-19,277.438734,286.038649,276.477052,920.029618,1654.042294,871.139619
2021-08-20,265.336193,273.560959,264.416463,879.895728,1581.889017,833.138427
2021-08-23,271.836111,280.262358,270.893849,901.450457,1620.640413,853.547746
2021-08-24,276.819014,285.399719,275.859481,917.974533,1650.347632,869.193740
2021-08-25,278.081629,286.701472,277.117719,922.161558,1657.875125,873.158268
2021-08-26,270.377594,278.758631,269.440388,896.613789,1611.944984,848.968097
2021-08-27,272.315749,280.756864,271.371825,903.041011,1623.499934,855.053779
2021-08-30,273.552099,282.031537,272.603889,907.140937,1630.870840,858.935837
2021-08-31,263.724647,271.899459,262.810503,874.551593,1572.281255,828.078278
2021-09-01,260.401625,268.473432,259.498999,863.531939,1552.469964,817.644203
2021-09-02,255.651297,263.575855,254.765137,847.779119,1524.149321,802.728482
2021-09-03,250.838186,258.613550,249.968710,831.818101,1495.454376,787.615625
2021-09-06,259.864175,267.919322,258.963412,861.749672,1549.265779,815.956645
2021-09-07,262.886953,271.035798,261.975712,871.773669,1567.287064,825.447971
2021-09-08,257.099579,265.069030,256.208398,852.581844,1532.783729,807.275992
2021-09-09,255.629801,263.553693,254.743716,847.707836,1524.021167,802.660986
2021-09-10,259.549063,267.594442,258.649392,860.704712,1547.387135,814.967214
2021-09-13,256.472097,264.422098,255.583092,850.501019,1529.042792,805.305741
2021-09-14,259.046481,267.076281,258.148552,859.038071,1544.390825,813.389138
2021-09-15,253.834469,261.702710,252.954606,841.754236,1513.317702,797.023759
2021-09-16,249.137545,256.860193,248.273964,826.178513,1485.315446,782.275723
2021-09-17,256.916688,264.880470,256.026142,851.975350,1531.693365,806.701727
2021-09-22,253.561995,261.421790,252.683077,840.850671,1511.693259,796.168209
2021-09-23,254.483007,262.371351,253.600897,843.904890,1517.184178,799.060128
2021-09-24,258.457822,266.469375,257.561933,857.085987,1540.881341,811.540787
2021-09-27,261.495987,269.601716,260.589568,867.161013,1558.994365,821.080429
2021-09-28,255.476213,263.395343,254.590659,847.198511,1523.105497,802.178727
2021-09-29,251.862307,259.669416,250.989281,835.214245,1501.560012,790.831300
2021-09-30,256.540168,264.492279,255.650927,850.726753,1529.448620,805.519480
2021-10-08,257.971663,265.968146,257.077459,855.473809,1537.982943,810.014279
2021-10-11,257.933541,265.928843,257.039470,855.347391,1537.755668,809.894579
2021-10-12,256.191368,264.132667,255.303336,849.570078,1527.369132,804.424270
2021-10-13,265.475549,273.704634,264.555335,880.357852,1582.719829,833.575994
2021-10-14,264.646273,272.849653,263.728933,877.607844,1577.775826,830.972120
2021-10-15,263.471701,271.638672,262.558433,873.712782,1570.773229,827.284041
2021-10-18,260.614934,268.693352,259.711568,864.239302,1553.741672,818.313978
2021-10-19,264.720390,272.926067,263.802793,877.853628,1578.217700,831.204843
2021-10-20,267.057016,275.335123,266.131320,885.602241,1592.148266,838.541698
2021-10-21,264.952557,273.165431,264.034156,878.623529,1579.601840,831.933833
2021-10-22,265.861856,274.102916,264.940303,881.638907,1585.022928,834.788974
2021-10-25,272.671512,281.123655,271.726355,904.220775,1625.620932,856.170852
2021-10-26,272.744133,281.198526,271.798724,904.461597,1626.053883,856.398875
2021-10-27,270.286456,278.664668,269.349566,896.311562,1611.401636,848.681931
2021-10-28,267.341008,275.627918,266.414328,886.544003,1593.841379,839.433416
2021-10-29,272.175050,280.611803,271.103406,902.574430,1622.661109,854.208028
2021-11-01,265.636766,273.239415,264.590866,880.892475,1580.029662,833.687947
2021-11-02,263.432181,269.595419,262.394961,873.581730,1558.957947,826.768964
2021-11-03,261.889211,269.050098,260.858066,868.465003,1555.804586,821.926428
2021-11-04,263.135601,270.867525,262.099548,872.598224,1566.314006,825.838162
2021-11-05,256.186959,263.149832,255.178266,849.555457,1521.685806,804.030191
2021-11-08,262.633631,269.436826,261.599555,870.933615,1558.040871,824.262754
2021-11-09,262.838514,269.724226,261.803631,871.613037,1559.702784,824.905767
2021-11-10,257.869167,264.363969,256.853850,855.133917,1528.706653,809.309717
2021-11-11,259.964937,266.365010,258.941368,862.083813,1540.277839,815.887188
2021-11-12,259.187805,265.510830,258.167296,859.506724,1535.338474,813.448198
2021-11-15,251.743355,257.655824,250.752157,834.819779,1489.916250,790.084156
2021-11-16,248.398945,254.723386,247.420915,823.729201,1472.959181,779.587891
2021-11-17,252.185085,258.945425,251.192148,836.284626,1497.373473,791.470506
2021-11-18,253.052505,260.057790,252.056153,839.161123,1503.805813,794.192860
2021-11-19,254.019006,261.504698,253.018849,842.366191,1512.172684,797.226177
2021-11-22,260.841684,268.276456,259.814663,864.991243,1551.330937,818.638817
2021-11-23,261.648661,268.567350,260.618462,867.667301,1553.013053,821.171472
2021-11-24,260.581605,267.635724,259.555608,864.128779,1547.625850,817.822570
2021-11-25,260.866723,267.990765,259.839603,865.074275,1549.678904,818.717399
2021-11-26,262.114251,268.989347,261.082220,869.211272,1555.453287,822.632706
2021-11-29,265.281604,272.064272,264.237101,879.714700,1573.234298,832.573286
2021-11-30,262.590588,269.592059,261.556681,870.790878,1558.938520,824.127666
2021-12-01,263.098495,269.174973,262.062589,872.475176,1556.526685,825.721707
2021-12-02,266.181969,271.817754,265.133921,882.700449,1571.808786,835.399037
2021-12-03,269.010095,275.517170,267.950913,892.078953,1593.200966,844.274973
2021-12-06,266.300925,272.737892,265.252409,883.094926,1577.129559,835.772375
2021-12-07,266.653108,273.196856,265.603206,884.262820,1579.783557,836.877685
2021-12-08,270.793402,276.835783,269.727198,897.992673,1600.825955,849.871794
2021-12-09,271.341799,277.553804,270.273435,899.811241,1604.977972,851.592910
2021-12-10,271.696550,277.695628,270.626790,900.987650,1605.798085,852.706279
2021-12-13,272.399729,278.749481,271.327200,903.319501,1611.892073,854.913173
2021-12-14,267.870913,273.378556,266.816216,888.301249,1580.834253,840.699706
2021-12-15,268.704913,274.117182,267.646932,891.066923,1585.105418,843.317175
2021-12-16,273.183020,279.343364,272.107407,905.917016,1615.326254,857.371494
2021-12-17,268.882151,274.243558,267.823473,891.654672,1585.836199,843.873428
2021-12-20,263.068154,268.875340,262.032367,872.374560,1554.794030,825.626483
2021-12-21,263.977846,269.794418,262.938477,875.391238,1560.108677,828.481506
2021-12-22,262.680123,268.448628,261.645863,871.087788,1552.326534,824.408665
2021-12-23,268.269332,274.288118,267.213066,889.622469,1586.093870,841.950125
2021-12-24,260.157236,266.363359,259.132910,862.721507,1540.268291,816.490710
2021-12-27,258.620294,264.322184,257.602020,857.624771,1528.465030,811.667094
2021-12-28,260.990750,266.791553,259.963142,865.485567,1542.744360,819.106652
2021-12-29,257.513690,263.259567,256.499773,853.955102,1522.320357,808.194071
2021-12-30,259.339102,265.039653,258.317997,860.008449,1532.613856,813.923036
2021-12-31,262.046912,268.106392,261.015146,868.987963,1550.347529,822.421364
2022-01-04,256.810634,262.694049,255.799485,851.623658,1519.050201,805.987563
2022-01-05,248.080018,253.919601,247.103244,822.671589,1468.311230,778.586954
2022-01-06,249.308398,254.806088,248.326788,826.745088,1473.437412,782.442165
2022-01-07,248.933225,253.725672,247.953091,825.500954,1467.189816,781.264701
2022-01-10,248.743097,253.620049,247.763713,824.870463,1466.579043,780.667996
2022-01-11,247.346127,252.700761,246.372242,820.237893,1461.263185,776.283672
2022-01-12,252.460425,258.293636,251.466404,837.197696,1493.604448,792.334648
2022-01-13,249.671234,255.854831,248.688195,827.948308,1479.501853,783.580908
2022-01-14,249.153098,254.918022,248.172099,826.230090,1474.084680,781.954764
2022-01-17,249.460327,254.723503,248.478118,827.248906,1472.959859,782.918985
2022-01-18,254.257708,259.754593,253.256611,843.157763,1502.052557,797.975331
2022-01-19,251.121011,256.563387,250.132263,832.755991,1483.599142,788.130960
2022-01-20,251.659812,257.046431,250.668944,834.542740,1486.392384,789.821963
2022-01-21,247.383821,253.463130,246.409788,820.362893,1465.671644,776.401974
2022-01-24,250.875124,257.063964,249.887344,831.940591,1486.493766,787.359255
2022-01-25,242.878457,249.200910,241.922164,805.422413,1441.025006,762.262111
2022-01-26,247.346122,253.823293,246.372238,820.237878,1467.754320,776.283658
2022-01-27,241.072282,247.685743,240.123100,799.432857,1432.263422,756.593519
2022-01-28,234.948331,241.528522,233.941356,779.124891,1396.658782,737.115728
2022-02-07,241.392644,248.153321,240.358049,800.495226,1434.967231,757.333809
2022-02-08,236.819931,243.452540,235.804934,785.331404,1407.784573,742.987596
2022-02-09,240.899136,247.645991,239.866656,798.858677,1432.033555,755.785500
2022-02-10,237.363938,244.011783,236.346610,787.135416,1411.018444,744.694338
2022-02-11,233.916905,240.468209,232.914350,775.704523,1390.527432,733.879781
2022-02-14,231.398774,237.879552,230.407012,767.354011,1375.558310,725.979515
2022-02-15,237.020425,243.658649,236.004569,785.996275,1408.976421,743.616618
2022-02-16,237.515787,244.167885,236.497808,787.638972,1411.921119,745.170744
2022-02-17,242.982757,249.787968,241.941346,805.768285,1444.419713,762.322553
2022-02-18,241.070084,247.821727,240.036871,799.425568,1433.049762,756.321825
2022-02-21,240.367222,247.099179,239.337021,797.094768,1428.871572,754.116698
2022-02-22,241.040771,247.791593,240.007684,799.328362,1432.875511,756.229861
2022-02-23,247.502004,254.433785,246.441224,820.754806,1471.284540,776.501025
2022-02-24,245.770305,252.653587,244.716948,815.012226,1460.990396,771.068076
2022-02-25,252.576263,259.650159,251.493735,837.581830,1501.448653,792.420763
2022-02-28,258.386637,265.623264,257.279207,856.849928,1535.988634,810.649956
2022-03-01,255.755755,262.918699,254.659600,848.125517,1520.349260,802.395951
2022-03-02,255.672011,262.832609,254.576215,847.847808,1519.851439,802.133216
2022-03-03,252.632620,259.708094,251.549851,837.768719,1501.783670,792.597575
2022-03-04,248.582586,255.544631,247.517175,824.338183,1477.708099,779.891192
2022-03-07,244.577197,251.427063,243.528953,811.055696,1453.897921,767.324875
2022-03-08,237.989608,244.654976,236.969598,789.210234,1414.737762,746.657286
2022-03-09,237.787569,244.447278,236.768425,788.540242,1413.536733,746.023418
2022-03-10,244.444223,251.290365,243.396549,810.614733,1453.107452,766.907688
2022-03-11,242.067672,248.847255,241.030184,802.733725,1438.979962,759.451611
2022-03-14,234.632830,241.204185,233.627207,778.078642,1394.783277,736.125891
2022-03-15,224.967441,231.268097,224.003243,746.026720,1337.327021,705.802157
2022-03-16,234.098404,240.654791,233.095072,776.306402,1391.606361,734.449208
2022-03-17,235.334966,241.925986,234.326334,780.407033,1398.957149,738.328739
2022-03-18,235.508790,242.104677,234.499412,780.983458,1399.990448,738.874084
2022-03-21,238.026956,244.693370,237.006786,789.334085,1414.959776,746.774459
2022-03-22,235.260496,241.849429,234.252183,780.160077,1398.514455,738.095098
2022-03-23,235.992453,242.601887,234.981003,782.587362,1402.865605,740.391508
2022-03-24,233.234790,239.766990,232.235159,773.442524,1386.472574,731.739745
2022-03-25,226.150871,232.484671,225.181601,749.951156,1344.361963,709.514994
2022-03-28,224.687250,230.980059,223.724253,745.097565,1335.661418,704.923101
2022-03-29,226.007304,232.337084,225.038650,749.475068,1343.508527,709.064576
2022-03-30,231.328689,237.807505,230.337227,767.121599,1375.141689,725.759635
2022-03-31,226.684324,233.033065,225.712768,751.720170,1347.533096,711.188625
2022-04-01,227.117372,233.478241,226.143960,753.156223,1350.107364,712.547249
2022-04-06,224.949442,231.249595,223.985322,745.967035,1337.220030,705.745690
2022-04-07,221.231736,227.427767,220.283549,733.638547,1315.119991,694.081935
2022-04-08,221.630849,227.838058,220.680952,734.962068,1317.492533,695.334093
2022-04-11,211.274657,217.191821,210.369146,700.619339,1255.929779,662.843069
2022-04-12,213.557084,219.538171,212.641791,708.188219,1269.497749,670.003848
2022-04-13,210.677593,216.578034,209.774641,698.639382,1252.380510,660.969868
2022-04-14,211.101394,217.013704,210.196625,700.044770,1254.899808,662.299481
2022-04-15,210.441173,216.334992,209.539234,697.855375,1250.975100,660.228134
2022-04-18,213.655747,219.639598,212.740031,708.515401,1270.084255,670.313388
2022-04-19,213.411419,219.388426,212.496750,707.705170,1268.631835,669.546843
2022-04-20,207.541738,213.354354,206.652226,688.240404,1233.739309,651.131587
2022-04-21,200.008356,205.609984,199.151132,663.258547,1188.956848,627.496712
2022-04-22,199.037197,204.611625,198.184134,660.038032,1183.183755,624.449841
2022-04-25,186.993041,192.230149,186.191599,620.097754,1111.586838,586.663079
2022-04-26,183.514358,188.654039,182.727826,608.561905,1090.907682,575.749225
2022-04-27,195.717802,201.199265,194.878967,649.030408,1163.451494,614.035730
2022-04-28,197.133285,202.654391,196.288383,653.724367,1171.865883,618.476599
2022-04-29,203.881272,209.561137,202.966525,676.101732,1211.804719,639.518470
2022-05-05,206.346521,212.209337,205.420714,684.276880,1227.118151,647.251269
2022-05-06,202.733796,207.962859,201.824198,672.296527,1202.562541,635.919162
2022-05-09,203.146948,208.683448,202.235496,673.666600,1206.729407,637.215101
2022-05-10,205.981332,210.545698,205.057164,683.065857,1217.498022,646.105773
2022-05-11,211.736695,216.119075,210.786705,702.151529,1249.726537,664.158736
2022-05-12,209.598245,213.955973,208.657849,695.060098,1237.218225,657.451016
2022-05-13,211.715030,215.771882,210.765136,702.079682,1247.718865,664.090777
2022-05-16,209.476613,213.585002,208.536763,694.656748,1235.073054,657.069491
2022-05-17,215.450575,219.355141,214.483921,714.467325,1268.439360,675.808135
2022-05-18,217.495108,221.481911,216.519281,721.247311,1280.737584,682.221263
2022-05-19,222.791781,226.756466,221.792190,738.811897,1311.238136,698.835445
2022-05-20,224.466736,228.708897,223.459629,744.366305,1322.528233,704.089308
2022-05-23,225.403921,229.848679,224.392610,747.474156,1329.119114,707.028996
2022-05-24,219.684202,224.377052,218.698554,728.506687,1297.478981,689.087840
2022-05-25,221.778500,227.084737,220.783455,735.451700,1313.136395,695.657065
2022-05-26,222.091140,227.755781,221.094692,736.488463,1317.016763,696.637729
2022-05-27,222.341053,228.297986,221.343484,737.317213,1320.152104,697.421636
2022-05-30,222.245923,227.912406,221.248780,737.001746,1317.922458,697.123239
2022-05-31,224.808377,230.746489,223.799738,745.499242,1334.310776,705.160943
2022-06-01,222.838930,227.901997,221.839128,738.968252,1317.862268,698.983339
2022-06-02,225.699034,230.772789,224.686399,748.452797,1334.462858,707.954684
2022-06-06,235.452971,240.119832,234.396573,780.798354,1388.512912,738.550052
2022-06-07,234.011366,238.685903,232.961436,776.017771,1380.221102,734.028142
2022-06-08,236.239658,241.321578,235.179730,783.407130,1395.462110,741.017669
2022-06-09,233.420485,239.011877,232.373207,774.058319,1382.106072,732.174714
2022-06-10,238.751347,244.335213,237.680150,791.736278,1412.888707,748.896135
2022-06-13,240.018001,245.312922,238.941122,795.936699,1418.542390,752.869274
2022-06-14,240.647191,246.267497,239.567488,798.023188,1424.062296,754.842866
2022-06-15,237.902789,243.712511,236.835400,788.922330,1409.287882,746.234446
2022-06-16,240.238909,245.518683,239.161038,796.669263,1419.732217,753.562200
2022-06-17,245.680945,250.036988,244.578658,814.715895,1445.859695,770.632344
2022-06-20,247.298140,249.974050,246.188597,820.078763,1445.495753,775.705033
2022-06-21,244.316381,247.268904,243.220216,810.190788,1429.853018,766.352087
2022-06-22,244.423531,247.124067,243.326885,810.546115,1429.015485,766.688188
2022-06-23,247.392213,250.290509,246.282248,820.390722,1447.325703,776.000112
2022-06-24,250.104232,252.107236,248.982098,829.384194,1457.831076,784.506955
2022-06-27,251.835276,253.941362,250.705376,835.124603,1468.437064,789.936756
2022-06-28,255.519112,257.540730,254.372684,847.340773,1489.250707,801.491920
2022-06-29,247.734379,250.444493,246.622879,821.525398,1448.216128,777.073392
2022-06-30,249.102529,251.605901,247.984891,826.062395,1454.932062,781.364896
2022-07-01,248.079115,250.740718,246.966068,822.668595,1449.929070,778.154731
2022-07-04,253.668816,255.481198,252.530690,841.204905,1477.341292,795.688058
2022-07-05,255.703959,258.065237,254.556702,847.953753,1492.283710,802.071732
2022-07-06,252.566812,254.550826,251.433630,837.550490,1471.961337,792.231380
2022-07-07,256.146544,258.093503,254.997301,849.421435,1492.447161,803.459999
2022-07-08,253.233682,255.653346,252.097508,839.761934,1478.336751,794.323165
2022-07-11,246.276150,248.868384,245.171192,816.689684,1439.102145,772.499334
2022-07-12,243.284032,246.026428,242.192499,806.767361,1422.668297,763.113899
2022-07-13,245.429006,248.194659,244.327849,813.880426,1435.206272,769.842082
2022-07-14,247.537505,249.966085,246.426888,820.872533,1445.449693,776.455852
2022-07-15,243.717960,246.231127,242.624480,808.206333,1423.851984,764.475010
2022-07-18,243.782625,246.653368,242.688855,808.420771,1426.293629,764.677844
2022-07-19,240.231101,243.281072,239.153265,796.643371,1406.793047,753.537709
2022-07-20,241.751826,244.877473,240.667168,801.686330,1416.024370,758.307798
2022-07-21,237.694276,240.930125,236.627822,788.230868,1393.198502,745.580399
2022-07-22,238.939165,242.130320,237.867126,792.359111,1400.138730,749.485267
2022-07-25,236.553691,239.552241,235.492355,784.448513,1385.230770,742.002704
2022-07-26,240.995762,244.387727,239.914496,799.179106,1413.192370,755.936238
2022-07-27,241.938050,245.374336,240.852556,802.303878,1418.897521,758.891931
2022-07-28,241.556136,245.631666,240.472355,801.037392,1420.385553,757.693973
2022-07-29,237.587812,241.979490,236.441468,787.877816,1399.266539,744.993223
2022-08-01,237.512354,241.902638,236.366375,787.627588,1398.822136,744.756615
2022-08-02,232.095021,236.385168,230.975179,769.662875,1366.916907,727.769731
2022-08-03,227.983399,232.197544,226.883395,756.028101,1342.701625,714.877104
2022-08-04,230.414265,234.673344,229.302533,764.089229,1357.018143,722.499461
2022-08-05,230.313285,234.570497,229.202040,763.754364,1356.423424,722.182822
2022-08-08,232.626445,236.926414,231.504039,771.425158,1370.046711,729.436091
2022-08-09,235.437413,239.789342,234.301445,780.746763,1386.601829,738.250317
2022-08-10,233.228815,237.539919,232.103502,773.422709,1373.594351,731.324915
2022-08-11,235.290883,239.640104,234.155622,780.260847,1385.738844,737.790849
2022-08-12,237.721681,242.115833,236.574691,788.321746,1400.054955,745.412989
2022-08-15,241.161356,245.619089,239.997770,799.728239,1420.312823,756.198622
2022-08-16,243.255821,247.752269,242.082129,806.673808,1432.648114,762.766139
2022-08-17,244.178303,248.691803,243.000161,809.732902,1438.081048,765.658725
2022-08-18,241.978242,246.451074,240.810715,802.437160,1425.123851,758.760094
2022-08-19,244.264747,248.779844,243.086187,810.019563,1438.590156,765.929783
2022-08-22,247.929060,252.511890,246.732820,822.170990,1460.171021,777.419802
2022-08-23,250.456633,255.086183,249.248198,830.552810,1475.057087,785.345395
2022-08-24,247.164109,251.732799,245.971560,819.634295,1455.665865,775.021180
2022-08-25,251.193652,255.836826,249.981661,832.996881,1479.397742,787.656434
2022-08-26,249.955144,254.575425,248.749129,828.889798,1472.103587,783.772902
2022-08-29,252.881463,257.555836,251.661328,838.593922,1489.338056,792.948825
2022-08-30,249.676753,254.291888,248.472081,827.966610,1470.464011,782.899964
2022-08-31,245.893925,250.439136,244.707504,815.422167,1448.185150,771.038320
2022-09-01,245.524005,250.062379,244.339370,814.195457,1446.006521,769.878381
2022-09-02,244.319449,248.835558,243.140626,810.200965,1438.912324,766.101311
2022-09-05,251.296192,255.941261,250.083706,833.336918,1480.001646,787.977962
2022-09-06,257.317578,262.073949,256.076039,853.304763,1515.464426,806.858947
2022-09-07,259.086376,263.875443,257.836303,859.170370,1525.881711,812.405287
2022-09-08,258.160478,262.932430,256.914873,856.099950,1520.428662,809.501991
2022-09-09,258.874254,263.659400,257.625204,858.466940,1524.632424,811.740145
2022-09-13,257.691170,262.454447,256.447829,854.543651,1517.664684,808.030402
2022-09-14,255.218039,259.935602,253.986630,846.342368,1503.099252,800.275519
2022-09-15,250.380319,255.008459,249.172252,830.299743,1474.607641,785.106103
2022-09-16,242.212040,246.689194,241.043385,803.212470,1426.500798,759.493204
2022-09-19,242.392486,246.872976,241.222960,803.810857,1427.563530,760.059020
2022-09-20,243.252396,247.748781,242.078721,806.662452,1432.627946,762.755401
2022-09-21,243.503173,248.004193,242.328288,807.494068,1434.104891,763.541752
2022-09-22,243.508592,248.009712,242.333680,807.512035,1434.136801,763.558742
2022-09-23,241.141225,245.598585,239.977736,799.661482,1420.194262,756.135497
2022-09-26,239.401305,243.826504,238.246211,793.891640,1409.947055,750.679711
2022-09-27,241.215624,245.674360,240.051776,799.908200,1420.632432,756.368787
2022-09-28,237.209863,241.594554,236.065342,786.624479,1397.040620,743.808106
2022-09-29,238.134295,242.536074,236.985314,789.690039,1402.485036,746.706805
2022-09-30,236.488067,240.859417,235.347030,784.230894,1392.789626,741.544805
2022-10-10,236.771831,241.148425,235.629424,785.171897,1394.460842,742.434588
2022-10-11,239.007641,243.425564,237.854447,792.586190,1407.628584,749.445317
2022-10-12,242.879139,247.368625,241.707265,805.424675,1430.429661,761.584997
2022-10-13,240.127706,244.566332,238.969107,796.300496,1414.225170,752.957452
2022-10-14,244.097773,248.609784,242.920019,809.465852,1437.606767,765.406210
2022-10-17,242.586444,247.070519,241.415982,804.454051,1428.705838,760.667205
2022-10-18,242.776556,247.264145,241.605177,805.084493,1429.825500,761.263332
2022-10-19,239.099596,243.519218,237.945958,792.891126,1408.170149,749.733656
2022-10-20,235.010399,239.354435,233.876491,779.330717,1384.086940,736.911347
2022-10-21,237.857830,242.254499,236.710184,788.773240,1400.856806,745.839908
2022-10-24,233.014301,237.321440,231.890024,772.711351,1372.330982,730.652276
2022-10-25,235.031018,239.375435,233.897010,779.399093,1384.208375,736.976001
2022-10-26,234.209015,238.538238,233.078974,776.673207,1379.367216,734.398486
2022-10-27,233.691821,238.011483,232.564275,774.958109,1376.321212,732.776742
2022-10-28,228.402904,232.624804,227.300877,757.419247,1345.172292,716.192529
2022-10-31,220.051158,224.118681,218.919041,729.723569,1295.984925,689.782564
2022-11-01,221.195642,225.284320,220.057637,733.518854,1302.725329,693.370116
2022-11-02,225.070966,229.231277,223.913023,746.370027,1325.548941,705.517888
2022-11-03,223.553287,227.685544,222.403152,741.337167,1316.610610,700.760498
2022-11-04,229.610332,233.854551,228.429035,761.423265,1352.283406,719.747195
2022-11-07,229.768618,234.015763,228.586507,761.948165,1353.215625,720.243365
2022-11-08,228.486373,232.709815,227.310858,757.696041,1345.663876,716.223978
2022-11-09,226.786418,230.978439,225.619650,752.058731,1335.652046,710.895223
2022-11-10,226.384998,230.569598,225.220295,750.727560,1333.287894,709.636913
2022-11-11,231.222436,235.496453,230.032845,766.769248,1361.777842,724.800569
2022-11-14,229.418221,233.658889,228.237912,760.786194,1351.151972,719.144994
2022-11-15,230.462813,234.722789,229.277130,764.250221,1357.304064,722.419419
2022-11-16,228.660083,232.886737,227.483675,758.272092,1346.686941,716.768500
2022-11-17,226.633477,230.822670,225.467495,751.551553,1334.751301,710.415806
2022-11-18,224.898241,229.055359,223.741187,745.797243,1324.531680,704.976455
2022-11-21,224.558740,228.709582,223.403432,744.671405,1322.532197,703.912238
2022-11-22,227.265311,231.466183,226.096079,753.646813,1338.472471,712.396383
2022-11-23,229.114867,233.349928,227.936119,759.780226,1349.365378,718.194087
2022-11-24,229.445718,233.686894,228.265268,760.877379,1351.313915,719.231188
2022-11-25,234.669205,239.006934,233.461881,778.199265,1382.077487,735.604970
2022-11-28,232.982377,237.288926,231.783731,772.605483,1372.142962,730.317361
2022-11-29,237.753926,242.148674,236.530732,788.428676,1400.244862,745.274480
2022-11-30,237.735730,242.130142,236.512630,788.368336,1400.137700,745.217443
2022-12-01,235.379998,239.730865,234.169017,780.556364,1386.263682,737.833055
2022-12-02,233.434507,237.749414,232.233536,774.104818,1374.805773,731.734631
2022-12-05,237.802562,242.198209,236.579117,788.589961,1400.531304,745.426937
2022-12-06,236.957760,241.337792,235.738662,785.788469,1395.555870,742.778783
2022-12-07,235.065049,239.410095,233.855689,779.511947,1384.408804,736.845804
2022-12-08,235.047627,239.392351,233.838356,779.454173,1384.306196,736.791191
2022-12-09,235.189855,239.537208,233.979852,779.925822,1385.143842,737.237025
2022-12-12,231.631782,235.913366,230.440085,768.126703,1364.188674,726.083724
2022-12-13,232.646678,236.947022,231.449760,771.492256,1370.165876,729.265065
2022-12-14,233.082545,237.390945,231.883384,772.937656,1372.732899,730.631352
2022-12-15,231.373778,235.650593,230.183408,767.271122,1362.669167,725.274973
2022-12-16,233.618034,237.936333,232.416118,774.713422,1375.886650,732.309923
2022-12-19,228.059572,232.275125,226.886253,756.280703,1343.150245,714.886109
2022-12-20,226.067411,230.246140,224.904341,749.674390,1331.417471,708.641389
2022-12-21,225.982155,230.159309,224.819525,749.391671,1330.915362,708.374143
2022-12-22,224.270364,228.415876,223.116540,743.715105,1320.833814,703.008281
2022-12-23,223.276819,227.403966,222.128107,740.420358,1314.982362,699.893871
2022-12-26,224.436720,228.585307,223.282040,744.266768,1321.813564,703.529749
2022-12-27,226.849051,231.042229,225.681961,752.266431,1336.020921,711.091556
2022-12-28,226.367714,230.551994,225.203099,750.670240,1333.186095,709.582731
2022-12-29,224.098271,228.240602,222.945333,743.144420,1319.820281,702.468832
2022-12-30,225.724788,229.897185,224.563481,748.538201,1329.399605,707.567388
2023-01-03,227.576529,231.783154,226.405696,754.678861,1340.305382,713.371942
2023-01-04,228.466777,232.689857,227.291363,757.631057,1345.548467,716.162552
2023-01-05,229.641000,233.885786,228.459545,761.524964,1352.464022,719.843327
2023-01-06,229.212148,233.449007,228.032900,760.102825,1349.938312,718.499028
2023-01-09,228.863035,233.093440,227.685582,758.945111,1347.882218,717.404682
2023-01-10,227.915786,232.128682,226.743207,755.803888,1342.303424,714.435392
2023-01-11,231.567694,235.848093,230.376326,767.914176,1363.811227,725.882830
2023-01-12,230.927651,235.196220,229.739577,765.791697,1360.041717,723.876524
2023-01-13,232.509206,236.807009,231.312995,771.036377,1369.356238,728.834139
2023-01-16,232.928467,237.234020,231.730099,772.426711,1371.825464,730.148374
2023-01-17,231.767933,236.052034,230.575535,768.578201,1364.990532,726.510510
2023-01-18,231.848677,236.134270,230.655864,768.845960,1365.466070,726.763613
2023-01-19,232.420043,236.716198,231.224291,770.740699,1368.831115,728.554644
2023-01-20,234.695184,239.033393,233.487726,778.285415,1382.230490,735.686405
2023-01-30,232.759279,237.061704,231.561781,771.865657,1370.829035,729.618029
2023-01-31,232.207585,236.464281,230.937408,770.036155,1367.374388,727.650717
2023-02-01,231.976009,235.724183,230.707098,769.268212,1363.094707,726.925044
2023-02-02,231.992497,235.747499,230.723496,769.322891,1363.229532,726.976714
2023-02-03,230.497858,234.119005,229.237033,764.366437,1353.812634,722.293080
2023-02-06,229.160404,232.807128,227.906894,759.931232,1346.226595,718.102003
2023-02-07,229.084188,232.793336,227.831095,759.678488,1346.146844,717.863171
2023-02-08,228.005667,231.484280,226.758474,756.101946,1338.577115,714.483495
2023-02-09,229.512698,233.099812,228.257261,761.099493,1347.919062,719.205959
2023-02-10,228.835618,231.505421,227.583886,758.854193,1338.699363,717.084249
2023-02-13,229.247493,231.998915,227.993507,760.220033,1341.553035,718.374908
2023-02-14,229.191535,231.834943,227.937856,760.034469,1340.604855,718.199558
2023-02-15,227.251673,229.511650,226.008605,753.601587,1327.170219,712.120764
2023-02-16,226.609510,229.062488,225.369954,751.472076,1324.572905,710.108469
2023-02-17,224.429609,226.409092,223.201977,744.243187,1309.229416,703.277483
2023-02-20,230.342869,232.510315,229.082892,763.852470,1344.510246,721.807403
2023-02-21,231.633163,233.769629,230.366127,768.131282,1351.792335,725.850694
2023-02-22,230.531723,232.699951,229.270713,764.478738,1345.606836,722.399199
2023-02-23,230.720423,232.983507,229.458381,765.104497,1347.246523,722.990515
2023-02-24,229.579207,231.646038,228.323407,761.320047,1339.512497,719.414374
2023-02-27,230.338735,232.352867,229.078780,763.838759,1343.599790,721.794447
2023-02-28,231.199181,233.274932,229.934520,766.692133,1348.931713,724.490761
2023-03-01,234.295994,236.261715,233.014393,776.961640,1366.203033,734.194999
2023-03-02,234.898962,236.597427,233.614062,778.961175,1368.144314,736.084473
2023-03-03,236.819885,238.377849,235.524478,785.331252,1378.439754,742.103920
2023-03-06,236.189929,238.005609,234.897968,783.242221,1376.287245,740.129875
2023-03-07,236.767425,238.316189,235.472305,785.157287,1378.083196,741.939530
2023-03-08,236.220845,237.616110,234.928715,783.344743,1374.034931,740.226755
2023-03-09,236.626848,237.995571,235.332497,784.691113,1376.229198,741.499016
2023-03-10,232.757698,234.023093,231.484511,771.860414,1353.258015,729.374563
2023-03-13,238.850591,239.991346,237.544076,792.065385,1387.769935,748.467383
2023-03-14,237.145429,238.184718,235.848242,786.410808,1377.322955,743.124052
2023-03-15,236.920020,237.759340,235.624065,785.663315,1374.863175,742.417704
2023-03-16,233.681446,234.212523,232.403206,774.923705,1354.353407,732.269239
2023-03-17,235.162354,235.427347,233.876014,779.834625,1361.378229,736.909846
2023-03-20,232.239170,232.258608,230.968820,770.140896,1343.054733,727.749693
2023-03-21,231.352398,231.607625,230.086898,767.200222,1339.290369,724.970884
2023-03-22,232.232158,232.203094,230.961846,770.117643,1342.733717,727.727720
2023-03-23,233.532366,233.385652,232.254942,774.429334,1349.571959,731.802080
2023-03-24,230.328509,230.230693,229.068610,763.804848,1331.328144,721.762403
2023-03-27,229.179014,229.099022,227.925402,759.992945,1324.784164,718.160320
2023-03-28,229.934539,229.676818,228.676795,762.498385,1328.125318,720.527851
2023-03-29,229.517087,229.322593,228.261627,761.114050,1326.076981,719.219715
2023-03-30,231.906330,231.907258,230.637800,769.037147,1341.023022,726.706697
2023-03-31,233.027489,232.969290,231.752827,772.755084,1347.164312,730.219987
2023-04-03,233.713239,233.695452,232.434825,775.029134,1351.363403,732.368865
2023-04-04,236.817058,236.548829,235.521666,785.321877,1367.863293,742.095060
2023-04-06,235.254082,234.884069,233.967240,780.138809,1358.236677,737.197286
2023-04-07,234.550952,234.125141,233.267956,777.807120,1353.848116,734.993942
2023-04-10,235.031039,234.642541,233.745418,779.399165,1356.840024,736.498355
2023-04-11,234.822080,234.406310,233.537601,778.706224,1355.473997,735.843556
2023-04-12,236.804932,236.045290,235.509607,785.281667,1364.951534,742.057063
2023-04-13,236.477766,235.592232,235.184231,784.196733,1362.331691,741.031849
2023-04-14,237.552570,236.747758,236.253155,787.760948,1369.013618,744.399877
2023-04-17,243.239891,242.149429,241.909367,806.620982,1400.249227,762.221789
2023-04-18,247.315294,246.119958,245.962477,820.135647,1423.209144,774.992560
2023-04-19,244.975679,243.678840,243.635660,812.377124,1409.093177,767.661093
2023-04-20,244.190868,242.661006,242.855142,809.774568,1403.207466,765.201791
2023-04-21,240.840649,239.170090,239.523249,798.664726,1383.020951,754.703473
2023-04-24,239.433196,237.611605,238.123494,793.997394,1374.008886,750.293047
2023-04-25,241.843259,239.830606,240.520375,801.989537,1386.840438,757.845275
2023-04-26,241.150717,239.503983,239.831621,799.692961,1384.951717,755.675110
2023-04-27,243.771742,242.084064,242.438309,808.384684,1399.871248,763.888411
2023-04-28,245.104661,243.323617,243.654236,812.804847,1407.039068,767.719622
2023-05-04,242.916142,241.234724,241.478667,805.547379,1394.959870,760.864717
2023-05-05,241.188320,240.013203,239.761070,799.817656,1387.896326,755.452814
2023-05-08,245.066337,243.029808,243.616139,812.677760,1405.340093,767.599585
2023-05-09,242.077122,240.584172,240.644613,802.765063,1391.198001,758.236732
2023-05-10,238.580733,237.193081,237.168914,791.170496,1371.588735,747.285301
2023-05-11,235.279996,234.814257,233.887709,780.224744,1357.832985,736.946695
2023-05-12,232.772148,232.815358,231.394702,771.908333,1346.274186,729.091585
2023-05-15,234.959405,235.121418,233.569015,779.161615,1359.609168,735.942536
2023-05-16,231.192207,232.289905,229.824110,766.669004,1343.235711,724.142875
2023-05-17,230.917991,232.597979,229.551517,765.759663,1345.017171,723.283974
2023-05-18,236.347550,238.076337,234.948946,783.764918,1376.696237,740.290501
2023-05-19,235.155253,236.843150,233.763704,779.811075,1369.565227,736.555972
2023-05-22,233.193959,234.877024,231.814016,773.307123,1358.195940,730.412786
2023-05-23,229.011218,230.582575,227.656027,759.436507,1333.362933,717.311555
2023-05-24,226.822002,228.431280,225.479766,752.176731,1320.922887,710.454469
2023-05-25,229.472551,231.049630,228.114630,760.966359,1336.063715,718.756548
2023-05-26,232.846305,233.903932,231.468419,772.154247,1352.568954,729.323859
2023-05-29,233.348666,234.109660,231.967808,773.820155,1353.758594,730.897360
2023-05-30,237.539070,237.314693,236.133415,787.716180,1372.291964,744.022591
2023-05-31,236.955835,236.590878,235.553631,785.782085,1368.106442,742.195778
2023-06-01,240.391443,239.416469,238.968909,797.175090,1384.445657,752.956828
2023-06-02,240.835864,239.952202,239.410700,798.648858,1387.543578,754.348848
2023-06-05,241.229302,240.514697,239.801810,799.953561,1390.796257,755.581181
2023-06-06,236.636021,236.115999,235.235710,784.721533,1365.360418,741.194053
2023-06-07,235.488077,234.795645,234.094559,780.914771,1357.725360,737.598448
2023-06-08,235.140597,234.639806,233.749135,779.762475,1356.824210,736.510068
2023-06-09,241.509895,240.877884,240.080743,800.884050,1392.896413,756.460057
2023-06-12,243.267953,243.353150,241.828396,806.714039,1407.209842,761.966664
2023-06-13,247.483013,247.534888,246.018514,820.691830,1431.391091,775.169125
2023-06-14,248.679721,249.044524,247.208141,824.660299,1440.120690,778.917468
2023-06-15,250.371148,250.704832,248.889559,830.269332,1449.721555,784.215375
2023-06-16,257.144331,257.145231,255.622660,852.730250,1486.963701,805.430415
2023-06-19,262.625573,262.072222,261.071467,870.906893,1515.454434,822.598824
2023-06-20,266.522364,264.998418,264.945198,883.829254,1532.375408,834.804399
2023-06-21,259.395993,258.408330,257.860998,860.197109,1494.267676,812.483097
2023-06-26,251.512147,251.513573,250.023805,834.053059,1454.398169,787.789224
2023-06-27,254.562836,254.679938,253.056442,844.169614,1472.707941,797.344627
2023-06-28,250.155235,250.646414,248.674923,829.553329,1449.383753,783.539088
2023-06-29,250.605188,250.816545,249.122213,831.045443,1450.367548,784.948436
2023-06-30,251.005742,251.453435,249.520397,832.373743,1454.050419,786.203058
2023-07-03,251.428595,251.932226,249.940748,833.775988,1456.819063,787.527522
2023-07-04,252.104256,252.449140,250.612410,836.016583,1459.808163,789.643834
2023-07-05,248.066270,249.188260,246.598319,822.625999,1440.951853,776.996008
2023-07-06,246.787304,247.735983,245.326922,818.384751,1432.553944,772.990017
2023-07-07,243.925310,245.244971,242.481863,808.893936,1418.149454,764.025645
2023-07-10,242.425068,244.150261,240.990500,803.918904,1411.819203,759.326571
2023-07-11,243.691715,246.139026,242.249651,808.119301,1423.319402,763.293977
2023-07-12,237.997864,240.968702,236.589494,789.237613,1393.421578,745.459633
2023-07-13,242.450860,245.417778,241.016139,804.004434,1419.148731,759.407358
2023-07-14,248.918867,251.138500,247.445871,825.453344,1452.229278,779.666524
2023-07-17,247.336454,249.579567,245.872822,820.205817,1443.214617,774.710070
2023-07-18,244.196826,246.519100,242.751773,809.794327,1425.517216,764.876092
2023-07-19,243.671192,246.151951,242.229249,808.051242,1423.394145,763.229694
2023-07-20,236.859442,239.584874,235.457809,785.462430,1385.419475,741.893854
2023-07-21,235.901982,238.804517,234.506015,782.287346,1380.906995,738.894888
2023-07-24,236.793860,239.578675,235.392614,785.244949,1385.383628,741.688436
2023-07-25,242.395627,244.657041,240.961233,803.821274,1414.749700,759.234357
2023-07-26,237.752511,240.492644,236.345593,788.423984,1390.668731,744.691134
2023-07-27,236.115594,238.868410,234.718362,782.995714,1381.276460,739.563963
2023-07-28,241.397339,243.327290,239.968853,800.510797,1407.060310,756.107508
2023-07-31,240.613418,242.430096,239.105976,797.911192,1401.872205,753.388707
2023-08-01,242.464881,243.878494,240.945840,804.050930,1410.247692,759.185855
2023-08-02,239.299492,240.005321,237.800281,793.554010,1387.850743,749.274650
2023-08-03,240.286149,241.062594,238.780757,796.825917,1393.964511,752.363989
2023-08-04,244.331280,244.515215,242.800546,810.240196,1413.929583,765.029767
2023-08-07,244.089740,243.516623,242.560519,809.439211,1408.155142,764.273476
2023-08-08,242.196340,241.824712,240.678981,803.160405,1398.371527,758.345020
2023-08-09,238.201006,238.363732,236.708678,789.911263,1378.358122,745.835164
2023-08-10,238.644803,239.057450,237.149695,791.382963,1382.369602,747.224744
2023-08-11,234.594698,235.104875,233.124963,777.952188,1359.513510,734.543391
2023-08-14,236.793366,236.508585,235.309857,785.243313,1367.630580,741.427680
2023-08-15,236.640593,236.801933,235.158041,784.736693,1369.326890,740.949329
2023-08-16,230.619669,232.196911,229.174838,764.770380,1342.697967,722.097112
2023-08-17,231.439294,232.515284,229.989328,767.488384,1344.538981,724.663454
2023-08-18,226.977614,228.935286,225.555600,752.692764,1323.837344,710.693413
2023-08-21,226.123264,227.857471,224.706603,749.859607,1317.604791,708.018342
2023-08-22,233.070105,234.066051,231.609922,772.896405,1353.506422,729.769714
2023-08-23,227.438014,230.002137,226.013116,754.219521,1330.006503,712.134979
2023-08-24,228.463086,230.277365,227.031766,757.618819,1331.598031,715.344600
2023-08-25,222.895085,226.095544,221.498649,739.154470,1307.416301,697.910539
2023-08-28,225.792671,229.212439,224.378081,748.763311,1325.440004,706.983218
2023-08-29,230.059981,231.217010,228.618656,762.914368,1337.031604,720.344663
2023-08-30,232.949870,231.727631,231.490440,772.497686,1339.984315,729.393243
2023-08-31,231.303643,230.003598,229.854527,767.038543,1330.014948,724.238714
2023-09-01,229.089029,228.580290,227.653788,759.694543,1321.784550,717.304500
2023-09-04,231.584358,230.144750,230.133483,767.969437,1330.831175,725.117665
2023-09-05,228.605439,227.109872,227.173227,758.090883,1313.281739,715.790322
2023-09-06,227.223266,226.001789,225.799714,753.507385,1306.874158,711.462578
2023-09-07,224.472570,223.531613,223.066250,744.385651,1292.590155,702.849827
2023-09-08,223.837359,223.587047,222.435019,742.279193,1292.910707,700.860907
2023-09-11,227.588676,226.885989,226.162834,754.719139,1311.987117,712.606718
2023-09-12,227.538165,226.951467,226.112640,754.551638,1312.365746,712.448564
2023-09-13,224.559250,224.608938,223.152387,744.673096,1298.819881,703.121232
2023-09-14,225.414679,226.308333,224.002457,747.509832,1308.646771,705.799682
2023-09-15,222.174098,223.213353,220.782178,736.763563,1290.749793,695.653042
2023-09-18,221.367233,222.560562,219.980369,734.087877,1286.974972,693.126655
2023-09-19,221.312381,223.056678,219.925860,733.905977,1289.843807,692.954906
2023-09-20,220.899074,222.924886,219.515143,732.535390,1289.081710,691.660796
2023-09-21,221.146329,222.787269,219.760849,733.355325,1288.285926,692.434979
2023-09-22,227.082982,228.752767,225.660308,753.042181,1322.781912,711.023332
2023-09-25,224.791756,226.180188,223.383436,745.444121,1307.905760,703.849235
2023-09-26,226.828044,226.642713,225.406968,752.196768,1310.580351,710.225092
2023-09-27,225.330065,225.518612,223.918373,747.229237,1304.080147,705.534743
2023-09-28,225.522180,225.713095,224.109284,747.866320,1305.204760,706.136278
2023-10-09,226.423226,226.720369,225.004686,750.854329,1311.029406,708.957559
2023-10-10,225.119300,224.629647,223.708929,746.530308,1298.939628,704.874814
2023-10-11,226.869585,224.919542,225.448248,752.334523,1300.615974,710.355161
2023-10-12,226.962822,225.750090,225.540901,752.643713,1305.418684,710.647099
2023-10-13,224.680065,223.729332,223.272446,745.073738,1293.733486,703.499519
2023-10-16,224.206576,223.427533,222.801923,743.503576,1291.988307,702.016970
2023-10-17,226.629784,225.738063,225.209950,751.539307,1305.349140,709.604317
2023-10-18,223.465206,222.761287,222.065197,741.045077,1288.135683,699.695653
2023-10-19,220.631240,219.344422,219.248987,731.647211,1268.377378,690.822176
2023-10-20,215.335349,214.973682,213.986275,714.085220,1243.103209,674.240123
2023-10-23,212.644848,212.477223,211.312629,705.163102,1228.667225,665.815848
2023-10-24,210.368761,211.149923,209.050801,697.615246,1220.992003,658.689154
2023-10-25,208.063651,208.693781,206.760133,689.971146,1206.789156,651.471586
2023-10-26,209.277390,210.201513,207.966268,693.996093,1215.507743,655.271945
2023-10-27,209.189331,210.223595,207.878761,693.704076,1215.635434,654.996222
2023-10-30,208.240571,207.999141,206.935945,690.557841,1202.772344,652.025543
2023-10-31,208.102542,207.937393,206.786056,690.100115,1202.415280,651.553266
2023-11-01,207.494648,207.329981,206.182008,688.084244,1198.902872,649.649996
2023-11-02,207.835909,207.670972,206.521110,689.215919,1200.874678,650.718459
2023-11-03,207.839549,207.674608,206.524727,689.227990,1200.895709,650.729855
2023-11-06,205.771526,205.608227,204.469787,682.370108,1188.946686,644.255034
2023-11-07,205.684290,205.521060,204.383103,682.080818,1188.442635,643.981903
2023-11-08,204.452709,204.290457,203.159313,677.996707,1181.326569,640.125918
2023-11-09,205.901782,205.738380,204.599219,682.802057,1189.699304,644.662855
2023-11-10,205.304969,205.142040,204.006181,680.822931,1186.250920,642.794277
2023-11-13,206.292095,206.128383,204.987063,684.096394,1191.954530,645.884895
2023-11-14,206.307006,206.143282,205.001879,684.145841,1192.040684,645.931579
2023-11-15,207.476259,207.311607,206.163735,688.023263,1198.796620,649.592421
2023-11-16,206.228247,206.064585,204.923618,683.884663,1191.585614,645.684990
2023-11-17,205.824148,205.660807,204.522076,682.544610,1189.250736,644.419789
2023-11-20,205.736903,205.573631,204.435383,682.255292,1188.746633,644.146631
2023-11-21,206.269472,206.105778,204.964583,684.021373,1191.823815,645.814065
2023-11-22,204.931172,204.768539,203.634749,679.583362,1184.091122,641.623947
2023-11-23,205.235585,205.072711,203.937236,680.592844,1185.850021,642.577042
2023-11-24,204.579986,204.417633,203.285785,678.418778,1182.061976,640.524413
2023-11-27,204.247650,204.085560,202.955551,677.316698,1180.141737,639.483892
2023-11-28,203.862482,203.700698,202.572820,676.039424,1177.916242,638.277962
2023-11-29,203.027957,202.866835,201.743574,673.272010,1173.094361,635.665127
2023-11-30,204.245093,204.083005,202.953011,677.308220,1180.126965,639.475887
2023-12-01,205.481663,205.318593,204.181757,681.408875,1187.271856,643.347493
2023-12-04,206.522604,206.358708,205.216113,684.860796,1193.286407,646.606600
2023-12-05,202.518277,202.357560,201.237119,671.581833,1170.149433,634.069358
2023-12-06,201.324572,201.164802,200.050965,667.623323,1163.252212,630.331958
2023-12-07,201.769900,201.609776,200.493476,669.100098,1165.825313,631.726245
2023-12-08,203.722280,203.560607,202.433505,675.574493,1177.106156,637.839000
2023-12-11,203.796829,203.635097,202.507583,675.821708,1177.536899,638.072407
2023-12-12,204.669771,204.507346,203.375002,678.716518,1182.580751,640.805522
2023-12-13,202.405002,202.244375,201.124561,671.206196,1169.494931,633.714703
2023-12-14,202.389226,202.228611,201.108883,671.153877,1169.403772,633.665307
2023-12-15,201.400634,201.240804,200.126546,667.875556,1163.691698,630.570102
2023-12-18,201.823755,201.663589,200.546990,669.278689,1166.136486,631.894861
2023-12-19,202.381139,202.220530,201.100848,671.127060,1169.357046,633.639987
2023-12-20,201.634423,201.474407,200.358856,668.650836,1165.042529,631.302078
2023-12-21,202.290859,202.130322,201.011139,670.827679,1168.835411,633.357329
2023-12-22,203.494044,203.332552,202.206712,674.817625,1175.787406,637.124409
2023-12-25,204.511647,204.349348,203.217878,678.192154,1181.667111,640.310447
2023-12-26,204.539965,204.377643,203.246017,678.286061,1181.830732,640.399109
2023-12-27,207.742121,207.577258,206.427916,688.904904,1200.332772,650.424817
2023-12-28,208.162373,207.997176,206.845509,690.298524,1202.760985,651.740593
2023-12-29,209.912888,209.746302,208.584950,696.103502,1212.875450,657.221322
2024-01-02,209.809839,209.643335,208.482553,695.761774,1212.280032,656.898683
2024-01-03,210.661801,210.494621,209.329126,698.587014,1217.202667,659.566113
2024-01-04,210.670957,210.503770,209.338223,698.617375,1217.255568,659.594779
2024-01-05,209.974169,209.807535,208.645843,696.306719,1213.229532,657.413189
2024-01-08,208.797603,208.631902,207.476720,692.405044,1206.431338,653.729449
2024-01-09,208.805281,208.639575,207.484350,692.430508,1206.475706,653.753491
2024-01-10,207.215465,207.051020,205.904592,687.158432,1197.289757,648.775896
2024-01-11,205.496818,205.333737,204.196817,681.459132,1187.359422,643.394942
2024-01-12,206.177777,206.014156,204.873468,683.717299,1191.294002,645.526975
2024-01-15,206.865974,206.701806,205.557311,685.999465,1195.270399,647.681666
2024-01-16,207.372804,207.208234,206.060935,687.680192,1198.198860,649.268513
2024-01-17,204.267373,204.105267,202.975149,677.382103,1180.255697,639.545644
2024-01-18,205.069994,204.907251,203.772693,680.043718,1184.893236,642.058589
2024-01-19,204.895919,204.733314,203.599719,679.466458,1183.887430,641.513572
2024-01-22,201.898978,201.738752,200.621737,669.528140,1166.571123,632.130378
2024-01-23,201.965819,201.805540,200.688156,669.749797,1166.957334,632.339654
2024-01-24,207.054212,206.889895,205.744359,686.623692,1196.358037,648.271025
2024-01-25,214.698755,214.528371,213.340541,711.974174,1240.528161,672.205509
2024-01-26,216.463790,216.292006,215.094411,717.827304,1250.726526,677.731701
2024-01-29,216.370233,216.198523,215.001445,717.517055,1250.185954,677.438781
2024-01-30,214.454971,214.284780,213.098299,711.165748,1239.119578,671.442239
2024-01-31,213.815859,213.646176,212.449184,709.046355,1235.426793,669.396972
2024-02-01,213.708489,214.326364,212.342501,708.690299,1239.360040,669.060826
2024-02-02,213.574245,214.014842,212.209115,708.245126,1237.558639,668.640548
2024-02-05,215.550372,216.155920,214.172611,714.798268,1249.939600,674.827243
2024-02-06,219.551150,221.077581,218.147816,728.065464,1278.399512,687.352546
2024-02-07,219.889577,221.494868,218.484080,729.187741,1280.812509,688.412066
2024-02-08,219.173045,220.879334,217.772128,726.811610,1277.253134,686.168807
2024-02-19,232.598052,235.426031,231.111325,771.331004,1361.370619,728.198707
2024-02-20,234.339058,236.276140,232.841203,777.104447,1366.286445,733.649303
2024-02-21,231.976356,233.603231,230.493603,769.269365,1350.830124,726.252353
2024-02-22,237.627368,239.688694,236.108494,788.008990,1386.019822,743.944071
2024-02-23,236.869450,238.784763,235.355421,785.495619,1380.792768,741.571246
2024-02-26,234.595519,236.997066,233.096025,777.954913,1370.455262,734.452212
2024-02-27,239.895340,243.235665,238.361970,795.529937,1406.530476,751.044452
2024-02-28,237.472509,240.053922,235.954626,787.495456,1388.131785,743.459254
2024-02-29,241.218749,243.953964,239.676920,799.918564,1410.684104,755.187670
2024-03-01,243.903612,247.130582,242.344622,808.821984,1429.053163,763.593217
2024-03-04,249.949586,252.557251,248.351951,828.871365,1460.433328,782.521451
2024-03-05,251.665699,253.967621,250.057095,834.562262,1468.588908,787.894116
2024-03-06,251.307619,253.390673,249.701304,833.374813,1465.252659,786.773068
2024-03-07,250.576466,252.036770,248.974824,830.950196,1457.423600,784.484034
2024-03-08,254.962123,256.476834,253.332449,845.493713,1483.098637,798.214288
2024-03-11,252.715454,254.754991,251.100140,838.043410,1473.141940,791.180601
2024-03-12,244.035804,246.111256,242.475968,809.260351,1423.158824,764.007071
2024-03-13,243.917662,245.972815,242.358582,808.868576,1422.358274,763.637204
2024-03-14,245.259073,247.426486,243.691419,813.316901,1430.764250,767.836782
2024-03-15,245.563874,247.695021,243.994272,814.327668,1432.317078,768.791027
2024-03-18,248.169508,250.560139,246.583251,822.968353,1448.884861,776.948531
2024-03-19,245.288696,247.412002,243.720853,813.415137,1430.680497,767.929524
2024-03-20,246.726711,248.662870,245.149676,818.183814,1437.913742,772.431540
2024-03-21,244.958733,246.684009,243.392999,812.320927,1426.470813,766.896501
2024-03-22,245.729509,247.683140,244.158848,814.876938,1432.248370,769.309582
2024-03-25,244.822450,246.866018,243.257587,811.868991,1427.523299,766.469838
2024-03-26,242.095124,243.098697,240.547693,802.824757,1405.738450,757.931351
2024-03-27,241.090610,242.035972,239.549600,799.493634,1399.593151,754.786502
2024-03-28,242.718725,243.774436,241.167308,804.892715,1409.645966,759.883670
2024-03-29,245.745361,246.706647,244.174599,814.929508,1426.601719,769.359213
2024-04-01,245.814760,247.140431,244.243554,815.159644,1429.110114,769.576479
2024-04-02,245.636480,246.681744,244.066414,814.568441,1426.457719,769.018336
2024-04-03,243.457102,244.115130,241.900966,807.341288,1411.616056,762.195321
2024-04-08,246.526647,246.767684,244.950891,817.520372,1426.954670,771.805197
2024-04-09,244.164588,244.890173,242.603930,809.687420,1416.097809,764.410259
2024-04-10,244.259737,244.428423,242.698470,810.002948,1413.427702,764.708142
2024-04-11,245.715824,245.929540,244.145251,814.831558,1422.108034,769.266740
2024-04-12,246.759194,247.697526,245.181952,818.291534,1432.331558,772.533236
2024-04-15,251.355182,251.950439,249.748563,833.532539,1456.924387,786.921975
2024-04-16,250.744655,251.349651,249.141938,831.507937,1453.450277,785.010588
2024-04-17,254.165049,254.896631,252.540469,842.850489,1473.960984,795.718872
2024-04-18,253.192703,254.001523,251.574339,839.626042,1468.784947,792.674733
2024-04-19,252.943954,253.056542,251.327179,838.801151,1463.320519,791.895970
2024-04-22,247.508855,247.307154,245.926820,820.777524,1430.074202,774.880211
2024-04-23,244.748122,244.521425,243.183734,811.622510,1413.965491,766.237139
2024-04-24,248.903699,249.013608,247.312749,825.403044,1439.941911,779.247075
2024-04-25,247.284302,247.440212,245.703704,820.032874,1430.843623,774.177202
2024-04-26,250.524385,251.732218,248.923076,830.777488,1455.662502,784.320985
2024-04-29,249.519119,250.906185,247.924235,827.443870,1450.885897,781.173780
2024-04-30,250.800873,251.849202,249.182091,831.694363,1456.338974,785.137102
2024-05-06,249.929424,251.112779,248.316267,828.804505,1452.080543,782.409015
2024-05-07,248.827340,250.477253,247.221296,825.149824,1448.405566,778.958918
2024-05-08,249.909632,251.272337,248.296602,828.738871,1453.003200,782.347055
2024-05-09,249.422104,251.775747,247.812222,827.122155,1455.914211,780.820841
2024-05-10,250.805999,252.365473,249.187184,831.711362,1459.324351,785.153150
2024-05-13,252.432968,253.604604,250.803652,837.106644,1466.489729,790.246410
2024-05-14,251.011646,251.774382,249.391503,832.393319,1455.906319,785.796931
2024-05-15,250.117997,250.372663,248.503623,829.429843,1447.800761,782.999347
2024-05-16,248.993826,249.003705,247.386708,825.701919,1439.884648,779.480108
2024-05-17,249.571050,248.867875,247.960206,827.616082,1439.099201,781.287119
2024-05-20,251.725324,251.587950,250.100575,834.759986,1454.828258,788.031115
2024-05-21,253.225914,252.858949,251.591480,839.736175,1462.177921,792.728743
2024-05-22,253.038663,252.080050,251.405437,839.115221,1457.673869,792.142549
2024-05-23,252.283040,250.796731,250.654692,836.609460,1450.252971,789.777058
2024-05-24,253.007778,251.157125,251.374752,839.012802,1452.336978,792.045864
2024-05-27,257.771859,256.005853,256.108083,854.811228,1480.375152,806.959913
2024-05-28,258.240306,256.313567,256.573507,856.364671,1482.154535,808.426396
2024-05-29,258.596121,256.742381,256.927025,857.544609,1484.634188,809.540282
2024-05-30,256.377350,254.790085,254.722575,850.186822,1473.344871,802.594375
2024-05-31,256.240248,254.793198,254.586358,849.732171,1473.362875,802.165175
2024-06-03,258.931949,257.390807,257.260686,858.658266,1488.383764,810.591598
2024-06-04,259.555152,257.686406,257.879866,860.724904,1490.093088,812.542548
2024-06-05,259.263735,256.354925,257.590330,859.758519,1482.393692,811.630260
2024-06-06,262.370565,259.471900,260.677108,870.061249,1500.417859,821.356255
2024-06-07,264.853286,261.664180,263.143803,878.294332,1513.094898,829.128460
2024-06-11,261.168941,257.768468,259.483239,866.076475,1490.567621,817.594545
2024-06-12,264.175883,260.975289,262.470773,876.047959,1509.111328,827.007837
2024-06-13,265.013899,261.723605,263.303380,878.826951,1513.438530,829.631264
2024-06-14,262.842202,260.141140,261.145700,871.625269,1504.287793,822.832724
2024-06-17,260.301725,257.592649,258.621621,863.200655,1489.550934,814.879709
2024-06-18,261.748592,259.496301,260.059149,867.998688,1500.558960,819.409155
2024-06-19,262.873040,260.124732,261.176339,871.727531,1504.192916,822.929261
2024-06-20,265.274370,262.399552,263.562169,879.690711,1517.347249,830.446671
2024-06-21,264.578367,261.715746,262.870659,877.382657,1513.393085,828.267820
2024-06-24,265.309224,261.871071,263.596799,879.806293,1514.291264,830.555783
2024-06-25,265.341327,261.902518,263.628694,879.912751,1514.473110,830.656282
2024-06-26,265.934030,262.484504,264.217572,881.878246,1517.838492,832.511751
2024-06-27,266.117802,262.101162,264.400158,882.487663,1515.621782,833.087054
2024-06-28,270.927473,268.250958,269.178785,898.437274,1551.183490,848.143824
2024-07-01,276.229381,273.475528,274.446473,916.019219,1581.395002,864.741553
2024-07-02,278.052333,275.030976,276.257658,922.064408,1590.389512,870.448339
2024-07-03,276.169648,272.622857,274.387124,915.821133,1576.464362,864.554555
2024-07-04,277.146033,273.820046,275.357207,919.058976,1583.387206,867.611148
2024-07-05,274.253326,271.021891,272.483171,909.466314,1567.206640,858.555472
2024-07-08,277.814697,274.079655,276.021556,921.276371,1584.888419,869.704416
2024-07-09,281.155153,277.487233,279.340451,932.353837,1604.593021,880.161778
2024-07-10,277.382273,274.082944,275.591923,919.842386,1584.907435,868.350704
2024-07-11,276.836175,273.989924,275.049350,918.031440,1584.369538,866.641133
2024-07-12,275.618702,272.536658,273.839734,913.994110,1575.965910,862.829808
2024-07-15,280.139766,276.489760,278.331618,928.986657,1598.825048,876.983090
2024-07-16,280.447425,276.455931,278.637291,930.006902,1598.629429,877.946222
2024-07-17,276.220122,271.799111,274.437273,915.988513,1571.700979,864.712566
2024-07-18,278.562208,274.325374,276.764242,923.755231,1586.309310,872.044513
2024-07-19,277.416835,273.254928,275.626262,919.956998,1580.119364,868.458900
2024-07-22,273.428722,269.107370,271.663890,906.731800,1556.135765,855.974033
2024-07-23,272.737227,267.324782,270.976858,904.438697,1545.827804,853.809294
2024-07-24,276.398388,270.751387,274.614389,916.579672,1565.642428,865.270632
2024-07-25,271.650998,264.932969,269.897640,900.836595,1531.996947,850.408834
2024-07-26,269.767783,264.235369,268.026580,894.591561,1527.963016,844.513390
2024-07-29,271.769497,265.873905,270.015375,901.229556,1537.437985,850.779798
2024-07-30,267.239003,261.236236,265.514123,886.205740,1510.620280,836.596997
2024-07-31,265.028670,259.611611,263.309812,878.875935,1501.225749,829.651529
2024-08-01,266.460319,260.191069,264.732175,883.623503,1504.576513,834.133193
2024-08-02,265.272582,258.764893,263.552142,879.684784,1496.329532,830.415075
2024-08-05,261.492477,253.215353,259.796552,867.149372,1464.238855,818.581752
2024-08-06,259.553824,252.240002,257.870473,860.720500,1458.598806,812.512950
2024-08-07,263.047990,255.221428,261.341977,872.307693,1475.839152,823.451164
2024-08-08,261.165226,253.653462,259.471424,866.064158,1466.772257,817.557319
2024-08-09,262.009066,255.130958,260.309791,868.862462,1475.316002,820.198894
2024-08-12,262.959988,256.100824,261.254545,872.015863,1480.924332,823.175679
2024-08-13,264.637861,257.431074,262.921537,877.579949,1488.616610,828.428129
2024-08-14,265.953906,257.561386,264.229047,881.944159,1489.370152,832.547907
2024-08-15,269.056422,260.145145,267.311441,892.232579,1504.310952,842.260089
2024-08-16,271.220957,262.940580,269.461937,899.410510,1520.475786,849.035996
2024-08-19,274.112417,264.499139,272.334645,908.999039,1529.488288,858.087488
2024-08-20,273.046442,263.136117,271.275583,905.464100,1521.606495,854.750534
2024-08-21,271.295438,262.823565,269.535936,899.657503,1519.799138,849.269155
2024-08-22,274.299113,264.990584,272.520130,909.618152,1532.330109,858.671924
2024-08-23,273.013068,264.306830,271.242426,905.353429,1528.376242,854.646062
2024-08-26,273.394055,264.688811,271.620942,906.616839,1530.585079,855.838710
2024-08-27,275.185755,265.493867,273.401022,912.558393,1535.240381,861.447488
2024-08-28,274.432412,264.954745,272.652565,910.060191,1532.122863,859.089206
2024-08-29,267.065504,259.910190,265.333435,885.630389,1502.952308,836.027677
2024-08-30,263.513209,259.278691,261.804179,873.850431,1499.300608,824.907495
2024-09-02,266.120792,260.407168,264.394850,882.497577,1505.826121,833.070329
2024-09-03,259.766505,255.506268,258.081775,861.425784,1477.486263,813.178733
2024-09-04,257.186232,252.189188,255.518236,852.869200,1458.304972,805.101389
2024-09-05,255.397137,250.542890,253.740744,846.936283,1448.785113,799.500765
2024-09-06,253.759821,248.847643,252.114047,841.506691,1438.982210,794.375275
2024-09-09,250.000207,245.283168,248.378816,829.039233,1418.370333,782.606099
2024-09-10,251.131401,245.950019,249.502674,832.790446,1422.226458,786.147213
2024-09-11,243.412159,239.956543,241.833495,807.192250,1387.568679,761.982730
2024-09-12,245.058253,240.764519,243.468913,812.650950,1392.240869,767.135697
2024-09-13,246.047813,242.639378,244.452055,815.932484,1403.082400,770.233438
2024-09-18,249.002875,245.168445,247.387952,825.731926,1417.706942,779.484029
2024-09-19,249.093966,246.428891,247.478453,826.033999,1424.995573,779.769183
2024-09-20,251.259658,248.857794,249.630099,833.215768,1439.040909,786.548713
2024-09-23,255.567535,251.526624,253.910037,847.501350,1454.473637,800.034184
2024-09-24,265.585761,260.275877,263.863289,880.723333,1505.066920,831.395457
2024-09-25,267.986093,262.345116,266.248054,888.683205,1517.032467,838.909510
2024-09-26,272.076792,266.140821,270.312222,902.248592,1538.981446,851.715122
2024-09-27,269.776095,266.726776,268.026447,894.619127,1542.369784,844.512971
2024-09-30,282.952196,282.041065,281.117093,938.313109,1630.925932,885.759724
2024-10-08,282.695914,284.984396,280.862474,937.463239,1647.945992,884.957454
2024-10-09,266.916074,267.624025,265.184974,885.134855,1547.558197,835.559898
2024-10-10,276.564329,276.409124,274.770655,917.129958,1598.358764,865.763007
2024-10-11,273.683519,272.387302,271.908529,907.576747,1575.102244,856.744855
2024-10-14,278.489781,277.801391,276.683619,923.515052,1606.409665,871.790482
2024-10-15,271.545093,270.665456,269.783971,900.485396,1565.145526,850.050679
2024-10-16,273.769732,271.225610,271.994182,907.862642,1568.384667,857.014738
2024-10-17,271.029033,269.397686,269.271258,898.774062,1557.814541,848.435194
2024-10-18,273.482629,274.045714,271.708942,906.910565,1584.692150,856.115985
2024-10-21,270.260022,273.112044,268.507235,896.223902,1579.293129,846.027864
2024-10-22,272.120447,275.793328,270.355594,902.393358,1594.797873,851.851779
2024-10-23,271.267008,274.771575,269.507690,899.563223,1588.889504,849.180156
2024-10-24,270.972610,274.132726,269.215201,898.586953,1585.195307,848.258566
2024-10-25,267.599911,270.559108,265.864376,887.402565,1564.530561,837.700596
2024-10-28,267.117906,269.688189,265.385497,885.804162,1559.494400,836.191717
2024-10-29,265.834350,268.861936,264.110266,881.547694,1554.716522,832.173647
2024-10-30,262.646386,266.263398,260.942978,870.975912,1539.690263,822.193973
2024-10-31,262.180669,264.930573,260.472940,869.431521,1531.983091,820.712953
2024-11-01,265.485356,268.293810,263.756103,880.390375,1551.431286,831.057728
2024-11-04,266.361274,268.789469,264.626315,883.295053,1554.297478,833.799643
2024-11-05,267.901774,270.455072,266.156781,888.403590,1563.928967,838.621923
2024-11-06,263.821985,266.436752,262.103566,874.874381,1540.692696,825.850823
2024-11-07,266.131305,268.932901,264.397844,882.532439,1555.126884,833.079762
2024-11-08,263.815722,266.420822,262.097344,874.853611,1540.600578,825.831217
2024-11-11,260.814036,263.329324,259.115209,864.899557,1522.723733,816.434937
2024-11-12,257.785384,260.251852,256.106285,854.856081,1504.927996,806.954247
2024-11-13,260.549731,263.175015,258.852627,864.023082,1521.831429,815.607576
2024-11-14,258.979604,261.526539,257.292726,858.816296,1512.298977,810.692552
2024-11-15,258.823186,260.404652,257.137327,858.297590,1505.811572,810.202912
2024-11-18,261.999639,263.355604,260.293090,868.831200,1522.875697,820.146272
2024-11-19,261.168466,262.691140,259.467331,866.074901,1519.033384,817.544422
2024-11-20,261.490206,262.853955,259.786975,867.141841,1519.974873,818.551576
2024-11-21,262.306129,263.247005,260.597584,869.847569,1522.247716,821.105688
2024-11-22,256.233252,257.461633,254.564263,849.708972,1488.793322,802.095557
2024-11-25,254.158322,255.657850,252.502848,842.828185,1478.362798,795.600334
2024-11-26,254.737585,256.120412,253.078338,844.749108,1481.037601,797.413618
2024-11-27,258.480409,259.843493,256.796783,857.160890,1502.566626,809.129906
2024-11-28,256.511279,257.518310,254.840478,850.630950,1489.121061,802.965872
2024-11-29,256.484298,257.326159,254.813673,850.541478,1488.009934,802.881413
2024-12-02,257.951557,259.231091,256.271375,855.407135,1499.025359,807.474423
2024-12-03,262.556754,263.004614,260.846576,870.678679,1520.846070,821.890227
2024-12-04,265.006014,265.479207,263.279883,878.800803,1535.155613,829.557228
2024-12-05,263.224565,263.643934,261.510037,872.893242,1524.542993,823.980697
2024-12-06,264.636961,265.475006,262.913234,877.576966,1535.131317,828.401969
2024-12-09,266.282758,266.887664,264.548311,883.034682,1543.300131,833.553862
2024-12-10,266.539157,267.455233,264.803040,883.884942,1546.582147,834.356477
2024-12-11,267.087158,268.350851,265.347471,885.702198,1551.761130,836.071903
2024-12-12,268.788337,270.162676,267.037570,891.343569,1562.238158,841.397161
2024-12-13,265.384447,266.362237,263.655851,880.055743,1540.261803,830.741848
2024-12-16,269.287821,269.247816,267.533800,892.999935,1556.947909,842.960712
2024-12-17,269.632156,269.932856,267.875892,894.141803,1560.909207,844.038596
2024-12-18,270.732694,270.688402,268.969261,897.791355,1565.278217,847.483645
2024-12-19,268.957897,269.274795,267.206025,891.905856,1557.103914,841.927940
2024-12-20,265.272030,265.892901,263.544167,879.682954,1537.547832,830.389947
2024-12-23,270.083858,270.527780,268.324652,895.639716,1564.349402,845.452573
2024-12-24,272.482783,273.608384,270.707951,903.594920,1582.163252,852.962008
2024-12-25,275.158178,275.859042,273.365920,912.466945,1595.177870,861.336888
2024-12-26,272.711457,273.551663,270.935136,904.353241,1581.835261,853.677836
2024-12-27,272.784923,273.403306,271.008124,904.596866,1580.977372,853.907809
2024-12-30,274.671368,275.470453,272.882281,910.852606,1592.930825,859.813009
2024-12-31,273.627056,274.393588,271.844771,907.389508,1586.703761,856.543965
2025-01-02,267.362262,268.440395,265.620783,886.614483,1552.278924,836.933068
2025-01-03,265.540404,267.148831,263.810792,880.572923,1544.810349,831.230047
2025-01-06,264.703925,266.644051,262.979761,877.799028,1541.891418,828.611587
2025-01-07,265.017398,267.390578,263.291193,878.838553,1546.208272,829.592863
2025-01-08,267.088400,269.171185,265.348705,885.706316,1556.504783,836.075791
2025-01-09,263.185676,265.805330,261.471401,872.764279,1537.041447,823.858961
2025-01-10,260.998798,263.384944,259.298768,865.512255,1523.045358,817.013304
2025-01-13,258.580144,261.213228,256.895868,857.491628,1510.487235,809.442111
2025-01-14,262.320451,264.674319,260.611813,869.895062,1530.501280,821.150520
2025-01-15,261.930989,263.877753,260.224887,868.603544,1525.895071,819.931372
2025-01-16,262.935351,265.193397,261.222707,871.934165,1533.502893,823.075361
2025-01-17,262.038207,264.223066,260.331407,868.959097,1527.891869,820.267002
2025-01-20,261.224909,263.355474,259.523406,866.262075,1522.874948,817.721107
2025-01-21,260.484788,262.434003,258.788106,863.807720,1517.546465,815.404281
2025-01-22,258.160055,259.634278,256.478515,856.098546,1501.356820,808.127092
2025-01-23,261.283118,262.426496,259.581236,866.455106,1517.503057,817.903322
2025-01-24,261.858578,263.091978,260.152948,868.363419,1521.351260,819.704703
2025-01-27,265.208912,266.199918,263.462400,879.473645,1539.323182,830.132314
2025-02-05,261.815252,263.538979,260.091089,868.219743,1523.936079,819.509793
2025-02-06,262.455736,265.524490,260.727355,870.343686,1535.417465,821.514576
2025-02-07,264.701864,268.120679,262.958691,877.792194,1550.430144,828.545199
2025-02-10,265.398482,270.529340,263.650721,880.102285,1564.358423,830.725686
2025-02-11,265.857805,270.379464,264.107020,881.625474,1563.491754,832.163419
2025-02-12,266.490019,271.159478,264.735070,883.721990,1568.002249,834.142314
2025-02-13,263.255390,267.473849,261.521743,872.995465,1546.689797,824.017581
2025-02-14,264.181895,269.154046,262.442147,876.067898,1556.405671,826.917641
2025-02-17,267.521633,273.173449,265.759891,887.142982,1579.648207,837.371377
2025-02-18,265.308023,270.666897,263.560859,879.802312,1565.153862,830.442542
2025-02-19,265.217017,271.488796,263.470452,879.500521,1569.906561,830.157683
2025-02-20,264.413109,270.590762,262.671838,876.834639,1564.713602,827.641365
2025-02-21,271.413152,280.314275,269.625783,900.047861,1620.940627,849.552251
2025-02-24,270.622606,278.922815,268.840443,897.426287,1612.894393,847.077755
2025-02-25,267.574741,276.450880,265.812650,887.319098,1598.600222,837.537613
2025-02-26,270.800076,279.079728,269.016744,898.014807,1613.801758,847.633257
2025-02-27,271.060673,278.613416,269.275625,898.878985,1611.105270,848.448952
2025-02-28,263.508414,270.644017,261.773101,873.834530,1565.021556,824.809573
2025-03-03,261.399829,268.225196,259.678401,866.842136,1551.034521,818.209474
2025-03-04,260.888768,267.347693,259.170706,865.147379,1545.960289,816.609798
2025-03-05,266.172117,272.131592,264.419262,882.667778,1573.623579,833.147247
2025-03-06,269.149286,276.201690,267.376825,892.540530,1597.159260,842.466105
2025-03-07,266.470397,273.858543,264.715577,883.656921,1583.609818,834.080895
2025-03-10,265.797351,272.271668,264.046964,881.424997,1574.433580,831.974189
2025-03-11,267.167250,272.842715,265.407841,885.967793,1577.735709,836.262120
2025-03-12,266.814566,272.178801,265.057481,884.798241,1573.896572,835.158183
2025-03-13,264.725033,268.614478,262.981708,877.869026,1553.285577,828.617720
2025-03-14,270.029702,273.254240,268.251443,895.460126,1580.115389,845.221902
2025-03-17,270.627794,272.279677,268.845596,897.443491,1574.479897,847.093994
2025-03-18,271.931283,274.363727,270.140502,901.766064,1586.531088,851.174056
2025-03-19,269.962159,271.705316,268.184345,895.236144,1571.158604,845.010486
2025-03-20,268.555091,270.498145,266.786544,890.570090,1564.178040,840.606213
2025-03-21,263.776656,265.301883,262.039576,874.724061,1534.130221,825.649198
2025-03-24,266.785701,268.572261,265.028806,884.702520,1553.041453,835.067833
2025-03-25,263.917373,265.373651,262.179366,875.190700,1534.545227,826.089657
2025-03-26,263.602403,265.132196,261.866471,874.146213,1533.148989,825.103769
2025-03-27,265.569746,266.987317,263.820858,880.670223,1543.876381,831.261761
2025-03-28,265.094894,266.184498,263.349133,879.095543,1539.234017,829.775425
2025-03-31,267.161961,267.536530,265.402587,885.950254,1547.052255,836.245565
2025-04-01,267.573568,267.865953,265.811484,887.315208,1548.957171,837.533941
2025-04-02,269.050524,269.184177,267.278714,892.213021,1556.579907,842.156971
2025-04-03,267.828091,266.526405,266.064330,888.159244,1541.211121,838.330623
2025-04-07,250.435229,248.552953,248.786008,830.481834,1437.278141,783.889103
2025-04-08,251.904510,249.956499,250.245613,835.354195,1445.394258,788.488109
2025-04-09,255.730612,255.114243,254.046518,848.042138,1475.219346,800.464218
2025-04-10,258.805957,257.898029,257.101611,858.240458,1491.316820,810.090379
2025-04-11,259.761032,260.168702,258.050396,861.407632,1504.447175,813.079864
2025-04-14,262.401792,262.175917,260.673766,870.164799,1516.054060,821.345726
2025-04-15,265.042528,263.138849,263.297111,878.921887,1521.622297,829.611512
2025-04-16,268.245043,265.862439,266.478537,889.541921,1537.371683,839.635728
2025-04-17,269.446354,266.067192,267.671937,893.525654,1538.555683,843.395961
2025-04-18,269.110240,265.123862,267.338036,892.411048,1533.100802,842.343888
2025-04-21,270.787520,268.259258,269.004270,897.973167,1551.231489,847.593953
2025-04-22,272.517970,269.347830,270.723325,903.711607,1557.526244,853.010448
2025-04-23,272.301553,269.599129,270.508333,902.993934,1558.979405,852.333039
2025-04-24,272.693770,268.909012,270.897968,904.294588,1554.988746,853.560722
2025-04-25,271.512823,268.197439,269.724797,900.378383,1550.874014,849.864229
2025-04-28,272.974074,269.206413,271.176425,905.224117,1556.708491,854.438101
2025-04-29,273.177230,269.548977,271.378243,905.897814,1558.689392,855.074002
2025-04-30,270.871132,267.865650,269.069150,898.250438,1548.955415,847.798378
2025-05-06,274.067729,270.695758,272.244481,908.850847,1565.320749,857.803393
2025-05-07,275.291290,271.440576,273.459902,912.908364,1569.627724,861.633011
2025-05-08,277.184039,271.860006,275.340059,919.185010,1572.053111,867.557117
2025-05-09,276.314609,270.930120,274.476413,916.301847,1566.675972,864.835892
2025-05-12,279.705763,272.386154,277.845007,927.547435,1575.095605,875.449849
2025-05-13,281.028909,273.383816,279.159352,931.935193,1580.864669,879.591160
2025-05-14,285.642110,276.517695,283.741863,947.233280,1598.986588,894.029998
2025-05-15,282.665657,273.994568,280.785211,937.362902,1584.396395,884.714011
2025-05-16,281.385418,274.104019,279.513488,933.117430,1585.029303,880.706995
2025-05-19,279.496719,271.942504,277.637354,926.854214,1572.530161,874.795564
2025-05-20,281.136800,273.924930,279.266525,932.292977,1583.993708,879.928848
2025-05-21,281.486998,274.371273,279.614393,933.454288,1586.574725,881.024932
2025-05-22,281.981134,275.056775,280.105241,935.092917,1590.538695,882.571524
2025-05-23,278.779716,272.344946,276.925121,924.476521,1574.857315,872.551419
2025-05-26,277.614313,270.564525,275.767472,920.611867,1564.561884,868.903832
2025-05-27,275.770209,268.079604,273.935635,914.496533,1550.192620,863.131977
2025-05-28,275.938736,267.514887,274.103040,915.055393,1546.927100,863.659448
2025-05-29,278.284327,270.726510,276.433028,922.833735,1565.498575,871.000904
2025-05-30,277.022408,270.193022,275.179504,918.649019,1562.413637,867.051231
2025-06-03,279.425455,271.773883,277.566564,926.617891,1571.555098,874.572515
2025-06-04,282.647108,274.053685,280.766785,937.301390,1584.738244,884.655954
2025-06-05,285.744957,276.273756,283.844026,947.574335,1597.575987,894.351898
2025-06-06,284.958603,276.032227,283.062903,944.966665,1596.179328,891.890693
2025-06-09,285.839896,278.444211,283.938333,947.889167,1610.126823,894.649047
2025-06-10,283.800925,277.175364,281.912926,941.127625,1602.789613,888.267281
2025-06-11,286.650418,278.897621,284.743463,950.576982,1612.748704,897.185895
2025-06-12,287.492450,280.300568,285.579893,953.369291,1620.861363,899.821368
2025-06-13,284.219631,277.023473,282.328847,942.516120,1601.911289,889.577788
2025-06-16,287.106135,277.299131,285.196148,952.088210,1603.505304,898.612242
2025-06-17,286.261377,275.030786,284.357010,949.286863,1590.388410,895.968238
2025-06-18,289.656483,276.984905,287.729530,960.545560,1601.688268,906.594567
2025-06-19,287.170821,274.363097,285.260404,952.302721,1586.527443,898.814704
2025-06-20,287.930666,274.588053,286.015194,954.822484,1587.828268,901.192940
2025-06-23,289.839959,276.208071,287.911785,961.153992,1597.196162,907.168825
2025-06-24,295.943109,282.056953,293.974334,981.392980,1631.017806,926.271050
2025-06-25,303.353001,288.913271,301.334931,1005.965324,1670.665036,949.463238
2025-06-26,301.880200,285.958616,299.871928,1001.081288,1653.579501,944.853524
2025-06-27,296.221543,281.802792,294.250915,982.316308,1629.548098,927.142517
2025-06-30,298.458290,285.227614,296.472783,989.733708,1649.352416,934.143304
2025-07-01,297.585951,283.780795,295.606247,986.840897,1640.986064,931.412974
2025-07-02,294.388833,281.082874,292.430398,976.238760,1625.385114,921.406327
2025-07-03,298.482161,283.462149,296.496495,989.812867,1639.143469,934.218017
2025-07-04,302.137265,286.504150,300.127283,1001.933757,1656.734095,945.658113
2025-07-07,299.999016,284.520060,298.003258,994.842991,1645.260931,938.965614
2025-07-08,300.813924,284.944369,298.812745,997.545352,1647.714530,941.516191
2025-07-09,300.065493,283.335018,298.069293,995.063440,1638.408325,939.173681
2025-07-10,299.996704,281.823087,298.000963,994.835327,1629.665459,938.958380
2025-07-11,299.642629,284.494424,297.649243,993.661158,1645.112688,937.850161
2025-07-14,301.298810,285.900143,299.294406,999.153311,1653.241372,943.033836
2025-07-15,302.797166,287.433023,300.782794,1004.122088,1662.105378,947.723532
2025-07-16,302.087648,287.702782,300.077996,1001.769218,1663.665282,945.502816
2025-07-17,306.920675,291.496409,304.878871,1017.796280,1685.602248,960.629685
2025-07-18,306.961628,293.294953,304.919552,1017.932087,1696.002478,960.757864
2025-07-21,308.254145,292.759784,306.203470,1022.218273,1692.907817,964.803307
2025-07-22,307.302906,293.240044,305.258560,1019.063819,1695.684959,961.826030
2025-07-23,308.398114,293.929257,306.346481,1022.695695,1699.670396,965.253914
2025-07-24,308.363979,294.358335,306.312573,1022.582499,1702.151573,965.147076
2025-07-25,309.680567,296.218419,307.620403,1026.948507,1712.907662,969.267858
2025-07-28,312.559150,297.639192,310.479835,1036.494332,1721.123402,978.277522
2025-07-29,312.143287,299.174583,310.066739,1035.115267,1730.001929,976.975915
2025-07-30,310.372181,298.508711,308.307416,1029.242008,1726.151469,971.432540
2025-07-31,307.855735,293.479248,305.788481,1020.897083,1697.068177,963.495736
2025-08-01,306.677502,291.061068,304.618161,1016.989883,1683.084854,959.808224
2025-08-04,308.541859,291.626234,306.469998,1023.172376,1686.352972,965.643098
2025-08-05,313.734863,296.225111,311.628131,1040.393180,1712.946362,981.895638
2025-08-06,313.212489,297.035511,311.109265,1038.660906,1717.632566,980.260764
2025-08-07,312.845935,295.597984,310.745173,1037.445358,1709.319946,979.113561
2025-08-08,311.701052,294.715063,309.607977,1033.648747,1704.214380,975.530420
2025-08-11,311.571537,296.562874,309.479331,1033.219255,1714.899504,975.125077
2025-08-12,315.615019,299.481927,313.495661,1046.628065,1731.779167,987.779958
2025-08-13,316.578124,302.241333,314.452299,1049.821871,1747.735664,990.794188
2025-08-14,318.765090,303.731483,316.624580,1057.074186,1756.352581,997.638732
2025-08-15,321.636489,306.255983,319.476697,1066.596188,1770.950710,1006.625346
2025-08-18,326.267386,312.550905,324.076498,1081.952959,1807.351624,1021.118661
2025-08-19,322.904788,312.101652,320.736479,1070.802063,1804.753782,1010.594739
2025-08-20,326.742472,316.202381,324.548393,1083.528414,1828.466586,1022.605535
2025-08-21,328.003144,316.722702,325.800600,1087.708998,1831.475386,1026.551059
2025-08-22,335.813112,325.893888,333.558124,1113.608056,1884.508533,1050.993907
2025-08-25,342.844884,333.206643,340.542678,1136.926496,1926.795148,1073.001236
2025-08-26,339.144141,331.181043,336.866786,1124.654263,1915.081944,1061.419026
2025-08-27,334.006366,325.647570,331.763511,1107.616610,1883.084180,1045.339338
2025-08-28,341.951617,332.981968,339.655409,1133.964284,1925.495943,1070.205578
2025-08-29,343.149084,337.483263,340.844835,1137.935271,1951.525059,1073.953291
2025-09-01,340.827437,340.629502,338.538778,1130.236332,1969.718447,1066.687235
2025-09-02,339.410039,337.596847,337.130898,1125.536023,1952.181869,1062.251207
2025-09-03,331.794353,335.671289,329.566351,1100.281232,1941.047167,1038.416401
2025-09-04,323.622259,323.683920,321.449133,1073.181307,1871.729210,1012.840207
2025-09-05,326.881260,331.278835,324.686250,1083.988658,1915.647434,1023.039900
2025-09-08,324.499570,330.446270,322.320553,1076.090607,1910.833060,1015.585928
2025-09-09,325.050900,328.614182,322.868181,1077.918903,1900.238859,1017.311426
2025-09-10,325.596646,327.511151,323.410262,1079.728681,1893.860488,1019.019446
2025-09-11,332.066184,333.883167,329.836357,1101.182666,1930.707203,1039.267151
2025-09-12,330.798904,333.900163,328.577586,1096.980169,1930.805482,1035.300945
2025-09-15,328.583779,332.822698,326.377336,1089.634473,1924.574953,1028.368272
2025-09-16,327.747615,332.881188,325.546787,1086.861624,1924.913176,1025.751329
2025-09-17,328.993063,334.727886,326.783872,1090.991721,1935.591860,1029.649207
2025-09-18,321.280690,329.081200,319.123288,1065.416305,1902.939428,1005.511804
2025-09-19,319.997255,326.936001,317.848471,1061.160237,1890.534639,1001.495039
2025-09-22,319.944789,327.945748,317.796358,1060.986252,1896.373584,1001.330836
2025-09-23,316.636571,322.978397,314.510354,1050.015689,1867.649463,990.977109
2025-09-24,318.794546,327.480282,316.653839,1057.171869,1893.681987,997.730923
2025-09-25,319.245333,330.542757,317.101598,1058.666747,1911.391006,999.141748
2025-09-26,316.499526,326.553421,314.374230,1049.561229,1888.322338,990.548201
2025-09-29,320.627052,331.649444,318.474039,1063.248741,1917.790512,1003.466114
2025-09-30,321.366819,337.949486,319.208838,1065.701921,1954.221032,1005.781361
2025-10-09,322.954511,342.747680,320.785869,1070.966952,1981.966986,1010.750357
2025-10-10,319.854252,333.630187,317.706428,1060.686016,1929.244327,1001.047482
2025-10-13,319.131807,332.336524,316.988835,1058.290278,1921.763613,998.786448
2025-10-14,319.516450,325.611543,317.370895,1059.565814,1882.875851,999.990264
2025-10-15,324.663261,332.406132,322.483145,1076.633432,1922.166127,1016.098232
2025-10-16,328.197475,333.511786,325.993626,1088.353430,1928.559663,1027.159257
2025-10-17,322.889334,324.732252,320.721130,1070.750818,1877.791278,1010.546376
2025-10-20,324.247617,327.376272,322.070292,1075.255092,1893.080539,1014.797391
2025-10-21,328.199390,332.814528,325.995528,1088.359779,1924.527711,1027.165249
2025-10-22,330.035703,332.968230,327.819511,1094.449278,1925.416506,1032.912357
2025-10-23,331.003343,333.018236,328.780653,1097.658122,1925.705668,1035.940780
2025-10-24,334.622601,337.658368,332.375608,1109.660139,1952.537618,1047.267967
2025-10-27,335.964533,340.931193,333.708528,1114.110191,1971.462998,1051.467808
2025-10-28,332.193935,335.721981,329.963250,1101.606308,1941.340301,1039.666973
2025-10-29,332.145511,339.994662,329.915151,1101.445726,1966.047431,1039.515420
2025-10-30,326.504267,336.168670,324.311788,1082.738490,1943.923317,1021.860024
2025-10-31,323.084932,334.204226,320.882567,1071.399448,1932.563751,1011.055040
2025-11-03,320.707494,332.003624,318.521336,1063.515500,1919.838588,1003.615139
2025-11-04,316.091560,326.418111,313.936867,1048.208349,1887.539898,989.170133
2025-11-05,316.172219,326.922518,314.016976,1048.475828,1890.456672,989.422546
2025-11-06,326.125298,335.550950,323.902209,1081.481773,1940.351295,1020.569499
2025-11-07,325.286985,335.268800,323.069609,1078.701796,1938.719741,1017.946098
2025-11-10,321.957660,332.746863,319.762980,1067.661242,1924.136428,1007.527381
2025-11-11,314.030367,324.543539,311.889724,1041.373114,1876.700027,982.719879
2025-11-12,312.916325,324.122824,310.783276,1037.678779,1874.267209,979.233620
2025-11-13,320.507281,332.809785,318.322487,1062.851562,1924.500280,1002.988596
2025-11-14,311.245019,324.133790,309.123363,1032.136472,1874.330621,974.003471
2025-11-17,311.786213,324.184294,309.660868,1033.931155,1874.622662,975.697073
2025-11-18,306.535778,319.246875,304.446224,1016.519904,1846.071628,959.266475
2025-11-19,309.156225,321.749299,307.048808,1025.209711,1860.542104,967.466846
2025-11-20,309.060052,322.112338,306.953291,1024.890786,1862.641407,967.165884
2025-11-21,293.359676,306.344053,291.359938,972.825916,1771.459987,918.033463
2025-11-24,289.647006,303.094094,287.672577,960.514131,1752.666824,906.415114
2025-11-25,296.162812,310.020279,294.143966,982.121548,1792.718068,926.805537
2025-11-26,303.220968,316.834626,301.154010,1005.527483,1832.122596,948.893181
2025-11-27,303.693038,316.631016,301.622861,1007.092938,1830.945204,950.370464
2025-11-28,305.320638,317.928653,303.239367,1012.490311,1838.448899,955.463841
2025-12-01,310.582410,323.431004,308.465271,1029.939159,1870.266700,971.929918
2025-12-02,308.056287,321.023046,305.956368,1021.562147,1856.342482,964.024724
2025-12-03,308.268662,321.039262,306.167295,1022.266413,1856.436251,964.689324
2025-12-04,313.215168,325.714399,311.080082,1038.669789,1883.470625,980.168813
2025-12-05,313.963945,326.914569,311.823755,1041.152851,1890.410705,982.512022
2025-12-08,326.384615,338.842834,324.159758,1082.341708,1959.386891,1021.381000
2025-12-09,330.489610,343.228105,328.236770,1095.954504,1984.745084,1034.227082
2025-12-10,328.100231,342.773742,325.863679,1088.030955,1982.117691,1026.749811
2025-12-11,322.047736,336.224601,319.852441,1067.959947,1944.246739,1007.809262
2025-12-12,320.528352,334.469093,318.343415,1062.921436,1934.095370,1003.054534
2025-12-15,315.148668,329.649638,313.000402,1045.081575,1906.226469,986.219468
2025-12-16,308.810635,323.384377,306.705574,1024.063681,1869.997076,966.385364
2025-12-17,322.747618,337.317985,320.547553,1070.280864,1950.569324,1009.999458
2025-12-18,318.445926,332.808683,316.275184,1056.015790,1924.493913,996.537836
2025-12-19,320.681986,335.222474,318.496001,1063.430908,1938.451855,1003.535312
2025-12-22,,,,1096.188852,1995.443037,1034.448231
2025-12-23,,,,1105.401972,2015.219466,1043.142441
2025-12-24,,,,1117.288893,2037.408692,1054.359855
2025-12-25,,,,1116.042215,2031.912898,1053.183393
2025-12-26,,,,1122.664217,2046.900967,1059.432425
2025-12-29,,,,1120.650125,2039.544424,1057.531772
2025-12-30,,,,1133.332068,2063.154575,1069.499430
2025-12-31,,,,1122.934569,2048.728721,1059.687549
2026-01-05,,,,1151.071813,2093.013259,1086.240020
2026-01-06,,,,1161.334598,2107.441201,1095.924774
2026-01-07,,,,1170.735257,2125.695944,1104.795961
2026-01-08,,,,1149.539138,2085.040939,1084.793670
2026-01-09,,,,1150.087645,2089.363680,1085.311283
2026-01-12,,,,1149.463608,2086.605839,1084.722394
2026-01-13,,,,1136.373260,2068.040792,1072.369333
2026-01-14,,,,1134.634252,2058.168388,1070.728272
2026-01-15,,,,1152.509282,2088.887020,1087.596527
2026-01-16,,,,1168.192093,2113.513408,1102.396035
2026-01-19,,,,1168.591028,2115.694832,1102.772501
2026-01-20,,,,1148.259182,2077.674061,1083.585805
2026-01-21,,,,1172.315814,2110.913517,1106.287495
2026-01-22,,,,1187.188470,2135.227599,1120.322479
2026-01-23,,,,1165.953089,2100.218075,1100.283138
2026-01-26,,,,1165.184264,2095.504545,1099.557616
2026-01-27,,,,1174.978495,2110.218799,1108.800207
2026-01-28,,,,1185.932945,2135.074110,1119.137669
2026-01-29,,,,1166.597019,2105.632033,1100.890800
2026-01-30,,,,1173.735836,2104.592023,1107.563269
2026-02-02,,,,1135.637489,2051.966976,1071.612821
2026-02-03,,,,1161.362152,2095.505966,1095.887186
2026-02-04,,,,1149.915605,2072.836400,1085.085970
2026-02-05,,,,1117.155073,2015.890630,1054.172401
2026-02-06,,,,1119.548427,2014.325083,1056.430824
2026-02-09,,,,1161.846778,2087.784840,1096.344490
2026-02-10,,,,1163.439299,2087.656452,1097.847228
2026-02-11,,,,1162.160899,2079.707908,1096.640901
2026-02-12,,,,1177.560232,2111.543776,1111.172055
2026-02-13,,,,1150.657937,2070.579192,1085.786450
2026-02-24,,,,1186.270901,2139.997554,1119.391636
2026-02-25,,,,1214.591106,2179.851994,1146.115212
2026-02-26,,,,1230.937325,2213.455183,1161.539868
2026-02-27,,,,1219.269855,2183.747062,1150.530184
2026-03-02,,,,1235.766020,2212.020288,1166.096333
2026-03-03,,,,1198.277341,2148.841273,1130.721180
2026-03-04,,,,1191.681029,2134.359962,1124.496754
2026-03-05,,,,1202.641145,2160.429129,1134.838963
2026-03-06,,,,1186.617417,2137.154672,1119.718617
2026-03-09,,,,1167.990139,2110.561230,1102.141502
2026-03-10,,,,1203.938942,2174.896487,1136.063593
2026-03-11,,,,1204.129066,2175.017775,1136.242999
2026-03-12,,,,1194.252617,2153.023982,1126.923361
2026-03-13,,,,1188.257427,2142.877109,1121.266166
2026-03-16,,,,1188.035892,2144.142311,1121.057121
2026-03-17,,,,1153.661704,2083.977078,1088.620872
2026-03-18,,,,1169.986097,2116.278616,1104.024933
2026-03-19,,,,1133.767191,2058.130415,1069.847966
2026-03-20,,,,1144.609672,2082.580566,1080.079173
2026-03-23,,,,1096.711924,2000.378824,1034.881791
2026-03-24,,,,1115.134860,2032.834222,1052.266083
2026-03-25,,,,1142.045840,2076.931500,1077.659884
2026-03-26,,,,1125.284468,2047.320976,1061.843480
2026-03-27,,,,1123.921181,2042.450763,1060.557052
2026-03-30,,,,1127.493766,2037.123893,1063.928223
2026-03-31,,,,1108.864398,1995.481243,1046.349136
2026-04-01,,,,1141.459940,2051.423331,1077.107015
2026-04-02,,,,1118.616417,2004.177063,1055.551358
2026-04-03,,,,1119.936749,2002.305701,1056.797253
2026-04-07,,,,1119.638973,1994.448634,1056.516265
2026-04-08,,,,1189.522053,2120.301189,1122.459496
2026-04-09,,,,1191.290401,2120.335213,1124.128148
2026-04-10,,,,1229.535718,2203.189933,1160.217280
2026-04-13,,,,1232.199297,2208.767296,1162.730693
2026-04-14,,,,1264.698406,2270.163339,1193.397576
2026-04-15,,,,1246.091737,2242.229666,1175.839909
2026-04-16,,,,1280.805670,2300.255864,1208.596749
2026-04-17,,,,1314.680242,2359.369606,1240.561550
2026-04-20,,,,1319.884529,2371.482612,1245.472431
2026-04-21,,,,1328.753540,2390.819267,1253.841427
2026-04-22,,,,1367.176222,2460.671324,1290.097925
2026-04-23,,,,1341.656891,2421.792738,1266.017316
2026-04-24,,,,1326.680899,2390.384100,1251.885636
2026-04-27,,,,1327.672749,2392.447727,1252.821568
2026-04-28,,,,1305.304514,2356.394891,1231.714404
2026-04-29,,,,1340.167181,2405.503518,1264.611593
2026-04-30,,,,1327.972311,2379.058365,1253.045046
2026-05-06,,,,1360.082422,2431.540989,1283.343430
2026-05-07,,,,1369.305533,2458.131683,1292.046152
2026-05-08,,,,1356.781090,2452.884910,1280.228367
2026-05-11,,,,1375.531718,2496.871315,1297.921041
2026-05-12,,,,1384.317139,2513.286450,1306.210769
2026-05-13,,,,1428.939923,2581.150597,1348.315832
2026-05-14,,,,1387.045834,2517.320696,1308.785504
2026-05-15,,,,1362.921378,2470.509248,1286.022206
2026-05-18,,,,1360.909935,2477.889969,1284.124253
2026-05-19,,,,1349.097778,2458.288398,1272.978565
2026-05-20,,,,1360.291061,2485.855729,1283.540297
2026-05-21,,,,1327.631638,2416.512231,1252.723594
2026-05-22,,,,1382.218746,2516.489636,1304.230772
2026-05-25,,,,1408.545225,2558.624289,1329.071850
2026-05-26,,,,1436.908341,2598.920842,1355.834653
2026-05-27,,,,1421.008456,2569.565284,1340.831876
2026-05-28,,,,1437.904720,2606.464121,1356.774814
2026-05-29,,,,1415.182799,2578.637885,1335.334916
2026-06-01,,,,1381.590324,2506.129422,1303.637807
2026-06-02,,,,1426.094430,2598.509232,1345.630888
2026-06-03,,,,1443.581068,2637.407501,1362.130889
2026-06-04,,,,1431.207253,2622.961033,1350.455234
2026-06-05,,,,1369.920544,2519.300484,1292.626463
2026-06-08,,,,1320.300016,2454.925303,1245.805639
2026-06-09,,,,1369.744254,2553.370994,1292.460119
2026-06-10,,,,1323.500794,2458.051185,1248.825822
2026-06-11,,,,1320.737533,2450.746254,1246.218471
2026-06-12,,,,1341.535123,2479.924776,1265.842612
2026-06-15,,,,1402.129040,2597.578620,1323.017681
2026-06-16,,,,1409.313860,2625.071203,1329.797117
2026-06-17,,,,1436.071860,2673.475927,1355.045368
2026-06-18,,,,1457.936593,2717.244871,1375.676443
2026-06-22,,,,1497.610951,2792.017381,1413.112282
2026-06-23,,,,1419.624729,2671.714309,1339.526223
2026-06-24,,,,1449.307315,2724.245518,1367.534049
2026-06-25,,,,1466.940225,2779.406386,1384.172069
2026-06-26,,,,1380.793327,2611.091028,1302.885778
2026-06-29,,,,1367.147474,2573.640045,1290.009856
2026-06-30,,,,1403.626454,2647.678417,1324.430608
2026-07-01,,,,1358.094372,2548.610456,1281.467550
2026-07-02,,,,1284.797545,2407.541356,1212.306300
2026-07-03,,,,1309.573134,2443.088946,1235.683993
2026-07-06,,,,1289.504686,2396.043173,1216.747853
2026-07-07,,,,1270.611437,2365.903716,1198.920605
2026-07-08,,,,1245.516120,2315.960846,1175.241224
2026-07-09,,,,1289.559592,2405.598669,1216.799661
2026-07-10,,,,1245.932997,2316.118169,1175.634579
2026-07-13,,,,1209.382412,2242.179326,1141.146263
2026-07-14,,,,1276.438934,2362.460145,1204.419301
2026-07-15,,,,1256.361641,2318.448252,1185.474815
2026-07-16,,,,1226.881239,2258.064364,1157.657766
2026-07-17,,,,1148.622363,2111.197985,1083.814436
2026-07-20,,,,1141.544041,2096.166484,1077.135490
2026-07-21,,,,1200.689034,2207.598238,1132.943386
2026-07-22,,,,1187.593394,2177.547419,1120.586632
2026-07-23,,,,1213.756352,2215.983993,1145.273415
2026-07-24,,,,1171.862905,2147.328356,1105.743693
2026-07-27,,,,1204.748986,2207.297722,1136.774265
2026-07-28,,,,1126.470652,2062.958837,1062.912576
2026-07-29,,,,1130.478751,2061.813407,1066.694529
2026-07-30,,,,1076.555723,1963.563215,1015.813962
2026-07-31,,,,1106.241719,2017.190780,1043.730435
2026-08-03,,,,1059.346962,1975.991924,999.485598
2026-08-04,,,,1142.406410,2100.329062,1077.851539
2026-08-05,,,,1206.579363,2208.097057,1138.398220
2026-08-06,,,,1227.207022,2242.906716,1157.860255
2026-08-07,,,,1270.833274,2311.070750,1199.021284
2026-08-10,,,,1273.179422,2318.110109,1201.234856
2026-08-11,,,,1257.589314,2270.974750,1186.525711
2026-08-12,,,,1285.470240,2314.001807,1212.831147
2026-08-13,,,,1271.767267,2290.713769,1199.902499
2026-08-14,,,,1301.701370,2344.903058,1228.145092
2026-08-17,,,,1357.136137,2435.114972,1280.447362
2026-08-18,,,,1351.262135,2415.482549,1274.905287
2026-08-19,,,,1233.773296,2251.820563,1164.055483
2026-08-20,,,,1233.834109,2241.689388,1164.112861
2026-08-21,,,,1260.615934,2296.526713,1189.381304
2026-08-24,,,,1208.761262,2210.963592,1140.456825
2026-08-25,,,,1205.791006,2214.967918,1137.654411
2026-08-26,,,,1206.510656,2218.323638,1138.333396
2026-08-27,,,,1257.841186,2306.483731,1186.763350
2026-08-28,,,,1238.451699,2280.104174,1168.469521
2026-08-31,,,,1252.539682,2290.661619,1181.761423
2026-09-01,,,,1208.965189,2221.285726,1140.649229
2026-09-02,,,,1190.171005,2184.243927,1122.917062
2026-09-03,,,,1180.679589,2191.975631,1113.961985
2026-09-04,,,,1151.348871,2141.482895,1086.288682
2026-09-07,,,,1210.399012,2209.578681,1142.002029
2026-09-08,,,,1201.009996,2195.512057,1133.143565
2026-09-09,,,,1212.958073,2218.939408,1144.376280
