Date,tranched_index_rules
2006-02-19,100.000000
2006-02-20,99.956664
2006-02-21,101.003179
2006-02-22,100.659951
2006-02-23,100.825815
2006-02-24,101.919673
2006-02-27,100.350884
2006-02-28,101.206596
2006-03-01,101.676741
2006-03-02,99.823865
2006-03-03,99.676397
2006-03-06,99.440440
2006-03-07,97.595175
2006-03-08,96.946131
2006-03-09,96.511863
2006-03-10,96.916483
2006-03-13,98.482434
2006-03-14,98.279726
2006-03-15,99.280397
2006-03-16,99.544808
2006-03-17,98.737620
2006-03-20,99.897251
2006-03-21,100.327036
2006-03-22,101.268302
2006-03-23,101.440050
2006-03-24,101.051355
2006-03-27,101.999643
2006-03-28,102.774522
2006-03-29,103.726026
2006-03-30,103.233487
2006-03-31,103.534633
2006-04-03,105.496690
2006-04-04,106.146694
2006-04-05,107.534441
2006-04-06,108.381568
2006-04-07,107.906373
2006-04-10,108.323379
2006-04-11,108.927232
2006-04-12,108.018498
2006-04-13,105.894868
2006-04-14,107.696461
2006-04-17,107.996113
2006-04-18,109.187505
2006-04-19,111.287425
2006-04-20,111.366961
2006-04-21,113.618921
2006-04-24,114.486560
2006-04-25,115.403854
2006-04-26,115.959689
2006-04-27,116.120909
2006-04-28,118.329138
2006-05-08,122.753740
2006-05-09,125.096277
2006-05-10,125.930630
2006-05-11,124.690237
2006-05-12,127.654596
2006-05-15,132.694111
2006-05-16,129.477763
2006-05-17,128.568081
2006-05-18,129.197065
2006-05-19,131.087363
2006-05-22,129.313863
2006-05-23,124.994443
2006-05-24,126.076429
2006-05-25,124.772478
2006-05-26,126.624561
2006-05-29,129.689905
2006-05-30,132.049194
2006-05-31,130.416494
2006-06-01,133.253172
2006-06-02,129.914224
2006-06-05,130.116307
2006-06-06,126.739733
2006-06-07,120.740287
2006-06-08,121.050890
2006-06-09,119.156559
2006-06-12,121.042456
2006-06-13,121.275626
2006-06-14,119.897769
2006-06-15,120.435067
2006-06-16,124.334452
2006-06-19,126.131020
2006-06-20,126.415043
2006-06-21,125.500582
2006-06-22,124.911400
2006-06-23,125.471249
2006-06-26,127.279011
2006-06-27,127.601443
2006-06-28,126.678009
2006-06-29,129.404396
2006-06-30,129.458071
2006-07-03,132.146879
2006-07-04,131.641272
2006-07-05,129.454432
2006-07-06,131.347633
2006-07-07,130.764094
2006-07-10,131.277421
2006-07-11,131.828044
2006-07-12,132.803665
2006-07-13,126.954340
2006-07-14,127.838387
2006-07-17,128.762353
2006-07-18,128.262212
2006-07-19,124.386286
2006-07-20,125.185171
2006-07-21,127.094772
2006-07-24,127.945664
2006-07-25,129.417640
2006-07-26,128.278067
2006-07-27,126.356207
2006-07-28,124.739962
2006-07-31,120.141865
2006-08-01,119.577703
2006-08-02,118.538251
2006-08-03,117.812791
2006-08-04,115.246500
2006-08-07,114.214046
2006-08-08,116.492090
2006-08-09,116.260942
2006-08-10,118.390316
2006-08-11,118.712703
2006-08-14,116.057434
2006-08-15,118.048588
2006-08-16,119.921765
2006-08-17,118.738236
2006-08-18,118.543628
2006-08-21,118.993775
2006-08-22,120.768060
2006-08-23,120.740154
2006-08-24,120.853753
2006-08-25,121.131114
2006-08-28,124.805365
2006-08-29,125.936716
2006-08-30,126.396625
2006-08-31,126.921271
2006-09-01,125.237969
2006-09-04,127.110425
2006-09-05,126.970426
2006-09-06,127.599152
2006-09-07,126.245186
2006-09-08,126.926339
2006-09-11,127.090836
2006-09-12,127.660912
2006-09-13,126.268846
2006-09-14,126.498474
2006-09-15,127.903426
2006-09-18,128.943774
2006-09-19,129.308865
2006-09-20,130.188598
2006-09-21,131.554152
2006-09-22,131.334233
2006-09-25,130.832817
2006-09-26,128.484691
2006-09-27,129.581152
2006-09-28,131.844346
2006-09-29,133.205532
2006-10-09,136.329642
2006-10-10,134.819182
2006-10-11,134.421904
2006-10-12,132.315724
2006-10-13,132.520588
2006-10-16,130.371263
2006-10-17,131.155823
2006-10-18,133.916655
2006-10-19,134.356529
2006-10-20,134.810594
2006-10-23,131.926755
2006-10-24,134.844242
2006-10-25,137.198493
2006-10-26,137.477870
2006-10-27,134.926478
2006-10-30,134.124883
2006-10-31,135.641238
2006-11-01,136.931062
2006-11-02,136.437831
2006-11-03,137.606756
2006-11-06,138.481070
2006-11-07,138.948287
2006-11-08,138.462893
2006-11-09,140.201527
2006-11-10,138.788762
2006-11-13,136.467055
2006-11-14,138.453660
2006-11-15,142.583347
2006-11-16,143.561679
2006-11-17,144.761559
2006-11-20,147.150961
2006-11-21,149.250314
2006-11-22,150.889364
2006-11-23,151.370418
2006-11-24,152.617520
2006-11-27,154.749850
2006-11-28,154.396196
2006-11-29,158.371074
2006-11-30,163.704327
2006-12-01,166.573751
2006-12-04,169.800142
2006-12-05,171.293622
2006-12-06,168.517541
2006-12-07,165.625414
2006-12-08,160.388035
2006-12-11,167.970494
2006-12-12,169.036989
2006-12-13,170.043471
2006-12-14,174.982401
2006-12-15,179.997609
2006-12-18,187.523411
2006-12-19,185.915047
2006-12-20,188.223792
2006-12-21,185.002164
2006-12-22,182.815172
2006-12-25,187.135367
2006-12-26,186.859438
2006-12-27,191.689409
2006-12-28,192.286282
2006-12-29,197.074364
2007-01-04,196.619968
2007-01-05,195.899023
2007-01-08,199.463012
2007-01-09,206.788648
2007-01-10,214.395034
2007-01-11,213.363445
2007-01-12,213.118691
2007-01-15,225.544671
2007-01-16,235.714142
2007-01-17,228.757441
2007-01-18,233.207627
2007-01-19,241.437881
2007-01-22,249.585319
2007-01-23,246.881515
2007-01-24,251.877317
2007-01-25,245.501571
2007-01-26,252.088775
2007-01-29,254.683502
2007-01-30,252.270256
2007-01-31,233.761225
2007-02-01,236.538980
2007-02-02,225.993038
2007-02-05,223.405305
2007-02-06,224.637019
2007-02-07,230.089422
2007-02-08,232.923297
2007-02-09,231.175000
2007-02-12,241.390640
2007-02-13,244.194814
2007-02-14,251.348046
2007-02-15,259.546141
2007-02-16,257.615316
2007-02-26,254.583603
2007-02-27,230.483810
2007-02-28,236.029385
2007-03-01,229.932013
2007-03-02,233.693285
2007-03-05,229.734861
2007-03-06,235.839972
2007-03-07,245.269408
2007-03-08,250.899705
2007-03-09,248.180156
2007-03-12,246.784670
2007-03-13,248.074811
2007-03-14,242.892822
2007-03-15,248.318154
2007-03-16,245.604056
2007-03-19,251.610587
2007-03-20,249.864700
2007-03-21,251.849513
2007-03-22,251.438629
2007-03-23,250.569724
2007-03-26,253.154741
2007-03-27,253.074661
2007-03-28,254.669504
2007-03-29,258.053371
2007-03-30,257.173245
2007-04-02,264.143569
2007-04-03,268.628546
2007-04-04,272.418959
2007-04-05,275.864588
2007-04-06,277.900882
2007-04-09,283.350140
2007-04-10,287.929531
2007-04-11,291.628532
2007-04-12,296.314180
2007-04-13,298.221109
2007-04-16,306.417242
2007-04-17,305.857194
2007-04-18,306.333817
2007-04-19,292.165057
2007-04-20,303.747388
2007-04-23,312.904808
2007-04-24,311.004235
2007-04-25,311.243539
2007-04-26,316.865550
2007-04-27,313.370677
2007-04-30,322.824789
2007-05-08,333.778119
2007-05-09,334.423372
2007-05-10,333.287070
2007-05-11,334.174508
2007-05-14,342.340163
2007-05-15,331.188895
2007-05-16,340.154189
2007-05-17,349.691643
2007-05-18,348.166893
2007-05-21,350.324951
2007-05-22,351.995780
2007-05-23,357.770253
2007-05-24,359.358908
2007-05-25,368.842769
2007-05-28,376.814675
2007-05-29,385.639568
2007-05-30,359.061517
2007-05-31,365.125342
2007-06-01,361.301839
2007-06-04,336.938377
2007-06-05,351.876530
2007-06-06,354.922041
2007-06-07,366.285424
2007-06-08,371.825859
2007-06-11,381.061028
2007-06-12,388.916652
2007-06-13,395.218644
2007-06-14,392.147811
2007-06-15,393.252536
2007-06-18,404.836724
2007-06-19,405.247959
2007-06-20,397.136416
2007-06-21,403.018956
2007-06-22,391.089936
2007-06-25,376.143240
2007-06-26,379.208846
2007-06-27,390.371518
2007-06-28,371.932248
2007-06-29,362.750578
2007-07-02,359.508455
2007-07-03,367.267205
2007-07-04,360.631125
2007-07-05,344.008613
2007-07-06,362.186513
2007-07-09,374.108897
2007-07-10,372.645539
2007-07-11,372.552980
2007-07-12,375.112966
2007-07-13,374.985533
2007-07-16,361.516704
2007-07-17,372.290549
2007-07-18,372.705508
2007-07-19,373.576904
2007-07-20,391.209563
2007-07-23,410.645501
2007-07-24,411.630698
2007-07-25,418.022088
2007-07-26,427.823569
2007-07-27,426.396375
2007-07-30,435.233788
2007-07-31,439.510852
2007-08-01,423.308998
2007-08-02,437.566917
2007-08-03,459.912215
2007-08-06,469.162341
2007-08-07,470.689133
2007-08-08,466.669813
2007-08-09,478.028552
2007-08-10,465.745650
2007-08-13,460.386166
2007-08-14,472.737050
2007-08-15,473.238673
2007-08-16,468.774277
2007-08-17,459.130507
2007-08-20,487.849245
2007-08-21,498.754467
2007-08-22,506.527092
2007-08-23,516.731222
2007-08-24,521.100126
2007-08-27,518.603958
2007-08-28,512.744179
2007-08-29,505.698670
2007-08-30,513.933373
2007-08-31,515.663187
2007-09-03,525.197920
2007-09-04,519.305171
2007-09-05,517.451089
2007-09-06,520.969070
2007-09-07,509.355303
2007-09-10,516.913537
2007-09-11,489.573954
2007-09-12,495.948931
2007-09-13,510.824682
2007-09-14,512.672639
2007-09-17,518.088609
2007-09-18,516.251321
2007-09-19,508.757447
2007-09-20,515.216616
2007-09-21,512.232106
2007-09-24,518.809863
2007-09-25,518.927077
2007-09-26,514.635063
2007-09-27,519.093146
2007-09-28,533.516704
2007-10-08,544.849086
2007-10-09,547.675651
2007-10-10,547.253755
2007-10-11,551.843837
2007-10-12,550.095152
2007-10-15,555.666823
2007-10-16,564.583704
2007-10-17,556.671847
2007-10-18,541.192057
2007-10-19,543.700682
2007-10-22,534.281415
2007-10-23,537.272652
2007-10-24,542.752768
2007-10-25,522.819541
2007-10-26,531.895490
2007-10-29,538.002359
2007-10-30,546.463071
2007-10-31,559.042259
2007-11-01,546.975330
2007-11-02,536.102737
2007-11-05,521.090808
2007-11-06,519.620050
2007-11-07,520.684692
2007-11-08,493.815599
2007-11-09,486.037992
2007-11-12,483.836852
2007-11-13,478.206436
2007-11-14,496.839205
2007-11-15,491.099179
2007-11-16,482.315775
2007-11-19,478.721424
2007-11-20,485.991576
2007-11-21,479.539053
2007-11-22,454.454206
2007-11-23,462.831869
2007-11-26,456.668064
2007-11-27,445.943123
2007-11-28,440.120661
2007-11-29,458.588629
2007-11-30,448.439024
2007-12-03,452.675550
2007-12-04,458.121713
2007-12-05,472.789091
2007-12-06,474.000909
2007-12-07,481.529710
2007-12-10,489.590660
2007-12-11,489.000262
2007-12-12,481.811499
2007-12-13,459.367797
2007-12-14,467.773035
2007-12-17,452.676606
2007-12-18,451.080250
2007-12-19,460.947848
2007-12-20,470.158164
2007-12-21,476.030008
2007-12-24,489.497850
2007-12-25,490.161613
2007-12-26,493.567969
2007-12-27,503.900980
2007-12-28,502.973025
2008-01-02,504.774372
2008-01-03,503.849062
2008-01-04,513.664254
2008-01-07,525.063162
2008-01-08,521.152436
2008-01-09,530.885238
2008-01-10,538.938061
2008-01-11,545.978224
2008-01-14,550.711179
2008-01-15,544.944711
2008-01-16,521.986141
2008-01-17,509.216603
2008-01-18,514.442537
2008-01-21,487.283941
2008-01-22,448.738533
2008-01-23,469.623231
2008-01-24,473.130081
2008-01-25,481.929838
2008-01-28,450.610101
2008-01-29,452.209523
2008-01-30,445.674784
2008-01-31,437.651496
2008-02-01,436.462831
2008-02-04,473.758409
2008-02-05,470.437328
2008-02-13,458.369015
2008-02-14,465.775650
2008-02-15,456.318950
2008-02-18,463.885470
2008-02-19,476.441785
2008-02-20,466.591910
2008-02-21,463.283354
2008-02-22,445.260818
2008-02-25,422.675200
2008-02-26,420.289947
2008-02-27,433.773592
2008-02-28,434.097152
2008-02-29,440.219407
2008-03-03,454.038031
2008-03-04,441.548085
2008-03-05,436.008657
2008-03-06,441.441056
2008-03-07,436.523394
2008-03-10,417.920620
2008-03-11,417.766371
2008-03-12,405.279090
2008-03-13,392.999792
2008-03-14,388.452047
2008-03-17,370.214626
2008-03-18,349.159179
2008-03-19,359.401068
2008-03-20,367.558541
2008-03-21,371.589772
2008-03-24,353.247927
2008-03-25,356.184959
2008-03-26,359.921082
2008-03-27,347.481841
2008-03-28,363.040180
2008-03-31,351.342070
2008-04-01,331.305088
2008-04-02,323.728345
2008-04-03,333.847714
2008-04-07,354.807328
2008-04-08,361.971801
2008-04-09,342.945728
2008-04-10,352.258697
2008-04-11,354.569470
2008-04-14,328.964802
2008-04-15,334.558381
2008-04-16,324.576921
2008-04-17,314.410516
2008-04-18,303.642299
2008-04-21,300.553829
2008-04-22,299.092047
2008-04-23,315.344663
2008-04-24,342.993687
2008-04-25,349.563130
2008-04-28,343.732565
2008-04-29,350.158938
2008-04-30,364.986172
2008-05-05,377.291930
2008-05-06,375.775634
2008-05-07,358.687513
2008-05-08,371.630142
2008-05-09,370.382060
2008-05-12,371.061613
2008-05-13,368.018478
2008-05-14,379.011474
2008-05-15,375.500157
2008-05-16,374.137122
2008-05-19,374.189308
2008-05-20,354.617109
2008-05-21,361.250706
2008-05-22,355.999938
2008-05-23,349.146870
2008-05-26,335.397437
2008-05-27,337.075150
2008-05-28,345.915295
2008-05-29,335.624991
2008-05-30,336.686207
2008-06-02,338.117528
2008-06-03,337.888830
2008-06-04,332.512280
2008-06-05,327.881985
2008-06-06,326.445295
2008-06-10,304.503984
2008-06-11,297.396220
2008-06-12,291.942742
2008-06-13,278.423169
2008-06-16,271.186592
2008-06-17,259.278980
2008-06-18,275.582660
2008-06-19,257.233612
2008-06-20,263.870323
2008-06-23,258.778438
2008-06-24,267.590233
2008-06-25,278.608286
2008-06-26,280.948286
2008-06-27,267.575373
2008-06-30,265.271379
2008-07-01,258.111865
2008-07-02,259.588513
2008-07-03,266.571476
2008-07-04,262.406425
2008-07-07,274.588488
2008-07-08,279.051497
2008-07-09,287.674866
2008-07-10,284.650456
2008-07-11,283.855144
2008-07-14,286.298208
2008-07-15,275.807619
2008-07-16,265.422543
2008-07-17,261.510770
2008-07-18,268.835470
2008-07-21,277.093462
2008-07-22,276.242242
2008-07-23,270.890013
2008-07-24,277.647160
2008-07-25,273.415456
2008-07-28,275.146446
2008-07-29,272.807115
2008-07-30,269.068148
2008-07-31,261.478803
2008-08-01,261.638488
2008-08-04,254.843417
2008-08-05,244.134076
2008-08-06,243.816640
2008-08-07,243.144619
2008-08-08,232.772748
2008-08-11,219.417818
2008-08-12,218.071399
2008-08-13,219.519140
2008-08-14,219.694089
2008-08-15,217.888141
2008-08-18,204.446905
2008-08-19,206.187712
2008-08-20,220.985739
2008-08-21,213.013685
2008-08-22,209.615439
2008-08-25,207.475887
2008-08-26,199.308157
2008-08-27,197.052002
2008-08-28,197.730542
2008-08-29,202.357418
2008-09-01,194.889440
2008-09-02,191.919349
2008-09-03,186.764725
2008-09-04,187.434831
2008-09-05,182.291643
2008-09-08,176.470096
2008-09-09,176.801656
2008-09-10,175.770072
2008-09-11,170.668254
2008-09-12,170.878887
2008-09-16,167.079114
2008-09-17,164.259919
2008-09-18,162.645331
2008-09-19,176.183242
2008-09-22,185.886201
2008-09-23,179.137590
2008-09-24,181.285229
2008-09-25,187.453100
2008-09-26,190.756970
2008-10-06,181.507073
2008-10-07,178.805510
2008-10-08,173.222053
2008-10-09,169.648179
2008-10-10,162.032251
2008-10-13,164.854249
2008-10-14,160.993334
2008-10-15,158.088783
2008-10-16,150.961989
2008-10-17,151.773922
2008-10-20,156.813182
2008-10-21,156.330210
2008-10-22,153.692143
2008-10-23,155.806935
2008-10-24,152.381670
2008-10-27,142.519817
2008-10-28,146.927206
2008-10-29,143.596994
2008-10-30,146.563130
2008-10-31,143.875975
2008-11-03,142.919214
2008-11-04,139.918487
2008-11-05,144.636974
2008-11-06,140.613175
2008-11-07,141.200801
2008-11-10,149.855924
2008-11-11,148.171834
2008-11-12,149.409415
2008-11-13,155.159899
2008-11-14,162.253326
2008-11-17,166.676746
2008-11-18,156.404419
2008-11-19,165.977399
2008-11-20,164.877193
2008-11-21,162.840530
2008-11-24,156.943379
2008-11-25,156.866593
2008-11-26,157.047429
2008-11-27,159.408041
2008-11-28,156.890949
2008-12-01,160.443489
2008-12-02,161.737374
2008-12-03,168.164321
2008-12-04,170.575522
2008-12-05,173.630234
2008-12-08,179.601374
2008-12-09,175.798446
2008-12-10,179.534217
2008-12-11,176.075840
2008-12-12,170.031529
2008-12-15,171.757601
2008-12-16,173.721844
2008-12-17,175.033399
2008-12-18,177.644529
2008-12-19,178.336848
2008-12-22,176.947490
2008-12-23,169.164121
2008-12-24,166.467741
2008-12-25,165.277323
2008-12-26,163.338175
2008-12-29,161.618776
2008-12-30,160.341543
2008-12-31,158.478150
2009-01-05,161.700630
2009-01-06,165.123773
2009-01-07,163.450480
2009-01-08,160.399229
2009-01-09,162.705953
2009-01-12,162.371169
2009-01-13,158.353123
2009-01-14,164.539512
2009-01-15,164.535157
2009-01-16,166.821075
2009-01-19,167.675796
2009-01-20,168.635502
2009-01-21,167.565485
2009-01-22,170.069041
2009-01-23,170.150723
2009-02-02,172.080187
2009-02-03,176.274597
2009-02-04,179.391426
2009-02-05,177.697878
2009-02-06,184.177506
2009-02-09,190.915079
2009-02-10,193.667685
2009-02-11,194.510728
2009-02-12,194.487279
2009-02-13,200.430488
2009-02-16,203.547539
2009-02-17,198.447250
2009-02-18,191.291531
2009-02-19,194.213743
2009-02-20,198.118077
2009-02-23,203.194833
2009-02-24,194.653849
2009-02-25,192.518585
2009-02-26,181.824809
2009-02-27,178.263493
2009-03-02,181.387394
2009-03-03,180.555770
2009-03-04,191.706133
2009-03-05,190.942430
2009-03-06,188.806679
2009-03-09,182.833645
2009-03-10,185.701670
2009-03-11,184.271665
2009-03-12,183.065425
2009-03-13,182.189289
2009-03-16,183.853415
2009-03-17,190.234257
2009-03-18,191.785794
2009-03-19,196.435083
2009-03-20,196.322030
2009-03-23,200.792484
2009-03-24,201.643805
2009-03-25,196.827756
2009-03-26,201.365908
2009-03-27,204.810661
2009-03-30,205.161990
2009-03-31,208.924417
2009-04-01,211.185762
2009-04-02,212.116591
2009-04-03,209.775658
2009-04-07,210.738208
2009-04-08,203.911592
2009-04-09,206.872077
2009-04-10,214.177544
2009-04-13,218.461077
2009-04-14,220.374153
2009-04-15,222.428682
2009-04-16,221.281487
2009-04-17,219.506177
2009-04-20,222.774424
2009-04-21,220.410794
2009-04-22,211.734196
2009-04-23,213.215258
2009-04-24,211.392217
2009-04-27,207.089763
2009-04-28,208.841344
2009-04-29,213.616875
2009-04-30,215.969821
2009-05-04,222.198707
2009-05-05,223.640098
2009-05-06,225.922091
2009-05-07,222.886618
2009-05-08,222.358567
2009-05-11,215.405641
2009-05-12,219.677939
2009-05-13,221.803518
2009-05-14,221.782299
2009-05-15,222.488025
2009-05-18,223.265803
2009-05-19,224.042353
2009-05-20,223.257452
2009-05-21,220.172614
2009-05-22,219.021064
2009-05-25,220.567029
2009-05-26,219.190171
2009-05-27,219.917974
2009-06-01,225.639747
2009-06-02,225.861813
2009-06-03,227.901120
2009-06-04,226.307417
2009-06-05,224.997575
2009-06-08,222.879211
2009-06-09,224.845914
2009-06-10,227.301817
2009-06-11,226.365732
2009-06-12,222.534642
2009-06-15,224.459346
2009-06-16,225.741548
2009-06-17,229.402996
2009-06-18,231.198648
2009-06-19,231.946728
2009-06-22,230.336136
2009-06-23,228.983797
2009-06-24,235.079672
2009-06-25,234.690446
2009-06-26,235.932692
2009-06-29,238.810517
2009-06-30,237.517602
2009-07-01,242.626160
2009-07-02,244.508785
2009-07-03,247.722520
2009-07-06,249.423859
2009-07-07,247.626535
2009-07-08,251.476522
2009-07-09,255.752268
2009-07-10,256.376664
2009-07-13,257.101513
2009-07-14,263.814473
2009-07-15,265.595648
2009-07-16,263.943045
2009-07-17,265.025149
2009-07-20,268.606318
2009-07-21,264.000379
2009-07-22,268.542185
2009-07-23,270.952674
2009-07-24,269.194752
2009-07-27,273.986206
2009-07-28,275.597437
2009-07-29,258.399816
2009-07-30,260.772974
2009-07-31,267.942614
2009-08-03,270.358236
2009-08-04,274.475452
2009-08-05,271.570972
2009-08-06,269.201568
2009-08-07,262.261765
2009-08-10,262.837505
2009-08-11,265.127040
2009-08-12,253.512547
2009-08-13,254.582442
2009-08-14,247.974190
2009-08-17,232.356653
2009-08-18,234.509598
2009-08-19,223.689527
2009-08-20,232.146485
2009-08-21,237.524971
2009-08-24,241.272287
2009-08-25,234.605159
2009-08-26,241.830113
2009-08-27,241.183307
2009-08-28,233.826580
2009-08-31,215.939864
2009-09-01,215.006824
2009-09-02,217.228610
2009-09-03,230.570923
2009-09-04,234.060708
2009-09-07,236.138505
2009-09-08,242.369029
2009-09-09,245.007044
2009-09-10,242.573168
2009-09-11,246.531941
2009-09-14,252.798135
2009-09-15,252.667046
2009-09-16,251.738825
2009-09-17,256.101517
2009-09-18,247.251872
2009-09-21,249.849906
2009-09-22,245.477921
2009-09-23,240.142160
2009-09-24,239.808354
2009-09-25,236.560313
2009-09-28,229.973267
2009-09-29,229.827526
2009-09-30,232.767972
2009-10-09,245.561934
2009-10-12,246.648669
2009-10-13,250.135701
2009-10-14,253.036866
2009-10-15,253.502865
2009-10-16,255.742378
2009-10-19,263.837883
2009-10-20,265.516873
2009-10-21,263.175585
2009-10-22,261.505499
2009-10-23,266.477452
2009-10-26,265.984602
2009-10-27,260.180689
2009-10-28,261.899358
2009-10-29,255.213373
2009-10-30,257.183792
2009-11-02,266.362635
2009-11-03,269.518755
2009-11-04,269.280076
2009-11-05,270.447004
2009-11-06,272.818029
2009-11-09,273.663950
2009-11-10,275.804099
2009-11-11,274.871807
2009-11-12,274.933151
2009-11-13,275.942666
2009-11-16,284.710954
2009-11-17,284.519509
2009-11-18,283.245621
2009-11-19,284.362753
2009-11-20,284.343679
2009-11-23,287.703630
2009-11-24,278.902266
2009-11-25,286.287316
2009-11-26,276.786825
2009-11-27,267.224716
2009-11-30,277.620165
2009-12-01,280.796353
2009-12-02,285.402036
2009-12-03,284.467011
2009-12-04,284.098827
2009-12-07,285.924669
2009-12-08,283.341239
2009-12-09,278.815439
2009-12-10,279.864496
2009-12-11,279.139892
2009-12-14,279.366791
2009-12-15,276.983827
2009-12-16,275.401665
2009-12-17,269.247051
2009-12-18,258.567577
2009-12-21,259.891699
2009-12-22,251.677834
2009-12-23,254.211197
2009-12-24,264.444945
2009-12-25,263.844164
2009-12-28,267.685245
2009-12-29,267.800256
2009-12-30,269.560810
2009-12-31,270.321868
2010-01-04,266.931058
2010-01-05,266.365858
2010-01-06,265.606309
2010-01-07,261.365084
2010-01-08,261.135283
2010-01-11,258.165365
2010-01-12,261.557082
2010-01-13,252.322098
2010-01-14,256.599067
2010-01-15,258.927765
2010-01-18,259.960796
2010-01-19,260.391254
2010-01-20,251.731065
2010-01-21,250.472581
2010-01-22,245.060159
2010-01-25,242.641540
2010-01-26,233.935156
2010-01-27,231.478744
2010-01-28,233.250750
2010-01-29,232.578869
2010-02-01,227.861803
2010-02-02,228.593649
2010-02-03,236.877706
2010-02-04,235.823000
2010-02-05,229.548901
2010-02-08,229.584968
2010-02-09,230.106867
2010-02-10,233.701608
2010-02-11,234.803667
2010-02-12,237.875267
2010-02-22,235.919887
2010-02-23,235.059722
2010-02-24,238.828001
2010-02-25,242.582187
2010-02-26,243.009807
2010-03-01,245.872466
2010-03-02,243.647044
2010-03-03,245.094202
2010-03-04,238.623421
2010-03-05,239.436185
2010-03-08,242.542414
2010-03-09,245.287216
2010-03-10,241.973113
2010-03-11,240.148163
2010-03-12,236.427989
2010-03-15,232.344562
2010-03-16,233.869205
2010-03-17,239.859806
2010-03-18,239.798666
2010-03-19,241.785219
2010-03-22,242.407525
2010-03-23,241.101176
2010-03-24,241.597384
2010-03-25,237.808721
2010-03-26,241.249173
2010-03-29,248.437342
2010-03-30,250.253305
2010-03-31,248.084045
2010-04-01,252.539150
2010-04-02,255.487243
2010-04-06,255.814280
2010-04-07,254.473021
2010-04-08,249.953121
2010-04-09,253.243054
2010-04-12,250.652048
2010-04-13,252.340103
2010-04-14,255.137179
2010-04-15,255.065149
2010-04-16,251.913741
2010-04-19,237.896997
2010-04-20,237.860013
2010-04-21,244.522672
2010-04-22,243.379581
2010-04-23,243.153743
2010-04-26,243.174724
2010-04-27,239.726507
2010-04-28,239.446085
2010-04-29,233.658973
2010-04-30,233.116325
2010-05-04,231.523973
2010-05-05,232.644543
2010-05-06,220.565979
2010-05-07,213.928241
2010-05-10,215.129040
2010-05-11,211.391616
2010-05-12,211.337204
2010-05-13,219.244370
2010-05-14,218.012593
2010-05-17,205.563458
2010-05-18,211.202118
2010-05-19,211.749644
2010-05-20,208.876773
2010-05-21,212.977523
2010-05-24,222.546647
2010-05-25,218.714453
2010-05-26,218.021013
2010-05-27,222.164249
2010-05-28,222.425241
2010-05-31,216.432416
2010-06-01,213.290575
2010-06-02,215.483838
2010-06-03,213.584619
2010-06-04,213.581616
2010-06-07,208.836853
2010-06-08,210.399674
2010-06-09,216.316853
2010-06-10,214.120550
2010-06-11,215.135162
2010-06-17,212.753955
2010-06-18,207.643293
2010-06-21,213.644597
2010-06-22,213.774073
2010-06-23,211.840749
2010-06-24,211.475891
2010-06-25,209.405724
2010-06-28,206.993159
2010-06-29,197.626882
2010-06-30,195.896522
2010-07-01,192.498292
2010-07-02,190.804094
2010-07-05,188.506679
2010-07-06,193.779450
2010-07-07,196.134882
2010-07-08,196.732440
2010-07-09,204.672926
2010-07-12,206.922305
2010-07-13,204.752108
2010-07-14,205.665426
2010-07-15,202.409547
2010-07-16,204.321969
2010-07-19,210.935886
2010-07-20,216.378377
2010-07-21,216.944939
2010-07-22,219.657992
2010-07-23,220.356057
2010-07-26,223.413524
2010-07-27,222.473117
2010-07-28,227.721567
2010-07-29,228.431204
2010-07-30,227.335534
2010-08-02,232.087891
2010-08-03,228.879235
2010-08-04,231.004817
2010-08-05,231.303129
2010-08-06,234.802990
2010-08-09,237.352327
2010-08-10,230.478936
2010-08-11,232.191353
2010-08-12,229.343211
2010-08-13,233.019645
2010-08-16,238.759619
2010-08-17,240.322584
2010-08-18,240.677558
2010-08-19,241.688504
2010-08-20,234.769323
2010-08-23,235.360063
2010-08-24,237.389213
2010-08-25,232.752546
2010-08-26,233.806038
2010-08-27,235.446443
2010-08-30,242.145306
2010-08-31,242.401523
2010-09-01,239.455630
2010-09-02,244.596508
2010-09-03,246.031697
2010-09-06,248.631942
2010-09-07,249.849244
2010-09-08,252.469842
2010-09-09,249.347388
2010-09-10,253.201190
2010-09-13,256.633420
2010-09-14,257.546510
2010-09-15,252.106459
2010-09-16,248.008268
2010-09-17,250.654174
2010-09-20,249.100751
2010-09-21,250.185743
2010-09-27,256.501200
2010-09-28,256.173112
2010-09-29,254.153187
2010-09-30,257.898071
2010-10-08,268.523682
2010-10-11,268.549731
2010-10-12,273.864840
2010-10-13,274.536056
2010-10-14,271.839535
2010-10-15,277.564226
2010-10-18,273.708520
2010-10-19,283.895757
2010-10-20,290.104104
2010-10-21,291.274710
2010-10-22,293.652554
2010-10-25,302.242175
2010-10-26,302.347895
2010-10-27,295.433048
2010-10-28,294.512675
2010-10-29,295.540278
2010-11-01,304.546317
2010-11-02,300.319918
2010-11-03,294.362518
2010-11-04,302.469721
2010-11-05,303.899517
2010-11-08,306.633014
2010-11-09,309.391102
2010-11-10,312.125926
2010-11-11,309.080814
2010-11-12,289.630777
2010-11-15,297.459956
2010-11-16,286.157322
2010-11-17,274.283354
2010-11-18,278.937584
2010-11-19,284.365679
2010-11-22,286.589967
2010-11-23,282.135433
2010-11-24,290.913341
2010-11-25,293.091025
2010-11-26,292.210086
2010-11-29,294.224279
2010-11-30,287.889154
2010-12-01,285.486301
2010-12-02,285.727039
2010-12-03,283.355063
2010-12-06,280.998368
2010-12-07,285.557348
2010-12-08,284.576608
2010-12-09,277.308686
2010-12-10,280.381382
2010-12-13,288.561581
2010-12-14,289.908116
2010-12-15,288.247642
2010-12-16,287.967013
2010-12-17,287.018227
2010-12-20,281.403271
2010-12-21,282.785084
2010-12-22,280.838258
2010-12-23,277.568330
2010-12-24,272.713506
2010-12-27,265.618517
2010-12-28,261.789207
2010-12-29,266.176050
2010-12-30,268.264763
2010-12-31,274.199212
2011-01-04,276.542645
2011-01-05,272.948182
2011-01-06,271.846854
2011-01-07,270.517492
2011-01-10,264.188244
2011-01-11,262.520723
2011-01-12,263.871255
2011-01-13,266.132150
2011-01-14,262.672229
2011-01-17,251.734810
2011-01-18,253.380155
2011-01-19,259.045463
2011-01-20,248.676197
2011-01-21,248.391854
2011-01-24,243.079727
2011-01-25,241.121983
2011-01-26,245.606462
2011-01-27,250.770549
2011-01-28,255.083341
2011-01-31,258.037224
2011-02-01,258.462605
2011-02-09,254.801472
2011-02-10,263.269557
2011-02-11,266.105906
2011-02-14,273.297792
2011-02-15,274.459821
2011-02-16,278.748408
2011-02-17,277.881536
2011-02-18,275.310323
2011-02-21,280.256732
2011-02-22,272.521216
2011-02-23,274.418022
2011-02-24,275.536907
2011-02-25,274.560220
2011-02-28,279.148297
2011-03-01,280.164409
2011-03-02,278.809212
2011-03-03,274.021164
2011-03-04,277.118115
2011-03-07,280.964792
2011-03-08,281.851303
2011-03-09,281.394410
2011-03-10,278.787633
2011-03-11,276.608241
2011-03-14,278.508508
2011-03-15,273.782881
2011-03-16,277.081649
2011-03-17,271.585201
2011-03-18,273.330090
2011-03-21,271.264534
2011-03-22,270.994369
2011-03-23,274.961197
2011-03-24,273.927274
2011-03-25,276.765832
2011-03-28,274.746388
2011-03-29,268.342173
2011-03-30,270.267107
2011-03-31,268.702867
2011-04-01,270.419695
2011-04-06,269.702233
2011-04-07,270.859663
2011-04-08,275.142342
2011-04-11,274.092305
2011-04-12,273.164291
2011-04-13,275.640713
2011-04-14,273.736373
2011-04-15,272.378472
2011-04-18,270.567530
2011-04-19,266.503516
2011-04-20,268.795285
2011-04-21,271.929936
2011-04-22,272.791982
2011-04-25,268.082846
2011-04-26,266.042160
2011-04-27,263.857778
2011-04-28,256.245177
2011-04-29,261.817835
2011-05-03,263.535365
2011-05-04,257.585361
2011-05-05,257.422483
2011-05-06,259.040531
2011-05-09,260.413676
2011-05-10,261.403042
2011-05-11,261.524697
2011-05-12,257.730154
2011-05-13,258.737474
2011-05-16,255.963370
2011-05-17,255.950430
2011-05-18,257.973910
2011-05-19,257.150881
2011-05-20,257.004450
2011-05-23,248.375733
2011-05-24,250.545885
2011-05-25,248.141905
2011-05-26,245.947537
2011-05-27,242.429350
2011-05-30,240.642979
2011-05-31,246.863504
2011-06-01,248.611552
2011-06-02,246.765796
2011-06-03,250.347511
2011-06-07,252.751994
2011-06-08,253.341089
2011-06-09,248.114541
2011-06-10,248.808932
2011-06-13,247.820154
2011-06-14,251.725513
2011-06-15,248.900419
2011-06-16,244.959342
2011-06-17,239.990667
2011-06-20,238.152853
2011-06-21,242.195731
2011-06-22,243.208167
2011-06-23,249.753473
2011-06-24,255.074444
2011-06-27,256.036903
2011-06-28,258.887338
2011-06-29,255.249760
2011-06-30,258.528951
2011-07-01,259.486903
2011-07-04,266.473436
2011-07-05,267.578381
2011-07-06,268.718521
2011-07-07,267.460192
2011-07-08,267.440945
2011-07-11,270.543880
2011-07-12,266.720866
2011-07-13,271.437190
2011-07-14,272.792825
2011-07-15,275.016823
2011-07-18,274.030382
2011-07-19,271.039444
2011-07-20,270.570501
2011-07-21,268.254158
2011-07-22,269.795721
2011-07-25,261.561494
2011-07-26,262.206188
2011-07-27,265.170944
2011-07-28,264.263696
2011-07-29,260.908798
2011-08-01,261.659440
2011-08-02,260.465218
2011-08-03,260.974928
2011-08-04,262.735821
2011-08-05,258.776245
2011-08-08,249.792251
2011-08-09,250.659371
2011-08-10,253.555663
2011-08-11,257.216596
2011-08-12,258.958253
2011-08-15,262.798761
2011-08-16,261.055146
2011-08-17,259.116995
2011-08-18,254.319154
2011-08-19,251.602796
2011-08-22,246.348569
2011-08-23,249.792037
2011-08-24,249.119741
2011-08-25,255.099749
2011-08-26,255.467677
2011-08-29,252.858859
2011-08-30,251.113008
2011-08-31,251.661098
2011-09-01,249.340496
2011-09-02,247.425927
2011-09-05,239.831835
2011-09-06,235.325856
2011-09-07,240.580614
2011-09-08,238.300335
2011-09-09,236.557903
2011-09-13,232.331209
2011-09-14,232.457302
2011-09-15,232.548972
2011-09-16,233.267398
2011-09-19,228.574583
2011-09-20,229.760843
2011-09-21,238.533254
2011-09-22,230.959163
2011-09-23,229.138088
2011-09-26,224.861126
2011-09-27,227.321813
2011-09-28,225.340538
2011-09-29,222.001845
2011-09-30,221.109269
2011-10-10,218.563278
2011-10-11,215.249758
2011-10-12,222.445473
2011-10-13,224.812645
2011-10-14,223.255379
2011-10-17,225.148671
2011-10-18,217.577682
2011-10-19,215.485536
2011-10-20,208.387417
2011-10-21,205.718097
2011-10-24,210.863454
2011-10-25,216.558611
2011-10-26,219.494169
2011-10-27,219.247104
2011-10-28,225.039483
2011-10-31,224.010431
2011-11-01,223.486592
2011-11-02,225.319028
2011-11-03,227.012075
2011-11-04,228.543667
2011-11-07,226.973273
2011-11-08,226.359544
2011-11-09,228.655956
2011-11-10,224.311066
2011-11-11,223.439061
2011-11-14,227.959182
2011-11-15,227.313577
2011-11-16,221.130943
2011-11-17,220.743165
2011-11-18,215.020285
2011-11-21,215.145354
2011-11-22,215.871676
2011-11-23,214.574851
2011-11-24,214.313040
2011-11-25,214.261511
2011-11-28,214.374148
2011-11-29,216.761417
2011-11-30,209.350169
2011-12-01,213.472701
2011-12-02,210.533667
2011-12-05,204.464124
2011-12-06,204.730831
2011-12-07,205.411846
2011-12-08,204.720304
2011-12-09,201.560158
2011-12-12,199.009950
2011-12-13,193.843090
2011-12-14,191.265839
2011-12-15,185.181587
2011-12-16,189.861640
2011-12-19,188.433333
2011-12-20,188.219837
2011-12-21,184.560276
2011-12-22,186.301595
2011-12-23,188.657387
2011-12-26,186.097398
2011-12-27,182.612935
2011-12-28,183.531439
2011-12-29,184.139818
2011-12-30,187.269630
2012-01-04,181.865378
2012-01-05,179.051453
2012-01-06,180.502933
2012-01-09,187.777084
2012-01-10,195.957990
2012-01-11,195.623599
2012-01-12,195.010345
2012-01-13,192.233998
2012-01-16,185.435731
2012-01-17,195.790183
2012-01-18,192.710192
2012-01-19,196.619870
2012-01-20,199.663725
2012-01-30,196.555903
2012-01-31,197.783912
2012-02-01,194.553703
2012-02-02,198.285266
2012-02-03,199.173773
2012-02-06,200.400970
2012-02-07,196.834386
2012-02-08,203.237889
2012-02-09,203.550333
2012-02-10,203.918711
2012-02-13,204.217895
2012-02-14,203.525572
2012-02-15,205.507317
2012-02-16,203.697111
2012-02-17,203.475936
2012-02-20,203.733766
2012-02-21,205.484697
2012-02-22,207.925868
2012-02-23,209.373602
2012-02-24,212.805269
2012-02-27,213.302299
2012-02-28,213.787357
2012-02-29,213.218669
2012-03-01,212.682610
2012-03-02,215.556881
2012-03-05,214.473765
2012-03-06,210.466944
2012-03-07,208.205322
2012-03-08,210.478887
2012-03-09,214.543486
2012-03-12,214.171099
2012-03-13,215.855856
2012-03-14,210.999429
2012-03-15,210.069158
2012-03-16,214.002628
2012-03-19,214.181692
2012-03-20,211.682692
2012-03-21,211.381624
2012-03-22,211.235541
2012-03-23,209.869780
2012-03-26,211.046502
2012-03-27,208.427832
2012-03-28,203.403386
2012-03-29,201.535441
2012-03-30,201.339554
2012-04-05,206.797019
2012-04-06,207.891386
2012-04-09,206.631454
2012-04-10,208.200110
2012-04-11,208.468264
2012-04-12,212.060972
2012-04-13,212.620489
2012-04-16,211.782490
2012-04-17,209.000817
2012-04-18,213.316407
2012-04-19,212.004365
2012-04-20,213.942637
2012-04-23,212.500965
2012-04-24,212.635497
2012-04-25,214.093062
2012-04-26,214.778672
2012-04-27,216.094418
2012-05-02,220.039491
2012-05-03,220.183149
2012-05-04,223.069708
2012-05-07,223.370085
2012-05-08,222.771191
2012-05-09,219.109782
2012-05-10,219.011821
2012-05-11,217.465745
2012-05-14,215.160143
2012-05-15,215.114443
2012-05-16,211.724106
2012-05-17,213.770058
2012-05-18,210.727398
2012-05-21,213.166074
2012-05-22,216.225138
2012-05-23,215.080315
2012-05-24,211.993466
2012-05-25,210.487762
2012-05-28,213.704237
2012-05-29,215.575986
2012-05-30,215.013410
2012-05-31,215.099889
2012-06-01,215.730471
2012-06-04,210.934449
2012-06-05,212.100616
2012-06-06,211.262902
2012-06-07,210.689160
2012-06-08,209.035627
2012-06-11,210.473594
2012-06-12,209.337425
2012-06-13,212.236324
2012-06-14,211.945822
2012-06-15,211.916030
2012-06-18,213.267596
2012-06-19,211.342236
2012-06-20,211.030578
2012-06-21,208.361310
2012-06-25,205.066963
2012-06-26,204.869742
2012-06-27,205.041522
2012-06-28,203.046724
2012-06-29,206.118840
2012-07-02,207.122706
2012-07-03,209.180680
2012-07-04,209.680735
2012-07-05,208.177747
2012-07-06,212.727587
2012-07-09,208.918519
2012-07-10,207.661904
2012-07-11,210.001718
2012-07-12,211.910675
2012-07-13,212.898792
2012-07-16,209.764909
2012-07-17,209.042202
2012-07-18,207.236925
2012-07-19,206.956499
2012-07-20,204.683462
2012-07-23,202.097186
2012-07-24,203.617280
2012-07-25,202.671332
2012-07-26,200.937724
2012-07-27,201.342517
2012-07-30,201.376883
2012-07-31,201.652375
2012-08-01,203.016335
2012-08-02,200.236695
2012-08-03,202.326775
2012-08-06,205.086424
2012-08-07,205.549953
2012-08-08,205.709003
2012-08-09,208.912937
2012-08-10,206.001541
2012-08-13,203.318657
2012-08-14,203.809085
2012-08-15,201.577841
2012-08-16,199.912598
2012-08-17,197.868787
2012-08-20,197.436015
2012-08-21,198.460120
2012-08-22,196.215796
2012-08-23,196.001935
2012-08-24,195.195596
2012-08-27,192.163046
2012-08-28,192.030446
2012-08-29,189.565225
2012-08-30,188.858796
2012-08-31,189.189112
2012-09-03,192.167913
2012-09-04,191.417713
2012-09-05,190.999097
2012-09-06,191.911777
2012-09-07,200.147689
2012-09-10,200.004560
2012-09-11,198.526677
2012-09-12,198.932174
2012-09-13,197.432082
2012-09-14,198.944282
2012-09-17,194.211335
2012-09-18,192.148333
2012-09-19,191.282699
2012-09-20,187.399956
2012-09-21,188.039174
2012-09-24,189.772458
2012-09-25,190.914087
2012-09-26,189.013871
2012-09-27,194.675408
2012-09-28,198.523863
2012-10-08,195.669159
2012-10-09,199.777561
2012-10-10,199.883296
2012-10-11,198.238373
2012-10-12,198.470072
2012-10-15,198.953094
2012-10-16,200.006255
2012-10-17,199.657087
2012-10-18,203.011477
2012-10-19,202.770911
2012-10-22,203.278637
2012-10-23,200.025991
2012-10-24,199.747717
2012-10-25,198.197670
2012-10-26,195.049704
2012-10-29,194.511965
2012-10-30,195.266703
2012-10-31,197.062374
2012-11-01,201.307021
2012-11-02,201.868557
2012-11-05,200.730068
2012-11-06,199.413305
2012-11-07,198.925054
2012-11-08,196.047358
2012-11-09,195.172897
2012-11-12,195.341178
2012-11-13,192.408992
2012-11-14,193.536756
2012-11-15,191.554694
2012-11-16,189.414012
2012-11-19,187.496416
2012-11-20,187.311330
2012-11-21,189.776374
2012-11-22,188.254099
2012-11-23,189.961232
2012-11-26,187.952955
2012-11-27,186.635974
2012-11-28,184.441493
2012-11-29,183.363990
2012-11-30,186.032816
2012-12-03,182.872730
2012-12-04,184.760507
2012-12-05,190.357773
2012-12-06,189.918721
2012-12-07,192.427834
2012-12-10,194.226520
2012-12-11,193.305884
2012-12-12,194.619198
2012-12-13,193.045892
2012-12-14,201.551107
2012-12-17,201.499121
2012-12-18,200.813227
2012-12-19,201.347837
2012-12-20,202.763364
2012-12-21,201.758491
2012-12-24,201.998052
2012-12-25,207.430148
2012-12-26,208.552896
2012-12-27,207.762646
2012-12-28,211.203219
2012-12-31,215.120399
2013-01-04,214.577999
2013-01-07,215.100163
2013-01-08,215.186312
2013-01-09,215.744061
2013-01-10,215.789232
2013-01-11,212.171551
2013-01-14,220.227977
2013-01-15,221.189820
2013-01-16,219.080489
2013-01-17,217.914998
2013-01-18,221.641835
2013-01-21,221.089688
2013-01-22,219.644489
2013-01-23,221.118481
2013-01-24,219.724371
2013-01-25,218.041601
2013-01-28,223.032905
2013-01-29,224.587929
2013-01-30,226.120225
2013-01-31,224.590626
2013-02-01,228.882323
2013-02-04,227.528658
2013-02-05,230.440572
2013-02-06,230.928233
2013-02-07,230.605007
2013-02-08,231.720039
2013-02-18,227.325060
2013-02-19,222.944877
2013-02-20,225.432371
2013-02-21,219.420369
2013-02-22,218.963257
2013-02-25,218.961038
2013-02-26,216.095988
2013-02-27,218.521488
2013-02-28,224.660405
2013-03-01,224.514953
2013-03-04,214.357059
2013-03-05,220.232771
2013-03-06,222.805490
2013-03-07,220.770434
2013-03-08,219.763611
2013-03-11,218.925519
2013-03-12,216.080753
2013-03-13,213.600401
2013-03-14,214.563823
2013-03-15,214.191060
2013-03-18,212.254005
2013-03-19,214.014381
2013-03-20,221.530529
2013-03-21,221.935044
2013-03-22,222.541288
2013-03-25,222.577187
2013-03-26,220.458814
2013-03-27,221.797412
2013-03-28,215.860896
2013-03-29,214.797341
2013-04-01,214.693612
2013-04-02,212.836320
2013-04-03,211.792775
2013-04-08,212.145939
2013-04-09,213.453052
2013-04-10,212.552950
2013-04-11,212.139247
2013-04-12,211.301069
2013-04-15,210.466895
2013-04-16,213.403964
2013-04-17,214.785639
2013-04-18,215.762414
2013-04-19,221.219578
2013-04-22,220.261564
2013-04-23,213.512937
2013-04-24,218.209828
2013-04-25,215.319027
2013-04-26,213.813443
2013-05-02,216.347241
2013-05-03,220.672420
2013-05-06,223.074950
2013-05-07,223.819110
2013-05-08,225.485900
2013-05-09,223.835131
2013-05-10,224.199496
2013-05-13,221.761431
2013-05-14,217.838767
2013-05-15,219.119087
2013-05-16,223.750789
2013-05-17,226.999929
2013-05-20,227.753829
2013-05-21,228.724393
2013-05-22,228.692986
2013-05-23,227.333526
2013-05-24,228.730897
2013-05-27,228.663169
2013-05-28,232.497118
2013-05-29,232.883707
2013-05-30,231.956806
2013-05-31,228.851090
2013-06-03,228.140172
2013-06-04,224.804322
2013-06-05,224.656092
2013-06-06,221.428985
2013-06-07,217.863394
2013-06-13,211.838306
2013-06-14,214.321737
2013-06-17,213.079050
2013-06-18,214.902790
2013-06-19,213.222523
2013-06-20,206.584471
2013-06-21,207.047234
2013-06-24,193.511487
2013-06-25,193.598707
2013-06-26,196.514529
2013-06-27,196.575079
2013-06-28,200.811321
2013-07-01,203.401887
2013-07-02,205.074991
2013-07-03,203.906538
2013-07-04,205.148027
2013-07-05,205.939895
2013-07-08,201.358422
2013-07-09,200.634649
2013-07-10,206.567731
2013-07-11,216.626052
2013-07-12,213.062738
2013-07-15,216.666282
2013-07-16,217.380504
2013-07-17,213.680578
2013-07-18,209.684975
2013-07-19,203.384985
2013-07-22,204.757459
2013-07-23,211.526622
2013-07-24,211.171720
2013-07-25,209.130552
2013-07-26,208.124385
2013-07-29,203.864219
2013-07-30,203.996301
2013-07-31,203.920242
2013-08-01,209.331689
2013-08-02,209.575916
2013-08-05,213.510829
2013-08-06,215.838870
2013-08-07,214.552476
2013-08-08,214.527261
2013-08-09,214.842813
2013-08-12,219.837299
2013-08-13,220.665933
2013-08-14,219.864438
2013-08-15,215.761444
2013-08-16,213.838291
2013-08-19,218.247317
2013-08-20,217.319073
2013-08-21,215.824645
2013-08-22,216.907323
2013-08-23,216.278320
2013-08-26,220.322765
2013-08-27,220.242113
2013-08-28,217.134281
2013-08-29,216.390340
2013-08-30,214.607074
2013-09-02,216.295069
2013-09-03,220.591588
2013-09-04,219.831290
2013-09-05,219.237508
2013-09-06,219.938215
2013-09-09,225.571802
2013-09-10,226.417312
2013-09-11,225.565955
2013-09-12,226.301214
2013-09-13,225.837792
2013-09-16,226.113716
2013-09-17,223.637241
2013-09-18,222.870878
2013-09-23,228.350187
2013-09-24,227.594360
2013-09-25,225.435808
2013-09-26,224.126464
2013-09-27,224.940838
2013-09-30,225.901633
2013-10-08,228.292180
2013-10-09,229.685339
2013-10-10,228.339354
2013-10-11,230.715230
2013-10-14,229.614587
2013-10-15,229.318113
2013-10-16,225.988845
2013-10-17,225.114472
2013-10-18,225.709942
2013-10-21,231.324514
2013-10-22,228.461471
2013-10-23,225.642353
2013-10-24,223.873172
2013-10-25,219.906615
2013-10-28,218.386144
2013-10-29,219.069675
2013-10-30,222.227113
2013-10-31,217.399237
2013-11-01,218.718690
2013-11-04,218.345891
2013-11-05,218.144187
2013-11-06,214.456795
2013-11-07,211.970453
2013-11-08,210.342854
2013-11-11,213.213753
2013-11-12,214.738781
2013-11-13,210.411976
2013-11-14,212.319717
2013-11-15,215.724334
2013-11-18,219.932388
2013-11-19,217.449625
2013-11-20,218.164512
2013-11-21,216.339371
2013-11-22,214.913031
2013-11-25,214.416624
2013-11-26,214.916205
2013-11-27,217.451356
2013-11-28,219.991068
2013-11-29,220.808629
2013-12-02,215.293324
2013-12-03,218.539415
2013-12-04,221.215139
2013-12-05,219.543622
2013-12-06,218.218441
2013-12-09,218.881799
2013-12-10,218.775725
2013-12-11,216.757754
2013-12-12,217.774147
2013-12-13,218.126581
2013-12-16,214.741287
2013-12-17,213.569672
2013-12-18,213.739404
2013-12-19,210.947357
2013-12-20,208.039859
2013-12-23,209.229548
2013-12-24,210.412331
2013-12-25,212.399999
2013-12-26,208.706735
2013-12-27,211.772969
2013-12-30,211.146225
2013-12-31,213.108597
2014-01-02,214.323814
2014-01-03,212.671920
2014-01-06,207.643213
2014-01-07,208.070086
2014-01-08,209.055506
2014-01-09,207.355716
2014-01-10,205.354567
2014-01-13,204.063493
2014-01-14,205.888423
2014-01-15,206.802032
2014-01-16,205.138734
2014-01-17,201.204692
2014-01-20,198.088143
2014-01-21,199.898248
2014-01-22,205.152120
2014-01-23,205.798643
2014-01-24,206.343008
2014-01-27,202.483475
2014-01-28,202.131276
2014-01-29,202.462129
2014-01-30,200.178523
2014-02-07,201.778614
2014-02-10,208.254930
2014-02-11,208.844368
2014-02-12,209.664573
2014-02-13,208.001152
2014-02-14,209.304537
2014-02-17,209.246263
2014-02-18,207.188903
2014-02-19,209.423106
2014-02-20,207.353514
2014-02-21,206.181740
2014-02-24,202.088888
2014-02-25,195.141585
2014-02-26,194.377341
2014-02-27,191.558433
2014-02-28,195.010230
2014-03-03,197.427960
2014-03-04,195.144190
2014-03-05,192.738189
2014-03-06,191.913784
2014-03-07,193.048099
2014-03-10,188.806495
2014-03-11,190.349187
2014-03-12,190.739651
2014-03-13,193.293157
2014-03-14,191.686735
2014-03-17,193.423397
2014-03-18,192.374233
2014-03-19,188.177488
2014-03-20,183.698559
2014-03-21,189.016875
2014-03-24,188.785386
2014-03-25,189.999305
2014-03-26,191.212247
2014-03-27,188.833727
2014-03-28,187.691605
2014-03-31,187.196327
2014-04-01,188.188688
2014-04-02,188.058923
2014-04-03,187.942245
2014-04-04,190.994967
2014-04-08,196.395081
2014-04-09,197.188614
2014-04-10,198.237535
2014-04-11,198.665865
2014-04-14,199.634560
2014-04-15,196.937776
2014-04-16,196.974812
2014-04-17,196.431649
2014-04-18,196.458064
2014-04-21,193.967417
2014-04-22,193.308255
2014-04-23,192.041300
2014-04-24,190.850949
2014-04-25,188.117451
2014-04-28,184.625910
2014-04-29,187.749868
2014-04-30,189.750859
2014-05-05,190.517582
2014-05-06,190.997915
2014-05-07,187.521504
2014-05-08,186.616795
2014-05-09,185.247585
2014-05-12,188.914212
2014-05-13,188.891596
2014-05-14,188.676827
2014-05-15,185.623397
2014-05-16,185.525323
2014-05-19,183.226747
2014-05-20,183.096702
2014-05-21,184.965265
2014-05-22,184.661160
2014-05-23,186.387955
2014-05-26,187.596032
2014-05-27,186.612747
2014-05-28,188.841924
2014-05-29,187.449103
2014-05-30,187.502888
2014-06-03,186.093300
2014-06-04,184.243298
2014-06-05,185.864460
2014-06-06,185.051444
2014-06-09,183.787172
2014-06-10,186.696874
2014-06-11,187.152285
2014-06-12,187.159228
2014-06-13,188.702106
2014-06-16,189.753426
2014-06-17,188.069724
2014-06-18,186.917164
2014-06-19,183.353738
2014-06-20,184.262037
2014-06-23,184.344030
2014-06-24,185.604800
2014-06-25,184.991727
2014-06-26,186.646809
2014-06-27,187.131896
2014-06-30,188.876573
2014-07-01,188.971943
2014-07-02,188.571585
2014-07-03,189.256370
2014-07-04,188.574118
2014-07-07,187.576806
2014-07-08,187.977302
2014-07-09,184.349782
2014-07-10,182.381896
2014-07-11,183.337638
2014-07-14,185.350439
2014-07-15,185.777595
2014-07-16,184.352726
2014-07-17,182.953103
2014-07-18,183.438266
2014-07-21,184.859020
2014-07-22,186.324408
2014-07-23,184.759739
2014-07-24,185.793149
2014-07-25,187.564452
2014-07-28,190.830158
2014-07-29,193.101887
2014-07-30,193.797211
2014-07-31,195.359549
2014-08-01,194.097988
2014-08-04,196.062898
2014-08-05,196.683644
2014-08-06,196.644582
2014-08-07,194.263959
2014-08-08,194.980816
2014-08-11,197.182705
2014-08-12,197.325323
2014-08-13,197.216409
2014-08-14,195.475295
2014-08-15,197.017533
2014-08-18,199.127302
2014-08-19,199.769831
2014-08-20,199.391774
2014-08-21,199.581472
2014-08-22,200.533056
2014-08-25,199.755398
2014-08-26,197.713634
2014-08-27,198.154038
2014-08-28,197.462212
2014-08-29,199.798254
2014-09-01,201.813814
2014-09-02,204.208644
2014-09-03,206.201720
2014-09-04,207.325188
2014-09-05,210.486417
2014-09-09,211.307137
2014-09-10,211.009834
2014-09-11,210.497755
2014-09-12,211.312470
2014-09-15,211.490436
2014-09-16,205.717229
2014-09-17,206.593396
2014-09-18,207.803189
2014-09-19,209.498783
2014-09-22,206.756026
2014-09-23,208.552719
2014-09-24,210.786091
2014-09-25,210.563070
2014-09-26,210.967453
2014-09-29,212.522820
2014-09-30,213.305658
2014-10-08,216.294377
2014-10-09,215.362643
2014-10-10,213.652536
2014-10-13,212.538544
2014-10-14,211.616703
2014-10-15,212.962807
2014-10-16,210.431920
2014-10-17,210.322506
2014-10-20,211.774208
2014-10-21,210.467425
2014-10-22,208.991492
2014-10-23,207.222296
2014-10-24,207.878644
2014-10-27,207.123862
2014-10-28,210.476966
2014-10-29,212.961130
2014-10-30,214.296074
2014-10-31,215.356323
2014-11-03,215.512581
2014-11-04,214.196818
2014-11-05,213.482852
2014-11-06,214.541296
2014-11-07,213.247684
2014-11-10,216.968227
2014-11-11,214.354262
2014-11-12,217.907370
2014-11-13,216.443272
2014-11-14,217.240129
2014-11-17,217.819738
2014-11-18,218.697554
2014-11-19,219.095243
2014-11-20,218.246117
2014-11-21,220.349757
2014-11-24,224.726240
2014-11-25,227.913963
2014-11-26,229.125311
2014-11-27,229.020949
2014-11-28,229.347167
2014-12-01,229.401158
2014-12-02,234.933354
2014-12-03,239.703357
2014-12-04,247.296745
2014-12-05,248.355039
2014-12-08,256.498276
2014-12-09,244.381581
2014-12-10,254.365164
2014-12-11,252.977318
2014-12-12,254.571980
2014-12-15,257.176458
2014-12-16,259.701744
2014-12-17,259.684604
2014-12-18,260.028909
2014-12-19,262.619859
2014-12-22,260.981742
2014-12-23,255.972067
2014-12-24,251.370463
2014-12-25,257.309621
2014-12-26,264.079220
2014-12-29,263.717148
2014-12-30,260.314350
2014-12-31,266.980665
2015-01-05,277.035935
2015-01-06,279.211599
2015-01-07,279.296638
2015-01-08,276.516750
2015-01-09,274.383735
2015-01-12,274.121343
2015-01-13,276.458956
2015-01-14,274.078119
2015-01-15,280.341189
2015-01-16,283.956290
2015-01-19,264.005673
2015-01-20,268.778358
2015-01-21,280.132677
2015-01-22,281.845554
2015-01-23,281.584424
2015-01-26,284.652303
2015-01-27,284.237576
2015-01-28,279.366300
2015-01-29,276.024408
2015-01-30,270.944508
2015-02-02,264.476327
2015-02-03,271.072627
2015-02-04,269.213698
2015-02-05,265.198359
2015-02-06,260.359140
2015-02-09,263.748499
2015-02-10,268.905063
2015-02-11,271.074239
2015-02-12,272.727070
2015-02-13,274.079516
2015-02-16,276.485505
2015-02-17,278.617572
2015-02-25,277.316984
2015-02-26,285.360499
2015-02-27,286.258113
2015-03-02,287.963012
2015-03-03,280.660093
2015-03-04,282.156278
2015-03-05,279.793827
2015-03-06,277.537299
2015-03-09,280.851204
2015-03-10,279.848707
2015-03-11,280.281009
2015-03-12,285.634293
2015-03-13,287.531775
2015-03-16,294.790485
2015-03-17,299.768816
2015-03-18,305.537902
2015-03-19,306.381650
2015-03-20,310.430376
2015-03-23,317.609888
2015-03-24,319.094900
2015-03-25,315.808798
2015-03-26,316.103571
2015-03-27,317.344277
2015-03-30,326.819192
2015-03-31,323.344693
2015-04-01,329.018881
2015-04-02,327.449861
2015-04-03,331.571029
2015-04-07,337.470960
2015-04-08,343.169377
2015-04-09,340.812820
2015-04-10,345.780692
2015-04-13,352.122326
2015-04-14,358.702490
2015-04-15,355.703585
2015-04-16,366.129766
2015-04-17,376.804304
2015-04-20,376.272539
2015-04-21,380.082666
2015-04-22,390.959658
2015-04-23,390.364158
2015-04-24,390.136759
2015-04-27,401.673255
2015-04-28,399.130321
2015-04-29,398.728147
2015-04-30,397.410467
2015-05-04,401.671781
2015-05-05,386.227636
2015-05-06,380.066216
2015-05-07,368.369852
2015-05-08,376.401728
2015-05-11,388.442424
2015-05-12,395.259424
2015-05-13,390.303656
2015-05-14,388.358799
2015-05-15,382.236388
2015-05-18,375.448130
2015-05-19,389.722456
2015-05-20,389.556179
2015-05-21,393.689841
2015-05-22,404.261049
2015-05-25,419.980621
2015-05-26,426.022620
2015-05-27,422.076520
2015-05-28,388.741835
2015-05-29,384.235644
2015-06-01,403.326521
2015-06-02,409.667893
2015-06-03,413.057969
2015-06-04,413.732200
2015-06-05,423.115721
2015-06-08,434.181769
2015-06-09,426.061796
2015-06-10,421.246276
2015-06-11,419.060242
2015-06-12,418.495077
2015-06-15,410.508863
2015-06-16,394.833892
2015-06-17,402.705575
2015-06-18,385.075323
2015-06-19,361.173909
2015-06-23,374.984357
2015-06-24,380.970738
2015-06-25,367.488619
2015-06-26,338.662224
2015-06-29,326.224582
2015-06-30,349.006525
2015-07-01,327.839305
2015-07-02,315.132616
2015-07-03,297.124242
2015-07-06,309.681085
2015-07-07,311.661884
2015-07-08,294.614680
2015-07-09,316.564116
2015-07-10,338.150362
2015-07-13,344.840790
2015-07-14,329.660450
2015-07-15,316.047935
2015-07-16,318.119608
2015-07-17,331.010894
2015-07-20,332.956694
2015-07-21,339.338060
2015-07-22,335.198295
2015-07-23,342.929331
2015-07-24,335.406528
2015-07-27,305.386914
2015-07-28,299.703270
2015-07-29,311.876740
2015-07-30,300.995366
2015-07-31,299.801139
2015-08-03,297.685212
2015-08-04,308.596335
2015-08-05,303.140593
2015-08-06,297.531011
2015-08-07,303.880030
2015-08-10,323.802200
2015-08-11,320.011123
2015-08-12,317.633366
2015-08-13,322.845000
2015-08-14,322.721156
2015-08-17,321.774633
2015-08-18,297.881259
2015-08-19,302.335620
2015-08-20,290.911389
2015-08-21,276.079974
2015-08-24,252.999574
2015-08-25,233.124597
2015-08-26,223.016034
2015-08-27,237.076536
2015-08-28,251.522328
2015-08-31,254.807319
2015-09-01,255.723748
2015-09-02,259.290387
2015-09-07,250.295641
2015-09-08,255.103544
2015-09-09,260.607586
2015-09-10,256.169782
2015-09-11,255.819280
2015-09-14,251.619627
2015-09-15,240.193581
2015-09-16,253.062017
2015-09-17,249.300494
2015-09-18,250.623754
2015-09-21,256.133547
2015-09-22,259.129057
2015-09-23,251.229003
2015-09-24,253.170860
2015-09-25,246.149803
2015-09-28,246.550383
2015-09-29,240.787394
2015-09-30,242.769958
2015-10-08,249.709448
2015-10-09,252.416882
2015-10-12,262.153986
2015-10-13,261.705467
2015-10-14,260.311899
2015-10-15,265.848001
2015-10-16,271.431522
2015-10-19,271.489774
2015-10-20,279.793491
2015-10-21,273.338450
2015-10-22,277.762189
2015-10-23,277.470082
2015-10-26,278.017485
2015-10-27,277.412734
2015-10-28,271.732376
2015-10-29,271.822463
2015-10-30,272.377649
2015-11-02,268.697868
2015-11-03,267.626765
2015-11-04,279.419148
2015-11-05,290.025688
2015-11-06,295.529846
2015-11-09,296.973020
2015-11-10,295.596367
2015-11-11,296.602233
2015-11-12,293.854881
2015-11-13,290.521467
2015-11-16,290.867599
2015-11-17,290.521189
2015-11-18,284.817559
2015-11-19,288.876099
2015-11-20,288.306705
2015-11-23,288.886085
2015-11-24,287.923687
2015-11-25,288.890517
2015-11-26,286.700009
2015-11-27,269.651095
2015-11-30,267.999585
2015-12-01,270.164002
2015-12-02,278.092891
2015-12-03,278.638838
2015-12-04,273.881414
2015-12-07,274.912705
2015-12-08,270.736320
2015-12-09,268.669865
2015-12-10,266.627453
2015-12-11,264.629502
2015-12-14,273.444984
2015-12-15,270.814094
2015-12-16,270.049338
2015-12-17,274.486672
2015-12-18,274.594865
2015-12-21,278.683098
2015-12-22,278.480807
2015-12-23,276.983972
2015-12-24,274.096915
2015-12-25,274.626660
2015-12-28,266.837201
2015-12-29,268.013904
2015-12-30,267.368746
2015-12-31,265.334414
2016-01-04,245.661091
2016-01-05,243.792898
2016-01-06,248.902825
2016-01-07,230.990419
2016-01-08,235.423805
2016-01-11,226.664527
2016-01-12,229.230159
2016-01-13,222.557275
2016-01-14,226.677157
2016-01-15,217.503200
2016-01-18,219.340715
2016-01-19,229.119190
2016-01-20,227.440480
2016-01-21,218.235653
2016-01-22,220.941385
2016-01-25,220.874072
2016-01-26,207.393375
2016-01-27,205.994492
2016-01-28,198.302568
2016-01-29,205.590872
2016-02-01,201.648173
2016-02-02,205.883250
2016-02-03,205.159925
2016-02-04,208.101393
2016-02-05,207.260930
2016-02-15,205.767290
2016-02-16,212.165961
2016-02-17,215.738174
2016-02-18,214.259170
2016-02-19,213.626818
2016-02-22,217.845634
2016-02-23,215.354672
2016-02-24,218.353779
2016-02-25,203.961432
2016-02-26,205.197742
2016-02-29,199.040596
2016-03-01,202.424465
2016-03-02,210.730093
2016-03-03,211.427487
2016-03-04,213.170903
2016-03-07,213.842719
2016-03-08,214.231528
2016-03-09,212.396892
2016-03-10,208.178982
2016-03-11,208.285910
2016-03-14,211.630407
2016-03-15,212.479667
2016-03-16,213.484804
2016-03-17,215.675558
2016-03-18,218.610013
2016-03-21,223.573856
2016-03-22,222.207505
2016-03-23,222.904432
2016-03-24,220.080272
2016-03-25,220.727418
2016-03-28,219.236703
2016-03-29,216.654349
2016-03-30,221.683111
2016-03-31,221.994739
2016-04-01,222.083000
2016-04-05,225.292195
2016-04-06,224.945712
2016-04-07,221.618947
2016-04-08,219.814183
2016-04-11,221.846543
2016-04-12,220.758595
2016-04-13,222.952530
2016-04-14,224.120964
2016-04-15,223.781492
2016-04-18,221.461771
2016-04-19,221.895193
2016-04-20,219.069447
2016-04-21,216.652070
2016-04-22,218.262135
2016-04-25,216.945719
2016-04-26,218.168937
2016-04-27,217.636029
2016-04-28,217.495279
2016-04-29,217.267755
2016-05-03,221.752484
2016-05-04,221.684944
2016-05-05,222.296404
2016-05-06,216.977841
2016-05-09,213.155206
2016-05-10,213.732633
2016-05-11,215.127455
2016-05-12,215.224353
2016-05-13,213.664835
2016-05-16,214.821204
2016-05-17,214.234274
2016-05-18,213.049618
2016-05-19,212.303135
2016-05-20,213.150311
2016-05-23,214.045535
2016-05-24,212.749484
2016-05-25,212.123778
2016-05-26,212.091601
2016-05-27,211.713516
2016-05-30,212.196222
2016-05-31,218.586338
2016-06-01,218.470794
2016-06-02,219.046472
2016-06-03,221.464705
2016-06-06,220.371607
2016-06-07,220.480390
2016-06-08,219.531770
2016-06-13,213.499060
2016-06-14,214.181335
2016-06-15,217.027917
2016-06-16,215.383627
2016-06-17,216.583950
2016-06-20,216.419220
2016-06-21,215.643540
2016-06-22,217.361197
2016-06-23,216.437315
2016-06-24,213.841183
2016-06-27,217.610400
2016-06-28,219.258155
2016-06-29,219.736442
2016-06-30,220.122265
2016-07-01,220.768770
2016-07-04,222.330717
2016-07-05,221.476267
2016-07-06,223.730724
2016-07-07,223.303953
2016-07-08,222.006346
2016-07-11,222.606942
2016-07-12,226.938175
2016-07-13,227.286503
2016-07-14,226.550137
2016-07-15,227.101417
2016-07-18,226.222266
2016-07-19,223.998868
2016-07-20,223.340175
2016-07-21,224.463668
2016-07-22,222.470434
2016-07-25,223.264973
2016-07-26,226.232203
2016-07-27,223.312289
2016-07-28,224.571543
2016-07-29,223.831455
2016-08-01,221.829754
2016-08-02,222.366224
2016-08-03,222.955740
2016-08-04,224.145457
2016-08-05,224.945364
2016-08-08,226.876576
2016-08-09,228.652888
2016-08-10,227.302662
2016-08-11,226.831089
2016-08-12,231.427151
2016-08-15,238.060236
2016-08-16,238.253232
2016-08-17,236.647189
2016-08-18,235.559735
2016-08-19,234.922079
2016-08-22,234.292075
2016-08-23,234.681205
2016-08-24,233.605064
2016-08-25,231.747526
2016-08-26,231.387554
2016-08-29,231.985201
2016-08-30,232.321308
2016-08-31,234.798155
2016-09-01,232.792943
2016-09-02,232.864581
2016-09-05,232.922891
2016-09-06,233.653436
2016-09-07,232.868613
2016-09-08,233.066525
2016-09-09,231.314032
2016-09-12,228.026174
2016-09-13,228.223156
2016-09-14,227.028471
2016-09-19,228.569144
2016-09-20,228.164574
2016-09-21,229.017975
2016-09-22,231.660789
2016-09-23,230.417630
2016-09-26,226.936468
2016-09-27,228.374314
2016-09-28,228.018688
2016-09-29,229.289889
2016-09-30,230.668013
2016-10-10,233.137792
2016-10-11,234.197438
2016-10-12,233.784587
2016-10-13,233.476412
2016-10-14,233.301969
2016-10-17,231.591226
2016-10-18,233.518785
2016-10-19,233.108919
2016-10-20,233.244271
2016-10-21,232.827877
2016-10-24,235.136569
2016-10-25,235.866855
2016-10-26,236.014884
2016-10-27,235.457754
2016-10-28,235.871591
2016-10-31,235.942613
2016-11-01,237.332494
2016-11-02,236.432607
2016-11-03,237.289946
2016-11-04,236.136658
2016-11-07,235.392484
2016-11-08,237.294546
2016-11-09,236.753310
2016-11-10,238.483519
2016-11-11,238.026601
2016-11-14,237.076548
2016-11-15,238.056234
2016-11-16,237.999811
2016-11-17,237.855208
2016-11-18,237.077233
2016-11-21,238.059467
2016-11-22,238.647352
2016-11-23,240.636122
2016-11-24,241.828935
2016-11-25,243.387789
2016-11-28,243.163363
2016-11-29,245.415338
2016-11-30,243.236020
2016-12-01,244.502930
2016-12-02,242.924037
2016-12-05,240.752693
2016-12-06,241.258437
2016-12-07,241.523006
2016-12-08,243.069559
2016-12-09,244.123414
2016-12-12,240.121478
2016-12-13,239.656921
2016-12-14,238.579239
2016-12-15,234.026244
2016-12-16,234.390943
2016-12-19,233.706828
2016-12-20,232.302086
2016-12-21,233.224879
2016-12-22,232.274251
2016-12-23,230.082955
2016-12-26,231.007781
2016-12-27,230.816051
2016-12-28,230.057733
2016-12-29,230.162962
2016-12-30,232.326465
2017-01-03,234.318141
2017-01-04,237.403109
2017-01-05,236.740752
2017-01-06,235.264443
2017-01-09,235.673135
2017-01-10,235.585791
2017-01-11,233.743259
2017-01-12,232.984757
2017-01-13,233.476681
2017-01-16,234.639171
2017-01-17,235.526701
2017-01-18,237.680247
2017-01-19,237.017339
2017-01-20,238.272391
2017-01-23,238.299959
2017-01-24,238.749787
2017-01-25,239.434833
2017-01-26,239.701984
2017-02-03,238.176965
2017-02-06,238.731771
2017-02-07,238.451571
2017-02-08,239.046448
2017-02-09,239.651430
2017-02-10,240.502038
2017-02-13,242.725050
2017-02-14,242.293593
2017-02-15,241.694568
2017-02-16,242.684594
2017-02-17,242.264588
2017-02-20,246.896169
2017-02-21,246.680793
2017-02-22,247.919446
2017-02-23,246.902496
2017-02-24,246.556378
2017-02-27,244.127775
2017-02-28,244.327510
2017-03-01,244.516641
2017-03-02,242.985044
2017-03-03,242.731023
2017-03-06,243.888998
2017-03-07,245.401661
2017-03-08,245.265468
2017-03-09,243.610350
2017-03-10,244.482258
2017-03-13,246.583041
2017-03-14,246.468065
2017-03-15,247.410630
2017-03-16,247.718723
2017-03-17,245.445458
2017-03-20,246.901342
2017-03-21,250.313802
2017-03-22,249.633676
2017-03-23,250.294843
2017-03-24,252.044920
2017-03-27,250.139128
2017-03-28,249.589471
2017-03-29,249.266831
2017-03-30,248.032426
2017-03-31,250.040351
2017-04-05,252.371787
2017-04-06,253.494571
2017-04-07,253.200881
2017-04-10,251.517052
2017-04-11,251.381710
2017-04-12,251.371541
2017-04-13,251.955020
2017-04-14,250.248882
2017-04-17,250.338673
2017-04-18,251.451313
2017-04-19,251.027054
2017-04-20,254.389726
2017-04-21,253.719639
2017-04-24,251.162361
2017-04-25,253.891019
2017-04-26,253.119712
2017-04-27,253.248956
2017-04-28,251.463179
2017-05-02,250.643535
2017-05-03,250.855036
2017-05-04,250.543889
2017-05-05,250.041028
2017-05-08,248.090396
2017-05-09,247.774072
2017-05-10,248.716641
2017-05-11,250.839610
2017-05-12,253.813083
2017-05-15,255.512478
2017-05-16,257.739558
2017-05-17,254.906642
2017-05-18,254.340957
2017-05-19,255.643564
2017-05-22,257.610655
2017-05-23,261.687100
2017-05-24,261.046986
2017-05-25,264.686645
2017-05-26,264.177665
2017-05-31,264.746951
2017-06-01,267.253148
2017-06-02,265.807728
2017-06-05,263.602744
2017-06-06,266.555766
2017-06-07,270.421515
2017-06-08,273.313757
2017-06-09,275.564179
2017-06-12,277.243082
2017-06-13,277.448621
2017-06-14,273.185719
2017-06-15,271.251690
2017-06-16,270.059785
2017-06-19,272.770678
2017-06-20,271.850670
2017-06-21,276.762711
2017-06-22,277.545064
2017-06-23,280.289111
2017-06-26,283.644091
2017-06-27,284.770321
2017-06-28,282.169317
2017-06-29,283.953076
2017-06-30,283.784662
2017-07-03,280.725820
2017-07-04,277.891678
2017-07-05,282.210885
2017-07-06,282.418134
2017-07-07,280.410097
2017-07-10,281.172361
2017-07-11,284.450371
2017-07-12,282.523600
2017-07-13,284.731999
2017-07-14,286.692887
2017-07-17,285.727954
2017-07-18,286.029189
2017-07-19,289.638723
2017-07-20,291.672831
2017-07-21,290.919302
2017-07-24,292.303680
2017-07-25,291.259847
2017-07-26,288.973653
2017-07-27,288.347752
2017-07-28,289.886021
2017-07-31,290.440517
2017-08-01,293.265813
2017-08-02,291.794469
2017-08-03,287.689563
2017-08-04,286.190912
2017-08-07,288.485463
2017-08-08,288.034222
2017-08-09,289.474451
2017-08-10,289.196857
2017-08-11,284.638809
2017-08-14,288.401622
2017-08-15,289.419844
2017-08-16,288.283829
2017-08-17,288.779185
2017-08-18,289.230853
2017-08-21,290.750095
2017-08-22,293.039753
2017-08-23,294.182735
2017-08-24,293.196892
2017-08-25,297.031570
2017-08-28,298.342594
2017-08-29,297.736809
2017-08-30,297.352850
2017-08-31,295.143284
2017-09-01,294.524804
2017-09-04,296.417226
2017-09-05,296.652152
2017-09-06,295.267923
2017-09-07,293.612483
2017-09-08,292.917011
2017-09-11,292.017881
2017-09-12,294.083693
2017-09-13,295.316649
2017-09-14,293.385249
2017-09-15,293.077826
2017-09-18,293.882645
2017-09-19,293.465046
2017-09-20,293.678014
2017-09-21,294.899658
2017-09-22,295.927619
2017-09-25,296.512852
2017-09-26,296.660728
2017-09-27,296.408789
2017-09-28,297.531084
2017-09-29,297.960564
2017-10-09,302.315221
2017-10-10,302.818420
2017-10-11,305.676581
2017-10-12,307.569924
2017-10-13,308.758299
2017-10-16,309.551327
2017-10-17,309.998215
2017-10-18,314.053998
2017-10-19,315.678873
2017-10-20,313.238797
2017-10-23,313.639831
2017-10-24,315.734430
2017-10-25,318.096686
2017-10-26,320.046218
2017-10-27,326.224153
2017-10-30,326.462934
2017-10-31,325.599756
2017-11-01,325.688676
2017-11-02,325.917751
2017-11-03,327.410633
2017-11-06,331.737537
2017-11-07,333.157894
2017-11-08,331.377583
2017-11-09,335.365943
2017-11-10,339.813159
2017-11-13,342.232445
2017-11-14,339.233114
2017-11-15,338.387285
2017-11-16,343.532246
2017-11-17,344.599639
2017-11-20,346.838454
2017-11-21,351.513158
2017-11-22,351.155569
2017-11-23,338.941628
2017-11-24,337.591608
2017-11-27,332.304187
2017-11-28,333.796171
2017-11-29,332.575504
2017-11-30,328.580742
2017-12-01,326.650908
2017-12-04,330.503798
2017-12-05,333.909411
2017-12-06,330.276054
2017-12-07,325.375647
2017-12-08,329.249321
2017-12-11,336.453015
2017-12-12,332.294827
2017-12-13,336.436798
2017-12-14,334.342466
2017-12-15,329.767132
2017-12-18,332.860216
2017-12-19,337.573909
2017-12-20,339.251693
2017-12-21,342.662757
2017-12-22,341.699976
2017-12-25,342.434681
2017-12-26,342.227809
2017-12-27,334.794291
2017-12-28,340.261653
2017-12-29,340.040405
2018-01-02,344.450859
2018-01-03,345.525998
2018-01-04,348.610664
2018-01-05,349.411069
2018-01-08,351.200805
2018-01-09,356.607623
2018-01-10,360.318885
2018-01-11,359.924253
2018-01-12,364.258198
2018-01-15,367.287347
2018-01-16,367.336640
2018-01-17,363.857138
2018-01-18,367.601375
2018-01-19,368.355920
2018-01-22,375.817709
2018-01-23,380.197424
2018-01-24,376.987942
2018-01-25,375.511420
2018-01-26,377.966743
2018-01-29,369.633029
2018-01-30,366.247074
2018-01-31,372.378265
2018-02-01,372.831468
2018-02-02,375.300308
2018-02-05,373.837202
2018-02-06,364.828247
2018-02-07,351.978107
2018-02-08,347.993303
2018-02-09,335.969233
2018-02-12,340.276578
2018-02-13,346.011384
2018-02-14,350.225244
2018-02-22,358.954819
2018-02-23,360.185512
2018-02-26,363.191014
2018-02-27,355.193893
2018-02-28,349.722280
2018-03-01,352.769119
2018-03-02,349.462764
2018-03-05,348.160486
2018-03-06,350.756409
2018-03-07,349.157466
2018-03-08,353.223784
2018-03-09,355.584118
2018-03-12,356.344974
2018-03-13,353.663485
2018-03-14,353.409483
2018-03-15,357.680167
2018-03-16,353.196452
2018-03-19,356.730004
2018-03-20,357.321447
2018-03-21,355.655018
2018-03-22,350.766574
2018-03-23,343.029765
2018-03-26,337.237514
2018-03-27,337.609543
2018-03-28,328.805603
2018-03-29,333.730280
2018-03-30,332.868216
2018-04-02,329.750678
2018-04-03,328.383804
2018-04-04,329.198432
2018-04-09,328.930159
2018-04-10,337.722991
2018-04-11,338.739296
2018-04-12,334.161582
2018-04-13,331.074607
2018-04-16,324.406184
2018-04-17,317.825328
2018-04-18,318.655976
2018-04-19,324.928170
2018-04-20,322.329016
2018-04-23,324.491427
2018-04-24,330.891627
2018-04-25,329.351886
2018-04-26,321.764097
2018-04-27,320.703166
2018-05-02,323.076734
2018-05-03,325.787882
2018-05-04,323.742452
2018-05-07,330.211244
2018-05-08,335.126374
2018-05-09,335.134509
2018-05-10,338.144787
2018-05-11,337.096801
2018-05-14,343.188997
2018-05-15,343.913888
2018-05-16,340.471985
2018-05-17,337.070096
2018-05-18,340.993045
2018-05-21,341.577108
2018-05-22,340.642660
2018-05-23,334.909098
2018-05-24,331.218196
2018-05-25,331.776971
2018-05-28,335.712509
2018-05-29,333.399375
2018-05-30,328.141058
2018-05-31,337.145755
2018-06-01,333.505642
2018-06-04,340.231872
2018-06-05,344.885325
2018-06-06,344.123605
2018-06-07,343.931365
2018-06-08,340.549737
2018-06-11,341.303739
2018-06-12,347.163043
2018-06-13,344.557650
2018-06-14,342.666520
2018-06-15,342.837114
2018-06-19,334.686258
2018-06-20,337.027474
2018-06-21,334.796201
2018-06-22,335.570246
2018-06-25,331.679004
2018-06-26,327.401552
2018-06-27,317.873881
2018-06-28,312.149768
2018-06-29,321.619738
2018-07-02,310.776829
2018-07-03,307.767535
2018-07-04,303.529933
2018-07-05,304.260633
2018-07-06,307.681195
2018-07-09,318.521957
2018-07-10,319.282683
2018-07-11,315.323507
2018-07-12,322.554151
2018-07-13,325.150272
2018-07-16,323.150620
2018-07-17,320.269814
2018-07-18,318.750598
2018-07-19,318.740235
2018-07-20,325.432220
2018-07-23,325.696664
2018-07-24,330.122707
2018-07-25,330.487936
2018-07-26,325.948582
2018-07-27,324.794972
2018-07-30,323.856810
2018-07-31,324.165034
2018-08-01,317.358374
2018-08-02,310.076506
2018-08-03,303.538706
2018-08-06,299.288056
2018-08-07,307.667276
2018-08-08,301.855085
2018-08-09,311.225458
2018-08-10,311.822641
2018-08-13,309.594988
2018-08-14,307.853229
2018-08-15,298.897040
2018-08-16,296.935331
2018-08-17,292.087088
2018-08-20,295.644522
2018-08-21,303.983564
2018-08-22,302.466559
2018-08-23,303.836054
2018-08-24,303.573830
2018-08-27,313.002800
2018-08-28,311.613733
2018-08-29,310.654069
2018-08-30,307.567006
2018-08-31,304.441322
2018-09-03,303.381261
2018-09-04,306.988966
2018-09-05,300.270192
2018-09-06,295.899824
2018-09-07,298.942670
2018-09-10,294.913043
2018-09-11,294.508305
2018-09-12,289.631662
2018-09-13,292.028944
2018-09-14,293.923212
2018-09-17,291.072913
2018-09-18,297.002636
2018-09-19,301.784544
2018-09-20,301.833448
2018-09-21,313.767141
2018-09-25,311.114944
2018-09-26,316.704421
2018-09-27,315.941283
2018-09-28,319.458018
2018-10-08,302.441176
2018-10-09,302.427856
2018-10-10,299.444580
2018-10-11,287.636255
2018-10-12,294.977890
2018-10-15,290.888972
2018-10-16,289.844587
2018-10-17,289.465217
2018-10-18,281.512504
2018-10-19,290.514778
2018-10-22,302.854769
2018-10-23,291.383166
2018-10-24,289.171191
2018-10-25,286.603023
2018-10-26,283.919595
2018-10-29,268.791733
2018-10-30,270.456080
2018-10-31,277.913942
2018-11-01,281.660365
2018-11-02,296.013400
2018-11-05,291.773338
2018-11-06,289.580491
2018-11-07,288.390640
2018-11-08,288.648299
2018-11-09,283.787960
2018-11-12,285.401277
2018-11-13,288.223489
2018-11-14,283.744216
2018-11-15,286.132923
2018-11-16,285.944054
2018-11-19,289.060351
2018-11-20,282.961557
2018-11-21,284.438108
2018-11-22,283.315308
2018-11-23,278.514590
2018-11-26,278.486750
2018-11-27,277.332597
2018-11-28,281.477494
2018-11-29,278.817680
2018-11-30,282.555118
2018-12-03,292.624438
2018-12-04,292.813201
2018-12-05,292.339698
2018-12-06,284.488848
2018-12-07,282.160890
2018-12-10,278.725657
2018-12-11,280.889071
2018-12-12,281.991146
2018-12-13,287.652640
2018-12-14,283.285606
2018-12-17,281.755640
2018-12-18,279.061195
2018-12-19,274.074564
2018-12-20,271.220195
2018-12-21,267.135333
2018-12-24,269.668403
2018-12-25,268.415405
2018-12-26,266.611991
2018-12-27,265.746993
2018-12-28,267.677130
2019-01-02,263.415820
2019-01-03,261.062845
2019-01-04,266.366487
2019-01-07,267.570705
2019-01-08,267.238077
2019-01-09,271.985650
2019-01-10,272.059815
2019-01-11,274.449914
2019-01-14,271.030072
2019-01-15,279.119895
2019-01-16,280.178296
2019-01-17,279.033462
2019-01-18,284.630369
2019-01-21,286.944923
2019-01-22,282.476681
2019-01-23,282.559823
2019-01-24,284.492718
2019-01-25,286.974491
2019-01-28,286.605787
2019-01-29,289.027557
2019-01-30,286.796365
2019-01-31,290.663160
2019-02-01,294.431472
2019-02-11,300.491066
2019-02-12,302.157724
2019-02-13,307.723547
2019-02-14,308.854958
2019-02-15,301.820403
2019-02-18,310.827389
2019-02-19,309.327129
2019-02-20,309.292413
2019-02-21,308.540484
2019-02-22,312.479354
2019-02-25,326.715426
2019-02-26,321.744347
2019-02-27,321.617490
2019-02-28,323.783528
2019-03-01,330.333478
2019-03-04,333.199245
2019-03-05,332.981405
2019-03-06,333.005380
2019-03-07,327.799320
2019-03-08,319.005149
2019-03-11,323.638014
2019-03-12,325.124618
2019-03-13,323.054946
2019-03-14,323.863021
2019-03-15,328.058254
2019-03-18,338.970592
2019-03-19,336.381974
2019-03-20,336.584940
2019-03-21,336.206215
2019-03-22,336.424109
2019-03-25,328.245513
2019-03-26,327.383288
2019-03-27,333.467578
2019-03-28,334.474300
2019-03-29,346.470270
2019-04-01,352.960452
2019-04-02,351.439252
2019-04-03,353.956127
2019-04-04,357.516546
2019-04-08,358.459170
2019-04-09,359.359263
2019-04-10,361.108691
2019-04-11,353.084152
2019-04-12,352.378642
2019-04-15,350.738740
2019-04-16,359.366136
2019-04-17,359.186458
2019-04-18,358.014966
2019-04-19,361.104224
2019-04-22,354.613782
2019-04-23,355.752334
2019-04-24,356.959794
2019-04-25,352.713899
2019-04-26,347.148688
2019-04-29,351.961691
2019-04-30,352.504721
2019-05-06,336.496636
2019-05-07,341.749978
2019-05-08,335.277538
2019-05-09,329.698660
2019-05-10,341.889241
2019-05-13,337.903687
2019-05-14,334.889175
2019-05-15,343.966244
2019-05-16,345.473531
2019-05-17,338.243706
2019-05-20,334.805414
2019-05-21,338.876990
2019-05-22,338.130724
2019-05-23,332.871845
2019-05-24,333.840453
2019-05-27,338.187278
2019-05-28,344.143873
2019-05-29,342.126163
2019-05-30,341.839120
2019-05-31,342.170101
2019-06-03,342.831869
2019-06-04,338.872783
2019-06-05,337.158702
2019-06-06,334.237547
2019-06-10,339.628995
2019-06-11,349.999533
2019-06-12,347.802560
2019-06-13,348.047374
2019-06-14,345.960658
2019-06-17,346.533467
2019-06-18,348.374128
2019-06-19,353.318472
2019-06-20,363.975471
2019-06-21,363.584515
2019-06-24,365.263118
2019-06-25,361.942468
2019-06-26,361.128992
2019-06-27,366.107364
2019-06-28,366.042995
2019-07-01,376.782213
2019-07-02,376.765274
2019-07-03,370.869796
2019-07-04,366.037522
2019-07-05,370.691700
2019-07-08,362.486598
2019-07-09,361.735181
2019-07-10,361.978044
2019-07-11,361.671410
2019-07-12,364.544485
2019-07-15,366.319857
2019-07-16,363.579225
2019-07-17,363.432442
2019-07-18,361.164989
2019-07-19,365.023917
2019-07-22,363.929766
2019-07-23,363.643624
2019-07-24,365.688761
2019-07-25,369.521871
2019-07-26,371.204800
2019-07-29,371.332479
2019-07-30,372.017437
2019-07-31,369.252704
2019-08-01,365.822773
2019-08-02,362.137323
2019-08-05,354.957184
2019-08-06,353.679743
2019-08-07,353.085886
2019-08-08,358.707389
2019-08-09,355.497757
2019-08-12,362.037627
2019-08-13,359.415169
2019-08-14,361.781935
2019-08-15,362.982153
2019-08-16,366.623923
2019-08-19,372.927465
2019-08-20,373.568024
2019-08-21,372.574131
2019-08-22,375.320305
2019-08-23,380.876681
2019-08-26,374.705138
2019-08-27,379.462570
2019-08-28,377.680382
2019-08-29,377.096928
2019-08-30,380.969604
2019-09-02,384.981018
2019-09-03,384.790597
2019-09-04,386.276173
2019-09-05,390.780900
2019-09-06,392.734741
2019-09-09,393.277292
2019-09-10,391.000556
2019-09-11,385.397090
2019-09-12,390.209339
2019-09-16,388.901955
2019-09-17,383.409558
2019-09-18,388.073332
2019-09-19,388.217932
2019-09-20,390.056862
2019-09-23,385.588412
2019-09-24,387.470199
2019-09-25,386.042648
2019-09-26,383.011854
2019-09-27,384.608863
2019-09-30,379.885413
2019-10-08,383.493272
2019-10-09,383.260906
2019-10-10,386.784680
2019-10-11,391.833713
2019-10-14,394.908602
2019-10-15,394.898791
2019-10-16,392.513772
2019-10-17,393.530376
2019-10-18,387.689167
2019-10-21,389.198907
2019-10-22,390.600955
2019-10-23,388.125351
2019-10-24,386.667256
2019-10-25,391.455949
2019-10-28,394.720503
2019-10-29,394.583768
2019-10-30,393.780279
2019-10-31,392.680368
2019-11-01,399.817520
2019-11-04,403.690986
2019-11-05,406.405034
2019-11-06,404.152447
2019-11-07,404.568989
2019-11-08,402.316306
2019-11-11,397.088340
2019-11-12,397.239044
2019-11-13,398.037114
2019-11-14,398.227198
2019-11-15,395.269187
2019-11-18,398.764774
2019-11-19,402.096826
2019-11-20,398.180911
2019-11-21,395.329378
2019-11-22,388.205329
2019-11-25,388.242125
2019-11-26,390.060293
2019-11-27,389.382194
2019-11-28,388.263281
2019-11-29,382.230805
2019-12-02,383.302013
2019-12-03,384.780137
2019-12-04,385.715374
2019-12-05,389.696383
2019-12-06,393.531537
2019-12-09,390.644312
2019-12-10,390.849325
2019-12-11,390.939717
2019-12-12,389.110720
2019-12-13,397.864239
2019-12-16,396.910921
2019-12-17,401.480475
2019-12-18,399.977548
2019-12-19,398.450006
2019-12-20,397.112462
2019-12-23,392.819427
2019-12-24,394.395968
2019-12-25,393.761992
2019-12-26,396.339741
2019-12-27,397.543947
2019-12-30,404.625013
2019-12-31,406.699168
2020-01-02,411.071696
2020-01-03,408.946277
2020-01-06,407.281495
2020-01-07,411.217847
2020-01-08,406.496692
2020-01-09,412.257064
2020-01-10,413.495819
2020-01-13,418.814497
2020-01-14,415.237589
2020-01-15,414.984280
2020-01-16,413.491226
2020-01-17,413.894336
2020-01-20,417.335553
2020-01-21,410.107571
2020-01-22,412.141136
2020-01-23,398.826334
2020-02-03,368.046003
2020-02-04,380.729575
2020-02-05,384.328633
2020-02-06,391.661439
2020-02-07,391.864708
2020-02-10,393.657596
2020-02-11,399.585277
2020-02-12,401.842310
2020-02-13,399.261760
2020-02-14,401.872836
2020-02-17,409.661660
2020-02-18,406.902530
2020-02-19,408.674585
2020-02-20,419.785290
2020-02-21,419.931137
2020-02-24,417.001555
2020-02-25,415.519265
2020-02-26,408.382853
2020-02-27,411.845539
2020-02-28,397.700625
2020-03-02,409.575871
2020-03-03,412.904809
2020-03-04,413.873119
2020-03-05,427.066566
2020-03-06,420.688423
2020-03-09,405.728841
2020-03-10,415.334952
2020-03-11,411.043910
2020-03-12,400.713096
2020-03-13,394.707698
2020-03-16,374.026799
2020-03-17,369.723343
2020-03-18,362.952106
2020-03-19,355.939457
2020-03-20,365.030871
2020-03-23,352.651982
2020-03-24,364.795413
2020-03-25,377.443974
2020-03-26,376.421029
2020-03-27,377.645671
2020-03-30,374.146971
2020-03-31,380.433271
2020-04-01,379.407728
2020-04-02,387.719093
2020-04-03,387.136398
2020-04-07,398.895819
2020-04-08,395.502554
2020-04-09,396.587907
2020-04-10,395.575139
2020-04-13,394.001820
2020-04-14,402.546419
2020-04-15,399.262986
2020-04-16,398.992363
2020-04-17,405.942284
2020-04-20,407.764058
2020-04-21,402.330951
2020-04-22,408.909831
2020-04-23,408.004151
2020-04-24,405.242356
2020-04-27,409.267476
2020-04-28,418.083495
2020-04-29,415.709861
2020-04-30,418.973669
2020-05-06,423.553266
2020-05-07,425.243128
2020-05-08,428.940562
2020-05-11,426.615427
2020-05-12,429.997203
2020-05-13,433.030710
2020-05-14,428.605339
2020-05-15,426.640798
2020-05-18,429.006647
2020-05-19,433.037983
2020-05-20,429.912556
2020-05-21,429.822090
2020-05-22,417.686800
2020-05-25,419.870987
2020-05-26,425.542839
2020-05-27,419.080063
2020-05-28,419.708597
2020-05-29,423.953608
2020-06-01,438.575917
2020-06-02,438.555491
2020-06-03,439.983773
2020-06-04,441.358401
2020-06-05,445.604979
2020-06-08,445.015375
2020-06-09,448.892640
2020-06-10,452.412204
2020-06-11,447.691797
2020-06-12,450.061128
2020-06-15,443.157978
2020-06-16,450.582570
2020-06-17,452.064824
2020-06-18,457.559606
2020-06-19,467.140178
2020-06-22,468.052869
2020-06-23,474.587595
2020-06-24,476.876474
2020-06-29,475.630152
2020-06-30,484.278864
2020-07-01,493.498444
2020-07-02,498.569970
2020-07-03,501.899150
2020-07-06,519.772203
2020-07-07,533.965710
2020-07-08,539.224034
2020-07-09,548.770842
2020-07-10,546.349386
2020-07-13,563.244158
2020-07-14,559.752220
2020-07-15,558.699811
2020-07-16,522.467321
2020-07-17,531.735934
2020-07-20,539.114529
2020-07-21,546.723158
2020-07-22,550.735381
2020-07-23,552.810184
2020-07-24,525.324001
2020-07-27,530.604465
2020-07-28,541.113987
2020-07-29,554.715844
2020-07-30,552.788279
2020-07-31,559.069513
2020-08-03,564.275480
2020-08-04,561.716540
2020-08-05,564.356255
2020-08-06,555.054685
2020-08-07,547.005220
2020-08-10,546.250547
2020-08-11,544.069008
2020-08-12,538.483689
2020-08-13,534.733440
2020-08-14,544.285629
2020-08-17,553.995227
2020-08-18,556.683931
2020-08-19,548.980553
2020-08-20,542.844940
2020-08-21,549.732097
2020-08-24,561.363236
2020-08-25,566.841391
2020-08-26,564.581903
2020-08-27,571.290097
2020-08-28,582.561534
2020-08-31,578.517306
2020-09-01,583.525687
2020-09-02,587.140061
2020-09-03,581.611856
2020-09-04,572.084974
2020-09-07,551.386911
2020-09-08,550.924349
2020-09-09,533.424144
2020-09-10,537.665432
2020-09-11,550.144546
2020-09-14,551.636923
2020-09-15,554.067153
2020-09-16,545.535904
2020-09-17,539.017094
2020-09-18,547.880859
2020-09-21,541.800656
2020-09-22,539.029188
2020-09-23,546.313110
2020-09-24,535.741541
2020-09-25,537.291106
2020-09-28,539.474042
2020-09-29,543.222340
2020-09-30,545.491906
2020-10-09,563.446385
2020-10-12,582.529419
2020-10-13,585.594288
2020-10-14,578.792678
2020-10-15,576.165572
2020-10-16,571.101476
2020-10-19,562.678419
2020-10-20,571.081337
2020-10-21,566.031404
2020-10-22,560.868574
2020-10-23,545.483771
2020-10-26,544.565484
2020-10-27,552.517938
2020-10-28,562.203714
2020-10-29,567.752417
2020-10-30,556.188470
2020-11-02,561.295071
2020-11-03,564.771904
2020-11-04,570.807474
2020-11-05,578.837838
2020-11-06,573.311155
2020-11-09,585.827395
2020-11-10,580.599146
2020-11-11,570.333017
2020-11-12,572.171511
2020-11-13,567.017813
2020-11-16,568.802944
2020-11-17,562.724797
2020-11-18,554.399786
2020-11-19,559.941519
2020-11-20,562.288851
2020-11-23,566.786055
2020-11-24,563.145044
2020-11-25,551.298620
2020-11-26,549.906447
2020-11-27,557.100673
2020-11-30,555.279353
2020-12-01,568.850160
2020-12-02,567.845578
2020-12-03,572.438191
2020-12-04,582.089556
2020-12-07,583.596810
2020-12-08,584.749648
2020-12-09,579.558218
2020-12-10,581.972983
2020-12-11,577.461689
2020-12-14,584.086530
2020-12-15,588.752508
2020-12-16,592.640242
2020-12-17,600.543367
2020-12-18,598.197124
2020-12-21,610.813184
2020-12-22,609.017227
2020-12-23,615.677033
2020-12-24,615.704043
2020-12-25,625.191087
2020-12-28,627.461048
2020-12-29,621.756919
2020-12-30,635.129457
2020-12-31,647.055044
2021-01-04,657.054444
2021-01-05,679.316339
2021-01-06,687.703593
2021-01-07,708.298905
2021-01-08,699.673218
2021-01-11,691.124679
2021-01-12,711.543365
2021-01-13,706.830226
2021-01-14,686.121554
2021-01-15,677.647302
2021-01-18,683.240432
2021-01-19,666.954039
2021-01-20,680.876958
2021-01-21,700.369307
2021-01-22,708.878176
2021-01-25,722.269437
2021-01-26,704.405698
2021-01-27,703.310049
2021-01-28,679.954638
2021-01-29,681.860485
2021-02-01,690.674977
2021-02-02,712.900168
2021-02-03,712.752736
2021-02-04,711.175694
2021-02-05,714.739106
2021-02-08,728.548286
2021-02-09,747.927776
2021-02-10,778.621170
2021-02-18,756.459483
2021-02-19,747.978924
2021-02-22,703.774152
2021-02-23,699.229876
2021-02-24,665.646836
2021-02-25,662.897648
2021-02-26,646.022463
2021-03-01,661.621907
2021-03-02,650.870978
2021-03-03,658.894628
2021-03-04,623.968529
2021-03-05,626.326604
2021-03-08,585.939508
2021-03-09,568.882249
2021-03-10,583.391017
2021-03-11,599.489750
2021-03-12,599.911429
2021-03-15,572.603972
2021-03-16,579.859330
2021-03-17,588.670760
2021-03-18,599.363821
2021-03-19,577.906153
2021-03-22,579.844249
2021-03-23,572.034088
2021-03-24,561.629774
2021-03-25,564.613235
2021-03-26,585.398222
2021-03-29,586.782561
2021-03-30,597.549509
2021-03-31,587.164991
2021-04-01,602.641547
2021-04-02,619.895516
2021-04-06,615.614866
2021-04-07,604.313606
2021-04-08,608.201973
2021-04-09,590.527262
2021-04-12,574.019644
2021-04-13,574.250953
2021-04-14,583.532298
2021-04-15,580.437449
2021-04-16,581.698330
2021-04-19,601.964984
2021-04-20,603.269291
2021-04-21,607.540697
2021-04-22,605.687652
2021-04-23,619.012080
2021-04-26,611.806140
2021-04-27,619.839530
2021-04-28,628.579559
2021-04-29,628.885125
2021-04-30,627.282343
2021-05-06,614.070241
2021-05-07,600.545743
2021-05-10,600.715649
2021-05-11,606.206201
2021-05-12,612.294793
2021-05-13,606.877500
2021-05-14,623.377749
2021-05-17,643.880274
2021-05-18,643.832028
2021-05-19,647.931168
2021-05-20,648.395781
2021-05-21,640.967553
2021-05-24,646.513007
2021-05-25,670.952934
2021-05-26,667.883813
2021-05-27,669.960585
2021-05-28,667.949639
2021-05-31,672.916515
2021-06-01,680.301386
2021-06-02,672.798314
2021-06-03,668.238378
2021-06-04,671.401057
2021-06-07,671.430324
2021-06-08,659.524409
2021-06-09,663.360786
2021-06-10,676.222812
2021-06-11,672.218046
2021-06-15,665.765380
2021-06-16,644.708372
2021-06-17,651.325098
2021-06-18,653.989216
2021-06-21,656.260426
2021-06-22,661.166450
2021-06-23,658.941937
2021-06-24,662.809025
2021-06-25,678.035109
2021-06-28,685.241604
2021-06-29,677.670959
2021-06-30,681.795970
2021-07-01,682.123400
2021-07-02,657.392897
2021-07-05,659.525283
2021-07-06,656.357791
2021-07-07,669.869092
2021-07-08,662.188203
2021-07-09,658.502888
2021-07-12,672.676612
2021-07-13,677.708723
2021-07-14,671.700049
2021-07-15,683.114506
2021-07-16,670.748203
2021-07-19,677.843168
2021-07-20,678.967209
2021-07-21,687.910984
2021-07-22,685.622244
2021-07-23,675.537057
2021-07-26,645.675995
2021-07-27,616.738843
2021-07-28,620.667152
2021-07-29,636.971948
2021-07-30,620.765590
2021-08-02,645.918716
2021-08-03,649.713819
2021-08-04,658.933471
2021-08-05,654.075311
2021-08-06,650.105366
2021-08-09,653.156425
2021-08-10,664.804394
2021-08-11,655.885072
2021-08-12,648.785517
2021-08-13,647.829843
2021-08-16,644.871638
2021-08-17,624.878128
2021-08-18,623.698332
2021-08-19,621.315921
2021-08-20,598.632164
2021-08-23,611.408145
2021-08-24,623.185259
2021-08-25,630.770590
2021-08-26,614.041933
2021-08-27,619.556981
2021-08-30,626.233071
2021-08-31,615.089800
2021-09-01,615.758339
2021-09-02,610.842510
2021-09-03,605.093861
2021-09-06,620.513436
2021-09-07,628.103104
2021-09-08,620.713280
2021-09-09,620.491495
2021-09-10,629.432494
2021-09-13,625.284251
2021-09-14,622.518204
2021-09-15,612.336540
2021-09-16,603.463035
2021-09-17,613.369865
2021-09-22,603.329470
2021-09-23,602.640037
2021-09-24,608.572427
2021-09-27,617.673426
2021-09-28,611.520984
2021-09-29,604.849511
2021-09-30,615.522325
2021-10-08,620.786974
2021-10-11,620.946750
2021-10-12,618.325241
2021-10-13,636.567325
2021-10-14,635.678656
2021-10-15,638.808219
2021-10-18,631.648842
2021-10-19,637.431609
2021-10-20,638.943922
2021-10-21,635.904356
2021-10-22,638.846270
2021-10-25,648.644162
2021-10-26,647.235364
2021-10-27,641.003764
2021-10-28,633.112624
2021-10-29,643.744555
2021-11-01,630.634176
2021-11-02,625.336430
2021-11-03,615.603671
2021-11-04,626.200731
2021-11-05,619.474928
2021-11-08,625.718824
2021-11-09,627.201321
2021-11-10,619.532594
2021-11-11,624.830018
2021-11-12,623.614393
2021-11-15,616.064602
2021-11-16,617.822437
2021-11-17,621.229552
2021-11-18,616.491637
2021-11-19,620.826253
2021-11-22,631.831000
2021-11-23,628.616778
2021-11-24,627.675103
2021-11-25,622.606536
2021-11-26,622.775957
2021-11-29,625.102620
2021-11-30,623.379217
2021-12-01,620.055023
2021-12-02,623.098475
2021-12-03,627.371975
2021-12-06,623.356075
2021-12-07,623.593408
2021-12-08,635.150989
2021-12-09,643.726952
2021-12-10,644.607432
2021-12-13,646.405192
2021-12-14,639.783470
2021-12-15,631.979655
2021-12-16,634.221064
2021-12-17,620.122416
2021-12-20,607.450475
2021-12-21,609.751257
2021-12-22,608.898347
2021-12-23,613.954888
2021-12-24,602.682644
2021-12-27,601.484889
2021-12-28,611.364090
2021-12-29,601.888239
2021-12-30,605.011669
2021-12-31,609.410267
2022-01-04,599.232742
2022-01-05,585.139837
2022-01-06,578.494426
2022-01-07,575.584340
2022-01-10,575.891366
2022-01-11,569.586355
2022-01-12,583.342622
2022-01-13,574.643534
2022-01-14,572.431365
2022-01-17,577.074970
2022-01-18,583.696816
2022-01-19,573.814828
2022-01-20,574.661745
2022-01-21,569.343562
2022-01-24,575.095390
2022-01-25,561.528706
2022-01-26,569.451108
2022-01-27,553.669216
2022-01-28,542.678987
2022-02-07,555.243291
2022-02-08,543.550414
2022-02-09,550.148648
2022-02-10,543.415003
2022-02-11,537.167062
2022-02-14,534.595491
2022-02-15,546.681648
2022-02-16,549.498054
2022-02-17,556.818412
2022-02-18,554.701223
2022-02-21,552.111176
2022-02-22,550.246591
2022-02-23,563.794716
2022-02-24,556.904526
2022-02-25,565.644721
2022-02-28,573.143132
2022-03-01,573.520330
2022-03-02,568.682950
2022-03-03,560.830859
2022-03-04,551.087486
2022-03-07,535.350349
2022-03-08,524.571238
2022-03-09,521.732432
2022-03-10,536.219878
2022-03-11,533.882329
2022-03-14,515.269341
2022-03-15,497.515411
2022-03-16,521.516624
2022-03-17,529.164920
2022-03-18,527.893348
2022-03-21,531.062656
2022-03-22,527.015472
2022-03-23,529.472314
2022-03-24,526.523429
2022-03-25,513.171654
2022-03-28,509.399807
2022-03-29,510.475908
2022-03-30,524.364581
2022-03-31,515.466896
2022-04-01,519.796264
2022-04-06,513.084050
2022-04-07,507.382240
2022-04-08,509.072564
2022-04-11,486.683589
2022-04-12,494.926030
2022-04-13,490.890648
2022-04-14,496.254621
2022-04-15,491.923537
2022-04-18,493.354017
2022-04-19,492.038096
2022-04-20,477.814461
2022-04-21,463.507900
2022-04-22,463.806192
2022-04-25,437.347884
2022-04-26,433.010473
2022-04-27,454.550351
2022-04-28,459.933282
2022-04-29,475.564756
2022-05-05,474.869068
2022-05-06,462.479823
2022-05-09,461.009236
2022-05-10,466.979521
2022-05-11,480.003073
2022-05-12,478.013029
2022-05-13,484.362684
2022-05-16,480.189911
2022-05-17,492.449812
2022-05-18,492.258179
2022-05-19,498.574569
2022-05-20,506.742799
2022-05-23,506.458651
2022-05-24,493.374066
2022-05-25,498.098369
2022-05-26,498.183509
2022-05-27,500.898958
2022-05-30,503.413434
2022-05-31,510.597302
2022-06-01,511.097024
2022-06-02,515.394518
2022-06-06,532.934493
2022-06-07,531.198230
2022-06-08,536.781313
2022-06-09,529.777691
2022-06-10,542.107667
2022-06-13,539.976232
2022-06-14,542.736240
2022-06-15,542.421717
2022-06-16,540.690489
2022-06-17,549.815248
2022-06-20,549.229945
2022-06-21,546.002508
2022-06-22,542.196301
2022-06-23,552.960847
2022-06-24,559.326691
2022-06-27,564.478339
2022-06-28,570.727720
2022-06-29,556.963893
2022-06-30,562.706664
2022-07-01,562.547573
2022-07-04,568.568819
2022-07-05,571.149783
2022-07-06,562.291218
2022-07-07,571.223962
2022-07-08,566.173908
2022-07-11,552.646118
2022-07-12,547.103594
2022-07-13,552.029314
2022-07-14,557.409719
2022-07-15,549.432713
2022-07-18,555.426445
2022-07-19,549.005828
2022-07-20,550.224888
2022-07-21,541.342037
2022-07-22,543.797480
2022-07-25,538.556430
2022-07-26,545.619042
2022-07-27,545.036617
2022-07-28,544.346415
2022-07-29,536.975322
2022-08-01,542.444859
2022-08-02,531.591064
2022-08-03,526.974586
2022-08-04,529.714140
2022-08-05,533.941337
2022-08-08,536.701673
2022-08-09,543.474987
2022-08-10,539.562652
2022-08-11,547.042871
2022-08-12,545.893100
2022-08-15,553.310846
2022-08-16,552.759788
2022-08-17,554.245986
2022-08-18,551.377086
2022-08-19,544.667523
2022-08-22,552.611178
2022-08-23,555.205289
2022-08-24,545.237985
2022-08-25,549.461210
2022-08-26,544.528019
2022-08-29,547.815754
2022-08-30,542.239887
2022-08-31,533.574547
2022-09-01,533.087836
2022-09-02,529.796568
2022-09-05,536.681525
2022-09-06,546.289219
2022-09-07,549.991911
2022-09-08,545.977347
2022-09-09,550.529317
2022-09-13,548.289957
2022-09-14,542.582423
2022-09-15,531.621413
2022-09-16,517.128005
2022-09-19,519.306762
2022-09-20,522.863667
2022-09-21,521.790048
2022-09-22,522.002511
2022-09-23,518.447251
2022-09-26,512.953062
2022-09-27,515.035814
2022-09-28,504.057078
2022-09-29,507.862289
2022-09-30,503.392160
2022-10-10,499.692608
2022-10-11,502.863570
2022-10-12,510.115425
2022-10-13,502.362646
2022-10-14,511.392246
2022-10-17,508.207623
2022-10-18,507.481438
2022-10-19,503.304864
2022-10-20,497.414184
2022-10-21,498.764904
2022-10-24,487.756888
2022-10-25,488.970933
2022-10-26,488.179484
2022-10-27,486.130126
2022-10-28,476.550707
2022-10-31,464.161121
2022-11-01,475.031382
2022-11-02,481.953976
2022-11-03,478.124933
2022-11-04,494.499148
2022-11-07,497.174650
2022-11-08,494.386226
2022-11-09,488.013753
2022-11-10,482.745766
2022-11-11,493.620764
2022-11-14,486.448170
2022-11-15,492.476745
2022-11-16,488.398691
2022-11-17,483.273907
2022-11-18,480.712449
2022-11-21,478.773373
2022-11-22,482.116208
2022-11-23,488.116753
2022-11-24,486.559790
2022-11-25,491.409206
2022-11-28,487.024038
2022-11-29,495.493567
2022-11-30,496.583226
2022-12-01,496.482381
2022-12-02,493.153922
2022-12-05,501.429234
2022-12-06,501.617245
2022-12-07,497.998805
2022-12-08,497.974354
2022-12-09,499.728471
2022-12-12,491.481200
2022-12-13,490.804997
2022-12-14,491.151369
2022-12-15,490.267251
2022-12-16,491.179242
2022-12-19,483.216252
2022-12-20,477.810666
2022-12-21,475.971280
2022-12-22,473.302714
2022-12-23,472.202605
2022-12-26,475.525388
2022-12-27,481.294921
2022-12-28,480.832689
2022-12-29,477.122086
2022-12-30,478.970358
2023-01-03,482.607049
2023-01-04,480.792084
2023-01-05,485.882814
2023-01-06,488.456671
2023-01-09,489.463168
2023-01-10,488.746054
2023-01-11,492.110877
2023-01-12,492.833971
2023-01-13,496.777834
2023-01-16,498.522181
2023-01-17,497.812405
2023-01-18,497.270879
2023-01-19,497.700320
2023-01-20,502.634770
2023-01-30,501.441859
2023-01-31,499.411940
2023-02-01,501.293253
2023-02-02,500.749404
2023-02-03,495.656664
2023-02-06,492.217679
2023-02-07,494.393358
2023-02-08,492.380627
2023-02-09,497.050645
2023-02-10,494.389092
2023-02-13,495.721467
2023-02-14,496.126757
2023-02-15,492.087015
2023-02-16,489.077920
2023-02-17,485.551512
2023-02-20,496.506571
2023-02-21,498.906352
2023-02-22,495.917729
2023-02-23,496.549320
2023-02-24,492.859908
2023-02-27,493.661855
2023-02-28,495.618943
2023-03-01,500.540870
2023-03-02,501.466230
2023-03-03,505.974375
2023-03-06,503.978233
2023-03-07,504.366558
2023-03-08,501.367793
2023-03-09,500.093369
2023-03-10,492.609364
2023-03-13,501.894424
2023-03-14,497.757242
2023-03-15,500.558942
2023-03-16,494.687268
2023-03-17,500.129836
2023-03-20,497.473978
2023-03-21,496.785111
2023-03-22,498.911522
2023-03-23,503.359000
2023-03-24,497.511356
2023-03-27,493.752223
2023-03-28,495.606310
2023-03-29,495.365837
2023-03-30,502.623871
2023-03-31,502.805692
2023-04-03,503.517434
2023-04-04,509.714100
2023-04-06,507.627989
2023-04-07,506.575599
2023-04-10,508.940999
2023-04-11,509.182900
2023-04-12,512.627964
2023-04-13,512.367373
2023-04-14,514.217983
2023-04-17,526.039955
2023-04-18,530.104433
2023-04-19,526.071272
2023-04-20,525.835134
2023-04-21,519.046220
2023-04-24,517.708150
2023-04-25,522.406405
2023-04-26,519.778332
2023-04-27,526.191068
2023-04-28,532.531212
2023-05-04,541.775671
2023-05-05,540.698675
2023-05-08,559.366285
2023-05-09,554.084253
2023-05-10,541.947141
2023-05-11,538.868896
2023-05-12,533.415687
2023-05-15,541.756136
2023-05-16,539.447169
2023-05-17,535.745495
2023-05-18,540.650690
2023-05-19,536.501554
2023-05-22,537.505991
2023-05-23,527.779464
2023-05-24,516.387191
2023-05-25,515.584949
2023-05-26,515.590836
2023-05-29,520.562016
2023-05-30,521.102173
2023-05-31,513.707368
2023-06-01,516.545898
2023-06-02,520.214613
2023-06-05,521.050916
2023-06-06,519.118098
2023-06-07,518.264249
2023-06-08,525.465549
2023-06-09,528.801461
2023-06-12,527.108131
2023-06-13,526.963169
2023-06-14,526.969134
2023-06-15,530.281228
2023-06-16,533.011157
2023-06-19,529.709424
2023-06-20,526.582133
2023-06-21,521.824999
2023-06-26,512.616889
2023-06-27,521.439934
2023-06-28,521.690715
2023-06-29,520.111609
2023-06-30,522.650169
2023-07-03,531.522948
2023-07-04,530.082200
2023-07-05,527.778569
2023-07-06,524.185222
2023-07-07,522.745686
2023-07-10,521.551134
2023-07-11,523.831372
2023-07-12,520.560799
2023-07-13,530.934032
2023-07-14,535.162687
2023-07-17,529.653738
2023-07-18,526.547467
2023-07-19,527.063045
2023-07-20,520.492654
2023-07-21,519.538890
2023-07-24,519.473210
2023-07-25,533.858612
2023-07-26,529.413175
2023-07-27,529.488235
2023-07-28,540.960091
2023-07-31,540.509923
2023-08-01,541.116459
2023-08-02,533.018663
2023-08-03,537.360783
2023-08-04,542.123356
2023-08-07,538.078168
2023-08-08,537.222643
2023-08-09,533.846908
2023-08-10,535.184529
2023-08-11,524.706181
2023-08-14,522.754065
2023-08-15,525.648642
2023-08-16,519.392802
2023-08-17,519.770552
2023-08-18,515.505655
2023-08-21,509.391741
2023-08-22,520.886572
2023-08-23,514.656908
2023-08-24,514.689883
2023-08-25,510.550415
2023-08-28,516.843863
2023-08-29,519.915136
2023-08-30,519.366225
2023-08-31,518.536435
2023-09-01,521.978456
2023-09-04,529.866717
2023-09-05,524.198772
2023-09-06,523.605875
2023-09-07,518.856569
2023-09-08,516.786900
2023-09-11,521.264035
2023-09-12,519.131750
2023-09-13,517.347570
2023-09-14,519.854612
2023-09-15,514.710405
2023-09-18,514.801428
2023-09-19,517.970613
2023-09-20,517.726384
2023-09-21,514.778851
2023-09-22,525.294252
2023-09-25,521.613364
2023-09-26,521.178588
2023-09-27,519.764147
2023-09-28,517.826381
2023-10-09,517.395711
2023-10-10,511.026017
2023-10-11,512.313894
2023-10-12,517.667923
2023-10-13,514.065637
2023-10-16,512.988897
2023-10-17,516.437444
2023-10-18,512.509468
2023-10-19,501.376443
2023-10-20,493.722244
2023-10-23,487.179772
2023-10-24,485.350108
2023-10-25,481.213092
2023-10-26,485.936499
2023-10-27,486.774929
2023-10-30,482.404973
2023-10-31,484.389233
2023-11-01,483.765717
2023-11-02,483.835783
2023-11-03,485.147135
2023-11-06,485.820448
2023-11-07,486.642868
2023-11-08,484.478390
2023-11-09,487.394036
2023-11-10,484.044125
2023-11-13,487.099998
2023-11-14,487.037586
2023-11-15,490.247227
2023-11-16,486.649760
2023-11-17,485.766593
2023-11-20,486.926233
2023-11-21,487.133910
2023-11-22,483.928118
2023-11-23,485.272179
2023-11-24,482.419774
2023-11-27,478.941092
2023-11-28,479.362580
2023-11-29,475.995415
2023-11-30,479.703369
2023-12-01,481.540082
2023-12-04,480.232809
2023-12-05,471.463092
2023-12-06,467.916677
2023-12-07,469.239165
2023-12-08,474.649808
2023-12-11,475.758097
2023-12-12,478.163472
2023-12-13,473.193990
2023-12-14,471.774608
2023-12-15,467.487676
2023-12-18,469.381426
2023-12-19,469.998062
2023-12-20,465.721743
2023-12-21,466.730805
2023-12-22,467.710894
2023-12-25,469.393129
2023-12-26,468.171223
2023-12-27,472.235575
2023-12-28,476.244676
2023-12-29,478.860666
2024-01-02,475.723628
2024-01-03,477.472361
2024-01-04,476.982161
2024-01-05,474.371014
2024-01-08,469.078968
2024-01-09,468.833143
2024-01-10,464.372816
2024-01-11,461.704140
2024-01-12,461.929569
2024-01-15,463.007208
2024-01-16,465.402026
2024-01-17,457.658028
2024-01-18,460.815549
2024-01-19,460.304349
2024-01-22,455.220165
2024-01-23,456.114608
2024-01-24,467.571577
2024-01-25,485.407229
2024-01-26,489.115709
2024-01-29,488.508365
2024-01-30,483.599500
2024-01-31,481.621560
2024-02-01,480.321982
2024-02-02,478.351033
2024-02-05,485.411302
2024-02-06,495.383738
2024-02-07,496.118256
2024-02-08,496.172731
2024-02-19,512.570420
2024-02-20,516.603411
2024-02-21,518.259102
2024-02-22,526.988847
2024-02-23,527.462582
2024-02-26,517.511674
2024-02-27,524.299893
2024-02-28,518.246334
2024-02-29,525.483213
2024-03-01,530.283494
2024-03-04,538.006937
2024-03-05,544.726657
2024-03-06,540.078684
2024-03-07,541.224068
2024-03-08,547.023481
2024-03-11,546.224195
2024-03-12,535.578900
2024-03-13,532.818550
2024-03-14,533.217988
2024-03-15,535.310012
2024-03-18,539.765133
2024-03-19,536.332408
2024-03-20,540.443483
2024-03-21,541.294373
2024-03-22,538.754925
2024-03-25,539.434887
2024-03-26,539.252597
2024-03-27,536.946407
2024-03-28,538.396306
2024-03-29,546.657007
2024-04-01,549.794326
2024-04-02,551.024860
2024-04-03,550.607217
2024-04-08,553.465480
2024-04-09,547.967888
2024-04-10,548.395727
2024-04-11,548.687614
2024-04-12,549.650011
2024-04-15,562.963865
2024-04-16,561.812485
2024-04-17,568.610325
2024-04-18,567.827616
2024-04-19,568.444687
2024-04-22,558.753061
2024-04-23,552.587044
2024-04-24,557.645860
2024-04-25,558.131603
2024-04-26,562.688089
2024-04-29,557.539776
2024-04-30,558.277056
2024-05-06,556.207214
2024-05-07,557.384231
2024-05-08,557.437041
2024-05-09,557.119268
2024-05-10,557.432442
2024-05-13,557.325097
2024-05-14,554.607208
2024-05-15,552.247151
2024-05-16,553.075513
2024-05-17,556.848136
2024-05-20,561.685056
2024-05-21,561.653312
2024-05-22,560.611076
2024-05-23,557.128289
2024-05-24,553.741781
2024-05-27,562.183663
2024-05-28,562.288472
2024-05-29,562.901749
2024-05-30,557.297076
2024-05-31,555.219429
2024-06-03,558.751054
2024-06-04,558.967603
2024-06-05,556.585451
2024-06-06,562.704300
2024-06-07,564.170910
2024-06-11,556.194821
2024-06-12,559.029065
2024-06-13,560.518050
2024-06-14,561.998624
2024-06-17,556.954619
2024-06-18,560.531396
2024-06-19,563.311725
2024-06-20,566.336180
2024-06-21,563.806798
2024-06-24,564.157944
2024-06-25,562.381265
2024-06-26,564.660007
2024-06-27,564.476004
2024-06-28,574.374674
2024-07-01,583.390200
2024-07-02,588.115395
2024-07-03,584.342470
2024-07-04,586.950023
2024-07-05,581.850907
2024-07-08,586.379232
2024-07-09,593.853543
2024-07-10,589.098904
2024-07-11,590.344809
2024-07-12,589.038114
2024-07-15,597.115436
2024-07-16,600.940743
2024-07-17,593.459553
2024-07-18,596.718384
2024-07-19,594.211034
2024-07-22,587.292402
2024-07-23,585.864172
2024-07-24,589.866923
2024-07-25,580.140843
2024-07-26,576.066650
2024-07-29,580.713880
2024-07-30,572.979713
2024-07-31,572.944115
2024-08-01,575.060828
2024-08-02,570.126218
2024-08-05,559.168626
2024-08-06,556.271090
2024-08-07,559.749578
2024-08-08,558.467996
2024-08-09,560.895898
2024-08-12,562.361594
2024-08-13,565.628257
2024-08-14,566.775743
2024-08-15,572.047265
2024-08-16,577.032322
2024-08-19,583.960939
2024-08-20,582.440402
2024-08-21,581.024713
2024-08-22,586.086936
2024-08-23,586.504474
2024-08-26,586.304991
2024-08-27,591.226417
2024-08-28,587.421278
2024-08-29,571.879965
2024-08-30,565.986396
2024-09-02,568.401084
2024-09-03,556.112515
2024-09-04,549.480652
2024-09-05,545.505970
2024-09-06,542.572558
2024-09-09,536.362647
2024-09-10,540.709069
2024-09-11,528.291456
2024-09-12,530.535316
2024-09-13,532.286424
2024-09-18,539.317041
2024-09-19,539.905701
2024-09-20,543.057543
2024-09-23,549.534031
2024-09-24,572.092693
2024-09-25,577.415863
2024-09-26,588.572493
2024-09-27,585.959449
2024-09-30,616.068488
2024-10-08,621.781004
2024-10-09,588.932749
2024-10-10,608.788268
2024-10-11,602.584532
2024-10-14,614.507665
2024-10-15,597.975454
2024-10-16,599.886728
2024-10-17,593.869990
2024-10-18,603.425564
2024-10-21,597.370520
2024-10-22,600.802545
2024-10-23,598.771772
2024-10-24,596.729338
2024-10-25,591.215281
2024-10-28,589.259696
2024-10-29,586.738193
2024-10-30,580.453241
2024-10-31,577.759677
2024-11-01,585.740651
2024-11-04,586.515985
2024-11-05,591.082418
2024-11-06,584.654727
2024-11-07,590.919695
2024-11-08,586.243029
2024-11-11,580.048151
2024-11-12,573.891262
2024-11-13,579.456512
2024-11-14,576.282867
2024-11-15,574.539016
2024-11-18,581.213024
2024-11-19,580.802978
2024-11-20,581.298335
2024-11-21,581.722874
2024-11-22,569.846574
2024-11-25,567.646671
2024-11-26,569.784000
2024-11-27,576.769461
2024-11-28,573.354153
2024-11-29,573.330074
2024-12-02,575.468043
2024-12-03,582.095298
2024-12-04,588.698189
2024-12-05,585.523072
2024-12-06,589.337200
2024-12-09,592.456587
2024-12-10,594.346856
2024-12-11,594.253568
2024-12-12,598.834993
2024-12-13,591.181684
2024-12-16,598.173685
2024-12-17,598.675791
2024-12-18,601.148364
2024-12-19,597.244024
2024-12-20,592.994985
2024-12-23,603.633722
2024-12-24,610.789863
2024-12-25,617.229606
2024-12-26,614.547186
2024-12-27,613.896408
2024-12-30,617.963815
2024-12-31,614.406808
2025-01-02,601.244494
2025-01-03,597.417092
2025-01-06,597.809146
2025-01-07,601.583848
2025-01-08,606.242381
2025-01-09,599.391662
2025-01-10,594.383706
2025-01-13,589.197425
2025-01-14,596.411831
2025-01-15,593.953076
2025-01-16,598.200615
2025-01-17,595.592418
2025-01-20,593.962184
2025-01-21,593.127870
2025-01-22,587.013241
2025-01-23,594.139920
2025-01-24,595.881065
2025-01-27,602.516013
2025-02-05,591.488090
2025-02-06,593.589650
2025-02-07,595.805524
2025-02-10,594.888062
2025-02-11,598.878690
2025-02-12,601.046000
2025-02-13,599.856418
2025-02-14,602.041766
2025-02-17,602.119323
2025-02-18,603.419774
2025-02-19,601.806647
2025-02-20,601.592418
2025-02-21,598.120492
2025-02-24,595.073992
2025-02-25,589.101835
2025-02-26,592.682846
2025-02-27,594.645720
2025-02-28,586.246039
2025-03-03,584.493501
2025-03-04,582.298375
2025-03-05,588.251901
2025-03-06,589.016487
2025-03-07,587.536484
2025-03-10,585.136595
2025-03-11,585.813660
2025-03-12,583.194272
2025-03-13,584.910985
2025-03-14,592.894172
2025-03-17,593.404160
2025-03-18,594.403501
2025-03-19,597.480371
2025-03-20,594.779890
2025-03-21,588.333751
2025-03-24,594.551994
2025-03-25,597.065352
2025-03-26,595.014761
2025-03-27,596.669220
2025-03-28,594.166691
2025-03-31,596.298169
2025-04-01,593.558771
2025-04-02,595.908414
2025-04-03,594.148174
2025-04-07,560.445750
2025-04-08,569.805702
2025-04-09,570.490482
2025-04-10,574.211955
2025-04-11,576.763774
2025-04-14,581.301628
2025-04-15,587.018232
2025-04-16,591.628862
2025-04-17,591.406753
2025-04-18,593.305365
2025-04-21,593.114720
2025-04-22,597.150948
2025-04-23,597.525729
2025-04-24,602.001264
2025-04-25,600.672549
2025-04-28,602.662116
2025-04-29,601.177030
2025-04-30,593.508090
2025-05-06,596.152690
2025-05-07,603.134744
2025-05-08,606.227746
2025-05-09,608.944836
2025-05-12,613.752271
2025-05-13,617.847605
2025-05-14,624.922305
2025-05-15,622.572721
2025-05-16,618.099362
2025-05-19,616.368002
2025-05-20,619.318809
2025-05-21,622.558951
2025-05-22,623.878513
2025-05-23,617.944406
2025-05-26,613.371673
2025-05-27,611.913574
2025-05-28,611.889441
2025-05-29,613.181875
2025-05-30,612.402037
2025-06-03,614.733891
2025-06-04,616.039902
2025-06-05,618.176377
2025-06-06,618.729891
2025-06-09,618.365058
2025-06-10,617.558021
2025-06-11,621.869547
2025-06-12,622.550117
2025-06-13,619.119595
2025-06-16,623.177887
2025-06-17,623.289737
2025-06-18,627.881367
2025-06-19,625.441583
2025-06-20,628.370034
2025-06-23,633.425453
2025-06-24,642.366240
2025-06-25,652.880690
2025-06-26,652.374619
2025-06-27,640.850264
2025-06-30,643.670543
2025-07-01,646.660413
2025-07-02,645.232798
2025-07-03,648.768067
2025-07-04,654.982347
2025-07-07,653.721986
2025-07-08,655.418537
2025-07-09,655.835994
2025-07-10,659.967061
2025-07-11,657.722336
2025-07-14,660.368671
2025-07-15,660.220838
2025-07-16,658.110465
2025-07-17,660.731751
2025-07-18,664.393375
2025-07-21,664.392540
2025-07-22,662.853319
2025-07-23,666.292169
2025-07-24,664.814965
2025-07-25,664.012542
2025-07-28,666.532116
2025-07-29,665.626499
2025-07-30,665.689650
2025-07-31,658.357679
2025-08-01,656.697755
2025-08-04,660.392841
2025-08-05,668.007344
2025-08-06,668.753593
2025-08-07,670.801458
2025-08-08,667.920018
2025-08-11,667.730799
2025-08-12,673.956865
2025-08-13,675.984685
2025-08-14,680.599892
2025-08-15,679.890235
2025-08-18,686.811051
2025-08-19,684.262322
2025-08-20,693.039860
2025-08-21,697.533183
2025-08-22,714.651046
2025-08-25,724.427168
2025-08-26,721.117723
2025-08-27,709.983297
2025-08-28,722.573293
2025-08-29,726.390182
2025-09-01,723.724683
2025-09-02,724.958784
2025-09-03,715.608022
2025-09-04,707.308608
2025-09-05,712.277530
2025-09-08,708.848174
2025-09-09,705.922040
2025-09-10,708.342317
2025-09-11,723.591057
2025-09-12,719.456085
2025-09-15,720.013275
2025-09-16,717.242983
2025-09-17,721.823600
2025-09-18,711.035434
2025-09-19,707.156369
2025-09-22,710.772833
2025-09-23,711.645904
2025-09-24,717.772317
2025-09-25,720.021959
2025-09-26,714.240883
2025-09-29,721.603994
2025-09-30,723.092529
2025-10-09,727.802934
2025-10-10,716.143065
2025-10-13,714.922892
2025-10-14,713.033256
2025-10-15,724.418678
2025-10-16,731.477585
2025-10-17,720.402502
2025-10-20,726.011693
2025-10-21,740.041684
2025-10-22,743.786866
2025-10-23,743.183755
2025-10-24,755.935411
2025-10-27,765.140526
2025-10-28,761.751905
2025-10-29,763.000881
2025-10-30,753.130670
2025-10-31,739.114020
2025-11-03,738.598509
2025-11-04,740.427106
2025-11-05,740.132682
2025-11-06,751.690274
2025-11-07,745.785049
2025-11-10,743.933236
2025-11-11,738.395147
2025-11-12,743.868307
2025-11-13,751.075373
2025-11-14,740.706645
2025-11-17,732.339336
2025-11-18,730.331749
2025-11-19,734.997832
2025-11-20,734.467398
2025-11-21,717.348562
2025-11-24,715.320256
2025-11-25,722.981185
2025-11-26,727.794987
2025-11-27,730.121647
2025-11-28,730.559140
2025-12-01,737.103329
2025-12-02,734.008264
2025-12-03,729.632213
2025-12-04,734.078340
2025-12-05,737.833231
2025-12-08,748.894843
2025-12-09,751.324471
2025-12-10,744.991455
2025-12-11,740.332489
2025-12-12,740.008545
2025-12-15,734.374386
2025-12-16,724.408152
2025-12-17,738.889978
2025-12-18,736.354149
2025-12-19,737.112336
2025-12-22,747.618397
2025-12-23,753.366107
2025-12-24,755.864716
2025-12-25,755.853593
2025-12-26,754.118901
2025-12-29,756.202213
2025-12-30,759.730063
2025-12-31,755.189782
2026-01-05,767.951820
2026-01-06,775.640753
2026-01-07,775.174257
2026-01-08,768.521755
2026-01-09,770.771112
2026-01-12,774.321867
2026-01-13,768.898693
2026-01-14,766.459832
2026-01-15,766.991845
2026-01-16,765.276280
2026-01-19,760.920366
2026-01-20,753.005565
2026-01-21,757.547838
2026-01-22,757.720366
2026-01-23,747.474958
2026-01-26,747.977982
2026-01-27,751.438672
2026-01-28,754.162819
2026-01-29,751.199069
2026-01-30,747.787806
2026-02-02,732.281021
2026-02-03,732.286001
2026-02-04,729.502875
2026-02-05,723.564465
2026-02-06,721.744432
2026-02-09,736.942547
2026-02-10,739.330860
2026-02-11,736.467192
2026-02-12,737.684851
2026-02-13,727.618030
2026-02-24,734.472975
2026-02-25,742.944972
2026-02-26,745.245638
2026-02-27,738.340541
2026-03-02,743.313373
2026-03-03,727.995935
2026-03-04,718.039508
2026-03-05,729.980246
2026-03-06,726.322935
2026-03-09,714.928532
2026-03-10,729.872812
2026-03-11,731.448382
2026-03-12,724.424812
2026-03-13,721.684267
2026-03-16,725.102449
2026-03-17,717.258647
2026-03-18,726.369529
2026-03-19,712.857259
2026-03-20,713.918275
2026-03-23,685.743394
2026-03-24,697.872522
2026-03-25,712.411776
2026-03-26,702.096417
2026-03-27,703.692549
2026-03-30,702.958284
2026-03-31,695.592082
2026-04-01,715.404339
2026-04-02,703.199066
2026-04-03,700.605570
2026-04-07,703.456128
2026-04-08,739.366181
2026-04-09,736.473727
2026-04-10,753.738696
2026-04-13,756.992525
2026-04-14,775.276939
2026-04-15,771.877110
2026-04-16,789.264088
2026-04-17,798.820679
2026-04-20,803.877022
2026-04-21,805.912052
2026-04-22,821.040065
2026-04-23,814.755795
2026-04-24,806.492564
2026-04-27,808.008082
2026-04-28,802.174767
2026-04-29,812.701885
2026-04-30,812.735063
2026-05-06,833.438899
2026-05-07,843.757898
2026-05-08,837.031590
2026-05-11,855.590001
2026-05-12,862.160432
2026-05-13,885.310255
2026-05-14,867.718489
2026-05-15,851.470979
2026-05-18,849.545237
2026-05-19,848.432932
2026-05-20,852.040146
2026-05-21,833.683595
2026-05-22,858.310882
2026-05-25,880.984078
2026-05-26,895.123550
2026-05-27,882.649568
2026-05-28,895.233296
2026-05-29,883.968765
2026-06-01,867.948434
2026-06-02,899.613474
2026-06-03,914.477825
2026-06-04,905.616758
2026-06-05,873.861724
2026-06-08,849.516723
2026-06-09,875.683095
2026-06-10,857.838368
2026-06-11,853.304851
2026-06-12,868.774146
2026-06-15,906.696970
2026-06-16,906.675620
2026-06-17,918.684426
2026-06-18,938.932601
2026-06-22,959.184230
2026-06-23,914.348062
2026-06-24,928.467671
2026-06-25,941.457435
2026-06-26,900.063852
2026-06-29,904.216927
2026-06-30,922.273241
2026-07-01,900.039464
2026-07-02,855.670921
2026-07-03,865.274777
2026-07-06,855.777851
2026-07-07,849.035585
2026-07-08,842.424790
2026-07-09,875.971877
2026-07-10,844.337709
2026-07-13,824.968065
2026-07-14,862.848294
2026-07-15,850.879536
2026-07-16,828.740990
2026-07-17,779.623691
2026-07-20,783.474182
2026-07-21,832.647892
2026-07-22,820.739349
2026-07-23,827.885108
2026-07-24,807.456202
2026-07-27,825.327219
2026-07-28,773.553824
2026-07-29,777.632017
2026-07-30,747.837835
2026-07-31,766.292564
2026-08-03,754.998159
2026-08-04,790.388671
2026-08-05,814.377335
2026-08-06,819.980872
2026-08-07,835.942677
2026-08-10,830.872802
2026-08-11,817.470707
2026-08-12,828.307167
2026-08-13,819.724173
2026-08-14,827.589254
2026-08-17,854.998445
2026-08-18,847.190640
2026-08-19,802.696616
2026-08-20,805.135423
2026-08-21,821.806982
2026-08-24,795.331159
2026-08-25,789.111380
2026-08-26,796.875686
2026-08-27,815.385213
2026-08-28,809.404031
2026-08-31,812.367054
2026-09-01,798.981308
2026-09-02,783.264457
2026-09-03,783.197929
2026-09-04,776.696167
2026-09-07,799.741370
2026-09-08,796.876994
2026-09-09,804.295722
