Date,Open,High,Low,Close
2005-09-16,1002.1912144702842,1002.9664082687337,996.6821705426355,999.9999999999999
2005-09-19,999.937984496124,1004.640826873385,996.6511627906975,1003.7622739018087
2005-09-20,1004.0103359173125,1004.2894056847545,989.2713178294573,994.2325581395347
2005-09-21,993.6640826873385,993.6640826873385,975.5245478036176,976.1343669250645
2005-09-22,974.3979328165374,974.3979328165374,944.9405684754521,954.2842377260981
2005-09-23,952.4651162790697,958.5736434108526,945.5400516795864,946.9250645994831
2005-09-26,946.6046511627907,950.5426356589146,944.2997416020671,949.3436692506459
2005-09-27,949.7364341085271,952.0723514211885,933.7364341085271,934.5839793281654
2005-09-28,933.6744186046511,940.9095607235141,931.6589147286821,934.077519379845
2005-09-29,934.6563307493539,946.7493540051679,934.6563307493539,946.7493540051679
2005-09-30,947.3798449612402,949.5193798449611,944.1343669250646,948.2067183462532
2005-10-10,948.0206718346253,948.0206718346253,937.3436692506459,937.798449612403
2005-10-11,937.0852713178293,950.6976744186045,934.4186046511627,950.6149870801033
2005-10-12,951.3695090439276,957.1989664082687,948.1963824289405,954.5116279069766
2005-10-13,954.4496124031007,957.1162790697673,947.0594315245477,947.2868217054263
2005-10-14,947.1214470284237,948.7235142118863,933.1369509043926,935.2248062015503
2005-10-17,933.612403100775,933.612403100775,922.3359173126614,927.7726098191214
2005-10-18,927.5142118863048,933.3333333333333,925.7054263565891,932.6821705426356
2005-10-19,932.3410852713178,938.3772609819121,927.1834625322996,928.9302325581394
2005-10-20,929.0852713178293,930.3669250645994,919.452196382429,930.1498708010334
2005-10-21,929.8708010335916,938.2842377260981,928.1550387596899,934.7906976744185
2005-10-24,935.5348837209301,938.9664082687339,930.470284237726,937.1059431524546
2005-10-25,936.4031007751937,936.4031007751937,923.6279069767442,924.3100775193798
2005-10-26,922.6046511627907,922.6046511627907,903.2558139534883,905.2403100775193
2005-10-27,902.8113695090439,909.2196382428939,898.9354005167958,905.2713178294573
2005-10-28,905.28165374677,909.7777777777777,888.5684754521964,896.8785529715761
2005-10-31,895.7312661498707,907.9173126614986,895.2454780361757,905.7157622739018
2005-11-01,905.3850129198966,905.3850129198966,891.6692506459948,902.1912144702842
2005-11-02,902.7286821705426,914.6666666666666,902.7286821705426,912.1240310077519
2005-11-03,911.8242894056847,915.4315245478035,901.4056847545219,903.9586563307494
2005-11-04,902.687338501292,907.8656330749353,898.8940568475451,907.8656330749353
2005-11-07,907.1007751937984,907.1007751937984,899.3074935400516,906.7493540051679
2005-11-08,905.8708010335916,911.5245478036175,900.2170542635658,911.1317829457363
2005-11-09,911.1214470284236,914.6666666666666,908.1963824289404,908.7855297157622
2005-11-10,908.1447028423772,908.1447028423772,891.0490956072351,891.9586563307492
2005-11-11,890.1498708010336,896.4651162790698,886.6046511627906,893.8397932816537
2005-11-14,893.1059431524548,893.28165374677,887.173126614987,891.111111111111
2005-11-15,891.0284237726098,896.5994832041343,882.5426356589147,885.4160206718345
2005-11-16,884.1860465116279,892.1653746770024,875.9586563307492,892.1136950904393
2005-11-17,892.0723514211886,894.8733850129198,887.8552971576227,891.6382428940567
2005-11-18,891.5555555555555,916.3617571059431,891.3695090439276,911.875968992248
2005-11-21,912.4444444444443,915.875968992248,909.8708010335916,913.5607235142118
2005-11-22,913.6227390180877,913.6227390180877,898.7390180878552,898.8320413436692
2005-11-23,897.1679586563307,906.2739018087855,895.2868217054263,905.6640826873385
2005-11-24,905.250645994832,915.5038759689921,904.2687338501291,911.1007751937984
2005-11-25,910.8527131782945,913.860465116279,906.7286821705426,913.8087855297157
2005-11-28,912.9095607235141,916.5271317829456,907.1214470284236,909.736434108527
2005-11-29,908.7855297157622,908.7855297157622,899.8036175710592,900.5788113695089
2005-11-30,899.6899224806201,903.2868217054262,896.1033591731266,903.1834625322997
2005-12-01,902.8113695090439,906.7803617571058,899.9483204134367,902.3979328165375
2005-12-02,902.25322997416,905.250645994832,895.4728682170542,899.1627906976744
2005-12-05,898.6356589147285,898.6356589147285,887.7105943152454,888.485788113695
2005-12-06,886.9354005167958,896.3204134366924,884.4651162790698,895.173126614987
2005-12-07,894.8010335917312,903.3591731266149,894.0775193798448,903.1937984496124
2005-12-08,903.4935400516795,907.4625322997415,899.3488372093022,903.4211886304909
2005-12-09,903.0387596899225,917.3850129198967,900.5271317829456,917.1679586563307
2005-12-12,916.8578811369508,920.609819121447,913.9638242894056,918.3669250645994
2005-12-13,917.829457364341,919.0904392764858,910.3255813953488,918.9664082687337
2005-12-14,918.4496124031007,929.2093023255813,914.077519379845,928.3204134366924
2005-12-15,928.5581395348836,934.3772609819121,925.2403100775192,926.5426356589146
2005-12-16,925.922480620155,933.0749354005167,924.1343669250646,932.8785529715761
2005-12-19,932.3514211886304,934.8527131782945,928.9819121447027,933.2403100775192
2005-12-20,933.0749354005167,937.798449612403,929.8811369509043,937.798449612403
2005-12-21,937.5193798449611,941.5297157622738,932.4134366925064,933.4780361757105
2005-12-22,932.6821705426356,939.5968992248061,930.9147286821704,939.2764857881136
2005-12-23,939.4935400516796,946.6563307493539,939.0284237726097,946.6563307493539
2005-12-26,947.4625322997415,956.0826873385012,947.1937984496122,953.3643410852712
2005-12-27,953.4263565891473,953.4263565891473,946.7803617571059,950.2428940568475
2005-12-28,949.9224806201549,951.9173126614986,945.860465116279,951.8552971576227
2005-12-29,952.0826873385012,963.3385012919896,952.0826873385012,963.3385012919896
2005-12-30,964.8062015503875,965.3746770025839,952.7958656330749,954.4702842377261
2006-01-04,957.6847545219637,973.0542635658913,957.5297157622738,973.0542635658913
2006-01-05,975.5555555555555,991.8656330749353,973.9638242894056,991.3488372093022
2006-01-06,994.2325581395347,1008.4031007751937,988.1550387596898,1002.6149870801032
2006-01-09,1003.7105943152454,1009.064599483204,998.501291989664,1008.0103359173125
2006-01-10,1008.0413436692505,1011.142118863049,996.8268733850127,1011.0077519379844
2006-01-11,1010.4806201550387,1016.423772609819,995.7519379844961,1006.1808785529715
2006-01-12,1005.0542635658913,1017.1369509043927,1001.0749354005167,1016.7648578811369
2006-01-13,1018.1291989664081,1021.3023255813953,1006.3979328165375,1011.68992248062
2006-01-16,1010.7390180878552,1010.7390180878552,993.157622739018,993.7364341085271
2006-01-17,991.627906976744,998.4289405684754,984.2170542635658,996.6821705426355
2006-01-18,996.5478036175709,1017.7467700258396,995.4315245478035,1016.6614987080103
2006-01-19,1018.3255813953488,1025.6020671834624,1011.142118863049,1024.516795865633
2006-01-20,1024.8785529715763,1027.906976744186,1020.2170542635657,1026.7080103359172
2006-01-23,1027.1214470284237,1030.8320413436693,1022.5736434108527,1029.6227390180877
2006-01-24,1031.3074935400516,1039.9483204134365,1026.7596899224804,1032.6511627906975
2006-01-25,1032.3824289405684,1043.565891472868,1022.7493540051679,1043.5142118863048
2006-02-06,1047.4728682170542,1068.0620155038757,1046.832041343669,1067.937984496124
2006-02-07,1069.4366925064598,1073.3850129198966,1054.2015503875969,1064.5374677002583
2006-02-08,1062.9974160206718,1068.1136950904393,1057.3023255813953,1067.7726098191213
2006-02-09,1067.8966408268734,1067.8966408268734,1051.2144702842377,1053.8501291989664
2006-02-10,1053.6640826873384,1067.286821705426,1052.6925064599482,1067.018087855297
2006-02-13,1069.12661498708,1069.3953488372092,1056.1653746770025,1066.2635658914726
2006-02-14,1067.3385012919896,1073.705426356589,1065.0749354005168,1073.4160206718345
2006-02-15,1075.2764857881136,1083.5555555555554,1073.6330749354004,1076.6511627906978
2006-02-16,1076.6614987080104,1076.6614987080104,1053.4470284237725,1054.3875968992247
2006-02-17,1054.3255813953488,1063.1214470284235,1050.1188630490956,1054.6459948320412
2006-02-20,1055.0284237726098,1064.6511627906975,1054.2842377260981,1055.9586563307491
2006-02-21,1055.2764857881136,1073.8397932816538,1048.7441860465115,1073.7157622739016
2006-02-22,1074.5736434108528,1081.6020671834624,1071.1937984496124,1072.7545219638243
2006-02-23,1073.12661498708,1076.578811369509,1063.8242894056846,1076.3514211886302
2006-02-24,1076.9715762273902,1084.9509043927649,1076.9715762273902,1084.6925064599484
2006-02-27,1091.4211886304909,1092.7338501291988,1081.1059431524548,1083.049095607235
2006-02-28,1081.8708010335918,1089.1162790697674,1068.3824289405684,1088.3824289405684
2006-03-01,1087.0904392764858,1093.219638242894,1084.8992248062016,1092.113695090439
2006-03-02,1091.3281653746767,1091.5245478036175,1069.4366925064598,1073.5607235142118
2006-03-03,1072.8578811369507,1078.470284237726,1064.144702842377,1076.671834625323
2006-03-06,1076.6511627906978,1079.5038759689921,1070.9147286821703,1073.767441860465
2006-03-07,1072.795865633075,1072.8475452196383,1047.173126614987,1049.0645994832041
2006-03-08,1046.594315245478,1049.0645994832041,1033.5193798449611,1043.173126614987
2006-03-09,1040.795865633075,1044.8682170542634,1035.8656330749354,1038.077519379845
2006-03-10,1038.501291989664,1045.7467700258396,1038.439276485788,1042.7906976744184
2006-03-13,1042.6873385012918,1055.173126614987,1042.3875968992247,1054.1188630490956
2006-03-14,1054.7493540051678,1055.9689922480618,1046.108527131783,1052.4754521963823
2006-03-15,1052.3514211886304,1063.53488372093,1051.2454780361757,1063.5245478036175
2006-03-16,1063.5245478036175,1064.4031007751937,1059.9689922480618,1062.1395348837207
2006-03-17,1062.1602067183462,1064.144702842377,1055.3798449612402,1058.4186046511627
2006-03-20,1058.9147286821706,1072.7751937984497,1053.9018087855295,1072.516795865633
2006-03-21,1072.8165374677003,1082.2222222222222,1071.0490956072351,1075.720930232558
2006-03-22,1076.1136950904393,1083.142118863049,1071.53488372093,1082.8630490956073
2006-03-23,1082.532299741602,1084.578811369509,1077.8604651162789,1083.7622739018086
2006-03-24,1084.3617571059428,1087.0904392764858,1076.2067183462532,1077.6227390180877
2006-03-27,1077.653746770026,1086.0051679586563,1071.9173126614985,1086.0051679586563
2006-03-28,1085.343669250646,1092.0103359173127,1083.8656330749354,1091.4521963824288
2006-03-29,1094.3049095607234,1110.1188630490956,1093.2093023255813,1101.0749354005166
2006-03-30,1101.643410852713,1103.8656330749352,1090.5839793281655,1091.0904392764858
2006-03-31,1089.2506459948318,1097.12661498708,1085.4987080103358,1096.7338501291988
2006-04-03,1097.6330749354004,1115.627906976744,1097.6330749354004,1115.5762273901807
2006-04-04,1117.1679586563305,1125.9638242894055,1112.3514211886304,1125.9638242894055
2006-04-05,1127.8346253229975,1137.5297157622738,1126.1498708010336,1136.919896640827
2006-04-06,1139.5762273901807,1146.9560723514212,1134.1808785529713,1140.2997416020671
2006-04-07,1139.9896640826873,1142.222222222222,1128.5684754521965,1140.2067183462532
2006-04-10,1141.4160206718345,1155.6382428940567,1137.6640826873384,1155.4625322997415
2006-04-11,1157.7881136950905,1163.9173126614985,1149.3643410852712,1161.0439276485786
2006-04-12,1161.5297157622738,1161.5297157622738,1153.6434108527133,1154.594315245478
2006-04-13,1154.3565891472867,1160.093023255814,1130.2428940568475,1130.6770025839794
2006-04-14,1128.361757105943,1156.2480620155038,1128.3410852713178,1156.1860465116276
2006-04-17,1157.8191214470285,1167.080103359173,1151.9689922480618,1162.1808785529715
2006-04-18,1165.3850129198966,1173.5917312661497,1156.8682170542634,1169.28165374677
2006-04-19,1173.7571059431523,1178.71834625323,1162.9974160206718,1176.4754521963823
2006-04-20,1177.922480620155,1180.9198966408267,1164.9509043927646,1172.4857881136952
2006-04-21,1171.2764857881136,1191.6175710594316,1165.529715762274,1187.7622739018088
2006-04-24,1195.7726098191215,1199.565891472868,1173.9018087855295,1181.0852713178294
2006-04-25,1177.7777777777776,1188.15503875969,1160.8268733850127,1180.2894056847545
2006-04-26,1181.2919896640826,1201.0542635658915,1180.4341085271317,1194.5529715762273
2006-04-27,1196.2583979328165,1198.8630490956073,1183.7312661498706,1194.077519379845
2006-04-28,1182.005167958656,1213.312661498708,1171.2558139534883,1211.7312661498706
2006-05-08,1219.2041343669248,1259.8036175710592,1219.2041343669248,1259.3798449612402
2006-05-09,1267.5142118863048,1294.8423772609817,1263.7519379844962,1293.6537467700257
2006-05-10,1300.2377260981912,1316.4651162790697,1285.2403100775193,1308.454780361757
2006-05-11,1309.7881136950903,1338.3669250645992,1296.485788113695,1297.1989664082687
2006-05-12,1297.3953488372092,1339.9276485788114,1294.7596899224807,1339.8036175710592
2006-05-15,1356.2170542635658,1397.8397932816538,1345.5297157622738,1397.581395348837
2006-05-16,1414.0878552971576,1434.0051679586563,1366.5529715762273,1375.84496124031
2006-05-17,1376.423772609819,1401.684754521964,1350.770025839793,1380.3824289405684
2006-05-18,1367.080103359173,1385.550387596899,1344.8165374677,1375.9173126614987
2006-05-19,1378.8837209302324,1417.28165374677,1373.9741602067181,1411.989664082687
2006-05-22,1412.2170542635656,1434.1808785529713,1406.0465116279067,1419.8139534883721
2006-05-23,1410.956072351421,1410.956072351421,1360.7751937984494,1361.9121447028424
2006-05-24,1370.2118863049095,1396.7028423772608,1320.237726098191,1352.1860465116279
2006-05-25,1348.5271317829456,1360.7028423772608,1328.919896640827,1351.627906976744
2006-05-26,1356.3204134366924,1376.1757105943152,1353.4470284237725,1375.7312661498706
2006-05-29,1384.9095607235142,1412.7545219638241,1375.328165374677,1412.1860465116276
2006-05-30,1421.4987080103358,1431.1937984496124,1406.2532299741601,1425.0749354005166
2006-05-31,1423.720930232558,1433.5297157622738,1400.5271317829456,1411.3178294573643
2006-06-01,1410.0051679586563,1450.40826873385,1408.7235142118861,1450.0051679586563
2006-06-02,1453.8708010335915,1459.204134366925,1428.423772609819,1436.8165374677
2006-06-05,1438.2015503875969,1450.439276485788,1408.4961240310076,1450.2945736434108
2006-06-06,1447.3074935400516,1460.578811369509,1438.656330749354,1446.139534883721
2006-06-07,1445.1472868217054,1445.1472868217054,1364.031007751938,1364.578811369509
2006-06-08,1353.0439276485786,1376.6304909560724,1330.1291989664082,1370.5219638242893
2006-06-09,1365.1782945736431,1374.5116279069766,1336.485788113695,1337.6640826873384
2006-06-12,1326.956072351421,1352.0620155038757,1318.2428940568475,1341.2609819121446
2006-06-13,1339.9586563307494,1356.2067183462532,1327.7726098191213,1341.8914728682169
2006-06-14,1335.080103359173,1335.080103359173,1312.1653746770025,1327.0077519379845
2006-06-15,1326.8423772609817,1343.782945736434,1323.5142118863048,1328.5684754521965
2006-06-16,1333.3333333333333,1362.2945736434108,1333.3333333333333,1362.2842377260981
2006-06-19,1350.139534883721,1387.0697674418604,1338.3979328165374,1379.7312661498709
2006-06-20,1378.4186046511625,1386.2945736434108,1368.2480620155038,1383.173126614987
2006-06-21,1381.7467700258396,1392.2480620155038,1364.764857881137,1378.3255813953488
2006-06-22,1376.6718346253228,1386.801033591731,1370.6976744186047,1376.2790697674418
2006-06-23,1373.7571059431523,1385.2919896640826,1363.8346253229972,1384.4444444444443
2006-06-26,1386.6770025839792,1409.374677002584,1386.6770025839792,1409.2093023255813
2006-06-27,1410.894056847545,1414.377260981912,1399.5762273901807,1409.7157622739019
2006-06-28,1407.53488372093,1412.237726098191,1399.1007751937984,1408.671834625323
2006-06-29,1411.111111111111,1442.108527131783,1411.111111111111,1441.9844961240308
2006-06-30,1449.7157622739016,1456.113695090439,1431.5142118863048,1440.785529715762
2006-07-03,1445.7260981912143,1468.0413436692504,1440.7441860465117,1468.0413436692504
2006-07-04,1470.8837209302324,1474.005167958656,1448.2170542635658,1458.40826873385
2006-07-05,1457.2609819121446,1457.2609819121446,1423.4832041343668,1439.8036175710592
2006-07-06,1438.3875968992247,1466.4186046511627,1436.888888888889,1466.3359173126614
2006-07-07,1471.5452196382428,1474.315245478036,1453.219638242894,1457.8087855297158
2006-07-10,1457.8811369509042,1461.064599483204,1444.3824289405684,1459.5555555555554
2006-07-11,1461.6434108527133,1466.4806201550387,1453.7467700258396,1466.2325581395346
2006-07-12,1466.7390180878551,1479.0077519379845,1464.330749354005,1466.87338501292
2006-07-13,1463.4418604651162,1465.7777777777778,1389.312661498708,1391.3074935400514
2006-07-14,1378.5426356589146,1413.6847545219637,1372.1860465116276,1402.71834625323
2006-07-17,1399.6279069767443,1418.346253229974,1393.7260981912143,1418.346253229974
2006-07-18,1416.9509043927649,1419.7312661498706,1405.5917312661497,1419.5555555555554
2006-07-19,1416.3204134366924,1416.3204134366924,1374.9664082687336,1381.5400516795864
2006-07-20,1380.2687338501291,1392.0930232558137,1373.8294573643411,1390.377260981912
2006-07-21,1389.767441860465,1402.9354005167957,1389.736434108527,1401.581395348837
2006-07-24,1385.3023255813953,1405.2299741602064,1372.5064599483203,1403.7416020671833
2006-07-25,1404.9819121447026,1425.1576227390178,1404.9819121447026,1420.330749354005
2006-07-26,1424.0620155038757,1427.1834625322995,1412.97157622739,1417.3643410852712
2006-07-27,1416.7958656330748,1425.581395348837,1392.547803617571,1401.0852713178292
2006-07-28,1400.4341085271317,1405.4160206718345,1372.2583979328165,1386.4496124031007
2006-07-31,1382.987080103359,1382.987080103359,1336.9819121447026,1337.8087855297156
2006-08-01,1336.1343669250646,1346.656330749354,1321.4883720930231,1325.1266149870798
2006-08-02,1324.9509043927649,1331.8966408268732,1300.2687338501291,1317.9224806201548
2006-08-03,1320.5478036175712,1324.847545219638,1304.0826873385013,1314.4599483204133
2006-08-04,1315.1007751937982,1321.188630490956,1281.0129198966408,1283.6279069767443
2006-08-07,1274.925064599483,1283.565891472868,1263.0387596899225,1265.2196382428938
2006-08-08,1266.1912144702842,1294.4599483204133,1266.1912144702842,1294.4599483204133
2006-08-09,1296.5064599483203,1300.4754521963823,1287.2248062015503,1293.3333333333333
2006-08-10,1293.188630490956,1314.1808785529715,1293.1059431524545,1314.1808785529715
2006-08-11,1316.0413436692504,1320.8992248062016,1308.0310077519378,1318.501291989664
2006-08-14,1317.9741602067184,1322.2842377260981,1283.6692506459947,1287.565891472868
2006-08-15,1284.919896640827,1308.3824289405682,1281.5607235142118,1308.3824289405682
2006-08-16,1309.374677002584,1326.6873385012918,1304.9509043927646,1326.6873385012918
2006-08-17,1323.2868217054263,1323.2868217054263,1306.3875968992247,1314.346253229974
2006-08-18,1312.8992248062013,1323.8552971576225,1308.3410852713178,1310.459948320413
2006-08-21,1276.9302325581396,1313.3540051679586,1270.4599483204133,1313.240310077519
2006-08-22,1312.7648578811368,1332.3204134366924,1311.7312661498706,1328.4444444444443
2006-08-23,1327.9793281653745,1338.3255813953485,1325.9328165374675,1328.8682170542636
2006-08-24,1327.9999999999998,1335.8139534883721,1317.374677002584,1335.8139534883721
2006-08-25,1336.9509043927646,1345.4780361757105,1335.8656330749354,1338.9560723514212
2006-08-28,1342.077519379845,1370.4289405684754,1341.9741602067181,1370.4289405684754
2006-08-29,1373.240310077519,1394.5219638242893,1371.5762273901807,1374.842377260982
2006-08-30,1372.9922480620153,1381.28165374677,1364.1550387596897,1379.5038759689921
2006-08-31,1380.454780361757,1387.8966408268732,1376.0103359173124,1383.658914728682
2006-09-01,1384.2997416020671,1385.1472868217054,1358.7286821705425,1362.3772609819118
2006-09-04,1359.906976744186,1382.1602067183462,1359.8036175710592,1382.1602067183462
2006-09-05,1384.5891472868216,1390.9147286821706,1379.5555555555554,1385.7157622739016
2006-09-06,1386.4599483204133,1391.596899224806,1376.5891472868216,1391.596899224806
2006-09-07,1393.4573643410852,1393.5710594315244,1368.454780361757,1373.0025839793282
2006-09-08,1372.1550387596897,1379.565891472868,1370.801033591731,1376.8992248062016
2006-09-11,1376.6304909560724,1383.7312661498706,1363.5245478036175,1383.7312661498706
2006-09-12,1383.7932816537466,1395.8966408268732,1382.222222222222,1392.9095607235142
2006-09-13,1394.160206718346,1402.4392764857878,1382.3875968992247,1383.3488372093022
2006-09-14,1383.3074935400514,1390.7906976744184,1368.2687338501291,1383.235142118863
2006-09-15,1383.3695090439276,1408.1653746770025,1383.0904392764858,1408.082687338501
2006-09-18,1413.5917312661497,1421.7881136950903,1407.8966408268734,1421.767441860465
2006-09-19,1424.0,1432.1653746770023,1417.4987080103358,1424.609819121447
2006-09-20,1422.3462532299739,1428.2273901808783,1411.596899224806,1424.7648578811368
2006-09-21,1424.7648578811368,1437.333333333333,1424.7648578811368,1433.9741602067181
2006-09-22,1436.5581395348836,1440.3410852713178,1420.1033591731266,1421.033591731266
2006-09-25,1418.925064599483,1430.2532299741601,1407.348837209302,1418.501291989664
2006-09-26,1416.909560723514,1417.6537467700257,1396.5684754521963,1403.2558139534883
2006-09-27,1402.8733850129197,1417.1782945736431,1400.919896640827,1417.1782945736431
2006-09-28,1418.2222222222222,1436.237726098191,1415.4005167958655,1433.5917312661497
2006-09-29,1435.7416020671833,1452.7751937984494,1435.7002583979327,1450.40826873385
2006-10-09,1468.0723514211884,1484.3100775193795,1465.8501291989662,1484.3100775193795
2006-10-10,1485.984496124031,1491.989664082687,1474.9043927648577,1485.5297157622738
2006-10-11,1484.9405684754522,1488.5891472868216,1469.5710594315244,1484.1447028423772
2006-10-12,1484.4444444444443,1487.1317829457362,1471.4521963824288,1474.4186046511627
2006-10-13,1472.144702842377,1484.3410852713175,1468.6925064599482,1478.9457364341085
2006-10-16,1480.423772609819,1482.7183462532298,1463.0387596899225,1466.1705426356589
2006-10-17,1464.547803617571,1474.2015503875966,1458.0568475452196,1461.9638242894057
2006-10-18,1461.4056847545219,1485.8811369509042,1461.033591731266,1485.8811369509042
2006-10-19,1487.1731266149868,1494.1808785529713,1482.108527131783,1487.7312661498709
2006-10-20,1489.0645994832041,1496.5891472868216,1484.9095607235142,1488.5581395348836
2006-10-23,1487.8966408268732,1493.4573643410852,1450.139534883721,1456.0413436692506
2006-10-24,1455.8966408268732,1488.423772609819,1455.8966408268732,1488.423772609819
2006-10-25,1491.5865633074934,1508.7648578811368,1483.0077519379843,1495.4315245478035
2006-10-26,1495.7002583979327,1506.3255813953485,1483.4935400516795,1505.0129198966406
2006-10-27,1504.8888888888887,1509.5193798449611,1481.5090439276482,1487.3901808785529
2006-10-30,1484.919896640827,1494.8217054263564,1476.3100775193795,1494.8217054263564
2006-10-31,1495.6692506459947,1513.674418604651,1495.6692506459947,1513.6640826873384
2006-11-01,1514.904392764858,1529.1059431524548,1510.40826873385,1529.1059431524548
2006-11-02,1530.2842377260981,1530.2842377260981,1513.798449612403,1529.3643410852712
2006-11-03,1531.348837209302,1547.7726098191213,1530.5116279069766,1538.2842377260981
2006-11-06,1527.0697674418604,1558.6253229974159,1521.4470284237725,1558.5426356589146
2006-11-07,1563.4625322997415,1567.751937984496,1541.4263565891472,1567.0284237726096
2006-11-08,1563.1627906976742,1563.8656330749352,1547.297157622739,1548.4961240310076
2006-11-09,1541.9121447028422,1578.687338501292,1539.2248062015503,1575.9276485788114
2006-11-10,1576.4651162790697,1586.770025839793,1543.359173126615,1554.5839793281652
2006-11-13,1548.3824289405684,1563.7726098191213,1514.8630490956073,1525.3540051679586
2006-11-14,1525.0129198966408,1544.062015503876,1502.0775193798447,1543.9586563307491
2006-11-15,1544.299741602067,1586.4082687338498,1540.9509043927646,1586.315245478036
2006-11-16,1591.9999999999998,1610.7596899224807,1582.7286821705425,1584.7958656330748
2006-11-17,1579.3385012919896,1614.7183462532298,1572.6614987080102,1614.5529715762273
2006-11-20,1619.989664082687,1646.7080103359172,1619.989664082687,1646.6770025839792
2006-11-21,1644.9302325581393,1666.6253229974159,1621.6537467700257,1666.40826873385
2006-11-22,1664.1343669250643,1694.4806201550387,1654.139534883721,1678.5839793281652
2006-11-23,1678.2532299741601,1697.9948320413434,1672.392764857881,1689.8294573643411
2006-11-24,1684.6408268733849,1695.8656330749352,1665.6847545219637,1691.5555555555554
2006-11-27,1687.5038759689921,1707.286821705426,1682.6046511627906,1707.286821705426
2006-11-28,1705.095607235142,1711.8242894056846,1684.578811369509,1699.235142118863
2006-11-29,1672.031007751938,1729.1059431524548,1658.7286821705425,1723.142118863049
2006-11-30,1727.8242894056848,1772.082687338501,1727.8242894056848,1771.9483204134365
2006-12-01,1777.033591731266,1800.3100775193795,1773.4263565891472,1787.3074935400516
2006-12-04,1790.077519379845,1840.6201550387595,1790.077519379845,1840.5581395348836
2006-12-05,1845.4160206718345,1872.516795865633,1837.1369509043927,1854.501291989664
2006-12-06,1854.532299741602,1867.3385012919896,1775.4211886304909,1839.1834625322997
2006-12-07,1833.7881136950903,1881.8811369509042,1830.0465116279067,1835.359173126615
2006-12-08,1811.6485788113694,1831.68992248062,1767.4418604651162,1769.0749354005166
2006-12-11,1763.2144702842377,1850.25322997416,1763.2144702842377,1850.046511627907
2006-12-12,1858.8733850129197,1880.9302325581393,1831.6382428940565,1863.348837209302
2006-12-13,1866.0671834625323,1874.191214470284,1839.3385012919894,1864.4547803617568
2006-12-14,1867.782945736434,1897.8708010335915,1865.8397932816536,1897.8191214470285
2006-12-15,1904.7855297157623,1930.5219638242893,1894.067183462532,1930.377260981912
2006-12-18,1937.9948320413434,1982.7286821705425,1937.9948320413434,1980.475452196382
2006-12-19,1989.4573643410852,2001.8087855297156,1945.7777777777776,1985.9844961240308
2006-12-20,1977.157622739018,2001.8604651162789,1957.0232558139535,2001.6020671834624
2006-12-21,2000.8062015503874,2010.8217054263564,1969.736434108527,1973.1162790697672
2006-12-22,1960.1860465116279,1982.9354005167957,1943.7416020671833,1959.3178294573643
2006-12-25,1962.6046511627906,2023.2248062015503,1962.6046511627906,2004.237726098191
2006-12-26,2007.0284237726096,2025.8191214470282,1979.3074935400516,2003.3488372093022
2006-12-27,2005.5917312661497,2049.726098191214,2004.7028423772608,2049.4883720930234
2006-12-28,2054.801033591731,2077.9018087855293,2030.9767441860463,2046.439276485788
2006-12-29,2058.7906976744184,2121.8191214470285,2058.7906976744184,2109.612403100775
2007-01-04,2142.894056847545,2211.3591731266147,2123.2454780361754,2136.5271317829456
2007-01-05,2120.0516795865633,2153.3850129198963,2098.9767441860463,2142.5116279069766
2007-01-08,2141.6124031007753,2203.348837209302,2141.3126614987077,2203.162790697674
2007-01-09,2209.2919896640824,2275.307493540052,2199.5452196382425,2273.9948320413437
2007-01-10,2285.0232558139537,2331.7519379844957,2268.4961240310076,2331.7519379844957
2007-01-11,2332.8268733850127,2366.8733850129197,2299.0904392764855,2306.594315245478
2007-01-12,2290.294573643411,2325.1059431524545,2232.330749354005,2246.770025839793
2007-01-15,2243.8656330749354,2364.527131782945,2243.8656330749354,2364.175710594315
2007-01-16,2388.5891472868216,2433.519379844961,2374.4082687338496,2432.940568475452
2007-01-17,2439.7002583979324,2473.612403100775,2342.470284237726,2386.490956072351
2007-01-18,2369.1679586563305,2403.6485788113696,2315.4625322997413,2394.9354005167957
2007-01-19,2398.832041343669,2476.578811369509,2398.832041343669,2476.578811369509
2007-01-22,2506.2739018087855,2575.410852713178,2506.2739018087855,2574.9974160206716
2007-01-23,2592.5271317829456,2601.12661498708,2496.237726098191,2592.3824289405684
2007-01-24,2592.785529715762,2641.9638242894052,2573.571059431524,2621.6330749354
2007-01-25,2596.8578811369507,2614.397932816537,2531.3178294573645,2535.22480620155
2007-01-26,2496.8992248062013,2609.033591731266,2436.15503875969,2597.333333333333
2007-01-29,2614.925064599483,2669.157622739018,2606.201550387597,2663.4832041343666
2007-01-30,2673.4056847545216,2686.7700258397927,2616.8268733850127,2637.6020671834626
2007-01-31,2629.767441860465,2633.7777777777774,2447.204134366925,2465.467700258398
2007-02-01,2429.5607235142115,2491.3901808785527,2388.186046511628,2475.6279069767443
2007-02-02,2477.581395348837,2484.3617571059426,2370.315245478036,2375.193798449612
2007-02-05,2359.4521963824286,2381.7260981912145,2323.441860465116,2348.1136950904393
2007-02-06,2347.6692506459945,2394.521963824289,2272.764857881137,2393.8397932816533
2007-02-07,2408.7131782945735,2471.1834625322995,2408.7131782945735,2449.395348837209
2007-02-08,2456.4651162790697,2497.116279069767,2433.7984496124027,2491.5762273901805
2007-02-09,2493.6847545219634,2498.8527131782944,2455.834625322997,2477.7777777777774
2007-02-12,2478.3979328165374,2569.260981912145,2477.302325581395,2568.878552971576
2007-02-13,2582.273901808785,2611.0904392764855,2573.2919896640824,2607.3695090439273
2007-02-14,2612.4651162790697,2681.819121447028,2605.198966408269,2675.2971576227387
2007-02-15,2695.22480620155,2758.8423772609817,2695.22480620155,2758.2739018087855
2007-02-16,2783.1214470284235,2808.8578811369507,2749.8604651162786,2766.6563307493534
2007-02-26,2769.271317829457,2801.343669250646,2729.8397932816533,2798.635658914728
2007-02-27,2809.1059431524545,2810.8733850129197,2537.3850129198963,2540.04134366925
2007-02-28,2494.4909560723513,2640.031007751938,2494.3979328165374,2630.046511627907
2007-03-01,2635.9276485788114,2635.9999999999995,2521.4470284237723,2556.630490956072
2007-03-02,2551.596899224806,2608.640826873385,2538.315245478036,2593.002583979328
2007-03-05,2587.9276485788114,2627.204134366925,2490.666666666666,2558.770025839793
2007-03-06,2550.635658914728,2624.7545219638237,2534.511627906976,2604.9509043927646
2007-03-07,2618.0671834625323,2681.612403100775,2617.209302325581,2676.423772609819
2007-03-08,2684.9819121447026,2716.744186046511,2651.2764857881134,2715.8966408268734
2007-03-09,2721.2403100775196,2732.6201550387595,2674.4082687338496,2699.111111111111
2007-03-12,2700.733850129199,2707.4935400516792,2649.4780361757103,2704.0516795865633
2007-03-13,2708.7545219638237,2730.3669250645994,2692.7441860465115,2728.8578811369507
2007-03-14,2697.602067183462,2713.302325581395,2632.1963824289405,2684.609819121447
2007-03-15,2682.7286821705425,2734.7596899224804,2682.7286821705425,2734.4186046511627
2007-03-16,2745.229974160207,2754.925064599483,2662.863049095607,2691.710594315245
2007-03-19,2618.8217054263564,2764.6511627906975,2608.062015503876,2748.7441860465115
2007-03-20,2759.317829457364,2764.3100775193793,2734.108527131783,2762.5529715762273
2007-03-21,2776.1550387596894,2793.7984496124027,2756.475452196382,2793.3850129198963
2007-03-22,2811.8449612403097,2832.330749354005,2793.188630490956,2802.3979328165374
2007-03-23,2801.4056847545216,2818.211886304909,2742.9354005167957,2807.5142118863046
2007-03-26,2816.9509043927646,2857.2609819121444,2805.095607235142,2856.878552971576
2007-03-27,2863.410852713178,2883.6899224806198,2845.4987080103356,2877.540051679586
2007-03-28,2880.868217054263,2900.3410852713173,2779.441860465116,2891.627906976744
2007-03-29,2896.516795865633,2925.147286821705,2876.413436692506,2876.8062015503874
2007-03-30,2861.7157622739014,2896.072351421188,2845.6330749354,2875.2248062015506
2007-04-02,2887.8139534883717,2945.891472868217,2887.8139534883717,2945.8501291989664
2007-04-03,2958.0361757105943,2985.3540051679583,2948.392764857881,2985.1369509043925
2007-04-04,2990.5736434108526,3022.925064599483,2972.2894056847545,3009.6330749354006
2007-04-05,3007.2351421188628,3049.7777777777774,2992.6821705426355,3043.9793281653747
2007-04-06,3019.8759689922476,3077.4780361757103,3008.8372093023254,3071.84496124031
2007-04-09,3088.764857881137,3145.2816537467697,3088.764857881137,3140.2273901808785
2007-04-10,3155.9276485788114,3185.1369509043925,3093.653746770026,3185.085271317829
2007-04-11,3195.9586563307494,3226.3979328165374,3162.046511627907,3226.170542635659
2007-04-12,3234.3669250645994,3283.4005167958653,3219.5452196382425,3283.142118863049
2007-04-13,3289.6950904392766,3319.4935400516792,3260.062015503876,3275.6899224806198
2007-04-16,3284.031007751938,3365.9638242894057,3284.020671834625,3365.3746770025837
2007-04-17,3383.3901808785527,3398.625322997416,3289.8708010335913,3393.9018087855293
2007-04-18,3404.8682170542634,3423.2351421188628,3353.9328165374673,3415.503875968992
2007-04-19,3408.7338501291983,3408.7338501291983,3168.248062015504,3256.124031007752
2007-04-20,3272.0103359173127,3408.1757105943148,3272.0103359173127,3399.7726098191215
2007-04-23,3442.687338501292,3548.8578811369507,3442.687338501292,3546.5839793281652
2007-04-24,3578.7906976744184,3608.072351421188,3533.12661498708,3560.930232558139
2007-04-25,3547.3074935400514,3584.320413436692,3489.488372093023,3564.1136950904393
2007-04-26,3581.5090439276482,3611.2764857881134,3554.3979328165374,3610.9354005167957
2007-04-27,3617.5090439276482,3621.5917312661495,3551.4211886304906,3587.100775193798
2007-04-30,3604.5064599483203,3688.558139534883,3595.7932816537464,3678.25322997416
2007-05-08,3766.211886304909,3823.6382428940565,3740.3410852713178,3809.8501291989664
2007-05-09,3823.565891472868,3842.2118863049095,3676.0930232558135,3825.6124031007753
2007-05-10,3827.937984496124,3867.9379844961236,3795.1524547803615,3849.622739018088
2007-05-11,3820.4547803617565,3840.1757105943148,3751.6382428940565,3826.987080103359
2007-05-14,3770.8217054263564,3895.772609819121,3742.4909560723513,3859.865633074935
2007-05-15,3864.6511627906975,3877.664082687338,3721.147286821705,3725.726098191214
2007-05-16,3718.863049095607,3824.9612403100773,3676.6925064599477,3824.589147286821
2007-05-17,3841.2816537467697,3921.612403100775,3829.74677002584,3905.540051679586
2007-05-18,3897.9534883720926,3933.033591731266,3872.082687338501,3903.4935400516792
2007-05-21,3773.4366925064596,3972.9612403100773,3765.457364341085,3960.144702842377
2007-05-22,3978.335917312661,4023.9689922480616,3978.335917312661,4000.50645994832
2007-05-23,4010.0878552971576,4071.8242894056843,3983.3695090439273,4071.2661498708003
2007-05-24,4086.7080103359167,4106.025839793281,3988.124031007752,4051.4211886304906
2007-05-25,4038.9974160206716,4131.11111111111,4018.925064599483,4119.121447028423
2007-05-28,4169.426356589147,4229.395348837209,4162.645994832041,4209.385012919896
2007-05-29,4228.320413436692,4308.558139534883,4216.919896640827,4308.31007751938
2007-05-30,4037.2506459948318,4242.067183462532,3979.0180878552965,4017.0129198966406
2007-05-31,3957.3333333333326,4125.819121447028,3807.2971576227387,4059.896640826873
2007-06-01,4085.8914728682166,4148.992248062015,3907.0077519379843,3931.7312661498704
2007-06-04,3932.7751937984494,3950.8113695090433,3621.643410852713,3629.3850129198963
2007-06-05,3521.4470284237723,3757.2609819121444,3355.7932816537464,3756.723514211886
2007-06-06,3775.596899224806,3837.240310077519,3670.0155038759685,3801.116279069767
2007-06-07,3818.656330749354,3930.0258397932816,3808.227390180878,3930.0258397932816
2007-06-08,3942.315245478036,3990.9147286821703,3895.7622739018084,3966.790697674418
2007-06-11,4006.2739018087855,4070.067183462532,4000.2377260981907,4063.9379844961236
2007-06-12,4086.7803617571058,4171.948320413437,3962.8113695090437,4171.68992248062
2007-06-13,4208.516795865632,4285.808785529716,4200.671834625323,4256.609819121447
2007-06-14,4241.364341085271,4270.801033591731,4157.912144702842,4212.733850129199
2007-06-15,4178.9250645994825,4253.984496124031,4160.31007751938,4237.085271317829
2007-06-18,4319.131782945737,4389.043927648578,4317.509043927648,4369.581395348837
2007-06-19,4369.602067183462,4397.643410852713,4326.8010335917315,4395.865633074935
2007-06-20,4412.051679586562,4436.3824289405675,4277.343669250646,4297.260981912144
2007-06-21,4279.782945736433,4350.25322997416,4249.054263565891,4338.273901808785
2007-06-22,4344.320413436692,4362.708010335917,4103.720930232557,4187.524547803617
2007-06-25,4203.049095607234,4243.917312661498,3980.1963824289405,4007.8449612403097
2007-06-26,3932.2067183462527,4061.364341085271,3878.997416020671,4060.165374677002
2007-06-27,4079.4625322997413,4189.571059431524,4043.617571059431,4176.206718346253
2007-06-28,4174.036175710594,4204.454780361757,3987.441860465116,3988.134366925064
2007-06-29,3895.9483204134362,3997.674418604651,3843.059431524547,3890.521963824289
2007-07-02,3872.020671834625,3929.612403100775,3766.6046511627906,3883.8863049095603
2007-07-03,3909.8501291989664,3964.1240310077515,3869.78811369509,3960.9612403100773
2007-07-04,3969.4160206718343,3977.3436692506457,3852.7751937984494,3869.333333333333
2007-07-05,3812.2067183462527,3831.111111111111,3653.78811369509,3656.268733850129
2007-07-06,3635.7622739018084,3837.457364341085,3592.010335917312,3834.9147286821703
2007-07-09,3869.6330749354,3970.0155038759685,3847.2661498708007,3949.6640826873386
2007-07-10,3961.5090439276487,3982.3565891472863,3890.6976744186045,3902.4496124031
2007-07-11,3877.5090439276482,3925.3850129198963,3857.664082687338,3917.178294573643
2007-07-12,3926.8113695090437,3968.1757105943148,3907.0077519379843,3945.1369509043925
2007-07-13,3953.519379844961,3958.3255813953483,3900.7028423772604,3948.444444444444
2007-07-16,3953.395348837209,3959.0387596899222,3821.4160206718343,3822.1912144702837
2007-07-17,3808.1033591731266,3940.3100775193793,3772.8682170542634,3916.9509043927646
2007-07-18,3903.8139534883717,3991.22480620155,3882.8940568475446,3935.472868217054
2007-07-19,3924.4651162790697,3965.2609819121444,3905.4366925064596,3934.8837209302324
2007-07-20,3935.9999999999995,4105.312661498708,3935.9999999999995,4105.302325581395
2007-07-23,4143.73126614987,4297.043927648579,4143.73126614987,4296.35142118863
2007-07-24,4327.989664082687,4384.062015503876,4282.780361757105,4301.1369509043925
2007-07-25,4303.214470284237,4399.018087855297,4303.204134366925,4398.40826873385
2007-07-26,4426.542635658915,4471.245478036176,4386.645994832041,4447.741602067183
2007-07-27,4421.240310077519,4463.400516795866,4366.9560723514205,4451.824289405685
2007-07-30,4449.798449612403,4574.997416020672,4448.299741602066,4558.4496124031
2007-07-31,4550.4082687338505,4617.726098191214,4506.036175710594,4610.397932816538
2007-08-01,4629.767441860465,4647.286821705426,4414.532299741602,4434.60465116279
2007-08-02,4456.434108527132,4598.863049095607,4448.558139534883,4585.20930232558
2007-08-03,4623.142118863049,4753.746770025839,4623.142118863049,4752.847545219638
2007-08-06,4798.739018087855,4862.211886304909,4778.801033591731,4861.994832041343
2007-08-07,4873.78811369509,4931.8656330749345,4790.5633074935395,4883.2558139534885
2007-08-08,4836.403100775194,4900.723514211886,4733.2299741602055,4824.899224806201
2007-08-09,4823.173126614986,4939.679586563308,4822.945736434108,4937.767441860465
2007-08-10,4925.94315245478,4931.8966408268725,4786.60465116279,4885.457364341085
2007-08-13,4883.224806201551,4927.214470284237,4819.844961240309,4879.782945736433
2007-08-14,4880.051679586562,4964.930232558138,4862.170542635658,4956.661498708009
2007-08-15,4966.0775193798445,4999.059431524547,4855.782945736434,4959.948320413437
2007-08-16,4932.671834625322,4933.302325581395,4821.922480620155,4880.558139534883
2007-08-17,4851.88630490956,4935.390180878552,4772.062015503876,4781.994832041343
2007-08-20,4908.733850129199,5049.963824289405,4906.739018087856,5049.540051679586
2007-08-21,5080.640826873385,5163.338501291989,5074.770025839793,5139.751937984495
2007-08-22,5064.527131782946,5246.397932816537,5051.307493540052,5221.385012919895
2007-08-23,5246.005167958656,5328.010335917313,5197.023255813953,5308.454780361757
2007-08-24,5334.521963824289,5406.873385012919,5331.297157622738,5392.847545219638
2007-08-27,5426.997416020671,5474.490956072351,5365.664082687338,5419.276485788113
2007-08-28,5396.010335917313,5447.33850129199,5309.157622739017,5428.186046511628
2007-08-29,5390.863049095607,5460.806201550387,5310.945736434108,5345.550387596899
2007-08-30,5368.19638242894,5423.844961240309,5349.870801033591,5417.2919896640815
2007-08-31,5431.617571059432,5485.705426356589,5395.338501291989,5474.739018087856
2007-09-03,5514.263565891472,5616.279069767442,5514.263565891472,5601.209302325581
2007-09-04,5603.359173126614,5611.586563307493,5512.651162790697,5540.39276485788
2007-09-05,5537.519379844961,5570.366925064599,5441.922480620155,5543.4108527131775
2007-09-06,5570.5322997416015,5631.875968992248,5545.736434108527,5593.839793281653
2007-09-07,5563.73126614987,5584.206718346253,5462.170542635658,5472.66149870801
2007-09-10,5402.315245478036,5561.1989664082685,5356.175710594315,5557.850129198966
2007-09-11,5565.43669250646,5595.8656330749345,5275.813953488372,5296.217054263566
2007-09-12,5273.984496124031,5387.751937984495,5229.416020671834,5377.6330749354
2007-09-13,5406.356589147286,5531.348837209302,5387.11111111111,5529.684754521963
2007-09-14,5542.60465116279,5587.441860465116,5451.390180878553,5578.583979328165
2007-09-17,5570.542635658914,5689.684754521963,5568.66149870801,5683.627906976743
2007-09-18,5709.664082687338,5719.4108527131775,5586.749354005167,5660.8165374677
2007-09-19,5671.7105943152455,5683.297157622738,5566.325581395348,5601.312661498708
2007-09-20,5619.266149870801,5686.201550387596,5612.723514211886,5679.503875968991
2007-09-21,5693.550387596899,5701.405684754521,5537.467700258398,5651.782945736434
2007-09-24,5665.509043927648,5727.2661498708,5582.09819121447,5699.121447028423
2007-09-25,5709.581395348837,5726.997416020671,5605.715762273901,5637.850129198966
2007-09-26,5616.15503875969,5674.273901808785,5517.6330749354,5541.1059431524545
2007-09-27,5544.733850129198,5611.421188630491,5517.354005167958,5609.984496124031
2007-09-28,5663.927648578811,5778.656330749354,5663.927648578811,5768.279069767442
2007-10-08,5894.863049095607,5907.917312661498,5805.78811369509,5843.038759689923
2007-10-09,5828.041343669251,5873.870801033591,5770.304909560724,5866.594315245477
2007-10-10,5886.29457364341,5970.242894056847,5843.710594315245,5876.754521963824
2007-10-11,5886.439276485788,5954.749354005167,5839.896640826873,5953.571059431524
2007-10-12,5971.989664082686,5990.9870801033585,5669.829457364341,5929.94315245478
2007-10-15,5955.42118863049,6020.651162790697,5881.20930232558,6017.002583979327
2007-10-16,6048.103359173126,6083.183462532299,6010.966408268733,6074.625322997415
2007-10-17,6059.307493540051,6089.6330749354,5992.361757105942,6019.762273901808
2007-10-18,6008.516795865632,6008.516795865632,5781.901808785529,5804.392764857881
2007-10-19,5840.85788113695,5903.359173126614,5750.677002583979,5802.645994832042
2007-10-22,5730.0155038759685,5782.428940568475,5649.457364341085,5656.516795865633
2007-10-23,5651.503875968991,5728.124031007752,5553.540051679586,5726.191214470284
2007-10-24,5751.400516795865,5834.594315245477,5739.875968992247,5775.720930232558
2007-10-25,5736.0826873385,5743.204134366924,5491.3178294573645,5512.961240310077
2007-10-26,5456.434108527132,5610.935400516795,5443.276485788113,5576.031007751938
2007-10-29,5611.038759689923,5694.418604651162,5611.038759689923,5693.395348837208
2007-10-30,5715.731266149871,5785.291989664082,5651.1834625323,5784.051679586562
2007-10-31,5854.0155038759685,5883.06976744186,5778.335917312661,5879.627906976743
2007-11-01,5893.01291989664,5893.757105943152,5793.064599483204,5793.51937984496
2007-11-02,5700.103359173127,5752.620155038759,5632.031007751937,5656.775193798449
2007-11-05,5621.509043927648,5679.193798449612,5512.537467700258,5540.372093023256
2007-11-06,5510.397932816538,5587.710594315245,5473.695090439276,5496.175710594315
2007-11-07,5528.2273901808785,5569.6537467700255,5407.348837209302,5530.366925064599
2007-11-08,5500.630490956071,5500.630490956071,5261.974160206718,5264.775193798449
2007-11-09,5212.15503875969,5301.405684754521,5128.992248062015,5209.850129198966
2007-11-12,5081.984496124031,5186.677002583979,4956.516795865633,5145.47803617571
2007-11-13,5193.302325581395,5253.374677002584,5029.6227390180875,5105.157622739018
2007-11-14,5182.201550387596,5319.906976744186,5090.25322997416,5318.749354005168
2007-11-15,5302.129198966408,5344.671834625323,5239.813953488372,5251.793281653746
2007-11-16,5167.793281653747,5190.397932816537,5082.677002583979,5175.875968992247
2007-11-19,5185.94315245478,5203.049095607234,5135.638242894056,5162.191214470284
2007-11-20,5129.343669250646,5270.821705426357,5081.6227390180875,5239.669250645995
2007-11-21,5258.13953488372,5307.751937984495,5161.023255813953,5165.498708010336
2007-11-22,5067.317829457364,5115.596899224806,4919.803617571059,4932.940568475452
2007-11-23,4892.372093023256,5020.206718346253,4870.067183462532,5019.286821705426
2007-11-26,5097.260981912144,5120.599483204134,4956.434108527132,4961.32299741602
2007-11-27,4918.87338501292,4968.299741602067,4866.976744186046,4869.405684754521
2007-11-28,4883.173126614987,4920.578811369509,4774.687338501291,4804.909560723514
2007-11-29,4866.542635658914,5010.418604651162,4793.2609819121435,5004.723514211885
2007-11-30,5003.700258397932,5003.700258397932,4882.4702842377255,4896.547803617571
2007-12-03,4873.302325581395,4970.821705426357,4847.049095607235,4932.992248062015
2007-12-04,4947.431524547804,5050.728682170542,4947.431524547804,4991.431524547803
2007-12-05,4992.19638242894,5137.12661498708,4977.374677002584,5132.764857881137
2007-12-06,5153.746770025839,5167.886304909561,5093.674418604651,5138.0465116279065
2007-12-07,5147.121447028423,5211.142118863048,5145.085271317829,5210.697674418605
2007-12-10,5128.341085271318,5311.307493540051,5110.935400516795,5306.005167958656
2007-12-11,5335.49354005168,5355.462532299741,5238.273901808785,5312.66149870801
2007-12-12,5280.186046511627,5303.069767441861,5202.811369509044,5247.948320413437
2007-12-13,5221.47803617571,5237.612403100775,5045.312661498708,5048.372093023256
2007-12-14,4989.550387596899,5146.4496124031,4961.488372093023,5144.85788113695
2007-12-17,5143.400516795865,5144.7751937984485,5018.263565891472,5020.454780361757
2007-12-18,4989.416020671834,5047.028423772609,4960.206718346253,4992.155038759689
2007-12-19,5041.6227390180875,5128.2583979328165,5028.785529715762,5112.444444444444
2007-12-20,5134.91472868217,5217.6330749354,5101.188630490955,5206.40826873385
2007-12-21,5184.97157622739,5275.214470284238,5183.152454780361,5273.229974160206
2007-12-24,5314.894056847545,5415.214470284238,5301.912144702842,5382.0465116279065
2007-12-25,5392.826873385013,5420.186046511627,5354.614987080103,5392.051679586563
2007-12-26,5407.720930232558,5450.273901808785,5369.250645994832,5441.891472868217
2007-12-27,5464.578811369508,5547.8346253229965,5436.795865633075,5547.8346253229965
2007-12-28,5560.2273901808785,5572.785529715762,5502.656330749353,5517.602067183462
2008-01-02,5529.467700258398,5586.490956072351,5460.930232558139,5565.994832041343
2008-01-03,5561.912144702842,5604.826873385013,5494.521963824289,5604.165374677002
2008-01-04,5613.054263565891,5683.813953488372,5604.609819121447,5667.855297157622
2008-01-07,5664.537467700257,5756.227390180878,5638.75968992248,5743.245478036175
2008-01-08,5763.255813953488,5819.762273901808,5669.488372093022,5713.746770025839
2008-01-09,5692.113695090438,5803.2868217054265,5674.739018087856,5802.335917312661
2008-01-10,5820.826873385012,5899.400516795865,5790.790697674418,5862.687338501291
2008-01-11,5879.64857881137,5894.129198966408,5818.749354005168,5890.594315245477
2008-01-14,5909.5917312661495,5950.304909560723,5870.067183462532,5924.299741602067
2008-01-15,5936.361757105943,5947.400516795865,5841.901808785529,5887.803617571059
2008-01-16,5832.113695090438,5832.113695090438,5683.090439276486,5690.666666666666
2008-01-17,5628.733850129199,5719.534883720929,5402.211886304909,5545.860465116279
2008-01-18,5538.170542635658,5601.6227390180875,5485.78811369509,5596.35142118863
2008-01-21,5606.8630490956075,5616.899224806201,5294.5322997416015,5318.583979328165
2008-01-22,5183.906976744186,5201.291989664082,4866.552971576228,4913.5607235142115
2008-01-23,4947.979328165375,5143.431524547804,4911.11111111111,5142.232558139534
2008-01-24,5203.648578811369,5250.439276485788,5091.855297157622,5196.082687338501
2008-01-25,5191.627906976743,5293.447028423772,5133.354005167958,5247.989664082687
2008-01-28,5207.762273901809,5207.762273901809,4869.540051679586,4890.832041343669
2008-01-29,4902.222222222222,5008.434108527131,4846.232558139534,4922.0465116279065
2008-01-30,4978.976744186046,5021.291989664082,4760.868217054263,4868.888888888888
2008-01-31,4851.276485788113,4892.7131782945735,4769.28165374677,4775.607235142118
2008-02-01,4778.935400516795,4817.5607235142115,4562.397932816537,4725.529715762274
2008-02-04,4853.28165374677,5117.571059431524,4853.28165374677,5116.403100775193
2008-02-05,5108.919896640827,5163.3798449612395,5041.984496124031,5087.162790697674
2008-02-13,5022.025839793281,5047.276485788113,4946.5633074935395,4977.860465116279
2008-02-14,5022.067183462532,5078.366925064599,5005.529715762274,5044.186046511628
2008-02-15,5008.806201550387,5008.806201550387,4901.395348837209,4974.997416020672
2008-02-18,5038.987080103359,5110.9870801033585,5008.072351421189,5075.958656330748
2008-02-19,5092.341085271318,5189.405684754522,5049.819121447028,5189.405684754522
2008-02-20,5201.839793281653,5232.31007751938,5066.315245478036,5073.612403100775
2008-02-21,5042.4496124031,5089.870801033591,4957.209302325581,5039.824289405684
2008-02-22,5013.829457364341,5013.829457364341,4806.005167958657,4860.19638242894
2008-02-25,4862.346253229974,4881.28165374677,4662.222222222222,4671.607235142118
2008-02-26,4793.385012919896,4825.664082687338,4542.211886304909,4667.214470284237
2008-02-27,4695.7105943152455,4816.961240310077,4652.082687338501,4795.627906976744
2008-02-28,4807.400516795865,4827.049095607234,4736.764857881136,4777.32299741602
2008-02-29,4771.307493540051,4840.475452196381,4752.072351421189,4831.576227390181
2008-03-03,4804.899224806201,4965.271317829456,4766.614987080103,4951.669250645994
2008-03-04,4975.090439276485,4999.131782945736,4813.829457364341,4828.062015503875
2008-03-05,4806.739018087856,4847.514211886305,4671.565891472867,4784.206718346253
2008-03-06,4801.105943152454,4906.025839793281,4746.894056847545,4842.40826873385
2008-03-07,4797.684754521963,4850.863049095607,4751.431524547804,4776.940568475451
2008-03-10,4742.873385012919,4742.914728682171,4554.242894056847,4580.454780361757
2008-03-11,4540.85788113695,4590.366925064599,4460.134366925065,4590.366925064599
2008-03-12,4687.142118863049,4706.29457364341,4453.074935400517,4454.418604651162
2008-03-13,4409.581395348837,4440.682170542635,4259.720930232557,4340.010335917313
2008-03-14,4319.8346253229965,4353.912144702842,4230.273901808785,4297.540051679586
2008-03-17,4277.912144702842,4277.912144702842,4091.255813953488,4098.480620155038
2008-03-18,4056.713178294573,4131.22480620155,3824.651162790697,3890.3875968992243
2008-03-19,3966.511627906976,4087.307493540051,3903.1524547803615,4019.4935400516792
2008-03-20,3961.974160206718,4180.558139534884,3780.9198966408267,4136.2583979328165
2008-03-21,4132.50645994832,4220.320413436692,4091.958656330749,4173.467700258398
2008-03-24,4223.328165374677,4241.416020671834,3986.656330749354,3986.656330749354
2008-03-25,3907.4521963824286,4069.94315245478,3872.8888888888887,4036.97157622739
2008-03-26,4058.770025839793,4135.968992248062,4018.625322997416,4045.8604651162786
2008-03-27,3976.6821705426355,4003.7312661498704,3871.710594315245,3874.8527131782944
2008-03-28,3837.7054263565888,4057.7364341085267,3784.3720930232557,4049.7777777777774
2008-03-31,3929.9328165374673,4022.3875968992243,3907.100775193798,3917.860465116279
2008-04-01,3903.1214470284235,3943.317829457364,3686.005167958656,3703.2144702842374
2008-04-02,3743.0387596899222,3822.770025839793,3610.521963824289,3667.162790697674
2008-04-03,3636.4031007751933,3788.785529715762,3573.7674418604647,3773.333333333333
2008-04-07,3733.2919896640824,3983.53488372093,3698.5839793281652,3975.0077519379843
2008-04-08,3981.4056847545216,4067.524547803617,3948.4237726098186,4021.7674418604647
2008-04-09,3986.8527131782944,4043.1007751937977,3811.472868217054,3812.0206718346253
2008-04-10,3763.989664082687,3880.8475452196376,3729.5297157622736,3880.8475452196376
2008-04-11,3921.7571059431525,3953.798449612403,3881.157622739018,3910.832041343669
2008-04-14,3823.4005167958653,3835.441860465116,3643.6072351421185,3655.1214470284235
2008-04-15,3631.080103359173,3704.248062015504,3532.04134366925,3703.669250645995
2008-04-16,3693.7054263565888,3704.19638242894,3600.1963824289405,3611.3901808785527
2008-04-17,3610.583979328165,3678.6563307493534,3453.1059431524545,3500.392764857881
2008-04-18,3469.3126614987077,3504.4444444444443,3357.653746770026,3382.4289405684754
2008-04-21,3634.552971576227,3634.552971576227,3332.1860465116274,3377.3126614987077
2008-04-22,3315.6382428940565,3412.454780361757,3227.2764857881134,3407.0077519379843
2008-04-23,3377.116279069767,3583.9069767441856,3354.315245478036,3569.7467700258394
2008-04-24,3864.9302325581393,3908.5064599483203,3782.6666666666665,3901.2919896640824
2008-04-25,3908.950904392764,4047.37984496124,3863.5452196382425,3930.8217054263564
2008-04-28,3866.6149870801028,3919.142118863049,3835.8552971576223,3854.4186046511627
2008-04-29,3829.3850129198963,3925.095607235142,3826.3772609819116,3903.8139534883717
2008-04-30,3921.2919896640824,4103.958656330749,3921.2919896640824,4092.113695090439
2008-05-05,4150.087855297157,4197.901808785529,4106.005167958656,4192.020671834625
2008-05-06,4156.144702842377,4212.485788113695,4094.40826873385,4145.6227390180875
2008-05-07,4120.031007751938,4178.201550387596,3949.4677002583976,3949.6847545219634
2008-05-08,3900.8165374677,4057.881136950904,3887.6279069767443,4056.8888888888887
2008-05-09,4093.94315245478,4106.521963824289,3934.3875968992243,4009.219638242894
2008-05-12,3932.806201550387,4085.571059431524,3893.1059431524545,4036.0930232558135
2008-05-13,3913.7260981912145,4054.956072351421,3905.6537467700255,3981.0749354005166
2008-05-14,3972.5788113695085,4109.354005167958,3972.5788113695085,4109.333333333333
2008-05-15,4141.250645994832,4174.521963824289,4080.682170542635,4080.7131782945735
2008-05-16,4080.6511627906975,4115.989664082686,4013.333333333333,4068.3410852713173
2008-05-19,4058.2015503875964,4068.5064599483203,3995.348837209302,4045.550387596899
2008-05-20,4042.480620155038,4079.0077519379843,3822.7906976744184,3835.472868217054
2008-05-21,3791.4005167958653,3928.754521963824,3712.217054263566,3910.1291989664082
2008-05-22,3858.025839793281,3910.956072351421,3828.589147286821,3836.113695090439
2008-05-23,3822.1085271317825,3866.7286821705425,3750.9147286821703,3798.6046511627906
2008-05-26,3765.3850129198963,3765.3850129198963,3675.204134366925,3678.7803617571053
2008-05-27,3669.2403100775186,3715.410852713178,3652.165374677002,3696.3307493540046
2008-05-28,3703.6485788113696,3822.2222222222217,3681.3746770025837,3799.7209302325577
2008-05-29,3789.3540051679583,3800.5374677002583,3698.9457364341083,3701.157622739018
2008-05-30,3706.0568475452196,3741.8397932816533,3671.9999999999995,3732.6408268733844
2008-06-02,3721.1679586563305,3773.1059431524545,3700.8578811369507,3747.627906976744
2008-06-03,3746.3255813953488,3763.7519379844957,3705.550387596899,3735.5142118863046
2008-06-04,3722.025839793281,3726.1602067183458,3631.6692506459945,3666.0671834625323
2008-06-05,3648.5581395348836,3661.229974160206,3604.9509043927646,3630.118863049095
2008-06-06,3637.333333333333,3650.956072351421,3587.142118863049,3606.71834625323
2008-06-10,3456.7958656330743,3464.9302325581393,3295.9173126614987,3314.273901808785
2008-06-11,3261.9534883720926,3288.702842377261,3201.4470284237723,3245.7881136950905
2008-06-12,3228.568475452196,3254.511627906976,3124.423772609819,3188.248062015504
2008-06-13,3191.049095607235,3213.426356589147,3075.617571059431,3079.193798449612
2008-06-16,3081.2299741602064,3114.2015503875964,2997.4987080103356,3051.410852713178
2008-06-17,3049.5090439276482,3077.9224806201546,2915.3901808785527,2938.1705426356584
2008-06-18,2914.976744186046,3108.19638242894,2851.793281653747,3091.7519379844957
2008-06-19,3067.080103359173,3067.080103359173,2861.219638242894,2866.2325581395344
2008-06-20,2889.3746770025837,3045.9328165374677,2782.2945736434103,2945.395348837209
2008-06-23,2892.4341085271312,2941.064599483204,2864.454780361757,2883.658914728682
2008-06-24,2868.9302325581393,2962.170542635659,2864.072351421188,2947.7209302325577
2008-06-25,2940.485788113695,3073.0439276485786,2930.180878552971,3069.2919896640824
2008-06-26,3064.103359173126,3111.4005167958658,3020.97157622739,3081.0439276485786
2008-06-27,2983.131782945736,2997.2506459948318,2880.878552971576,2910.614987080103
2008-06-30,2876.3204134366924,2929.4780361757103,2839.906976744186,2885.6020671834626
2008-07-01,2893.2299741602064,2903.751937984496,2780.5478036175705,2788.9922480620153
2008-07-02,2793.4160206718343,2838.1808785529715,2759.7519379844957,2790.2842377260977
2008-07-03,2743.648578811369,2901.994832041343,2705.1782945736436,2853.3436692506457
2008-07-04,2843.627906976744,2877.364341085271,2807.255813953488,2833.9534883720926
2008-07-07,2839.906976744186,2988.103359173126,2839.906976744186,2979.5968992248063
2008-07-08,2998.0051679586563,3037.8708010335913,2936.5064599483203,2999.317829457364
2008-07-09,3025.3229974160204,3116.5581395348836,3025.3229974160204,3116.4134366925064
2008-07-10,3070.7803617571058,3159.596899224806,3049.302325581395,3073.6227390180875
2008-07-11,3062.3875968992247,3088.5788113695085,3011.7519379844957,3052.7131782945735
2008-07-14,3025.571059431524,3097.2506459948318,3015.0077519379843,3075.834625322997
2008-07-15,3087.4005167958653,3098.3669250645994,2944.9095607235136,2948.8165374677
2008-07-16,2913.4470284237727,2919.7726098191215,2793.4470284237723,2837.8294573643407
2008-07-17,2883.9896640826873,2907.4832041343666,2796.702842377261,2809.374677002584
2008-07-18,2838.801033591731,2912.723514211886,2780.4341085271317,2910.0361757105943
2008-07-21,2886.645994832041,3013.219638242894,2873.6744186046512,3008.8372093023254
2008-07-22,3002.8733850129197,3029.9224806201546,2987.3385012919894,3002.3152454780356
2008-07-23,3021.240310077519,3040.7958656330743,2975.906976744186,2980.175710594315
2008-07-24,3002.625322997416,3079.8449612403097,3000.4961240310076,3077.3746770025837
2008-07-25,3038.0568475452196,3067.410852713178,3014.6563307493534,3037.9328165374673
2008-07-28,3058.5116279069766,3098.2945736434103,3045.4677002583976,3060.3100775193793
2008-07-29,3019.37984496124,3019.37984496124,2977.829457364341,3003.2351421188628
2008-07-30,3038.7803617571058,3049.033591731266,2962.3049095607234,2981.271317829457
2008-07-31,2991.472868217054,2996.454780361757,2898.91472868217,2899.441860465116
2008-08-01,2879.710594315245,2965.0439276485786,2841.0956072351423,2936.2170542635654
2008-08-04,2911.565891472868,2928.062015503876,2860.4961240310076,2866.3049095607234
2008-08-05,2874.170542635659,2886.552971576227,2785.912144702842,2793.881136950904
2008-08-06,2815.0077519379843,2841.4470284237723,2769.674418604651,2813.116279069767
2008-08-07,2808.9509043927646,2840.186046511628,2773.550387596899,2811.824289405685
2008-08-08,2810.7286821705425,2810.7286821705425,2668.5374677002583,2678.5116279069766
2008-08-11,2666.470284237726,2667.410852713178,2524.847545219638,2539.3385012919894
2008-08-12,2513.0542635658912,2557.43669250646,2494.677002583979,2526.2635658914724
2008-08-13,2509.0439276485786,2548.9302325581393,2449.178294573643,2526.7906976744184
2008-08-14,2511.6072351421185,2543.9173126614983,2491.4625322997413,2525.59173126615
2008-08-15,2522.366925064599,2562.4289405684754,2494.005167958656,2529.8397932816533
2008-08-18,2533.6537467700255,2535.018087855297,2390.6459948320407,2391.111111111111
2008-08-19,2362.294573643411,2435.3385012919894,2350.273901808785,2427.3591731266147
2008-08-20,2410.739018087855,2618.3979328165374,2389.850129198966,2618.0258397932816
2008-08-21,2578.046511627907,2621.0439276485786,2520.785529715762,2526.077519379845
2008-08-22,2502.5839793281652,2519.3074935400514,2441.9948320413437,2485.7157622739014
2008-08-25,2488.9198966408267,2521.8708010335913,2453.5090439276482,2481.1886304909563
2008-08-26,2450.160206718346,2470.9664082687336,2384.4341085271317,2409.8501291989664
2008-08-27,2400.5581395348836,2447.255813953488,2368.3204134366924,2403.4005167958653
2008-08-28,2403.369509043928,2442.956072351421,2394.5012919896635,2414.335917312661
2008-08-29,2426.25322997416,2499.276485788114,2418.108527131783,2471.979328165374
2008-09-01,2452.3410852713173,2452.3410852713173,2374.1808785529715,2386.739018087855
2008-09-02,2369.705426356589,2386.7803617571058,2344.186046511628,2362.180878552971
2008-09-03,2356.1757105943148,2373.1576227390183,2294.1188630490956,2321.4056847545216
2008-09-04,2313.8501291989664,2346.677002583979,2290.5529715762273,2326.770025839793
2008-09-05,2266.708010335917,2295.700258397933,2245.9328165374677,2256.7751937984494
2008-09-08,2263.3798449612405,2272.6201550387595,2190.304909560723,2197.953488372093
2008-09-09,2206.9457364341083,2223.2454780361754,2182.3255813953488,2211.0077519379843
2008-09-10,2196.35142118863,2254.5219638242893,2169.74677002584,2215.173126614987
2008-09-11,2207.1834625322995,2213.953488372093,2136.692506459948,2141.736434108527
2008-09-12,2140.630490956072,2173.6227390180875,2135.8552971576228,2147.648578811369
2008-09-16,2119.1937984496126,2119.1937984496126,2054.0568475452196,2067.8552971576228
2008-09-17,2047.8036175710592,2071.22480620155,1988.1653746770023,1993.9431524547804
2008-09-18,1940.020671834625,2001.798449612403,1865.3953488372092,1959.6795865633073
2008-09-19,2135.1731266149873,2142.749354005168,2114.956072351421,2142.749354005168
2008-09-22,2303.22480620155,2334.284237726098,2201.8811369509044,2281.767441860465
2008-09-23,2213.540051679586,2253.612403100775,2190.0981912144703,2194.8113695090437
2008-09-24,2142.2739018087855,2211.080103359173,2119.865633074935,2210.6976744186045
2008-09-25,2215.741602067183,2332.062015503876,2211.4935400516792,2298.222222222222
2008-09-26,2309.519379844961,2332.9819121447026,2265.767441860465,2319.0284237726096
2008-10-06,2280.6821705426355,2280.6821705426355,2199.7622739018084,2200.2067183462527
2008-10-07,2112.578811369509,2207.8759689922476,2092.66149870801,2173.0749354005166
2008-10-08,2110.5839793281652,2142.708010335917,2067.7209302325577,2090.832041343669
2008-10-09,2128.7751937984494,2132.609819121447,2059.9586563307494,2062.3255813953488
2008-10-10,1977.5400516795864,2003.328165374677,1944.878552971576,1971.018087855297
2008-10-13,1953.2299741602064,2052.330749354005,1903.3901808785529,2052.186046511628
2008-10-14,2123.4211886304906,2129.7054263565888,1999.4418604651162,1999.6072351421185
2008-10-15,1975.22480620155,1995.4832041343668,1955.5762273901807,1978.6666666666663
2008-10-16,1895.0697674418602,1929.612403100775,1880.031007751938,1882.0671834625323
2008-10-17,1899.6485788113694,1913.519379844961,1866.3255813953488,1894.8423772609817
2008-10-20,1889.829457364341,1963.1524547803615,1862.6356589147285,1960.4444444444443
2008-10-21,1965.1059431524545,1992.9612403100773,1943.68992248062,1944.609819121447
2008-10-22,1916.8992248062013,1950.7080103359172,1894.005167958656,1894.9043927648577
2008-10-23,1854.9664082687339,1898.0981912144703,1838.8940568475452,1896.4134366925064
2008-10-24,1892.9819121447026,1902.7183462532298,1828.537467700258,1841.4470284237723
2008-10-27,1805.343669250646,1805.343669250646,1708.3100775193798,1710.2532299741601
2008-10-28,1668.8578811369507,1773.9638242894055,1661.674418604651,1763.1214470284235
2008-10-29,1781.1162790697674,1789.4160206718345,1713.3333333333333,1713.9224806201548
2008-10-30,1726.0671834625323,1781.8397932816536,1701.6537467700257,1754.6873385012918
2008-10-31,1744.7958656330748,1753.643410852713,1710.6873385012918,1719.5452196382428
2008-11-03,1703.9379844961238,1741.1472868217052,1698.6253229974159,1709.0852713178292
2008-11-04,1701.4987080103358,1703.8242894056846,1660.7028423772608,1682.439276485788
2008-11-05,1696.392764857881,1772.2583979328165,1696.392764857881,1748.2377260981912
2008-11-06,1703.4935400516795,1717.250645994832,1693.3746770025837,1705.1989664082685
2008-11-07,1673.1266149870798,1746.8837209302324,1666.9147286821703,1734.191214470284
2008-11-10,1771.7002583979327,1863.6899224806198,1771.7002583979327,1862.1912144702842
2008-11-11,1855.6072351421187,1886.2325581395348,1838.067183462532,1841.1989664082685
2008-11-12,1817.550387596899,1866.9043927648577,1813.2196382428938,1862.3462532299739
2008-11-13,1836.7235142118861,1955.4935400516795,1824.9509043927649,1937.033591731266
2008-11-14,1956.909560723514,2008.9405684754522,1937.9121447028422,2008.9405684754522
2008-11-17,1999.7312661498706,2053.984496124031,1984.4651162790697,2053.984496124031
2008-11-18,2040.7028423772608,2061.8294573643407,1893.2919896640826,1901.6227390180877
2008-11-19,1893.1266149870798,2025.3436692506457,1884.516795865633,2018.770025839793
2008-11-20,1981.0852713178294,2043.359173126615,1964.1033591731264,1997.343669250646
2008-11-21,1935.1627906976742,2035.0284237726098,1896.7338501291988,1985.2609819121446
2008-11-24,1978.2842377260981,1988.5581395348836,1897.5297157622736,1899.3695090439276
2008-11-25,1932.878552971576,1946.3565891472865,1862.0775193798447,1895.9069767441858
2008-11-26,1893.6537467700255,1928.3204134366924,1875.989664082687,1905.4263565891472
2008-11-27,2027.7932816537466,2035.1627906976742,1932.8682170542634,1933.3023255813953
2008-11-28,1913.2816537467697,1928.9509043927646,1876.4341085271317,1891.3901808785529
2008-12-01,1885.033591731266,1926.925064599483,1860.299741602067,1926.832041343669
2008-12-02,1882.7286821705425,1954.6563307493539,1875.8656330749354,1931.4005167958655
2008-12-03,1947.9069767441858,2018.2635658914728,1947.9069767441858,2018.2635658914728
2008-12-04,2046.9767441860463,2115.2144702842374,2044.5891472868216,2049.5400516795867
2008-12-05,2035.9069767441858,2081.860465116279,2031.1007751937982,2080.8062015503874
2008-12-08,2109.0129198966406,2165.8604651162786,2102.3049095607234,2165.4160206718343
2008-12-09,2174.801033591731,2178.3979328165374,2106.532299741602,2109.4056847545216
2008-12-10,2096.6511627906975,2166.8113695090437,2081.9431524547804,2166.8113695090437
2008-12-11,2157.550387596899,2178.077519379845,2112.2687338501287,2115.080103359173
2008-12-12,2095.162790697674,2106.656330749354,2001.3229974160204,2026.2325581395348
2008-12-15,2058.4496124031007,2073.6227390180875,2006.25322997416,2041.3746770025837
2008-12-16,2022.7390180878551,2061.9741602067184,1984.3617571059428,2061.4470284237723
2008-12-17,2069.2816537467697,2098.594315245478,2062.687338501292,2068.6511627906975
2008-12-18,2068.268733850129,2114.677002583979,2049.0232558139533,2113.7984496124027
2008-12-19,2105.8087855297154,2145.095607235142,2101.4056847545216,2121.0439276485786
2008-12-22,2119.658914728682,2124.4134366925064,2060.2894056847545,2085.3229974160204
2008-12-23,2087.0594315245476,2087.0594315245476,1982.8733850129197,1983.4211886304909
2008-12-24,1956.8268733850127,1977.033591731266,1935.5555555555554,1950.4702842377258
2008-12-25,1955.0697674418602,1966.6253229974159,1910.8113695090437,1933.612403100775
2008-12-26,1931.1007751937982,1944.268733850129,1912.6614987080102,1924.6511627906975
2008-12-29,1914.6356589147285,1923.8242894056846,1877.064599483204,1917.064599483204
2008-12-30,1915.1937984496124,1930.139534883721,1885.8191214470282,1895.0284237726098
2008-12-31,1896.7545219638241,1906.377260981912,1874.6563307493539,1878.7803617571058
2009-01-05,1910.4186046511625,1946.2118863049095,1899.5762273901805,1946.2118863049095
2009-01-06,1943.8449612403099,2013.9431524547801,1935.9276485788112,2008.0620155038757
2009-01-07,2007.9276485788114,2025.064599483204,1995.7312661498704,1996.0516795865633
2009-01-08,1958.3049095607234,1966.7183462532298,1936.5891472868216,1951.4108527131782
2009-01-09,1949.8604651162789,1988.031007751938,1949.8604651162789,1982.8113695090437
2009-01-12,1975.9586563307491,2012.4857881136948,1969.6330749354001,1985.2093023255813
2009-01-13,1956.2377260981912,1972.2997416020671,1937.9534883720928,1939.2144702842377
2009-01-14,1936.5684754521963,2020.9198966408267,1936.5684754521963,2020.9198966408267
2009-01-15,2000.4031007751937,2043.6072351421187,1995.1421188630488,2020.537467700258
2009-01-16,2031.4625322997415,2094.7286821705425,2031.4625322997415,2057.064599483204
2009-01-19,2078.1188630490956,2121.12661498708,2060.9302325581393,2080.0723514211886
2009-01-20,2073.9328165374677,2093.219638242894,2052.7751937984494,2093.219638242894
2009-01-21,2060.640826873385,2115.8759689922476,2055.0284237726096,2089.622739018088
2009-01-22,2102.625322997416,2117.2919896640824,2080.3514211886304,2113.2299741602064
2009-01-23,2108.031007751938,2123.3385012919894,2093.219638242894,2100.9612403100773
2009-02-02,2121.3850129198963,2128.516795865633,2097.9018087855297,2126.160206718346
2009-02-03,2125.891472868217,2179.782945736434,2118.749354005168,2179.7519379844957
2009-02-04,2189.726098191214,2239.1834625322995,2188.1343669250646,2239.1834625322995
2009-02-05,2237.260981912145,2285.457364341085,2207.410852713178,2223.22480620155
2009-02-06,2230.5736434108526,2315.2661498708007,2230.5736434108526,2312.4341085271317
2009-02-09,2347.8966408268734,2385.4366925064596,2333.3229974160204,2373.8191214470285
2009-02-10,2364.9302325581393,2405.271317829457,2339.5658914728683,2404.919896640827
2009-02-11,2364.062015503876,2461.178294573643,2352.0103359173127,2409.4470284237723
2009-02-12,2413.8501291989664,2423.4211886304906,2324.0103359173127,2396.217054263566
2009-02-13,2399.5452196382425,2483.142118863049,2384.5891472868216,2479.6589147286822
2009-02-16,2502.5219638242893,2545.1059431524545,2477.7054263565888,2544.9612403100773
2009-02-17,2543.2248062015506,2553.612403100775,2464.8992248062013,2465.4160206718343
2009-02-18,2409.9844961240306,2448.630490956072,2348.847545219638,2352.2894056847545
2009-02-19,2372.764857881137,2402.770025839793,2335.4935400516797,2375.617571059431
2009-02-20,2378.09819121447,2423.53488372093,2352.764857881137,2423.06976744186
2009-02-23,2412.206718346253,2500.8062015503874,2385.4470284237723,2491.4521963824286
2009-02-24,2456.537467700258,2492.9302325581393,2371.596899224806,2379.173126614987
2009-02-25,2403.142118863049,2415.937984496124,2301.2299741602064,2381.6537467700255
2009-02-26,2372.537467700258,2410.6976744186045,2239.9483204134367,2263.762273901809
2009-02-27,2237.2506459948318,2260.279069767442,2188.175710594315,2212.3927648578806
2009-03-02,2194.6976744186045,2250.4289405684754,2183.297157622739,2237.3850129198963
2009-03-03,2180.7131782945735,2241.0542635658912,2171.204134366925,2214.108527131783
2009-03-04,2222.4702842377255,2367.8966408268734,2222.4702842377255,2361.9121447028424
2009-03-05,2391.8139534883717,2418.987080103359,2335.7105943152455,2382.346253229974
2009-03-06,2336.702842377261,2390.9043927648577,2331.5968992248063,2363.3901808785527
2009-03-09,2379.33850129199,2412.3824289405684,2272.4031007751937,2276.516795865633
2009-03-10,2248.3824289405684,2316.527131782945,2241.1576227390183,2316.0516795865633
2009-03-11,2364.909560723514,2369.4056847545216,2287.2144702842374,2294.9664082687336
2009-03-12,2282.2118863049095,2294.8837209302324,2229.0439276485786,2290.129198966408
2009-03-13,2304.1343669250646,2325.8294573643407,2274.9043927648577,2279.503875968992
2009-03-16,2271.0594315245476,2322.594315245478,2253.28165374677,2316.909560723514
2009-03-17,2319.4935400516797,2407.545219638243,2314.9043927648577,2400.4134366925064
2009-03-18,2413.8708010335918,2450.191214470284,2407.0904392764855,2411.0077519379843
2009-03-19,2416.0413436692506,2466.3875968992247,2409.5710594315246,2462.594315245478
2009-03-20,2470.1705426356584,2477.7364341085267,2421.9844961240306,2459.782945736434
2009-03-23,2464.7751937984494,2530.594315245478,2455.317829457364,2521.3436692506457
2009-03-24,2560.7958656330748,2567.2661498708007,2522.5116279069766,2534.139534883721
2009-03-25,2517.4470284237723,2556.0103359173127,2481.705426356589,2481.994832041343
2009-03-26,2488.640826873385,2563.131782945736,2459.896640826873,2563.0904392764855
2009-03-27,2585.0129198966406,2600.909560723514,2565.0542635658912,2582.8733850129197
2009-03-30,2585.333333333333,2592.3927648578806,2554.3875968992243,2567.9483204134362
2009-03-31,2518.6356589147285,2592.1447028423772,2504.9819121447026,2592.0310077519375
2009-04-01,2604.537467700258,2652.754521963824,2604.537467700258,2633.819121447028
2009-04-02,2644.723514211886,2686.56330749354,2644.1963824289405,2662.9457364341083
2009-04-03,2685.188630490956,2700.1240310077515,2641.4677002583976,2656.847545219638
2009-04-07,2656.9819121447026,2684.299741602067,2629.095607235142,2663.5142118863046
2009-04-08,2649.8397932816533,2659.5245478036177,2562.6356589147285,2562.6356589147285
2009-04-09,2560.640826873385,2602.3152454780356,2539.968992248062,2602.2428940568475
2009-04-10,2625.43669250646,2682.7906976744184,2615.627906976744,2682.71834625323
2009-04-13,2710.0568475452196,2757.9121447028424,2707.3591731266147,2745.757105943152
2009-04-14,2740.258397932816,2773.033591731266,2725.9741602067184,2766.7906976744184
2009-04-15,2752.175710594315,2781.0232558139533,2716.082687338501,2777.2506459948318
2009-04-16,2780.8992248062013,2797.550387596899,2732.1136950904393,2777.3746770025837
2009-04-17,2765.550387596899,2783.7622739018084,2716.9302325581393,2739.7312661498704
2009-04-20,2732.5374677002583,2799.4315245478033,2729.7054263565888,2798.625322997416
2009-04-21,2759.9793281653747,2788.3410852713173,2723.0284237726096,2765.3126614987077
2009-04-22,2778.1498708010336,2804.454780361757,2649.467700258398,2662.8217054263564
2009-04-23,2641.374677002584,2691.6382428940565,2629.364341085271,2680.6821705426355
2009-04-24,2693.2299741602064,2697.540051679586,2656.723514211886,2659.317829457364
2009-04-27,2653.147286821705,2663.06976744186,2583.4005167958653,2597.7157622739014
2009-04-28,2574.191214470284,2616.578811369509,2569.3023255813955,2603.1317829457366
2009-04-29,2603.4625322997413,2703.679586563307,2598.594315245478,2692.8888888888887
2009-04-30,2704.382428940568,2728.702842377261,2691.9379844961236,2711.0387596899222
2009-05-04,2723.6485788113696,2806.3979328165374,2720.723514211886,2805.4780361757107
2009-05-05,2824.9198966408267,2843.6692506459945,2804.3720930232557,2818.614987080103
2009-05-06,2813.2506459948318,2864.299741602067,2804.692506459948,2857.8604651162786
2009-05-07,2877.085271317829,2891.441860465116,2823.5658914728683,2860.0310077519375
2009-05-08,2843.927648578811,2894.2842377260977,2825.147286821705,2882.91472868217
2009-05-11,2902.4702842377255,2934.9974160206716,2816.8165374677,2816.8682170542634
2009-05-12,2793.5297157622736,2882.284237726098,2790.6459948320407,2882.2325581395344
2009-05-13,2886.222222222222,2917.5297157622736,2868.8062015503874,2908.5374677002583
2009-05-14,2874.470284237726,2898.687338501292,2850.1808785529715,2886.4082687338496
2009-05-15,2894.645994832041,2910.0361757105943,2866.4806201550387,2890.0465116279065
2009-05-18,2876.062015503876,2908.279069767442,2832.9922480620153,2904.9819121447026
2009-05-19,2931.6175710594316,2945.3540051679583,2916.744186046511,2935.4832041343666
2009-05-20,2939.06976744186,2945.364341085271,2907.080103359173,2907.3591731266147
2009-05-21,2889.7467700258394,2902.625322997416,2827.6692506459945,2842.3875968992247
2009-05-22,2824.8268733850127,2855.5452196382425,2810.459948320413,2832.744186046511
2009-05-25,2774.377260981912,2854.149870801033,2765.157622739018,2845.188630490956
2009-05-26,2849.9328165374673,2855.617571059431,2809.881136950904,2811.121447028424
2009-05-27,2826.2739018087855,2861.5710594315246,2807.049095607235,2852.4134366925064
2009-06-01,2892.9509043927646,2960.6925064599477,2892.9509043927646,2954.3565891472867
2009-06-02,2975.2248062015506,2989.953488372093,2950.9664082687336,2961.3436692506457
2009-06-03,2961.994832041343,3038.129198966408,2960.940568475452,3038.129198966408
2009-06-04,3022.501291989664,3060.5064599483203,2997.0749354005166,3052.97157622739
2009-06-05,3065.705426356589,3075.1214470284235,3035.8449612403097,3038.0465116279065
2009-06-08,3036.320413436692,3078.2739018087855,3010.3255813953483,3047.524547803617
2009-06-09,3048.010335917312,3060.361757105943,2989.8914728682166,3060.010335917312
2009-06-10,3072.268733850129,3096.3307493540046,3066.2428940568475,3090.025839793281
2009-06-11,3083.173126614987,3101.6640826873386,3050.40826873385,3061.116279069767
2009-06-12,3054.8527131782944,3076.8578811369507,2980.175710594315,3003.9173126614983
2009-06-15,3009.219638242894,3066.770025839793,2995.421188630491,3065.8294573643407
2009-06-16,3035.152454780362,3079.4935400516792,3027.4315245478033,3060.6925064599477
2009-06-17,3056.9302325581393,3118.7700258397927,3028.930232558139,3111.720930232558
2009-06-18,3115.7002583979324,3164.5994832041342,3115.7002583979324,3160.134366925064
2009-06-19,3164.754521963824,3190.4082687338496,3149.6330749354,3183.4625322997413
2009-06-22,3210.7390180878547,3220.837209302325,3175.7416020671835,3186.1085271317825
2009-06-23,3138.3979328165374,3233.622739018088,3130.180878552971,3187.4935400516792
2009-06-24,3182.9457364341083,3226.0568475452196,3171.3074935400514,3225.5607235142115
2009-06-25,3230.6563307493534,3246.687338501292,3208.134366925064,3222.656330749354
2009-06-26,3231.2454780361754,3242.459948320413,3213.767441860465,3233.5090439276482
2009-06-29,3237.3229974160204,3289.3229974160204,3227.0387596899222,3286.790697674418
2009-06-30,3298.8527131782944,3303.0697674418598,3265.767441860465,3272.837209302325
2009-07-01,3259.472868217054,3347.586563307493,3256.485788113695,3346.6666666666665
2009-07-02,3357.3126614987077,3395.441860465116,3356.66149870801,3392.6201550387595
2009-07-03,3364.2687338501287,3439.4521963824286,3358.25322997416,3438.9043927648577
2009-07-06,3445.064599483204,3491.53488372093,3445.064599483204,3488.113695090439
2009-07-07,3481.4780361757103,3507.2041343669243,3439.1214470284235,3452.7028423772604
2009-07-08,3417.4987080103356,3481.209302325581,3370.8733850129197,3464.878552971576
2009-07-09,3460.6925064599477,3510.5736434108526,3446.697674418604,3510.3875968992247
2009-07-10,3513.085271317829,3543.1834625322995,3489.3746770025837,3512.465116279069
2009-07-13,3496.1963824289405,3518.0775193798445,3471.3385012919894,3473.9121447028424
2009-07-14,3489.271317829457,3570.801033591731,3489.271317829457,3570.801033591731
2009-07-15,3583.596899224806,3614.9974160206716,3583.596899224806,3610.656330749354
2009-07-16,3634.9147286821703,3662.036175710594,3606.7803617571058,3618.852713178294
2009-07-17,3617.064599483204,3645.9638242894052,3599.865633074935,3638.0465116279065
2009-07-20,3651.1834625322995,3715.627906976744,3633.622739018088,3711.7519379844957
2009-07-21,3724.4444444444443,3731.6072351421185,3651.8449612403097,3658.739018087855
2009-07-22,3651.2971576227387,3728.5478036175705,3651.0387596899222,3728.0826873385013
2009-07-23,3734.987080103359,3776.578811369509,3717.1679586563305,3774.6459948320407
2009-07-24,3795.565891472868,3811.359173126614,3712.5374677002583,3790.7596899224804
2009-07-27,3803.772609819121,3870.0155038759685,3792.7751937984494,3869.3850129198963
2009-07-28,3871.3695090439273,3882.9767441860463,3829.5090439276482,3881.984496124031
2009-07-29,3867.472868217054,3892.0826873385013,3569.6537467700255,3678.046511627907
2009-07-30,3707.5452196382425,3779.7622739018084,3629.240310077519,3756.9198966408267
2009-07-31,3793.4780361757103,3861.2919896640824,3757.6744186046512,3860.072351421188
2009-08-03,3880.3307493540046,3917.2506459948318,3841.4160206718343,3914.2428940568475
2009-08-04,3930.8113695090437,3930.8113695090437,3837.136950904392,3913.819121447028
2009-08-05,3908.423772609819,3916.4134366925064,3815.9999999999995,3866.6046511627906
2009-08-06,3832.465116279069,3865.1989664082685,3723.596899224806,3786.1705426356584
2009-08-07,3778.2532299741597,3810.3772609819116,3658.60465116279,3674.521963824289
2009-08-10,3710.304909560723,3734.8423772609817,3602.439276485788,3663.6072351421185
2009-08-11,3678.191214470284,3689.0439276485786,3627.617571059431,3675.8449612403097
2009-08-12,3665.6330749354,3665.6330749354,3504.248062015504,3511.524547803617
2009-08-13,3513.064599483204,3564.7131782945735,3451.0077519379843,3556.4031007751937
2009-08-14,3553.4366925064596,3571.007751937984,3446.749354005168,3456.8062015503874
2009-08-17,3393.7364341085267,3431.317829457364,3242.8733850129197,3245.757105943152
2009-08-18,3215.204134366925,3293.8708010335918,3186.7700258397927,3278.542635658914
2009-08-19,3285.0439276485786,3289.9328165374677,3082.397932816537,3115.8346253229975
2009-08-20,3122.739018087855,3252.268733850129,3122.739018087855,3250.0155038759685
2009-08-21,3240.6925064599477,3329.3746770025837,3218.2945736434103,3311.2351421188628
2009-08-24,3330.645994832041,3350.40826873385,3285.643410852713,3338.087855297157
2009-08-25,3318.708010335917,3318.708010335917,3120.537467700258,3214.2945736434103
2009-08-26,3186.2325581395344,3311.410852713178,3168.4341085271317,3278.956072351421
2009-08-27,3255.3695090439273,3320.1757105943148,3221.5917312661495,3262.3255813953488
2009-08-28,3257.9224806201546,3274.614987080103,3132.5374677002583,3149.12661498708
2009-08-31,3104.4341085271317,3104.4341085271317,2920.692506459948,2925.3436692506457
2009-09-01,2898.7906976744184,2998.739018087855,2889.395348837209,2939.22480620155
2009-09-02,2919.524547803617,3002.3669250645994,2908.134366925064,2988.04134366925
2009-09-03,2995.8139534883717,3162.7803617571053,2989.8191214470285,3154.4806201550387
2009-09-04,3157.9844961240306,3203.503875968992,3141.074935400516,3180.50645994832
2009-09-07,3201.850129198966,3259.1524547803615,3181.5297157622736,3208.485788113695
2009-09-08,3187.803617571059,3277.488372093023,3149.6640826873386,3277.488372093023
2009-09-09,3295.410852713178,3315.131782945736,3249.3436692506457,3302.2325581395344
2009-09-10,3285.9844961240306,3311.7519379844957,3255.9896640826873,3269.157622739018
2009-09-11,3258.7286821705425,3362.7390180878547,3258.594315245478,3346.9043927648577
2009-09-14,3357.4677002583976,3409.726098191214,3349.385012919897,3404.020671834625
2009-09-15,3409.6227390180875,3437.457364341085,3374.6253229974154,3413.581395348837
2009-09-16,3400.9198966408267,3407.6899224806198,3320.3617571059426,3367.6899224806198
2009-09-17,3384.5788113695085,3440.9509043927646,3384.5788113695085,3431.627906976744
2009-09-18,3436.754521963824,3442.304909560723,3277.4780361757103,3307.173126614987
2009-09-21,3269.777777777778,3318.490956072351,3194.4289405684754,3316.382428940568
2009-09-22,3303.369509043928,3345.9638242894052,3236.19638242894,3236.206718346253
2009-09-23,3235.286821705426,3265.2919896640824,3143.586563307493,3162.863049095607
2009-09-24,3144.0,3226.9354005167957,3089.6537467700255,3184.4237726098186
2009-09-25,3159.8036175710595,3193.8708010335918,3130.1395348837204,3161.271317829457
2009-09-28,3169.3746770025837,3191.8139534883717,3059.162790697674,3072.496124031007
2009-09-29,3075.483204134367,3099.2764857881134,3022.149870801033,3072.134366925064
2009-09-30,3093.519379844961,3135.648578811369,3088.671834625323,3105.7467700258394
2009-10-09,3182.1705426356584,3270.315245478036,3174.439276485788,3269.9844961240306
2009-10-12,3288.4547803617565,3300.8682170542634,3257.116279069767,3257.4987080103356
2009-10-13,3249.6330749354,3307.410852713178,3245.994832041343,3305.9638242894052
2009-10-14,3316.8682170542634,3386.614987080103,3311.9483204134362,3335.8139534883717
2009-10-15,3368.0103359173127,3398.0671834625323,3335.4935400516792,3348.465116279069
2009-10-16,3359.2764857881134,3378.2222222222217,3295.53488372093,3350.6046511627906
2009-10-19,3347.648578811369,3442.677002583979,3340.3720930232553,3440.9922480620153
2009-10-20,3468.0723514211886,3493.157622739018,3455.317829457364,3491.0284237726096
2009-10-21,3488.4031007751937,3529.364341085271,3471.3695090439273,3482.4702842377255
2009-10-22,3477.157622739018,3494.7286821705425,3453.664082687338,3459.762273901809
2009-10-23,3467.679586563307,3551.8242894056843,3467.679586563307,3527.9069767441856
2009-10-26,3536.6408268733844,3548.217054263566,3499.162790697674,3528.930232558139
2009-10-27,3497.974160206718,3506.0465116279065,3425.653746770026,3426.067183462532
2009-10-28,3414.749354005168,3449.271317829457,3367.7209302325577,3441.1679586563305
2009-10-29,3374.8733850129197,3401.7364341085267,3347.813953488372,3356.124031007752
2009-10-30,3416.4134366925064,3441.3850129198963,3386.377260981912,3390.5633074935395
2009-11-02,3313.5297157622736,3508.7545219638237,3305.7467700258394,3506.770025839793
2009-11-03,3516.8268733850127,3563.286821705426,3511.3798449612405,3550.8320413436686
2009-11-04,3559.193798449612,3593.116279069767,3529.94315245478,3569.912144702842
2009-11-05,3575.0594315245476,3588.4547803617565,3547.5555555555557,3580.692506459948
2009-11-06,3608.35142118863,3623.8036175710595,3591.06976744186,3600.020671834625
2009-11-09,3604.248062015504,3613.3229974160204,3568.5891472868216,3613.219638242894
2009-11-10,3638.656330749354,3650.8423772609817,3619.1214470284235,3621.4780361757107
2009-11-11,3618.1808785529715,3632.8992248062013,3585.3850129198963,3613.095607235142
2009-11-12,3624.7545219638237,3647.6072351421185,3604.837209302325,3617.5607235142115
2009-11-13,3606.7596899224804,3637.095607235142,3561.095607235142,3636.919896640826
2009-11-16,3660.0,3747.6899224806198,3660.0,3747.5968992248063
2009-11-17,3767.4005167958653,3772.010335917312,3741.5917312661495,3750.2325581395344
2009-11-18,3755.9173126614983,3775.5142118863046,3734.149870801033,3752.1757105943148
2009-11-19,3760.279069767442,3776.640826873385,3725.695090439276,3764.7958656330748
2009-11-20,3752.537467700258,3781.095607235142,3718.149870801033,3752.9819121447026
2009-11-23,3758.687338501292,3789.426356589147,3750.0775193798445,3788.640826873385
2009-11-24,3804.3927648578806,3822.3565891472867,3657.7364341085267,3667.2661498708007
2009-11-25,3660.4754521963823,3752.248062015504,3625.9018087855293,3751.555555555555
2009-11-26,3757.9224806201546,3769.1059431524545,3589.612403100775,3602.863049095607
2009-11-27,3555.906976744186,3597.8604651162786,3480.4031007751933,3496.1343669250646
2009-11-30,3529.7984496124027,3629.7364341085267,3529.7984496124027,3629.6330749354
2009-12-01,3625.3850129198963,3686.594315245478,3602.6046511627906,3680.444444444444
2009-12-02,3699.0904392764855,3728.7441860465115,3690.2222222222217,3718.1705426356584
2009-12-03,3717.7777777777774,3724.1550387596894,3670.7803617571058,3711.503875968992
2009-12-04,3701.9431524547804,3768.7441860465115,3648.640826873385,3765.881136950904
2009-12-07,3767.0594315245476,3796.175710594315,3755.503875968992,3792.072351421188
2009-12-08,3794.118863049095,3794.3565891472863,3711.565891472868,3745.757105943152
2009-12-09,3699.514211886305,3724.7545219638237,3662.4496124031007,3673.881136950904
2009-12-10,3700.082687338501,3722.2635658914724,3663.9793281653747,3697.4056847545216
2009-12-11,3709.9844961240306,3736.382428940568,3688.3824289405684,3695.111111111111
2009-12-14,3692.5374677002583,3744.9819121447026,3613.064599483204,3734.1085271317825
2009-12-15,3715.255813953488,3741.9328165374677,3698.4806201550387,3703.710594315245
2009-12-16,3688.1447028423772,3731.979328165374,3669.94315245478,3680.3307493540046
2009-12-17,3691.0077519379843,3702.7803617571058,3592.5994832041342,3597.0542635658912
2009-12-18,3565.9431524547804,3569.3540051679583,3499.410852713178,3505.674418604651
2009-12-21,3500.082687338501,3519.0077519379843,3467.3385012919894,3510.7183462532294
2009-12-22,3516.516795865633,3519.1214470284235,3407.5142118863046,3416.578811369509
2009-12-23,3414.708010335917,3455.2868217054256,3407.018087855297,3448.5581395348836
2009-12-24,3459.1834625322995,3561.4470284237723,3451.4728682170544,3554.3359173126614
2009-12-25,3549.695090439276,3557.581395348837,3525.240310077519,3539.824289405685
2009-12-28,3548.1343669250646,3606.7906976744184,3548.1343669250646,3595.2764857881134
2009-12-29,3598.863049095607,3618.863049095607,3567.111111111111,3618.335917312661
2009-12-30,3621.519379844961,3681.0749354005166,3615.8966408268734,3678.40826873385
2009-12-31,3681.002583979328,3699.7622739018084,3661.3746770025837,3695.7932816537464
2010-01-04,3713.1472868217047,3718.6046511627906,3653.9844961240306,3653.9844961240306
2010-01-05,3664.279069767442,3697.705426356589,3615.1524547803615,3683.7622739018084
2010-01-06,3678.242894056847,3709.3850129198963,3660.124031007752,3660.702842377261
2010-01-07,3662.180878552971,3678.09819121447,3568.754521963824,3588.072351421188
2010-01-08,3573.033591731266,3599.049095607235,3541.8087855297154,3597.033591731266
2010-01-11,3713.8087855297154,3715.2764857881134,3581.7260981912145,3599.018087855297
2010-01-12,3594.6666666666665,3654.1705426356584,3553.1369509043925,3653.664082687338
2010-01-13,3564.1240310077515,3607.348837209302,3530.4289405684754,3536.0620155038755
2010-01-14,3548.806201550387,3586.894056847545,3526.4186046511622,3585.5813953488373
2010-01-15,3589.1679586563305,3617.6434108527133,3564.50645994832,3599.7312661498704
2010-01-18,3588.4031007751937,3618.8733850129197,3574.2015503875964,3618.273901808785
2010-01-19,3624.6098191214464,3646.91472868217,3614.56330749354,3625.302325581395
2010-01-20,3630.2325581395344,3633.540051679586,3501.622739018088,3508.4547803617565
2010-01-21,3511.1524547803615,3540.2377260981907,3477.7467700258394,3523.06976744186
2010-01-22,3477.4677002583976,3504.702842377261,3403.8139534883717,3479.2764857881134
2010-01-25,3452.206718346253,3485.7157622739014,3438.005167958656,3439.8036175710595
2010-01-26,3439.906976744186,3453.4366925064596,3330.3772609819116,3351.731266149871
2010-01-27,3351.979328165374,3364.465116279069,3290.304909560723,3306.015503875969
2010-01-28,3302.625322997416,3328.4857881136945,3274.894056847545,3314.284237726098
2010-01-29,3297.488372093023,3358.614987080103,3283.6382428940565,3311.7932816537464
2010-02-01,3305.664082687338,3305.7467700258394,3221.12661498708,3258.614987080103
2010-02-02,3277.2919896640824,3319.834625322997,3248.671834625323,3251.8759689922476
2010-02-03,3266.8837209302324,3339.6382428940565,3198.5219638242893,3339.2454780361754
2010-02-04,3314.1395348837204,3351.441860465116,3297.612403100775,3326.925064599483
2010-02-05,3253.457364341085,3284.15503875969,3235.0594315245476,3259.0077519379843
2010-02-08,3258.1395348837204,3278.8733850129197,3239.080103359173,3256.837209302325
2010-02-09,3253.498708010336,3285.7364341085267,3250.1085271317825,3275.648578811369
2010-02-10,3302.4702842377255,3322.439276485788,3289.7467700258394,3322.0981912144703
2010-02-11,3324.7441860465115,3347.131782945736,3314.9043927648577,3328.578811369509
2010-02-12,3341.4780361757103,3362.480620155038,3337.198966408268,3360.4961240310076
2010-02-22,3358.087855297157,3371.524547803617,3341.374677002584,3341.9638242894052
2010-02-23,3333.7364341085267,3333.7364341085267,3258.8423772609813,3306.077519379845
2010-02-24,3283.803617571059,3353.8191214470285,3271.4521963824286,3353.4677002583976
2010-02-25,3361.395348837209,3404.7958656330743,3358.480620155038,3402.71834625323
2010-02-26,3396.4857881136945,3412.0413436692506,3383.658914728682,3391.9069767441856
2010-03-01,3400.5271317829456,3442.25322997416,3397.994832041343,3436.093023255814
2010-03-02,3438.863049095607,3452.082687338501,3410.532299741602,3422.4702842377255
2010-03-03,3424.3100775193793,3447.7002583979324,3404.5684754521963,3447.111111111111
2010-03-04,3450.8217054263564,3458.304909560723,3353.9844961240306,3359.762273901809
2010-03-05,3362.4392764857876,3386.4599483204133,3348.50645994832,3369.2609819121444
2010-03-08,3378.191214470284,3404.5788113695085,3367.4728682170544,3396.568475452196
2010-03-09,3395.989664082687,3434.1188630490956,3365.3540051679583,3416.909560723514
2010-03-10,3415.0284237726096,3432.640826873385,3377.529715762274,3389.8604651162786
2010-03-11,3392.4547803617565,3414.459948320413,3360.930232558139,3386.7803617571058
2010-03-12,3387.4005167958653,3394.5839793281652,3340.6925064599477,3341.7364341085267
2010-03-15,3339.7622739018084,3343.4832041343666,3278.346253229974,3290.1085271317825
2010-03-16,3290.7286821705425,3311.927648578811,3275.555555555555,3311.596899224806
2010-03-17,3322.1912144702837,3383.979328165374,3315.0077519379843,3383.896640826873
2010-03-18,3387.9896640826873,3406.067183462532,3365.984496124031,3377.3229974160204
2010-03-19,3380.8578811369507,3407.142118863049,3360.35142118863,3404.5167958656325
2010-03-22,3408.5994832041342,3425.240310077519,3398.9767441860463,3413.571059431524
2010-03-23,3416.5891472868216,3420.2790697674413,3382.863049095607,3385.6020671834626
2010-03-24,3392.299741602067,3409.3436692506457,3380.909560723514,3386.739018087855
2010-03-25,3380.2480620155034,3380.2480620155034,3331.080103359173,3337.602067183462
2010-03-26,3335.193798449612,3395.7519379844957,3328.7751937984494,3385.0129198966406
2010-03-29,3406.470284237726,3476.5994832041342,3404.31007751938,3471.3591731266147
2010-03-30,3474.2635658914724,3485.550387596899,3462.8527131782944,3479.803617571059
2010-03-31,3482.3669250645994,3483.100775193798,3450.9043927648577,3457.9948320413437
2010-04-01,3462.40826873385,3506.439276485788,3462.40826873385,3505.881136950904
2010-04-02,3514.3565891472863,3526.821705426356,3505.7467700258394,3521.8087855297154
2010-04-06,3537.8294573643407,3551.7209302325577,3500.6614987080097,3519.53488372093
2010-04-07,3517.4056847545216,3518.9457364341083,3482.1912144702837,3500.7235142118857
2010-04-08,3494.894056847545,3494.894056847545,3448.227390180878,3459.1627906976737
2010-04-09,3461.2609819121444,3492.9198966408267,3454.7493540051673,3492.6821705426355
2010-04-12,3502.1808785529715,3507.555555555555,3442.170542635659,3464.0620155038755
2010-04-13,3463.286821705426,3515.979328165374,3435.7105943152455,3505.6537467700255
2010-04-14,3508.6718346253224,3518.8837209302324,3490.894056847545,3518.0465116279065
2010-04-15,3521.4780361757107,3527.586563307493,3478.9457364341083,3508.5994832041342
2010-04-16,3502.1085271317825,3502.1085271317825,3461.271317829457,3469.0749354005166
2010-04-19,3424.8062015503874,3424.8062015503874,3282.108527131783,3283.1214470284235
2010-04-20,3283.111111111111,3304.031007751938,3236.1343669250646,3279.9689922480616
2010-04-21,3285.664082687338,3346.2945736434103,3271.080103359173,3345.4056847545216
2010-04-22,3330.935400516795,3340.558139534883,3284.4754521963823,3309.085271317829
2010-04-23,3306.232558139535,3333.0645994832034,3279.1524547803615,3297.157622739018
2010-04-26,3302.801033591731,3315.472868217054,3274.801033591731,3278.5529715762273
2010-04-27,3269.3540051679583,3269.3540051679583,3163.6692506459945,3212.8268733850123
2010-04-28,3183.793281653747,3226.9974160206716,3164.9509043927646,3201.395348837209
2010-04-29,3219.5762273901805,3235.865633074935,3162.5839793281652,3162.8527131782944
2010-04-30,3162.9147286821703,3171.193798449612,3115.317829457364,3170.4082687338496
2010-05-04,3106.4496124031,3158.739018087855,3095.524547803617,3120.8785529715756
2010-05-05,3081.9431524547804,3138.8837209302324,3042.232558139535,3138.3875968992243
2010-05-06,3116.1860465116274,3116.1860465116274,2992.651162790697,2994.170542635659
2010-05-07,2931.142118863049,2989.6950904392766,2911.782945736434,2932.082687338501
2010-05-10,2937.850129198966,2968.7958656330748,2892.5271317829456,2954.2428940568475
2010-05-11,3014.3049095607234,3020.2894056847545,2884.444444444444,2894.9043927648577
2010-05-12,2875.1524547803615,2927.286821705426,2849.0129198966406,2912.8268733850127
2010-05-13,2913.2609819121444,2983.9483204134362,2906.1085271317825,2983.8863049095603
2010-05-14,2961.8397932816533,2985.1059431524545,2944.950904392764,2964.361757105943
2010-05-17,2923.906976744186,2923.906976744186,2803.555555555555,2805.912144702842
2010-05-18,2802.490956072351,2875.2971576227387,2777.2299741602064,2864.444444444444
2010-05-19,2841.2919896640824,2897.881136950904,2814.7803617571058,2854.956072351421
2010-05-20,2831.2351421188628,2887.731266149871,2812.4754521963823,2817.5917312661495
2010-05-21,2745.6537467700255,2862.108527131783,2736.5374677002583,2861.7984496124027
2010-05-24,2881.395348837209,2983.3281653746767,2881.395348837209,2969.994832041343
2010-05-25,2947.0387596899222,2951.2454780361754,2892.010335917312,2908.4651162790697
2010-05-26,2908.9819121447026,2934.3979328165374,2891.607235142119,2908.4651162790697
2010-05-27,2902.377260981912,2963.173126614987,2864.692506459948,2956.0516795865633
2010-05-28,2982.801033591731,2990.894056847545,2930.3049095607234,2946.046511627907
2010-05-31,2930.5736434108526,2953.4056847545216,2865.9328165374673,2866.4186046511627
2010-06-01,2847.8346253229975,2875.7519379844957,2801.6434108527133,2836.3410852713173
2010-06-02,2821.0129198966406,2850.552971576227,2790.7803617571058,2850.160206718346
2010-06-03,2862.118863049095,2881.1472868217056,2827.596899224806,2827.989664082687
2010-06-04,2812.7751937984494,2840.8062015503874,2804.2377260981907,2836.5788113695085
2010-06-07,2783.286821705426,2807.6485788113696,2763.142118863049,2786.273901808785
2010-06-08,2784.609819121447,2811.9793281653747,2761.819121447028,2790.015503875969
2010-06-09,2802.7286821705425,2881.4780361757103,2777.602067183462,2875.5865633074936
2010-06-10,2848.516795865633,2869.5193798449613,2838.3565891472867,2842.3979328165374
2010-06-11,2859.1214470284235,2875.555555555555,2848.527131782945,2851.5452196382425
2010-06-17,2871.8656330749354,2878.470284237726,2834.770025839793,2834.863049095607
2010-06-18,2831.0387596899222,2848.4134366925064,2776.8578811369507,2786.739018087855
2010-06-21,2789.643410852713,2878.005167958656,2776.5581395348836,2874.067183462532
2010-06-22,2866.036175710594,2889.219638242894,2859.3695090439273,2877.2299741602064
2010-06-23,2861.7054263565888,2881.881136950904,2825.891472868217,2851.162790697674
2010-06-24,2846.2118863049095,2877.0129198966406,2831.8449612403097,2850.1291989664082
2010-06-25,2836.2997416020667,2852.144702842377,2806.8837209302324,2828.2067183462527
2010-06-28,2826.3669250645994,2843.8863049095603,2801.12661498708,2808.0413436692506
2010-06-29,2808.7545219638237,2815.741602067183,2678.749354005168,2679.0904392764855
2010-06-30,2659.3385012919894,2662.346253229974,2632.392764857881,2649.1679586563305
2010-07-01,2643.84496124031,2660.5684754521963,2609.374677002584,2610.925064599483
2010-07-02,2607.7932816537464,2627.5142118863046,2544.909560723514,2619.2351421188628
2010-07-05,2591.5762273901805,2614.397932816537,2559.679586563307,2597.0542635658912
2010-07-06,2589.0129198966406,2649.519379844961,2587.0077519379843,2648.9922480620153
2010-07-07,2647.142118863049,2667.2971576227387,2634.1705426356584,2667.162790697674
2010-07-08,2678.56330749354,2689.643410852713,2650.7906976744184,2662.4496124031007
2010-07-09,2665.178294573643,2751.586563307493,2643.1627906976746,2736.020671834625
2010-07-12,2736.3514211886304,2780.165374677002,2725.219638242894,2766.118863049095
2010-07-13,2738.666666666666,2738.666666666666,2706.294573643411,2723.0904392764855
2010-07-14,2729.643410852713,2774.801033591731,2729.240310077519,2742.749354005168
2010-07-15,2739.3591731266147,2770.4806201550387,2695.3901808785527,2696.1447028423772
2010-07-16,2684.237726098191,2709.3850129198963,2660.248062015504,2704.0103359173127
2010-07-19,2679.162790697674,2782.3669250645994,2671.84496124031,2772.5788113695085
2010-07-20,2775.6692506459945,2838.490956072351,2775.6692506459945,2833.5917312661495
2010-07-21,2836.8992248062013,2859.131782945736,2825.550387596899,2839.6279069767443
2010-07-22,2830.0051679586563,2876.6304909560718,2825.9121447028424,2874.71834625323
2010-07-23,2881.157622739018,2901.271317829457,2862.470284237726,2886.9043927648577
2010-07-26,2892.7751937984494,2906.4082687338496,2869.0232558139533,2905.488372093023
2010-07-27,2897.9431524547804,2906.677002583979,2878.9354005167957,2889.6330749354
2010-07-28,2890.4186046511627,2962.687338501292,2877.6847545219634,2959.9173126614983
2010-07-29,2963.06976744186,2985.6330749354,2947.803617571059,2974.656330749354
2010-07-30,2967.9379844961236,2972.754521963824,2940.2377260981907,2965.219638242894
2010-08-02,2964.630490956072,3020.785529715762,2963.772609819121,3015.276485788114
2010-08-03,3023.5142118863046,3028.0206718346253,2962.0258397932816,2962.242894056847
2010-08-04,2954.366925064599,2973.2299741602064,2912.9198966408267,2973.0542635658912
2010-08-05,2971.22480620155,2973.9638242894052,2928.8578811369507,2946.594315245478
2010-08-06,2943.834625322997,2995.8966408268734,2915.793281653747,2994.9974160206716
2010-08-09,2991.317829457364,3020.7958656330748,2985.064599483204,3016.2687338501287
2010-08-10,3018.501291989664,3023.5658914728683,2927.2144702842374,2927.7932816537464
2010-08-11,2917.984496124031,2960.578811369509,2917.984496124031,2945.953488372093
2010-08-12,2917.612403100775,2956.4547803617565,2904.496124031007,2910.9974160206716
2010-08-13,2913.085271317829,2951.979328165374,2893.2506459948318,2951.4728682170544
2010-08-16,2946.997416020671,3026.0361757105943,2938.5219638242893,3020.2377260981907
2010-08-17,3025.59173126615,3048.8165374677,3015.8449612403097,3041.12661498708
2010-08-18,3044.940568475452,3062.2739018087855,3022.9147286821703,3036.031007751938
2010-08-19,3039.555555555555,3075.131782945736,3026.3669250645994,3054.677002583979
2010-08-20,3042.2015503875964,3051.1214470284235,2989.8087855297154,2995.6899224806198
2010-08-23,2992.9819121447026,3018.645994832041,2983.627906976744,2993.4780361757103
2010-08-24,2989.2816537467697,3031.648578811369,2963.100775193798,3009.643410852713
2010-08-25,2991.204134366925,3002.2325581395344,2937.726098191214,2938.5219638242893
2010-08-26,2948.9509043927646,2965.2506459948318,2931.4005167958653,2945.829457364341
2010-08-27,2943.100775193798,2957.178294573643,2928.5994832041342,2954.594315245478
2010-08-30,2970.801033591731,3019.2144702842374,2969.426356589147,3012.9302325581393
2010-08-31,3002.739018087855,3007.8139534883717,2986.8837209302324,3000.7131782945735
2010-09-01,3005.333333333333,3030.2428940568475,2955.2144702842374,2980.9198966408267
2010-09-02,3015.7519379844957,3030.0258397932816,3000.547803617571,3019.524547803617
2010-09-03,3025.2609819121444,3027.9586563307494,2989.0232558139533,3018.3049095607234
2010-09-06,3034.511627906976,3080.5374677002583,3034.511627906976,3075.0284237726096
2010-09-07,3079.3798449612405,3091.9276485788114,3059.3281653746767,3083.317829457364
2010-09-08,3069.7674418604647,3082.91472868217,3053.064599483204,3081.1059431524545
2010-09-09,3087.204134366925,3087.204134366925,3020.3617571059426,3024.764857881137
2010-09-10,3026.3565891472867,3039.5762273901805,2987.1214470284235,3031.0594315245476
2010-09-13,3032.1343669250646,3077.085271317829,3023.6899224806198,3061.829457364341
2010-09-14,3071.369509043928,3084.7235142118857,3053.7571059431525,3064.609819121447
2010-09-15,3065.157622739018,3065.157622739018,3003.2351421188628,3011.049095607235
2010-09-16,3006.015503875969,3015.865633074935,2929.229974160207,2953.78811369509
2010-09-17,2960.950904392764,2973.726098191214,2943.3385012919894,2957.488372093023
2010-09-20,2961.2816537467697,2968.7028423772604,2924.8165374677,2945.5607235142115
2010-09-21,2955.4832041343666,2965.767441860465,2939.669250645995,2953.4677002583976
2010-09-27,2966.335917312661,3003.131782945736,2960.423772609819,3002.614987080103
2010-09-28,2997.974160206718,2997.974160206718,2972.258397932816,2977.6847545219634
2010-09-29,2973.9224806201546,3006.439276485788,2963.1524547803615,2971.37984496124
2010-09-30,2955.100775193798,3034.211886304909,2953.4056847545216,3034.1808785529715
2010-10-08,3065.271317829457,3158.4909560723513,3062.7803617571053,3146.4909560723513
2010-10-11,3172.2894056847545,3260.1550387596894,3172.2894056847545,3238.139534883721
2010-10-12,3226.5012919896635,3280.465116279069,3210.5633074935395,3279.3074935400514
2010-10-13,3283.6072351421185,3329.8708010335918,3271.9173126614983,3325.664082687338
2010-10-14,3354.139534883721,3396.4031007751937,3323.0284237726096,3332.444444444444
2010-10-15,3312.3720930232553,3439.4625322997413,3306.583979328165,3439.4625322997413
2010-10-18,3458.191214470284,3503.896640826873,3399.255813953488,3417.219638242894
2010-10-19,3411.3901808785527,3489.271317829457,3390.180878552971,3489.064599483204
2010-10-20,3415.2144702842374,3554.7596899224804,3411.8966408268734,3510.987080103359
2010-10-21,3519.090439276485,3532.909560723514,3457.3229974160204,3488.051679586563
2010-10-22,3478.6563307493534,3522.9870801033585,3458.5116279069766,3492.1550387596894
2010-10-25,3500.620155038759,3598.2945736434103,3479.5142118863046,3598.0155038759685
2010-10-26,3608.7545219638237,3617.3850129198963,3551.896640826873,3582.511627906976
2010-10-27,3567.3695090439273,3607.4625322997413,3512.2480620155034,3518.211886304909
2010-10-28,3504.320413436692,3535.803617571059,3484.692506459948,3511.8242894056843
2010-10-29,3514.4806201550387,3518.9664082687336,3464.1860465116274,3493.519379844961
2010-11-01,3504.2997416020667,3589.664082687338,3504.2997416020667,3589.664082687338
2010-11-02,3601.271317829457,3640.496124031007,3565.602067183462,3579.4625322997413
2010-11-03,3579.059431524547,3591.4315245478033,3533.9328165374673,3535.2351421188628
2010-11-04,3541.5607235142115,3597.8604651162786,3534.511627906976,3597.4263565891474
2010-11-05,3657.8708010335913,3673.8708010335913,3615.793281653747,3639.06976744186
2010-11-08,3652.909560723514,3668.537467700258,3624.1653746770025,3667.7726098191215
2010-11-09,3666.6046511627906,3666.6046511627906,3616.144702842377,3642.3255813953483
2010-11-10,3625.01291989664,3626.1291989664082,3587.565891472868,3616.6511627906975
2010-11-11,3607.9999999999995,3677.5090439276482,3601.9534883720926,3627.8863049095603
2010-11-12,3601.664082687338,3614.5322997416015,3394.6770025839787,3402.4082687338496
2010-11-15,3409.550387596899,3431.503875968992,3350.656330749354,3426.242894056847
2010-11-16,3422.863049095607,3422.863049095607,3261.4780361757103,3276.010335917312
2010-11-17,3229.0542635658912,3275.37984496124,3191.2248062015506,3208.1757105943148
2010-11-18,3240.248062015504,3264.733850129199,3201.4366925064596,3253.7054263565888
2010-11-19,3274.594315245478,3285.6330749354,3179.5452196382425,3285.6330749354
2010-11-22,3253.974160206718,3307.979328165374,3243.1524547803615,3278.4909560723513
2010-11-23,3262.5116279069766,3262.5116279069766,3164.465116279069,3211.555555555555
2010-11-24,3192.7545219638237,3284.144702842377,3192.7545219638237,3283.7622739018084
2010-11-25,3305.395348837209,3335.452196382429,3278.8423772609817,3331.7622739018084
2010-11-26,3322.0981912144703,3332.8372093023254,3276.8578811369507,3302.1705426356584
2010-11-29,3290.4806201550387,3314.4806201550387,3265.5917312661495,3297.209302325581
2010-11-30,3294.6046511627906,3313.467700258398,3163.2454780361754,3242.366925064599
2010-12-01,3232.31007751938,3256.268733850129,3216.175710594315,3241.364341085271
2010-12-02,3292.7751937984494,3301.5297157622736,3260.279069767442,3261.0439276485786
2010-12-03,3268.144702842377,3277.9121447028424,3239.710594315245,3264.2480620155034
2010-12-06,3275.3281653746767,3292.3307493540046,3246.056847545219,3271.906976744186
2010-12-07,3258.6356589147285,3322.677002583979,3216.7648578811363,3307.84496124031
2010-12-08,3302.222222222222,3323.286821705426,3273.147286821705,3278.4289405684754
2010-12-09,3262.0155038759685,3281.705426356589,3227.080103359173,3228.289405684754
2010-12-10,3211.762273901809,3278.7183462532294,3205.2506459948318,3268.1963824289405
2010-12-13,3283.0387596899222,3370.894056847545,3280.165374677002,3370.6046511627906
2010-12-14,3380.051679586563,3389.5297157622736,3363.4935400516792,3379.2971576227387
2010-12-15,3380.6511627906975,3393.0439276485786,3351.441860465116,3356.7338501291983
2010-12-16,3355.049095607235,3367.8449612403097,3332.4237726098186,3339.193798449612
2010-12-17,3337.777777777778,3341.4366925064596,3320.496124031007,3334.0155038759685
2010-12-20,3347.8242894056843,3358.925064599483,3222.739018087855,3285.4366925064596
2010-12-21,3291.679586563307,3360.7751937984494,3275.3385012919894,3358.6666666666665
2010-12-22,3363.1214470284235,3373.074935400516,3309.219638242894,3323.4625322997413
2010-12-23,3318.5219638242893,3346.397932816537,3290.077519379845,3295.720930232558
2010-12-24,3277.147286821705,3294.8010335917306,3244.9095607235136,3269.209302325581
2010-12-27,3282.801033591731,3327.8139534883717,3196.1343669250646,3203.834625322997
2010-12-28,3188.4444444444443,3199.3385012919894,3143.4935400516792,3147.2144702842374
2010-12-29,3152.382428940568,3165.4366925064596,3126.8423772609813,3164.6821705426355
2010-12-30,3165.9431524547804,3183.3695090439273,3129.612403100775,3167.0284237726096
2010-12-31,3172.1447028423772,3234.573643410852,3170.139534883721,3233.343669250646
2011-01-04,3261.5607235142115,3301.6640826873386,3249.1989664082685,3296.8268733850123
2011-01-05,3276.6718346253224,3301.064599483204,3264.9819121447026,3282.335917312661
2011-01-06,3284.5891472868216,3305.4780361757107,3258.470284237726,3265.7777777777774
2011-01-07,3262.3875968992247,3317.726098191214,3246.645994832041,3272.9922480620153
2011-01-10,3268.31007751938,3289.6950904392766,3206.6459948320407,3212.5994832041342
2011-01-11,3200.2583979328165,3236.4754521963823,3188.124031007752,3229.891472868217
2011-01-12,3240.496124031007,3259.3591731266147,3203.524547803617,3247.8966408268734
2011-01-13,3259.9379844961236,3263.0904392764855,3232.2067183462527,3246.801033591731
2011-01-14,3234.801033591731,3234.801033591731,3187.0904392764855,3195.720930232558
2011-01-17,3170.4702842377255,3182.3049095607234,3068.330749354005,3074.2635658914724
2011-01-18,3065.033591731266,3084.7235142118857,3046.614987080103,3077.674418604651
2011-01-19,3078.5116279069766,3147.9173126614987,3066.91472868217,3147.131782945736
2011-01-20,3139.906976744186,3139.906976744186,3043.410852713178,3043.627906976744
2011-01-21,3033.8294573643407,3132.0620155038755,3033.7364341085267,3083.679586563307
2011-01-24,3086.3979328165374,3099.9483204134362,3042.8113695090437,3053.4677002583976
2011-01-25,3048.733850129199,3060.0413436692506,3017.219638242894,3037.364341085271
2011-01-26,3038.5219638242893,3082.501291989664,3038.0981912144703,3078.480620155038
2011-01-27,3052.8062015503874,3139.1834625322995,3033.8708010335913,3128.134366925064
2011-01-28,3121.571059431524,3149.6330749354,3112.5374677002583,3138.7493540051673
2011-01-31,3137.3850129198963,3179.8966408268734,3134.3152454780356,3179.8552971576228
2011-02-01,3187.0697674418598,3190.9354005167957,3165.7157622739014,3180.6511627906975
2011-02-09,3158.0361757105943,3191.2661498708007,3133.5917312661495,3143.100775193798
2011-02-10,3135.9999999999995,3209.6330749354006,3125.94315245478,3208.4341085271312
2011-02-11,3204.4134366925064,3238.7596899224804,3196.465116279069,3225.7984496124027
2011-02-14,3228.165374677002,3335.8449612403097,3228.165374677002,3327.2764857881134
2011-02-15,3331.4935400516792,3369.1369509043925,3323.6382428940565,3325.757105943152
2011-02-16,3319.0077519379843,3357.9844961240306,3302.8113695090433,3357.653746770026
2011-02-17,3364.9922480620153,3374.9457364341083,3327.0387596899222,3354.9457364341083
2011-02-18,3348.8888888888887,3351.286821705426,3310.7183462532294,3319.7726098191215
2011-02-21,3299.37984496124,3367.731266149871,3297.002583979328,3367.348837209302
2011-02-22,3377.3850129198963,3378.863049095607,3268.04134366925,3269.850129198966
2011-02-23,3258.3359173126614,3289.085271317829,3251.6692506459945,3281.3850129198963
2011-02-24,3276.7338501291983,3303.0387596899222,3264.051679586563,3298.1291989664082
2011-02-25,3298.056847545219,3321.7467700258394,3265.994832041343,3305.033591731266
2011-02-28,3308.19638242894,3350.490956072351,3285.612403100775,3348.382428940568
2011-03-01,3350.6046511627906,3383.4728682170544,3344.4444444444443,3364.227390180878
2011-03-02,3345.8604651162786,3366.8423772609817,3310.4186046511622,3352.248062015504
2011-03-03,3357.271317829457,3381.540051679586,3329.240310077519,3329.94315245478
2011-03-04,3331.793281653747,3383.627906976744,3325.5607235142115,3380.5374677002583
2011-03-07,3397.8397932816533,3449.581395348837,3397.8397932816533,3446.5219638242893
2011-03-08,3447.7622739018084,3454.9974160206716,3422.966408268733,3449.571059431524
2011-03-09,3456.4341085271312,3468.2067183462527,3434.3152454780356,3451.018087855297
2011-03-10,3442.315245478036,3442.315245478036,3389.488372093023,3390.4496124031007
2011-03-11,3372.692506459948,3401.240310077519,3349.0232558139533,3356.4651162790697
2011-03-14,3347.710594315245,3373.550387596899,3338.614987080103,3372.5271317829456
2011-03-15,3359.7932816537464,3359.7932816537464,3253.7054263565888,3311.586563307493
2011-03-16,3312.578811369509,3360.0826873385013,3310.521963824289,3357.3126614987077
2011-03-17,3324.3307493540046,3349.2299741602064,3292.072351421188,3304.496124031007
2011-03-18,3337.3850129198963,3348.7958656330748,3312.806201550387,3323.710594315245
2011-03-21,3328.868217054263,3344.9922480620153,3301.4470284237723,3314.8423772609817
2011-03-22,3325.891472868217,3336.2273901808785,3282.6149870801028,3331.22480620155
2011-03-23,3330.573643410852,3376.7441860465115,3324.702842377261,3374.60465116279
2011-03-24,3379.410852713178,3383.3281653746767,3359.193798449612,3360.578811369509
2011-03-25,3365.5607235142115,3415.255813953488,3364.010335917312,3405.147286821705
2011-03-28,3418.511627906976,3439.8656330749354,3397.271317829457,3401.1059431524545
2011-03-29,3399.0284237726096,3420.3617571059426,3365.7260981912145,3367.4211886304906
2011-03-30,3366.118863049095,3384.9922480620153,3341.715762273902,3365.457364341085
2011-03-31,3366.573643410852,3374.6356589147285,3318.0051679586563,3331.565891472868
2011-04-01,3335.979328165374,3382.708010335917,3329.1059431524545,3382.6666666666665
2011-04-06,3379.0077519379843,3426.6666666666665,3378.5736434108526,3422.294573643411
2011-04-07,3424.775193798449,3442.6976744186045,3413.767441860465,3436.093023255814
2011-04-08,3433.116279069767,3466.552971576227,3425.4160206718343,3466.0051679586563
2011-04-11,3476.35142118863,3494.0878552971576,3443.06976744186,3445.4056847545216
2011-04-12,3436.4341085271317,3462.697674418604,3418.5839793281652,3438.5219638242893
2011-04-13,3422.5529715762273,3485.302325581395,3407.2454780361754,3485.302325581395
2011-04-14,3487.669250645995,3492.19638242894,3459.9379844961236,3466.211886304909
2011-04-15,3457.4987080103356,3491.586563307493,3435.204134366925,3471.772609819121
2011-04-18,3458.5529715762273,3486.201550387597,3447.648578811369,3472.2894056847545
2011-04-19,3446.935400516795,3446.935400516795,3401.2816537467697,3406.521963824289
2011-04-20,3411.286821705426,3422.9767441860463,3392.072351421188,3406.470284237726
2011-04-21,3423.53488372093,3442.1085271317825,3412.8578811369507,3428.8062015503874
2011-04-22,3428.50645994832,3437.1679586563305,3402.211886304909,3410.7906976744184
2011-04-25,3403.080103359173,3403.080103359173,3356.785529715762,3358.7286821705425
2011-04-26,3351.452196382429,3367.2351421188628,3324.248062015504,3339.4935400516792
2011-04-27,3351.5452196382425,3365.7984496124027,3296.165374677002,3317.3126614987077
2011-04-28,3332.7235142118857,3345.9328165374673,3266.573643410852,3267.9896640826873
2011-04-29,3267.348837209302,3300.878552971576,3252.8578811369507,3299.9689922480616
2011-05-03,3300.103359173126,3319.958656330749,3271.2454780361754,3318.9974160206716
2011-05-04,3300.093023255814,3300.7235142118857,3225.7984496124027,3234.139534883721
2011-05-05,3219.6382428940565,3242.2739018087855,3210.180878552971,3231.131782945736
2011-05-06,3197.7364341085267,3247.2144702842374,3187.503875968992,3226.25322997416
2011-05-09,3231.276485788114,3255.7519379844957,3222.8837209302324,3234.894056847545
2011-05-10,3240.4651162790697,3259.22480620155,3226.614987080103,3259.142118863049
2011-05-11,3259.586563307493,3270.956072351421,3232.5478036175705,3250.739018087855
2011-05-12,3228.072351421188,3247.9586563307494,3205.3126614987077,3205.78811369509
2011-05-13,3209.6124031007753,3233.5297157622736,3183.658914728682,3233.1679586563305
2011-05-16,3225.2609819121444,3242.9974160206716,3202.8733850129197,3204.609819121447
2011-05-17,3201.1059431524545,3241.581395348837,3180.3100775193793,3220.702842377261
2011-05-18,3213.7364341085267,3251.3695090439273,3210.9043927648577,3244.8372093023254
2011-05-19,3254.1085271317825,3260.9198966408267,3223.37984496124,3225.4677002583976
2011-05-20,3225.4056847545216,3238.6873385012914,3217.850129198966,3226.459948320413
2011-05-23,3219.958656330749,3219.958656330749,3122.945736434108,3124.5271317829456
2011-05-24,3114.9560723514205,3131.524547803617,3100.6614987080097,3127.8759689922476
2011-05-25,3121.777777777778,3132.806201550387,3088.4651162790697,3090.7906976744184
2011-05-26,3112.6304909560718,3122.6873385012914,3077.6227390180875,3078.4289405684754
2011-05-27,3080.8475452196376,3097.271317829457,3061.5710594315246,3062.8527131782944
2011-05-30,3055.896640826873,3082.770025839793,3041.1989664082685,3053.7571059431525
2011-05-31,3057.9948320413437,3102.56330749354,3045.116279069767,3102.3875968992243
2011-06-01,3096.733850129199,3107.555555555555,3086.0051679586563,3105.085271317829
2011-06-02,3070.4186046511627,3084.744186046511,3021.209302325581,3054.9974160206716
2011-06-03,3050.7286821705425,3094.470284237726,3050.335917312661,3086.6666666666665
2011-06-07,3077.7054263565888,3107.5658914728683,3074.2739018087855,3105.1782945736436
2011-06-08,3104.475452196382,3114.0155038759685,3065.550387596899,3109.7157622739014
2011-06-09,3101.188630490956,3104.97157622739,3051.049095607235,3051.049095607235
2011-06-10,3046.956072351421,3063.648578811369,3024.1550387596894,3061.426356589147
2011-06-13,3039.162790697674,3056.8682170542634,3019.896640826873,3049.457364341085
2011-06-14,3046.6770025839787,3101.322997416021,3042.40826873385,3094.118863049095
2011-06-15,3085.2299741602064,3099.8966408268734,3062.645994832041,3062.656330749354
2011-06-16,3038.428940568475,3045.808785529716,3013.333333333333,3015.586563307493
2011-06-17,3014.3772609819116,3032.6201550387595,2988.134366925064,2989.3126614987077
2011-06-20,2985.984496124031,2993.364341085271,2958.5633074935395,2971.472868217054
2011-06-21,2980.2067183462527,3007.3074935400514,2973.6950904392766,3006.7906976744184
2011-06-22,3011.5452196382425,3019.1524547803615,2991.4005167958653,3006.2842377260977
2011-06-23,2996.392764857881,3066.1912144702837,2985.7157622739014,3056.9819121447026
2011-06-24,3045.59173126615,3150.3255813953488,3042.9457364341083,3129.1679586563305
2011-06-27,3130.232558139535,3158.677002583979,3120.6614987080097,3138.490956072351
2011-06-28,3142.304909560723,3149.147286821705,3115.2454780361754,3143.9069767441856
2011-06-29,3141.1369509043925,3146.0671834625323,3100.7235142118857,3100.9509043927646
2011-06-30,3104.1136950904393,3161.3746770025837,3104.1136950904393,3146.346253229974
2011-07-01,3154.6459948320407,3174.377260981912,3135.9896640826873,3152.1963824289405
2011-07-04,3167.896640826873,3229.540051679586,3167.896640826873,3226.8527131782944
2011-07-05,3227.8036175710595,3233.622739018088,3209.395348837209,3227.3901808785527
2011-07-06,3220.7958656330748,3220.7958656330748,3188.4547803617565,3218.3049095607234
2011-07-07,3228.2067183462527,3245.581395348837,3205.271317829457,3205.8708010335913
2011-07-08,3209.8087855297154,3229.3436692506457,3197.2816537467697,3213.6227390180875
2011-07-11,3201.9328165374673,3225.8397932816533,3189.9328165374677,3217.78811369509
2011-07-12,3192.909560723514,3193.9018087855293,3157.4160206718348,3159.596899224806
2011-07-13,3163.22480620155,3212.9198966408267,3163.22480620155,3210.594315245478
2011-07-14,3217.147286821705,3231.162790697674,3196.35142118863,3220.4134366925064
2011-07-15,3209.819121447028,3235.9483204134367,3201.3850129198963,3233.994832041343
2011-07-18,3237.002583979328,3243.3281653746767,3218.263565891473,3227.4935400516792
2011-07-19,3212.8888888888882,3214.3875968992247,3192.124031007752,3199.100775193798
2011-07-20,3218.3049095607234,3224.3307493540046,3175.0387596899222,3195.4211886304906
2011-07-21,3196.144702842377,3203.390180878553,3160.9922480620153,3161.9018087855293
2011-07-22,3169.188630490956,3186.7596899224804,3162.3772609819116,3171.0490956072344
2011-07-25,3153.3850129198963,3153.3850129198963,3058.2739018087855,3067.9999999999995
2011-07-26,3065.3436692506457,3080.9922480620153,3056.9612403100773,3077.7984496124027
2011-07-27,3061.064599483204,3103.555555555555,3050.6666666666665,3100.8268733850127
2011-07-28,3073.5297157622736,3084.630490956072,3056.031007751938,3081.1369509043925
2011-07-29,3081.157622739018,3096.6098191214464,3047.111111111111,3071.9173126614983
2011-08-01,3068.847545219638,3091.5245478036177,3058.2222222222217,3077.7467700258394
2011-08-02,3058.242894056847,3058.242894056847,3017.064599483204,3055.68992248062
2011-08-03,3028.6201550387595,3068.8682170542634,3025.426356589147,3054.129198966408
2011-08-04,3062.4392764857876,3083.214470284238,3050.9974160206716,3059.7519379844957
2011-08-05,2978.542635658914,3014.3772609819116,2964.50645994832,2994.749354005168
2011-08-08,2960.733850129199,2985.8087855297154,2840.2790697674413,2887.751937984496
2011-08-09,2812.35142118863,2907.255813953488,2787.658914728682,2892.186046511628
2011-08-10,2940.9302325581393,2954.5736434108526,2914.8527131782944,2918.987080103359
2011-08-11,2873.095607235142,2963.627906976744,2871.06976744186,2963.22480620155
2011-08-12,2978.346253229974,2991.441860465116,2965.240310077519,2971.958656330749
2011-08-15,2980.0206718346253,3015.8966408268734,2966.6046511627906,3015.8966408268734
2011-08-16,3018.9457364341083,3030.635658914728,2985.3540051679583,2994.9147286821703
2011-08-17,2991.0594315245476,3008.6201550387595,2978.4289405684754,2982.956072351421
2011-08-18,2984.082687338501,2987.080103359173,2927.410852713178,2929.457364341085
2011-08-19,2883.049095607235,2908.630490956072,2876.0310077519375,2901.974160206718
2011-08-22,2903.7002583979324,2924.7441860465115,2861.4160206718343,2871.100775193798
2011-08-23,2882.3772609819116,2915.7622739018084,2870.5839793281652,2915.7622739018084
2011-08-24,2929.7984496124027,2941.0542635658912,2899.0387596899222,2904.4134366925064
2011-08-25,2913.3850129198963,3002.0051679586563,2910.5012919896635,3001.3850129198963
2011-08-26,2986.439276485788,3005.064599483204,2973.4677002583976,2998.6770025839787
2011-08-29,2972.3824289405684,2972.3824289405684,2943.131782945736,2948.640826873385
2011-08-30,2971.7209302325577,2999.204134366925,2933.674418604651,2937.1989664082685
2011-08-31,2939.524547803617,2951.22480620155,2918.625322997416,2942.40826873385
2011-09-01,2948.2067183462527,2965.6330749354,2920.8888888888887,2929.757105943152
2011-09-02,2923.8656330749354,2931.9069767441856,2884.516795865633,2898.036175710594
2011-09-05,2874.242894056847,2874.242894056847,2835.53488372093,2835.9896640826873
2011-09-06,2819.37984496124,2837.5813953488373,2802.139534883721,2814.7803617571058
2011-09-07,2830.7906976744184,2872.5684754521963,2821.7674418604647,2872.4444444444443
2011-09-08,2882.5116279069766,2882.801033591731,2848.3720930232557,2848.692506459948
2011-09-09,2863.204134366925,2890.2842377260977,2831.648578811369,2843.5142118863046
2011-09-13,2803.555555555555,2817.7674418604647,2789.3126614987077,2811.6589147286822
2011-09-14,2820.940568475452,2828.847545219638,2767.0594315245476,2824.9198966408267
2011-09-15,2826.40826873385,2846.708010335917,2820.5788113695085,2820.723514211886
2011-09-16,2836.4031007751933,2848.465116279069,2820.671834625323,2825.8294573643407
2011-09-19,2809.6330749354006,2809.6330749354006,2768.785529715762,2769.271317829457
2011-09-20,2764.8992248062013,2793.0542635658912,2753.5917312661495,2780.2067183462527
2011-09-21,2782.118863049095,2871.679586563307,2767.286821705426,2864.093023255814
2011-09-22,2837.364341085271,2847.4625322997413,2775.131782945736,2775.906976744186
2011-09-23,2733.116279069767,2771.2971576227387,2719.8242894056843,2759.1524547803615
2011-09-26,2734.108527131783,2769.571059431524,2690.5529715762273,2698.625322997416
2011-09-27,2723.441860465116,2741.664082687338,2701.209302325581,2726.4909560723513
2011-09-28,2744.010335917312,2749.457364341085,2690.0568475452196,2698.284237726098
2011-09-29,2680.6821705426355,2702.987080103359,2663.865633074935,2675.131782945736
2011-09-30,2682.770025839793,2695.162790697674,2658.594315245478,2668.0620155038755
2011-10-10,2675.2971576227387,2682.501291989664,2638.015503875969,2642.9767441860463
2011-10-11,2713.3436692506457,2724.2273901808785,2611.524547803617,2637.7157622739014
2011-10-12,2622.6356589147285,2735.9379844961236,2608.1033591731266,2733.6020671834626
2011-10-13,2725.4366925064596,2762.697674418604,2717.7364341085267,2752.04134366925
2011-10-14,2744.5581395348836,2754.9767441860463,2718.222222222222,2742.925064599483
2011-10-17,2748.2687338501287,2777.364341085271,2742.5116279069766,2756.537467700258
2011-10-18,2735.751937984496,2740.8062015503874,2676.186046511628,2679.286821705426
2011-10-19,2687.255813953488,2705.333333333333,2667.348837209302,2669.850129198966
2011-10-20,2652.8165374677,2656.4341085271317,2584.4857881136945,2605.198966408269
2011-10-21,2606.987080103359,2623.37984496124,2588.8268733850127,2592.124031007752
2011-10-24,2601.612403100775,2667.8346253229975,2586.0051679586563,2663.22480620155
2011-10-25,2659.131782945736,2722.4496124031,2646.046511627907,2713.6227390180875
2011-10-26,2701.0542635658912,2769.674418604651,2698.71834625323,2740.723514211886
2011-10-27,2747.7312661498704,2762.625322997416,2736.2273901808785,2746.749354005168
2011-10-28,2785.0542635658912,2820.8165374677,2779.720930232558,2800.020671834625
2011-10-31,2795.3901808785527,2800.330749354005,2771.049095607235,2785.850129198966
2011-11-01,2762.284237726098,2817.6640826873386,2758.708010335917,2788.1447028423772
2011-11-02,2747.8552971576228,2835.080103359173,2742.8630490956066,2834.511627906976
2011-11-03,2845.095607235142,2874.4599483204133,2835.348837209302,2836.485788113695
2011-11-04,2863.638242894057,2875.441860465116,2841.3229974160204,2856.5891472868216
2011-11-07,2843.4005167958653,2862.3255813953488,2824.9819121447026,2828.1653746770025
2011-11-08,2837.271317829457,2848.671834625323,2815.1834625322995,2819.3385012919894
2011-11-09,2831.162790697674,2848.3824289405684,2801.085271317829,2844.0826873385013
2011-11-10,2812.237726098191,2821.2609819121444,2788.9509043927646,2790.2739018087855
2011-11-11,2796.113695090439,2805.0749354005166,2775.2971576227387,2785.5297157622736
2011-11-14,2808.8268733850127,2844.3204134366924,2806.0568475452196,2842.583979328165
2011-11-15,2839.0387596899222,2846.5116279069766,2824.713178294573,2836.878552971576
2011-11-16,2838.0981912144703,2838.5426356589146,2748.4754521963823,2759.8139534883717
2011-11-17,2761.7054263565888,2778.118863049095,2750.0258397932816,2751.441860465116
2011-11-18,2732.4754521963823,2735.100775193798,2688.558139534883,2694.0568475452196
2011-11-21,2696.1860465116274,2701.043927648579,2674.666666666666,2697.3540051679583
2011-11-22,2679.3074935400514,2698.863049095607,2667.4728682170544,2697.1369509043925
2011-11-23,2701.0749354005166,2705.002583979328,2664.764857881137,2670.8113695090437
2011-11-24,2651.875968992248,2691.7209302325577,2643.617571059431,2675.8863049095607
2011-11-25,2671.979328165374,2685.674418604651,2649.767441860465,2656.2997416020667
2011-11-28,2664.9509043927646,2676.3307493540046,2648.568475452196,2659.762273901809
2011-11-29,2682.263565891473,2696.8372093023254,2666.9664082687336,2696.1963824289405
2011-11-30,2687.441860465116,2689.302325581395,2591.4005167958653,2606.222222222222
2011-12-01,2683.3591731266147,2719.0284237726096,2664.3100775193793,2670.3979328165374
2011-12-02,2656.909560723514,2662.2118863049095,2628.97157622739,2643.2144702842374
2011-12-05,2647.2351421188628,2647.2351421188628,2601.7364341085267,2606.087855297157
2011-12-06,2599.524547803617,2610.5116279069766,2583.5348837209303,2600.8682170542634
2011-12-07,2601.9018087855297,2619.669250645995,2594.0878552971576,2613.157622739018
2011-12-08,2609.8604651162786,2634.7286821705425,2578.4909560723513,2609.819121447028
2011-12-09,2590.8217054263564,2609.9844961240306,2580.8475452196376,2587.555555555555
2011-12-12,2581.829457364341,2586.0981912144703,2559.2971576227387,2560.9198966408267
2011-12-13,2549.8914728682166,2555.7209302325577,2499.9173126614987,2503.286821705426
2011-12-14,2497.095607235142,2515.297157622739,2472.66149870801,2478.015503875969
2011-12-15,2462.470284237726,2464.568475452196,2419.06976744186,2419.4211886304906
2011-12-16,2418.5839793281652,2470.677002583979,2410.480620155038,2470.4186046511627
2011-12-19,2450.046511627907,2468.103359173126,2399.648578811369,2464.50645994832
2011-12-20,2456.547803617571,2493.6124031007753,2453.6020671834626,2456.9198966408267
2011-12-21,2477.808785529716,2485.560723514212,2416.217054263566,2417.684754521964
2011-12-22,2403.37984496124,2437.695090439276,2371.68992248062,2419.9896640826873
2011-12-23,2415.8966408268734,2462.749354005168,2410.294573643411,2438.4082687338496
2011-12-26,2424.3514211886304,2449.4263565891474,2413.219638242894,2414.1602067183458
2011-12-27,2411.193798449612,2425.1989664082685,2379.7519379844957,2382.470284237726
2011-12-28,2372.9922480620153,2387.2351421188628,2343.2661498708007,2385.457364341085
2011-12-29,2374.4599483204133,2401.540051679586,2370.925064599483,2389.002583979328
2011-12-30,2396.5581395348836,2427.937984496124,2396.5581395348836,2424.537467700258
2012-01-04,2440.8268733850127,2445.4677002583976,2375.5038759689924,2375.968992248062
2012-01-05,2367.731266149871,2394.480620155038,2348.4754521963823,2352.8578811369507
2012-01-06,2350.749354005168,2368.878552971576,2330.3049095607234,2367.5452196382425
2012-01-09,2368.144702842377,2448.465116279069,2348.0310077519375,2448.1343669250646
2012-01-10,2445.240310077519,2532.2583979328165,2440.5994832041342,2529.5607235142115
2012-01-11,2526.8837209302324,2535.5555555555557,2504.723514211886,2517.4263565891474
2012-01-12,2508.3410852713178,2547.162790697674,2504.723514211886,2517.0232558139533
2012-01-13,2520.320413436692,2527.9483204134362,2454.315245478036,2474.7596899224804
2012-01-16,2456.7958656330748,2474.9354005167957,2424.423772609819,2424.4444444444443
2012-01-17,2426.4289405684754,2545.147286821705,2407.4935400516792,2543.255813953488
2012-01-18,2547.720930232558,2568.9922480620153,2495.638242894057,2503.555555555555
2012-01-19,2505.2816537467697,2563.524547803617,2496.113695090439,2551.2661498708007
2012-01-20,2559.9276485788114,2594.6666666666665,2545.312661498708,2588.206718346253
2012-01-30,2593.157622739018,2593.157622739018,2543.049095607235,2543.37984496124
2012-01-31,2545.0542635658912,2555.906976744186,2529.994832041343,2547.0387596899227
2012-02-01,2540.8062015503874,2565.0232558139533,2504.8578811369507,2510.583979328165
2012-02-02,2519.348837209302,2569.757105943152,2511.3281653746767,2569.757105943152
2012-02-03,2561.59173126615,2599.1214470284235,2553.260981912145,2590.2739018087855
2012-02-06,2595.524547803617,2605.43669250646,2572.31007751938,2588.4444444444443
2012-02-07,2572.640826873385,2572.640826873385,2523.7209302325577,2540.5167958656325
2012-02-08,2538.9354005167957,2619.286821705426,2533.333333333333,2613.1679586563305
2012-02-09,2610.4289405684754,2631.5555555555557,2597.5503875968993,2614.191214470284
2012-02-10,2606.3875968992243,2646.0258397932816,2605.850129198966,2618.7286821705425
2012-02-13,2588.537467700258,2639.22480620155,2580.165374677002,2617.033591731266
2012-02-14,2613.9224806201546,2618.3565891472867,2590.739018087855,2606.832041343669
2012-02-15,2600.3410852713178,2648.1343669250646,2595.648578811369,2635.255813953488
2012-02-16,2630.118863049095,2645.3229974160204,2603.658914728682,2621.260981912145
2012-02-17,2637.5400516795867,2644.289405684754,2607.607235142119,2622.315245478036
2012-02-20,2658.304909560723,2661.240310077519,2625.219638242894,2626.0568475452196
2012-02-21,2630.3255813953488,2649.002583979328,2605.4677002583976,2648.527131782945
2012-02-22,2650.4599483204133,2686.160206718346,2646.346253229974,2684.733850129199
2012-02-23,2682.9767441860463,2702.3669250645994,2677.540051679586,2693.808785529716
2012-02-24,2694.925064599483,2736.97157622739,2690.2118863049095,2736.97157622739
2012-02-27,2747.410852713178,2784.330749354005,2745.808785529716,2745.808785529716
2012-02-28,2741.43669250646,2761.581395348837,2730.191214470284,2751.8966408268734
2012-02-29,2745.0749354005166,2756.2273901808785,2720.186046511628,2722.625322997416
2012-03-01,2710.8423772609813,2736.733850129199,2709.9328165374677,2721.8087855297154
2012-03-02,2726.5736434108526,2769.9534883720926,2726.5736434108526,2769.9534883720926
2012-03-05,2778.025839793281,2785.12661498708,2750.346253229974,2752.144702842377
2012-03-06,2743.9793281653747,2747.2454780361754,2703.4625322997413,2709.095607235142
2012-03-07,2683.7002583979324,2716.8888888888887,2681.271317829457,2690.4496124031007
2012-03-08,2700.15503875969,2734.8320413436686,2700.15503875969,2724.330749354005
2012-03-09,2732.9198966408267,2753.912144702842,2719.803617571059,2753.798449612403
2012-03-12,2752.7028423772604,2755.9999999999995,2724.9819121447026,2743.565891472868
2012-03-13,2742.8217054263564,2771.4005167958653,2738.160206718346,2771.131782945736
2012-03-14,2784.9922480620153,2796.640826873385,2682.5219638242893,2692.6201550387595
2012-03-15,2690.087855297157,2706.201550387597,2661.953488372093,2672.4031007751937
2012-03-16,2678.863049095607,2712.4754521963823,2663.8242894056843,2711.648578811369
2012-03-19,2705.5917312661495,2719.4315245478037,2685.922480620155,2718.3565891472867
2012-03-20,2710.7596899224804,2710.7596899224804,2670.8217054263564,2671.2661498708007
2012-03-21,2684.630490956072,2701.0542635658912,2655.37984496124,2674.71834625323
2012-03-22,2673.839793281654,2686.552971576227,2656.7958656330743,2670.5426356589146
2012-03-23,2661.8397932816533,2665.457364341085,2630.0051679586563,2638.6976744186045
2012-03-26,2637.1369509043925,2649.0232558139533,2626.0465116279065,2641.2816537467697
2012-03-27,2651.731266149871,2658.294573643411,2629.8397932816533,2632.702842377261
2012-03-28,2623.7312661498704,2625.7571059431525,2554.0361757105943,2558.0361757105943
2012-03-29,2546.4496124031007,2559.6692506459945,2511.348837209302,2525.188630490956
2012-03-30,2530.170542635659,2544.6821705426355,2520.4031007751933,2537.364341085271
2012-04-05,2531.4832041343666,2601.9534883720926,2523.2764857881134,2597.240310077519
2012-04-06,2593.7467700258394,2610.3669250645994,2586.7700258397927,2604.4754521963823
2012-04-09,2594.863049095607,2602.9767441860463,2575.286821705426,2578.9664082687336
2012-04-10,2573.9328165374677,2604.454780361757,2541.9638242894052,2604.4341085271317
2012-04-11,2578.315245478036,2626.4909560723513,2572.9509043927646,2604.692506459948
2012-04-12,2607.5762273901805,2657.1989664082685,2601.1059431524545,2656.785529715762
2012-04-13,2661.5503875968993,2680.9198966408267,2656.3720930232557,2667.131782945736
2012-04-16,2650.3669250645994,2673.0749354005166,2645.767441860465,2660.5064599483203
2012-04-17,2658.770025839793,2665.385012919897,2626.9147286821703,2627.2661498708007
2012-04-18,2636.599483204134,2689.5193798449613,2631.524547803617,2687.2454780361754
2012-04-19,2685.612403100775,2694.4289405684754,2672.1447028423772,2683.2661498708007
2012-04-20,2678.56330749354,2715.638242894057,2676.3307493540046,2715.080103359173
2012-04-23,2712.9198966408267,2720.5064599483203,2686.4186046511627,2693.581395348837
2012-04-24,2681.9638242894057,2728.9922480620153,2645.4366925064596,2692.3720930232553
2012-04-25,2685.5090439276482,2719.8346253229975,2680.4444444444443,2714.2015503875964
2012-04-26,2721.157622739018,2732.578811369509,2705.002583979328,2719.8863049095603
2012-04-27,2718.9147286821703,2726.532299741602,2711.7312661498704,2714.3772609819116
2012-05-02,2750.046511627907,2788.5788113695085,2732.330749354005,2773.6330749354
2012-05-03,2769.5297157622736,2784.3720930232557,2765.695090439276,2781.9328165374673
2012-05-04,2779.9689922480616,2807.266149870801,2767.06976744186,2807.111111111111
2012-05-07,2790.129198966408,2809.0749354005166,2784.8268733850127,2809.0749354005166
2012-05-08,2808.6925064599477,2809.12661498708,2773.7054263565888,2800.1240310077515
2012-05-09,2775.3901808785527,2775.3901808785527,2744.516795865633,2746.7803617571058
2012-05-10,2747.1524547803615,2757.2919896640824,2738.377260981912,2746.470284237726
2012-05-11,2741.4056847545216,2756.1447028423772,2725.085271317829,2725.4987080103356
2012-05-14,2742.956072351421,2745.5090439276487,2701.1369509043925,2703.390180878553
2012-05-15,2684.8992248062013,2706.129198966408,2678.656330749354,2705.2919896640824
2012-05-16,2697.8397932816533,2700.392764857881,2660.547803617571,2661.1369509043925
2012-05-17,2664.5581395348836,2707.5865633074936,2657.571059431524,2701.7467700258394
2012-05-18,2682.739018087855,2690.6356589147285,2653.5400516795867,2660.4444444444443
2012-05-21,2658.7803617571058,2691.7002583979324,2650.09819121447,2674.139534883721
2012-05-22,2685.4470284237723,2715.865633074935,2684.8578811369507,2715.793281653747
2012-05-23,2709.8604651162786,2724.3204134366924,2685.571059431524,2704.7751937984494
2012-05-24,2700.878552971576,2718.770025839793,2675.1524547803615,2682.439276485788
2012-05-25,2682.439276485788,2689.581395348837,2651.8346253229975,2659.53488372093
2012-05-28,2648.6821705426355,2702.687338501292,2630.8423772609817,2702.5219638242893
2012-05-29,2702.9974160206716,2747.5555555555557,2700.3204134366924,2739.896640826873
2012-05-30,2735.2661498708007,2744.35142118863,2725.085271317829,2731.018087855297
2012-05-31,2711.2764857881134,2734.4599483204133,2705.147286821705,2720.454780361757
2012-06-01,2722.067183462532,2743.0077519379843,2711.410852713178,2721.4470284237723
2012-06-04,2686.0258397932816,2695.937984496124,2644.878552971576,2644.9922480620153
2012-06-05,2651.3591731266147,2660.35142118863,2634.377260981912,2644.7958656330748
2012-06-06,2650.3669250645994,2660.19638242894,2632.8992248062013,2643.3074935400514
2012-06-07,2666.0775193798445,2670.8423772609817,2621.4573643410854,2627.5762273901805
2012-06-08,2644.7958656330748,2645.095607235142,2605.0749354005166,2609.12661498708
2012-06-11,2614.5736434108526,2651.6072351421185,2608.547803617571,2644.206718346253
2012-06-12,2629.219638242894,2639.7105943152455,2614.9354005167957,2625.5090439276482
2012-06-13,2632.3410852713178,2667.8242894056843,2624.940568475452,2667.3281653746767
2012-06-14,2659.772609819121,2671.53488372093,2644.516795865633,2646.4289405684754
2012-06-15,2651.3591731266147,2666.8423772609817,2623.84496124031,2654.315245478036
2012-06-18,2663.1834625322995,2680.3307493540046,2659.4211886304906,2667.9173126614987
2012-06-19,2663.937984496124,2663.937984496124,2641.9638242894052,2644.5684754521963
2012-06-20,2649.757105943152,2657.0129198966406,2635.080103359173,2638.3565891472867
2012-06-21,2632.609819121447,2632.609819121447,2586.4806201550387,2596.578811369509
2012-06-25,2585.178294573643,2585.178294573643,2537.4780361757107,2539.0387596899222
2012-06-26,2524.609819121447,2547.927648578811,2516.4237726098186,2537.3850129198963
2012-06-27,2535.0594315245476,2553.7571059431525,2526.4496124031007,2529.4056847545216
2012-06-28,2534.0155038759685,2541.798449612403,2506.7080103359167,2507.2144702842374
2012-06-29,2500.1136950904393,2545.5503875968993,2498.697674418604,2544.299741602067
2012-07-02,2556.640826873385,2557.0749354005166,2535.3901808785527,2548.051679586563
2012-07-03,2547.648578811369,2574.2118863049095,2539.9999999999995,2551.648578811369
2012-07-04,2557.653746770026,2564.692506459948,2538.501291989664,2547.720930232558
2012-07-05,2532.609819121447,2532.609819121447,2501.2919896640824,2512.010335917312
2012-07-06,2516.8578811369507,2560.4444444444443,2501.6640826873386,2555.669250645995
2012-07-09,2538.3875968992243,2553.188630490956,2496.072351421188,2497.1989664082685
2012-07-10,2491.9896640826873,2508.0413436692506,2483.06976744186,2487.555555555555
2012-07-11,2482.8733850129197,2509.354005167959,2482.8423772609817,2507.049095607235
2012-07-12,2501.333333333333,2543.2144702842374,2485.3540051679583,2531.4521963824286
2012-07-13,2523.0077519379847,2550.8940568475446,2520.909560723514,2532.9509043927646
2012-07-16,2534.987080103359,2534.987080103359,2480.217054263566,2480.3410852713178
2012-07-17,2472.248062015504,2503.286821705426,2471.607235142119,2495.2971576227387
2012-07-18,2493.085271317829,2502.0981912144703,2453.3850129198963,2495.4418604651164
2012-07-19,2488.31007751938,2526.1602067183458,2481.9534883720926,2505.7571059431525
2012-07-20,2496.8578811369507,2505.2196382428942,2472.537467700258,2479.0284237726096
2012-07-23,2459.834625322997,2459.834625322997,2436.702842377261,2444.8888888888887
2012-07-24,2432.2687338501287,2472.7131782945735,2431.8346253229975,2455.803617571059
2012-07-25,2447.937984496124,2461.0232558139533,2436.6614987080097,2439.3591731266147
2012-07-26,2439.410852713178,2454.645994832041,2423.4625322997413,2426.3462532299736
2012-07-27,2433.0129198966406,2444.423772609819,2419.9379844961236,2428.0206718346253
2012-07-30,2429.74677002584,2446.5426356589146,2412.4031007751937,2414.25322997416
2012-07-31,2415.37984496124,2429.0129198966406,2407.762273901809,2411.286821705426
2012-08-01,2410.470284237726,2450.770025839793,2410.2842377260977,2437.8811369509044
2012-08-02,2433.147286821705,2437.78811369509,2403.731266149871,2413.3126614987077
2012-08-03,2418.863049095607,2433.240310077519,2408.19638242894,2432.806201550387
2012-08-06,2429.064599483204,2468.5891472868216,2426.9974160206716,2465.74677002584
2012-08-07,2463.3178294573645,2471.090439276486,2459.37984496124,2469.116279069767
2012-08-08,2471.2764857881134,2485.974160206718,2462.8733850129197,2470.077519379845
2012-08-09,2468.6614987080097,2493.1679586563305,2458.7596899224804,2492.713178294573
2012-08-10,2490.894056847545,2494.4909560723513,2476.3927648578806,2480.361757105943
2012-08-13,2474.9354005167957,2474.9354005167957,2429.7777777777774,2430.9354005167957
2012-08-14,2431.6899224806198,2437.0542635658912,2403.0077519379843,2436.1963824289405
2012-08-15,2428.9612403100773,2428.9612403100773,2408.423772609819,2409.94315245478
2012-08-16,2406.1085271317825,2413.8501291989664,2394.894056847545,2397.59173126615
2012-08-17,2396.3100775193793,2400.9198966408267,2372.258397932816,2391.193798449612
2012-08-20,2371.9896640826873,2384.9198966408267,2356.537467700258,2379.111111111111
2012-08-21,2379.255813953488,2405.560723514212,2373.6950904392766,2391.4211886304906
2012-08-22,2392.909560723514,2395.2144702842374,2362.5426356589146,2372.702842377261
2012-08-23,2375.37984496124,2389.302325581395,2362.1395348837204,2379.53488372093
2012-08-24,2372.7958656330748,2376.5374677002583,2350.9767441860463,2352.1240310077515
2012-08-27,2344.6925064599477,2344.6925064599477,2302.9974160206716,2303.049095607235
2012-08-28,2301.705426356589,2326.2015503875964,2296.640826873385,2313.602067183462
2012-08-29,2305.116279069767,2315.359173126615,2288.8165374677,2289.209302325581
2012-08-30,2278.5736434108526,2297.881136950904,2262.242894056847,2285.6537467700255
2012-08-31,2279.6589147286822,2293.4056847545216,2277.12661498708,2278.9354005167957
2012-09-03,2275.0594315245476,2311.6899224806198,2271.53488372093,2303.22480620155
2012-09-04,2306.6873385012914,2309.953488372093,2273.3953488372094,2278.459948320413
2012-09-05,2273.6330749354,2283.7622739018084,2260.423772609819,2273.777777777778
2012-09-06,2278.4909560723513,2293.209302325581,2273.7571059431525,2292.3204134366924
2012-09-07,2308.9509043927646,2420.175710594315,2308.9509043927646,2395.018087855297
2012-09-10,2398.5116279069766,2412.9198966408267,2391.2868217054265,2404.8268733850127
2012-09-11,2394.346253229974,2394.346253229974,2371.906976744186,2389.550387596899
2012-09-12,2404.0620155038755,2415.710594315245,2375.5038759689924,2398.0051679586563
2012-09-13,2394.5012919896635,2403.6485788113696,2375.5762273901805,2375.6692506459945
2012-09-14,2402.077519379845,2410.770025839793,2376.051679586563,2393.3229974160204
2012-09-17,2389.726098191214,2392.7545219638237,2334.036175710594,2334.5839793281652
2012-09-18,2324.9922480620153,2328.8268733850127,2302.8837209302324,2310.3255813953483
2012-09-19,2312.3720930232553,2324.7958656330743,2304.382428940568,2321.695090439276
2012-09-20,2311.3074935400514,2311.3074935400514,2267.927648578811,2269.7157622739014
2012-09-21,2263.9069767441856,2291.958656330749,2259.9793281653747,2272.9302325581393
2012-09-24,2257.333333333333,2300.578811369509,2245.8708010335918,2289.94315245478
2012-09-25,2284.217054263566,2300.082687338501,2276.361757105943,2284.392764857881
2012-09-26,2283.111111111111,2291.2868217054265,2254.346253229974,2258.2842377260977
2012-09-27,2259.4315245478033,2342.4289405684754,2259.193798449612,2327.3591731266147
2012-09-28,2310.139534883721,2374.191214470284,2309.374677002584,2370.139534883721
2012-10-08,2368.9509043927646,2382.6149870801028,2333.9638242894057,2346.3049095607234
2012-10-09,2358.3979328165374,2405.922480620155,2358.3979328165374,2398.09819121447
2012-10-10,2392.3410852713178,2403.8759689922476,2382.0258397932816,2402.1912144702837
2012-10-11,2393.6950904392766,2399.3281653746767,2378.2222222222217,2379.875968992248
2012-10-12,2388.9198966408267,2410.4909560723513,2363.8346253229975,2381.9431524547804
2012-10-15,2383.4728682170544,2385.405684754522,2354.9974160206716,2371.9483204134367
2012-10-16,2370.273901808785,2393.2299741602064,2364.4341085271317,2375.3591731266147
2012-10-17,2384.8682170542634,2389.839793281654,2357.43669250646,2378.0878552971576
2012-10-18,2385.002583979328,2419.7622739018084,2383.3385012919894,2414.5529715762273
2012-10-19,2413.5503875968993,2421.2196382428942,2406.956072351421,2410.8217054263564
2012-10-22,2398.4186046511622,2426.770025839793,2393.6950904392766,2420.248062015504
2012-10-23,2419.524547803617,2422.7803617571058,2386.8217054263564,2389.7467700258394
2012-10-24,2380.7751937984494,2399.410852713178,2379.503875968992,2385.3023255813955
2012-10-25,2384.217054263566,2400.9509043927646,2365.4780361757103,2368.2067183462527
2012-10-26,2368.279069767442,2370.211886304909,2312.206718346253,2323.4211886304906
2012-10-29,2317.105943152455,2323.658914728682,2302.4806201550387,2310.956072351421
2012-10-30,2311.4418604651164,2333.7984496124027,2306.749354005168,2315.1214470284235
2012-10-31,2316.723514211886,2331.8863049095603,2308.7131782945735,2330.56330749354
2012-11-01,2332.4134366925064,2383.080103359173,2332.2067183462527,2375.06976744186
2012-11-02,2375.0904392764855,2387.255813953488,2361.4677002583976,2384.2583979328165
2012-11-05,2380.0930232558135,2396.1033591731266,2367.06976744186,2379.204134366925
2012-11-06,2379.3074935400514,2381.4470284237727,2336.4444444444443,2369.209302325581
2012-11-07,2365.6434108527133,2378.180878552971,2353.5090439276482,2364.3514211886304
2012-11-08,2345.819121447028,2351.8346253229975,2320.8268733850127,2320.8372093023254
2012-11-09,2317.0645994832043,2327.8552971576223,2310.315245478036,2316.1963824289405
2012-11-12,2318.3049095607234,2330.4392764857876,2307.741602067183,2327.4935400516792
2012-11-13,2326.4496124031007,2326.4496124031007,2282.9147286821703,2286.7596899224804
2012-11-14,2287.4315245478037,2299.865633074935,2280.1033591731266,2297.7881136950905
2012-11-15,2285.0129198966406,2295.596899224806,2267.204134366925,2267.3074935400514
2012-11-16,2263.059431524548,2265.2299741602064,2235.6382428940565,2250.3772609819116
2012-11-19,2248.2480620155034,2249.602067183462,2221.7467700258394,2248.051679586563
2012-11-20,2253.4470284237723,2257.7054263565888,2236.206718346253,2237.6020671834626
2012-11-21,2238.149870801033,2269.209302325581,2223.6485788113696,2268.630490956072
2012-11-22,2254.4496124031,2258.9974160206716,2242.5426356589146,2250.6976744186045
2012-11-23,2257.78811369509,2276.4547803617565,2252.9509043927646,2266.335917312661
2012-11-26,2260.713178294573,2264.97157622739,2245.064599483204,2248.6821705426355
2012-11-27,2241.43669250646,2246.470284237726,2222.4496124031,2222.8837209302324
2012-11-28,2214.470284237726,2216.847545219638,2197.4470284237727,2200.6821705426355
2012-11-29,2200.31007751938,2212.7958656330748,2185.5090439276482,2186.749354005168
2012-11-30,2185.2609819121444,2214.8423772609817,2180.8372093023254,2211.53488372093
2012-12-03,2208.475452196382,2224.9198966408267,2178.9664082687336,2179.6899224806198
2012-12-04,2175.6382428940565,2207.4005167958653,2172.754521963824,2203.06976744186
2012-12-05,2199.8863049095603,2293.6330749354006,2198.232558139535,2282.046511627907
2012-12-06,2279.700258397933,2291.4521963824286,2264.8372093023254,2277.6227390180875
2012-12-07,2277.9224806201546,2326.1291989664082,2271.9483204134367,2322.232558139535
2012-12-10,2330.6666666666665,2352.7441860465115,2326.0361757105943,2347.33850129199
2012-12-11,2339.2351421188628,2351.410852713178,2330.0258397932816,2334.3669250645994
2012-12-12,2333.571059431524,2349.571059431524,2323.4625322997413,2343.9483204134362
2012-12-13,2336.5374677002583,2342.863049095607,2317.8914728682166,2317.974160206718
2012-12-14,2321.0749354005166,2436.2894056847545,2321.0749354005166,2435.0077519379843
2012-12-17,2438.4496124031,2459.9483204134367,2437.8914728682166,2446.2015503875964
2012-12-18,2440.4134366925064,2479.204134366925,2425.9224806201546,2447.6692506459945
2012-12-19,2442.170542635659,2467.3281653746767,2437.2403100775196,2450.7596899224804
2012-12-20,2440.640826873385,2472.268733850129,2425.374677002584,2464.9302325581393
2012-12-21,2466.5426356589146,2495.317829457364,2444.4754521963823,2451.679586563307
2012-12-24,2447.5555555555557,2477.240310077519,2446.5529715762273,2461.209302325581
2012-12-25,2453.622739018088,2541.9121447028424,2444.8682170542634,2530.645994832041
2012-12-26,2528.1550387596894,2540.578811369509,2523.658914728682,2540.1757105943148
2012-12-27,2547.576227390181,2563.0904392764855,2525.7674418604647,2526.708010335917
2012-12-28,2530.315245478036,2564.9509043927646,2526.4909560723513,2563.359173126615
2012-12-31,2569.0542635658912,2607.7002583979324,2569.0542635658912,2607.7002583979324
2013-01-04,2637.5297157622736,2644.4754521963823,2582.832041343669,2609.209302325581
2013-01-07,2602.6356589147285,2631.4935400516792,2595.9689922480616,2621.178294573643
2013-01-08,2619.793281653747,2625.8501291989664,2586.552971576227,2610.1602067183458
2013-01-09,2602.687338501292,2619.3695090439273,2588.423772609819,2610.987080103359
2013-01-10,2610.4289405684754,2639.1214470284235,2598.170542635659,2615.576227390181
2013-01-11,2618.6046511627906,2625.1059431524545,2556.7958656330748,2566.645994832041
2013-01-14,2557.2919896640824,2670.4186046511627,2557.1059431524545,2664.3204134366924
2013-01-15,2665.767441860465,2692.9302325581393,2663.4832041343666,2683.0594315245476
2013-01-16,2678.4186046511622,2687.4315245478037,2625.8604651162786,2663.6589147286822
2013-01-17,2657.064599483204,2661.5607235142115,2624.9819121447026,2638.5116279069766
2013-01-18,2654.9767441860463,2695.0387596899222,2639.22480620155,2682.625322997416
2013-01-21,2693.178294573643,2698.9147286821703,2669.4056847545216,2698.6046511627906
2013-01-22,2698.0775193798445,2708.0413436692506,2664.785529715762,2684.1343669250646
2013-01-23,2675.142118863049,2699.131782945736,2662.9043927648577,2695.049095607235
2013-01-24,2693.9844961240306,2752.8682170542634,2650.346253229974,2669.5193798449613
2013-01-25,2667.576227390181,2678.56330749354,2653.3436692506457,2658.0568475452196
2013-01-28,2663.8449612403097,2741.0542635658912,2663.8449612403097,2740.940568475452
2013-01-29,2744.578811369509,2775.7416020671835,2735.0387596899222,2765.757105943152
2013-01-30,2768.4031007751933,2780.0310077519375,2751.4832041343666,2779.0284237726096
2013-01-31,2781.3436692506457,2787.472868217054,2761.064599483204,2777.1369509043925
2013-02-01,2767.1214470284235,2836.5064599483203,2761.002583979328,2835.4728682170544
2013-02-04,2846.191214470284,2861.4987080103356,2822.8217054263564,2840.3410852713178
2013-02-05,2819.565891472868,2873.333333333333,2816.909560723514,2864.7855297157616
2013-02-06,2865.0232558139533,2881.095607235142,2858.6459948320407,2869.085271317829
2013-02-07,2864.630490956072,2869.219638242894,2814.335917312661,2852.578811369509
2013-02-08,2848.217054263566,2885.064599483204,2840.258397932816,2864.8372093023254
2013-02-18,2877.59173126615,2881.3850129198963,2823.266149870801,2829.426356589147
2013-02-19,2826.925064599483,2832.806201550387,2764.175710594315,2775.824289405685
2013-02-20,2776.3204134366924,2793.9018087855293,2754.7596899224804,2793.426356589147
2013-02-21,2765.6227390180875,2765.6227390180875,2671.5865633074936,2698.2428940568475
2013-02-22,2695.2454780361754,2706.439276485788,2678.191214470284,2683.8242894056843
2013-02-25,2694.7286821705425,2717.002583979328,2677.819121447028,2692.4651162790697
2013-02-26,2674.294573643411,2719.4728682170544,2650.8217054263564,2653.850129198966
2013-02-27,2662.5839793281652,2703.100775193798,2655.68992248062,2681.8397932816533
2013-02-28,2699.679586563307,2763.524547803617,2681.1369509043925,2763.131782945736
2013-03-01,2761.59173126615,2770.9043927648577,2715.2454780361754,2758.4909560723513
2013-03-04,2707.410852713178,2707.5658914728683,2613.6330749354,2631.2351421188628
2013-03-05,2633.4780361757103,2711.286821705426,2627.1524547803615,2710.9147286821703
2013-03-06,2723.37984496124,2747.4315245478033,2708.4547803617565,2739.22480620155
2013-03-07,2728.454780361757,2748.289405684754,2679.9689922480616,2707.472868217054
2013-03-08,2710.7803617571058,2721.0542635658912,2689.364341085271,2694.5012919896635
2013-03-11,2687.6279069767443,2699.37984496124,2660.640826873385,2679.4521963824286
2013-03-12,2677.4056847545216,2707.5038759689924,2615.2454780361754,2641.4677002583976
2013-03-13,2637.4470284237723,2642.656330749354,2599.5452196382425,2612.3927648578806
2013-03-14,2602.3255813953488,2632.2480620155034,2598.925064599483,2619.4005167958653
2013-03-15,2618.8320413436686,2687.4315245478037,2588.5891472868216,2625.188630490956
2013-03-18,2610.9354005167957,2630.09819121447,2583.803617571059,2586.552971576227
2013-03-19,2591.6279069767443,2617.12661498708,2575.555555555555,2609.9224806201546
2013-03-20,2611.8552971576223,2697.8501291989664,2611.710594315245,2697.8501291989664
2013-03-21,2699.3074935400514,2714.770025839793,2685.798449612403,2702.8320413436686
2013-03-22,2700.0103359173127,2713.7260981912145,2690.7906976744184,2706.2635658914724
2013-03-25,2716.702842377261,2730.346253229974,2695.204134366925,2700.878552971576
2013-03-26,2689.364341085271,2694.9457364341083,2640.7958656330743,2661.5503875968993
2013-03-27,2662.25322997416,2699.679586563307,2652.5581395348836,2670.315245478036
2013-03-28,2621.178294573643,2621.178294573643,2578.894056847545,2583.2558139534885
2013-03-29,2586.8527131782944,2593.395348837209,2565.881136950904,2578.894056847545
2013-04-01,2569.9534883720926,2592.072351421188,2567.162790697674,2576.940568475452
2013-04-02,2579.6795865633076,2609.2609819121444,2558.139534883721,2569.912144702842
2013-04-03,2577.653746770026,2591.3591731266147,2558.067183462532,2566.9767441860463
2013-04-08,2525.3126614987077,2556.392764857881,2511.111111111111,2555.3488372093025
2013-04-09,2560.5064599483203,2589.4470284237723,2560.5064599483203,2573.0542635658912
2013-04-10,2571.555555555555,2579.4005167958658,2549.033591731266,2568.7958656330748
2013-04-11,2586.56330749354,2592.8578811369507,2559.5865633074936,2561.116279069767
2013-04-12,2559.5038759689924,2572.733850129199,2542.8217054263564,2544.8165374677
2013-04-15,2536.4031007751933,2544.361757105943,2511.782945736434,2518.677002583979
2013-04-16,2500.785529715762,2543.720930232558,2497.7984496124027,2542.2118863049095
2013-04-17,2540.4444444444443,2548.010335917312,2519.22480620155,2541.0542635658912
2013-04-18,2522.6976744186045,2561.664082687338,2516.516795865633,2547.648578811369
2013-04-19,2552.9198966408267,2627.8552971576223,2552.268733850129,2618.9457364341083
2013-04-22,2609.9328165374677,2624.3410852713178,2602.8527131782944,2615.6795865633076
2013-04-23,2617.2609819121444,2617.2609819121444,2530.4392764857876,2531.7519379844957
2013-04-24,2535.1731266149873,2595.555555555555,2528.7751937984494,2579.410852713178
2013-04-25,2570.3979328165374,2589.643410852713,2539.0904392764855,2550.7803617571058
2013-04-26,2560.9509043927646,2572.186046511628,2521.7571059431525,2529.519379844961
2013-05-02,2516.3824289405684,2536.175710594315,2504.4754521963823,2531.927648578811
2013-05-03,2540.0930232558135,2605.8087855297154,2540.0930232558135,2576.6511627906975
2013-05-06,2587.0594315245476,2618.9767441860463,2584.454780361757,2610.832041343669
2013-05-07,2603.9896640826873,2624.5994832041342,2592.0,2614.925064599483
2013-05-08,2627.6692506459945,2648.0723514211886,2616.279069767442,2628.217054263566
2013-05-09,2627.772609819121,2628.7441860465115,2592.0310077519375,2612.702842377261
2013-05-10,2604.15503875969,2632.5374677002583,2599.648578811369,2626.191214470284
2013-05-13,2627.8139534883717,2633.178294573643,2601.271317829457,2615.7829457364337
2013-05-14,2610.8527131782944,2611.0077519379843,2563.173126614987,2577.095607235142
2013-05-15,2577.7467700258394,2591.658914728682,2575.6382428940565,2591.142118863049
2013-05-16,2585.1369509043925,2638.8217054263564,2571.328165374677,2638.4599483204133
2013-05-17,2636.1240310077515,2686.0051679586563,2633.3643410852715,2679.1214470284235
2013-05-20,2684.392764857881,2715.8863049095603,2677.0542635658912,2697.271317829457
2013-05-21,2694.9767441860463,2705.3229974160204,2681.395348837209,2702.687338501292
2013-05-22,2701.1989664082685,2718.4186046511627,2691.2144702842374,2705.9741602067184
2013-05-23,2692.4341085271312,2712.227390180878,2665.994832041343,2669.612403100775
2013-05-24,2678.470284237726,2695.9689922480616,2659.3074935400514,2684.4754521963823
2013-05-27,2680.640826873385,2699.710594315245,2676.7338501291983,2686.9147286821703
2013-05-28,2687.9896640826873,2733.188630490956,2672.764857881137,2733.188630490956
2013-05-29,2737.912144702842,2750.625322997416,2729.59173126615,2731.3281653746767
2013-05-30,2722.439276485788,2736.3720930232557,2711.710594315245,2722.8113695090437
2013-05-31,2727.348837209302,2734.439276485788,2692.248062015504,2693.9844961240306
2013-06-03,2693.5090439276482,2714.1498708010336,2683.2558139534885,2690.0465116279065
2013-06-04,2687.8552971576223,2687.8552971576223,2641.9224806201546,2651.8552971576228
2013-06-05,2651.503875968992,2656.361757105943,2630.687338501292,2646.5529715762273
2013-06-06,2638.5736434108526,2643.596899224806,2610.1395348837204,2612.764857881137
2013-06-07,2611.7932816537464,2624.1757105943148,2558.8527131782944,2567.6072351421185
2013-06-13,2530.9767441860463,2530.9767441860463,2454.987080103359,2480.5581395348836
2013-06-14,2485.188630490956,2501.6640826873386,2476.9922480620153,2497.9534883720926
2013-06-17,2504.1447028423772,2509.074935400517,2474.8217054263564,2484.5891472868216
2013-06-18,2494.1498708010336,2505.6330749354,2473.715762273902,2500.0
2013-06-19,2489.1782945736436,2489.1782945736436,2445.8397932816533,2481.4160206718343
2013-06-20,2466.2532299741597,2466.2532299741597,2398.170542635659,2399.4521963824286
2013-06-21,2359.84496124031,2411.204134366925,2345.808785529716,2395.2351421188628
2013-06-24,2385.6020671834626,2385.6020671834626,2237.033591731266,2244.1447028423772
2013-06-25,2218.139534883721,2242.077519379845,2091.131782945736,2238.160206718346
2013-06-26,2243.2351421188628,2254.284237726098,2203.4728682170544,2241.136950904393
2013-06-27,2245.8397932816533,2274.1188630490956,2225.5090439276482,2233.3229974160204
2013-06-28,2221.2196382428942,2302.284237726098,2211.2351421188628,2274.56330749354
2013-07-01,2260.5581395348836,2288.3410852713173,2239.1214470284235,2287.669250645995
2013-07-02,2286.0981912144703,2300.8888888888887,2265.4263565891474,2296.6201550387595
2013-07-03,2285.3126614987077,2285.3126614987077,2242.005167958656,2277.8604651162786
2013-07-04,2260.6511627906975,2321.3540051679583,2249.178294573643,2296.6201550387595
2013-07-05,2302.1705426356584,2327.6795865633076,2299.793281653747,2301.6537467700255
2013-07-08,2268.1343669250646,2279.286821705426,2234.8217054263564,2236.2997416020667
2013-07-09,2233.2816537467697,2247.8449612403097,2222.0051679586563,2235.317829457364
2013-07-10,2235.7622739018084,2298.8527131782944,2229.94315245478,2298.7803617571058
2013-07-11,2307.142118863049,2430.2015503875964,2307.142118863049,2404.847545219638
2013-07-12,2396.9198966408267,2410.3255813953483,2350.4599483204133,2351.803617571059
2013-07-15,2366.677002583979,2414.5116279069766,2351.080103359173,2384.8062015503874
2013-07-16,2378.118863049095,2395.710594315245,2358.594315245478,2395.710594315245
2013-07-17,2389.085271317829,2405.095607235142,2358.25322997416,2359.5245478036177
2013-07-18,2349.302325581395,2359.111111111111,2317.240310077519,2320.754521963824
2013-07-19,2323.6485788113696,2333.767441860465,2262.2739018087855,2264.062015503876
2013-07-22,2242.987080103359,2277.064599483204,2232.361757105943,2276.1653746770025
2013-07-23,2285.8811369509044,2353.219638242894,2280.888888888889,2341.9638242894052
2013-07-24,2329.0749354005166,2341.6847545219634,2291.669250645995,2324.702842377261
2013-07-25,2330.9767441860463,2345.0542635658912,2302.687338501292,2312.847545219638
2013-07-26,2301.219638242894,2313.6124031007753,2284.04134366925,2298.71834625323
2013-07-29,2279.1524547803615,2279.1524547803615,2241.881136950904,2249.064599483204
2013-07-30,2257.374677002584,2296.217054263566,2235.6382428940565,2262.9354005167957
2013-07-31,2286.046511627907,2310.470284237726,2260.6821705426355,2266.687338501292
2013-08-01,2280.1033591731266,2320.9922480620153,2274.5529715762273,2320.785529715762
2013-08-02,2339.53488372093,2351.1214470284235,2319.6382428940565,2322.749354005168
2013-08-05,2325.5607235142115,2354.863049095607,2318.573643410852,2354.863049095607
2013-08-06,2346.9457364341083,2379.824289405685,2332.527131782945,2370.687338501292
2013-08-07,2369.3850129198963,2391.607235142119,2353.343669250646,2357.2299741602064
2013-08-08,2353.7467700258394,2374.8113695090437,2343.2248062015506,2353.260981912145
2013-08-09,2365.385012919897,2378.9043927648577,2334.1912144702837,2362.801033591731
2013-08-12,2373.3540051679583,2431.927648578811,2370.211886304909,2431.8242894056843
2013-08-13,2431.9173126614987,2440.134366925064,2419.3591731266147,2438.315245478036
2013-08-14,2441.9844961240306,2466.770025839793,2419.4625322997413,2427.989664082687
2013-08-15,2427.7416020671835,2441.43669250646,2397.705426356589,2399.565891472868
2013-08-16,2392.0,2504.4754521963823,2372.1136950904393,2381.540051679586
2013-08-19,2362.9974160206716,2418.801033591731,2360.8062015503874,2409.7467700258394
2013-08-20,2403.9896640826873,2432.465116279069,2381.0542635658912,2390.149870801033
2013-08-21,2398.532299741602,2399.627906976744,2368.0103359173127,2386.139534883721
2013-08-22,2380.0206718346253,2407.37984496124,2374.1808785529715,2381.3229974160204
2013-08-23,2392.630490956072,2399.0077519379843,2327.5658914728683,2363.7519379844957
2013-08-26,2371.84496124031,2414.863049095607,2365.3746770025837,2414.0775193798445
2013-08-27,2411.1627906976746,2423.8863049095607,2400.4754521963823,2419.514211886305
2013-08-28,2404.2377260981907,2424.1447028423772,2384.5374677002583,2406.263565891473
2013-08-29,2417.116279069767,2421.002583979328,2385.684754521964,2396.186046511628
2013-08-30,2393.7054263565888,2412.8268733850127,2380.9922480620153,2391.6382428940565
2013-09-02,2397.891472868217,2408.134366925064,2374.6253229974154,2398.284237726098
2013-09-03,2404.3720930232557,2433.9638242894057,2399.276485788114,2433.5917312661495
2013-09-04,2431.565891472868,2439.958656330749,2424.2273901808785,2429.664082687338
2013-09-05,2429.9018087855293,2430.2015503875964,2415.2454780361754,2420.4031007751933
2013-09-06,2415.2661498708007,2440.496124031007,2414.397932816537,2436.9819121447026
2013-09-09,2454.015503875969,2531.524547803617,2452.392764857881,2522.594315245478
2013-09-10,2528.6304909560718,2558.3462532299736,2517.6537467700255,2558.025839793281
2013-09-11,2567.22480620155,2588.599483204134,2554.645994832041,2566.2945736434103
2013-09-12,2563.7932816537464,2612.279069767442,2552.682170542635,2591.6899224806198
2013-09-13,2586.6046511627906,2600.2894056847545,2564.8062015503874,2572.5064599483203
2013-09-16,2585.095607235142,2587.793281653747,2550.0051679586563,2561.643410852713
2013-09-17,2564.144702842377,2565.0749354005166,2507.968992248062,2508.8578811369507
2013-09-18,2507.53488372093,2521.5813953488373,2488.103359173126,2514.222222222222
2013-09-23,2523.53488372093,2556.2377260981907,2521.9534883720926,2555.3385012919894
2013-09-24,2553.7157622739014,2553.7467700258394,2501.385012919897,2525.9844961240306
2013-09-25,2522.832041343669,2537.5090439276482,2504.6821705426355,2510.625322997416
2013-09-26,2504.0103359173127,2504.0103359173127,2462.5736434108526,2464.5374677002583
2013-09-27,2462.242894056847,2482.894056847545,2459.8036175710595,2475.4211886304906
2013-09-30,2487.0387596899222,2496.2067183462527,2477.7467700258394,2489.9638242894052
2013-10-08,2487.255813953488,2528.8888888888887,2472.940568475452,2523.834625322997
2013-10-09,2514.6666666666665,2536.175710594315,2506.222222222222,2535.9999999999995
2013-10-10,2538.129198966408,2538.4806201550387,2503.37984496124,2510.925064599483
2013-10-11,2524.4031007751937,2554.1808785529715,2521.5813953488373,2551.4315245478037
2013-10-14,2555.317829457364,2566.5426356589146,2545.2713178294575,2555.596899224806
2013-10-15,2558.470284237726,2562.40826873385,2531.700258397933,2550.40826873385
2013-10-16,2541.6847545219634,2541.6847545219634,2490.666666666666,2502.708010335917
2013-10-17,2514.3669250645994,2522.9147286821703,2488.66149870801,2494.3979328165374
2013-10-18,2496.2480620155034,2517.5297157622736,2491.5762273901805,2507.545219638243
2013-10-21,2513.612403100775,2555.8552971576223,2504.97157622739,2554.3359173126614
2013-10-22,2553.2403100775196,2553.2403100775196,2521.8191214470285,2528.051679586563
2013-10-23,2533.912144702842,2557.488372093023,2493.519379844961,2499.7312661498704
2013-10-24,2493.271317829457,2504.330749354005,2475.9379844961236,2481.1472868217056
2013-10-25,2481.157622739018,2494.3979328165374,2433.064599483204,2448.1240310077515
2013-10-28,2452.268733850129,2457.1059431524545,2430.863049095607,2445.426356589147
2013-10-29,2448.806201550387,2489.5297157622736,2406.0981912144703,2451.731266149871
2013-10-30,2451.524547803617,2488.733850129199,2444.9715762273904,2488.3410852713173
2013-10-31,2478.9664082687336,2478.9664082687336,2449.8501291989664,2453.457364341085
2013-11-01,2453.7054263565888,2475.4625322997417,2444.5994832041342,2465.0749354005166
2013-11-04,2477.7364341085267,2485.684754521964,2456.186046511628,2460.413436692506
2013-11-05,2446.3875968992247,2465.829457364341,2422.532299741602,2463.8449612403097
2013-11-06,2450.9767441860463,2463.6072351421185,2431.8242894056843,2432.630490956072
2013-11-07,2430.8733850129197,2435.8346253229975,2406.4599483204133,2419.1731266149873
2013-11-08,2407.317829457364,2421.364341085271,2383.503875968992,2385.4780361757103
2013-11-11,2383.4005167958653,2403.3385012919894,2372.093023255814,2393.6847545219634
2013-11-12,2397.271317829457,2421.2196382428942,2394.4186046511627,2418.6046511627906
2013-11-13,2403.4728682170544,2403.679586563307,2364.392764857881,2364.9819121447026
2013-11-14,2368.237726098191,2383.1524547803615,2355.5658914728683,2381.9121447028424
2013-11-15,2384.031007751938,2457.064599483204,2384.031007751938,2429.695090439276
2013-11-18,2447.4211886304906,2511.1834625322995,2440.3514211886304,2510.4909560723513
2013-11-19,2509.488372093023,2509.488372093023,2485.8708010335913,2493.188630490956
2013-11-20,2510.3565891472867,2517.240310077519,2487.255813953488,2506.304909560723
2013-11-21,2493.488372093023,2496.516795865633,2462.925064599483,2490.9457364341083
2013-11-22,2496.423772609819,2500.2583979328165,2473.9844961240306,2478.5116279069766
2013-11-25,2465.922480620155,2500.103359173126,2460.66149870801,2468.8682170542634
2013-11-26,2468.04134366925,2479.6072351421185,2460.3720930232553,2467.6175710594316
2013-11-27,2466.5219638242893,2504.1963824289405,2463.8552971576228,2495.586563307493
2013-11-28,2500.4134366925064,2543.2144702842374,2498.4392764857876,2521.4780361757107
2013-11-29,2524.733850129199,2528.578811369509,2514.09819121447,2520.8682170542634
2013-12-02,2505.395348837209,2547.6589147286822,2477.529715762274,2500.04134366925
2013-12-03,2491.6692506459945,2530.5736434108526,2487.503875968992,2524.8372093023254
2013-12-04,2521.777777777778,2570.1705426356584,2516.4754521963823,2558.2842377260977
2013-12-05,2559.6382428940565,2565.116279069767,2543.2351421188628,2551.111111111111
2013-12-06,2545.7777777777774,2553.8087855297154,2527.772609819121,2534.6666666666665
2013-12-09,2542.6666666666665,2551.8863049095603,2528.1033591731266,2533.1989664082685
2013-12-10,2538.739018087855,2549.519379844961,2526.645994832041,2535.731266149871
2013-12-11,2522.4806201550387,2522.4806201550387,2481.3850129198963,2493.808785529716
2013-12-12,2487.617571059431,2504.7131782945735,2483.4832041343666,2490.9767441860463
2013-12-13,2468.8992248062013,2497.4263565891474,2466.40826873385,2487.4832041343666
2013-12-16,2489.5917312661495,2493.7777777777774,2446.956072351421,2447.4625322997413
2013-12-17,2448.847545219638,2453.0129198966406,2430.1602067183458,2435.5348837209303
2013-12-18,2435.865633074935,2448.144702842377,2429.4056847545216,2436.4134366925064
2013-12-19,2445.695090439276,2450.635658914728,2409.4987080103356,2410.7596899224804
2013-12-20,2413.4883720930234,2417.4470284237727,2354.625322997416,2354.6666666666665
2013-12-23,2360.516795865633,2372.8888888888887,2335.4832041343666,2361.3436692506457
2013-12-24,2368.093023255814,2390.5219638242893,2346.5116279069766,2365.116279069767
2013-12-25,2368.733850129199,2383.0594315245476,2358.242894056847,2382.5426356589146
2013-12-26,2377.2299741602064,2378.8010335917306,2339.968992248062,2341.426356589147
2013-12-27,2344.7441860465115,2392.9509043927646,2340.4547803617565,2380.8578811369507
2013-12-30,2391.0904392764855,2394.439276485788,2372.754521963824,2376.702842377261
2013-12-31,2365.9018087855297,2411.4418604651164,2363.9483204134362,2408.299741602067
2014-01-02,2401.4780361757103,2404.1240310077515,2388.268733850129,2399.9793281653747
2014-01-03,2389.6330749354,2392.5994832041342,2357.5090439276482,2367.731266149871
2014-01-06,2363.173126614987,2363.173126614987,2304.217054263566,2313.8397932816533
2014-01-07,2296.9612403100773,2322.263565891473,2293.178294573643,2313.178294573643
2014-01-08,2315.9069767441856,2338.5839793281652,2303.2764857881134,2317.219638242894
2014-01-09,2312.113695090439,2334.770025839793,2295.4005167958658,2296.8682170542634
2014-01-10,2290.9767441860463,2299.2144702842374,2274.129198966408,2278.9147286821703
2014-01-13,2281.1369509043925,2296.7131782945735,2256.9509043927646,2267.3695090439273
2014-01-14,2266.501291989664,2288.4961240310076,2253.1369509043925,2287.1834625322995
2014-01-15,2284.2583979328165,2290.3359173126614,2267.4935400516797,2283.142118863049
2014-01-16,2283.6692506459945,2302.077519379845,2275.5142118863046,2286.139534883721
2014-01-17,2277.8501291989664,2280.072351421188,2248.97157622739,2251.6692506459945
2014-01-20,2246.6666666666665,2255.7726098191215,2228.8992248062013,2238.7493540051673
2014-01-21,2241.2609819121444,2271.751937984496,2241.2609819121444,2260.8888888888887
2014-01-22,2264.010335917312,2319.514211886305,2261.012919896641,2319.1731266149873
2014-01-23,2317.571059431524,2324.4651162790697,2302.9043927648577,2306.863049095607
2014-01-24,2300.5271317829456,2333.188630490956,2297.5607235142115,2321.116279069767
2014-01-27,2308.031007751938,2308.248062015504,2286.0981912144703,2290.3565891472867
2014-01-28,2295.3901808785527,2308.279069767442,2280.072351421188,2294.4289405684754
2014-01-29,2300.4754521963823,2308.072351421188,2294.5012919896635,2302.614987080103
2014-01-30,2297.8397932816533,2297.8397932816533,2274.129198966408,2276.4341085271312
2014-02-07,2260.8165374677,2286.8217054263564,2250.2532299741597,2286.801033591731
2014-02-10,2296.1653746770025,2346.4496124031007,2296.1653746770025,2343.700258397933
2014-02-11,2343.9173126614983,2373.664082687338,2338.6046511627906,2362.3359173126614
2014-02-12,2362.987080103359,2371.390180878553,2352.909560723514,2368.217054263566
2014-02-13,2365.3229974160204,2384.9819121447026,2354.7906976744184,2356.124031007752
2014-02-14,2354.9354005167957,2372.97157622739,2350.832041343669,2372.692506459948
2014-02-17,2386.346253229974,2393.364341085271,2370.594315245478,2389.302325581395
2014-02-18,2387.9173126614983,2387.9173126614983,2352.5684754521963,2359.111111111111
2014-02-19,2357.550387596899,2395.2661498708007,2350.5426356589146,2386.211886304909
2014-02-20,2391.824289405685,2410.025839793281,2362.9974160206716,2364.279069767442
2014-02-21,2360.754521963824,2364.723514211886,2326.25322997416,2340.3514211886304
2014-02-24,2322.1912144702837,2322.1912144702837,2267.865633074935,2288.899224806202
2014-02-25,2290.9767441860463,2299.9586563307494,2222.3255813953488,2230.397932816537
2014-02-26,2219.8863049095603,2237.4160206718343,2208.8682170542634,2236.082687338501
2014-02-27,2243.7312661498704,2253.2919896640824,2222.366925064599,2226.470284237726
2014-02-28,2221.6537467700255,2253.7157622739014,2205.2196382428942,2252.165374677002
2014-03-03,2246.9354005167957,2267.927648578811,2240.733850129199,2263.9483204134362
2014-03-04,2257.219638242894,2262.118863049095,2234.201550387597,2257.643410852713
2014-03-05,2260.8268733850127,2262.625322997416,2232.144702842377,2236.671834625323
2014-03-06,2231.937984496124,2254.708010335917,2208.2170542635654,2246.645994832041
2014-03-07,2242.9354005167957,2262.9354005167957,2234.046511627907,2241.1989664082685
2014-03-10,2221.8914728682166,2221.8914728682166,2165.4470284237727,2168.2583979328165
2014-03-11,2162.9043927648577,2189.9638242894052,2158.894056847545,2179.4935400516792
2014-03-12,2173.43669250646,2202.160206718346,2160.9922480620157,2185.147286821705
2014-03-13,2190.749354005168,2221.6434108527133,2187.06976744186,2212.2273901808785
2014-03-14,2201.4160206718343,2212.279069767442,2180.4444444444443,2194.1498708010336
2014-03-17,2204.4341085271317,2215.193798449612,2190.129198966408,2215.0284237726096
2014-03-18,2218.211886304909,2224.764857881137,2206.6356589147285,2209.953488372093
2014-03-19,2202.8733850129197,2202.8733850129197,2171.8759689922476,2192.113695090439
2014-03-20,2187.2764857881134,2206.501291989664,2156.5891472868216,2157.0749354005166
2014-03-21,2149.7364341085267,2235.8966408268734,2147.5555555555557,2231.3178294573645
2014-03-24,2234.5219638242893,2260.186046511628,2223.1214470284235,2249.6640826873386
2014-03-25,2243.700258397933,2265.1059431524545,2237.3850129198963,2247.4832041343666
2014-03-26,2254.501291989664,2259.5142118863046,2237.9534883720926,2243.9793281653747
2014-03-27,2241.178294573643,2260.35142118863,2219.0387596899222,2228.124031007752
2014-03-28,2226.894056847545,2245.653746770026,2216.6201550387595,2224.258397932816
2014-03-31,2228.4754521963823,2237.984496124031,2206.1188630490956,2218.40826873385
2014-04-01,2215.7312661498704,2242.9974160206716,2213.0749354005166,2235.7829457364337
2014-04-02,2238.832041343669,2255.9999999999995,2236.702842377261,2253.984496124031
2014-04-03,2262.1602067183458,2269.912144702842,2233.333333333333,2237.736434108527
2014-04-04,2230.470284237726,2259.5865633074936,2227.6795865633076,2258.8837209302324
2014-04-08,2253.147286821705,2319.348837209302,2252.103359173126,2312.4754521963823
2014-04-09,2315.0284237726096,2322.263565891473,2303.865633074935,2313.819121447028
2014-04-10,2316.7441860465115,2367.6899224806198,2304.4134366925064,2350.139534883721
2014-04-11,2345.808785529716,2357.736434108527,2337.085271317829,2346.9457364341083
2014-04-14,2344.124031007752,2352.279069767442,2331.22480620155,2344.8165374677
2014-04-15,2337.3746770025837,2337.4366925064596,2300.454780361757,2304.3514211886304
2014-04-16,2298.1602067183458,2320.7441860465115,2295.762273901809,2307.5245478036177
2014-04-17,2313.984496124031,2316.9198966408267,2296.589147286821,2299.5348837209303
2014-04-18,2290.315245478036,2303.6382428940565,2277.0542635658917,2299.204134366925
2014-04-21,2284.175710594315,2306.677002583979,2260.217054263566,2260.723514211886
2014-04-22,2257.3850129198963,2270.645994832041,2237.8087855297154,2270.594315245478
2014-04-23,2264.8372093023254,2279.6795865633076,2260.8682170542634,2268.392764857881
2014-04-24,2266.4289405684754,2283.6692506459945,2260.217054263566,2264.051679586563
2014-04-25,2269.5813953488373,2275.6692506459945,2240.454780361757,2240.6511627906975
2014-04-28,2238.5219638242893,2244.3307493540046,2204.3410852713173,2206.6873385012914
2014-04-29,2206.1085271317825,2231.9173126614987,2203.390180878553,2230.9767441860463
2014-04-30,2231.276485788114,2236.878552971576,2225.4470284237723,2231.173126614987
2014-05-05,2224.8992248062013,2234.3152454780356,2202.8217054263564,2228.909560723514
2014-05-06,2223.658914728682,2246.6356589147285,2222.3359173126614,2229.7984496124027
2014-05-07,2223.741602067183,2226.067183462532,2208.775193798449,2209.1162790697676
2014-05-08,2203.658914728682,2241.0439276485786,2199.813953488372,2207.2351421188628
2014-05-09,2210.687338501292,2213.4987080103356,2191.834625322997,2205.5917312661495
2014-05-12,2222.5426356589146,2257.7054263565888,2211.348837209302,2253.28165374677
2014-05-13,2253.2919896640824,2258.4496124031007,2240.5891472868216,2247.9069767441856
2014-05-14,2248.15503875969,2257.5917312661495,2241.860465116279,2245.3436692506457
2014-05-15,2242.1498708010336,2244.3927648578806,2214.3049095607234,2216.103359173126
2014-05-16,2215.9483204134362,2222.739018087855,2203.813953488372,2218.036175710594
2014-05-19,2211.22480620155,2211.22480620155,2176.4444444444443,2186.1912144702837
2014-05-20,2196.0826873385013,2203.1731266149873,2181.6227390180875,2186.8423772609817
2014-05-21,2177.529715762274,2207.8552971576223,2166.935400516796,2207.658914728682
2014-05-22,2205.777777777778,2233.4987080103356,2200.3720930232557,2202.4496124031007
2014-05-23,2202.3565891472867,2220.754521963824,2200.165374677002,2220.578811369509
2014-05-26,2234.5116279069766,2238.160206718346,2219.586563307493,2228.4031007751937
2014-05-27,2226.770025839793,2232.5891472868216,2217.8294573643407,2219.4108527131784
2014-05-28,2219.6072351421185,2244.1033591731266,2213.9638242894057,2242.2222222222217
2014-05-29,2244.1963824289405,2251.2558139534885,2227.317829457364,2227.555555555555
2014-05-30,2228.8165374677,2239.7002583979324,2218.3152454780356,2228.8992248062013
2014-06-03,2230.118863049095,2241.860465116279,2221.488372093023,2222.139534883721
2014-06-04,2221.612403100775,2221.6537467700255,2188.4341085271317,2199.7622739018084
2014-06-05,2198.046511627907,2223.1834625322995,2194.8527131782944,2222.8423772609817
2014-06-06,2221.4056847545216,2221.9948320413437,2195.3281653746767,2206.428940568475
2014-06-09,2199.7209302325577,2226.25322997416,2198.108527131783,2205.9741602067184
2014-06-10,2210.5116279069766,2234.139534883721,2204.082687338501,2233.8708010335913
2014-06-11,2228.578811369509,2236.2894056847545,2224.3720930232557,2233.3540051679583
2014-06-12,2229.2093023255816,2233.581395348837,2220.578811369509,2225.7467700258394
2014-06-13,2223.2454780361754,2257.002583979328,2222.8113695090437,2249.3436692506457
2014-06-16,2249.550387596899,2270.1188630490956,2247.3178294573645,2265.4883720930234
2014-06-17,2259.100775193798,2259.100775193798,2241.2919896640824,2242.5529715762273
2014-06-18,2242.1188630490956,2245.529715762274,2231.0077519379843,2232.806201550387
2014-06-19,2234.036175710594,2239.1834625322995,2190.6976744186045,2198.3565891472863
2014-06-20,2196.3410852713178,2208.8165374677,2192.051679586563,2208.5064599483203
2014-06-23,2209.7467700258394,2219.3591731266147,2204.082687338501,2205.798449612403
2014-06-24,2203.2971576227387,2217.271317829457,2201.850129198966,2216.8682170542634
2014-06-25,2213.674418604651,2213.674418604651,2197.457364341085,2205.033591731266
2014-06-26,2206.8837209302324,2223.369509043928,2206.6046511627906,2221.271317829457
2014-06-27,2218.470284237726,2232.0723514211886,2210.7803617571058,2222.4909560723513
2014-06-30,2224.609819121447,2241.0542635658912,2224.609819121447,2237.850129198966
2014-07-01,2242.067183462532,2244.0826873385013,2229.59173126615,2237.271317829457
2014-07-02,2236.692506459948,2244.454780361757,2228.0206718346253,2243.7932816537464
2014-07-03,2241.860465116279,2258.3565891472867,2237.560723514212,2253.426356589147
2014-07-04,2253.695090439276,2257.1576227390183,2247.1007751937987,2251.8863049095603
2014-07-07,2251.731266149871,2259.6382428940565,2244.010335917312,2249.395348837209
2014-07-08,2247.8863049095603,2254.0361757105943,2236.031007751938,2253.7157622739014
2014-07-09,2251.3074935400514,2251.68992248062,2220.423772609819,2220.8888888888887
2014-07-10,2218.708010335917,2224.0516795865633,2211.3901808785527,2214.832041343669
2014-07-11,2208.0826873385013,2227.1214470284235,2206.5116279069766,2220.1653746770025
2014-07-14,2221.7467700258394,2244.8578811369507,2217.343669250646,2244.7131782945735
2014-07-15,2242.987080103359,2249.3746770025837,2237.9431524547804,2248.0413436692506
2014-07-16,2245.808785529716,2256.5891472868216,2239.555555555555,2243.7932816537464
2014-07-17,2239.617571059431,2239.7209302325577,2219.204134366925,2229.529715762274
2014-07-18,2219.803617571059,2249.4366925064596,2217.519379844961,2236.8372093023254
2014-07-21,2236.9198966408267,2244.8992248062013,2231.4832041343666,2239.0697674418607
2014-07-22,2235.080103359173,2271.4108527131784,2234.8733850129197,2266.3565891472863
2014-07-23,2265.002583979328,2284.5271317829456,2264.1447028423772,2271.658914728682
2014-07-24,2273.726098191214,2315.0594315245476,2273.726098191214,2312.1653746770025
2014-07-25,2318.4186046511627,2336.8372093023254,2314.284237726098,2336.382428940568
2014-07-28,2348.7131782945735,2409.78811369509,2348.7131782945735,2401.9638242894057
2014-07-29,2404.175710594315,2421.4677002583976,2394.025839793281,2409.6847545219634
2014-07-30,2402.7803617571058,2417.612403100775,2393.8604651162786,2400.0103359173127
2014-07-31,2399.9689922480616,2429.5090439276487,2394.40826873385,2429.1989664082685
2014-08-01,2419.875968992248,2451.162790697674,2407.204134366925,2407.6485788113696
2014-08-04,2415.1214470284235,2455.4211886304906,2410.480620155038,2455.4211886304906
2014-08-05,2456.640826873385,2460.7441860465115,2432.8682170542634,2448.940568475452
2014-08-06,2437.426356589147,2451.3385012919894,2412.7441860465115,2442.60465116279
2014-08-07,2443.0077519379843,2448.785529715762,2404.4134366925064,2405.643410852713
2014-08-08,2407.4211886304906,2417.850129198966,2397.1989664082685,2409.43669250646
2014-08-11,2416.547803617571,2446.5116279069766,2415.514211886305,2444.8062015503874
2014-08-12,2440.485788113695,2440.485788113695,2423.4832041343666,2436.2273901808785
2014-08-13,2437.6847545219634,2450.139534883721,2414.1498708010336,2438.139534883721
2014-08-14,2436.382428940568,2442.5633074935395,2412.485788113695,2414.4186046511622
2014-08-15,2416.527131782945,2446.40826873385,2411.4935400516792,2439.9379844961236
2014-08-18,2445.757105943152,2459.7416020671835,2440.5167958656325,2454.3255813953488
2014-08-19,2458.801033591731,2459.4005167958653,2438.211886304909,2454.5426356589146
2014-08-20,2451.317829457364,2455.2764857881134,2440.1447028423772,2445.6227390180875
2014-08-21,2445.1989664082685,2446.987080103359,2411.6795865633076,2433.3229974160204
2014-08-22,2431.33850129199,2448.0206718346253,2429.9638242894052,2444.8165374677
2014-08-25,2446.532299741602,2447.142118863049,2417.0129198966406,2421.560723514212
2014-08-26,2418.1912144702837,2429.3436692506457,2395.018087855297,2402.160206718346
2014-08-27,2401.850129198966,2415.2351421188628,2400.9198966408267,2405.78811369509
2014-08-28,2406.263565891473,2414.8423772609817,2387.22480620155,2388.9198966408267
2014-08-29,2395.1421188630493,2417.333333333333,2390.966408268734,2416.8372093023254
2014-09-01,2419.565891472868,2434.677002583979,2417.0852713178297,2434.439276485788
2014-09-02,2439.131782945736,2467.865633074935,2428.8888888888887,2466.625322997416
2014-09-03,2469.9638242894057,2495.359173126615,2469.9534883720926,2489.7571059431525
2014-09-04,2492.9509043927646,2508.8372093023254,2484.8372093023254,2507.7209302325577
2014-09-05,2514.9043927648577,2532.9509043927646,2509.550387596899,2531.5348837209303
2014-09-09,2534.6046511627906,2537.3540051679583,2518.9457364341083,2527.3591731266147
2014-09-10,2517.405684754522,2518.9457364341083,2504.031007751938,2514.1395348837204
2014-09-11,2512.3307493540046,2544.1550387596894,2498.470284237726,2504.8578811369507
2014-09-12,2500.0,2520.268733850129,2493.664082687338,2520.268733850129
2014-09-15,2514.7286821705425,2521.188630490956,2500.217054263566,2519.0594315245476
2014-09-16,2522.315245478036,2524.9819121447026,2467.162790697674,2469.0129198966406
2014-09-17,2475.824289405685,2486.1705426356584,2459.0077519379843,2481.994832041343
2014-09-18,2476.878552971576,2496.072351421188,2469.8914728682166,2489.571059431524
2014-09-19,2490.2428940568475,2511.782945736434,2483.0077519379843,2506.677002583979
2014-09-22,2500.5994832041342,2500.5994832041342,2453.860465116279,2458.832041343669
2014-09-23,2459.4521963824286,2483.1834625322995,2459.4521963824286,2480.062015503876
2014-09-24,2471.751937984496,2526.077519379845,2467.2558139534885,2523.8863049095607
2014-09-25,2535.8346253229975,2545.395348837209,2511.204134366925,2518.8320413436686
2014-09-26,2512.4651162790697,2521.6020671834626,2501.8087855297154,2519.06976744186
2014-09-29,2526.005167958656,2536.093023255814,2517.4263565891474,2530.0258397932816
2014-09-30,2534.5426356589146,2537.3540051679583,2526.304909560723,2533.3229974160204
2014-10-08,2543.53488372093,2561.6330749354006,2527.410852713178,2561.6330749354006
2014-10-09,2563.5142118863046,2571.68992248062,2543.782945736434,2565.333333333333
2014-10-10,2555.142118863049,2565.519379844961,2540.2377260981907,2549.6537467700255
2014-10-13,2539.958656330749,2543.0387596899222,2512.1963824289405,2537.4160206718343
2014-10-14,2533.4263565891474,2550.801033591731,2518.1808785529715,2528.7441860465115
2014-10-15,2526.656330749354,2548.3204134366924,2512.8578811369507,2546.6356589147285
2014-10-16,2531.2351421188628,2563.6175710594316,2523.84496124031,2526.5116279069766
2014-10-17,2525.2919896640824,2538.614987080103,2491.3695090439273,2523.7519379844957
2014-10-20,2530.697674418604,2539.142118863049,2523.9276485788114,2537.1679586563305
2014-10-21,2535.8242894056843,2541.8708010335918,2514.263565891473,2515.131782945736
2014-10-22,2516.6821705426355,2529.6847545219634,2498.770025839793,2499.8863049095603
2014-10-23,2496.578811369509,2506.1085271317825,2472.8992248062013,2476.423772609819
2014-10-24,2478.3979328165374,2485.7777777777774,2465.8708010335918,2471.018087855297
2014-10-27,2457.4056847545216,2457.4056847545216,2441.0129198966406,2448.4031007751937
2014-10-28,2452.878552971576,2497.9534883720926,2452.878552971576,2497.829457364341
2014-10-29,2505.2299741602064,2543.9483204134362,2496.847545219638,2533.7260981912145
2014-10-30,2532.671834625323,2557.498708010336,2525.8501291989664,2551.865633074935
2014-10-31,2556.5891472868216,2596.578811369509,2549.3540051679583,2592.5891472868216
2014-11-03,2600.330749354005,2608.9612403100773,2586.1085271317825,2596.9509043927646
2014-11-04,2595.3901808785527,2602.0258397932816,2582.5426356589146,2597.5917312661495
2014-11-05,2601.4160206718343,2604.031007751938,2583.1834625322995,2587.5452196382425
2014-11-06,2589.3229974160204,2595.3385012919894,2566.3875968992247,2590.25322997416
2014-11-07,2593.0439276485786,2626.925064599483,2573.0439276485786,2586.201550387597
2014-11-10,2614.8113695090437,2651.9173126614987,2599.1834625322995,2651.9173126614987
2014-11-11,2665.0542635658912,2689.78811369509,2617.6434108527133,2644.5581395348836
2014-11-12,2630.9043927648577,2681.467700258398,2624.909560723514,2681.467700258398
2014-11-13,2684.640826873385,2695.111111111111,2653.7054263565888,2666.40826873385
2014-11-14,2655.5142118863046,2668.6614987080097,2643.586563307493,2667.793281653747
2014-11-17,2701.3023255813955,2701.9018087855297,2652.1343669250646,2653.333333333333
2014-11-18,2651.441860465116,2656.547803617571,2620.082687338501,2626.7906976744184
2014-11-19,2623.4935400516792,2636.175710594315,2616.3514211886304,2622.4496124031
2014-11-20,2613.7260981912145,2630.9767441860463,2607.5865633074936,2622.3255813953483
2014-11-21,2622.7803617571058,2672.206718346253,2615.018087855297,2670.2428940568475
2014-11-24,2701.974160206718,2757.2816537467697,2690.377260981912,2738.25322997416
2014-11-25,2739.111111111111,2776.289405684754,2732.6511627906975,2775.772609819121
2014-11-26,2785.798449612403,2814.8423772609817,2780.6821705426355,2814.4909560723513
2014-11-27,2828.97157622739,2847.0180878552965,2810.025839793281,2847.0180878552965
2014-11-28,2846.4392764857876,2903.9173126614983,2832.4237726098186,2903.173126614987
2014-12-01,2920.5271317829456,2951.2454780361754,2902.9974160206716,2914.532299741602
2014-12-02,2901.6434108527133,3043.421188630491,2898.4909560723513,3022.160206718346
2014-12-03,3034.749354005168,3129.9534883720926,3010.0775193798445,3067.2351421188628
2014-12-04,3075.348837209302,3209.188630490956,3068.609819121447,3208.630490956072
2014-12-05,3249.581395348837,3303.1524547803615,3113.116279069767,3229.8604651162786
2014-12-08,3212.6821705426355,3380.754521963824,3179.0180878552965,3362.1498708010336
2014-12-09,3341.7054263565888,3501.6330749354,3177.7984496124027,3211.2764857881134
2014-12-10,3225.0232558139533,3337.5193798449613,3160.9198966408267,3329.767441860465
2014-12-11,3292.1550387596894,3363.741602067183,3264.5374677002583,3289.9328165374677
2014-12-12,3289.8397932816533,3348.2687338501287,3274.3462532299736,3300.4961240310076
2014-12-15,3283.5452196382425,3334.5943152454774,3248.8888888888887,3325.302325581395
2014-12-16,3329.571059431524,3414.3669250645994,3315.441860465116,3414.3669250645994
2014-12-17,3437.540051679586,3481.333333333333,3385.7777777777774,3473.488372093023
2014-12-18,3471.9276485788114,3507.710594315245,3433.8294573643407,3458.3255813953483
2014-12-19,3458.015503875969,3511.2971576227387,3391.131782945736,3496.8165374677
2014-12-22,3510.3359173126614,3571.2764857881134,3470.4496124031,3508.5064599483203
2014-12-23,3471.6279069767443,3547.0594315245476,3428.3307493540046,3436.609819121447
2014-12-24,3444.0826873385013,3452.5684754521963,3295.6072351421185,3338.9043927648577
2014-12-25,3363.803617571059,3447.8346253229975,3334.6976744186045,3447.4625322997413
2014-12-26,3455.958656330749,3569.3436692506457,3447.0387596899222,3561.5917312661495
2014-12-29,3619.8242894056843,3642.6666666666665,3520.248062015504,3571.53488372093
2014-12-30,3566.7286821705425,3609.12661498708,3537.12661498708,3573.6950904392766
2014-12-31,3578.697674418604,3661.333333333333,3568.4754521963823,3652.4134366925064
2015-01-05,3685.8811369509044,3792.289405684754,3670.8113695090437,3763.865633074935
2015-01-06,3729.643410852713,3806.956072351421,3707.7312661498704,3763.3695090439273
2015-01-07,3742.5529715762273,3794.5116279069766,3722.6873385012914,3766.1912144702837
2015-01-08,3772.6821705426355,3782.8940568475446,3671.4211886304906,3678.8217054263564
2015-01-09,3666.739018087855,3813.695090439276,3655.193798449612,3665.8604651162786
2015-01-12,3650.149870801033,3680.1343669250646,3577.5917312661495,3631.6072351421185
2015-01-13,3624.2377260981907,3669.4160206718343,3612.165374677002,3632.082687338501
2015-01-14,3641.2506459948318,3666.397932816537,3588.1757105943148,3620.0723514211886
2015-01-15,3619.348837209302,3725.188630490956,3599.2454780361754,3725.188630490956
2015-01-16,3737.726098191214,3785.178294573643,3722.232558139535,3757.2609819121444
2015-01-19,3528.692506459948,3614.7286821705425,3442.8733850129197,3467.865633074935
2015-01-20,3448.878552971576,3534.056847545219,3437.395348837209,3510.304909560723
2015-01-21,3535.3901808785527,3677.302325581395,3523.958656330749,3668.103359173126
2015-01-22,3670.3359173126614,3696.909560723514,3638.294573643411,3687.4521963824286
2015-01-23,3702.4186046511627,3749.674418604651,3667.834625322997,3691.710594315245
2015-01-26,3700.382428940568,3732.940568475452,3678.9457364341083,3729.1886304909553
2015-01-27,3735.441860465116,3737.736434108527,3627.927648578811,3695.0180878552965
2015-01-28,3666.397932816537,3703.679586563307,3630.3772609819116,3643.7416020671835
2015-01-29,3591.648578811369,3623.3385012919894,3569.9224806201546,3598.7596899224804
2015-01-30,3614.3565891472863,3632.2687338501287,3547.22480620155,3549.757105943152
2015-02-02,3473.064599483204,3521.715762273902,3459.524547803617,3466.625322997416
2015-02-03,3502.428940568475,3557.3229974160204,3473.612403100775,3552.919896640826
2015-02-04,3561.9018087855293,3593.6124031007753,3513.767441860465,3516.04134366925
2015-02-05,3605.1162790697667,3605.1162790697667,3479.9586563307494,3480.051679586563
2015-02-06,3464.940568475452,3487.3901808785527,3396.3204134366924,3423.6899224806198
2015-02-09,3416.7751937984494,3489.953488372093,3409.4056847545216,3458.315245478036
2015-02-10,3457.4470284237723,3521.6330749354,3451.731266149871,3521.3850129198963
2015-02-11,3530.7286821705425,3561.4056847545216,3526.75968992248,3549.4780361757103
2015-02-12,3550.7596899224804,3569.5917312661495,3520.031007751938,3558.521963824289
2015-02-13,3575.018087855297,3627.4005167958658,3568.04134366925,3586.3875968992243
2015-02-16,3589.9638242894052,3622.2015503875964,3583.0594315245476,3617.033591731266
2015-02-17,3629.4987080103356,3655.627906976744,3629.033591731266,3640.640826873385
2015-02-25,3648.1136950904393,3648.1136950904393,3580.3204134366924,3595.586563307493
2015-02-26,3590.3979328165374,3689.2299741602064,3572.9922480620153,3686.0981912144703
2015-02-27,3684.9922480620153,3715.565891472868,3680.0620155038755,3692.8578811369507
2015-03-02,3724.496124031007,3729.912144702842,3686.3359173126614,3722.242894056847
2015-03-03,3699.555555555555,3699.555555555555,3621.912144702842,3625.7364341085267
2015-03-04,3632.733850129199,3659.8552971576223,3614.645994832041,3649.426356589147
2015-03-05,3631.2661498708007,3635.22480620155,3584.165374677002,3613.7881136950905
2015-03-06,3618.790697674418,3634.3565891472863,3589.033591731266,3595.3695090439273
2015-03-09,3565.581395348837,3665.850129198966,3532.289405684754,3656.5891472868216
2015-03-10,3642.005167958656,3670.501291989664,3629.9638242894052,3638.8733850129197
2015-03-11,3642.9767441860463,3688.8062015503874,3630.2015503875964,3643.049095607235
2015-03-12,3677.1989664082685,3724.3824289405684,3655.3281653746767,3713.5297157622736
2015-03-13,3725.757105943152,3763.710594315245,3715.4935400516792,3739.1834625322995
2015-03-16,3764.103359173126,3830.2222222222217,3742.75968992248,3830.1498708010336
2015-03-17,3859.3901808785527,3888.97157622739,3841.664082687338,3883.3281653746767
2015-03-18,3895.7002583979324,3975.255813953488,3890.2842377260977,3975.255813953488
2015-03-19,3980.6201550387595,3988.764857881137,3937.6847545219634,3968.7235142118857
2015-03-20,3981.9018087855293,4048.4341085271317,3961.157622739018,4023.3281653746767
2015-03-23,4054.863049095607,4105.736434108527,4053.9638242894052,4105.488372093023
2015-03-24,4113.767441860465,4123.886304909561,4014.2428940568475,4106.511627906976
2015-03-25,4094.6563307493534,4114.439276485788,4045.467700258397,4072.775193798449
2015-03-26,4053.488372093023,4126.09819121447,4023.648578811369,4082.687338501292
2015-03-27,4090.480620155038,4127.162790697675,4064.981912144702,4105.116279069767
2015-03-30,4133.354005167958,4239.431524547803,4133.354005167958,4225.509043927648
2015-03-31,4277.922480620155,4305.963824289406,4173.405684754522,4187.286821705426
2015-04-01,4193.798449612403,4278.552971576227,4182.883720930232,4262.428940568475
2015-04-02,4289.354005167958,4296.475452196382,4205.32299741602,4263.338501291989
2015-04-03,4242.552971576227,4310.656330749354,4229.850129198966,4310.635658914728
2015-04-07,4355.441860465116,4403.586563307494,4338.005167958657,4403.142118863048
2015-04-08,4421.1369509043925,4449.385012919896,4346.0775193798445,4440.103359173127
2015-04-09,4461.974160206718,4477.695090439276,4354.118863049095,4405.312661498708
2015-04-10,4392.124031007752,4497.870801033591,4373.333333333333,4490.356589147286
2015-04-13,4541.6537467700255,4580.899224806201,4508.103359173127,4569.581395348837
2015-04-14,4581.012919896641,4624.6511627906975,4533.240310077519,4587.266149870801
2015-04-15,4588.434108527132,4626.356589147286,4526.728682170542,4527.658914728682
2015-04-16,4501.798449612403,4665.395348837209,4481.271317829457,4665.1679586563305
2015-04-17,4732.485788113695,4785.808785529715,4706.873385012919,4750.532299741602
2015-04-20,4770.056847545219,4828.082687338501,4643.514211886305,4673.819121447028
2015-04-21,4672.31007751938,4775.2558139534885,4655.875968992248,4774.325581395348
2015-04-22,4792.826873385013,4900.186046511628,4788.206718346253,4899.02842377261
2015-04-23,4924.527131782945,4942.677002583979,4851.64857881137,4900.144702842377
2015-04-24,4839.927648578811,4889.333333333333,4773.457364341085,4860.609819121447
2015-04-27,4913.5607235142115,4972.0826873385,4894.3772609819125,4969.085271317829
2015-04-28,4972.940568475451,5001.6330749354,4861.571059431524,4901.147286821704
2015-04-29,4881.550387596899,4959.100775193799,4853.529715762274,4934.708010335917
2015-04-30,4949.260981912144,4980.599483204133,4909.033591731266,4909.447028423772
2015-05-04,4917.457364341085,4957.023255813953,4857.2609819121435,4948.568475452195
2015-05-05,4945.932816537467,4945.932816537467,4726.594315245477,4751.2558139534885
2015-05-06,4781.633074935399,4858.821705426356,4663.3178294573645,4706.284237726098
2015-05-07,4672.682170542635,4699.059431524547,4617.529715762274,4620.248062015504
2015-05-08,4667.235142118863,4712.206718346253,4594.9250645994825,4711.524547803617
2015-05-11,4736.010335917313,4848.527131782945,4687.493540051679,4848.093023255813
2015-05-12,4849.736434108527,4907.493540051679,4816.558139534884,4906.894056847545
2015-05-13,4906.160206718346,4917.829457364341,4836.020671834625,4876.940568475451
2015-05-14,4876.444444444444,4894.346253229974,4827.049095607234,4858.687338501291
2015-05-15,4848.330749354005,4848.330749354005,4746.304909560723,4772.578811369509
2015-05-18,4735.979328165375,4778.687338501291,4718.4082687338505,4728.826873385013
2015-05-19,4731.410852713178,4899.235142118863,4731.410852713178,4890.149870801033
2015-05-20,4911.183462532299,5005.78811369509,4904.609819121447,4914.645994832041
2015-05-21,4928.878552971575,5004.258397932816,4905.457364341085,5003.596899224805
2015-05-22,5060.392764857881,5118.335917312661,5034.211886304909,5117.664082687338
2015-05-25,5115.359173126614,5271.152454780361,5115.359173126614,5270.801033591731
2015-05-26,5313.488372093023,5373.953488372093,5233.2299741602055,5373.5607235142115
2015-05-27,5391.390180878552,5402.418604651162,5299.080103359172,5355.483204134367
2015-05-28,5347.906976744186,5388.299741602067,4993.6227390180875,4996.392764857881
2015-05-29,5002.09819121447,5089.715762273901,4822.242894056848,5003.4418604651155
2015-06-01,5026.1085271317825,5249.94315245478,4998.21188630491,5246.697674418605
2015-06-02,5262.294573643411,5335.979328165375,5216.62015503876,5335.2661498708
2015-06-03,5350.490956072352,5361.209302325581,5229.457364341085,5316.372093023256
2015-06-04,5329.209302325581,5368.713178294573,5026.842377260982,5355.4728682170535
2015-06-05,5431.431524547803,5465.984496124031,5275.638242894057,5406.25322997416
2015-06-08,5436.0826873385,5551.0180878552965,5377.354005167958,5533.5917312661495
2015-06-09,5560.175710594315,5561.1679586563305,5427.607235142118,5496.082687338501
2015-06-10,5430.801033591731,5555.3798449612395,5384.6821705426355,5487.452196382428
2015-06-11,5483.3488372093025,5508.320413436692,5424.454780361756,5484.847545219638
2015-06-12,5508.299741602066,5531.42118863049,5460.558139534884,5514.335917312661
2015-06-15,5533.860465116279,5542.583979328165,5382.232558139535,5396.558139534884
2015-06-16,5338.52196382429,5379.121447028423,5183.731266149871,5234.9560723514205
2015-06-17,5242.697674418605,5331.648578811369,5115.545219638242,5311.452196382428
2015-06-18,5279.2661498708,5293.250645994832,5091.917312661499,5096.175710594315
2015-06-19,5009.881136950904,5075.400516795865,4790.377260981912,4792.8165374677
2015-06-23,4797.333333333333,4947.762273901809,4604.992248062015,4946.863049095607
2015-06-24,4973.219638242894,5047.782945736433,4903.679586563308,5044.062015503876
2015-06-25,5071.049095607234,5084.50645994832,4824.0,4864.62015503876
2015-06-26,4727.514211886304,4806.397932816537,4422.4082687338505,4481.850129198966
2015-06-29,4596.217054263566,4600.692506459948,4135.328165374676,4332.35142118863
2015-06-30,4300.847545219637,4626.118863049096,4150.914728682171,4623.255813953488
2015-07-01,4557.085271317828,4678.170542635658,4377.984496124031,4395.886304909561
2015-07-02,4431.762273901808,4457.043927648578,4134.428940568475,4245.994832041343
2015-07-03,4152.144702842376,4304.527131782946,3913.0749354005166,4016.454780361757
2015-07-06,4359.968992248062,4359.968992248062,3961.2093023255807,4132.857881136951
2015-07-07,4008.113695090439,4093.6847545219634,3869.3746770025837,4059.9483204134362
2015-07-08,3773.7054263565888,3889.0129198966406,3733.5917312661495,3786.087855297157
2015-07-09,3743.3385012919894,4062.284237726098,3656.6718346253224,4028.5581395348836
2015-07-10,4047.8242894056843,4319.493540051679,4018.139534883721,4244.50645994832
2015-07-13,4271.038759689922,4421.870801033591,4209.229974160206,4353.291989664082
2015-07-14,4318.997416020671,4401.5607235142115,4198.966408268733,4250.284237726098
2015-07-15,4205.5607235142115,4252.444444444443,4030.501291989664,4100.010335917313
2015-07-16,4082.3152454780356,4203.638242894056,3985.860465116279,4131.638242894057
2015-07-17,4158.925064599483,4330.945736434108,4134.60465116279,4290.9560723514205
2015-07-20,4296.702842377261,4363.503875968991,4244.330749354005,4300.372093023255
2015-07-21,4247.813953488372,4342.614987080103,4218.811369509043,4305.953488372093
2015-07-22,4287.917312661499,4328.093023255814,4232.2583979328165,4296.806201550387
2015-07-23,4298.635658914729,4405.229974160206,4288.186046511627,4393.602067183462
2015-07-24,4398.13953488372,4444.0826873385,4294.180878552971,4316.568475452195
2015-07-27,4235.452196382429,4295.927648578811,3945.395348837209,3947.0077519379843
2015-07-28,3814.9560723514205,4013.9018087855293,3749.271317829457,3939.111111111111
2015-07-29,3968.9509043927646,4066.149870801033,3895.803617571059,4062.40826873385
2015-07-30,4047.317829457364,4101.839793281653,3930.625322997416,3943.5762273901805
2015-07-31,3904.0310077519375,3993.4056847545216,3884.227390180878,3944.9095607235136
2015-08-03,3892.578811369509,3957.8708010335913,3868.2997416020667,3957.8708010335913
2015-08-04,3955.9379844961236,4081.0852713178288,3928.7131782945735,4080.7855297157616
2015-08-05,4069.8914728682166,4095.37984496124,3988.2790697674413,3996.7958656330748
2015-08-06,3930.6770025839787,4019.317829457364,3920.6614987080097,3960.568475452196
2015-08-07,3996.3100775193793,4058.5529715762273,3987.503875968992,4038.180878552971
2015-08-10,4080.072351421188,4239.514211886304,4064.9509043927646,4221.5607235142115
2015-08-11,4220.764857881137,4248.1963824289405,4177.777777777777,4203.276485788114
2015-08-12,4160.899224806201,4215.018087855297,4150.232558139534,4151.038759689922
2015-08-13,4144.7131782945735,4212.609819121447,4101.1059431524545,4212.361757105943
2015-08-14,4235.576227390181,4251.328165374676,4193.002583979328,4210.377260981912
2015-08-17,4194.428940568475,4218.883720930232,4144.692506459948,4214.852713178294
2015-08-18,4221.509043927648,4240.878552971576,3944.754521963824,3953.912144702842
2015-08-19,3874.180878552971,4029.7054263565888,3791.410852713178,4016.682170542635
2015-08-20,3977.674418604651,4011.1834625322995,3887.803617571059,3887.803617571059
2015-08-21,3839.0594315245476,3884.0103359173127,3698.3669250645994,3710.118863049095
2015-08-24,3570.6459948320407,3584.6511627906975,3376.279069767442,3385.560723514212
2015-08-25,3173.1369509043925,3307.6072351421185,3120.9922480620153,3145.147286821705
2015-08-26,3165.4470284237727,3300.1860465116274,3051.1731266149873,3127.3281653746767
2015-08-27,3196.702842377261,3314.4392764857876,3130.1291989664082,3313.3229974160204
2015-08-28,3355.286821705426,3465.881136950904,3331.9069767441856,3454.56330749354
2015-08-31,3418.501291989664,3481.4263565891474,3313.219638242894,3479.627906976744
2015-09-01,3407.2661498708007,3483.7209302325577,3297.757105943152,3475.018087855297
2015-09-02,3329.0439276485786,3500.7958656330748,3321.5917312661495,3478.894056847545
2015-09-07,3459.7312661498704,3537.1782945736427,3349.0852713178288,3359.679586563307
2015-09-08,3330.0155038759685,3452.4237726098186,3277.3229974160204,3446.0155038759685
2015-09-09,3457.178294573643,3541.757105943152,3442.1602067183458,3513.4987080103356
2015-09-10,3461.7881136950905,3512.4754521963823,3449.4160206718343,3470.3462532299736
2015-09-11,3462.40826873385,3496.7751937984494,3426.8527131782944,3459.627906976744
2015-09-14,3480.7648578811363,3487.255813953488,3294.645994832041,3391.348837209302
2015-09-15,3316.527131782945,3348.9198966408267,3237.188630490956,3258.118863049095
2015-09-16,3254.9457364341083,3458.315245478036,3236.558139534883,3420.4134366925064
2015-09-17,3398.09819121447,3467.6072351421185,3345.7364341085267,3345.7364341085267
2015-09-18,3363.7622739018084,3391.0904392764855,3336.258397932816,3360.485788113695
2015-09-21,3330.8527131782944,3423.824289405685,3319.8242894056843,3419.37984496124
2015-09-22,3423.6382428940565,3484.6614987080097,3414.1395348837204,3451.193798449612
2015-09-23,3400.5891472868216,3427.3281653746767,3362.614987080103,3372.640826873385
2015-09-24,3389.0439276485786,3411.7416020671835,3365.271317829457,3395.348837209302
2015-09-25,3382.6046511627906,3401.4056847545216,3309.4677002583976,3340.5167958656325
2015-09-28,3334.9974160206716,3355.607235142119,3293.5503875968993,3351.679586563307
2015-09-29,3304.620155038759,3316.1963824289405,3265.157622739018,3285.6330749354
2015-09-30,3303.255813953488,3332.2067183462527,3293.819121447028,3310.542635658914
2015-10-08,3436.671834625323,3449.4366925064596,3405.271317829457,3407.2144702842374
2015-10-09,3413.2919896640824,3464.9922480620153,3404.620155038759,3452.320413436692
2015-10-12,3463.710594315245,3603.7519379844957,3459.6899224806198,3563.503875968992
2015-10-13,3537.4470284237723,3568.0103359173127,3528.651162790697,3560.764857881137
2015-10-14,3546.397932816537,3574.883720930232,3517.550387596899,3520.5271317829456
2015-10-15,3517.7157622739014,3603.9483204134367,3516.609819121447,3603.9483204134367
2015-10-16,3626.3772609819116,3656.3720930232553,3604.2377260981907,3652.785529715762
2015-10-19,3668.165374677002,3693.01291989664,3620.1550387596894,3652.899224806201
2015-10-20,3646.3875968992247,3697.984496124031,3628.361757105943,3697.881136950904
2015-10-21,3701.12661498708,3722.211886304909,3532.2067183462527,3589.9224806201546
2015-10-22,3569.1989664082685,3649.3746770025837,3557.94315245478,3642.925064599483
2015-10-23,3655.648578811369,3702.160206718346,3633.922480620155,3691.2041343669243
2015-10-26,3736.1240310077515,3742.3875968992247,3680.8165374677,3709.829457364341
2015-10-27,3689.3540051679583,3722.015503875969,3603.204134366925,3713.571059431524
2015-10-28,3695.9173126614987,3719.0387596899222,3635.3591731266147,3643.3281653746767
2015-10-29,3658.894056847545,3681.457364341085,3625.8087855297154,3651.9999999999995
2015-10-30,3648.806201550387,3694.542635658914,3615.0594315245476,3652.7958656330748
2015-11-02,3606.439276485788,3662.480620155038,3591.4315245478033,3592.723514211886
2015-11-03,3601.7777777777774,3619.3281653746767,3568.599483204134,3581.9018087855293
2015-11-04,3593.9638242894052,3750.428940568475,3593.9638242894052,3750.428940568475
2015-11-05,3752.7441860465115,3908.4341085271312,3749.147286821705,3830.459948320413
2015-11-06,3822.5736434108526,3929.4160206718343,3818.7700258397927,3920.7958656330743
2015-11-09,3923.9069767441856,4022.5012919896635,3923.9069767441856,3969.3540051679583
2015-11-10,3934.5426356589146,4006.7080103359167,3926.4289405684754,3962.005167958656
2015-11-11,3957.054263565891,3972.206718346253,3908.4341085271312,3962.4289405684754
2015-11-12,3970.790697674418,3973.0232558139533,3897.9534883720926,3922.8113695090437
2015-11-13,3882.3772609819116,3921.147286821705,3852.7958656330748,3872.082687338501
2015-11-16,3806.439276485788,3890.8630490956066,3803.68992248062,3890.5736434108526
2015-11-17,3917.757105943152,3982.1912144702837,3876.134366925064,3884.6408268733844
2015-11-18,3886.7803617571058,3898.552971576227,3830.8113695090437,3840.3927648578806
2015-11-19,3850.7700258397927,3902.0465116279065,3839.4521963824286,3901.7777777777774
2015-11-20,3905.819121447028,3920.97157622739,3883.2351421188628,3901.1679586563305
2015-11-23,3901.2299741602064,3930.5943152454774,3869.157622739018,3879.4211886304906
2015-11-24,3871.5865633074936,3880.279069767442,3827.121447028423,3879.989664082687
2015-11-25,3873.653746770026,3908.8992248062013,3861.2093023255807,3908.640826873385
2015-11-26,3922.739018087855,3933.6847545219634,3883.018087855297,3885.7157622739014
2015-11-27,3864.7028423772604,3868.465116279069,3653.116279069767,3676.475452196382
2015-11-30,3674.304909560723,3708.496124031007,3571.131782945736,3686.211886304909
2015-12-01,3681.984496124031,3738.8217054263564,3654.9043927648577,3712.35142118863
2015-12-02,3708.279069767442,3851.0077519379843,3693.4366925064596,3846.976744186046
2015-12-03,3834.160206718346,3884.7028423772604,3817.1989664082685,3875.2454780361754
2015-12-04,3844.6821705426355,3851.286821705426,3790.480620155038,3801.12661498708
2015-12-07,3805.2506459948318,3823.6072351421185,3781.4780361757103,3811.4832041343666
2015-12-08,3792.0826873385013,3792.0826873385013,3741.0232558139533,3744.723514211886
2015-12-09,3734.801033591731,3777.94315245478,3732.806201550387,3758.0775193798445
2015-12-10,3756.4547803617565,3801.8811369509044,3737.457364341085,3744.785529715762
2015-12-11,3726.480620155038,3752.7028423772604,3698.346253229974,3729.2609819121444
2015-12-14,3693.9328165374677,3837.209302325581,3690.956072351421,3835.9896640826873
2015-12-15,3832.2790697674413,3842.232558139535,3802.8217054263564,3818.490956072351
2015-12-16,3828.3720930232553,3837.8191214470285,3800.981912144702,3809.240310077519
2015-12-17,3837.4987080103356,3895.441860465116,3834.4702842377255,3882.056847545219
2015-12-18,3881.095607235142,3938.211886304909,3876.930232558139,3894.480620155038
2015-12-21,3888.475452196382,4008.0826873385013,3886.2945736434103,3995.8242894056843
2015-12-22,4002.1705426356584,4010.821705426356,3970.6356589147285,4006.956072351421
2015-12-23,4008.134366925064,4058.594315245478,3992.723514211886,3996.2583979328165
2015-12-24,3987.7312661498704,3997.602067183462,3914.2945736434103,3958.036175710594
2015-12-25,3960.806201550387,3977.2816537467697,3941.291989664082,3967.1317829457357
2015-12-28,3976.7751937984494,3982.8320413436686,3852.847545219638,3852.847545219638
2015-12-29,3848.1136950904393,3888.423772609819,3835.1214470284235,3888.2377260981907
2015-12-30,3889.3126614987077,3892.1550387596894,3851.4521963824286,3891.658914728682
2015-12-31,3887.2351421188628,3899.348837209302,3852.5271317829456,3856.3307493540046
2016-01-04,3851.018087855297,3851.4108527131775,3585.4780361757103,3585.602067183462
2016-01-05,3495.7932816537464,3636.4031007751933,3490.7286821705425,3595.638242894057
2016-01-06,3599.3901808785527,3662.7803617571053,3584.981912144702,3658.71834625323
2016-01-07,3598.0878552971576,3598.0878552971576,3395.0801033591724,3405.0439276485786
2016-01-08,3485.1369509043925,3533.695090439276,3346.697674418604,3474.480620155038
2016-01-11,3414.0775193798445,3454.7596899224804,3299.6899224806198,3299.6899224806198
2016-01-12,3322.8113695090437,3351.162790697674,3281.188630490956,3323.7312661498704
2016-01-13,3349.333333333333,3366.71834625323,3261.891472868217,3261.891472868217
2016-01-14,3179.989664082687,3335.049095607235,3175.2351421188628,3329.7881136950905
2016-01-15,3308.413436692506,3324.8578811369507,3205.219638242894,3223.4935400516792
2016-01-18,3171.2971576227387,3271.958656330749,3169.7467700258394,3235.896640826873
2016-01-19,3237.9328165374673,3336.3410852713173,3223.9999999999995,3331.4005167958653
2016-01-20,3311.8552971576223,3334.3152454780356,3260.3927648578806,3281.0129198966406
2016-01-21,3241.736434108527,3310.118863049095,3184.8578811369507,3184.8578811369507
2016-01-22,3219.53488372093,3237.3850129198963,3156.547803617571,3218.046511627907
2016-01-25,3234.139534883721,3255.1214470284235,3209.4056847545216,3233.994832041343
2016-01-26,3203.7209302325577,3210.8837209302324,3033.2299741602064,3039.2868217054265
2016-01-27,3052.382428940568,3063.0904392764855,2934.6666666666665,3028.785529715762
2016-01-28,3007.0594315245476,3040.713178294573,2937.302325581395,2949.622739018088
2016-01-29,2951.524547803617,3064.9198966408267,2950.2532299741597,3045.0542635658912
2016-02-01,3037.7674418604647,3043.4315245478033,2965.9534883720926,2998.501291989664
2016-02-02,2998.9974160206716,3072.2790697674413,2998.9767441860463,3060.8062015503874
2016-02-03,3029.757105943152,3053.9638242894052,3007.648578811369,3047.6899224806198
2016-02-04,3059.772609819121,3099.958656330749,3059.648578811369,3085.0232558139533
2016-02-05,3082.2325581395344,3088.7441860465115,3062.3772609819116,3063.348837209302
2016-02-15,2985.457364341085,3060.9715762273895,2982.9664082687336,3045.695090439276
2016-02-16,3061.695090439276,3144.279069767442,3061.695090439276,3139.0594315245476
2016-02-17,3136.0103359173127,3168.764857881137,3128.733850129199,3166.222222222222
2016-02-18,3182.9767441860463,3197.4263565891474,3152.2894056847545,3156.2790697674413
2016-02-19,3150.3255813953488,3168.961240310077,3134.501291989664,3154.0981912144703
2016-02-22,3187.524547803617,3233.2919896640824,3174.5012919896635,3223.6382428940565
2016-02-23,3221.912144702842,3223.9999999999995,3164.2687338501287,3193.1369509043925
2016-02-24,3180.9922480620153,3214.0051679586563,3157.881136950904,3214.0051679586563
2016-02-25,3208.6925064599477,3208.723514211886,3003.0594315245476,3016.7958656330748
2016-02-26,3040.9302325581393,3063.9689922480616,3000.465116279069,3047.0594315245476
2016-02-29,3038.3255813953483,3038.6253229974154,2915.9793281653747,2974.129198966408
2016-03-01,2978.1291989664082,3049.550387596899,2959.5038759689924,3029.1369509043925
2016-03-02,3032.4754521963823,3157.333333333333,3031.648578811369,3153.8294573643407
2016-03-03,3152.8578811369507,3181.850129198966,3142.377260981912,3161.157622739018
2016-03-04,3149.912144702842,3205.850129198966,3134.284237726098,3197.819121447028
2016-03-07,3213.4366925064596,3236.0723514211886,3187.162790697674,3209.1369509043925
2016-03-08,3204.2894056847545,3213.695090439276,3102.6666666666665,3212.062015503876
2016-03-09,3148.237726098191,3176.1447028423772,3121.581395348837,3175.100775193798
2016-03-10,3158.8733850129197,3177.426356589147,3113.8914728682166,3114.3669250645994
2016-03-11,3090.656330749354,3128.1033591731266,3082.346253229974,3119.669250645995
2016-03-14,3141.6744186046512,3211.162790697674,3135.9173126614983,3168.671834625323
2016-03-15,3164.175710594315,3180.444444444444,3130.3152454780356,3178.0671834625323
2016-03-16,3171.958656330749,3204.496124031007,3167.4625322997413,3193.829457364341
2016-03-17,3200.8372093023254,3253.5813953488373,3180.9509043927646,3229.147286821705
2016-03-18,3241.571059431524,3305.085271317829,3235.2454780361754,3278.5116279069766
2016-03-21,3310.894056847545,3377.5503875968993,3305.798449612403,3358.594315245478
2016-03-22,3340.1653746770025,3358.8423772609813,3326.8527131782944,3334.149870801033
2016-03-23,3325.819121447028,3351.162790697674,3310.5736434108526,3344.7958656330748
2016-03-24,3319.37984496124,3330.1395348837204,3288.692506459948,3288.733850129199
2016-03-25,3283.524547803617,3312.0826873385013,3280.9509043927646,3305.240310077519
2016-03-28,3314.6770025839787,3338.1085271317825,3268.093023255814,3276.206718346253
2016-03-29,3277.8397932816533,3284.8268733850127,3227.6589147286822,3240.7338501291983
2016-03-30,3267.4832041343666,3324.7338501291983,3267.4832041343666,3324.3204134366924
2016-03-31,3337.674418604651,3350.8320413436686,3316.444444444444,3326.191214470284
2016-04-01,3321.6227390180875,3330.863049095607,3272.206718346253,3330.118863049095
2016-04-05,3319.173126614987,3381.8397932816533,3312.878552971576,3374.149870801033
2016-04-06,3359.710594315245,3377.4056847545216,3344.9095607235136,3366.956072351421
2016-04-07,3376.010335917312,3380.692506459948,3316.4237726098186,3317.095607235142
2016-04-08,3297.002583979328,3305.188630490956,3269.571059431524,3292.7441860465115
2016-04-11,3321.4573643410854,3360.7958656330748,3321.4573643410854,3338.60465116279
2016-04-12,3335.7829457364337,3340.8372093023254,3306.3565891472867,3326.5633074935395
2016-04-13,3346.625322997416,3407.255813953488,3346.625322997416,3370.9354005167957
2016-04-14,3387.1834625322995,3396.454780361757,3361.2919896640824,3385.8708010335913
2016-04-15,3390.0361757105943,3393.2609819121444,3371.2971576227387,3382.1291989664082
2016-04-18,3361.9328165374673,3361.9328165374673,3329.881136950904,3336.899224806201
2016-04-19,3352.9405684754515,3359.927648578811,3329.7984496124027,3347.080103359173
2016-04-20,3353.116279069767,3357.540051679586,3211.7519379844957,3287.8863049095607
2016-04-21,3266.9767441860463,3306.005167958656,3256.785529715762,3266.770025839793
2016-04-22,3248.1240310077515,3282.046511627907,3243.4005167958653,3281.550387596899
2016-04-25,3271.0490956072344,3278.832041343669,3242.4909560723513,3268.248062015504
2016-04-26,3265.912144702842,3287.958656330749,3256.2273901808785,3285.9534883720926
2016-04-27,3288.8165374676996,3295.9483204134362,3268.9302325581393,3272.268733850129
2016-04-28,3275.7932816537464,3281.4160206718343,3240.97157622739,3266.749354005168
2016-04-29,3259.472868217054,3277.819121447028,3255.193798449612,3262.7906976744184
2016-05-03,3265.9638242894057,3326.60465116279,3257.2609819121444,3321.488372093023
2016-05-04,3311.0801033591724,3331.142118863049,3305.726098191214,3317.271317829457
2016-05-05,3311.803617571059,3325.354005167959,3303.9483204134367,3321.881136950904
2016-05-06,3321.0749354005166,3324.9509043927646,3235.2971576227387,3235.503875968992
2016-05-09,3220.082687338501,3220.082687338501,3157.6330749354006,3168.599483204134
2016-05-10,3157.8397932816533,3188.3410852713173,3157.8087855297154,3172.206718346253
2016-05-11,3184.1240310077515,3207.111111111111,3165.984496124031,3186.366925064599
2016-05-12,3162.1498708010336,3199.3281653746767,3136.97157622739,3193.94315245478
2016-05-13,3185.1989664082685,3207.3385012919894,3167.6382428940565,3178.232558139535
2016-05-16,3167.4728682170544,3199.5452196382425,3156.2377260981907,3199.286821705426
2016-05-17,3199.503875968992,3209.5090439276482,3176.702842377261,3189.6847545219634
2016-05-18,3174.708010335917,3175.824289405685,3141.5607235142115,3171.100775193798
2016-05-19,3163.142118863049,3190.677002583979,3160.878552971576,3165.3746770025837
2016-05-20,3150.160206718346,3181.9431524547804,3143.6899224806198,3181.6227390180875
2016-05-23,3181.9328165374673,3202.56330749354,3179.8449612403097,3190.9250645994825
2016-05-24,3186.8113695090433,3186.832041343669,3155.131782945736,3166.470284237726
2016-05-25,3183.204134366925,3192.8682170542634,3157.488372093023,3161.994832041343
2016-05-26,3159.2764857881134,3175.7312661498704,3129.1369509043925,3167.142118863049
2016-05-27,3162.5116279069766,3177.0129198966406,3154.7080103359167,3165.3746770025837
2016-05-30,3158.9767441860463,3178.56330749354,3139.7002583979324,3169.726098191214
2016-05-31,3171.679586563307,3277.4470284237723,3171.679586563307,3276.0310077519375
2016-06-01,3279.5452196382425,3288.671834625323,3265.9638242894057,3266.71834625323
2016-06-02,3264.1136950904393,3275.2661498708007,3256.9198966408267,3273.488372093023
2016-06-03,3279.53488372093,3309.302325581395,3268.31007751938,3296.465116279069
2016-06-06,3300.031007751938,3304.620155038759,3274.987080103359,3285.571059431524
2016-06-07,3289.3436692506457,3293.664082687338,3274.60465116279,3283.7726098191215
2016-06-08,3278.3565891472863,3281.6227390180875,3254.1085271317825,3270.273901808785
2016-06-13,3239.3281653746767,3251.2764857881134,3168.754521963824,3169.3436692506457
2016-06-14,3161.178294573643,3182.1705426356584,3158.304909560723,3179.3074935400514
2016-06-15,3146.2118863049095,3233.7674418604647,3144.423772609819,3221.0542635658912
2016-06-16,3208.640826873385,3217.033591731266,3193.2609819121444,3198.625322997416
2016-06-17,3200.093023255814,3236.2273901808785,3200.093023255814,3214.8423772609817
2016-06-20,3219.5452196382425,3223.4935400516792,3193.4987080103356,3217.2299741602064
2016-06-21,3229.8708010335918,3261.488372093023,3202.0051679586563,3210.6666666666665
2016-06-22,3204.599483204134,3239.3385012919894,3201.023255813953,3239.2351421188628
2016-06-23,3234.852713178294,3234.852713178294,3206.6976744186045,3222.0361757105943
2016-06-24,3215.142118863049,3235.7002583979324,3135.8863049095603,3180.527131782945
2016-06-27,3168.093023255814,3225.4677002583976,3167.927648578811,3225.364341085271
2016-06-28,3211.7829457364337,3244.8888888888882,3203.8242894056843,3241.757105943152
2016-06-29,3248.04134366925,3264.165374677002,3244.578811369509,3257.2506459948318
2016-06-30,3258.739018087855,3269.994832041343,3253.9534883720926,3259.865633074935
2016-07-01,3262.9767441860463,3276.754521963824,3254.0465116279065,3260.1550387596894
2016-07-04,3241.7467700258394,3318.4496124031,3239.2971576227387,3312.35142118863
2016-07-05,3306.6253229974154,3324.7545219638237,3305.426356589147,3315.1214470284235
2016-07-06,3305.033591731266,3325.602067183462,3290.3875968992243,3324.8578811369507
2016-07-07,3314.263565891473,3328.723514211886,3297.2816537467697,3317.7777777777774
2016-07-08,3307.2351421188628,3312.589147286821,3290.9147286821703,3299.514211886305
2016-07-11,3306.501291989664,3344.66149870801,3305.0439276485786,3310.9354005167957
2016-07-12,3309.4677002583976,3383.4315245478033,3307.8036175710595,3383.131782945736
2016-07-13,3383.9999999999995,3411.8759689922476,3381.684754521964,3393.147286821705
2016-07-14,3387.5762273901805,3392.19638242894,3368.547803617571,3386.832041343669
2016-07-15,3388.9819121447026,3395.3798449612405,3374.9767441860463,3386.3359173126614
2016-07-18,3379.5452196382425,3391.8759689922476,3361.002583979328,3371.596899224806
2016-07-19,3369.9534883720926,3374.3979328165374,3334.573643410852,3357.3436692506457
2016-07-20,3355.9276485788114,3363.8346253229975,3340.8372093023254,3346.3669250645994
2016-07-21,3347.1214470284235,3381.2609819121444,3347.080103359173,3361.7777777777774
2016-07-22,3360.4547803617565,3363.06976744186,3329.085271317829,3333.4987080103356
2016-07-25,3328.3410852713178,3352.754521963824,3326.242894056847,3339.4211886304906
2016-07-26,3336.671834625323,3379.586563307493,3336.4444444444443,3379.4211886304906
2016-07-27,3379.927648578811,3386.5736434108526,3263.472868217054,3326.3462532299736
2016-07-28,3312.1033591731266,3344.4754521963823,3302.6046511627906,3329.3436692506457
2016-07-29,3325.2609819121444,3333.7674418604647,3306.129198966408,3311.555555555555
2016-08-01,3303.803617571059,3307.472868217054,3262.7906976744184,3283.524547803617
2016-08-02,3280.3720930232557,3296.175710594315,3271.8759689922476,3296.175710594315
2016-08-03,3286.490956072351,3304.558139534883,3280.144702842377,3300.785529715762
2016-08-04,3297.7260981912145,3309.095607235142,3276.9198966408267,3308.8268733850127
2016-08-05,3308.8888888888887,3333.1989664082685,3300.1136950904393,3312.7751937984494
2016-08-08,3307.049095607235,3343.131782945736,3294.315245478036,3342.821705426356
2016-08-09,3341.188630490956,3366.749354005168,3337.643410852713,3366.3875968992247
2016-08-10,3364.527131782945,3371.4315245478033,3351.679586563307,3352.2894056847545
2016-08-11,3348.382428940568,3384.0103359173127,3341.1989664082685,3341.9741602067184
2016-08-12,3340.3720930232553,3404.8888888888887,3339.679586563307,3404.8888888888887
2016-08-15,3414.4392764857876,3532.7235142118857,3413.3126614987077,3507.410852713178
2016-08-16,3517.7054263565888,3533.5297157622736,3485.2919896640824,3491.7312661498704
2016-08-17,3491.2351421188628,3508.413436692506,3469.6847545219634,3486.3565891472867
2016-08-18,3483.1524547803615,3508.8268733850127,3462.2118863049095,3477.5090439276482
2016-08-19,3471.37984496124,3487.3901808785527,3453.426356589147,3478.056847545219
2016-08-22,3477.7054263565888,3486.129198966408,3447.5142118863046,3448.878552971576
2016-08-23,3444.568475452196,3472.5064599483203,3436.6511627906975,3454.087855297157
2016-08-24,3454.1912144702837,3460.5994832041342,3435.37984496124,3441.715762273902
2016-08-25,3425.4056847545216,3426.4392764857876,3389.9844961240306,3420.1240310077515
2016-08-26,3423.772609819121,3440.775193798449,3412.651162790697,3418.1808785529715
2016-08-29,3417.6434108527133,3426.4392764857876,3407.824289405685,3418.894056847545
2016-08-30,3421.519379844961,3436.8165374677,3415.6072351421185,3423.245478036175
2016-08-31,3421.777777777778,3445.9638242894052,3415.6692506459945,3439.5762273901805
2016-09-01,3438.490956072351,3441.188630490956,3412.103359173126,3412.4857881136945
2016-09-02,3409.5297157622736,3431.9689922480616,3406.470284237726,3425.4366925064596
2016-09-05,3432.5684754521963,3450.56330749354,3425.9741602067184,3431.193798449612
2016-09-06,3433.612403100775,3460.413436692506,3410.987080103359,3454.9147286821703
2016-09-07,3456.4031007751937,3470.139534883721,3449.8708010335913,3453.0439276485786
2016-09-08,3450.139534883721,3455.710594315245,3440.0310077519375,3451.741602067183
2016-09-09,3451.5452196382425,3457.3126614987077,3429.4987080103356,3429.4987080103356
2016-09-12,3381.7777777777774,3386.790697674418,3343.22480620155,3372.19638242894
2016-09-13,3375.0284237726096,3379.038759689922,3355.441860465116,3369.850129198966
2016-09-14,3354.7700258397927,3364.3410852713178,3339.8863049095607,3347.524547803617
2016-09-19,3351.6692506459945,3374.5736434108526,3351.6692506459945,3372.7338501291983
2016-09-20,3374.3255813953483,3374.71834625323,3361.643410852713,3366.8217054263564
2016-09-21,3367.142118863049,3380.7751937984494,3363.638242894057,3376.3720930232553
2016-09-22,3391.7002583979324,3414.1602067183458,3388.0930232558135,3401.674418604651
2016-09-23,3402.8733850129197,3404.5684754521963,3385.0439276485786,3385.7054263565888
2016-09-26,3377.457364341085,3377.457364341085,3328.454780361757,3328.454780361757
2016-09-27,3322.863049095607,3349.6434108527133,3322.4186046511627,3349.612403100775
2016-09-28,3352.609819121447,3352.609819121447,3336.4341085271317,3339.4211886304906
2016-09-29,3343.524547803617,3367.204134366925,3343.4625322997417,3353.3746770025837
2016-09-30,3349.0232558139533,3370.4806201550387,3347.8449612403097,3362.56330749354
2016-10-10,3375.049095607235,3405.3126614987077,3368.4341085271317,3404.5167958656325
2016-10-11,3407.617571059431,3419.1214470284235,3403.4935400516792,3417.6330749354
2016-10-12,3409.9638242894052,3413.4987080103356,3400.258397932816,3410.863049095607
2016-10-13,3409.9844961240306,3418.511627906976,3402.9974160206716,3413.5917312661495
2016-10-14,3409.540051679586,3417.7674418604647,3396.103359173126,3416.8992248062013
2016-10-17,3417.0129198966406,3420.1653746770025,3381.4366925064596,3387.9896640826873
2016-10-18,3382.6149870801028,3432.8992248062013,3382.6149870801028,3432.8992248062013
2016-10-19,3434.9354005167957,3444.4651162790697,3421.0129198966406,3427.6382428940565
2016-10-20,3428.6098191214464,3436.5891472868216,3423.4315245478033,3430.0775193798445
2016-10-21,3427.1007751937977,3453.8087855297154,3420.3410852713173,3439.524547803617
2016-10-24,3444.454780361757,3496.465116279069,3442.8630490956066,3480.702842377261
2016-10-25,3480.5994832041342,3487.2454780361754,3469.3436692506457,3480.568475452196
2016-10-26,3478.242894056847,3480.9612403100773,3462.0878552971576,3467.4935400516797
2016-10-27,3464.04134366925,3464.9612403100773,3447.162790697674,3458.087855297157
2016-10-28,3459.5762273901805,3483.979328165374,3449.395348837209,3452.330749354005
2016-10-31,3444.35142118863,3452.682170542635,3428.764857881137,3448.3514211886304
2016-11-01,3450.863049095607,3472.2377260981907,3446.470284237726,3471.8863049095607
2016-11-02,3463.2661498708007,3469.147286821705,3443.286821705426,3445.3229974160204
2016-11-03,3438.656330749354,3493.5297157622736,3436.5271317829456,3478.1291989664082
2016-11-04,3475.1524547803615,3491.100775193798,3460.9095607235136,3466.8423772609817
2016-11-07,3466.0878552971576,3475.7002583979324,3454.5839793281652,3469.3436692506457
2016-11-08,3480.8268733850123,3497.5917312661495,3474.0361757105943,3484.3617571059426
2016-11-09,3483.8242894056843,3486.4082687338496,3433.674418604651,3465.684754521964
2016-11-10,3488.2790697674413,3517.333333333333,3488.2790697674413,3504.5064599483203
2016-11-11,3501.757105943152,3537.643410852713,3496.527131782945,3532.010335917312
2016-11-14,3523.741602067183,3568.599483204134,3522.6253229974154,3545.4780361757103
2016-11-15,3544.051679586563,3550.3049095607234,3530.7390180878547,3545.085271317829
2016-11-16,3547.7312661498704,3551.049095607235,3534.09819121447,3544.7958656330748
2016-11-17,3538.4702842377255,3553.147286821705,3527.524547803617,3551.979328165374
2016-11-18,3552.961240310077,3558.7803617571053,3527.927648578811,3532.2583979328165
2016-11-21,3527.286821705426,3579.472868217054,3526.6976744186045,3556.702842377261
2016-11-22,3558.883720930232,3585.757105943152,3558.883720930232,3584.8682170542634
2016-11-23,3590.583979328165,3610.294573643411,3582.1808785529715,3591.4521963824286
2016-11-24,3585.333333333333,3626.005167958656,3583.4728682170544,3605.9328165374673
2016-11-25,3607.2764857881134,3639.5865633074936,3580.3100775193793,3639.5865633074936
2016-11-28,3657.550387596899,3672.723514211886,3646.8423772609817,3653.8294573643407
2016-11-29,3644.3410852713178,3704.103359173126,3639.6692506459945,3683.7622739018084
2016-11-30,3677.147286821705,3686.894056847545,3645.4987080103356,3656.847545219638
2016-12-01,3663.0077519379843,3696.0930232558135,3662.273901808785,3684.7958656330748
2016-12-02,3679.348837209302,3682.222222222222,3634.925064599483,3647.4935400516792
2016-12-05,3590.377260981912,3614.346253229974,3573.4780361757103,3585.9534883720926
2016-12-06,3582.6770025839787,3594.40826873385,3572.9302325581393,3575.348837209302
2016-12-07,3574.542635658914,3592.5064599483203,3561.5090439276487,3592.5064599483203
2016-12-08,3598.770025839793,3601.3850129198963,3582.956072351421,3586.7080103359167
2016-12-09,3581.2609819121444,3625.7674418604647,3578.046511627907,3611.059431524547
2016-12-12,3606.4806201550387,3613.2299741602064,3515.0284237726096,3523.7002583979324
2016-12-13,3508.2273901808785,3530.9664082687336,3483.8242894056843,3519.4211886304906
2016-12-14,3513.602067183462,3526.9043927648577,3491.7519379844957,3492.4547803617565
2016-12-15,3476.8578811369507,3491.5142118863046,3438.9043927648577,3452.6408268733844
2016-12-16,3447.4005167958653,3469.033591731266,3442.366925064599,3458.4289405684754
2016-12-19,3454.614987080103,3457.219638242894,3436.692506459948,3440.8062015503874
2016-12-20,3440.1033591731266,3440.9302325581393,3399.7622739018084,3420.2170542635654
2016-12-21,3425.064599483204,3454.7596899224804,3425.064599483204,3450.687338501292
2016-12-22,3447.1524547803615,3452.5684754521963,3434.335917312661,3447.7209302325577
2016-12-23,3445.3746770025837,3446.9147286821703,3411.7622739018084,3418.708010335917
2016-12-26,3403.8449612403097,3434.0258397932816,3376.7958656330748,3434.0051679586563
2016-12-27,3430.708010335917,3442.09819121447,3427.2144702842374,3427.7932816537464
2016-12-28,3427.131782945736,3432.093023255814,3403.7932816537464,3412.806201550387
2016-12-29,3407.7932816537464,3423.3695090439273,3398.552971576227,3408.5374677002583
2016-12-30,3413.540051679586,3424.8578811369507,3406.4599483204133,3421.271317829457
2017-01-03,3425.271317829457,3457.6330749354006,3425.271317829457,3454.501291989664
2017-01-04,3452.7751937984494,3482.7596899224804,3450.284237726098,3481.457364341085
2017-01-05,3481.488372093023,3486.728682170542,3474.377260981912,3480.9198966408267
2017-01-06,3479.9483204134362,3482.036175710594,3459.317829457364,3460.124031007752
2017-01-09,3458.1395348837204,3479.2971576227387,3456.6925064599477,3476.8992248062013
2017-01-10,3474.5633074935395,3483.731266149871,3466.7596899224804,3471.080103359173
2017-01-11,3468.5271317829456,3479.7209302325577,3446.3049095607234,3446.5116279069766
2017-01-12,3444.640826873385,3455.4315245478033,3427.348837209302,3429.064599483204
2017-01-13,3429.4160206718343,3450.3049095607234,3420.537467700258,3431.4315245478033
2017-01-16,3425.4780361757103,3434.3979328165374,3373.8604651162786,3430.9560723514205
2017-01-17,3416.6408268733844,3439.1524547803615,3402.790697674418,3438.0981912144703
2017-01-18,3434.9767441860463,3463.524547803617,3431.9483204134362,3451.5452196382425
2017-01-19,3442.8423772609813,3458.9147286821703,3436.3617571059426,3441.12661498708
2017-01-20,3438.739018087855,3471.22480620155,3438.1085271317825,3467.586563307493
2017-01-23,3471.8863049095607,3492.2377260981907,3468.5788113695085,3477.085271317829
2017-01-24,3476.113695090439,3484.5684754521963,3468.630490956072,3477.4677002583976
2017-01-25,3474.583979328165,3489.8604651162786,3469.994832041343,3489.302325581395
2017-01-26,3491.7416020671835,3509.953488372093,3491.7416020671835,3501.7674418604647
2017-02-03,3504.837209302325,3506.439276485788,3475.524547803617,3477.5090439276482
2017-02-06,3481.2506459948318,3494.9147286821703,3471.5762273901805,3486.5219638242893
2017-02-07,3485.033591731266,3490.1395348837204,3467.317829457364,3478.7390180878547
2017-02-08,3474.708010335917,3497.3540051679583,3459.8759689922476,3496.940568475452
2017-02-09,3495.503875968992,3521.0232558139533,3493.3229974160204,3510.3772609819116
2017-02-10,3512.4754521963823,3537.2919896640824,3512.175710594315,3528.1550387596894
2017-02-13,3531.7002583979324,3555.080103359173,3531.648578811369,3551.7105943152455
2017-02-14,3554.015503875969,3556.248062015504,3539.4315245478033,3551.2144702842374
2017-02-15,3550.790697674418,3563.8552971576228,3531.865633074935,3536.6511627906975
2017-02-16,3536.7751937984494,3556.5167958656325,3533.178294573643,3556.5167958656325
2017-02-17,3559.2971576227387,3573.7054263565888,3534.4806201550387,3536.3720930232557
2017-02-20,3536.5788113695085,3589.2506459948318,3536.5788113695085,3587.9999999999995
2017-02-21,3591.7932816537464,3607.3281653746767,3588.6511627906975,3599.813953488372
2017-02-22,3600.2067183462527,3607.1834625322995,3590.2015503875964,3606.987080103359
2017-02-23,3604.723514211886,3610.294573643411,3576.35142118863,3589.9948320413437
2017-02-24,3585.488372093023,3590.542635658914,3571.317829457364,3590.542635658914
2017-02-27,3587.7312661498704,3589.4987080103356,3556.9922480620153,3561.9844961240306
2017-02-28,3560.754521963824,3577.1679586563305,3556.9612403100773,3568.7958656330748
2017-03-01,3568.1757105943148,3589.3540051679583,3564.97157622739,3574.614987080103
2017-03-02,3579.8242894056843,3584.981912144702,3549.3540051679583,3550.490956072351
2017-03-03,3539.7002583979324,3544.062015503876,3527.472868217054,3543.0077519379843
2017-03-06,3542.377260981912,3564.8888888888887,3540.9819121447026,3562.2532299741597
2017-03-07,3561.9224806201546,3570.067183462532,3555.617571059431,3569.9844961240306
2017-03-08,3568.165374677002,3573.1679586563305,3556.8578811369507,3564.578811369509
2017-03-09,3558.5529715762273,3558.708010335917,3529.3850129198963,3542.056847545219
2017-03-10,3538.9974160206716,3551.6692506459945,3538.956072351421,3543.0387596899222
2017-03-13,3540.7441860465115,3574.2635658914724,3527.3281653746767,3574.2635658914724
2017-03-14,3572.775193798449,3581.7984496124027,3564.754521963824,3572.8062015503874
2017-03-15,3568.1757105943148,3580.279069767442,3561.002583979328,3579.989664082687
2017-03-16,3588.909560723514,3609.4366925064596,3588.909560723514,3598.4599483204133
2017-03-17,3602.3875968992243,3605.6847545219634,3557.074935400516,3561.5607235142115
2017-03-20,3564.909560723514,3570.087855297157,3545.0439276485786,3565.488372093023
2017-03-21,3565.6537467700255,3583.152454780361,3561.3850129198963,3582.7906976744184
2017-03-22,3566.6666666666665,3580.702842377261,3548.8372093023254,3565.9431524547804
2017-03-23,3568.382428940568,3587.410852713178,3551.100775193798,3578.2739018087855
2017-03-24,3580.568475452196,3616.8682170542634,3577.3746770025837,3606.8217054263564
2017-03-27,3605.953488372093,3623.7519379844957,3591.2351421188628,3594.8733850129197
2017-03-28,3597.157622739018,3599.2661498708007,3577.7467700258394,3586.366925064599
2017-03-29,3589.6330749354,3600.0620155038755,3571.6279069767443,3581.5917312661495
2017-03-30,3577.9018087855293,3583.7726098191215,3537.333333333333,3552.206718346253
2017-03-31,3550.201550387597,3572.413436692506,3546.0671834625323,3572.1447028423772
2017-04-05,3593.1989664082685,3622.2635658914724,3591.8863049095603,3621.5917312661495
2017-04-06,3625.8294573643407,3635.9483204134367,3613.1472868217047,3632.093023255814
2017-04-07,3632.50645994832,3645.2919896640824,3624.1757105943148,3635.617571059431
2017-04-10,3637.6847545219634,3641.1369509043925,3619.7209302325577,3622.883720930232
2017-04-11,3621.5297157622736,3638.377260981912,3582.573643410852,3635.4832041343666
2017-04-12,3632.630490956072,3641.4470284237723,3615.503875968992,3627.3281653746767
2017-04-13,3617.860465116279,3636.630490956072,3614.0258397932816,3632.630490956072
2017-04-14,3634.9457364341083,3635.627906976744,3593.7467700258394,3603.617571059431
2017-04-17,3592.496124031007,3597.488372093023,3569.695090439276,3596.8372093023254
2017-04-18,3591.617571059431,3606.2842377260977,3578.9457364341083,3579.059431524547
2017-04-19,3568.981912144702,3575.555555555555,3533.343669250646,3561.6330749354
2017-04-20,3560.227390180878,3582.0258397932816,3556.2997416020667,3577.829457364341
2017-04-21,3577.664082687338,3592.3100775193793,3565.4160206718343,3583.2454780361754
2017-04-24,3574.3979328165374,3574.3979328165374,3518.3255813953488,3546.5219638242893
2017-04-25,3542.8733850129197,3565.550387596899,3537.6227390180875,3556.558139534883
2017-04-26,3555.8139534883717,3583.018087855297,3554.677002583979,3560.9095607235136
2017-04-27,3550.490956072351,3565.1369509043925,3513.7364341085267,3562.5012919896635
2017-04-28,3555.111111111111,3555.4521963824286,3532.0310077519375,3555.2971576227387
2017-05-02,3543.06976744186,3551.741602067183,3533.5090439276482,3541.6847545219634
2017-05-03,3536.702842377261,3547.5142118863046,3517.395348837209,3527.7829457364337
2017-05-04,3519.317829457364,3536.330749354005,3505.1989664082685,3518.7493540051673
2017-05-05,3507.472868217054,3509.5090439276482,3479.648578811369,3496.175710594315
2017-05-08,3482.284237726098,3487.503875968992,3451.751937984496,3471.6382428940565
2017-05-09,3454.8837209302324,3470.8527131782944,3439.3695090439273,3465.147286821705
2017-05-10,3463.204134366925,3482.6149870801028,3448.0620155038755,3449.819121447028
2017-05-11,3434.573643410852,3472.4547803617565,3424.1757105943148,3469.4056847545216
2017-05-12,3463.503875968992,3501.0542635658912,3461.674418604651,3499.100775193798
2017-05-15,3505.519379844961,3521.0129198966406,3505.519379844961,3513.3746770025837
2017-05-16,3504.837209302325,3544.0310077519375,3486.8733850129197,3543.8242894056843
2017-05-17,3538.1808785529715,3549.3229974160204,3522.6356589147285,3524.5167958656325
2017-05-18,3501.4677002583976,3524.475452196382,3497.612403100775,3512.2583979328165
2017-05-19,3509.2816537467697,3520.3514211886304,3506.3359173126614,3518.1912144702837
2017-05-22,3514.8217054263564,3539.204134366925,3505.085271317829,3525.8294573643407
2017-05-23,3519.410852713178,3550.149870801033,3515.793281653747,3539.2144702842374
2017-05-24,3524.258397932816,3539.193798449612,3497.5607235142115,3539.193798449612
2017-05-25,3529.095607235142,3607.6692506459945,3527.8759689922476,3602.7493540051673
2017-05-26,3596.50645994832,3615.8242894056843,3589.7054263565888,3597.3436692506457
2017-05-31,3612.4754521963823,3633.157622739018,3591.648578811369,3610.2118863049095
2017-06-01,3602.2945736434103,3617.3746770025837,3593.209302325581,3615.2351421188623
2017-06-02,3608.878552971576,3615.627906976744,3586.7700258397927,3603.6279069767443
2017-06-05,3597.0749354005166,3601.157622739018,3578.614987080103,3585.271317829457
2017-06-06,3580.754521963824,3610.2118863049095,3576.6925064599477,3610.2118863049095
2017-06-07,3611.2454780361754,3655.906976744186,3608.4031007751937,3652.5788113695085
2017-06-08,3649.8604651162786,3681.9328165374673,3646.697674418604,3680.5994832041342
2017-06-09,3680.868217054263,3711.5142118863046,3680.237726098191,3696.299741602067
2017-06-12,3690.149870801033,3724.7441860465115,3685.6847545219634,3694.459948320413
2017-06-13,3689.0542635658912,3704.8165374676996,3678.770025839793,3702.6046511627906
2017-06-14,3691.2144702842374,3691.2144702842374,3648.8578811369507,3654.0568475452196
2017-06-15,3649.3540051679583,3661.271317829457,3626.821705426356,3647.3281653746767
2017-06-16,3641.3126614987077,3654.9250645994825,3632.444444444444,3636.9612403100773
2017-06-19,3638.304909560723,3674.3255813953483,3638.304909560723,3673.0439276485786
2017-06-20,3680.4031007751933,3683.410852713178,3658.40826873385,3665.6227390180875
2017-06-21,3686.956072351421,3708.5167958656325,3664.671834625323,3708.485788113695
2017-06-22,3703.9379844961236,3757.653746770026,3701.643410852713,3710.9457364341083
2017-06-23,3703.8139534883717,3744.950904392764,3689.219638242894,3744.578811369509
2017-06-26,3748.8578811369507,3795.286821705426,3748.8578811369507,3791.3074935400514
2017-06-27,3788.713178294573,3800.031007751938,3771.3281653746767,3798.1602067183458
2017-06-28,3787.2454780361754,3795.5452196382425,3766.439276485788,3768.6511627906975
2017-06-29,3771.834625322997,3792.3824289405684,3767.162790697674,3792.072351421188
2017-06-30,3777.4987080103356,3793.033591731266,3768.7131782945735,3789.9741602067184
2017-07-03,3790.4186046511627,3790.8010335917306,3755.84496124031,3773.488372093023
2017-07-04,3769.333333333333,3769.3540051679583,3733.0129198966406,3741.581395348837
2017-07-05,3733.2299741602064,3783.7002583979324,3731.741602067183,3782.6149870801028
2017-07-06,3777.3229974160204,3789.94315245478,3751.4832041343666,3783.049095607235
2017-07-07,3770.1705426356584,3779.9586563307494,3753.8708010335913,3778.7390180878547
2017-07-10,3770.4806201550387,3791.0594315245476,3763.8552971576228,3776.423772609819
2017-07-11,3769.3850129198963,3825.540051679586,3768.465116279069,3794.118863049095
2017-07-12,3796.0,3815.586563307493,3762.8837209302324,3781.7260981912145
2017-07-13,3779.173126614987,3814.4496124031007,3775.2661498708007,3810.770025839793
2017-07-14,3806.3255813953483,3827.4832041343666,3796.113695090439,3827.4832041343666
2017-07-17,3824.930232558139,3841.3126614987073,3743.018087855297,3786.6253229974154
2017-07-18,3771.0490956072344,3790.739018087855,3743.710594315245,3790.366925064599
2017-07-19,3783.8449612403097,3856.3824289405684,3781.0852713178288,3855.0387596899222
2017-07-20,3850.273901808785,3876.165374677002,3848.1343669250646,3873.7777777777774
2017-07-21,3863.7519379844957,3877.7157622739014,3847.100775193798,3853.850129198966
2017-07-24,3849.488372093023,3881.333333333333,3844.806201550387,3869.2196382428933
2017-07-25,3868.3617571059426,3878.2015503875964,3838.015503875969,3844.50645994832
2017-07-26,3847.9379844961236,3864.1136950904393,3807.9379844961236,3829.8604651162786
2017-07-27,3825.178294573643,3841.540051679586,3795.865633074935,3836.8888888888887
2017-07-28,3827.896640826873,3850.687338501292,3820.9612403100773,3846.91472868217
2017-07-31,3847.472868217054,3872.3720930232553,3838.4082687338496,3863.4315245478033
2017-08-01,3864.3307493540046,3897.0542635658912,3862.635658914728,3897.033591731266
2017-08-02,3894.770025839793,3911.472868217054,3885.560723514212,3887.1834625322995
2017-08-03,3881.2506459948318,3892.868217054263,3843.348837209302,3853.0542635658912
2017-08-04,3849.8397932816533,3864.320413436692,3831.524547803617,3832.1240310077515
2017-08-07,3825.550387596899,3856.1033591731266,3813.912144702842,3851.979328165374
2017-08-08,3849.4366925064596,3862.8733850129197,3843.7312661498704,3857.581395348837
2017-08-09,3853.2609819121444,3864.5994832041342,3838.315245478036,3856.3720930232553
2017-08-10,3850.087855297157,3872.723514211886,3812.072351421188,3840.7441860465115
2017-08-11,3811.8139534883717,3824.7958656330743,3767.53488372093,3769.8708010335913
2017-08-14,3774.0361757105943,3822.60465116279,3774.0361757105943,3818.790697674418
2017-08-15,3819.9276485788114,3844.227390180878,3816.31007751938,3830.552971576227
2017-08-16,3825.457364341085,3831.6692506459945,3803.3385012919894,3825.757105943152
2017-08-17,3831.596899224806,3847.6692506459945,3828.8475452196376,3846.284237726098
2017-08-18,3831.7209302325577,3858.904392764857,3824.713178294573,3849.78811369509
2017-08-21,3857.1989664082685,3870.0361757105943,3853.8708010335913,3866.6563307493534
2017-08-22,3871.5762273901805,3884.537467700258,3860.010335917312,3878.346253229974
2017-08-23,3873.4987080103356,3899.1834625322995,3867.410852713178,3882.263565891473
2017-08-24,3882.056847545219,3892.2067183462527,3854.3565891472867,3860.1033591731266
2017-08-25,3861.7984496124027,3923.4832041343666,3861.7984496124027,3923.255813953488
2017-08-28,3933.4987080103356,3996.8372093023254,3933.4987080103356,3971.7932816537464
2017-08-29,3968.144702842377,3977.1886304909553,3954.2739018087855,3963.348837209302
2017-08-30,3963.06976744186,3984.19638242894,3956.4444444444443,3963.100775193798
2017-08-31,3964.692506459948,3969.198966408268,3928.568475452196,3950.4806201550387
2017-09-01,3953.839793281654,3972.7338501291983,3946.4186046511622,3959.2144702842374
2017-09-04,3957.147286821705,3976.3204134366924,3941.6537467700255,3974.8010335917306
2017-09-05,3974.7286821705425,3995.131782945736,3971.007751937984,3986.614987080103
2017-09-06,3975.9689922480616,3987.8552971576223,3960.0826873385013,3978.75968992248
2017-09-07,3981.0749354005166,3987.7622739018084,3957.457364341085,3958.521963824289
2017-09-08,3958.7286821705425,3972.113695090439,3942.09819121447,3954.511627906976
2017-09-11,3956.940568475452,3980.0930232558135,3945.74677002584,3954.160206718346
2017-09-12,3960.9715762273895,3978.697674418604,3950.3875968992243,3966.852713178294
2017-09-13,3964.392764857881,3977.033591731266,3951.3591731266147,3971.6899224806198
2017-09-14,3972.6821705426355,3983.9689922480616,3948.4134366925064,3958.614987080103
2017-09-15,3954.666666666666,3972.4031007751937,3946.7906976744184,3960.0
2017-09-18,3961.7157622739014,3992.1033591731266,3961.7157622739014,3972.2377260981907
2017-09-19,3979.204134366925,3986.8733850129197,3948.620155038759,3960.8475452196376
2017-09-20,3958.8113695090437,3980.299741602067,3956.475452196382,3971.5142118863046
2017-09-21,3972.361757105943,3990.4909560723513,3966.284237726098,3966.739018087855
2017-09-22,3954.9974160206716,3971.317829457364,3945.033591731266,3966.645994832041
2017-09-25,3957.850129198966,3964.227390180878,3939.142118863049,3946.036175710594
2017-09-26,3938.3255813953483,3950.067183462532,3936.31007751938,3949.12661498708
2017-09-27,3947.2454780361754,3961.3126614987077,3947.0904392764855,3949.5607235142115
2017-09-28,3949.9638242894057,3955.896640826873,3941.8604651162786,3950.9457364341083
2017-09-29,3953.695090439276,3981.6227390180875,3953.695090439276,3965.3746770025837
2017-10-09,4041.457364341085,4050.4806201550387,4006.232558139535,4012.6201550387595
2017-10-10,4013.4366925064596,4031.772609819121,3984.981912144702,4020.5271317829456
2017-10-11,4017.3850129198963,4044.516795865633,4016.020671834625,4033.78811369509
2017-10-12,4033.095607235142,4049.033591731266,4028.4754521963823,4044.3927648578806
2017-10-13,4044.4237726098186,4059.0904392764855,4040.19638242894,4052.7131782945735
2017-10-16,4058.170542635659,4080.020671834625,4044.7751937984494,4044.9095607235136
2017-10-17,4042.1602067183458,4056.4444444444443,4031.503875968992,4044.516795865633
2017-10-18,4046.3255813953488,4076.9095607235136,4046.3255813953488,4076.651162790697
2017-10-19,4072.9509043927646,4076.516795865633,4055.4521963824286,4063.3074935400514
2017-10-20,4050.160206718346,4060.940568475452,4041.550387596899,4058.75968992248
2017-10-23,4062.935400516795,4068.496124031007,4052.3617571059426,4062.8423772609817
2017-10-24,4058.118863049095,4092.50645994832,4053.777777777778,4092.4031007751937
2017-10-25,4091.131782945736,4111.720930232558,4086.8217054263564,4110.542635658914
2017-10-26,4113.746770025839,4148.423772609819,4107.02842377261,4127.73126614987
2017-10-27,4126.666666666666,4159.64857881137,4125.426356589147,4157.074935400517
2017-10-30,4157.271317829457,4168.826873385013,4093.302325581395,4144.4134366925055
2017-10-31,4129.602067183462,4143.958656330749,4117.064599483204,4141.312661498708
2017-11-01,4142.542635658914,4167.917312661499,4125.395348837209,4130.873385012919
2017-11-02,4128.2583979328165,4133.571059431524,4104.785529715762,4131.400516795866
2017-11-03,4126.459948320413,4133.684754521963,4096.15503875969,4126.821705426356
2017-11-06,4123.183462532299,4156.733850129199,4108.950904392765,4155.958656330748
2017-11-07,4157.519379844961,4200.7441860465115,4156.444444444444,4190.439276485788
2017-11-08,4187.586563307493,4226.511627906976,4176.31007751938,4183.989664082687
2017-11-09,4178.883720930233,4213.550387596899,4174.056847545219,4212.8165374677
2017-11-10,4207.007751937985,4254.997416020671,4204.299741602067,4250.036175710594
2017-11-13,4253.798449612403,4276.640826873384,4253.798449612403,4266.739018087855
2017-11-14,4267.979328165375,4272.403100775194,4224.175710594315,4237.054263565891
2017-11-15,4221.405684754522,4240.630490956072,4191.958656330748,4210.511627906976
2017-11-16,4199.989664082686,4245.602067183462,4198.728682170542,4242.904392764858
2017-11-17,4231.607235142118,4260.857881136951,4218.4702842377255,4259.276485788114
2017-11-20,4231.245478036175,4283.731266149871,4197.374677002584,4283.028423772609
2017-11-21,4270.645994832042,4362.025839793281,4268.713178294573,4359.3798449612395
2017-11-22,4370.40826873385,4403.762273901809,4331.937984496123,4369.581395348837
2017-11-23,4354.91472868217,4355.751937984495,4224.186046511628,4240.206718346252
2017-11-24,4226.842377260981,4254.873385012919,4193.78811369509,4242.067183462532
2017-11-27,4226.284237726098,4226.284237726098,4172.764857881137,4185.994832041343
2017-11-28,4169.726098191214,4192.7441860465115,4145.012919896641,4192.062015503876
2017-11-29,4197.777777777777,4205.932816537467,4139.214470284237,4189.922480620155
2017-11-30,4169.519379844961,4188.940568475452,4121.963824289405,4140.671834625323
2017-12-01,4138.0465116279065,4162.387596899224,4118.222222222222,4132.444444444444
2017-12-04,4123.049095607235,4168.465116279069,4116.093023255814,4153.860465116279
2017-12-05,4142.573643410852,4181.839793281653,4141.12661498708,4175.886304909561
2017-12-06,4162.397932816537,4167.183462532299,4097.994832041343,4150.718346253229
2017-12-07,4138.067183462532,4152.919896640827,4088.8785529715756,4104.454780361757
2017-12-08,4095.9483204134362,4148.981912144703,4088.31007751938,4137.860465116279
2017-12-11,4141.47803617571,4206.201550387596,4139.813953488372,4206.201550387596
2017-12-12,4205.178294573643,4206.873385012919,4150.335917312661,4150.9250645994825
2017-12-13,4148.66149870801,4188.826873385013,4139.2661498708,4186.13953488372
2017-12-14,4186.976744186046,4193.922480620155,4148.6821705426355,4161.395348837209
2017-12-15,4153.726098191214,4155.317829457364,4108.454780361757,4114.583979328165
2017-12-18,4117.1059431524545,4142.708010335917,4101.219638242894,4119.162790697674
2017-12-19,4119.7105943152455,4171.193798449613,4119.7105943152455,4170.883720930232
2017-12-20,4171.596899224805,4180.723514211886,4150.521963824289,4165.881136950904
2017-12-21,4158.222222222222,4217.860465116279,4149.509043927648,4204.496124031008
2017-12-22,4201.457364341085,4213.746770025839,4184.485788113694,4190.801033591731
2017-12-25,4193.715762273901,4224.217054263565,4161.705426356589,4177.302325581395
2017-12-26,4176.35142118863,4193.1369509043925,4150.180878552971,4189.78811369509
2017-12-27,4181.1679586563305,4183.710594315245,4120.66149870801,4125.28165374677
2017-12-28,4127.131782945736,4172.299741602066,4113.94315245478,4153.901808785529
2017-12-29,4158.0155038759685,4178.9560723514205,4147.669250645994,4166.25322997416
2018-01-02,4181.095607235142,4225.095607235142,4181.095607235142,4224.702842377261
2018-01-03,4228.899224806201,4279.121447028424,4226.0775193798445,4249.498708010336
2018-01-04,4252.320413436692,4276.630490956072,4243.813953488372,4267.503875968992
2018-01-05,4272.186046511628,4290.728682170542,4261.78811369509,4277.777777777777
2018-01-08,4279.948320413437,4306.273901808785,4265.9534883720935,4299.906976744185
2018-01-09,4297.1989664082685,4332.072351421188,4293.023255813953,4330.025839793281
2018-01-10,4327.855297157622,4352.50645994832,4315.390180878553,4349.157622739018
2018-01-11,4338.09819121447,4353.28165374677,4322.439276485788,4346.863049095607
2018-01-12,4346.397932816538,4369.395348837209,4340.0826873385,4366.9250645994825
2018-01-15,4371.927648578811,4406.129198966408,4357.994832041343,4367.173126614986
2018-01-16,4357.229974160206,4403.317829457364,4354.656330749353,4401.519379844961
2018-01-17,4404.940568475452,4427.224806201551,4372.6511627906975,4390.821705426356
2018-01-18,4402.459948320413,4436.837209302325,4389.333333333333,4414.904392764857
2018-01-19,4425.777777777777,4461.571059431524,4413.043927648579,4429.354005167958
2018-01-22,4420.134366925064,4484.217054263565,4419.534883720929,4482.273901808786
2018-01-23,4492.909560723514,4530.821705426356,4492.806201550387,4529.829457364341
2018-01-24,4536.899224806201,4545.550387596899,4495.1834625323,4537.354005167958
2018-01-25,4529.178294573642,4539.741602067183,4481.901808785529,4511.710594315245
2018-01-26,4498.418604651162,4551.2558139534885,4497.664082687338,4528.475452196382
2018-01-29,4534.428940568476,4543.57622739018,4431.121447028423,4446.532299741602
2018-01-30,4430.67700258398,4453.240310077519,4394.387596899224,4399.069767441861
2018-01-31,4376.341085271317,4431.8966408268725,4374.956072351421,4419.534883720929
2018-02-01,4419.989664082687,4431.410852713178,4355.855297157623,4388.527131782945
2018-02-02,4355.493540051679,4415.2558139534885,4322.25322997416,4414.708010335917
2018-02-05,4345.695090439276,4417.726098191214,4341.229974160206,4417.726098191214
2018-02-06,4322.821705426356,4352.992248062015,4270.3462532299745,4288.2583979328165
2018-02-07,4347.0180878552965,4354.0775193798445,4184.413436692506,4186.5633074935395
2018-02-08,4158.0155038759685,4208.444444444444,4108.19638242894,4146.821705426357
2018-02-09,4027.049095607235,4042.6770025839787,3885.426356589147,3969.664082687338
2018-02-12,3975.472868217054,4039.111111111111,3956.66149870801,4020.775193798449
2018-02-13,4057.4677002583976,4120.909560723514,4057.4677002583976,4067.834625322997
2018-02-14,4077.612403100775,4104.806201550387,4054.9147286821703,4100.217054263566
2018-02-22,4156.04134366925,4195.131782945736,4144.62015503876,4188.868217054263
2018-02-23,4198.191214470284,4222.428940568475,4170.780361757105,4207.84496124031
2018-02-26,4230.904392764857,4267.431524547803,4184.992248062015,4256.764857881137
2018-02-27,4259.297157622738,4259.297157622738,4187.917312661499,4195.328165374676
2018-02-28,4151.720930232557,4187.813953488372,4125.798449612403,4158.801033591731
2018-03-01,4129.064599483204,4197.447028423772,4120.8165374677,4185.1059431524545
2018-03-02,4149.819121447028,4180.279069767442,4141.540051679586,4151.3798449612395
2018-03-05,4156.754521963824,4178.635658914728,4130.09819121447,4153.074935400517
2018-03-06,4170.5322997416015,4204.186046511628,4133.260981912144,4203.162790697674
2018-03-07,4200.0,4227.080103359172,4163.245478036175,4172.248062015504
2018-03-08,4174.625322997415,4215.22480620155,4165.074935400517,4214.573643410852
2018-03-09,4225.395348837209,4248.754521963824,4213.385012919896,4246.894056847545
2018-03-12,4269.467700258398,4278.583979328165,4250.925064599483,4266.325581395348
2018-03-13,4262.873385012919,4269.023255813953,4224.868217054263,4228.6821705426355
2018-03-14,4212.981912144703,4226.4496124031,4203.090439276485,4210.170542635658
2018-03-15,4195.049095607234,4236.6821705426355,4195.049095607234,4233.757105943152
2018-03-16,4234.511627906977,4248.113695090439,4192.062015503876,4192.6821705426355
2018-03-19,4190.821705426356,4211.390180878552,4169.012919896641,4211.11111111111
2018-03-20,4181.643410852713,4217.250645994832,4176.031007751938,4214.677002583979
2018-03-21,4234.645994832042,4248.186046511628,4182.160206718346,4197.467700258398
2018-03-22,4198.521963824289,4209.178294573643,4138.211886304909,4155.400516795865
2018-03-23,4027.6382428940565,4060.4754521963823,3963.7622739018084,4036.113695090439
2018-03-26,3992.4444444444443,4014.3669250645994,3958.5736434108526,4010.2222222222217
2018-03-27,4059.42118863049,4069.0232558139533,4012.2687338501287,4044.723514211886
2018-03-28,3994.8837209302324,4038.532299741602,3964.733850129199,3971.803617571059
2018-03-29,3984.0723514211886,4045.4366925064596,3921.715762273902,4024.8578811369507
2018-03-30,4024.547803617571,4046.8733850129192,4009.519379844961,4029.457364341085
2018-04-02,4027.9173126614987,4069.271317829457,4013.3229974160204,4017.488372093023
2018-04-03,3979.4832041343666,4008.423772609819,3968.919896640826,3992.227390180878
2018-04-04,4003.7519379844957,4029.571059431524,3981.912144702842,3984.3514211886304
2018-04-09,3981.3436692506457,4000.692506459948,3955.979328165374,3982.3565891472863
2018-04-10,3990.4082687338496,4059.348837209302,3981.188630490956,4059.0904392764855
2018-04-11,4066.3255813953488,4091.6899224806198,4056.8062015503874,4070.6356589147285
2018-04-12,4067.8759689922476,4070.0568475452196,4027.059431524547,4029.602067183462
2018-04-13,4052.444444444444,4061.9638242894052,3996.0620155038755,4001.178294573643
2018-04-16,3992.2170542635654,3999.1317829457357,3916.909560723514,3936.8062015503874
2018-04-17,3940.950904392764,3951.0387596899222,3871.255813953488,3874.5633074935395
2018-04-18,3912.465116279069,3916.961240310077,3832.671834625323,3892.7958656330748
2018-04-19,3901.5813953488373,3952.485788113695,3894.3669250645994,3939.8863049095607
2018-04-20,3928.8992248062013,3943.6072351421185,3876.072351421188,3887.1834625322995
2018-04-23,3880.8165374677,3914.625322997416,3860.651162790697,3892.847545219638
2018-04-24,3896.516795865633,3983.9069767441856,3896.516795865633,3972.599483204134
2018-04-25,3953.064599483204,3967.6382428940565,3945.2506459948318,3957.3126614987073
2018-04-26,3951.8242894056843,3957.3229974160204,3870.6873385012914,3881.643410852713
2018-04-27,3897.7157622739014,3903.8552971576223,3839.4211886304906,3883.080103359173
2018-05-02,3896.568475452196,3914.5219638242893,3870.3359173126614,3890.077519379845
2018-05-03,3882.346253229974,3925.095607235142,3857.7467700258394,3920.413436692506
2018-05-04,3911.441860465116,3929.219638242894,3897.612403100775,3901.395348837209
2018-05-07,3909.602067183462,3963.4005167958653,3902.8733850129197,3962.987080103359
2018-05-08,3963.4211886304906,4022.8113695090437,3962.5116279069766,4008.9715762273895
2018-05-09,4006.3359173126614,4009.240310077519,3985.260981912144,4001.674418604651
2018-05-10,4013.271317829457,4025.3126614987073,3997.219638242894,4023.834625322997
2018-05-11,4033.2299741602064,4034.4599483204133,4002.0155038759685,4002.9354005167957
2018-05-14,4017.4366925064596,4050.956072351421,4017.4366925064596,4040.6098191214464
2018-05-15,4051.8242894056843,4056.1653746770025,4023.6899224806198,4055.9173126614983
2018-05-16,4041.157622739018,4055.131782945736,4019.834625322997,4023.6072351421185
2018-05-17,4026.3462532299736,4030.501291989664,3988.475452196382,3993.8501291989664
2018-05-18,3989.8294573643407,4034.1705426356584,3970.956072351421,4034.1705426356584
2018-05-21,4057.4056847545216,4069.726098191214,4045.064599483204,4052.961240310077
2018-05-22,4050.4599483204133,4050.4599483204133,4011.5452196382425,4037.426356589147
2018-05-23,4029.219638242894,4029.219638242894,3984.0620155038755,3984.0620155038755
2018-05-24,3982.7286821705425,3988.7338501291983,3952.3720930232557,3955.7829457364337
2018-05-25,3952.1860465116274,3970.149870801033,3931.9173126614983,3944.702842377261
2018-05-28,3944.454780361757,3975.762273901809,3926.9457364341083,3962.0258397932816
2018-05-29,3952.6511627906975,3970.832041343669,3928.3410852713178,3931.793281653747
2018-05-30,3881.3229974160204,3894.459948320413,3847.100775193798,3848.444444444444
2018-05-31,3875.2454780361754,3932.599483204134,3868.248062015504,3930.108527131783
2018-06-01,3916.97157622739,3930.273901808785,3879.937984496124,3897.2506459948318
2018-06-04,3912.3410852713178,3941.5090439276482,3903.4832041343666,3935.4832041343666
2018-06-05,3939.317829457364,3974.7390180878547,3928.6098191214464,3974.4909560723513
2018-06-06,3968.6614987080097,3977.602067183462,3959.586563307493,3966.2532299741597
2018-06-07,3976.165374677002,3989.5090439276482,3956.268733850129,3959.700258397933
2018-06-08,3947.7519379844957,3947.7622739018084,3885.550387596899,3906.583979328165
2018-06-11,3896.8578811369507,3919.9483204134367,3882.6976744186045,3906.956072351421
2018-06-12,3910.2739018087855,3959.1421188630484,3891.7416020671835,3954.4702842377255
2018-06-13,3942.75968992248,3945.6847545219634,3909.116279069767,3915.596899224806
2018-06-14,3901.4366925064596,3936.082687338501,3885.5297157622736,3900.1240310077515
2018-06-15,3889.4470284237723,3907.3281653746767,3862.976744186046,3879.5142118863046
2018-06-19,3827.049095607235,3837.540051679586,3703.37984496124,3742.75968992248
2018-06-20,3723.565891472868,3771.9276485788114,3698.3669250645994,3757.5607235142115
2018-06-21,3755.617571059431,3796.9612403100773,3710.067183462532,3713.664082687338
2018-06-22,3687.741602067183,3730.3152454780356,3661.457364341085,3730.1291989664082
2018-06-25,3747.5968992248063,3753.002583979328,3678.5839793281652,3680.082687338501
2018-06-26,3639.8863049095607,3660.754521963824,3595.049095607235,3649.726098191214
2018-06-27,3643.5452196382425,3656.496124031007,3557.4056847545216,3575.4625322997417
2018-06-28,3550.3255813953488,3593.8604651162786,3531.7312661498704,3538.532299741602
2018-06-29,3547.2454780361754,3630.3669250645994,3540.2790697674413,3628.9198966408267
2018-07-02,3622.180878552971,3624.702842377261,3497.157622739018,3522.439276485788
2018-07-03,3525.0439276485786,3536.9922480620153,3430.7906976744184,3523.8036175710595
2018-07-04,3512.9509043927646,3533.157622739018,3471.9276485788114,3476.7441860465115
2018-07-05,3478.6046511627906,3512.651162790697,3442.594315245478,3454.71834625323
2018-07-06,3459.4935400516792,3510.3359173126614,3406.439276485788,3478.1602067183458
2018-07-09,3492.413436692506,3575.524547803617,3492.413436692506,3575.37984496124
2018-07-10,3581.302325581395,3590.8423772609813,3552.733850129199,3583.9999999999995
2018-07-11,3513.1059431524545,3542.708010335917,3488.5167958656325,3521.9948320413437
2018-07-12,3517.6537467700255,3616.6408268733844,3517.6537467700255,3597.994832041343
2018-07-13,3605.6847545219634,3617.3229974160204,3591.6382428940565,3610.0155038759685
2018-07-16,3606.1705426356584,3624.020671834625,3575.9483204134362,3588.723514211886
2018-07-17,3582.863049095607,3583.658914728682,3535.8863049095603,3565.2506459948318
2018-07-18,3572.723514211886,3596.1343669250646,3545.3850129198963,3546.5839793281652
2018-07-19,3560.516795865633,3582.956072351421,3532.7751937984494,3543.503875968992
2018-07-20,3541.5607235142115,3623.7002583979324,3513.1266149870794,3610.2222222222217
2018-07-23,3588.485788113695,3646.0258397932816,3581.033591731266,3644.1860465116274
2018-07-24,3649.2609819121444,3717.3229974160204,3649.2609819121444,3702.025839793281
2018-07-25,3710.0878552971576,3710.5736434108526,3686.1085271317825,3697.9328165374673
2018-07-26,3703.68992248062,3714.645994832041,3647.173126614987,3655.0387596899222
2018-07-27,3652.4754521963823,3664.50645994832,3630.697674418604,3639.5142118863046
2018-07-30,3639.1214470284235,3670.1808785529715,3606.770025839793,3633.157622739018
2018-07-31,3628.3927648578806,3646.6666666666665,3610.4909560723513,3635.8242894056843
2018-08-01,3648.609819121447,3662.645994832041,3562.56330749354,3563.193798449612
2018-08-02,3549.7157622739014,3549.7157622739014,3433.695090439276,3484.1963824289405
2018-08-03,3479.7519379844957,3494.925064599483,3426.5633074935395,3426.645994832041
2018-08-06,3424.1033591731266,3456.5891472868216,3367.1214470284235,3383.22480620155
2018-08-07,3395.3281653746767,3482.129198966408,3373.12661498708,3482.036175710594
2018-08-08,3475.0904392764855,3481.302325581395,3423.018087855297,3425.8501291989664
2018-08-09,3414.4496124031007,3522.883720930232,3410.459948320413,3511.6589147286822
2018-08-10,3512.568475452196,3539.0594315245476,3494.1291989664082,3519.4005167958653
2018-08-13,3483.1834625322995,3510.2739018087855,3448.7855297157616,3504.2273901808785
2018-08-14,3500.237726098191,3505.664082687338,3469.364341085271,3486.211886304909
2018-08-15,3485.2299741602064,3485.4160206718343,3399.1834625322995,3402.56330749354
2018-08-16,3361.095607235142,3426.5633074935395,3340.113695090439,3386.801033591731
2018-08-17,3416.9509043927646,3422.8113695090437,3332.4031007751933,3338.1085271317825
2018-08-20,3346.997416020671,3377.002583979328,3316.8062015503874,3377.002583979328
2018-08-21,3381.74677002584,3443.627906976744,3379.875968992248,3438.3979328165374
2018-08-22,3440.7958656330743,3440.7958656330743,3410.2222222222217,3419.0697674418598
2018-08-23,3419.596899224806,3448.175710594315,3396.1860465116274,3431.5555555555557
2018-08-24,3419.617571059431,3465.674418604651,3402.4496124031,3437.033591731266
2018-08-27,3451.565891472868,3521.002583979328,3451.4315245478037,3521.002583979328
2018-08-28,3522.6356589147285,3531.3591731266147,3502.645994832041,3514.3875968992247
2018-08-29,3507.0284237726096,3512.878552971576,3490.5633074935395,3500.330749354005
2018-08-30,3499.5452196382425,3516.8578811369507,3461.9844961240306,3463.6589147286822
2018-08-31,3445.3540051679583,3469.333333333333,3422.087855297157,3446.5116279069766
2018-09-03,3432.237726098191,3437.3229974160204,3402.3565891472867,3433.4056847545216
2018-09-04,3435.8552971576223,3484.1963824289405,3419.080103359173,3476.8992248062013
2018-09-05,3462.2222222222217,3466.8733850129192,3408.9302325581393,3408.9302325581393
2018-09-06,3397.064599483204,3422.739018087855,3363.0594315245476,3372.485788113695
2018-09-07,3383.865633074935,3428.0206718346253,3363.0284237726096,3387.741602067183
2018-09-10,3381.271317829457,3387.9896640826873,3336.2790697674413,3338.5736434108526
2018-09-11,3338.201550387597,3354.6459948320407,3316.909560723514,3332.516795865633
2018-09-12,3325.054263565891,3333.9534883720926,3302.3049095607234,3309.581395348837
2018-09-13,3348.516795865633,3358.749354005168,3298.6046511627906,3345.2919896640824
2018-09-14,3351.7622739018084,3363.410852713178,3336.3720930232557,3350.9974160206716
2018-09-17,3333.2609819121444,3339.317829457364,3308.0206718346253,3312.578811369509
2018-09-18,3300.9198966408267,3379.9586563307494,3300.9198966408267,3379.255813953488
2018-09-19,3371.5762273901805,3448.051679586563,3367.7622739018084,3423.7519379844957
2018-09-20,3426.232558139535,3444.2480620155034,3414.0258397932816,3421.3229974160204
2018-09-21,3432.2480620155034,3525.054263565891,3418.8837209302324,3525.054263565891
2018-09-25,3489.3746770025837,3508.4031007751937,3480.1343669250646,3493.333333333333
2018-09-26,3502.3875968992243,3564.093023255814,3496.8888888888882,3532.0310077519375
2018-09-27,3530.697674418604,3538.71834625323,3508.764857881137,3517.922480620155
2018-09-28,3524.5064599483203,3560.713178294573,3519.0697674418598,3554.377260981912
2018-10-08,3474.480620155038,3477.4780361757103,3395.6072351421185,3401.4470284237723
2018-10-09,3400.692506459948,3420.9819121447026,3386.1808785529715,3399.162790697674
2018-10-10,3406.129198966408,3427.111111111111,3365.974160206718,3391.834625322997
2018-10-11,3286.3462532299736,3317.333333333333,3203.142118863049,3229.0542635658912
2018-10-12,3228.289405684754,3291.080103359173,3198.935400516795,3277.240310077519
2018-10-15,3280.465116279069,3290.0568475452196,3225.0439276485786,3231.472868217054
2018-10-16,3233.674418604651,3272.4444444444443,3193.147286821705,3205.1369509043925
2018-10-17,3246.180878552971,3254.9147286821703,3165.4263565891474,3222.9974160206716
2018-10-18,3201.850129198966,3201.850129198966,3145.612403100775,3146.6563307493534
2018-10-19,3119.1214470284235,3243.1524547803615,3110.594315245478,3240.258397932816
2018-10-22,3265.695090439276,3408.1447028423772,3265.695090439276,3380.1240310077515
2018-10-23,3383.080103359173,3386.067183462532,3269.839793281654,3290.366925064599
2018-10-24,3275.927648578811,3354.4186046511627,3270.5839793281652,3295.2971576227387
2018-10-25,3212.237726098191,3304.723514211886,3204.020671834625,3301.612403100775
2018-10-26,3311.9173126614987,3326.2015503875964,3257.7984496124027,3280.2480620155034
2018-10-29,3263.555555555555,3264.9198966408267,3165.457364341085,3180.2480620155034
2018-10-30,3164.7855297157616,3252.330749354005,3153.2506459948318,3214.739018087855
2018-10-31,3221.3540051679583,3275.3695090439273,3210.3669250645994,3259.762273901809
2018-11-01,3292.19638242894,3325.891472868217,3279.6899224806198,3283.751937984496
2018-11-02,3368.0723514211886,3400.7751937984494,3330.687338501292,3400.7751937984494
2018-11-05,3379.2971576227387,3390.0568475452196,3338.8733850129197,3372.4444444444443
2018-11-06,3364.3204134366924,3364.3204134366924,3321.860465116279,3352.093023255814
2018-11-07,3352.847545219638,3380.361757105943,3326.532299741602,3330.1395348837204
2018-11-08,3360.9612403100773,3362.863049095607,3315.4625322997413,3320.692506459948
2018-11-09,3300.5684754521963,3300.5684754521963,3272.671834625323,3273.8397932816533
2018-11-12,3266.40826873385,3314.222222222222,3258.3359173126614,3312.806201550387
2018-11-13,3271.2351421188628,3364.103359173126,3267.286821705426,3346.1291989664082
2018-11-14,3342.2635658914724,3348.051679586563,3307.7312661498704,3312.5994832041342
2018-11-15,3308.8165374677,3351.2971576227387,3306.232558139535,3351.286821705426
2018-11-16,3351.813953488372,3392.651162790697,3332.010335917312,3367.100775193798
2018-11-19,3368.258397932816,3405.271317829457,3360.279069767442,3405.271317829457
2018-11-20,3377.8604651162786,3388.9198966408267,3321.6330749354,3326.521963824289
2018-11-21,3294.1602067183458,3338.770025839793,3292.2377260981907,3334.8733850129192
2018-11-22,3341.571059431524,3344.134366925064,3307.1834625322995,3322.4082687338496
2018-11-23,3316.3720930232557,3320.103359173126,3244.847545219638,3249.0749354005166
2018-11-26,3254.439276485788,3275.9069767441856,3236.8372093023254,3246.75968992248
2018-11-27,3258.677002583979,3268.2273901808785,3231.3074935400514,3242.6253229974154
2018-11-28,3243.1524547803615,3286.211886304909,3231.648578811369,3285.7157622739014
2018-11-29,3306.2842377260977,3312.516795865633,3243.049095607235,3243.049095607235
2018-11-30,3241.550387596899,3281.8087855297154,3237.643410852713,3279.2661498708007
2018-12-03,3370.222222222222,3383.6072351421185,3336.8062015503874,3370.490956072351
2018-12-04,3365.612403100775,3377.7157622739014,3352.6614987080097,3377.4780361757103
2018-12-05,3332.5684754521963,3376.640826873385,3328.144702842377,3361.240310077519
2018-12-06,3326.2118863049095,3331.803617571059,3286.7080103359167,3288.547803617571
2018-12-07,3294.5633074935395,3301.1059431524545,3283.4211886304906,3288.4341085271312
2018-12-10,3259.4521963824286,3276.640826873385,3239.6692506459945,3250.3979328165374
2018-12-11,3253.9844961240306,3268.175710594315,3249.209302325581,3265.9638242894057
2018-12-12,3288.4444444444443,3289.1059431524545,3266.439276485788,3277.116279069767
2018-12-13,3285.674418604651,3342.71834625323,3275.8863049095603,3327.8449612403097
2018-12-14,3315.0904392764855,3318.573643410852,3272.258397932816,3272.258397932816
2018-12-17,3264.3720930232557,3273.9121447028424,3239.658914728682,3267.3901808785527
2018-12-18,3245.426356589147,3271.317829457364,3219.090439276485,3233.519379844961
2018-12-19,3239.007751937984,3242.3875968992247,3190.4496124031007,3194.9664082687336
2018-12-20,3187.1214470284235,3201.7777777777774,3146.5529715762273,3170.4599483204133
2018-12-21,3157.9638242894052,3160.1033591731266,3108.640826873385,3131.162790697674
2018-12-24,3116.7958656330748,3142.480620155038,3108.35142118863,3140.258397932816
2018-12-25,3107.8863049095607,3131.927648578811,3064.4754521963823,3118.6356589147285
2018-12-26,3114.0775193798445,3130.8113695090437,3097.1369509043925,3102.8733850129197
2018-12-27,3145.1679586563305,3149.5917312661495,3090.9664082687336,3090.9664082687336
2018-12-28,3095.4005167958658,3125.94315245478,3085.085271317829,3111.782945736434
2019-01-02,3118.4186046511627,3120.186046511628,3057.8708010335913,3069.2919896640824
2019-01-03,3062.5529715762273,3101.2299741602064,3052.454780361757,3064.4341085271317
2019-01-04,3038.956072351421,3138.8217054263564,3034.4496124031,3137.850129198966
2019-01-07,3157.777777777778,3164.5994832041342,3137.8914728682166,3156.8992248062013
2019-01-08,3152.320413436692,3158.1498708010336,3140.5994832041342,3150.0775193798445
2019-01-09,3168.1963824289405,3222.6976744186045,3165.7364341085267,3181.8914728682166
2019-01-10,3180.8578811369507,3196.423772609819,3165.4470284237727,3175.9069767441856
2019-01-11,3185.798449612403,3207.0594315245476,3174.191214470284,3198.739018087855
2019-01-14,3196.3824289405684,3201.457364341085,3167.317829457364,3170.832041343669
2019-01-15,3174.6976744186045,3234.490956072351,3167.617571059431,3233.0645994832034
2019-01-16,3231.142118863049,3240.3204134366924,3222.005167958656,3233.7467700258394
2019-01-17,3237.860465116279,3247.2454780361754,3214.532299741602,3215.937984496124
2019-01-18,3229.457364341085,3278.232558139535,3225.1679586563305,3274.594315245478
2019-01-21,3277.395348837209,3306.677002583979,3277.395348837209,3292.651162790697
2019-01-22,3288.837209302325,3288.837209302325,3240.66149870801,3248.909560723514
2019-01-23,3241.4470284237723,3263.7002583979324,3237.0749354005166,3246.56330749354
2019-01-24,3252.2997416020667,3271.968992248062,3230.284237726098,3264.8888888888887
2019-01-25,3271.503875968992,3310.770025839793,3270.7080103359167,3291.441860465116
2019-01-28,3310.7183462532294,3337.333333333333,3281.364341085271,3290.7286821705425
2019-01-29,3283.9896640826873,3308.5167958656325,3253.9844961240306,3301.2609819121444
2019-01-30,3288.537467700258,3310.4909560723513,3274.304909560723,3274.9147286821703
2019-01-31,3289.612403100775,3324.1033591731266,3284.764857881137,3309.178294573643
2019-02-01,3334.087855297157,3356.5891472868216,3315.472868217054,3356.485788113695
2019-02-11,3348.640826873385,3418.149870801033,3348.640826873385,3417.540051679586
2019-02-12,3417.4160206718343,3447.4005167958653,3409.4366925064596,3442.2118863049095
2019-02-13,3449.9018087855297,3519.979328165374,3440.97157622739,3511.142118863049
2019-02-14,3506.8217054263564,3530.1291989664082,3495.586563307493,3516.4237726098186
2019-02-15,3505.1576227390174,3509.0749354005166,3447.927648578811,3450.852713178294
2019-02-18,3479.503875968992,3561.488372093023,3479.503875968992,3561.488372093023
2019-02-19,3570.7700258397927,3597.7157622739014,3533.922480620155,3555.1524547803615
2019-02-20,3565.819121447028,3580.1240310077515,3536.4444444444443,3567.8863049095603
2019-02-21,3566.036175710594,3617.8294573643407,3546.9043927648577,3558.3565891472867
2019-02-22,3554.9147286821703,3638.366925064599,3532.7958656330748,3638.366925064599
2019-02-25,3695.9689922480616,3854.7596899224804,3694.770025839793,3854.7596899224804
2019-02-26,3860.165374677002,3888.485788113695,3802.863049095607,3808.4651162790697
2019-02-27,3806.521963824289,3863.1834625322995,3760.5478036175705,3801.9534883720926
2019-02-28,3798.71834625323,3819.596899224806,3772.66149870801,3792.6304909560718
2019-03-01,3823.4832041343666,3875.6692506459945,3792.010335917312,3875.6692506459945
2019-03-04,3910.118863049095,4017.1369509043925,3891.2454780361754,3921.550387596899
2019-03-05,3912.5374677002583,3944.35142118863,3897.457364341085,3944.1963824289405
2019-03-06,3951.2764857881134,3984.6614987080097,3914.749354005168,3977.3540051679583
2019-03-07,3970.1808785529715,3974.3462532299736,3905.736434108527,3936.7958656330743
2019-03-08,3846.40826873385,3901.333333333333,3779.0077519379843,3780.444444444444
2019-03-11,3787.0594315245476,3857.271317829457,3773.4470284237723,3855.245478036175
2019-03-12,3884.5684754521963,3932.527131782945,3848.7648578811363,3881.4987080103356
2019-03-13,3884.97157622739,3889.4987080103356,3833.395348837209,3849.2919896640824
2019-03-14,3834.925064599483,3873.715762273902,3797.2609819121444,3822.728682170542
2019-03-15,3838.6976744186045,3909.291989664082,3838.6976744186045,3870.8113695090437
2019-03-18,3879.7312661498704,3981.1369509043925,3859.1007751937977,3981.1369509043925
2019-03-19,3986.139534883721,3998.284237726098,3943.3798449612395,3962.749354005168
2019-03-20,3953.839793281654,3984.6511627906975,3917.839793281654,3964.279069767442
2019-03-21,3969.2816537467697,3993.8708010335918,3951.9069767441856,3965.7777777777774
2019-03-22,3967.0594315245476,3974.75968992248,3913.78811369509,3962.5839793281652
2019-03-25,3903.2971576227387,3935.0697674418598,3867.2971576227387,3868.558139534883
2019-03-26,3893.0542635658912,3897.5090439276482,3811.4211886304906,3824.7441860465115
2019-03-27,3849.519379844961,3876.237726098191,3827.8552971576223,3869.1369509043925
2019-03-28,3856.3927648578806,3881.881136950904,3834.7080103359167,3853.643410852713
2019-03-29,3865.395348837209,4006.594315245478,3865.395348837209,4002.4186046511627
2019-04-01,4032.217054263566,4116.702842377261,4032.217054263566,4107.42118863049
2019-04-02,4120.248062015504,4122.067183462532,4089.4160206718343,4104.692506459948
2019-04-03,4080.4857881136945,4161.757105943152,4072.124031007752,4157.271317829457
2019-04-04,4175.4418604651155,4208.899224806201,4156.806201550387,4198.687338501291
2019-04-08,4234.728682170543,4261.085271317829,4152.444444444443,4193.519379844961
2019-04-09,4200.320413436692,4221.43669250646,4173.932816537467,4212.330749354005
2019-04-10,4198.904392764857,4253.6227390180875,4171.028423772609,4223.100775193798
2019-04-11,4220.630490956072,4234.749354005167,4124.279069767441,4131.8656330749345
2019-04-12,4120.702842377261,4141.529715762274,4094.532299741602,4122.60465116279
2019-04-15,4192.754521963824,4222.625322997415,4107.731266149871,4109.064599483204
2019-04-16,4091.0594315245476,4223.038759689922,4075.958656330749,4223.038759689922
2019-04-17,4217.798449612403,4244.568475452196,4193.798449612403,4224.537467700257
2019-04-18,4222.335917312661,4231.576227390181,4192.496124031007,4208.868217054263
2019-04-19,4213.229974160206,4259.059431524548,4182.118863049095,4259.028423772609
2019-04-22,4264.568475452196,4264.692506459948,4150.356589147286,4160.837209302325
2019-04-23,4156.723514211886,4197.509043927648,4139.824289405685,4154.0155038759685
2019-04-24,4169.12661498708,4180.1963824289405,4101.095607235142,4165.467700258398
2019-04-25,4148.423772609819,4157.684754521963,4070.6253229974154,4074.232558139535
2019-04-26,4053.6330749354,4076.3100775193793,4017.8294573643407,4019.9173126614983
2019-04-29,4027.472868217054,4086.025839793281,4005.6330749354,4031.348837209302
2019-04-30,4017.757105943152,4054.894056847545,4015.658914728682,4044.66149870801
2019-05-06,3901.8914728682166,3918.9767441860463,3769.6537467700255,3808.3927648578806
2019-05-07,3826.6356589147285,3863.7519379844957,3795.173126614987,3845.6537467700255
2019-05-08,3771.111111111111,3847.989664082687,3764.8578811369507,3790.656330749354
2019-05-09,3759.53488372093,3779.741602067183,3705.240310077519,3720.620155038759
2019-05-10,3765.4366925064596,3858.315245478036,3709.8604651162786,3855.7622739018084
2019-05-13,3799.2351421188628,3827.286821705426,3780.878552971576,3791.9689922480616
2019-05-14,3752.392764857881,3806.987080103359,3752.392764857881,3767.596899224806
2019-05-15,3798.4392764857876,3866.708010335917,3798.4392764857876,3852.2894056847545
2019-05-16,3845.002583979328,3870.945736434108,3832.454780361757,3869.726098191214
2019-05-17,3870.677002583979,3871.173126614987,3759.772609819121,3771.3281653746767
2019-05-20,3757.8708010335913,3766.925064599483,3704.2170542635654,3739.317829457364
2019-05-21,3741.0232558139533,3814.046511627907,3731.9689922480616,3789.953488372093
2019-05-22,3786.201550387597,3802.863049095607,3756.847545219638,3771.968992248062
2019-05-23,3751.4521963824286,3753.457364341085,3698.3049095607234,3704.3514211886304
2019-05-24,3705.3229974160204,3745.1059431524545,3701.0749354005166,3714.635658914728
2019-05-27,3713.2816537467697,3770.5736434108526,3675.720930232558,3759.37984496124
2019-05-28,3755.0594315245476,3806.956072351421,3749.6537467700255,3795.6175710594316
2019-05-29,3764.8992248062013,3817.2919896640824,3759.53488372093,3786.9870801033585
2019-05-30,3771.4211886304906,3773.612403100775,3733.974160206718,3763.4935400516792
2019-05-31,3763.3074935400514,3791.4005167958653,3749.395348837209,3751.7209302325577
2019-06-03,3762.9043927648577,3796.1860465116274,3734.501291989664,3754.015503875969
2019-06-04,3754.583979328165,3758.2739018087855,3704.8682170542634,3719.348837209302
2019-06-05,3749.6537467700255,3756.537467700258,3714.6770025839787,3717.9431524547804
2019-06-06,3722.005167958656,3722.005167958656,3676.5064599483203,3684.4237726098186
2019-06-10,3698.201550387597,3745.457364341085,3688.1447028423772,3732.0310077519375
2019-06-11,3739.0387596899222,3848.2067183462527,3739.0387596899222,3844.217054263566
2019-06-12,3831.37984496124,3836.5684754521963,3807.6899224806198,3815.0904392764855
2019-06-13,3813.519379844961,3821.798449612403,3777.0232558139533,3809.188630490956
2019-06-14,3814.4496124031007,3834.263565891473,3773.550387596899,3777.6537467700255
2019-06-17,3777.1989664082685,3807.5142118863046,3767.958656330749,3777.5917312661495
2019-06-18,3784.1136950904393,3799.1214470284235,3761.0129198966406,3790.821705426356
2019-06-19,3887.6899224806198,3898.036175710594,3839.927648578811,3840.764857881137
2019-06-20,3843.865633074935,3974.9767441860463,3842.056847545219,3957.12661498708
2019-06-21,3961.4780361757103,3985.6227390180875,3945.540051679586,3962.7286821705425
2019-06-24,3965.178294573643,3982.9974160206716,3948.082687338501,3970.304909560723
2019-06-25,3966.335917312661,3966.987080103359,3881.147286821705,3929.002583979328
2019-06-26,3906.470284237726,3937.736434108527,3898.4186046511622,3921.78811369509
2019-06-27,3935.441860465116,3983.5452196382425,3933.674418604651,3963.6382428940565
2019-06-28,3960.785529715762,3964.0620155038755,3930.801033591731,3954.0981912144703
2019-07-01,4030.3152454780356,4068.909560723514,4017.4780361757103,4068.020671834625
2019-07-02,4063.100775193798,4074.8630490956066,4050.5839793281652,4069.426356589147
2019-07-03,4059.3695090439273,4059.3695090439273,4009.1369509043925,4024.3204134366924
2019-07-04,4026.0465116279065,4038.129198966408,3984.1757105943148,4003.204134366925
2019-07-05,4005.550387596899,4031.3281653746767,3987.524547803617,4023.979328165374
2019-07-08,4005.94315245478,4005.94315245478,3901.839793281654,3930.5322997416015
2019-07-09,3925.6847545219634,3939.1214470284235,3901.560723514212,3920.547803617571
2019-07-10,3935.865633074935,3938.3979328165374,3901.0129198966406,3913.94315245478
2019-07-11,3934.0465116279065,3959.42118863049,3901.1989664082685,3912.3720930232553
2019-07-12,3910.1498708010336,3948.568475452196,3901.3126614987077,3936.671834625323
2019-07-15,3920.04134366925,3974.025839793281,3871.679586563307,3952.6511627906975
2019-07-16,3947.5452196382425,3956.9302325581393,3927.5142118863046,3934.71834625323
2019-07-17,3927.7622739018084,3948.5994832041342,3915.142118863049,3932.444444444444
2019-07-18,3920.609819121447,3920.8165374676996,3894.5736434108526,3894.987080103359
2019-07-19,3914.739018087855,3956.7441860465115,3914.739018087855,3935.8759689922476
2019-07-22,3941.602067183462,3944.7441860465115,3891.927648578811,3908.713178294573
2019-07-23,3910.635658914728,3920.3720930232557,3895.3591731266147,3917.219638242894
2019-07-24,3931.3591731266147,3969.0542635658912,3931.3385012919894,3948.144702842377
2019-07-25,3949.757105943152,3980.4341085271317,3941.0335917312655,3980.4341085271317
2019-07-26,3964.0620155038755,3993.3746770025837,3961.2609819121444,3988.186046511628
2019-07-29,3987.53488372093,3992.5064599483203,3971.503875968992,3983.741602067183
2019-07-30,3991.286821705426,4021.426356589147,3991.286821705426,4000.330749354005
2019-07-31,3986.304909560723,3986.304909560723,3958.749354005168,3964.1963824289405
2019-08-01,3947.617571059431,3959.9586563307494,3918.9147286821703,3931.2351421188623
2019-08-02,3854.3979328165374,3880.6511627906975,3845.0232558139533,3873.3229974160204
2019-08-05,3849.519379844961,3865.116279069767,3799.162790697674,3799.162790697674
2019-08-06,3730.346253229974,3772.5064599483203,3695.9793281653747,3758.480620155038
2019-08-07,3777.395348837209,3781.994832041343,3743.0801033591724,3743.0801033591724
2019-08-08,3774.015503875969,3798.925064599483,3769.4470284237723,3792.5478036175705
2019-08-09,3810.594315245478,3813.105943152454,3749.994832041343,3755.5865633074936
2019-08-12,3770.4082687338496,3823.3591731266147,3765.705426356589,3823.3591731266147
2019-08-13,3799.0594315245476,3810.2635658914724,3780.8888888888887,3788.8888888888887
2019-08-14,3836.764857881137,3842.4392764857876,3804.248062015504,3806.0981912144703
2019-08-15,3739.545219638243,3818.3979328165374,3733.4470284237723,3818.087855297157
2019-08-16,3822.1602067183458,3863.6692506459945,3810.9354005167957,3835.1834625322995
2019-08-19,3861.5297157622736,3918.439276485788,3845.674418604651,3918.439276485788
2019-08-20,3913.209302325581,3927.5452196382425,3905.664082687338,3914.9664082687336
2019-08-21,3905.2299741602064,3919.9999999999995,3902.273901808785,3908.7958656330748
2019-08-22,3921.302325581395,3924.8888888888887,3897.881136950904,3920.940568475452
2019-08-23,3924.423772609819,3957.9948320413437,3915.2764857881134,3949.209302325581
2019-08-26,3882.5426356589146,3905.8087855297154,3879.2351421188628,3892.413436692506
2019-08-27,3918.8217054263564,3977.5090439276482,3918.211886304909,3945.16795865633
2019-08-28,3947.0904392764855,3950.9974160206716,3917.457364341085,3930.3152454780356
2019-08-29,3933.32299741602,3936.537467700258,3901.188630490956,3917.5090439276482
2019-08-30,3944.8888888888882,3957.5917312661495,3905.8604651162786,3927.22480620155
2019-09-02,3931.4625322997413,3985.302325581395,3927.4625322997413,3977.5917312661495
2019-09-03,3981.994832041343,3986.2325581395344,3962.5426356589146,3983.0594315245476
2019-09-04,3977.9328165374673,4016.5374677002583,3975.627906976744,4016.5374677002583
2019-09-05,4040.5271317829456,4103.359173126614,4040.5271317829456,4057.178294573643
2019-09-06,4079.2661498708007,4081.178294573643,4054.0981912144703,4081.147286821705
2019-09-09,4114.687338501291,4119.11111111111,4087.7312661498704,4106.40826873385
2019-09-10,4110.459948320413,4110.511627906976,4071.0490956072344,4092.2687338501287
2019-09-11,4103.028423772609,4104.62015503876,4054.728682170542,4062.118863049095
2019-09-12,4077.1989664082685,4109.488372093023,4065.571059431524,4105.819121447028
2019-09-16,4115.100775193799,4115.968992248061,4075.834625322997,4090.666666666666
2019-09-17,4079.7519379844957,4079.7519379844957,4009.8087855297154,4021.9328165374673
2019-09-18,4034.09819121447,4054.9354005167957,4033.6020671834626,4041.426356589147
2019-09-19,4055.772609819121,4056.206718346253,4027.9793281653747,4056.206718346253
2019-09-20,4065.5917312661495,4074.6459948320407,4053.136950904392,4067.8552971576223
2019-09-23,4057.0439276485786,4057.0439276485786,3998.149870801033,4021.3540051679583
2019-09-24,4026.7390180878547,4058.925064599483,4016.682170542635,4032.1240310077515
2019-09-25,4018.139534883721,4020.5064599483203,3997.1369509043925,4001.0129198966406
2019-09-26,4015.1937984496117,4021.4470284237723,3969.2506459948318,3970.1705426356584
2019-09-27,3972.5684754521963,3989.147286821705,3960.9819121447026,3982.067183462532
2019-09-30,3971.131782945736,3986.801033591731,3941.6537467700255,3942.6666666666665
2019-10-08,3946.863049095607,3991.3591731266147,3946.863049095607,3966.5943152454774
2019-10-09,3951.018087855297,3974.5116279069766,3932.8888888888887,3972.3410852713173
2019-10-10,3967.431524547803,4007.37984496124,3958.067183462532,4004.7958656330743
2019-10-11,4016.04134366925,4054.129198966408,3998.801033591731,4043.131782945736
2019-10-14,4077.3746770025837,4117.6330749354,4066.9043927648577,4086.036175710594
2019-10-15,4085.9534883720926,4085.9534883720926,4060.103359173126,4068.475452196382
2019-10-16,4071.6072351421185,4097.209302325581,4050.6666666666665,4054.4599483204133
2019-10-17,4061.3850129198963,4068.020671834625,4045.395348837209,4057.074935400516
2019-10-18,4067.617571059431,4072.909560723514,3994.8010335917306,3999.3591731266147
2019-10-21,3995.1834625322995,4015.2351421188623,3985.571059431524,4011.204134366925
2019-10-22,4027.193798449612,4028.361757105943,4000.5684754521963,4026.749354005168
2019-10-23,4023.441860465116,4032.4754521963823,3991.9379844961236,4001.116279069767
2019-10-24,4008.186046511628,4020.8785529715756,3981.994832041343,4000.692506459948
2019-10-25,4001.8294573643407,4030.7183462532294,3978.3255813953488,4027.6899224806198
2019-10-28,4036.1550387596894,4059.7416020671835,4028.754521963824,4058.4909560723513
2019-10-29,4061.7157622739014,4064.465116279069,4041.581395348837,4041.581395348837
2019-10-30,4035.8863049095603,4039.37984496124,4013.9018087855293,4021.94315245478
2019-10-31,4038.0981912144703,4038.3979328165374,4009.178294573643,4017.3126614987077
2019-11-01,4014.273901808785,4088.97157622739,4006.6356589147285,4085.157622739018
2019-11-04,4097.1679586563305,4119.235142118863,4097.1679586563305,4111.751937984495
2019-11-05,4115.88630490956,4166.036175710594,4104.2583979328165,4137.271317829457
2019-11-06,4140.909560723514,4142.118863049095,4107.266149870801,4118.739018087855
2019-11-07,4118.397932816537,4139.927648578811,4109.095607235142,4125.963824289405
2019-11-08,4152.630490956072,4157.147286821705,4104.981912144703,4106.4702842377255
2019-11-11,4081.2609819121444,4081.2609819121444,4028.4754521963823,4034.087855297157
2019-11-12,4037.1679586563305,4046.3875968992247,4007.9999999999995,4034.8217054263564
2019-11-13,4036.4651162790697,4039.710594315245,4012.8475452196376,4030.987080103359
2019-11-14,4037.136950904392,4048.527131782945,4025.9844961240306,4037.064599483204
2019-11-15,4039.7829457364337,4046.6149870801028,4007.3281653746767,4007.3281653746767
2019-11-18,4004.5891472868216,4044.5478036175705,3998.263565891473,4039.2041343669243
2019-11-19,4035.2454780361754,4079.627906976744,4033.4677002583976,4079.627906976744
2019-11-20,4072.485788113695,4075.6899224806198,4033.0645994832034,4039.131782945736
2019-11-21,4025.364341085271,4032.8992248062013,4006.1705426356584,4020.258397932816
2019-11-22,4024.9819121447026,4050.4806201550387,3962.273901808785,3979.3178294573636
2019-11-25,3980.3307493540046,4008.5271317829456,3968.392764857881,4008.485788113695
2019-11-26,4024.2170542635654,4030.0878552971576,3999.5762273901805,4022.377260981912
2019-11-27,4013.881136950904,4020.6511627906975,3992.4547803617565,4005.8087855297154
2019-11-28,4008.1653746770025,4018.284237726098,3981.4056847545216,3992.0413436692506
2019-11-29,3986.7596899224804,3991.37984496124,3932.6408268733844,3957.2816537467697
2019-12-02,3964.3514211886304,3984.2377260981907,3957.94315245478,3964.9198966408267
2019-12-03,3957.8397932816533,3980.4857881136945,3939.6692506459945,3980.454780361757
2019-12-04,3970.7080103359167,3982.4186046511622,3959.762273901809,3979.142118863049
2019-12-05,3993.395348837209,4013.850129198966,3989.4780361757103,4009.674418604651
2019-12-06,4015.565891472868,4033.4780361757103,4008.992248062015,4033.4780361757103
2019-12-09,4040.8578811369507,4043.3798449612395,4015.7622739018084,4026.304909560723
2019-12-10,4016.9922480620153,4031.9999999999995,4012.4961240310076,4031.4005167958653
2019-12-11,4038.4082687338496,4040.713178294573,4021.0232558139533,4033.850129198966
2019-12-12,4039.741602067183,4039.741602067183,4016.6614987080097,4021.726098191214
2019-12-13,4059.9483204134362,4102.801033591731,4057.1369509043925,4101.519379844961
2019-12-16,4104.093023255814,4121.540051679586,4086.315245478036,4121.498708010336
2019-12-17,4121.695090439276,4203.762273901808,4118.366925064599,4177.571059431524
2019-12-18,4175.42118863049,4193.94315245478,4160.558139534884,4168.248062015504
2019-12-19,4170.149870801033,4174.201550387596,4149.767441860465,4162.428940568475
2019-12-20,4167.596899224806,4182.666666666666,4149.798449612403,4152.1963824289405
2019-12-23,4149.550387596899,4167.617571059432,4097.550387596899,4100.361757105943
2019-12-24,4104.97157622739,4128.692506459948,4096.8165374677,4127.090439276485
2019-12-25,4122.645994832041,4134.945736434108,4109.932816537467,4124.930232558139
2019-12-26,4127.824289405685,4161.229974160206,4127.689922480619,4161.229974160206
2019-12-27,4164.599483204134,4203.410852713178,4154.749354005167,4157.1369509043925
2019-12-30,4150.40826873385,4220.868217054263,4135.917312661499,4218.739018087855
2019-12-31,4214.728682170542,4235.8036175710595,4205.695090439276,4234.191214470284
2020-01-02,4259.793281653747,4312.826873385013,4259.793281653747,4291.720930232557
2020-01-03,4301.002583979328,4304.186046511628,4270.656330749353,4284.1963824289405
2020-01-06,4258.935400516796,4310.739018087856,4240.186046511628,4268.010335917313
2020-01-07,4276.3824289405675,4301.033591731266,4274.005167958657,4299.979328165374
2020-01-08,4278.687338501291,4289.209302325581,4239.772609819121,4250.459948320413
2020-01-09,4284.785529715762,4305.5917312661495,4282.780361757105,4304.2583979328165
2020-01-10,4317.912144702842,4321.426356589146,4287.8346253229965,4303.02842377261
2020-01-13,4306.904392764858,4345.209302325581,4287.958656330749,4345.209302325581
2020-01-14,4356.754521963824,4365.385012919896,4328.764857881137,4330.635658914729
2020-01-15,4327.524547803618,4334.749354005167,4290.315245478036,4306.697674418604
2020-01-16,4315.059431524547,4315.545219638242,4281.32299741602,4288.413436692506
2020-01-17,4302.005167958656,4317.343669250646,4280.764857881137,4294.418604651163
2020-01-20,4310.842377260981,4326.573643410852,4288.878552971576,4326.439276485788
2020-01-21,4304.930232558139,4304.930232558139,4251.503875968991,4252.516795865633
2020-01-22,4231.3178294573645,4280.2894056847545,4182.418604651162,4270.728682170543
2020-01-23,4230.821705426356,4241.364341085271,4105.829457364341,4138.397932816537
2020-02-03,3762.180878552971,3857.5297157622736,3762.180878552971,3812.2583979328165
2020-02-04,3774.677002583979,3914.0671834625323,3774.677002583979,3912.806201550387
2020-02-05,3928.7855297157616,3995.875968992248,3908.640826873385,3957.1369509043925
2020-02-06,3970.801033591731,4046.4289405684754,3934.8423772609817,4030.7803617571058
2020-02-07,4009.8708010335918,4030.8837209302324,3979.0284237726096,4030.8733850129192
2020-02-10,4002.4496124031,4051.8552971576223,3990.708010335917,4047.5555555555557
2020-02-11,4058.315245478036,4103.896640826873,4047.2454780361754,4085.2299741602064
2020-02-12,4078.2118863049095,4118.273901808785,4073.0439276485786,4118.273901808785
2020-02-13,4119.7726098191215,4133.901808785529,4082.8320413436686,4092.940568475452
2020-02-14,4087.0594315245476,4135.979328165375,4086.8423772609817,4121.684754521963
2020-02-17,4134.005167958656,4214.418604651162,4134.005167958656,4214.387596899224
2020-02-18,4206.542635658914,4213.32299741602,4163.090439276485,4193.808785529715
2020-02-19,4185.6227390180875,4222.397932816537,4178.656330749353,4187.400516795865
2020-02-20,4199.37984496124,4287.88630490956,4192.051679586563,4283.88630490956
2020-02-21,4273.767441860465,4325.002583979327,4268.909560723514,4288.878552971576
2020-02-24,4270.635658914728,4288.382428940568,4234.811369509044,4271.669250645995
2020-02-25,4202.8940568475455,4265.333333333333,4155.979328165374,4262.3772609819125
2020-02-26,4206.821705426356,4271.607235142118,4197.550387596899,4209.839793281653
2020-02-27,4221.271317829457,4248.609819121446,4204.072351421189,4222.09819121447
2020-02-28,4122.718346253229,4166.5633074935395,4060.0206718346253,4072.4031007751937
2020-03-02,4102.160206718346,4230.0155038759685,4102.160206718346,4206.377260981912
2020-03-03,4263.7105943152455,4286.976744186046,4204.558139534884,4228.795865633075
2020-03-04,4215.503875968991,4253.498708010336,4197.1369509043925,4253.28165374677
2020-03-05,4289.6227390180875,4357.467700258398,4265.674418604651,4348.04134366925
2020-03-06,4297.881136950904,4321.767441860465,4274.304909560724,4277.529715762274
2020-03-09,4199.565891472867,4199.565891472867,4129.333333333333,4131.400516795866
2020-03-10,4108.764857881137,4230.490956072351,4087.596899224806,4219.875968992248
2020-03-11,4228.35142118863,4228.702842377261,4163.720930232558,4163.751937984495
2020-03-12,4109.674418604651,4121.374677002584,4058.1602067183458,4083.627906976744
2020-03-13,3897.684754521964,4069.4366925064596,3891.627906976744,4026.1602067183458
2020-03-16,4030.863049095607,4030.863049095607,3845.4883720930234,3853.064599483204
2020-03-17,3865.4056847545216,3914.09819121447,3739.8552971576223,3834.2945736434103
2020-03-18,3854.9767441860463,3902.6873385012914,3758.40826873385,3758.40826873385
2020-03-19,3745.519379844961,3770.5322997416015,3620.8682170542634,3709.6537467700255
2020-03-20,3751.4315245478037,3787.028423772609,3709.333333333333,3775.9379844961236
2020-03-23,3661.6847545219634,3706.25322997416,3642.1602067183458,3648.8992248062013
2020-03-24,3719.53488372093,3749.622739018088,3664.5478036175705,3746.8837209302324
2020-03-25,3836.1550387596894,3858.036175710594,3809.8087855297154,3847.565891472868
2020-03-26,3816.6511627906975,3861.757105943152,3804.9302325581393,3822.2739018087855
2020-03-27,3872.2377260981907,3885.0439276485786,3834.5426356589146,3834.6873385012914
2020-03-30,3780.3204134366924,3814.6149870801028,3759.782945736434,3797.5297157622736
2020-03-31,3832.7028423772604,3840.8992248062013,3799.6899224806198,3809.9844961240306
2020-04-01,3805.9948320413437,3857.1369509043925,3794.2842377260977,3798.5322997416015
2020-04-02,3779.142118863049,3859.9793281653747,3775.0077519379843,3859.9793281653747
2020-04-03,3846.4909560723513,3864.4237726098186,3823.2351421188628,3837.9534883720926
2020-04-07,3906.883720930232,3931.4005167958653,3898.925064599483,3925.602067183462
2020-04-08,3903.2764857881134,3920.413436692506,3893.8397932816533,3907.3281653746767
2020-04-09,3926.087855297157,3929.426356589147,3912.465116279069,3920.2170542635654
2020-04-10,3922.315245478036,3953.2196382428933,3885.2299741602064,3895.7932816537464
2020-04-13,3877.7364341085267,3896.516795865633,3865.8294573643407,3879.3385012919894
2020-04-14,3904.7338501291983,3954.2739018087855,3891.4521963824286,3954.211886304909
2020-04-15,3949.1989664082685,3958.4496124031007,3920.8682170542634,3924.9198966408267
2020-04-16,3904.702842377261,3935.255813953488,3901.3540051679583,3930.108527131783
2020-04-17,3960.640826873385,3993.229974160206,3949.78811369509,3968.465116279069
2020-04-20,3974.6356589147285,3983.255813953488,3960.2583979328165,3982.9043927648577
2020-04-21,3967.162790697674,3967.162790697674,3906.9767441860463,3935.968992248062
2020-04-22,3916.4134366925064,3968.3514211886304,3909.2609819121444,3968.3514211886304
2020-04-23,3981.302325581395,3987.0490956072344,3955.100775193798,3958.397932816537
2020-04-24,3954.8423772609817,3955.772609819121,3914.284237726098,3924.5167958656325
2020-04-27,3935.9379844961236,3971.958656330749,3921.209302325581,3951.1834625322995
2020-04-28,3964.1860465116274,3989.333333333333,3894.7803617571053,3978.4496124031007
2020-04-29,3966.4186046511627,4011.1007751937977,3962.5012919896635,3996.9302325581393
2020-04-30,4010.75968992248,4053.4366925064596,4010.75968992248,4044.010335917312
2020-05-06,3997.1679586563305,4069.9638242894052,3995.8552971576223,4068.475452196382
2020-05-07,4069.8604651162786,4073.881136950904,4047.441860465116,4056.7338501291983
2020-05-08,4075.4521963824286,4113.343669250646,4068.19638242894,4096.764857881137
2020-05-11,4108.279069767442,4132.403100775194,4077.002583979328,4093.2093023255807
2020-05-12,4094.40826873385,4103.472868217054,4062.2325581395344,4093.2713178294566
2020-05-13,4079.2144702842374,4105.974160206718,4064.671834625323,4101.550387596899
2020-05-14,4084.961240310077,4084.961240310077,4055.8656330749354,4057.074935400516
2020-05-15,4073.519379844961,4077.726098191214,4038.656330749354,4044.2583979328165
2020-05-18,4046.1602067183458,4078.997416020671,4029.3540051679583,4054.6873385012914
2020-05-19,4096.930232558139,4100.103359173127,4076.5581395348836,4089.147286821705
2020-05-20,4088.5891472868216,4088.5891472868216,4055.7312661498704,4067.4108527131775
2020-05-21,4083.3074935400514,4084.4857881136945,4038.8423772609813,4045.2609819121444
2020-05-22,4038.8423772609813,4038.8423772609813,3946.40826873385,3952.5167958656325
2020-05-25,3956.9198966408267,3964.4754521963823,3927.834625322997,3957.953488372093
2020-05-26,3979.3281653746767,4004.909560723514,3973.6227390180875,4002.863049095607
2020-05-27,4003.8242894056843,4003.8242894056843,3967.3591731266147,3974.7906976744184
2020-05-28,3977.7674418604647,4015.9379844961236,3946.697674418604,3986.1808785529715
2020-05-29,3967.317829457364,4002.377260981912,3959.0904392764855,3996.9198966408267
2020-06-01,4032.7958656330748,4109.891472868217,4032.7958656330748,4104.7441860465115
2020-06-02,4103.307493540051,4125.870801033591,4091.9689922480616,4117.385012919896
2020-06-03,4135.576227390181,4153.674418604651,4116.723514211886,4117.467700258398
2020-06-04,4132.46511627907,4134.170542635658,4101.881136950904,4115.958656330749
2020-06-05,4122.191214470284,4135.658914728682,4101.219638242894,4135.658914728682
2020-06-08,4158.770025839793,4186.273901808785,4151.007751937984,4157.054263565891
2020-06-09,4162.852713178294,4188.279069767442,4151.2558139534885,4182.976744186047
2020-06-10,4182.149870801033,4182.149870801033,4159.607235142119,4175.410852713178
2020-06-11,4167.173126614986,4178.821705426357,4113.43669250646,4130.1085271317825
2020-06-12,4063.6899224806198,4145.798449612403,4059.173126614987,4137.550387596899
2020-06-15,4116.764857881137,4141.746770025839,4087.8449612403097,4087.8449612403097
2020-06-16,4129.798449612403,4149.426356589147,4121.819121447028,4149.426356589147
2020-06-17,4153.602067183462,4153.602067183462,4126.232558139534,4152.547803617571
2020-06-18,4144.475452196382,4183.524547803617,4135.297157622739,4180.237726098191
2020-06-19,4182.997416020672,4247.400516795865,4179.317829457364,4236.392764857881
2020-06-22,4235.152454780362,4265.571059431524,4226.129198966408,4239.84496124031
2020-06-23,4235.700258397932,4263.286821705426,4217.829457364341,4260.248062015504
2020-06-24,4266.770025839794,4283.906976744186,4261.870801033591,4278.025839793281
2020-06-29,4266.594315245478,4276.35142118863,4230.0155038759685,4247.7726098191215
2020-06-30,4268.733850129199,4314.645994832041,4268.506459948319,4303.834625322997
2020-07-01,4312.806201550387,4390.4702842377255,4303.359173126614,4390.4702842377255
2020-07-02,4381.819121447028,4485.891472868217,4380.485788113695,4481.488372093023
2020-07-03,4499.42118863049,4568.062015503876,4494.521963824289,4568.062015503876
2020-07-06,4615.824289405685,4835.255813953488,4615.824289405685,4826.966408268733
2020-07-07,4898.821705426356,4957.43669250646,4845.540051679586,4855.948320413437
2020-07-08,4850.5012919896635,4964.713178294573,4827.545219638242,4934.366925064599
2020-07-09,4930.315245478036,5017.178294573643,4917.095607235142,5003.37984496124
2020-07-10,4957.1989664082685,4983.328165374676,4893.509043927648,4912.795865633075
2020-07-13,4901.674418604651,5041.94315245478,4901.157622739018,5015.979328165375
2020-07-14,4998.625322997415,5023.710594315245,4888.8165374677,4968.155038759689
2020-07-15,4983.483204134367,4999.979328165374,4882.025839793281,4903.84496124031
2020-07-16,4900.8062015503865,4932.878552971576,4665.271317829456,4667.958656330749
2020-07-17,4676.764857881137,4755.937984496123,4636.506459948319,4697.364341085271
2020-07-20,4751.627906976743,4839.214470284237,4686.542635658914,4837.519379844961
2020-07-21,4855.297157622738,4872.6511627906975,4818.025839793281,4848.62015503876
2020-07-22,4839.958656330748,4951.369509043927,4832.403100775194,4872.8165374677
2020-07-23,4825.571059431524,4890.335917312661,4762.439276485788,4870.739018087855
2020-07-24,4836.206718346252,4849.302325581395,4629.860465116279,4656.940568475452
2020-07-27,4687.3488372093025,4711.235142118862,4633.01291989664,4680.568475452195
2020-07-28,4721.1059431524545,4744.444444444444,4690.1085271317825,4721.715762273901
2020-07-29,4712.310077519379,4837.78811369509,4701.6537467700255,4836.186046511628
2020-07-30,4847.297157622739,4862.666666666666,4805.963824289406,4812.558139534883
2020-07-31,4808.454780361757,4901.095607235142,4777.219638242894,4852.764857881137
2020-08-03,4894.9870801033585,4931.648578811369,4878.583979328165,4931.586563307494
2020-08-04,4939.007751937984,4968.558139534884,4907.2558139534885,4936.2273901808785
2020-08-05,4921.715762273901,4947.493540051679,4869.529715762274,4937.581395348837
2020-08-06,4939.782945736433,4952.826873385012,4848.7441860465115,4922.749354005167
2020-08-07,4901.5917312661495,4908.547803617571,4793.6330749354,4866.0775193798445
2020-08-10,4839.02842377261,4917.47803617571,4802.366925064599,4883.586563307493
2020-08-11,4889.271317829457,4952.485788113694,4831.8966408268725,4839.049095607234
2020-08-12,4825.726098191214,4838.883720930232,4719.658914728682,4803.762273901809
2020-08-13,4823.245478036175,4828.702842377261,4781.498708010336,4791.431524547803
2020-08-14,4783.059431524547,4866.222222222222,4772.7441860465115,4862.666666666666
2020-08-17,4885.912144702842,5000.609819121447,4879.958656330748,4976.981912144702
2020-08-18,4978.366925064599,4987.483204134367,4949.695090439276,4974.428940568475
2020-08-19,4966.067183462532,4970.594315245477,4897.1679586563305,4899.927648578811
2020-08-20,4866.284237726098,4880.04134366925,4819.431524547804,4836.330749354004
2020-08-21,4876.268733850129,4898.687338501291,4842.180878552972,4877.354005167958
2020-08-24,4905.839793281653,4929.684754521963,4875.049095607234,4915.607235142119
2020-08-25,4929.416020671834,4963.73126614987,4905.746770025839,4921.912144702842
2020-08-26,4921.674418604651,4947.204134366924,4847.421188630491,4864.217054263566
2020-08-27,4876.547803617571,4890.894056847545,4836.54780361757,4890.284237726099
2020-08-28,4886.087855297157,5013.426356589147,4877.881136950904,5006.997416020672
2020-08-31,5034.552971576227,5065.850129198966,4977.994832041343,4978.005167958656
2020-09-01,4964.7441860465115,5004.795865633075,4952.744186046511,5004.775193798449
2020-09-02,5022.304909560723,5026.9250645994825,4958.67700258398,5006.604651162791
2020-09-03,5004.134366925065,5040.837209302325,4961.302325581395,4978.914728682171
2020-09-04,4896.372093023255,4938.708010335917,4885.333333333333,4930.459948320413
2020-09-07,4919.400516795866,4950.180878552971,4811.948320413437,4826.222222222222
2020-09-08,4841.1679586563305,4866.0465116279065,4794.883720930232,4852.082687338501
2020-09-09,4789.922480620155,4801.240310077519,4711.142118863048,4738.594315245477
2020-09-10,4787.700258397933,4803.875968992248,4725.798449612403,4735.8966408268725
2020-09-11,4725.850129198966,4786.439276485788,4716.39276485788,4782.718346253229
2020-09-14,4808.320413436692,4823.762273901808,4781.385012919896,4807.2868217054265
2020-09-15,4805.6330749354,4849.095607235142,4786.087855297157,4845.974160206718
2020-09-16,4840.320413436692,4848.248062015504,4794.273901808785,4813.808785529715
2020-09-17,4797.984496124031,4821.6537467700255,4756.217054263566,4788.330749354005
2020-09-18,4792.392764857881,4896.950904392765,4787.286821705426,4896.217054263566
2020-09-21,4910.335917312661,4912.640826873384,4846.222222222222,4849.023255813953
2020-09-22,4810.5633074935395,4864.299741602067,4777.374677002584,4791.483204134367
2020-09-23,4795.514211886304,4822.697674418604,4778.863049095607,4808.609819121447
2020-09-24,4779.276485788113,4787.545219638242,4715.462532299741,4716.3514211886295
2020-09-25,4736.4134366925055,4754.0465116279065,4707.720930232558,4723.53488372093
2020-09-28,4736.589147286821,4768.609819121447,4724.70284237726,4735.824289405684
2020-09-29,4763.090439276485,4771.762273901809,4740.413436692506,4746.0465116279065
2020-09-30,4762.356589147286,4790.40826873385,4716.702842377261,4741.498708010336
2020-10-09,4820.268733850128,4853.126614987079,4811.462532299742,4838.387596899225
2020-10-12,4863.245478036175,4985.291989664082,4862.180878552971,4985.178294573643
2020-10-13,4974.573643410852,5008.702842377261,4956.454780361757,5001.757105943152
2020-10-14,4992.723514211886,4992.723514211886,4957.012919896641,4968.578811369509
2020-10-15,4972.3824289405675,4996.268733850129,4957.374677002584,4959.937984496123
2020-10-16,4960.124031007752,4987.64857881137,4926.067183462532,4952.640826873385
2020-10-19,4985.519379844961,5012.516795865632,4906.811369509043,4915.235142118862
2020-10-20,4910.976744186046,4954.490956072351,4898.666666666666,4954.490956072351
2020-10-21,4962.9250645994825,4962.9250645994825,4918.718346253229,4953.829457364341
2020-10-22,4941.188630490956,4952.775193798449,4884.237726098191,4938.480620155038
2020-10-23,4935.886304909561,4963.782945736434,4875.555555555556,4876.992248062015
2020-10-26,4841.395348837209,4871.720930232558,4795.142118863049,4848.826873385013
2020-10-27,4837.354005167958,4866.625322997415,4828.785529715762,4857.1369509043925
2020-10-28,4860.981912144703,4912.981912144703,4842.997416020672,4896.403100775194
2020-10-29,4840.940568475451,4964.372093023255,4836.434108527132,4933.250645994832
2020-10-30,4936.919896640827,4939.02842377261,4840.795865633075,4853.054263565891
2020-11-02,4860.723514211886,4897.178294573643,4853.16795865633,4879.4108527131775
2020-11-03,4902.5012919896635,4954.418604651162,4893.1989664082685,4938.046511627907
2020-11-04,4942.067183462532,4987.555555555555,4930.811369509044,4975.359173126614
2020-11-05,5024.640826873385,5049.20930232558,5000.516795865633,5049.20930232558
2020-11-06,5062.149870801033,5062.149870801033,5008.1963824289405,5049.839793281653
2020-11-09,5084.093023255813,5165.684754521963,5084.093023255813,5148.6821705426355
2020-11-10,5163.214470284237,5163.214470284237,5094.5012919896635,5120.2894056847545
2020-11-11,5103.627906976744,5124.113695090438,5066.366925064599,5069.664082687338
2020-11-12,5081.932816537468,5091.824289405685,5055.824289405685,5073.343669250646
2020-11-13,5051.142118863048,5051.142118863048,4987.865633074935,5020.0
2020-11-16,5044.919896640827,5068.909560723514,5011.493540051679,5068.909560723514
2020-11-17,5067.824289405684,5074.201550387596,5028.826873385013,5059.214470284237
2020-11-18,5053.922480620155,5076.062015503876,5034.335917312661,5055.989664082687
2020-11-19,5044.878552971576,5105.726098191214,5033.798449612403,5093.529715762274
2020-11-20,5093.767441860465,5113.6227390180875,5087.948320413437,5109.343669250646
2020-11-23,5121.033591731266,5198.60465116279,5106.40826873385,5173.157622739018
2020-11-24,5164.909560723514,5169.054263565891,5127.627906976743,5141.385012919896
2020-11-25,5160.46511627907,5172.888888888889,5075.658914728681,5075.658914728681
2020-11-26,5073.198966408268,5090.739018087855,5031.338501291989,5084.847545219638
2020-11-27,5096.217054263566,5148.082687338501,5082.532299741602,5148.082687338501
2020-11-30,5161.870801033591,5225.002583979327,5126.873385012919,5126.873385012919
2020-12-01,5129.850129198966,5242.945736434108,5129.850129198966,5237.312661498708
2020-12-02,5243.390180878552,5261.612403100775,5212.723514211886,5237.354005167958
2020-12-03,5235.607235142118,5242.687338501291,5202.883720930232,5226.935400516796
2020-12-04,5219.142118863049,5242.780361757106,5186.4082687338505,5236.093023255814
2020-12-07,5235.8966408268725,5238.1085271317825,5183.059431524547,5190.945736434108
2020-12-08,5198.0465116279065,5212.46511627907,5166.842377260981,5178.170542635658
2020-12-09,5191.090439276485,5202.728682170543,5108.547803617571,5108.733850129198
2020-12-10,5096.940568475452,5129.447028423772,5085.033591731266,5106.480620155039
2020-12-11,5124.361757105942,5124.361757105942,5012.248062015504,5053.881136950904
2020-12-14,5068.35142118863,5103.111111111111,5051.844961240309,5100.609819121447
2020-12-15,5097.260981912144,5120.609819121446,5069.550387596899,5111.214470284238
2020-12-16,5123.824289405685,5135.772609819121,5104.072351421188,5120.279069767441
2020-12-17,5127.369509043927,5190.304909560723,5116.66149870801,5186.025839793281
2020-12-18,5182.75968992248,5196.3204134366915,5146.263565891472,5167.927648578811
2020-12-21,5163.576227390181,5218.09819121447,5136.950904392765,5216.372093023256
2020-12-22,5204.113695090438,5224.940568475452,5127.596899224805,5131.545219638243
2020-12-23,5144.496124031008,5197.364341085271,5135.038759689922,5175.317829457364
2020-12-24,5174.170542635658,5202.1085271317825,5146.5012919896635,5167.979328165375
2020-12-25,5153.250645994832,5211.472868217054,5140.754521963824,5211.37984496124
2020-12-28,5212.341085271317,5260.299741602067,5207.090439276485,5234.5322997416015
2020-12-29,5241.808785529715,5247.979328165375,5203.421188630491,5212.341085271317
2020-12-30,5207.214470284237,5285.488372093023,5205.819121447028,5285.488372093023
2020-12-31,5294.552971576227,5390.821705426356,5294.552971576227,5386.346253229974
2021-01-04,5388.041343669251,5461.94315245478,5365.312661498707,5444.671834625323
2021-01-05,5422.056847545219,5548.837209302325,5410.211886304909,5548.837209302325
2021-01-06,5567.452196382429,5615.989664082687,5520.857881136951,5599.658914728681
2021-01-07,5610.739018087856,5698.873385012919,5595.193798449613,5698.873385012919
2021-01-08,5711.9276485788105,5733.819121447028,5625.51937984496,5680.031007751938
2021-01-11,5689.1369509043925,5742.315245478036,5594.315245478036,5623.937984496123
2021-01-12,5601.550387596899,5784.341085271318,5599.617571059432,5784.341085271318
2021-01-13,5797.684754521963,5834.335917312661,5721.074935400517,5765.343669250646
2021-01-14,5742.852713178294,5755.059431524548,5642.0465116279065,5654.222222222222
2021-01-15,5655.1834625323,5685.405684754522,5571.33850129199,5641.426356589147
2021-01-18,5620.837209302325,5727.607235142118,5592.537467700257,5703.896640826873
2021-01-19,5711.596899224806,5718.325581395348,5597.643410852713,5620.175710594315
2021-01-20,5622.645994832041,5680.671834625323,5608.826873385013,5660.392764857881
2021-01-21,5677.47803617571,5780.992248062014,5674.997416020672,5751.906976744186
2021-01-22,5749.229974160206,5760.888888888889,5699.100775193798,5756.878552971575
2021-01-25,5751.028423772609,5845.457364341084,5729.47803617571,5814.904392764857
2021-01-26,5789.043927648578,5789.043927648578,5690.9560723514205,5698.160206718346
2021-01-27,5690.71834625323,5720.919896640826,5632.702842377261,5713.695090439276
2021-01-28,5633.457364341085,5645.726098191214,5540.444444444444,5557.767441860465
2021-01-29,5595.834625322997,5612.609819121446,5465.736434108527,5531.741602067183
2021-02-01,5536.795865633075,5604.444444444444,5521.498708010336,5599.638242894056
2021-02-02,5612.093023255813,5688.072351421189,5593.302325581395,5685.881136950904
2021-02-03,5684.031007751938,5718.749354005168,5656.97157622739,5669.457364341085
2021-02-04,5637.188630490955,5695.142118863048,5593.354005167957,5657.829457364341
2021-02-05,5679.276485788113,5737.229974160206,5661.653746770025,5667.607235142118
2021-02-08,5691.100775193799,5763.813953488371,5663.927648578811,5751.483204134367
2021-02-09,5771.751937984495,5877.260981912144,5741.6537467700255,5877.260981912144
2021-02-10,5901.47803617571,6019.038759689922,5899.049095607234,6002.811369509043
2021-02-18,6121.002583979327,6130.13953488372,5940.733850129198,5962.149870801033
2021-02-19,5926.635658914729,5982.315245478036,5857.695090439276,5972.961240310077
2021-02-22,5979.855297157623,5979.855297157623,5785.354005167958,5785.354005167958
2021-02-23,5728.868217054263,5834.377260981912,5727.245478036175,5767.100775193798
2021-02-24,5779.307493540051,5786.904392764857,5560.444444444443,5620.227390180878
2021-02-25,5679.038759689923,5713.312661498708,5627.038759689922,5653.291989664082
2021-02-26,5523.4108527131775,5598.263565891472,5497.529715762273,5516.031007751938
2021-03-01,5570.284237726098,5603.679586563308,5525.51937984496,5600.8062015503865
2021-03-02,5636.465116279069,5638.211886304909,5483.2558139534885,5529.333333333333
2021-03-03,5506.304909560723,5635.555555555555,5495.06976744186,5635.359173126614
2021-03-04,5569.488372093022,5573.509043927648,5431.297157622738,5458.09819121447
2021-03-05,5366.377260981912,5486.118863049095,5348.062015503876,5439.586563307494
2021-03-08,5477.819121447028,5505.178294573643,5250.439276485788,5250.666666666667
2021-03-09,5236.330749354004,5265.43669250646,5083.11111111111,5137.984496124031
2021-03-10,5216.599483204134,5225.095607235141,5148.961240310077,5171.689922480619
2021-03-11,5193.343669250646,5311.0180878552965,5189.229974160206,5300.485788113695
2021-03-12,5326.790697674418,5326.790697674418,5257.695090439276,5319.255813953488
2021-03-15,5287.979328165374,5292.899224806201,5160.103359173126,5204.692506459948
2021-03-16,5224.19638242894,5255.100775193799,5178.242894056847,5249.984496124031
2021-03-17,5232.837209302325,5295.658914728682,5188.764857881137,5272.206718346252
2021-03-18,5286.397932816537,5333.808785529715,5282.821705426356,5314.490956072352
2021-03-19,5238.790697674418,5260.899224806201,5148.072351421189,5175.2868217054265
2021-03-22,5176.640826873384,5241.695090439276,5164.382428940568,5227.028423772609
2021-03-23,5226.935400516796,5234.129198966409,5133.364341085271,5177.519379844961
2021-03-24,5152.8682170542625,5193.1059431524545,5085.157622739018,5094.25322997416
2021-03-25,5068.8062015503865,5117.064599483204,5047.710594315245,5091.834625322997
2021-03-26,5120.361757105942,5220.496124031008,5120.361757105942,5207.22480620155
2021-03-29,5221.974160206718,5257.51937984496,5178.697674418605,5216.413436692506
2021-03-30,5212.50645994832,5277.5607235142115,5201.860465116279,5265.87080103359
2021-03-31,5256.795865633074,5256.795865633074,5184.093023255813,5217.94315245478
2021-04-01,5229.912144702842,5287.266149870801,5226.739018087855,5282.459948320413
2021-04-02,5302.170542635658,5343.493540051679,5288.217054263566,5334.945736434109
2021-04-06,5352.599483204134,5355.193798449612,5297.498708010336,5313.012919896641
2021-04-07,5314.377260981912,5314.377260981912,5235.338501291989,5275.183462532299
2021-04-08,5248.847545219638,5301.426356589147,5232.113695090438,5283.937984496124
2021-04-09,5271.359173126614,5271.359173126614,5190.790697674418,5204.485788113695
2021-04-12,5195.844961240309,5215.090439276486,5098.718346253229,5113.953488372093
2021-04-13,5116.082687338501,5162.315245478036,5089.612403100775,5105.571059431524
2021-04-14,5111.824289405684,5154.645994832041,5106.222222222223,5147.937984496124
2021-04-15,5136.857881136951,5136.857881136951,5064.909560723514,5115.214470284238
2021-04-16,5133.746770025839,5146.428940568475,5083.162790697674,5133.002583979328
2021-04-19,5133.240310077519,5259.131782945736,5106.718346253229,5257.901808785529
2021-04-20,5235.948320413436,5291.844961240309,5228.857881136951,5254.129198966408
2021-04-21,5225.054263565891,5282.232558139535,5217.5607235142115,5270.0155038759685
2021-04-22,5286.0775193798445,5291.1834625323,5237.354005167958,5260.19638242894
2021-04-23,5259.772609819121,5322.976744186046,5257.354005167958,5307.958656330748
2021-04-26,5329.808785529715,5355.152454780361,5243.369509043927,5247.793281653746
2021-04-27,5247.173126614987,5267.162790697674,5211.999999999999,5261.519379844961
2021-04-28,5244.413436692506,5291.42118863049,5229.209302325581,5291.204134366924
2021-04-29,5300.54780361757,5344.279069767442,5285.426356589146,5337.643410852713
2021-04-30,5329.571059431524,5336.692506459948,5266.0775193798445,5295.596899224805
2021-05-06,5270.0775193798445,5305.3229974160195,5206.625322997415,5231.131782945736
2021-05-07,5243.886304909561,5264.857881136951,5163.8656330749345,5163.875968992248
2021-05-10,5169.447028423771,5188.0,5120.103359173126,5160.124031007752
2021-05-11,5122.5633074935395,5202.573643410852,5091.390180878552,5191.793281653747
2021-05-12,5171.906976744185,5220.847545219638,5163.204134366924,5214.005167958656
2021-05-13,5160.051679586563,5190.780361757105,5142.583979328165,5160.692506459948
2021-05-14,5175.84496124031,5284.733850129198,5148.62015503876,5282.263565891472
2021-05-17,5287.142118863049,5381.591731266149,5287.142118863049,5359.162790697674
2021-05-18,5365.302325581395,5376.403100775194,5330.0155038759685,5361.860465116279
2021-05-19,5346.945736434108,5368.020671834625,5324.692506459948,5346.0155038759685
2021-05-20,5340.62015503876,5376.320413436692,5325.1059431524545,5360.630490956071
2021-05-21,5373.777777777777,5391.3798449612395,5295.214470284237,5306.614987080103
2021-05-24,5311.431524547804,5328.775193798449,5263.452196382429,5328.775193798449
2021-05-25,5338.542635658914,5503.214470284237,5334.904392764858,5497.136950904392
2021-05-26,5505.033591731266,5523.803617571059,5487.06976744186,5499.317829457364
2021-05-27,5489.78811369509,5559.152454780361,5463.617571059432,5517.550387596898
2021-05-28,5518.067183462532,5540.341085271317,5466.304909560723,5499.834625322997
2021-05-31,5496.723514211886,5510.728682170542,5459.11111111111,5510.666666666666
2021-06-01,5499.193798449613,5523.255813953488,5446.263565891472,5521.116279069767
2021-06-02,5528.0,5532.444444444444,5443.710594315245,5467.669250645995
2021-06-03,5463.2661498708,5492.888888888889,5431.596899224805,5431.824289405684
2021-06-04,5403.906976744185,5513.684754521963,5396.620155038759,5459.720930232557
2021-06-07,5462.418604651162,5464.434108527132,5419.06976744186,5454.91472868217
2021-06-08,5454.232558139534,5497.715762273901,5375.855297157623,5407.875968992247
2021-06-09,5400.465116279069,5429.829457364341,5390.542635658915,5412.3514211886295
2021-06-10,5412.372093023256,5477.550387596899,5405.188630490956,5448.547803617571
2021-06-11,5452.97157622739,5453.333333333333,5388.733850129199,5400.206718346252
2021-06-15,5393.860465116279,5401.033591731266,5309.984496124031,5340.113695090439
2021-06-16,5336.692506459948,5338.005167958656,5246.532299741602,5251.152454780361
2021-06-17,5244.837209302325,5295.4728682170535,5244.258397932816,5273.271317829457
2021-06-18,5276.413436692506,5300.289405684754,5235.059431524547,5273.870801033591
2021-06-21,5259.007751937984,5295.8966408268725,5228.496124031007,5261.385012919896
2021-06-22,5277.5917312661495,5298.005167958656,5257.1369509043925,5294.222222222222
2021-06-23,5299.42118863049,5344.733850129198,5281.405684754522,5320.299741602067
2021-06-24,5329.777777777777,5333.777777777777,5292.589147286822,5329.1679586563305
2021-06-25,5333.12661498708,5428.020671834624,5330.728682170542,5415.989664082687
2021-06-28,5430.087855297157,5437.354005167958,5401.777777777777,5428.175710594315
2021-06-29,5424.826873385013,5424.826873385013,5356.775193798449,5364.899224806201
2021-06-30,5363.700258397933,5407.162790697675,5360.857881136951,5399.524547803617
2021-07-01,5417.260981912144,5428.692506459948,5365.250645994832,5405.333333333333
2021-07-02,5360.888888888889,5360.888888888889,5244.816537467699,5251.803617571059
2021-07-05,5244.217054263565,5269.488372093022,5217.571059431524,5256.630490956072
2021-07-06,5260.754521963823,5263.2661498708,5197.426356589147,5253.850129198966
2021-07-07,5222.13953488372,5325.860465116279,5214.894056847545,5313.1679586563305
2021-07-08,5322.284237726099,5324.2583979328165,5249.540051679586,5259.1834625323
2021-07-09,5233.2299741602055,5252.103359173126,5174.583979328165,5239.73126614987
2021-07-12,5279.979328165375,5332.723514211886,5240.640826873384,5305.12661498708
2021-07-13,5300.888888888888,5327.1834625323,5286.75968992248,5314.8320413436695
2021-07-14,5303.100775193798,5303.100775193798,5245.612403100775,5253.829457364341
2021-07-15,5243.679586563308,5326.935400516796,5237.912144702842,5324.50645994832
2021-07-16,5313.591731266149,5313.591731266149,5261.6330749354,5265.912144702842
2021-07-19,5254.5012919896635,5292.8372093023245,5217.178294573643,5285.260981912144
2021-07-20,5250.87338501292,5285.78811369509,5238.09819121447,5280.609819121446
2021-07-21,5294.863049095607,5333.891472868217,5294.366925064599,5316.837209302325
2021-07-22,5323.400516795866,5344.919896640827,5310.4702842377255,5324.806201550387
2021-07-23,5318.273901808785,5318.273901808785,5250.645994832041,5260.186046511627
2021-07-26,5237.529715762274,5237.529715762274,5022.842377260982,5090.749354005167
2021-07-27,5089.695090439276,5106.832041343669,4908.558139534883,4910.914728682171
2021-07-28,4872.6511627906975,4946.418604651162,4820.568475452195,4920.39276485788
2021-07-29,5008.537467700258,5021.157622739018,4961.250645994832,5013.1989664082685
2021-07-30,4987.803617571059,4987.803617571059,4920.97157622739,4972.785529715762
2021-08-02,4955.88630490956,5104.723514211885,4921.405684754522,5099.4728682170535
2021-08-03,5074.13953488372,5123.545219638242,5055.142118863049,5100.217054263566
2021-08-04,5093.271317829457,5146.552971576227,5084.919896640827,5146.09819121447
2021-08-05,5112.320413436692,5165.002583979328,5087.276485788113,5114.904392764857
2021-08-06,5109.085271317829,5110.4392764857885,5056.124031007752,5086.883720930233
2021-08-09,5054.5322997416015,5170.945736434109,5048.103359173127,5153.033591731266
2021-08-10,5145.033591731265,5213.188630490956,5107.22480620155,5212.558139534883
2021-08-11,5206.284237726098,5229.757105943152,5178.273901808785,5183.813953488372
2021-08-12,5165.963824289405,5184.764857881137,5129.705426356589,5140.413436692506
2021-08-13,5125.333333333333,5161.488372093023,5086.594315245477,5112.124031007751
2021-08-16,5101.726098191214,5140.444444444444,5097.023255813953,5107.049095607234
2021-08-17,5100.775193798449,5134.428940568476,4985.416020671834,4999.8966408268725
2021-08-18,5001.002583979328,5074.459948320413,4980.7751937984485,5058.645994832041
2021-08-19,5050.708010335918,5057.850129198966,5002.13953488372,5025.467700258398
2021-08-20,4979.317829457364,4997.571059431524,4879.4108527131775,4929.47803617571
2021-08-23,4938.222222222222,5006.5322997416015,4924.041343669251,4998.325581395348
2021-08-24,5007.328165374677,5071.007751937984,5005.426356589147,5052.599483204134
2021-08-25,5054.8010335917315,5064.361757105943,5029.209302325581,5062.697674418604
2021-08-26,5056.537467700257,5056.537467700257,4959.8966408268725,4962.904392764857
2021-08-27,4956.041343669251,5026.842377260982,4954.614987080103,4989.188630490956
2021-08-30,5009.850129198966,5012.051679586562,4948.010335917312,4974.956072351421
2021-08-31,4964.434108527132,4983.731266149871,4900.0,4967.038759689922
2021-09-01,4966.087855297157,5071.214470284237,4923.307493540052,5033.033591731266
2021-09-02,5029.271317829457,5057.054263565891,5008.392764857881,5032.981912144703
2021-09-03,5038.832041343669,5050.697674418604,4990.904392764857,5005.746770025839
2021-09-06,5003.679586563308,5110.542635658914,5000.299741602067,5099.462532299741
2021-09-07,5098.687338501291,5174.118863049095,5080.733850129198,5160.547803617571
2021-09-08,5154.315245478036,5182.40826873385,5122.366925064599,5139.152454780361
2021-09-09,5118.852713178294,5137.105943152454,5095.555555555555,5136.961240310077
2021-09-10,5134.863049095607,5212.1963824289405,5129.064599483204,5181.932816537467
2021-09-13,5174.956072351421,5198.677002583979,5131.741602067183,5159.338501291989
2021-09-14,5157.447028423772,5168.971576227389,5072.165374677002,5082.335917312661
2021-09-15,5068.578811369509,5068.578811369509,5005.808785529715,5030.821705426356
2021-09-16,5030.273901808785,5043.4418604651155,4967.586563307494,4969.1989664082685
2021-09-17,4958.25322997416,5021.147286821705,4946.863049095607,5019.059431524547
2021-09-22,4930.9870801033585,4993.12661498708,4925.302325581394,4983.7416020671835
2021-09-23,5011.080103359173,5041.178294573643,5000.062015503876,5016.227390180878
2021-09-24,5008.413436692506,5061.5607235142115,5001.074935400517,5012.330749354005
2021-09-27,5034.470284237726,5087.917312661499,5015.193798449612,5041.209302325581
2021-09-28,5032.640826873385,5065.953488372093,5009.43669250646,5047.88630490956
2021-09-29,5008.806201550387,5031.596899224805,4961.116279069767,4996.31007751938
2021-09-30,5006.666666666666,5039.8656330749345,5006.666666666666,5029.850129198966
2021-10-08,5080.85788113695,5102.935400516795,5055.937984496123,5095.545219638242
2021-10-11,5107.276485788113,5151.142118863048,5096.341085271318,5102.005167958656
2021-10-12,5085.953488372093,5090.945736434108,5003.37984496124,5047.896640826873
2021-10-13,5044.072351421189,5119.762273901808,5033.416020671834,5106.056847545219
2021-10-14,5100.010335917313,5120.330749354005,5067.958656330749,5078.666666666666
2021-10-15,5061.043927648579,5105.757105943152,5044.97157622739,5097.78811369509
2021-10-18,5087.865633074935,5087.865633074935,5007.689922480619,5038.5322997416015
2021-10-19,5032.961240310077,5093.684754521963,5032.361757105943,5088.082687338501
2021-10-20,5092.268733850129,5110.098191214471,5062.91472868217,5075.121447028424
2021-10-21,5079.8346253229965,5112.330749354005,5058.242894056847,5093.5607235142115
2021-10-22,5100.640826873385,5157.509043927648,5100.640826873385,5126.335917312661
2021-10-25,5106.873385012919,5148.992248062014,5095.720930232557,5146.790697674419
2021-10-26,5150.635658914728,5170.614987080103,5119.875968992247,5129.819121447028
2021-10-27,5115.483204134366,5115.483204134366,5049.033591731265,5062.697674418604
2021-10-28,5046.60465116279,5063.214470284237,5009.074935400517,5027.53488372093
2021-10-29,5024.568475452196,5073.664082687338,5018.873385012919,5073.664082687338
2021-11-01,5041.994832041343,5073.085271317829,5021.447028423772,5054.976744186046
2021-11-02,5050.315245478036,5076.206718346252,4959.06976744186,5002.428940568476
2021-11-03,4998.253229974161,5021.922480620155,4965.757105943152,4983.059431524547
2021-11-04,5003.7105943152455,5037.664082687337,4997.147286821705,5032.289405684754
2021-11-05,5022.118863049095,5053.932816537467,5004.3824289405675,5005.012919896641
2021-11-08,5003.772609819121,5029.540051679586,4989.860465116279,5011.038759689923
2021-11-09,5021.447028423772,5034.40826873385,4980.403100775194,5009.550387596899
2021-11-10,4995.142118863049,4995.142118863049,4913.695090439276,4983.142118863048
2021-11-11,4976.50645994832,5063.204134366924,4970.656330749353,5063.204134366924
2021-11-12,5067.627906976744,5073.984496124031,5039.121447028424,5052.578811369509
2021-11-15,5058.821705426356,5071.142118863048,5026.770025839793,5046.387596899224
2021-11-16,5044.85788113695,5080.485788113695,5040.31007751938,5047.359173126614
2021-11-17,5047.286821705426,5055.834625322997,5027.927648578811,5049.870801033591
2021-11-18,5035.059431524547,5035.059431524547,4992.671834625323,5000.124031007751
2021-11-19,4994.3772609819125,5057.1679586563305,4991.803617571059,5054.325581395349
2021-11-22,5059.834625322997,5084.237726098191,5057.643410852713,5077.416020671833
2021-11-23,5070.552971576227,5093.043927648579,5061.374677002584,5078.397932816538
2021-11-24,5079.100775193798,5101.28165374677,5064.19638242894,5081.819121447028
2021-11-25,5082.801033591731,5086.645994832041,5056.051679586562,5060.919896640826
2021-11-26,5051.11111111111,5051.11111111111,5013.757105943152,5023.390180878552
2021-11-29,4981.922480620155,5021.736434108527,4980.578811369509,5014.387596899224
2021-11-30,5020.341085271318,5034.883720930232,4971.8036175710595,4994.346253229974
2021-12-01,4994.201550387596,5007.2558139534885,4985.974160206718,5006.56330749354
2021-12-02,5002.490956072351,5030.335917312662,4992.578811369508,5019.286821705426
2021-12-03,5020.134366925064,5065.6537467700255,5016.382428940568,5065.6537467700255
2021-12-06,5074.346253229974,5109.974160206718,5052.909560723513,5056.97157622739
2021-12-07,5096.46511627907,5099.84496124031,5059.658914728682,5087.441860465116
2021-12-08,5100.165374677002,5163.751937984496,5080.919896640827,5163.751937984496
2021-12-09,5168.671834625322,5286.304909560723,5167.348837209302,5249.2919896640815
2021-12-10,5215.782945736434,5230.036175710594,5204.97157622739,5224.930232558139
2021-12-13,5261.002583979328,5316.630490956072,5250.366925064599,5254.573643410852
2021-12-14,5236.537467700258,5245.695090439276,5208.124031007751,5219.328165374676
2021-12-15,5205.457364341085,5230.356589147286,5171.8656330749345,5174.056847545219
2021-12-16,5174.790697674418,5203.855297157622,5154.749354005167,5203.855297157622
2021-12-17,5190.0155038759685,5190.811369509043,5121.1989664082685,5121.1989664082685
2021-12-20,5100.7441860465115,5138.677002583979,5036.361757105943,5044.361757105943
2021-12-21,5040.320413436692,5082.997416020671,5036.640826873384,5078.542635658914
2021-12-22,5090.005167958656,5102.5012919896635,5067.875968992248,5079.534883720929
2021-12-23,5089.705426356589,5114.976744186046,5071.57622739018,5114.976744186046
2021-12-24,5119.441860465116,5131.689922480619,5070.780361757105,5086.656330749353
2021-12-27,5083.359173126614,5105.622739018087,5058.5633074935395,5084.568475452195
2021-12-28,5089.085271317828,5125.726098191214,5078.656330749354,5122.439276485788
2021-12-29,5125.219638242893,5125.219638242893,5047.524547803617,5047.524547803617
2021-12-30,5046.160206718346,5106.129198966408,5042.5322997416015,5086.832041343669
2021-12-31,5103.317829457364,5116.651162790697,5088.516795865633,5106.325581395348
2022-01-04,5124.527131782945,5128.113695090438,5038.273901808785,5082.966408268734
2022-01-05,5072.795865633075,5081.426356589147,5014.966408268733,5031.648578811369
2022-01-06,5004.8165374677,5020.733850129199,4947.214470284238,4980.0826873385
2022-01-07,4986.377260981912,5019.793281653746,4980.04134366925,4984.361757105942
2022-01-10,4973.881136950904,5007.121447028424,4941.416020671834,5006.770025839793
2022-01-11,5002.594315245477,5013.829457364341,4952.857881136951,4958.935400516796
2022-01-12,4980.764857881137,5015.741602067183,4972.527131782946,5008.35142118863
2022-01-13,5016.051679586562,5016.082687338501,4925.312661498708,4926.0155038759685
2022-01-14,4903.2661498708,4924.082687338501,4882.625322997415,4885.509043927647
2022-01-17,4887.607235142119,4935.648578811369,4885.488372093023,4927.42118863049
2022-01-18,4926.904392764857,4988.423772609819,4907.4108527131775,4975.038759689923
2022-01-19,4977.581395348837,4990.9560723514205,4915.68992248062,4940.961240310077
2022-01-20,4938.770025839793,5007.751937984495,4938.056847545219,4985.540051679586
2022-01-21,4970.304909560724,4980.165374677003,4922.542635658915,4939.855297157623
2022-01-24,4913.633074935399,4962.3772609819125,4905.891472868217,4947.534883720929
2022-01-25,4921.912144702842,4942.005167958656,4835.400516795865,4835.607235142118
2022-01-26,4854.883720930233,4877.509043927648,4804.268733850129,4870.604651162791
2022-01-27,4866.253229974161,4866.60465116279,4771.090439276485,4775.06976744186
2022-01-28,4797.736434108527,4817.074935400517,4713.002583979328,4717.074935400517
2022-02-07,4794.397932816537,4829.612403100775,4770.036175710594,4789.757105943152
2022-02-08,4781.850129198966,4781.850129198966,4674.387596899224,4763.586563307494
2022-02-09,4762.945736434108,4815.979328165375,4749.643410852713,4808.330749354005
2022-02-10,4813.6537467700255,4813.6537467700255,4762.883720930232,4795.720930232557
2022-02-11,4772.992248062015,4819.224806201551,4750.263565891472,4755.968992248061
2022-02-14,4733.250645994832,4747.937984496124,4682.232558139535,4704.589147286821
2022-02-15,4706.780361757106,4756.020671834624,4703.400516795865,4754.625322997416
2022-02-16,4775.038759689923,4799.069767441861,4761.984496124031,4773.116279069767
2022-02-17,4771.989664082686,4806.366925064599,4761.705426356589,4784.66149870801
2022-02-18,4759.245478036175,4807.586563307494,4752.558139534884,4807.483204134366
2022-02-21,4802.118863049095,4802.75968992248,4768.268733850129,4789.9844961240315
2022-02-22,4756.50645994832,4756.661498708009,4703.669250645995,4727.803617571059
2022-02-23,4735.927648578811,4780.671834625323,4733.116279069767,4778.346253229974
2022-02-24,4746.325581395348,4765.767441860465,4639.255813953488,4681.467700258398
2022-02-25,4717.963824289405,4766.780361757105,4715.142118863048,4727.049095607234
2022-02-28,4717.043927648579,4735.555555555555,4682.87338501292,4735.555555555555
2022-03-01,4752.310077519379,4778.739018087856,4737.901808785529,4774.873385012919
2022-03-02,4748.341085271318,4748.341085271318,4711.565891472867,4732.403100775194
2022-03-03,4749.374677002584,4753.901808785529,4697.085271317829,4704.527131782946
2022-03-04,4664.971576227389,4691.875968992248,4632.031007751937,4647.472868217054
2022-03-07,4612.423772609819,4612.423772609819,4484.031007751938,4498.997416020671
2022-03-08,4508.15503875969,4530.904392764857,4395.390180878552,4408.671834625323
2022-03-09,4424.785529715761,4449.074935400516,4204.847545219638,4368.320413436692
2022-03-10,4471.524547803617,4481.312661498708,4432.568475452196,4437.043927648579
2022-03-11,4373.333333333333,4461.023255813953,4316.7441860465115,4451.1834625323
2022-03-14,4390.852713178294,4424.144702842376,4314.997416020672,4314.997416020672
2022-03-15,4264.072351421188,4303.276485788113,4117.6330749354,4117.6330749354
2022-03-16,4189.250645994832,4308.62015503876,4075.3074935400514,4295.689922480619
2022-03-17,4380.020671834625,4447.276485788113,4359.483204134367,4380.051679586562
2022-03-18,4360.175710594315,4427.255813953488,4335.855297157622,4409.198966408268
2022-03-21,4423.917312661499,4431.855297157622,4364.878552971576,4401.808785529715
2022-03-22,4395.42118863049,4427.214470284237,4379.007751937984,4398.242894056847
2022-03-23,4413.033591731265,4431.607235142118,4384.454780361757,4420.175710594315
2022-03-24,4392.279069767441,4417.529715762274,4358.501291989664,4394.118863049096
2022-03-25,4391.803617571059,4397.767441860465,4314.13953488372,4314.801033591731
2022-03-28,4267.53488372093,4314.335917312661,4228.733850129199,4287.824289405685
2022-03-29,4295.007751937984,4317.529715762274,4263.276485788114,4273.012919896641
2022-03-30,4301.984496124031,4397.002583979328,4300.506459948319,4397.002583979328
2022-03-31,4376.97157622739,4390.036175710594,4356.113695090439,4364.444444444444
2022-04-01,4339.8656330749345,4434.801033591731,4330.832041343669,4419.803617571059
2022-04-06,4401.891472868217,4421.209302325581,4379.049095607234,4407.069767441861
2022-04-07,4382.449612403101,4421.819121447028,4347.0180878552965,4350.490956072352
2022-04-08,4354.739018087855,4380.165374677003,4315.793281653746,4372.888888888889
2022-04-11,4345.002583979328,4345.002583979328,4226.4496124031,4237.798449612403
2022-04-12,4240.795865633075,4320.382428940568,4212.7131782945735,4320.382428940568
2022-04-13,4293.963824289405,4334.9250645994825,4278.801033591731,4278.801033591731
2022-04-14,4312.806201550387,4358.71834625323,4295.142118863049,4332.372093023255
2022-04-15,4302.191214470284,4352.785529715761,4292.475452196382,4329.457364341085
2022-04-18,4292.434108527132,4311.875968992247,4258.387596899224,4306.335917312661
2022-04-19,4301.736434108527,4327.586563307493,4253.664082687338,4273.798449612403
2022-04-20,4269.291989664082,4275.11111111111,4196.899224806201,4207.534883720929
2022-04-21,4184.733850129199,4223.7105943152455,4112.010335917312,4130.056847545219
2022-04-22,4100.46511627907,4172.692506459948,4086.5322997416015,4148.062015503876
2022-04-25,4065.581395348837,4091.173126614987,3943.059431524547,3943.059431524547
2022-04-26,3950.8940568475446,4001.912144702842,3900.671834625323,3911.2351421188628
2022-04-27,3884.320413436692,4026.594315245478,3883.2971576227387,4026.397932816537
2022-04-28,4013.8708010335913,4075.896640826873,4003.7002583979324,4052.8268733850127
2022-04-29,4071.958656330749,4152.382428940568,4029.5297157622736,4151.152454780361
2022-05-05,4129.5607235142115,4175.400516795865,4122.9250645994825,4144.919896640827
2022-05-06,4060.8268733850123,4079.834625322997,4033.12661498708,4040.124031007752
2022-05-09,4014.4186046511622,4045.5917312661495,3984.4341085271317,4007.6899224806198
2022-05-10,3948.97157622739,4064.7855297157616,3936.5064599483203,4051.5452196382425
2022-05-11,4049.540051679586,4168.785529715762,4048.082687338501,4109.994832041343
2022-05-12,4082.635658914728,4119.824289405684,4067.7932816537464,4091.7209302325577
2022-05-13,4117.643410852713,4138.346253229974,4090.067183462532,4122.583979328165
2022-05-16,4149.870801033591,4153.002583979328,4080.3617571059426,4089.4470284237723
2022-05-17,4094.8423772609817,4140.454780361757,4087.958656330749,4140.454780361757
2022-05-18,4149.881136950904,4152.2894056847545,4097.932816537467,4126.005167958656
2022-05-19,4070.594315245478,4133.953488372093,4065.8914728682166,4133.953488372093
2022-05-20,4155.886304909561,4214.573643410852,4155.886304909561,4214.573643410852
2022-05-23,4218.056847545219,4218.056847545219,4164.423772609819,4190.160206718346
2022-05-24,4189.012919896641,4192.020671834625,4092.1447028423772,4092.1447028423772
2022-05-25,4092.785529715762,4117.43669250646,4079.3901808785527,4116.981912144703
2022-05-26,4121.6330749354,4150.645994832041,4070.5322997416015,4127.173126614986
2022-05-27,4157.839793281653,4187.22480620155,4117.188630490956,4135.7105943152455
2022-05-30,4155.927648578811,4176.558139534884,4137.860465116279,4164.361757105943
2022-05-31,4167.193798449613,4233.798449612403,4155.431524547804,4228.961240310077
2022-06-01,4223.8966408268725,4232.454780361757,4195.193798449612,4220.341085271318
2022-06-02,4200.516795865633,4228.578811369509,4194.222222222222,4226.945736434109
2022-06-06,4227.937984496124,4306.583979328165,4200.423772609819,4306.036175710594
2022-06-07,4305.6227390180875,4339.111111111111,4294.749354005167,4319.514211886305
2022-06-08,4327.803617571059,4366.728682170543,4297.705426356589,4361.5607235142115
2022-06-09,4353.1989664082685,4369.457364341085,4300.6511627906975,4315.937984496124
2022-06-10,4284.909560723513,4383.824289405685,4279.297157622739,4381.385012919896
2022-06-13,4335.359173126614,4359.9276485788105,4296.341085271318,4330.077519379845
2022-06-14,4282.397932816537,4365.984496124031,4240.754521963824,4364.144702842377
2022-06-15,4370.325581395348,4494.490956072351,4370.325581395348,4421.932816537467
2022-06-16,4425.922480620155,4447.462532299742,4383.545219638242,4392.826873385013
2022-06-17,4360.961240310076,4463.84496124031,4360.392764857881,4453.78811369509
2022-06-20,4468.041343669251,4515.100775193798,4442.263565891473,4475.896640826873
2022-06-21,4473.302325581395,4503.7105943152455,4431.152454780362,4470.873385012919
2022-06-22,4477.416020671834,4478.739018087856,4412.66149870801,4414.0775193798445
2022-06-23,4421.664082687338,4489.798449612403,4404.031007751937,4489.798449612403
2022-06-24,4500.826873385013,4548.516795865632,4492.113695090438,4542.397932816538
2022-06-27,4562.614987080103,4622.935400516795,4562.614987080103,4593.550387596899
2022-06-28,4591.813953488371,4648.981912144703,4555.400516795866,4641.364341085271
2022-06-29,4622.976744186046,4654.397932816537,4562.273901808785,4569.881136950904
2022-06-30,4566.480620155038,4666.666666666666,4566.480620155038,4635.669250645995
2022-07-01,4640.330749354005,4652.186046511627,4598.749354005167,4616.764857881137
2022-07-04,4596.609819121447,4647.059431524547,4576.558139534883,4647.059431524547
2022-07-05,4656.806201550387,4682.5012919896635,4588.578811369509,4640.35142118863
2022-07-06,4625.819121447028,4634.997416020671,4541.002583979328,4572.578811369509
2022-07-07,4573.932816537467,4607.06976744186,4538.697674418604,4592.733850129199
2022-07-08,4618.149870801034,4629.963824289405,4575.596899224806,4577.550387596899
2022-07-11,4554.160206718346,4554.160206718346,4476.051679586563,4500.899224806201
2022-07-12,4498.863049095607,4517.147286821705,4440.950904392765,4458.521963824289
2022-07-13,4458.25322997416,4487.307493540052,4428.878552971575,4466.625322997415
2022-07-14,4453.5607235142115,4498.294573643411,4436.961240310077,4467.255813953488
2022-07-15,4443.896640826873,4490.811369509043,4391.245478036175,4391.245478036175
2022-07-18,4405.32299741602,4445.250645994832,4359.1834625323,4436.785529715762
2022-07-19,4432.496124031007,4432.496124031007,4381.209302325581,4412.754521963824
2022-07-20,4435.431524547803,4447.9276485788105,4413.405684754522,4427.700258397933
2022-07-21,4413.808785529715,4427.028423772609,4378.346253229974,4378.356589147287
2022-07-22,4394.614987080103,4419.090439276486,4348.640826873385,4380.599483204133
2022-07-25,4376.15503875969,4377.095607235142,4343.06976744186,4354.149870801034
2022-07-26,4361.850129198966,4403.090439276485,4356.103359173126,4388.609819121446
2022-07-27,4378.4496124031,4384.599483204134,4358.945736434108,4366.966408268733
2022-07-28,4384.775193798449,4411.286821705426,4364.888888888889,4367.617571059432
2022-07-29,4368.392764857881,4386.056847545219,4300.640826873385,4310.180878552972
2022-08-01,4300.4134366925055,4337.540051679586,4268.165374677002,4329.385012919896
2022-08-02,4283.596899224806,4283.596899224806,4208.19638242894,4244.981912144703
2022-08-03,4253.054263565891,4290.418604651162,4194.5012919896635,4203.596899224806
2022-08-04,4226.811369509043,4246.160206718346,4201.1989664082685,4239.317829457364
2022-08-05,4247.679586563308,4299.214470284237,4235.514211886304,4296.547803617571
2022-08-08,4281.250645994832,4295.328165374676,4273.984496124031,4287.4108527131775
2022-08-09,4282.863049095607,4301.612403100775,4270.211886304909,4295.906976744186
2022-08-10,4288.589147286822,4300.558139534884,4230.025839793281,4247.793281653746
2022-08-11,4269.498708010336,4334.687338501292,4254.325581395349,4334.40826873385
2022-08-12,4326.0155038759685,4343.638242894057,4315.297157622739,4331.937984496123
2022-08-15,4320.413436692506,4361.674418604651,4314.521963824289,4326.284237726098
2022-08-16,4331.297157622738,4350.180878552971,4310.614987080104,4318.180878552971
2022-08-17,4323.06976744186,4364.640826873385,4294.749354005167,4358.614987080103
2022-08-18,4347.06976744186,4353.395348837209,4313.736434108527,4320.516795865633
2022-08-19,4314.780361757105,4326.263565891472,4290.511627906976,4290.511627906976
2022-08-22,4274.067183462532,4324.186046511627,4273.074935400517,4321.860465116279
2022-08-23,4315.793281653746,4328.051679586563,4286.728682170542,4300.857881136951
2022-08-24,4308.609819121447,4314.377260981912,4216.113695090439,4219.555555555556
2022-08-25,4230.790697674418,4258.005167958656,4195.090439276485,4254.511627906976
2022-08-26,4266.470284237726,4278.852713178294,4240.496124031008,4245.529715762274
2022-08-29,4200.392764857881,4230.439276485788,4195.968992248061,4226.894056847545
2022-08-30,4225.870801033591,4230.635658914728,4184.516795865633,4212.702842377261
2022-08-31,4193.426356589147,4251.007751937985,4182.552971576227,4215.855297157623
2022-09-01,4202.780361757105,4228.31007751938,4176.878552971576,4179.57622739018
2022-09-02,4191.049095607235,4192.434108527132,4139.4418604651155,4158.770025839793
2022-09-05,4145.12661498708,4151.937984496124,4116.527131782945,4150.315245478036
2022-09-06,4159.658914728681,4190.180878552971,4144.268733850129,4188.403100775194
2022-09-07,4168.186046511627,4204.175710594315,4163.689922480619,4191.193798449612
2022-09-08,4195.524547803618,4204.403100775194,4171.596899224805,4173.312661498708
2022-09-09,4186.656330749353,4236.702842377261,4178.036175710594,4231.307493540051
2022-09-13,4250.13953488372,4266.780361757105,4234.770025839794,4249.209302325581
2022-09-14,4194.356589147286,4226.418604651162,4183.896640826873,4201.922480620155
2022-09-15,4215.658914728682,4226.160206718346,4133.188630490956,4162.397932816537
2022-09-16,4148.403100775194,4154.428940568475,4064.7855297157616,4064.7855297157616
2022-09-19,4060.3824289405684,4086.4599483204133,4041.664082687338,4059.9483204134362
2022-09-20,4078.191214470284,4090.4909560723513,4053.426356589147,4064.9509043927646
2022-09-21,4053.0439276485786,4056.2170542635654,4014.708010335917,4034.863049095607
2022-09-22,4005.3540051679583,4031.286821705426,3989.9018087855293,3999.317829457364
2022-09-23,3994.9354005167957,4019.018087855297,3958.3359173126614,3985.550387596899
2022-09-26,3958.242894056847,4024.1033591731266,3956.537467700258,3965.5607235142115
2022-09-27,3973.1989664082685,4023.8036175710595,3956.5167958656325,4023.049095607235
2022-09-28,4009.757105943152,4009.757105943152,3956.640826873385,3957.3229974160204
2022-09-29,3994.1291989664082,4003.286821705426,3936.5891472868216,3955.7002583979324
2022-09-30,3962.118863049095,3977.881136950904,3928.97157622739,3932.7028423772604
2022-10-10,3934.428940568475,3935.3591731266147,3840.5271317829456,3845.9328165374673
2022-10-11,3857.3850129198963,3865.4366925064596,3830.552971576227,3852.909560723514
2022-10-12,3847.927648578811,3911.4315245478033,3784.5271317829456,3911.4315245478033
2022-10-13,3882.6046511627906,3910.697674418604,3875.596899224806,3878.7286821705425
2022-10-14,3910.40826873385,3993.002583979328,3907.84496124031,3971.5452196382425
2022-10-17,3950.635658914728,3978.935400516795,3937.0749354005166,3975.617571059431
2022-10-18,3995.6899224806198,4000.227390180878,3959.865633074935,3967.204134366925
2022-10-19,3956.04134366925,3969.4987080103356,3903.3901808785527,3903.3901808785527
2022-10-20,3872.4341085271312,3932.04134366925,3851.979328165374,3881.0645994832034
2022-10-21,3879.989664082687,3895.286821705426,3849.8087855297154,3868.620155038759
2022-10-24,3853.147286821705,3888.537467700258,3741.5917312661495,3755.4211886304906
2022-10-25,3743.6072351421185,3794.036175710594,3715.4521963824286,3749.302325581395
2022-10-26,3755.3591731266147,3825.1989664082685,3755.3591731266147,3779.741602067183
2022-10-27,3790.8630490956066,3808.8682170542634,3753.033591731266,3753.116279069767
2022-10-28,3726.2635658914724,3740.423772609819,3652.19638242894,3660.289405684754
2022-10-31,3622.232558139535,3672.7545219638237,3613.3850129198963,3626.5633074935395
2022-11-01,3638.0568475452196,3756.248062015504,3635.7829457364337,3756.248062015504
2022-11-02,3741.9844961240306,3827.8759689922476,3732.093023255814,3801.3540051679583
2022-11-03,3767.503875968992,3793.4470284237723,3750.3875968992243,3770.439276485788
2022-11-04,3769.271317829457,3909.9534883720926,3769.271317829457,3893.7157622739014
2022-11-07,3880.640826873385,3920.19638242894,3872.2170542635654,3902.1188630490956
2022-11-08,3900.4237726098186,3906.067183462532,3848.4134366925064,3875.2764857881134
2022-11-09,3876.7751937984494,3886.728682170542,3835.9379844961236,3839.0387596899222
2022-11-10,3809.643410852713,3825.8708010335918,3788.1757105943148,3809.4987080103356
2022-11-11,3914.9974160206716,3957.519379844961,3872.9612403100773,3915.7002583979324
2022-11-14,3946.397932816537,3977.6847545219634,3908.8165374677,3921.4677002583976
2022-11-15,3916.2067183462527,4001.695090439276,3902.3255813953483,3995.834625322997
2022-11-16,3990.5012919896635,4007.9379844961236,3957.94315245478,3963.193798449612
2022-11-17,3949.6330749354,3950.118863049095,3903.4315245478033,3946.935400516795
2022-11-18,3952.268733850129,3969.302325581395,3929.271317829457,3929.271317829457
2022-11-21,3896.2583979328165,3896.50645994832,3859.4315245478033,3895.741602067183
2022-11-22,3892.589147286821,3937.8397932816533,3877.0439276485786,3896.1963824289405
2022-11-23,3886.5322997416015,3918.5322997416015,3879.286821705426,3900.2894056847545
2022-11-24,3918.9043927648577,3932.7131782945735,3877.395348837209,3883.0077519379843
2022-11-25,3877.2919896640824,3917.9018087855297,3869.157622739018,3902.614987080103
2022-11-28,3826.25322997416,3861.581395348837,3795.4832041343666,3858.6459948320407
2022-11-29,3893.095607235142,3984.258397932816,3893.095607235142,3977.695090439276
2022-11-30,3965.4366925064596,3997.581395348837,3962.6149870801028,3982.4702842377255
2022-12-01,4053.0232558139533,4077.064599483204,4024.6718346253224,4025.602067183462
2022-12-02,4016.9509043927646,4029.0542635658912,3995.741602067183,4000.981912144702
2022-12-05,4038.904392764857,4080.082687338501,4031.7002583979324,4079.4625322997413
2022-12-06,4060.9922480620153,4122.894056847545,4054.7803617571058,4101.498708010336
2022-12-07,4089.581395348837,4133.94315245478,4076.6718346253224,4091.410852713178
2022-12-08,4085.994832041343,4104.899224806201,4073.695090439276,4092.1757105943148
2022-12-09,4095.0801033591724,4137.798449612403,4076.940568475452,4132.547803617571
2022-12-12,4109.736434108527,4117.240310077519,4083.018087855297,4086.242894056847
2022-12-13,4086.3565891472867,4097.571059431524,4072.3307493540046,4078.2222222222217
2022-12-14,4085.571059431524,4106.191214470284,4067.979328165374,4087.741602067183
2022-12-15,4087.5142118863046,4096.640826873385,4058.397932816537,4084.744186046511
2022-12-16,4063.286821705426,4093.5090439276482,4061.4883720930225,4087.0594315245476
2022-12-19,4085.550387596899,4099.813953488372,4008.723514211886,4023.9999999999995
2022-12-20,4011.6072351421185,4011.648578811369,3939.5142118863046,3957.643410852713
2022-12-21,3967.958656330749,3983.1834625322995,3949.7674418604647,3959.2144702842374
2022-12-22,3988.837209302325,4012.5374677002583,3949.7054263565888,3964.8888888888887
2022-12-23,3939.658914728682,3977.612403100775,3933.7984496124027,3956.8165374676996
2022-12-26,3959.2454780361754,3986.366925064599,3956.0930232558135,3972.599483204134
2022-12-27,3990.60465116279,4022.583979328165,3986.129198966408,4018.4496124031
2022-12-28,4005.074935400516,4015.214470284237,3984.4341085271317,4001.302325581395
2022-12-29,3983.710594315245,3998.2325581395344,3967.4211886304906,3986.2532299741597
2022-12-30,4004.072351421188,4018.139534883721,3998.71834625323,4001.6847545219634
2023-01-03,3994.6666666666665,4024.7958656330743,3959.9483204134362,4018.501291989664
2023-01-04,4016.7958656330748,4037.1059431524545,4003.772609819121,4023.7209302325577
2023-01-05,4044.950904392764,4108.403100775194,4043.6795865633076,4101.891472868217
2023-01-06,4102.8940568475455,4134.790697674418,4099.710594315245,4114.614987080103
2023-01-09,4132.847545219638,4158.232558139534,4124.764857881137,4147.9276485788105
2023-01-10,4149.571059431524,4165.850129198966,4136.671834625323,4152.423772609818
2023-01-11,4154.91472868217,4179.224806201551,4142.656330749353,4144.733850129199
2023-01-12,4156.847545219638,4165.674418604651,4137.994832041343,4152.837209302325
2023-01-13,4167.7416020671835,4211.245478036176,4163.193798449612,4211.245478036176
2023-01-16,4214.863049095607,4317.416020671834,4213.581395348837,4276.961240310077
2023-01-17,4277.870801033591,4287.937984496123,4256.496124031008,4276.217054263565
2023-01-18,4279.173126614987,4290.91472868217,4264.361757105943,4269.054263565891
2023-01-19,4264.165374677003,4295.617571059432,4243.906976744185,4295.617571059432
2023-01-20,4306.811369509043,4330.573643410852,4301.467700258398,4321.994832041343
2023-01-30,4410.976744186046,4411.524547803617,4338.873385012919,4342.480620155039
2023-01-31,4341.684754521963,4354.242894056847,4292.558139534884,4296.496124031007
2023-02-01,4310.211886304909,4336.878552971576,4276.764857881137,4336.878552971576
2023-02-02,4348.7441860465115,4348.7441860465115,4310.656330749354,4321.602067183462
2023-02-03,4301.839793281653,4301.839793281653,4241.002583979328,4280.754521963824
2023-02-06,4241.684754521963,4243.8656330749345,4201.777777777777,4224.165374677003
2023-02-07,4235.979328165375,4245.312661498708,4214.945736434108,4231.762273901809
2023-02-08,4237.581395348837,4249.581395348837,4209.457364341085,4213.064599483204
2023-02-09,4204.1963824289405,4269.6227390180875,4201.291989664082,4269.6227390180875
2023-02-10,4262.635658914729,4263.865633074935,4229.819121447028,4244.248062015504
2023-02-13,4236.568475452196,4285.736434108527,4229.736434108527,4282.75968992248
2023-02-14,4290.697674418604,4291.524547803618,4263.834625322997,4284.537467700258
2023-02-15,4286.149870801034,4293.250645994832,4254.232558139534,4262.211886304909
2023-02-16,4263.989664082686,4307.906976744185,4205.540051679586,4230.997416020671
2023-02-17,4223.483204134366,4242.52196382429,4168.403100775194,4170.036175710594
2023-02-20,4175.669250645995,4273.757105943152,4171.038759689922,4272.341085271317
2023-02-21,4268.795865633075,4291.266149870801,4254.542635658915,4283.565891472868
2023-02-22,4257.333333333333,4273.777777777777,4239.648578811369,4244.909560723514
2023-02-23,4244.144702842377,4271.204134366925,4225.540051679586,4241.498708010336
2023-02-24,4238.749354005167,4240.423772609818,4184.227390180878,4197.467700258398
2023-02-27,4176.186046511628,4203.64857881137,4170.0465116279065,4179.679586563308
2023-02-28,4194.4496124031,4211.121447028424,4161.705426356589,4206.160206718346
2023-03-01,4205.405684754522,4274.397932816537,4197.643410852713,4265.571059431524
2023-03-02,4258.387596899224,4276.2273901808785,4252.020671834625,4256.062015503875
2023-03-03,4264.62015503876,4274.118863049095,4238.118863049095,4269.302325581395
2023-03-06,4269.922480620155,4271.669250645995,4225.78811369509,4247.038759689923
2023-03-07,4241.488372093023,4263.524547803618,4182.5012919896635,4184.857881136951
2023-03-08,4166.13953488372,4172.909560723514,4146.273901808785,4169.6227390180875
2023-03-09,4171.410852713178,4179.689922480619,4135.286821705426,4154.883720930232
2023-03-10,4125.891472868217,4138.873385012919,4099.669250645994,4100.403100775194
2023-03-13,4095.7519379844957,4143.3488372093025,4095.7519379844957,4143.3488372093025
2023-03-14,4134.242894056847,4136.372093023256,4079.524547803617,4118.552971576227
2023-03-15,4146.60465116279,4153.746770025839,4120.826873385013,4120.826873385013
2023-03-16,4091.1627906976737,4115.059431524548,4068.7131782945735,4071.472868217054
2023-03-17,4104.558139534884,4138.728682170542,4077.7777777777774,4091.8036175710595
2023-03-20,4095.772609819121,4113.229974160206,4067.204134366925,4071.4005167958653
2023-03-21,4080.7855297157616,4116.485788113695,4080.7855297157616,4116.15503875969
2023-03-22,4127.937984496124,4151.369509043927,4120.630490956072,4133.78811369509
2023-03-23,4119.88630490956,4174.770025839793,4117.829457364341,4174.770025839793
2023-03-24,4170.708010335917,4173.47803617571,4151.937984496124,4162.325581395348
2023-03-27,4158.4496124031,4158.4496124031,4120.961240310077,4147.2661498708
2023-03-28,4150.594315245477,4158.945736434109,4128.785529715762,4133.860465116279
2023-03-29,4148.413436692506,4152.723514211886,4126.790697674418,4140.7131782945735
2023-03-30,4144.248062015504,4176.2273901808785,4117.726098191214,4174.191214470284
2023-03-31,4181.343669250646,4200.072351421189,4175.669250645995,4187.007751937984
2023-04-03,4195.989664082686,4232.496124031008,4195.4108527131775,4227.979328165375
2023-04-04,4226.656330749353,4240.992248062015,4217.12661498708,4240.940568475451
2023-04-06,4221.32299741602,4236.516795865633,4215.400516795866,4234.253229974161
2023-04-07,4234.521963824289,4270.087855297158,4229.643410852713,4261.78811369509
2023-04-10,4270.811369509044,4271.111111111111,4236.7441860465115,4242.697674418605
2023-04-11,4246.521963824289,4254.387596899224,4220.66149870801,4237.881136950904
2023-04-12,4240.206718346252,4246.25322997416,4227.679586563308,4234.9250645994825
2023-04-13,4218.490956072351,4226.232558139534,4195.937984496124,4205.664082687338
2023-04-14,4215.989664082686,4235.886304909561,4212.093023255813,4229.457364341085
2023-04-17,4227.462532299742,4288.764857881137,4226.883720930233,4288.764857881137
2023-04-18,4278.356589147287,4309.736434108527,4277.47803617571,4301.839793281653
2023-04-19,4299.111111111111,4299.111111111111,4256.981912144703,4263.111111111111
2023-04-20,4261.447028423772,4264.4134366925055,4231.524547803617,4251.1834625323
2023-04-21,4252.46511627907,4252.46511627907,4167.348837209302,4168.031007751938
2023-04-24,4166.718346253229,4169.1369509043925,4101.1989664082685,4116.423772609819
2023-04-25,4118.976744186047,4125.777777777777,4057.302325581395,4095.7829457364337
2023-04-26,4082.956072351421,4109.209302325581,4066.8320413436686,4092.227390180878
2023-04-27,4080.6511627906975,4133.467700258398,4075.2661498708007,4122.397932816537
2023-04-28,4127.400516795866,4165.839793281653,4127.400516795866,4164.434108527132
2023-05-04,4148.289405684754,4171.3488372093025,4135.53488372093,4165.6330749354
2023-05-05,4166.5012919896635,4183.565891472867,4132.702842377261,4151.813953488372
2023-05-08,4163.421188630491,4207.514211886304,4153.963824289405,4199.131782945736
2023-05-09,4202.005167958656,4230.335917312661,4161.643410852713,4163.1834625323
2023-05-10,4152.909560723514,4154.067183462532,4118.480620155038,4131.131782945736
2023-05-11,4140.341085271318,4153.033591731266,4122.459948320413,4124.7131782945735
2023-05-12,4121.726098191214,4133.726098191214,4069.798449612403,4070.0361757105943
2023-05-15,4071.142118863049,4133.219638242894,4054.8113695090437,4133.219638242894
2023-05-16,4136.97157622739,4139.555555555555,4100.248062015503,4111.84496124031
2023-05-17,4105.116279069767,4116.382428940568,4078.2532299741597,4093.1989664082685
2023-05-18,4098.728682170542,4116.50645994832,4071.8863049095607,4088.9612403100773
2023-05-19,4078.7803617571053,4100.547803617571,4060.279069767442,4077.0439276485786
2023-05-22,4073.3850129198963,4119.276485788114,4068.0103359173127,4102.666666666666
2023-05-23,4101.529715762274,4105.364341085271,4044.640826873385,4044.640826873385
2023-05-24,4034.9147286821703,4034.9147286821703,3988.723514211886,3988.723514211886
2023-05-25,3980.7855297157616,3991.0904392764855,3946.0878552971576,3979.8449612403097
2023-05-26,3977.695090439276,3989.2816537467697,3943.7416020671835,3980.3100775193793
2023-05-29,3991.8139534883717,3996.6098191214464,3947.472868217054,3962.7286821705425
2023-05-30,3956.3720930232553,3973.1369509043925,3916.5581395348836,3966.6666666666665
2023-05-31,3955.7209302325577,3955.7209302325577,3908.423772609819,3926.1395348837204
2023-06-01,3915.8552971576228,3960.940568475452,3913.9328165374673,3934.7493540051673
2023-06-02,3949.994832041343,3995.1214470284235,3949.994832041343,3991.555555555555
2023-06-05,3990.242894056847,3990.242894056847,3961.1989664082685,3973.3850129198963
2023-06-06,3969.4677002583976,3997.7777777777774,3930.5839793281652,3936.082687338501
2023-06-07,3943.648578811369,3951.53488372093,3907.080103359173,3916.630490956072
2023-06-08,3918.428940568475,3963.193798449612,3904.6821705426355,3948.516795865633
2023-06-09,3950.8113695090433,3965.581395348837,3939.245478036175,3965.581395348837
2023-06-12,3955.896640826873,3989.374677002583,3941.9741602067184,3973.571059431524
2023-06-13,3967.0594315245476,3997.209302325581,3962.2325581395344,3994.7390180878547
2023-06-14,4002.8113695090433,4022.3979328165374,3991.7932816537464,3993.819121447028
2023-06-15,4001.8294573643407,4057.364341085271,4001.8294573643407,4057.364341085271
2023-06-16,4064.2997416020667,4101.302325581395,4060.50645994832,4096.485788113695
2023-06-19,4089.953488372093,4089.953488372093,4054.2325581395344,4062.9560723514205
2023-06-20,4057.9741602067184,4069.757105943152,4050.09819121447,4056.0620155038755
2023-06-21,4040.413436692506,4051.8139534883717,3993.829457364341,3993.829457364341
2023-06-26,3962.211886304909,3970.3255813953483,3928.733850129199,3937.674418604651
2023-06-27,3939.7312661498704,3981.2919896640824,3934.1808785529715,3974.60465116279
2023-06-28,3965.488372093023,3976.072351421188,3936.082687338501,3969.8191214470285
2023-06-29,3965.612403100775,3969.726098191214,3945.612403100775,3950.222222222222
2023-06-30,3944.527131782945,3989.6950904392766,3941.6537467700255,3971.524547803617
2023-07-03,3982.7286821705425,4028.2480620155034,3982.7286821705425,4023.648578811369
2023-07-04,4018.6356589147285,4030.987080103359,4008.6821705426355,4029.984496124031
2023-07-05,4026.036175710594,4030.511627906976,3993.9328165374673,3998.770025839793
2023-07-06,3986.594315245478,4007.1214470284235,3965.333333333333,3971.834625322997
2023-07-07,3960.3100775193793,3973.9948320413437,3947.3695090439273,3954.211886304909
2023-07-10,3970.60465116279,3995.3074935400514,3960.640826873385,3973.4677002583976
2023-07-11,3983.255813953488,4000.671834625323,3973.664082687338,3999.4728682170535
2023-07-12,3994.4186046511622,4004.1757105943148,3967.503875968992,3972.547803617571
2023-07-13,3985.178294573643,4032.144702842377,3985.178294573643,4029.3746770025837
2023-07-14,4035.7622739018084,4039.7829457364337,4024.589147286821,4030.0775193798445
2023-07-17,4012.010335917312,4012.010335917312,3981.6640826873386,3997.0749354005166
2023-07-18,4001.0749354005166,4001.0749354005166,3973.653746770026,3984.4341085271317
2023-07-19,3977.757105943152,3989.6744186046512,3959.0801033591724,3980.227390180878
2023-07-20,3987.3591731266147,4005.8087855297154,3946.987080103359,3952.134366925064
2023-07-21,3945.1989664082685,3978.8217054263564,3936.7441860465115,3950.2945736434103
2023-07-24,3931.111111111111,3957.4056847545216,3926.40826873385,3933.043927648578
2023-07-25,3996.527131782945,4047.348837209302,3996.527131782945,4046.635658914728
2023-07-26,4039.4521963824286,4044.4237726098186,4024.186046511628,4038.25322997416
2023-07-27,4045.7157622739014,4067.555555555555,4025.519379844961,4033.4366925064596
2023-07-28,4020.4547803617565,4135.3178294573645,4017.1059431524545,4126.863049095607
2023-07-31,4153.891472868217,4200.888888888889,4136.516795865633,4149.488372093023
2023-08-01,4143.855297157622,4167.131782945736,4116.826873385013,4132.299741602067
2023-08-02,4119.586563307493,4142.976744186046,4091.4832041343666,4103.2558139534885
2023-08-03,4095.22480620155,4139.534883720929,4095.22480620155,4139.514211886305
2023-08-04,4169.219638242894,4194.5633074935395,4146.377260981912,4155.638242894056
2023-08-07,4137.43669250646,4137.43669250646,4110.614987080103,4124.186046511628
2023-08-08,4113.736434108527,4136.733850129199,4096.599483204134,4113.416020671834
2023-08-09,4100.630490956072,4115.875968992248,4094.925064599483,4100.847545219638
2023-08-10,4095.9793281653747,4110.036175710594,4077.9224806201546,4109.271317829457
2023-08-11,4111.607235142119,4111.607235142119,4014.7286821705425,4014.7286821705425
2023-08-14,3969.912144702842,3989.1162790697667,3942.191214470284,3985.4366925064596
2023-08-15,3987.979328165374,3995.1214470284235,3939.7209302325577,3975.7519379844957
2023-08-16,3959.5142118863046,3981.8294573643407,3945.8708010335913,3946.5943152454774
2023-08-17,3928.8888888888882,3965.0129198966406,3909.5607235142115,3959.7932816537464
2023-08-18,3961.1989664082685,3973.333333333333,3911.111111111111,3911.111111111111
2023-08-21,3899.979328165374,3909.157622739018,3854.8423772609817,3854.8423772609817
2023-08-22,3873.9741602067184,3896.7028423772604,3829.1266149870794,3884.4754521963823
2023-08-23,3877.7984496124027,3882.346253229974,3819.1524547803615,3820.8062015503874
2023-08-24,3836.2170542635654,3874.7906976744184,3825.9121447028424,3848.50645994832
2023-08-25,3827.9173126614987,3859.658914728682,3819.9896640826873,3833.7467700258394
2023-08-28,4042.9457364341083,4042.9457364341083,3866.1808785529715,3878.6770025839787
2023-08-29,3868.785529715762,3938.377260981912,3867.7829457364337,3917.426356589147
2023-08-30,3930.8733850129192,3941.8087855297154,3907.2248062015497,3915.7726098191215
2023-08-31,3914.1395348837204,3921.4470284237723,3888.3720930232553,3891.7519379844957
2023-09-01,3905.850129198966,3936.4651162790697,3905.850129198966,3918.852713178294
2023-09-04,3941.074935400516,3983.731266149871,3932.392764857881,3978.242894056847
2023-09-05,3968.558139534883,3968.558139534883,3942.459948320413,3948.6511627906975
2023-09-06,3936.020671834625,3945.757105943152,3918.2325581395344,3940.0826873385013
2023-09-07,3929.9534883720926,3929.9534883720926,3883.049095607235,3884.7235142118857
2023-09-08,3873.540051679586,3879.3385012919894,3850.118863049095,3865.6227390180875
2023-09-11,3866.2325581395344,3915.5762273901805,3860.1757105943148,3894.09819121447
2023-09-12,3890.7803617571053,3901.9018087855297,3881.571059431524,3886.925064599483
2023-09-13,3885.9018087855297,3895.4211886304906,3844.0413436692506,3862.170542635659
2023-09-14,3862.470284237726,3874.749354005168,3842.180878552971,3858.925064599483
2023-09-15,3866.4496124031,3874.956072351421,3823.648578811369,3833.364341085271
2023-09-18,3823.1834625322995,3863.080103359173,3815.100775193798,3852.9302325581393
2023-09-19,3848.4961240310076,3849.1679586563305,3827.06976744186,3845.4780361757103
2023-09-20,3840.785529715762,3843.4315245478033,3829.5917312661495,3830.1705426356584
2023-09-21,3822.542635658914,3833.033591731266,3795.803617571059,3795.803617571059
2023-09-22,3796.010335917312,3866.067183462532,3787.8759689922476,3864.527131782945
2023-09-25,3863.627906976744,3863.627906976744,3835.865633074935,3839.37984496124
2023-09-26,3836.392764857881,3848.940568475452,3816.6614987080097,3816.9405684754515
2023-09-27,3819.080103359173,3856.475452196382,3818.490956072351,3824.8062015503874
2023-09-28,3835.8759689922476,3840.8888888888887,3809.095607235142,3813.457364341085
2023-10-09,3802.511627906976,3818.263565891473,3764.3410852713173,3808.5064599483203
2023-10-10,3820.413436692506,3825.59173126615,3778.3875968992247,3779.9793281653747
2023-10-11,3798.1912144702837,3813.4677002583976,3781.2506459948318,3790.749354005168
2023-10-12,3822.149870801033,3836.1757105943148,3806.5529715762273,3826.749354005168
2023-10-13,3801.5090439276482,3801.7467700258394,3774.9974160206716,3786.4702842377255
2023-10-16,3787.1214470284235,3787.1214470284235,3737.2299741602064,3748.4237726098186
2023-10-17,3757.4160206718343,3768.031007751938,3740.702842377261,3761.6537467700255
2023-10-18,3753.0439276485786,3754.067183462532,3730.211886304909,3731.865633074935
2023-10-19,3709.064599483204,3709.064599483204,3650.9664082687336,3652.2377260981907
2023-10-20,3636.537467700258,3654.428940568475,3619.3591731266147,3628.516795865633
2023-10-23,3617.7777777777774,3623.100775193798,3566.56330749354,3590.945736434108
2023-10-24,3598.71834625323,3612.4031007751937,3569.095607235142,3604.268733850129
2023-10-25,3642.687338501292,3650.4702842377255,3618.5219638242893,3622.180878552971
2023-10-26,3601.839793281654,3633.6640826873386,3594.8837209302324,3632.1860465116274
2023-10-27,3618.7803617571058,3696.733850129199,3611.937984496124,3682.056847545219
2023-10-30,3673.4987080103356,3713.4056847545216,3673.4056847545216,3704.1550387596894
2023-10-31,3701.994832041343,3701.994832041343,3673.9844961240306,3692.516795865633
2023-11-01,3726.8837209302324,3727.555555555555,3684.382428940568,3690.987080103359
2023-11-02,3700.330749354005,3718.005167958656,3673.1162790697667,3673.581395348837
2023-11-03,3678.0671834625323,3716.8992248062013,3678.0671834625323,3704.537467700258
2023-11-06,3729.5297157622736,3757.9224806201546,3721.581395348837,3754.6356589147285
2023-11-07,3745.5090439276487,3750.346253229974,3727.441860465116,3741.3540051679583
2023-11-08,3731.927648578811,3748.8888888888887,3712.4754521963823,3732.3720930232557
2023-11-09,3724.1447028423772,3746.1602067183458,3722.3462532299736,3734.1912144702837
2023-11-10,3716.8682170542634,3720.3617571059426,3696.227390180878,3706.966408268733
2023-11-13,3714.635658914728,3720.2997416020667,3682.4496124031,3699.648578811369
2023-11-14,3701.395348837209,3721.085271317829,3688.764857881137,3702.3875968992243
2023-11-15,3738.377260981912,3742.2222222222217,3717.7467700258394,3728.423772609819
2023-11-16,3721.94315245478,3726.397932816537,3692.361757105943,3692.361757105943
2023-11-17,3680.940568475452,3693.726098191214,3666.1808785529715,3687.9276485788114
2023-11-20,3689.643410852713,3707.4625322997413,3664.1860465116274,3696.454780361757
2023-11-21,3708.4031007751937,3736.496124031007,3695.7932816537464,3701.364341085271
2023-11-22,3689.3436692506457,3694.4496124031007,3663.4832041343666,3663.4832041343666
2023-11-23,3660.4031007751937,3681.7260981912145,3648.516795865633,3681.157622739018
2023-11-24,3680.2583979328165,3680.2583979328165,3652.7131782945735,3656.8578811369507
2023-11-27,3653.1679586563305,3653.1679586563305,3610.191214470284,3629.912144702842
2023-11-28,3628.589147286821,3639.3281653746767,3618.71834625323,3636.7131782945735
2023-11-29,3637.085271317829,3637.4160206718343,3599.214470284237,3605.488372093023
2023-11-30,3602.6046511627906,3622.8733850129197,3598.397932816537,3613.643410852713
2023-12-01,3611.596899224806,3611.596899224806,3568.1343669250646,3599.875968992248
2023-12-04,3597.974160206718,3605.302325581395,3575.824289405685,3576.3720930232553
2023-12-05,3565.984496124031,3565.984496124031,3507.8139534883717,3508.279069767442
2023-12-06,3501.6847545219634,3535.173126614987,3496.589147286821,3513.7984496124027
2023-12-07,3508.3307493540046,3518.7700258397927,3482.9664082687336,3505.1989664082685
2023-12-08,3505.798449612403,3523.906976744186,3497.105943152454,3513.6537467700255
2023-12-11,3491.5245478036177,3541.7157622739014,3459.317829457364,3534.3152454780356
2023-12-12,3524.547803617571,3542.687338501292,3520.5167958656325,3541.9121447028424
2023-12-13,3533.4780361757103,3533.4780361757103,3482.801033591731,3482.801033591731
2023-12-14,3501.1679586563305,3513.3229974160204,3463.3178294573645,3464.5581395348836
2023-12-15,3479.0077519379843,3502.3255813953488,3451.7002583979324,3453.798449612403
2023-12-18,3441.0232558139533,3464.9612403100773,3426.2635658914724,3441.209302325581
2023-12-19,3437.3746770025837,3458.170542635659,3424.485788113695,3446.036175710594
2023-12-20,3446.335917312661,3450.687338501292,3408.134366925064,3408.2687338501287
2023-12-21,3395.9689922480616,3451.53488372093,3394.304909560723,3442.75968992248
2023-12-22,3441.3126614987077,3471.896640826873,3427.286821705426,3449.333333333333
2023-12-25,3442.2015503875964,3461.3746770025837,3442.2015503875964,3459.896640826873
2023-12-26,3457.7777777777774,3457.7984496124027,3427.3281653746767,3436.4754521963823
2023-12-27,3438.6873385012914,3453.5090439276482,3420.847545219638,3448.4341085271317
2023-12-28,3447.6072351421185,3538.3979328165374,3443.111111111111,3529.240310077519
2023-12-29,3525.695090439276,3547.8449612403097,3524.113695090439,3546.3669250645994
2024-01-02,3541.364341085271,3541.364341085271,3500.103359173126,3500.103359173126
2024-01-03,3493.2816537467697,3506.8217054263564,3475.617571059431,3491.782945736434
2024-01-04,3488.3927648578806,3488.3927648578806,3435.5142118863046,3459.483204134367
2024-01-05,3453.550387596899,3485.8294573643407,3424.8578811369507,3440.940568475452
2024-01-08,3434.222222222222,3445.4987080103356,3393.6330749354006,3396.444444444444
2024-01-09,3397.116279069767,3415.6072351421185,3383.813953488372,3403.100775193798
2024-01-10,3391.9069767441856,3424.206718346253,3378.036175710594,3387.2144702842374
2024-01-11,3385.333333333333,3422.3359173126614,3376.5271317829456,3406.377260981912
2024-01-12,3394.687338501292,3421.674418604651,3389.8708010335913,3394.4909560723513
2024-01-15,3379.9483204134362,3418.0051679586563,3370.8217054263564,3391.131782945736
2024-01-16,3382.501291989664,3411.7622739018084,3369.9638242894052,3411.7622739018084
2024-01-17,3401.695090439276,3401.695090439276,3337.550387596899,3337.550387596899
2024-01-18,3322.25322997416,3389.4056847545216,3278.170542635659,3384.733850129199
2024-01-19,3370.790697674418,3397.3540051679583,3361.0439276485786,3379.6175710594316
2024-01-22,3372.0620155038755,3391.648578811369,3300.444444444444,3327.0284237726096
2024-01-23,3316.2067183462527,3358.687338501292,3295.22480620155,3340.496124031007
2024-01-24,3354.9974160206716,3391.7209302325577,3297.643410852713,3387.193798449612
2024-01-25,3384.330749354005,3456.5788113695085,3379.627906976744,3455.2144702842374
2024-01-26,3438.3979328165374,3464.568475452196,3426.4909560723513,3445.808785529716
2024-01-29,3447.4315245478033,3463.9483204134362,3414.9457364341083,3414.9457364341083
2024-01-30,3394.2118863049095,3411.059431524547,3353.974160206718,3354.0465116279065
2024-01-31,3340.0930232558135,3361.395348837209,3309.488372093023,3323.3591731266147
2024-02-01,3309.829457364341,3360.9922480620153,3299.1214470284235,3325.7984496124027
2024-02-02,3328.0310077519375,3344.0930232558135,3212.764857881137,3286.439276485788
2024-02-05,3270.5426356589146,3342.480620155038,3216.04134366925,3307.9276485788114
2024-02-06,3292.248062015504,3425.8501291989664,3289.736434108527,3422.9354005167957
2024-02-07,3425.3540051679583,3455.9483204134367,3400.175710594315,3455.9483204134367
2024-02-08,3463.989664082687,3480.3204134366924,3449.0749354005166,3477.9638242894052
2024-02-19,3507.173126614987,3518.149870801033,3477.147286821705,3518.149870801033
2024-02-20,3509.240310077519,3530.635658914728,3493.643410852713,3525.426356589147
2024-02-21,3504.248062015504,3617.7054263565888,3497.3540051679583,3572.9922480620153
2024-02-22,3566.2532299741597,3603.803617571059,3564.2480620155034,3603.7932816537464
2024-02-23,3608.6201550387595,3625.3850129198963,3589.6330749354,3606.966408268733
2024-02-26,3602.625322997416,3609.9328165374677,3561.12661498708,3569.364341085271
2024-02-27,3555.607235142119,3612.1860465116274,3552.909560723514,3612.1860465116274
2024-02-28,3617.395348837209,3639.958656330749,3566.160206718346,3566.160206718346
2024-02-29,3553.3850129198963,3634.1912144702837,3553.3850129198963,3634.1912144702837
2024-03-01,3633.1369509043925,3663.4211886304906,3621.147286821705,3656.640826873385
2024-03-04,3657.2299741602064,3667.896640826873,3637.9948320413437,3659.8139534883717
2024-03-05,3643.3695090439273,3690.6356589147285,3637.2919896640824,3685.2816537467697
2024-03-06,3676.0,3697.5607235142115,3664.1860465116274,3670.3359173126614
2024-03-07,3667.286821705426,3689.8397932816533,3641.240310077519,3648.289405684754
2024-03-08,3648.1136950904393,3667.7105943152455,3629.540051679586,3663.989664082687
2024-03-11,3665.0542635658912,3709.829457364341,3661.271317829457,3709.829457364341
2024-03-12,3713.2609819121444,3726.821705426356,3694.2739018087855,3718.335917312661
2024-03-13,3715.162790697674,3715.162790697674,3683.06976744186,3692.361757105943
2024-03-14,3691.772609819121,3718.3049095607234,3664.7131782945735,3681.881136950904
2024-03-15,3674.3255813953483,3692.8268733850127,3652.382428940568,3689.912144702842
2024-03-18,3697.219638242894,3725.116279069767,3693.4366925064596,3724.578811369509
2024-03-19,3714.046511627907,3732.0310077519375,3697.3540051679583,3697.8087855297154
2024-03-20,3688.599483204134,3710.1291989664082,3688.2997416020667,3705.819121447028
2024-03-21,3713.767441860465,3722.077519379845,3695.1214470284235,3701.3850129198963
2024-03-22,3691.2351421188628,3695.834625322997,3641.178294573643,3664.082687338501
2024-03-25,3655.5142118863046,3684.7131782945735,3644.1963824289405,3644.1963824289405
2024-03-26,3645.147286821705,3666.8217054263564,3636.7958656330748,3662.7906976744184
2024-03-27,3657.5917312661495,3661.974160206718,3620.4547803617565,3620.4547803617565
2024-03-28,3615.9999999999995,3670.501291989664,3606.60465116279,3639.2351421188628
2024-03-29,3635.018087855297,3657.0956072351414,3635.018087855297,3656.31007751938
2024-04-01,3670.8837209302324,3721.881136950904,3670.8837209302324,3716.4341085271317
2024-04-02,3713.9224806201546,3716.9922480620153,3688.630490956072,3700.961240310077
2024-04-03,3698.8940568475446,3702.7700258397927,3678.4186046511622,3687.6485788113696
2024-04-08,3672.9302325581393,3687.669250645995,3654.5426356589146,3655.204134366925
2024-04-09,3652.0723514211886,3662.749354005168,3637.064599483204,3652.1860465116274
2024-04-10,3647.5142118863046,3649.850129198966,3607.286821705426,3622.439276485788
2024-04-11,3602.0981912144703,3638.8527131782944,3601.994832041343,3621.9534883720926
2024-04-12,3623.5142118863046,3634.8320413436686,3586.625322997416,3592.5994832041342
2024-04-15,3590.180878552971,3671.741602067183,3590.180878552971,3668.2997416020667
2024-04-16,3652.0516795865633,3664.5994832041342,3621.3126614987077,3629.0542635658912
2024-04-17,3627.0077519379843,3685.726098191214,3615.5348837209303,3685.1679586563305
2024-04-18,3669.8294573643407,3723.8139534883717,3666.7700258397927,3689.715762273902
2024-04-19,3669.8811369509044,3680.568475452196,3647.875968992248,3660.6304909560718
2024-04-22,3654.966408268733,3677.6847545219634,3646.532299741602,3649.5090439276482
2024-04-23,3644.1033591731266,3652.4651162790697,3617.550387596899,3623.9999999999995
2024-04-24,3632.0516795865633,3642.9354005167957,3613.0749354005166,3639.9173126614983
2024-04-25,3628.568475452196,3663.0180878552965,3622.945736434108,3648.8682170542634
2024-04-26,3650.6046511627906,3708.940568475452,3650.6046511627906,3704.671834625323
2024-04-29,3704.9509043927646,3768.2894056847545,3698.9767441860463,3745.643410852713
2024-04-30,3740.8372093023254,3752.671834625323,3725.4677002583976,3725.4677002583976
2024-05-06,3776.7958656330748,3791.483204134367,3768.2067183462527,3780.754521963824
2024-05-07,3779.8449612403097,3788.8165374676996,3770.9354005167957,3781.922480620155
2024-05-08,3773.3850129198963,3773.581395348837,3750.5943152454774,3752.165374677002
2024-05-09,3752.3617571059426,3793.033591731266,3752.3617571059426,3787.658914728682
2024-05-10,3792.3410852713178,3798.046511627907,3764.093023255814,3789.4366925064596
2024-05-13,3768.8372093023254,3797.0232558139533,3756.6925064599477,3787.7932816537464
2024-05-14,3791.4521963824286,3799.255813953488,3769.209302325581,3779.8966408268734
2024-05-15,3773.6950904392766,3779.3591731266147,3745.7364341085267,3747.865633074935
2024-05-16,3758.75968992248,3780.3410852713178,3748.144702842377,3762.645994832041
2024-05-17,3760.785529715762,3801.519379844961,3749.302325581395,3801.519379844961
2024-05-20,3805.7467700258394,3827.4211886304906,3800.97157622739,3814.9457364341083
2024-05-21,3805.9844961240306,3808.3824289405684,3788.268733850129,3799.648578811369
2024-05-22,3799.1214470284235,3815.896640826873,3790.2739018087855,3808.2170542635654
2024-05-23,3796.217054263566,3797.7984496124027,3755.5658914728683,3764.1240310077515
2024-05-24,3752.7958656330748,3773.5090439276482,3720.5891472868216,3722.4599483204133
2024-05-27,3727.803617571059,3760.361757105943,3724.764857881137,3757.8397932816533
2024-05-28,3755.2971576227387,3761.2093023255807,3727.049095607235,3730.40826873385
2024-05-29,3730.3049095607234,3755.2454780361754,3723.84496124031,3734.9043927648577
2024-05-30,3728.217054263566,3745.7777777777774,3707.2351421188628,3715.049095607235
2024-05-31,3720.7441860465115,3736.0620155038755,3700.175710594315,3700.175710594315
2024-06-03,3697.550387596899,3721.550387596899,3687.7209302325577,3709.302325581395
2024-06-04,3704.19638242894,3744.1860465116274,3700.547803617571,3737.12661498708
2024-06-05,3731.6382428940565,3745.033591731266,3714.8423772609817,3715.5452196382425
2024-06-06,3723.162790697674,3746.7803617571058,3704.5684754521963,3712.9198966408267
2024-06-07,3715.37984496124,3724.1033591731266,3671.410852713178,3694.170542635659
2024-06-11,3675.2661498708007,3685.0749354005166,3644.3307493540046,3661.891472868217
2024-06-12,3657.9741602067184,3670.4599483204133,3650.201550387597,3663.173126614987
2024-06-13,3667.410852713178,3670.366925064599,3638.428940568475,3644.578811369509
2024-06-14,3632.8682170542634,3666.3049095607234,3621.209302325581,3660.4961240310076
2024-06-17,3639.7312661498704,3659.7312661498704,3639.007751937984,3654.9870801033585
2024-06-18,3652.1860465116274,3671.018087855297,3651.4521963824286,3664.692506459948
2024-06-19,3662.3875968992247,3662.3875968992247,3643.2454780361754,3647.286821705426
2024-06-20,3643.586563307493,3652.7028423772604,3617.7054263565888,3620.9612403100773
2024-06-21,3613.7881136950905,3623.2661498708007,3590.521963824289,3613.0439276485786
2024-06-24,3590.3255813953483,3623.545219638243,3587.8242894056843,3593.602067183462
2024-06-25,3591.896640826873,3600.227390180878,3556.2273901808785,3574.0568475452196
2024-06-26,3567.4832041343666,3604.547803617571,3557.9328165374677,3597.1679586563305
2024-06-27,3583.7622739018084,3587.741602067183,3568.558139534883,3570.149870801033
2024-06-28,3559.348837209302,3601.7364341085267,3559.348837209302,3577.94315245478
2024-07-01,3574.4289405684754,3596.8475452196376,3559.4935400516792,3595.0180878552965
2024-07-02,3589.0956072351414,3605.4987080103356,3580.8992248062013,3588.413436692506
2024-07-03,3588.1757105943148,3595.555555555555,3571.0490956072344,3579.7519379844957
2024-07-04,3584.8062015503874,3600.320413436692,3560.651162790697,3561.5607235142115
2024-07-05,3559.0284237726096,3566.9664082687336,3513.8708010335913,3546.3152454780356
2024-07-08,3535.7105943152455,3543.193798449612,3509.9844961240306,3516.031007751938
2024-07-09,3510.9043927648577,3564.7855297157616,3498.511627906976,3555.3591731266147
2024-07-10,3540.9612403100773,3563.317829457364,3538.656330749354,3544.1550387596894
2024-07-11,3566.9664082687336,3590.677002583979,3553.612403100775,3584.671834625323
2024-07-12,3576.186046511628,3595.9689922480616,3573.4987080103356,3589.0439276485786
2024-07-15,3578.925064599483,3598.40826873385,3577.0439276485786,3593.0232558139533
2024-07-16,3583.3074935400514,3617.8708010335913,3580.744186046511,3615.793281653747
2024-07-17,3611.586563307493,3632.5374677002583,3603.3281653746767,3619.204134366925
2024-07-18,3600.31007751938,3641.1369509043925,3592.475452196382,3639.204134366925
2024-07-19,3618.4082687338496,3664.4341085271317,3610.40826873385,3657.9018087855293
2024-07-22,3657.2609819121444,3659.111111111111,3611.3798449612405,3632.9922480620153
2024-07-23,3627.6899224806198,3627.6899224806198,3555.4315245478033,3555.4315245478033
2024-07-24,3547.648578811369,3567.3591731266147,3522.904392764857,3532.9922480620153
2024-07-25,3518.9767441860463,3530.6046511627906,3497.4677002583976,3513.457364341085
2024-07-26,3518.0465116279065,3535.731266149871,3502.490956072351,3523.8139534883717
2024-07-29,3518.728682170542,3522.9974160206716,3502.677002583979,3504.6408268733844
2024-07-30,3494.25322997416,3494.25322997416,3465.426356589147,3482.56330749354
2024-07-31,3477.033591731266,3560.723514211886,3477.033591731266,3557.7054263565888
2024-08-01,3558.8010335917306,3564.175710594315,3534.0465116279065,3534.129198966408
2024-08-02,3507.927648578811,3533.9534883720926,3494.532299741602,3498.0775193798445
2024-08-05,3475.049095607235,3523.545219638243,3455.6279069767443,3455.6279069767443
2024-08-06,3480.465116279069,3490.232558139535,3430.108527131783,3455.2764857881134
2024-08-07,3450.739018087855,3475.3281653746767,3441.8294573643407,3453.7364341085267
2024-08-08,3444.3720930232553,3477.819121447028,3432.392764857881,3455.2351421188628
2024-08-09,3470.9354005167957,3479.7622739018084,3443.5452196382425,3443.5452196382425
2024-08-12,3439.3385012919894,3450.211886304909,3431.410852713178,3437.581395348837
2024-08-13,3439.8036175710595,3447.0387596899222,3421.3850129198963,3446.397932816537
2024-08-14,3444.7441860465115,3444.7441860465115,3420.258397932816,3420.4031007751933
2024-08-15,3412.35142118863,3469.5193798449613,3408.7545219638237,3454.211886304909
2024-08-16,3454.294573643411,3469.674418604651,3447.6692506459945,3458.015503875969
2024-08-19,3456.5994832041342,3489.364341085271,3456.0310077519375,3469.7364341085267
2024-08-20,3474.5633074935395,3475.2764857881134,3433.219638242894,3444.651162790697
2024-08-21,3434.5322997416015,3451.617571059431,3419.1111111111104,3433.219638242894
2024-08-22,3434.490956072351,3439.4832041343666,3416.2790697674413,3424.4341085271312
2024-08-23,3416.981912144702,3448.3100775193793,3416.682170542635,3438.956072351421
2024-08-26,3442.60465116279,3448.609819121447,3422.8113695090437,3435.8863049095603
2024-08-27,3427.06976744186,3432.1136950904393,3410.397932816537,3416.3617571059426
2024-08-28,3409.726098191214,3416.382428940568,3384.5891472868216,3396.8992248062013
2024-08-29,3383.503875968992,3401.333333333333,3379.3591731266147,3387.7829457364337
2024-08-30,3383.7209302325577,3464.217054263566,3383.617571059431,3433.0025839793275
2024-09-02,3418.645994832041,3418.8733850129197,3374.4289405684754,3374.687338501292
2024-09-03,3371.3074935400514,3391.824289405685,3370.739018087855,3383.3901808785527
2024-09-04,3363.204134366925,3382.935400516795,3359.1524547803615,3361.4056847545216
2024-09-05,3362.232558139535,3376.6201550387595,3356.248062015504,3367.193798449612
2024-09-06,3370.6976744186045,3384.8165374677,3339.607235142119,3339.896640826873
2024-09-09,3322.7906976744184,3331.193798449612,3287.7829457364337,3300.2067183462527
2024-09-10,3300.733850129199,3312.764857881137,3278.335917312661,3303.111111111111
2024-09-11,3294.108527131783,3304.7441860465115,3280.6511627906975,3293.157622739018
2024-09-12,3296.568475452196,3309.095607235142,3278.4289405684754,3279.038759689922
2024-09-13,3280.6511627906975,3296.0310077519375,3265.3746770025837,3265.3746770025837
2024-09-18,3264.9302325581393,3286.71834625323,3251.4625322997413,3277.529715762274
2024-09-19,3285.1679586563305,3321.798449612403,3255.596899224806,3303.4005167958653
2024-09-20,3299.6692506459945,3315.7519379844957,3279.8139534883717,3308.578811369509
2024-09-23,3308.3927648578806,3338.666666666666,3305.4470284237723,3320.6821705426355
2024-09-24,3353.643410852713,3464.568475452196,3330.7390180878547,3464.50645994832
2024-09-25,3518.036175710594,3581.9018087855293,3507.4315245478033,3515.793281653747
2024-09-26,3513.5090439276482,3664.4134366925064,3505.612403100775,3664.4134366925064
2024-09-27,3739.4521963824286,3833.0749354005166,3717.395348837209,3828.0930232558135
2024-09-30,3975.865633074935,4174.366925064599,3924.0310077519375,4152.8165374677
2024-10-08,4599.8656330749345,4599.8656330749345,4231.88630490956,4399.069767441861
2024-10-09,4308.878552971576,4338.604651162791,4074.9457364341083,4088.8682170542634
2024-10-10,4113.291989664082,4236.175710594315,4044.2067183462527,4132.082687338501
2024-10-11,4103.111111111111,4111.875968992247,3976.35142118863,4017.7467700258394
2024-10-14,4046.7390180878547,4113.219638242894,3998.739018087855,4094.40826873385
2024-10-15,4074.9664082687336,4101.157622739018,3985.519379844961,3985.519379844961
2024-10-16,3933.994832041343,4008.010335917312,3932.909560723514,3960.299741602067
2024-10-17,3983.2971576227387,4012.4754521963823,3914.987080103359,3915.472868217054
2024-10-18,3907.2971576227387,4132.516795865633,3891.6382428940565,4057.085271317829
2024-10-21,4079.4832041343666,4112.930232558139,4027.049095607235,4067.3901808785527
2024-10-22,4055.5452196382425,4099.131782945736,4049.116279069767,4090.7286821705425
2024-10-23,4088.186046511628,4146.9560723514205,4071.4211886304906,4106.677002583979
2024-10-24,4083.617571059431,4090.9354005167957,4045.571059431524,4060.806201550387
2024-10-25,4063.37984496124,4127.0180878552965,4053.6847545219634,4089.3229974160204
2024-10-28,4085.9018087855293,4097.32299741602,4048.7855297157616,4097.32299741602
2024-10-29,4103.369509043928,4125.385012919896,4053.3126614987077,4056.485788113695
2024-10-30,4035.3074935400514,4057.94315245478,3994.118863049095,4020.103359173126
2024-10-31,4019.0387596899222,4055.710594315245,3988.7441860465115,4021.7467700258394
2024-11-01,4012.878552971576,4065.3436692506452,4010.2945736434103,4020.692506459948
2024-11-04,4028.640826873385,4077.271317829457,4021.9224806201546,4077.271317829457
2024-11-05,4069.8914728682166,4182.635658914728,4057.271317829457,4180.434108527132
2024-11-06,4187.3798449612395,4229.147286821705,4136.950904392765,4159.462532299742
2024-11-07,4121.209302325581,4285.426356589147,4118.521963824289,4284.961240310077
2024-11-08,4332.899224806201,4342.025839793281,4231.689922480619,4241.912144702842
2024-11-11,4203.545219638242,4271.328165374677,4184.020671834625,4269.901808785529
2024-11-12,4272.1963824289405,4322.180878552971,4197.1989664082685,4222.9870801033585
2024-11-13,4195.958656330749,4259.503875968991,4195.958656330749,4248.981912144703
2024-11-14,4238.987080103359,4256.50645994832,4170.480620155038,4175.317829457364
2024-11-15,4160.878552971576,4185.085271317829,4102.149870801033,4102.149870801033
2024-11-18,4115.8656330749345,4169.571059431524,4063.2454780361754,4083.080103359173
2024-11-19,4087.441860465116,4112.8165374677,4027.648578811369,4110.480620155038
2024-11-20,4099.348837209302,4135.483204134366,4091.3074935400514,4119.658914728682
2024-11-21,4113.1369509043925,4133.922480620155,4099.297157622739,4123.307493540052
2024-11-22,4118.0775193798445,4124.299741602067,3995.555555555555,3995.555555555555
2024-11-25,4005.7984496124027,4020.3720930232557,3940.3824289405684,3977.3540051679583
2024-11-26,3965.12661498708,4005.4056847545216,3962.046511627907,3969.1782945736427
2024-11-27,3957.9741602067184,4038.4082687338496,3946.1602067183458,4038.2842377260977
2024-11-28,4035.4005167958653,4039.679586563307,3995.875968992248,4002.6356589147285
2024-11-29,3999.8863049095603,4095.8139534883717,3999.8863049095603,4048.144702842377
2024-12-02,4041.0335917312655,4087.989664082687,4033.2506459948318,4080.237726098191
2024-12-03,4079.276485788113,4097.1059431524545,4054.614987080103,4084.6408268733844
2024-12-04,4080.754521963824,4090.304909560723,4049.3540051679583,4062.5943152454774
2024-12-05,4048.1240310077515,4068.5684754521963,4041.426356589147,4053.3229974160204
2024-12-06,4055.710594315245,4129.32299741602,4055.710594315245,4106.60465116279
2024-12-09,4104.04134366925,4129.726098191214,4081.0542635658912,4099.813953488372
2024-12-10,4231.576227390181,4236.051679586563,4122.966408268733,4129.860465116279
2024-12-11,4121.984496124031,4139.875968992247,4110.9560723514205,4122.821705426356
2024-12-12,4121.085271317829,4167.173126614986,4115.090439276485,4163.824289405685
2024-12-13,4135.390180878552,4135.390180878552,4063.8139534883717,4065.302325581395
2024-12-16,4062.8217054263564,4071.06976744186,4032.7131782945735,4043.2454780361754
2024-12-17,4039.410852713178,4088.837209302325,4039.410852713178,4053.777777777778
2024-12-18,4066.708010335917,4089.0335917312655,4066.118863049095,4074.304909560723
2024-12-19,4043.2971576227387,4087.1834625322995,4030.749354005168,4077.994832041343
2024-12-20,4069.7364341085267,4091.6072351421185,4055.049095607235,4059.679586563307
2024-12-23,4060.103359173126,4099.06976744186,4060.103359173126,4065.7054263565888
2024-12-24,4067.1214470284235,4119.751937984496,4066.9043927648577,4117.509043927648
2024-12-25,4121.922480620155,4142.387596899224,4102.821705426356,4119.514211886305
2024-12-26,4115.483204134367,4125.612403100775,4098.759689922481,4121.426356589147
2024-12-27,4120.950904392765,4141.736434108527,4104.330749354005,4114.759689922481
2024-12-30,4110.284237726098,4140.341085271318,4110.284237726098,4133.385012919896
2024-12-31,4130.09819121447,4138.863049095607,4067.090439276485,4067.090439276485
2025-01-02,4063.8966408268734,4066.3565891472863,3923.8656330749354,3948.733850129199
2025-01-03,3953.7364341085267,3964.7958656330748,3894.232558139535,3901.974160206718
2025-01-06,3902.8320413436686,3916.1240310077515,3868.8062015503874,3895.5762273901805
2025-01-07,3887.204134366925,3925.1679586563305,3874.9974160206716,3923.627906976744
2025-01-08,3908.279069767442,3938.7493540051673,3856.5271317829456,3916.50645994832
2025-01-09,3907.7312661498704,3922.749354005168,3895.2764857881134,3906.8527131782944
2025-01-10,3905.8294573643407,3914.0155038759685,3857.8604651162786,3857.8604651162786
2025-01-13,3828.878552971576,3863.4521963824286,3828.5374677002583,3847.5555555555557
2025-01-14,3853.8087855297154,3955.1834625322995,3843.803617571059,3948.878552971576
2025-01-15,3938.025839793281,3945.0439276485786,3917.488372093023,3923.5452196382425
2025-01-16,3940.248062015504,3972.04134366925,3903.142118863049,3928.0413436692506
2025-01-17,3915.627906976744,3960.35142118863,3907.193798449612,3940.4031007751937
2025-01-20,3964.1343669250646,3988.2894056847545,3950.366925064599,3958.3255813953483
2025-01-21,3979.7002583979324,3980.2687338501287,3945.3436692506457,3961.3540051679583
2025-01-22,3952.392764857881,3952.392764857881,3910.2222222222217,3924.5684754521963
2025-01-23,3957.6744186046512,3994.0671834625323,3929.5607235142115,3931.5142118863046
2025-01-24,3921.2919896640824,3976.8475452196376,3920.909560723514,3961.612403100775
2025-01-27,3965.850129198966,3981.395348837209,3945.302325581395,3945.302325581395
2025-02-05,3973.850129198966,3973.850129198966,3912.3100775193793,3922.5633074935395
2025-02-06,3916.909560723514,3972.599483204134,3915.5762273901805,3971.9173126614983
2025-02-07,3973.188630490956,4051.0077519379843,3962.6563307493534,4023.4625322997413
2025-02-10,4029.0439276485786,4037.5917312661495,4009.12661498708,4032.103359173126
2025-02-11,4036.3410852713173,4036.3410852713173,4003.007751937984,4013.581395348837
2025-02-12,4006.1602067183458,4052.4237726098186,3997.2609819121444,4051.53488372093
2025-02-13,4045.3746770025837,4071.524547803617,4036.1550387596894,4036.320413436692
2025-02-14,4031.865633074935,4074.459948320413,4031.865633074935,4071.3281653746767
2025-02-17,4087.2454780361754,4088.785529715762,4053.4366925064596,4079.9999999999995
2025-02-18,4075.018087855297,4098.625322997415,4032.9405684754515,4044.217054263566
2025-02-19,4037.4366925064596,4076.144702842377,4035.2971576227387,4072.5167958656325
2025-02-20,4066.8217054263564,4073.054263565891,4047.7312661498704,4060.878552971576
2025-02-21,4070.3359173126614,4114.780361757106,4059.7312661498704,4112.082687338501
2025-02-24,4105.922480620155,4130.180878552971,4081.8914728682166,4103.06976744186
2025-02-25,4065.7777777777774,4088.2997416020667,4047.1834625322995,4057.519379844961
2025-02-26,4063.9173126614987,4093.364341085271,4057.2299741602064,4092.9612403100773
2025-02-27,4094.118863049095,4107.42118863049,4065.5917312661495,4101.416020671834
2025-02-28,4082.8837209302324,4105.922480620155,4016.9509043927646,4020.723514211886
2025-03-03,4030.697674418604,4062.0155038759685,4002.677002583979,4019.090439276485
2025-03-04,3995.8552971576223,4021.1059431524545,3985.2506459948318,4015.7312661498704
2025-03-05,4018.3979328165374,4037.643410852713,4007.255813953488,4033.664082687338
2025-03-06,4055.173126614987,4097.664082687338,4048.6614987080097,4089.136950904392
2025-03-07,4077.426356589147,4100.330749354005,4067.2351421188628,4076.4961240310076
2025-03-10,4078.118863049095,4081.7984496124027,4036.31007751938,4060.7751937984494
2025-03-11,4021.1162790697667,4073.819121447028,4020.082687338501,4073.819121447028
2025-03-12,4079.441860465116,4086.4186046511627,4053.198966408268,4059.1524547803615
2025-03-13,4057.612403100775,4071.617571059431,4028.299741602067,4042.9767441860463
2025-03-14,4051.286821705426,4149.002583979328,4051.286821705426,4141.147286821705
2025-03-17,4155.700258397932,4156.826873385013,4126.366925064599,4131.049095607234
2025-03-18,4146.542635658914,4151.803617571059,4130.191214470284,4142.346253229974
2025-03-19,4139.359173126614,4160.516795865633,4123.524547803618,4144.878552971576
2025-03-20,4145.798449612403,4146.811369509043,4103.286821705426,4108.516795865632
2025-03-21,4099.751937984496,4116.950904392765,4035.9379844961236,4046.2015503875964
2025-03-24,4047.658914728682,4070.4702842377255,4038.4496124031,4067.0284237726096
2025-03-25,4070.1808785529715,4078.925064599483,4053.2609819121444,4064.392764857881
2025-03-26,4062.2325581395344,4074.4496124031007,4048.4341085271317,4051.018087855297
2025-03-27,4042.770025839793,4085.7777777777774,4034.7803617571058,4064.50645994832
2025-03-28,4062.8217054263564,4066.3875968992243,4038.6356589147285,4046.687338501292
2025-03-31,4037.188630490956,4060.413436692506,4002.4806201550387,4017.8914728682166
2025-04-01,4023.5452196382425,4036.4444444444443,4012.8165374677,4018.273901808785
2025-04-02,4014.9043927648577,4031.5142118863046,4007.4005167958653,4014.8733850129192
2025-04-03,3972.5271317829456,4014.1602067183458,3972.5271317829456,3991.2144702842374
2025-04-07,3798.6563307493534,3832.330749354005,3632.165374677002,3710.0155038759685
2025-04-08,3718.852713178294,3773.395348837209,3704.258397932816,3773.395348837209
2025-04-09,3727.2351421188628,3810.6356589147285,3707.84496124031,3810.6356589147285
2025-04-10,3875.06976744186,3882.3152454780356,3833.4056847545216,3860.589147286821
2025-04-11,3855.617571059431,3888.7545219638237,3833.033591731266,3876.50645994832
2025-04-14,3898.749354005168,3903.4935400516792,3880.1343669250646,3885.4160206718343
2025-04-15,3882.6666666666665,3890.945736434108,3863.410852713178,3887.5762273901805
2025-04-16,3884.1136950904393,3901.9844961240306,3846.6149870801028,3899.555555555555
2025-04-17,3881.2299741602064,3906.077519379845,3875.4521963824286,3898.935400516795
2025-04-18,3886.3462532299736,3909.085271317829,3880.527131782945,3899.2454780361754
2025-04-21,3894.7183462532294,3917.4987080103356,3889.550387596899,3912.0206718346253
2025-04-22,3907.0904392764855,3926.8527131782944,3904.9922480620153,3911.059431524547
2025-04-23,3931.1937984496117,3935.865633074935,3907.5142118863046,3914.0878552971576
2025-04-24,3914.687338501292,3935.1524547803615,3902.025839793281,3911.4832041343666
2025-04-25,3919.4625322997413,3929.2816537467697,3907.782945736434,3914.2015503875964
2025-04-28,3913.581395348837,3919.3901808785527,3899.53488372093,3908.651162790697
2025-04-29,3902.8423772609817,3912.4754521963823,3894.6046511627906,3901.8914728682166
2025-04-30,3902.666666666666,3914.7906976744184,3895.3591731266147,3897.2299741602064
2025-05-06,3921.8397932816533,3937.0439276485786,3909.8501291989664,3936.475452196382
2025-05-07,3991.2971576227387,3993.4677002583976,3943.1421188630484,3960.3410852713178
2025-05-08,3948.8888888888887,3997.240310077519,3944.454780361757,3982.3255813953488
2025-05-09,3977.9018087855293,3983.1111111111104,3965.4056847545216,3975.3591731266147
2025-05-12,3996.4134366925064,4021.426356589147,3988.66149870801,4021.302325581395
2025-05-13,4047.1214470284235,4047.1214470284235,4021.3850129198963,4027.142118863049
2025-05-14,4025.674418604651,4093.5607235142115,4021.3436692506457,4075.6692506459945
2025-05-15,4066.1808785529715,4068.7028423772604,4036.082687338501,4038.4496124031
2025-05-16,4029.6330749354,4034.987080103359,4005.0232558139533,4019.7312661498704
2025-05-19,4012.9922480620153,4016.1136950904393,3996.454780361757,4007.3901808785527
2025-05-20,4013.540051679586,4042.8630490956066,4012.134366925064,4029.116279069767
2025-05-21,4030.4289405684754,4060.5994832041342,4030.4289405684754,4047.9379844961236
2025-05-22,4044.0310077519375,4054.801033591731,4034.201550387597,4045.3436692506457
2025-05-23,4041.726098191214,4063.617571059431,4012.6821705426355,4012.6821705426355
2025-05-26,4005.9844961240306,4015.0284237726096,3978.335917312661,3989.7777777777774
2025-05-27,3987.2144702842374,3995.2764857881134,3963.6692506459945,3968.3720930232557
2025-05-28,3972.1653746770025,3979.059431524547,3962.749354005168,3965.105943152454
2025-05-29,3966.9354005167957,3999.7829457364337,3960.165374677002,3988.320413436692
2025-05-30,3979.834625322997,3988.2273901808785,3957.881136950904,3969.2299741602064
2025-06-03,3962.2325581395344,3993.0749354005166,3961.4677002583976,3981.4056847545216
2025-06-04,3985.0025839793275,4006.0568475452196,3985.0025839793275,3998.697674418604
2025-06-05,4002.728682170542,4013.571059431524,3990.9767441860463,4007.8139534883717
2025-06-06,4008.3720930232553,4020.113695090439,3999.3695090439273,4004.113695090439
2025-06-09,4008.062015503876,4025.4780361757103,4002.056847545219,4015.7622739018084
2025-06-10,4018.139534883721,4028.3824289405684,3979.8139534883717,3995.3178294573636
2025-06-11,4000.692506459948,4043.0077519379843,4000.692506459948,4025.457364341085
2025-06-12,4016.04134366925,4031.049095607235,4000.392764857881,4022.945736434108
2025-06-13,4011.8759689922476,4019.803617571059,3983.2764857881134,3993.9844961240306
2025-06-16,3983.06976744186,4006.377260981912,3983.06976744186,4003.9276485788114
2025-06-17,4005.3540051679583,4010.770025839793,3990.087855297157,4000.392764857881
2025-06-18,4001.7054263565888,4011.7312661498704,3984.144702842377,4005.136950904392
2025-06-19,4000.0516795865633,4003.0387596899222,3963.772609819121,3972.186046511628
2025-06-20,3968.764857881137,3986.025839793281,3968.764857881137,3975.8552971576223
2025-06-23,3959.865633074935,3997.5090439276482,3955.6382428940565,3987.4935400516792
2025-06-24,3992.134366925064,4045.643410852713,3992.134366925064,4035.173126614987
2025-06-25,4038.315245478036,4096.165374677003,4033.2609819121444,4093.095607235142
2025-06-26,4085.9534883720926,4097.6537467700255,4077.7881136950905,4078.573643410852
2025-06-27,4082.4702842377255,4102.594315245478,4049.819121447028,4053.4987080103356
2025-06-30,4051.9999999999995,4072.723514211886,4042.9974160206716,4068.2997416020667
2025-07-01,4068.1240310077515,4078.8113695090437,4056.558139534883,4075.204134366925
2025-07-02,4075.7829457364337,4084.899224806201,4061.7054263565888,4076.1550387596894
2025-07-03,4082.067183462532,4105.033591731266,4077.664082687338,4101.364341085271
2025-07-04,4100.733850129199,4148.6821705426355,4091.348837209302,4115.968992248061
2025-07-07,4110.894056847545,4113.43669250646,4089.4780361757103,4098.366925064599
2025-07-08,4098.635658914728,4136.7131782945735,4098.635658914728,4132.764857881137
2025-07-09,4131.782945736434,4151.669250645994,4121.374677002584,4125.47803617571
2025-07-10,4127.565891472868,4168.454780361757,4126.635658914728,4144.723514211886
2025-07-11,4146.222222222222,4202.521963824289,4144.8165374677,4149.674418604651
2025-07-14,4156.2894056847545,4170.459948320413,4152.630490956072,4152.630490956072
2025-07-15,4159.162790697674,4178.459948320413,4128.434108527132,4154.067183462532
2025-07-16,4154.40826873385,4163.162790697675,4128.082687338501,4141.808785529715
2025-07-17,4139.607235142119,4170.118863049095,4139.607235142119,4170.0155038759685
2025-07-18,4175.57622739018,4201.178294573643,4175.007751937985,4194.883720930233
2025-07-21,4206.480620155038,4223.3798449612395,4199.937984496124,4222.852713178294
2025-07-22,4224.640826873385,4257.571059431524,4205.002583979328,4257.32299741602
2025-07-23,4267.855297157622,4295.276485788114,4252.103359173126,4258.160206718347
2025-07-24,4255.121447028423,4291.917312661499,4250.005167958656,4288.413436692506
2025-07-25,4284.568475452195,4289.922480620155,4256.124031007752,4265.798449612403
2025-07-28,4266.873385012919,4285.395348837209,4251.131782945737,4274.749354005167
2025-07-29,4271.503875968992,4292.847545219638,4255.8966408268725,4291.49354005168
2025-07-30,4288.310077519379,4325.798449612403,4266.0775193798445,4290.687338501291
2025-07-31,4280.6821705426355,4280.950904392765,4200.175710594315,4212.496124031008
2025-08-01,4206.645994832041,4222.583979328165,4176.186046511628,4191.142118863048
2025-08-04,4173.581395348837,4207.4418604651155,4173.581395348837,4207.4418604651155
2025-08-05,4217.457364341085,4244.237726098191,4212.485788113695,4241.291989664082
2025-08-06,4238.170542635658,4254.997416020671,4236.020671834625,4251.669250645994
2025-08-07,4258.687338501291,4268.465116279069,4232.372093023256,4252.888888888889
2025-08-08,4247.307493540052,4260.6821705426355,4235.059431524547,4242.8630490956075
2025-08-11,4248.361757105943,4273.12661498708,4241.457364341085,4260.992248062015
2025-08-12,4262.09819121447,4292.806201550387,4259.658914728682,4283.028423772609
2025-08-13,4289.922480620155,4327.390180878552,4286.511627906976,4316.878552971576
2025-08-14,4320.382428940568,4362.077519379845,4305.881136950904,4313.498708010336
2025-08-15,4302.242894056847,4356.310077519379,4297.157622739018,4343.514211886305
2025-08-18,4359.948320413437,4416.496124031008,4344.62015503876,4381.819121447028
2025-08-19,4384.2583979328165,4407.4728682170535,4356.806201550387,4365.240310077519
2025-08-20,4349.767441860465,4415.658914728681,4331.328165374677,4414.883720930232
2025-08-21,4428.2894056847545,4453.178294573643,4417.20930232558,4432.113695090438
2025-08-22,4431.3798449612395,4525.467700258398,4431.3798449612395,4525.064599483204
2025-08-25,4564.640826873385,4622.894056847545,4552.744186046511,4619.3488372093025
2025-08-26,4602.945736434109,4627.1834625323,4584.527131782945,4602.160206718346
2025-08-27,4608.62015503876,4645.901808785529,4533.467700258398,4533.467700258398
2025-08-28,4525.1059431524545,4614.780361757105,4510.770025839793,4613.726098191214
2025-08-29,4605.47803617571,4668.568475452196,4601.922480620155,4647.813953488372
2025-09-01,4668.609819121447,4680.237726098191,4638.273901808785,4675.669250645995
2025-09-02,4673.881136950904,4701.695090439276,4604.051679586563,4641.291989664082
2025-09-03,4652.547803617571,4662.25322997416,4576.248062015504,4609.643410852713
2025-09-04,4611.11111111111,4615.503875968991,4472.878552971576,4511.84496124031
2025-09-05,4512.258397932816,4616.599483204134,4496.434108527132,4610.149870801033
2025-09-08,4617.229974160206,4633.343669250646,4587.152454780361,4617.643410852713
2025-09-09,4598.180878552971,4622.315245478036,4560.919896640826,4585.28165374677
2025-09-10,4587.390180878553,4616.671834625323,4562.883720930232,4594.687338501291
2025-09-11,4587.948320413437,4700.8062015503865,4576.66149870801,4700.8062015503865
2025-09-12,4697.250645994832,4718.005167958656,4669.550387596899,4673.901808785529
2025-09-15,4687.224806201551,4720.3204134366915,4674.418604651162,4685.333333333333
2025-09-16,4692.423772609819,4705.343669250646,4645.777777777777,4675.2868217054265
2025-09-17,4669.033591731266,4709.074935400517,4655.090439276486,4703.896640826873
2025-09-18,4698.739018087855,4727.4728682170535,4604.640826873384,4649.20930232558
2025-09-19,4650.222222222222,4685.364341085271,4642.728682170542,4653.147286821705
2025-09-22,4663.596899224805,4675.8346253229965,4637.860465116279,4674.5322997416015
2025-09-23,4689.157622739018,4713.932816537467,4609.540051679585,4671.607235142118
2025-09-24,4646.273901808786,4720.919896640827,4645.074935400516,4719.452196382428
2025-09-25,4717.2919896640815,4768.940568475452,4711.979328165375,4747.793281653746
2025-09-26,4730.656330749353,4752.299741602067,4702.894056847545,4702.894056847545
2025-09-29,4708.04134366925,4803.689922480619,4693.984496124031,4775.245478036176
2025-09-30,4785.426356589146,4803.617571059431,4771.2868217054265,4796.578811369508
2025-10-09,4818.718346253229,4885.1059431524545,4808.258397932816,4867.679586563307
2025-10-10,4836.692506459948,4850.222222222222,4755.514211886304,4771.917312661498
2025-10-13,4641.726098191214,4756.392764857881,4641.726098191214,4748.299741602066
2025-10-14,4789.715762273901,4797.364341085271,4672.795865633075,4691.53488372093
2025-10-15,4696.888888888889,4763.638242894056,4678.894056847545,4761.023255813953
2025-10-16,4743.06976744186,4801.1369509043925,4740.341085271317,4773.5607235142115
2025-10-17,4765.581395348837,4773.705426356589,4660.806201550387,4665.870801033591
2025-10-20,4711.359173126614,4723.968992248061,4672.35142118863,4690.666666666667
2025-10-21,4709.1679586563305,4770.5012919896635,4700.702842377261,4762.656330749353
2025-10-22,4729.746770025839,4758.129198966408,4720.661498708009,4746.842377260981
2025-10-23,4732.506459948319,4766.242894056847,4694.25322997416,4761.074935400517
2025-10-24,4778.0775193798445,4817.240310077519,4778.0775193798445,4817.240310077519
2025-10-27,4857.240310077519,4878.997416020672,4845.157622739017,4874.4392764857885
2025-10-28,4855.534883720929,4893.354005167958,4836.4134366925055,4849.581395348837
2025-10-29,4858.9560723514205,4907.328165374677,4855.059431524548,4907.328165374677
2025-10-30,4895.06976744186,4921.78811369509,4864.54780361757,4868.124031007751
2025-10-31,4860.454780361756,4864.2273901808785,4796.558139534884,4796.558139534884
2025-11-03,4792.485788113694,4809.715762273901,4750.1085271317825,4809.715762273901
2025-11-04,4805.529715762274,4822.036175710594,4749.426356589147,4773.850129198966
2025-11-05,4715.359173126614,4798.5633074935395,4711.896640826873,4782.697674418604
2025-11-06,4797.94315245478,4855.906976744186,4797.94315245478,4851.059431524547
2025-11-07,4830.75968992248,4859.297157622738,4822.780361757105,4835.958656330748
2025-11-10,4845.602067183462,4852.899224806201,4810.552971576227,4852.764857881137
2025-11-11,4864.434108527132,4865.250645994832,4804.640826873384,4808.444444444444
2025-11-12,4799.545219638243,4826.4702842377255,4776.217054263565,4801.974160206718
2025-11-13,4799.782945736433,4861.488372093023,4799.782945736433,4860.020671834624
2025-11-14,4819.968992248061,4841.612403100775,4783.483204134367,4783.607235142119
2025-11-17,4771.896640826873,4780.258397932816,4734.118863049095,4752.50645994832
2025-11-18,4738.801033591731,4761.364341085271,4705.736434108527,4721.643410852713
2025-11-19,4721.488372093023,4762.645994832041,4721.488372093023,4742.418604651162
2025-11-20,4774.718346253229,4775.8656330749345,4713.364341085271,4718.29457364341
2025-11-21,4665.002583979328,4679.11111111111,4602.770025839794,4603.214470284237
2025-11-24,4623.42118863049,4629.260981912144,4570.3462532299745,4597.467700258398
2025-11-25,4626.191214470284,4662.294573643411,4617.416020671834,4641.240310077518
2025-11-26,4641.033591731266,4690.583979328166,4636.3824289405675,4669.385012919896
2025-11-27,4671.84496124031,4712.372093023256,4661.354005167958,4667.080103359172
2025-11-28,4663.049095607234,4683.948320413437,4643.33850129199,4678.718346253229
2025-12-01,4691.669250645994,4730.71834625323,4683.503875968991,4730.222222222222
2025-12-02,4725.488372093023,4729.188630490956,4691.917312661499,4707.317829457364
2025-12-03,4707.586563307494,4723.328165374676,4675.452196382428,4683.2558139534885
2025-12-04,4685.891472868217,4710.511627906976,4665.829457364341,4699.297157622738
2025-12-05,4700.6821705426355,4748.144702842377,4687.359173126615,4738.542635658914
2025-12-08,4747.431524547804,4796.516795865633,4747.0180878552965,4777.002583979328
2025-12-09,4766.284237726098,4784.186046511627,4738.242894056847,4752.6821705426355
2025-12-10,4740.31007751938,4753.012919896641,4701.891472868217,4746.0775193798445
2025-12-11,4751.617571059431,4765.147286821705,4699.886304909561,4705.095607235142
2025-12-12,4711.875968992247,4737.6537467700255,4682.976744186046,4734.832041343669
2025-12-15,4702.842377260981,4749.405684754522,4701.2299741602055,4704.97157622739
2025-12-16,4695.007751937984,4706.025839793281,4634.904392764858,4648.630490956072
2025-12-17,4650.925064599483,4749.002583979328,4650.056847545219,4733.726098191214
2025-12-18,4706.9560723514205,4725.550387596899,4696.785529715762,4705.726098191214
2025-12-19,4714.594315245477,4745.312661498708,4699.586563307494,4721.6330749354
2025-12-22,4741.777777777777,4770.9250645994825,4741.777777777777,4766.5322997416015
2025-12-23,4771.090439276485,4800.54780361757,4762.583979328165,4775.948320413436
2025-12-24,4778.997416020672,4795.276485788114,4756.733850129199,4789.726098191214
2025-12-25,4784.826873385012,4807.390180878552,4777.178294573643,4798.490956072351
2025-12-26,4795.648578811369,4833.209302325581,4790.811369509043,4813.684754521963
2025-12-29,4814.749354005168,4828.981912144703,4784.558139534884,4795.214470284237
2025-12-30,4772.423772609818,4821.012919896641,4771.7105943152455,4807.524547803617
2025-12-31,4812.8992248062,4823.824289405685,4777.364341085271,4785.467700258397
2026-01-05,4818.211886304909,4880.248062015504,4818.211886304909,4876.2273901808785
2026-01-06,4877.736434108527,4951.617571059431,4876.496124031008,4951.617571059431
2026-01-07,4958.067183462532,4963.927648578811,4910.666666666666,4937.12661498708
2026-01-08,4920.940568475452,4925.571059431524,4875.462532299742,4896.795865633074
2026-01-09,4884.7131782945735,4931.7105943152455,4877.6537467700255,4918.780361757105
2026-01-12,4929.870801033591,4957.033591731266,4896.713178294573,4950.821705426356
2026-01-13,4959.224806201551,4999.431524547803,4904.930232558139,4920.961240310076
2026-01-14,4927.855297157622,4979.948320413437,4878.811369509043,4901.219638242894
2026-01-15,4880.413436692506,4929.767441860465,4879.524547803617,4911.038759689923
2026-01-16,4938.945736434109,4953.540051679586,4873.757105943152,4890.821705426356
2026-01-19,4878.749354005167,4921.581395348837,4873.47803617571,4893.498708010336
2026-01-20,4896.031007751937,4907.73126614987,4842.346253229974,4877.395348837209
2026-01-21,4872.919896640827,4918.118863049095,4872.599483204133,4881.726098191214
2026-01-22,4901.033591731266,4917.581395348837,4858.346253229974,4882.387596899224
2026-01-23,4888.46511627907,4893.839793281653,4841.984496124031,4860.46511627907
2026-01-26,4873.777777777777,4913.881136950904,4850.811369509043,4865.074935400517
2026-01-27,4863.22480620155,4896.113695090438,4832.702842377261,4863.762273901808
2026-01-28,4884.341085271318,4898.842377260981,4855.720930232557,4876.475452196381
2026-01-29,4892.082687338501,4931.22480620155,4853.798449612403,4913.5607235142115
2026-01-30,4881.736434108527,4898.056847545219,4801.519379844961,4864.434108527132
2026-02-02,4831.297157622738,4875.049095607234,4756.341085271318,4760.70284237726
2026-02-03,4804.506459948319,4818.739018087855,4732.0,4816.651162790697
2026-02-04,4804.103359173127,4859.4108527131775,4797.767441860465,4856.516795865633
2026-02-05,4821.447028423772,4844.46511627907,4795.276485788114,4827.307493540051
2026-02-06,4778.263565891472,4835.410852713178,4761.385012919896,4799.586563307494
2026-02-09,4851.338501291989,4878.511627906976,4837.105943152454,4877.581395348837
2026-02-10,4876.754521963824,4891.049095607234,4872.217054263565,4882.997416020671
2026-02-11,4874.0775193798445,4882.377260981912,4861.695090439276,4872.165374677002
2026-02-12,4878.5633074935395,4884.795865633075,4865.881136950904,4878.118863049095
2026-02-13,4851.06976744186,4861.6330749354,4814.883720930232,4816.961240310077
2026-02-24,4886.09819121447,4886.170542635658,4856.175710594315,4865.674418604651
2026-02-25,4871.917312661498,4926.67700258398,4871.669250645995,4894.976744186047
2026-02-26,4900.66149870801,4901.447028423771,4864.795865633074,4885.6537467700255
2026-02-27,4856.124031007752,4879.596899224806,4850.532299741602,4868.888888888888
2026-03-02,4838.25322997416,4894.480620155038,4824.062015503875,4887.514211886305
2026-03-03,4896.454780361756,4903.979328165375,4807.648578811369,4812.299741602066
2026-03-04,4764.020671834624,4795.2661498708,4729.529715762274,4757.229974160206
2026-03-05,4808.206718346252,4828.454780361756,4785.839793281653,4803.813953488371
2026-03-06,4776.733850129198,4828.640826873385,4767.741602067183,4816.992248062014
2026-03-09,4754.780361757105,4781.374677002583,4701.777777777777,4770.5012919896635
2026-03-10,4804.950904392765,4834.728682170543,4804.950904392765,4831.793281653747
2026-03-11,4838.273901808785,4870.149870801033,4831.7416020671835,4862.5322997416015
2026-03-12,4858.625322997415,4862.40826873385,4810.656330749354,4845.023255813953
2026-03-13,4825.901808785529,4865.550387596899,4816.020671834625,4825.984496124031
2026-03-16,4826.067183462532,4830.687338501291,4777.064599483204,4828.485788113695
2026-03-17,4842.966408268733,4879.4418604651155,4793.147286821705,4793.219638242893
2026-03-18,4804.909560723514,4818.904392764857,4759.193798449613,4814.811369509043
2026-03-19,4766.346253229974,4790.232558139534,4723.917312661499,4737.209302325581
2026-03-20,4757.43669250646,4784.1963824289405,4716.3514211886295,4720.434108527132
2026-03-23,4650.232558139535,4666.377260981912,4545.291989664082,4566.40826873385
2026-03-24,4608.692506459948,4625.147286821705,4541.901808785529,4625.033591731266
2026-03-25,4658.005167958656,4694.759689922481,4653.260981912144,4689.891472868217
2026-03-26,4677.343669250646,4693.5917312661495,4619.080103359172,4627.937984496123
2026-03-27,4580.361757105943,4671.720930232558,4580.279069767442,4653.819121447028
2026-03-30,4611.617571059431,4647.452196382428,4596.527131782946,4642.842377260981
2026-03-31,4642.811369509043,4675.11111111111,4599.53488372093,4599.53488372093
2026-04-01,4669.012919896641,4684.3514211886295,4642.945736434109,4678.1085271317825
2026-04-02,4666.087855297157,4671.514211886304,4609.416020671834,4629.364341085271
2026-04-03,4643.7726098191215,4645.43669250646,4586.666666666667,4589.963824289405
2026-04-07,4595.204134366924,4608.7131782945735,4569.188630490955,4589.78811369509
2026-04-08,4669.085271317829,4749.932816537467,4665.395348837209,4749.932816537467
2026-04-09,4715.937984496124,4733.023255813953,4705.343669250646,4719.607235142119
2026-04-10,4749.302325581395,4811.472868217054,4744.299741602066,4792.3204134366915
2026-04-13,4770.160206718346,4809.715762273901,4770.160206718346,4802.222222222222
2026-04-14,4833.1989664082685,4859.204134366924,4811.214470284238,4859.204134366924
2026-04-15,4885.416020671834,4890.201550387597,4829.519379844961,4842.635658914728
2026-04-16,4852.124031007752,4898.418604651162,4846.935400516795,4895.720930232557
2026-04-17,4887.855297157623,4897.488372093023,4872.837209302325,4887.514211886305
2026-04-20,4885.963824289405,4923.038759689922,4879.2661498708,4917.250645994831
2026-04-21,4910.087855297157,4937.291989664082,4880.630490956072,4928.165374677003
2026-04-22,4910.883720930232,4962.739018087855,4909.922480620155,4960.857881136951
2026-04-23,4977.808785529715,4985.498708010336,4919.751937984495,4947.11111111111
2026-04-24,4932.020671834624,4947.22480620155,4894.687338501291,4929.581395348837
2026-04-27,4936.785529715762,4956.248062015504,4922.625322997416,4931.214470284237
2026-04-28,4916.878552971576,4938.697674418604,4902.780361757105,4918.0465116279065
2026-04-29,4896.723514211886,4975.307493540051,4896.23772609819,4971.937984496124
2026-04-30,4982.914728682171,4991.49354005168,4958.697674418604,4968.795865633075
2026-05-06,5020.826873385012,5057.157622739018,4996.671834625322,5040.919896640827
2026-05-07,5060.2583979328165,5066.521963824289,5030.356589147286,5065.12661498708
2026-05-08,5034.749354005167,5051.3798449612395,5012.909560723514,5035.565891472867
2026-05-11,5066.9560723514205,5127.028423772609,5053.819121447028,5118.180878552971
2026-05-12,5131.8036175710595,5138.29457364341,5092.2894056847545,5114.263565891472
2026-05-13,5084.671834625323,5169.116279069767,5084.671834625323,5166.242894056847
2026-05-14,5196.527131782946,5199.503875968992,5078.656330749354,5079.68992248062
2026-05-15,5076.609819121447,5101.416020671834,4995.028423772609,5022.832041343669
2026-05-18,4998.790697674418,5032.144702842377,4967.596899224805,4995.886304909561
2026-05-19,4980.578811369509,5017.5917312661495,4933.881136950904,5015.896640826873
2026-05-20,4991.844961240309,5029.674418604651,4987.7416020671835,5013.643410852713
2026-05-21,5050.377260981912,5103.8036175710595,4941.302325581395,4943.7726098191215
2026-05-22,4980.7131782945735,5014.315245478037,4946.09819121447,5007.855297157623
2026-05-25,5036.899224806201,5087.793281653746,5020.2894056847545,5086.925064599483
2026-05-26,5064.723514211886,5119.11111111111,5057.033591731266,5114.056847545219
2026-05-27,5106.9250645994825,5141.302325581395,5055.64857881137,5073.043927648579
2026-05-28,5053.509043927648,5087.679586563307,5005.922480620155,5079.286821705426
2026-05-29,5103.369509043928,5120.485788113694,5042.677002583979,5056.454780361757
2026-06-01,5062.428940568475,5084.020671834624,4999.162790697674,5006.987080103359
2026-06-02,5023.88630490956,5095.8966408268725,4994.315245478036,5079.64857881137
2026-06-03,5086.656330749353,5159.53488372093,5069.664082687338,5104.7131782945735
2026-06-04,5061.829457364341,5104.682170542635,5054.005167958656,5069.509043927648
2026-06-05,5051.121447028423,5089.757105943152,4960.113695090438,4978.728682170542
2026-06-08,4861.777777777777,4940.423772609818,4834.697674418604,4871.979328165375
2026-06-09,4902.790697674418,4963.824289405684,4873.78811369509,4963.111111111111
2026-06-10,4912.785529715762,4947.307493540052,4877.509043927648,4908.103359173127
2026-06-11,4888.961240310076,4926.273901808785,4842.894056847545,4881.043927648579
2026-06-12,4945.364341085271,4971.431524547803,4917.374677002584,4937.798449612403
2026-06-15,4991.514211886304,5056.899224806201,4964.527131782946,5056.031007751938
2026-06-16,5059.307493540051,5073.157622739018,5029.519379844961,5048.299741602066
2026-06-17,5022.945736434108,5099.669250645995,5022.945736434108,5097.043927648579
2026-06-18,5081.178294573643,5144.072351421189,5081.178294573643,5107.596899224806
2026-06-22,5115.607235142119,5231.53488372093,5094.0155038759685,5229.6227390180875
2026-06-23,5217.602067183462,5234.387596899225,5056.423772609819,5084.640826873385
2026-06-24,5064.992248062015,5119.617571059431,5056.609819121447,5109.064599483204
2026-06-25,5117.2919896640815,5201.033591731266,5110.9870801033585,5188.733850129199
2026-06-26,5149.178294573643,5149.333333333332,5007.948320413436,5031.751937984496
2026-06-29,5029.498708010336,5094.160206718346,4989.302325581394,5092.423772609819
2026-06-30,5079.57622739018,5155.100775193799,5079.57622739018,5146.697674418605
2026-07-01,5139.73126614987,5185.922480620155,5091.090439276485,5125.560723514211
2026-07-02,5028.599483204134,5061.488372093023,4961.736434108526,4973.953488372093
2026-07-03,4971.059431524547,5055.266149870801,4971.059431524547,5004.826873385013
2026-07-06,5032.082687338501,5042.191214470284,4950.697674418604,5004.6511627906975
2026-07-07,4975.57622739018,5002.0775193798445,4916.516795865632,4953.240310077519
2026-07-08,4965.870801033591,4992.299741602067,4911.007751937984,4915.276485788113
2026-07-09,4934.780361757105,5046.87338501292,4893.922480620155,5040.113695090439
2026-07-10,5051.720930232557,5071.307493540051,4941.343669250646,4941.385012919896
2026-07-13,4904.847545219637,4935.648578811369,4827.131782945736,4853.1059431524545
2026-07-14,4848.702842377261,4957.6227390180875,4805.209302325581,4957.6227390180875
2026-07-15,4959.11111111111,4989.002583979327,4932.341085271318,4947.57622739018
2026-07-16,4869.798449612403,4931.328165374677,4830.335917312662,4856.2583979328165
2026-07-17,4818.211886304909,4820.186046511627,4642.9870801033585,4681.240310077519
2026-07-20,4729.374677002584,4784.2894056847545,4673.054263565891,4752.785529715761
2026-07-21,4786.4082687338505,4898.428940568475,4719.669250645994,4898.428940568475
2026-07-22,4868.899224806201,4932.382428940568,4850.4702842377255,4875.700258397932
2026-07-23,4894.232558139534,4896.6511627906975,4856.7131782945735,4886.821705426356
2026-07-24,4842.801033591731,4862.09819121447,4798.904392764857,4805.36434108527
2026-07-27,4812.434108527131,4860.485788113695,4770.573643410852,4860.392764857881
2026-07-28,4779.121447028424,4802.573643410852,4705.147286821704,4723.018087855297
2026-07-29,4736.010335917313,4782.129198966408,4668.031007751937,4754.790697674418
2026-07-30,4719.431524547804,4750.60465116279,4628.640826873385,4702.552971576227
2026-07-31,4779.173126614987,4791.307493540052,4742.325581395348,4742.325581395348
2026-08-03,4715.059431524547,4726.191214470284,4681.333333333332,4695.793281653747
2026-08-04,4720.3514211886295,4768.671834625322,4708.268733850129,4755.483204134367
2026-08-05,4703.038759689922,4837.064599483203,4703.038759689922,4814.625322997415
2026-08-06,4777.054263565891,4832.713178294573,4765.963824289405,4807.555555555556
2026-08-07,4812.50645994832,4864.8372093023245,4805.767441860465,4852.134366925064
2026-08-10,4856.661498708009,4872.826873385013,4815.989664082687,4859.968992248062
2026-08-11,4846.976744186046,4874.29457364341,4817.023255813953,4820.454780361757
2026-08-12,4817.023255813953,4858.325581395348,4814.149870801033,4848.496124031008
2026-08-13,4875.421188630491,4886.025839793281,4818.480620155038,4820.620155038759
2026-08-14,4829.953488372093,4833.808785529715,4792.899224806201,4822.614987080103
2026-08-17,4829.229974160206,4901.705426356589,4819.3488372093025,4900.361757105943
2026-08-18,4893.095607235141,4903.369509043928,4844.992248062015,4884.558139534884
2026-08-19,4816.599483204134,4831.400516795866,4721.519379844961,4742.842377260981
2026-08-20,4768.268733850129,4786.697674418604,4722.718346253229,4747.028423772609
2026-08-21,4739.4728682170535,4784.496124031008,4733.085271317829,4774.056847545219
2026-08-24,4776.175710594314,4776.630490956072,4679.57622739018,4716.413436692506
2026-08-25,4694.821705426356,4727.007751937984,4674.956072351421,4704.940568475452
2026-08-26,4702.25322997416,4766.966408268733,4695.441860465116,4745.002583979328
2026-08-27,4748.816537467699,4786.925064599483,4739.007751937984,4785.819121447028
2026-08-28,4770.894056847545,4799.3178294573645,4763.2661498708,4764.010335917313
2026-08-31,4715.235142118862,4780.454780361757,4710.4392764857885,4780.454780361757
2026-09-01,4773.881136950904,4795.948320413436,4759.452196382429,4766.346253229974
2026-09-02,4735.410852713178,4737.229974160206,4686.708010335918,4700.733850129199
2026-09-03,4724.454780361757,4740.04134366925,4689.32299741602,4705.509043927648
2026-09-04,4729.01291989664,4756.795865633075,4682.956072351421,4700.826873385013
2026-09-07,4721.333333333333,4734.573643410852,4698.09819121447,4728.702842377261
2026-09-08,4729.705426356589,4741.839793281653,4699.02842377261,4711.875968992247
2026-09-09,4732.31007751938,4735.813953488371,4701.147286821704,4726.201550387597
