Date,Open,High,Low,Close
2005-09-16,,,,1000.0000000000001
2005-09-19,,,,1003.7671897173077
2005-09-20,,,,994.242018968668
2005-09-21,,,,976.1411317903851
2005-09-22,,,,954.293473267246
2005-09-23,,,,946.9326499984686
2005-09-26,,,,949.3420179477495
2005-09-27,,,,934.5897438515177
2005-09-28,,,,934.0792845402294
2005-09-29,,,,946.7488846464049
2005-09-30,,,,948.2087982766894
2005-10-10,,,,937.805637512634
2005-10-11,,,,950.6181662259702
2005-10-12,,,,954.507866177987
2005-10-13,,,,947.2899715163705
2005-10-14,,,,935.2227133975151
2005-10-17,,,,927.7802166389317
2005-10-18,,,,932.6806260272995
2005-10-19,,,,928.9338546824433
2005-10-20,,,,930.1487478433095
2005-10-21,,,,934.7224632724526
2005-10-24,,,,935.7331727088034
2005-10-25,,,,922.9818991128218
2005-10-26,,,,903.2475421384162
2005-10-27,,,,902.8391746893856
2005-10-28,,,,894.0286469765496
2005-10-31,,,,902.6145725924188
2005-11-01,,,,898.9290563649172
2005-11-02,,,,908.7502935141041
2005-11-03,,,,900.5318986023625
2005-11-04,,,,904.4215985543793
2005-11-07,,,,902.8289655031598
2005-11-08,,,,907.0351502281754
2005-11-09,,,,904.7074557687007
2005-11-10,,,,887.8316709375097
2005-11-11,,,,889.6999520168248
2005-11-14,,,,886.6474053353209
2005-11-15,,,,880.9813069800207
2005-11-16,,,,887.6479055854459
2005-11-17,,,,887.1272370879318
2005-11-18,,,,907.3107982562711
2005-11-21,,,,907.8416759400109
2005-11-22,,,,893.2017028922625
2005-11-23,,,,899.9908117323969
2005-11-24,,,,905.4016804320529
2005-11-25,,,,908.137742340558
2005-11-28,,,,904.1561597125094
2005-11-29,,,,895.0597747853519
2005-11-30,,,,897.5099794795358
2005-12-01,,,,896.8157548161837
2005-12-02,,,,893.7325805760023
2005-12-05,,,,883.10481771498
2005-12-06,,,,889.7612071341794
2005-12-07,,,,897.7345815765026
2005-12-08,,,,897.9591836734694
2005-12-09,,,,911.7824218231566
2005-12-12,,,,913.1198252187319
2005-12-13,,,,913.814049882084
2005-12-14,,,,923.1248277199826
2005-12-15,,,,921.4198936202796
2005-12-16,,,,927.861890128738
2005-12-19,,,,928.6071607232188
2005-12-20,,,,933.0992026625559
2005-12-21,,,,929.0563649171525
2005-12-22,,,,934.8858102520649
2005-12-23,,,,942.2262151483906
2005-12-26,,,,948.9030229400415
2005-12-27,,,,946.003614051924
2005-12-28,,,,947.6064562893692
2005-12-29,,,,962.9406540004697
2005-12-30,,,,942.7673020183562
2006-01-04,,,,961.1234188522833
2006-01-05,,,,979.193678471889
2006-01-06,,,,990.3216914579739
2006-01-09,,,,995.6508866678238
2006-01-10,,,,998.6115506732958
2006-01-11,,,,993.8438607058632
2006-01-12,,,,1004.2980674010475
2006-01-13,,,,999.2853569641964
2006-01-16,,,,981.5520004900411
2006-01-17,,,,984.4616185643843
2006-01-18,,,,1004.1959755387899
2006-01-19,,,,1011.9549570703721
2006-01-20,,,,1014.1193045502345
2006-01-23,,,,1016.9982950659004
2006-01-24,,,,1019.9895866300499
2006-01-25,,,,1030.7194413533298
2006-02-06,,,,1054.8437484048147
2006-02-07,,,,1051.4849261365378
2006-02-08,,,,1054.6804014252025
2006-02-09,,,,1040.9286275790957
2006-02-10,,,,1053.9351308307214
2006-02-13,,,,1053.1898602362405
2006-02-14,,,,1060.2546171044708
2006-02-15,,,,1063.4500923931355
2006-02-16,,,,1041.4595052628356
2006-02-17,,,,1041.7147349184797
2006-02-20,,,,1043.011301569152
2006-02-21,,,,1060.5506835050178
2006-02-22,,,,1059.6012291860218
2006-02-23,,,,1063.154025992588
2006-02-24,,,,1071.3928392767814
2006-02-27,,,,1069.7695786668844
2006-02-28,,,,1075.0375187593797
2006-03-01,,,,1078.7230349868812
2006-03-02,,,,1060.3975457116314
2006-03-03,,,,1063.470510765587
2006-03-06,,,,1060.6017294361466
2006-03-07,,,,1036.2017743565661
2006-03-08,,,,1030.3825382078794
2006-03-09,,,,1025.3494093985769
2006-03-10,,,,1030.0047983175261
2006-03-13,,,,1041.1940664209658
2006-03-14,,,,1039.5708058110688
2006-03-15,,,,1050.4844258864127
2006-03-16,,,,1049.11639493216
2006-03-17,,,,1045.4410878908843
2006-03-20,,,,1059.3664179028292
2006-03-21,,,,1062.5312656328165
2006-03-22,,,,1069.5858133148208
2006-03-23,,,,1070.4740125164624
2006-03-24,,,,1064.4097558983574
2006-03-27,,,,1072.6894059274537
2006-03-28,,,,1078.0696470684322
2006-03-29,,,,1087.5743994446202
2006-03-30,,,,1077.7123255505305
2006-03-31,,,,1083.2865412297986
2006-04-03,,,,1101.89788771937
2006-04-04,,,,1112.4439770905863
2006-04-05,,,,1123.4596890281878
2006-04-06,,,,1126.7980929240132
2006-04-07,,,,1126.7164194342072
2006-04-10,,,,1141.7851783034375
2006-04-11,,,,1147.2981388653511
2006-04-12,,,,1140.9276066604732
2006-04-13,,,,1117.2831313615993
2006-04-14,,,,1142.7448418086594
2006-04-17,,,,1148.6763790058296
2006-04-18,,,,1155.7717634327369
2006-04-19,,,,1162.87735704587
2006-04-20,,,,1158.9774479076275
2006-04-21,,,,1174.260599687599
2006-04-24,,,,1167.6654653857543
2006-04-25,,,,1167.0733325846597
2006-04-26,,,,1181.1722187624425
2006-04-27,,,,1180.804688058315
2006-04-28,,,,1198.2215597594718
2006-05-08,,,,1245.3369541913814
2006-05-09,,,,1279.24166164715
2006-05-10,,,,1294.0449816745108
2006-05-11,,,,1282.9067595022
2006-05-12,,,,1325.0400710559363
2006-05-15,,,,1382.8138559075458
2006-05-16,,,,1361.3235189023085
2006-05-17,,,,1366.6629232983842
2006-05-18,,,,1362.4771569458198
2006-05-19,,,,1398.4645383916447
2006-05-22,,,,1406.3868669028393
2006-05-23,,,,1349.0316586864863
2006-05-24,,,,1339.6494165450074
2006-05-25,,,,1341.7422997212893
2006-05-26,,,,1365.6726322344848
2006-05-29,,,,1402.2011005502752
2006-05-30,,,,1414.99321089116
2006-05-31,,,,1401.9152433359538
2006-06-01,,,,1440.7918244836706
2006-06-02,,,,1428.2651529846557
2006-06-05,,,,1441.771906361344
2006-06-06,,,,1437.9128339680046
2006-06-07,,,,1357.6277934885811
2006-06-08,,,,1363.5389123132995
2006-06-09,,,,1332.3600575798102
2006-06-12,,,,1336.5049871874712
2006-06-13,,,,1337.1583751059204
2006-06-14,,,,1322.5184020581721
2006-06-15,,,,1324.2029177854233
2006-06-16,,,,1358.6997580422865
2006-06-19,,,,1376.7291809169892
2006-06-20,,,,1380.312605282233
2006-06-21,,,,1375.47345101122
2006-06-22,,,,1373.564333187002
2006-06-23,,,,1383.4876621984463
2006-06-26,,,,1409.1535563700218
2006-06-27,,,,1410.2663576686302
2006-06-28,,,,1409.9498728956316
2006-06-29,,,,1443.7729068615943
2006-06-30,,,,1442.6294780043083
2006-07-03,,,,1470.0717705791674
2006-07-04,,,,1460.526181458076
2006-07-05,,,,1441.9760900858594
2006-07-06,,,,1468.9793876530105
2006-07-07,,,,1460.658900879011
2006-07-10,,,,1462.527181958326
2006-07-11,,,,1469.520474522976
2006-07-12,,,,1470.561811518004
2006-07-13,,,,1394.9015323988526
2006-07-14,,,,1407.2954844769324
2006-07-17,,,,1423.1707690579985
2006-07-18,,,,1424.6102643158315
2006-07-19,,,,1386.642300742208
2006-07-20,,,,1395.626384620882
2006-07-21,,,,1407.622178436157
2006-07-24,,,,1409.8273626609225
2006-07-25,,,,1426.4887545813724
2006-07-26,,,,1423.589345693255
2006-07-27,,,,1407.2444385458036
2006-07-28,,,,1392.5840471256038
2006-07-31,,,,1343.8249737113456
2006-08-01,,,,1331.1962103500732
2006-08-02,,,,1323.9681065022307
2006-08-03,,,,1320.5071923716962
2006-08-04,,,,1289.5223121764964
2006-08-07,,,,1271.268287204827
2006-08-08,,,,1300.6401159763557
2006-08-09,,,,1299.5171054915215
2006-08-10,,,,1320.5480291165993
2006-08-11,,,,1324.8971424487754
2006-08-14,,,,1293.8714255086727
2006-08-15,,,,1315.0044409960083
2006-08-16,,,,1333.4013945748384
2006-08-17,,,,1321.1912078488224
2006-08-18,,,,1317.281089524354
2006-08-21,,,,1320.2825902747293
2006-08-22,,,,1335.5861604271524
2006-08-23,,,,1336.0762013659892
2006-08-24,,,,1343.0694939306388
2006-08-25,,,,1346.2241324744007
2006-08-28,,,,1377.8828189605008
2006-08-29,,,,1382.3136057824831
2006-08-30,,,,1386.9996222601096
2006-08-31,,,,1391.185388612674
2006-09-01,,,,1369.7767250972427
2006-09-04,,,,1389.6744290512604
2006-09-05,,,,1393.26806260273
2006-09-06,,,,1399.1791814274486
2006-09-07,,,,1380.486161448071
2006-09-08,,,,1384.406488958765
2006-09-11,,,,1391.26706210248
2006-09-12,,,,1400.4961664505722
2006-09-13,,,,1390.8893222121267
2006-09-14,,,,1390.919949770804
2006-09-15,,,,1415.912037651479
2006-09-18,,,,1429.6740206838115
2006-09-19,,,,1432.5223836408002
2006-09-20,,,,1432.6857306204122
2006-09-21,,,,1443.0888913844678
2006-09-22,,,,1430.0721789466163
2006-09-25,,,,1427.5198823901749
2006-09-26,,,,1412.1754754928486
2006-09-27,,,,1426.1824789945995
2006-09-28,,,,1442.700942307889
2006-09-29,,,,1459.617563883983
2006-10-09,,,,1493.7468734367185
2006-10-10,,,,1494.9617665975845
2006-10-11,,,,1493.5733172708806
2006-10-12,,,,1483.7929168665967
2006-10-13,,,,1488.3462139232881
2006-10-16,,,,1475.4826392788232
2006-10-17,,,,1471.256036181356
2006-10-18,,,,1495.3292973017121
2006-10-19,,,,1497.1873691948015
2006-10-20,,,,1498.0245224653142
2006-10-23,,,,1465.2938714255088
2006-10-24,,,,1497.8918030443795
2006-10-25,,,,1504.936141540158
2006-10-26,,,,1514.573613337281
2006-10-27,,,,1496.8402568631257
2006-10-30,,,,1504.323590366612
2006-10-31,,,,1523.2922583740851
2006-11-01,,,,1538.820430623475
2006-11-02,,,,1539.0756602791191
2006-11-03,,,,1548.0597441577931
2006-11-06,,,,1568.4474890506478
2006-11-07,,,,1576.9925779216142
2006-11-08,,,,1558.3403946871397
2006-11-09,,,,1585.9460342416107
2006-11-10,,,,1564.4659064225993
2006-11-13,,,,1535.0532409061673
2006-11-14,,,,1553.7666792579964
2006-11-15,,,,1596.4002409367952
2006-11-16,,,,1594.8688630029303
2006-11-17,,,,1624.8226153893274
2006-11-20,,,,1657.1448989801024
2006-11-21,,,,1677.0017661892173
2006-11-22,,,,1689.2527896601364
2006-11-23,,,,1700.5747771845108
2006-11-24,,,,1702.310338842891
2006-11-27,,,,1718.144786679054
2006-11-28,,,,1710.0386928157957
2006-11-29,,,,1734.101744749926
2006-11-30,,,,1783.2079304958604
2006-12-01,,,,1798.8177762350565
2006-12-04,,,,1852.4057947341018
2006-12-05,,,,1866.4434257945302
2006-12-06,,,,1851.0275545936233
2006-12-07,,,,1847.301201621219
2006-12-08,,,,1780.5841696358384
2006-12-11,,,,1862.084103276128
2006-12-12,,,,1875.468346418107
2006-12-13,,,,1876.5811477167158
2006-12-14,,,,1910.1693703994856
2006-12-15,,,,1942.9306489979683
2006-12-18,,,,1993.3538197670266
2006-12-19,,,,1998.9076170738433
2006-12-20,,,,2014.619554675297
2006-12-21,,,,1985.9419505671203
2006-12-22,,,,1972.0676664863047
2006-12-25,,,,2017.3556165838022
2006-12-26,,,,2016.457208195935
2006-12-27,,,,2062.888587150718
2006-12-28,,,,2059.8258312829885
2006-12-29,,,,2123.4086430970588
2007-01-04,,,,2150.503823340242
2007-01-05,,,,2156.527243213444
2007-01-08,,,,2217.567967657298
2007-01-09,,,,2288.868924258047
2007-01-10,,,,2347.0000306275588
2007-01-11,,,,2321.6812487876596
2007-01-12,,,,2261.4674684280917
2007-01-15,,,,2379.6490081775582
2007-01-16,,,,2448.8570816020256
2007-01-17,,,,2402.1092178742433
2007-01-18,,,,2410.593051627855
2007-01-19,,,,2492.7872099314964
2007-01-22,,,,2591.8469438801035
2007-01-23,,,,2609.3454890710664
2007-01-24,,,,2638.7785729599495
2007-01-25,,,,2551.8065155026493
2007-01-26,,,,2614.3275719492403
2007-01-29,,,,2680.9016753274595
2007-01-30,,,,2654.858041265531
2007-01-31,,,,2481.5877326418313
2007-02-01,,,,2491.8275464262747
2007-02-02,,,,2390.7361844187403
2007-02-05,,,,2363.467448009719
2007-02-06,,,,2409.500668701698
2007-02-07,,,,2465.416381660218
2007-02-08,,,,2507.8763871731785
2007-02-09,,,,2493.9816847199113
2007-02-12,,,,2585.6805953997405
2007-02-13,,,,2624.4244571265226
2007-02-14,,,,2692.795377280477
2007-02-15,,,,2776.3371481659196
2007-02-16,,,,2784.759726802177
2007-02-26,,,,2816.949290972017
2007-02-27,,,,2556.6660881461144
2007-02-28,,,,2647.262406713561
2007-03-01,,,,2573.368316811467
2007-03-02,,,,2609.978458617064
2007-03-05,,,,2575.512245918878
2007-03-06,,,,2622.0048799910164
2007-03-07,,,,2693.9388061377626
2007-03-08,,,,2733.6729589284437
2007-03-09,,,,2716.786964911027
2007-03-12,,,,2721.7588386029747
2007-03-13,,,,2746.720298924973
2007-03-14,,,,2702.177619421956
2007-03-15,,,,2752.3149329766925
2007-03-16,,,,2709.324049779992
2007-03-19,,,,2766.7405131137
2007-03-20,,,,2780.6352155669674
2007-03-21,,,,2811.671141693296
2007-03-22,,,,2820.7471082480015
2007-03-23,,,,2825.8925381057875
2007-03-26,,,,2875.5806474665906
2007-03-27,,,,2896.376759808476
2007-03-28,,,,2910.557319476065
2007-03-29,,,,2895.6314892139953
2007-03-30,,,,2894.049065349001
2007-04-02,,,,2965.1356290390095
2007-04-03,,,,3004.6758072914013
2007-04-04,,,,3029.3412012128515
2007-04-05,,,,3064.062643566682
2007-04-06,,,,3092.1174873150867
2007-04-09,,,,3160.9478208492
2007-04-10,,,,3206.103051525763
2007-04-11,,,,3247.460464926341
2007-04-12,,,,3304.815673142694
2007-04-13,,,,3297.322130452982
2007-04-16,,,,3387.724474482139
2007-04-17,,,,3416.861491970475
2007-04-18,,,,3438.6070586313567
2007-04-19,,,,3278.1492787209936
2007-04-20,,,,3422.8849118436774
2007-04-23,,,,3570.693510020317
2007-04-24,,,,3585.231391205807
2007-04-25,,,,3588.4472848669234
2007-04-26,,,,3635.8076997682515
2007-04-27,,,,3611.805902951476
2007-04-30,,,,3703.76004328695
2007-05-08,,,,3836.2650713111657
2007-05-09,,,,3852.140355892232
2007-05-10,,,,3876.49947422691
2007-05-11,,,,3853.875917550612
2007-05-14,,,,3887.086400343029
2007-05-15,,,,3751.998448203694
2007-05-16,,,,3851.6094782084924
2007-05-17,,,,3933.1604577799108
2007-05-18,,,,3931.1084113485317
2007-05-21,,,,3988.8209410827867
2007-05-22,,,,4029.8108237792367
2007-05-23,,,,4101.091362007534
2007-05-24,,,,4081.49993364029
2007-05-25,,,,4150.207756939694
2007-05-28,,,,4241.253279701075
2007-05-29,,,,4342.957192882156
2007-05-30,,,,4049.3307878429014
2007-05-31,,,,4092.7402476748584
2007-06-01,,,,3963.6552970362736
2007-06-04,,,,3660.0953537993487
2007-06-05,,,,3788.649426754194
2007-06-06,,,,3833.733193127176
2007-06-07,,,,3963.8696899470146
2007-06-08,,,,4001.0413369950284
2007-06-11,,,,4100.49922920644
2007-06-12,,,,4209.666057518555
2007-06-13,,,,4295.882635195148
2007-06-14,,,,4251.809578258517
2007-06-15,,,,4276.924176373902
2007-06-18,,,,4411.920245837205
2007-06-19,,,,4439.5463037641275
2007-06-20,,,,4340.170085042521
2007-06-21,,,,4381.915447519678
2007-06-22,,,,4231.503506855469
2007-06-25,,,,4050.259823789446
2007-06-26,,,,4104.531857765618
2007-06-27,,,,4222.590887280375
2007-06-28,,,,4032.465212197936
2007-06-29,,,,3934.160958030036
2007-07-02,,,,3927.7597982664806
2007-07-03,,,,4005.982583128299
2007-07-04,,,,3914.140743841309
2007-07-05,,,,3699.135281926678
2007-07-06,,,,3880.2054088268624
2007-07-09,,,,3996.518667497014
2007-07-10,,,,3948.892813753816
2007-07-11,,,,3964.288266582271
2007-07-12,,,,3992.802523710835
2007-07-13,,,,3996.5799226143686
2007-07-16,,,,3869.2203244479388
2007-07-17,,,,3965.1458382252354
2007-07-18,,,,3984.4309910057073
2007-07-19,,,,3984.40036344703
2007-07-20,,,,4157.098957642087
2007-07-23,,,,4350.552827434125
2007-07-24,,,,4355.667629733234
2007-07-25,,,,4454.196485998102
2007-07-26,,,,4504.180661759452
2007-07-27,,,,4508.407264856918
2007-07-30,,,,4616.379618380619
2007-07-31,,,,4668.997764188217
2007-08-01,,,,4491.235413625181
2007-08-02,,,,4643.791283396801
2007-08-03,,,,4813.692560565998
2007-08-06,,,,4924.380557625752
2007-08-07,,,,4945.901522189667
2007-08-08,,,,4886.800543128707
2007-08-09,,,,5001.4497044440595
2007-08-10,,,,4948.576328980817
2007-08-13,,,,4942.900021439291
2007-08-14,,,,5020.775693969434
2007-08-15,,,,5024.134516237711
2007-08-16,,,,4943.7984298271585
2007-08-17,,,,4843.952588539168
2007-08-20,,,,5115.057528764382
2007-08-21,,,,5206.501209788567
2007-08-22,,,,5289.4202203142395
2007-08-23,,,,5377.852191401824
2007-08-24,,,,5463.394962787516
2007-08-27,,,,5490.173658257701
2007-08-28,,,,5499.229206439955
2007-08-29,,,,5415.5138793886745
2007-08-30,,,,5488.182866943675
2007-08-31,,,,5546.395646802994
2007-09-03,,,,5674.704699288421
2007-09-04,,,,5613.092260415922
2007-09-05,,,,5616.144807097427
2007-09-06,,,,5667.231574971159
2007-09-07,,,,5544.466110606324
2007-09-10,,,,5630.774570958949
2007-09-11,,,,5365.713468979388
2007-09-12,,,,5448.193484497351
2007-09-13,,,,5602.239895457933
2007-09-14,,,,5651.785076211575
2007-09-17,,,,5758.20563342896
2007-09-18,,,,5735.0920358138255
2007-09-19,,,,5674.980347316516
2007-09-20,,,,5754.193423242234
2007-09-21,,,,5726.118161121377
2007-09-24,,,,5774.0707088238005
2007-09-25,,,,5711.998856571143
2007-09-26,,,,5613.9804596175645
2007-09-27,,,,5683.760247470675
2007-09-28,,,,5844.146563077457
2007-10-08,,,,5919.878306500189
2007-10-09,,,,5943.74738389603
2007-10-10,,,,5954.048452797828
2007-10-11,,,,6031.873079396842
2007-10-12,,,,6007.93253769742
2007-10-15,,,,6096.139906688038
2007-10-16,,,,6154.526242713194
2007-10-17,,,,6098.937223713899
2007-10-18,,,,5880.726077324376
2007-10-19,,,,5878.95988810732
2007-10-22,,,,5730.906269461261
2007-10-23,,,,5801.502792212434
2007-10-24,,,,5851.9259629814915
2007-10-25,,,,5585.701013772193
2007-10-26,,,,5649.661565476616
2007-10-29,,,,5768.578166634338
2007-10-30,,,,5860.430215107554
2007-10-31,,,,5957.27455564517
2007-11-01,,,,5870.026850159774
2007-11-02,,,,5731.477983889905
2007-11-05,,,,5613.531255423631
2007-11-06,,,,5568.753764637421
2007-11-07,,,,5603.393533501445
2007-11-08,,,,5334.299802962706
2007-11-09,,,,5278.63931965983
2007-11-12,,,,5213.423038049637
2007-11-13,,,,5172.576083960348
2007-11-14,,,,5388.980204387909
2007-11-15,,,,5321.1503711039195
2007-11-16,,,,5244.224152892773
2007-11-19,,,,5230.349868811958
2007-11-20,,,,5308.858510888097
2007-11-21,,,,5233.7086910802345
2007-11-22,,,,4998.07046380333
2007-11-23,,,,5085.563189758144
2007-11-26,,,,5026.8399505875395
2007-11-27,,,,4933.711753836102
2007-11-28,,,,4868.362752804974
2007-11-29,,,,5070.810915661913
2007-11-30,,,,4961.20509234209
2007-12-03,,,,4998.131718920686
2007-12-04,,,,5057.344999030128
2007-12-05,,,,5200.53904503272
2007-12-06,,,,5205.888658615022
2007-12-07,,,,5279.507100489021
2007-12-10,,,,5376.065583812315
2007-12-11,,,,5382.813855907546
2007-12-12,,,,5317.240252779451
2007-12-13,,,,5115.026901205705
2007-12-14,,,,5212.800277689866
2007-12-17,,,,5086.747455360334
2007-12-18,,,,5058.069851252158
2007-12-19,,,,5179.947116415351
2007-12-20,,,,5275.147777970618
2007-12-21,,,,5342.865310206124
2007-12-24,,,,5453.114312258171
2007-12-25,,,,5463.2520341803565
2007-12-26,,,,5513.746669252994
2007-12-27,,,,5621.096262416923
2007-12-28,,,,5590.4584945534
2008-01-02,,,,5639.493215995753
2008-01-03,,,,5678.165613418954
2008-01-04,,,,5742.697879552021
2008-01-07,,,,5819.083010893202
2008-01-08,,,,5789.200722810385
2008-01-09,,,,5878.949678921093
2008-01-10,,,,5940.102704413432
2008-01-11,,,,5968.371941072577
2008-01-14,,,,6002.521668997764
2008-01-15,,,,5965.543996488041
2008-01-16,,,,5765.80126798093
2008-01-17,,,,5619.095261916673
2008-01-18,,,,5670.24328490776
2008-01-21,,,,5388.816857408296
2008-01-22,,,,4978.438198691183
2008-01-23,,,,5210.135680084941
2008-01-24,,,,5264.693571275434
2008-01-25,,,,5317.281089524355
2008-01-28,,,,4955.41648375208
2008-01-29,,,,4987.044542679503
2008-01-30,,,,4933.1808761523625
2008-01-31,,,,4838.664230074221
2008-02-01,,,,4787.924574532164
2008-02-04,,,,5183.969535788303
2008-02-05,,,,5154.332268174904
2008-02-13,,,,5043.593225184021
2008-02-14,,,,5110.790088922012
2008-02-15,,,,5040.693816295903
2008-02-18,,,,5142.989862278077
2008-02-19,,,,5257.935089993976
2008-02-20,,,,5140.600912701249
2008-02-21,,,,5106.369511286255
2008-02-22,,,,4924.370348439526
2008-02-25,,,,4733.295219038091
2008-02-26,,,,4728.844013843656
2008-02-27,,,,4858.949883104819
2008-02-28,,,,4840.399791732601
2008-02-29,,,,4895.37625955835
2008-03-03,,,,5017.059550183256
2008-03-04,,,,4891.813253565559
2008-03-05,,,,4847.433921042154
2008-03-06,,,,4906.402180682178
2008-03-07,,,,4840.062888587151
2008-03-10,,,,4640.983757184716
2008-03-11,,,,4651.029596430868
2008-03-12,,,,4513.2770466866095
2008-03-13,,,,4397.361946279263
2008-03-14,,,,4354.330226337659
2008-03-17,,,,4152.637543261427
2008-03-18,,,,3941.797429326909
2008-03-19,,,,4072.6077324376474
2008-03-20,,,,4190.921991608049
2008-03-21,,,,4228.614307153577
2008-03-24,,,,4039.3359945278767
2008-03-25,,,,4090.320670539352
2008-03-26,,,,4099.325172790477
2008-03-27,,,,3926.054864166778
2008-03-28,,,,4103.429265653235
2008-03-31,,,,3969.7603903992817
2008-04-01,,,,3752.2740962317894
2008-04-02,,,,3715.745627915999
2008-04-03,,,,3823.3198231768947
2008-04-07,,,,4027.666894671826
2008-04-08,,,,4075.047727945606
2008-04-09,,,,3862.5128890976102
2008-04-10,,,,3932.251840205817
2008-04-11,,,,3962.6445875999225
2008-04-14,,,,3703.8212984043043
2008-04-15,,,,3753.0193668262705
2008-04-16,,,,3659.5542669293836
2008-04-17,,,,3547.4267746117957
2008-04-18,,,,3427.877203908077
2008-04-21,,,,3422.6909373053877
2008-04-22,,,,3452.77740911272
2008-04-23,,,,3617.839532010904
2008-04-24,,,,3954.1811722187626
2008-04-25,,,,3984.1042970464823
2008-04-28,,,,3906.9126399934667
2008-04-29,,,,3956.988698430848
2008-04-30,,,,4147.931108411349
2008-05-05,,,,4249.196026584721
2008-05-06,,,,4202.376698553359
2008-05-07,,,,4003.940745883146
2008-05-08,,,,4112.627742442651
2008-05-09,,,,4064.583312064196
2008-05-12,,,,4091.8928852181198
2008-05-13,,,,4037.8760808975917
2008-05-14,,,,4168.043205276108
2008-05-15,,,,4139.120580698513
2008-05-16,,,,4126.777674551561
2008-05-19,,,,4103.674286122654
2008-05-20,,,,3890.690243080724
2008-05-21,,,,3966.6772161591
2008-05-22,,,,3892.09911077988
2008-05-23,,,,3854.6109789588677
2008-05-26,,,,3733.039989382447
2008-05-27,,,,3751.2021316780842
2008-05-28,,,,3856.7753264387297
2008-05-29,,,,3757.3378525997696
2008-05-30,,,,3789.374278976223
2008-06-02,,,,3804.647221569969
2008-06-03,,,,3792.610591009791
2008-06-04,,,,3722.626619432165
2008-06-05,,,,3686.3942175169223
2008-06-06,,,,3663.8625435166564
2008-06-10,,,,3367.142755050995
2008-06-11,,,,3297.740707088238
2008-06-12,,,,3240.3650804994336
2008-06-13,,,,3130.657165317353
2008-06-16,,,,3103.1536176251393
2008-06-17,,,,2988.4534103786586
2008-06-18,,,,3146.205755939194
2008-06-19,,,,2917.1320354054583
2008-06-20,,,,2998.386948576329
2008-06-23,,,,2937.01953017325
2008-06-24,,,,3002.501250625313
2008-06-25,,,,3127.4412716562365
2008-06-26,,,,3139.8454329205424
2008-06-27,,,,2967.6164612918706
2008-06-30,,,,2942.726465273453
2008-07-01,,,,2845.167481700034
2008-07-02,,,,2846.4844667231578
2008-07-03,,,,2910.935059366418
2008-07-04,,,,2891.1598656471097
2008-07-07,,,,3040.265030474421
2008-07-08,,,,3060.3873365254058
2008-07-09,,,,3180.008371532705
2008-07-10,,,,3136.721421935458
2008-07-11,,,,3115.5373605169934
2008-07-14,,,,3139.5799940786724
2008-07-15,,,,3009.994793315025
2008-07-16,,,,2896.723872140152
2008-07-17,,,,2867.9952221008466
2008-07-18,,,,2970.8017273943096
2008-07-21,,,,3071.811415912038
2008-07-22,,,,3066.2474094189956
2008-07-23,,,,3043.634061928924
2008-07-24,,,,3143.1430000714645
2008-07-25,,,,3102.8575512245925
2008-07-28,,,,3127.604618635849
2008-07-29,,,,3069.2795377280477
2008-07-30,,,,3046.952047452298
2008-07-31,,,,2963.359230635726
2008-08-01,,,,3000.9494543189967
2008-08-04,,,,2929.7505895805048
2008-08-05,,,,2855.7850353748304
2008-08-06,,,,2875.4479280456558
2008-08-07,,,,2874.141152208758
2008-08-08,,,,2737.9710263294915
2008-08-11,,,,2595.828526508152
2008-08-12,,,,2582.4749109248505
2008-08-13,,,,2583.015997794816
2008-08-14,,,,2581.790895447724
2008-08-15,,,,2586.201263897255
2008-08-18,,,,2444.3854580351403
2008-08-19,,,,2481.475431593348
2008-08-20,,,,2676.491306877929
2008-08-21,,,,2582.5055384835277
2008-08-22,,,,2541.240007758982
2008-08-25,,,,2536.6152463987096
2008-08-26,,,,2463.84416698145
2008-08-27,,,,2457.2490326796055
2008-08-28,,,,2468.4893467141733
2008-08-29,,,,2527.4269787955204
2008-09-01,,,,2440.2711559861564
2008-09-02,,,,2415.1667670569977
2008-09-03,,,,2373.4826596971957
2008-09-04,,,,2378.954783514206
2008-09-05,,,,2307.3985972578125
2008-09-08,,,,2247.2562812018255
2008-09-09,,,,2260.5996875989017
2008-09-10,,,,2264.856918255046
2008-09-11,,,,2189.7683535645374
2008-09-12,,,,2195.812191810191
2008-09-16,,,,2114.240793866321
2008-09-17,,,,2038.662188236976
2008-09-18,,,,2003.6344702963727
2008-09-19,,,,2191.269103939725
2008-09-22,,,,2333.534113995773
2008-09-23,,,,2244.6018927831265
2008-09-24,,,,2260.854917254546
2008-09-25,,,,2350.5426182478996
2008-09-26,,,,2371.8185623423956
2008-10-06,,,,2250.727404518586
2008-10-07,,,,2222.978836356954
2008-10-08,,,,2138.844932670417
2008-10-09,,,,2109.6772876234036
2008-10-10,,,,2016.2836520300968
2008-10-13,,,,2099.3047544180254
2008-10-14,,,,2045.5227613806903
2008-10-15,,,,2024.1038886790336
2008-10-16,,,,1925.289175199845
2008-10-17,,,,1938.3569335688255
2008-10-20,,,,2005.4721238170107
2008-10-21,,,,1989.2599360904944
2008-10-22,,,,1938.41818868618
2008-10-23,,,,1939.9597758062707
2008-10-24,,,,1883.7275780747518
2008-10-27,,,,1749.5278251370585
2008-10-28,,,,1803.6058845749408
2008-10-29,,,,1753.2848056681403
2008-10-30,,,,1794.9791222141685
2008-10-31,,,,1759.0325775132465
2008-11-03,,,,1748.3333503486438
2008-11-04,,,,1721.0748231258488
2008-11-05,,,,1788.3839879123236
2008-11-06,,,,1744.351767720595
2008-11-07,,,,1774.0094537064454
2008-11-10,,,,1904.9524762381193
2008-11-11,,,,1883.4825576053336
2008-11-12,,,,1905.1158232177313
2008-11-13,,,,1981.511163745138
2008-11-14,,,,2055.0785596880073
2008-11-17,,,,2101.948933650499
2008-11-18,,,,1946.0342416106014
2008-11-19,,,,2065.9207154597707
2008-11-20,,,,2043.9913834468255
2008-11-21,,,,2031.6178497411972
2008-11-24,,,,1943.7269655235784
2008-11-25,,,,1940.1945870894633
2008-11-26,,,,1949.9239415626182
2008-11-27,,,,1978.4586170636342
2008-11-28,,,,1935.5698257291913
2008-12-01,,,,1971.8226460168862
2008-12-02,,,,1976.5086624945127
2008-12-03,,,,2065.4000469622565
2008-12-04,,,,2097.405845780033
2008-12-05,,,,2129.391226225358
2008-12-08,,,,2215.9855437923043
2008-12-09,,,,2158.6609631346287
2008-12-10,,,,2217.4556666088147
2008-12-11,,,,2164.5108268419926
2008-12-12,,,,2073.598023501547
2008-12-15,,,,2089.0955681922596
2008-12-16,,,,2109.6364508785005
2008-12-17,,,,2117.0891568233096
2008-12-18,,,,2163.2959336811264
2008-12-19,,,,2170.7078028810324
2008-12-22,,,,2134.1487070065646
2008-12-23,,,,2029.8516605241398
2008-12-24,,,,1996.130718420435
2008-12-25,,,,1978.8771936988903
2008-12-26,,,,1969.7093444681525
2008-12-29,,,,1961.9503629365704
2008-12-30,,,,1939.3880613776278
2008-12-31,,,,1922.7675062020808
2009-01-05,,,,1991.7816050882586
2009-01-06,,,,2055.068350501782
2009-01-07,,,,2042.7866994721853
2009-01-08,,,,1997.1005911118827
2009-01-09,,,,2029.228900164368
2009-01-12,,,,2031.6893140447776
2009-01-13,,,,1984.6147563577708
2009-01-14,,,,2068.2382007330198
2009-01-15,,,,2067.850251656441
2009-01-16,,,,2105.2260824289697
2009-01-19,,,,2128.768465865586
2009-01-20,,,,2142.2241733111455
2009-01-21,,,,2138.54886626987
2009-01-22,,,,2162.703800880032
2009-01-23,,,,2150.1567110085657
2009-02-02,,,,2175.9451154148505
2009-02-03,,,,2230.788863819665
2009-02-04,,,,2291.6151953527783
2009-02-05,,,,2275.280497391553
2009-02-06,,,,2366.571040622352
2009-02-09,,,,2429.398372655716
2009-02-10,,,,2461.2204061214284
2009-02-11,,,,2465.855376667926
2009-02-12,,,,2452.3179957325606
2009-02-13,,,,2537.707629324867
2009-02-16,,,,2604.5369623587308
2009-02-17,,,,2523.1391205806985
2009-02-18,,,,2407.3669487805128
2009-02-19,,,,2431.236026176354
2009-02-20,,,,2479.801125052322
2009-02-23,,,,2549.785096629948
2009-02-24,,,,2434.8704964727262
2009-02-25,,,,2437.412583842942
2009-02-26,,,,2316.76042102684
2009-02-27,,,,2264.1933211503715
2009-03-02,,,,2289.767332645915
2009-03-03,,,,2265.949301181203
2009-03-04,,,,2417.208604302151
2009-03-05,,,,2438.1170176925198
2009-03-06,,,,2418.7195638635644
2009-03-09,,,,2329.807761023369
2009-03-10,,,,2370.2769752223053
2009-03-11,,,,2348.694755541036
2009-03-12,,,,2343.7433002215394
2009-03-13,,,,2332.8705168910988
2009-03-16,,,,2371.154965237721
2009-03-17,,,,2456.616063133608
2009-03-18,,,,2467.4582189053713
2009-03-19,,,,2520.249920878807
2009-03-20,,,,2517.370930363141
2009-03-23,,,,2580.3718185623425
2009-03-24,,,,2593.47020449
2009-03-25,,,,2540.096578901696
2009-03-26,,,,2623.097262917173
2009-03-27,,,,2643.342079202867
2009-03-30,,,,2628.069136609121
2009-03-31,,,,2652.7141121581203
2009-04-01,,,,2695.4803932578534
2009-04-02,,,,2725.342262968219
2009-04-03,,,,2719.1044501842757
2009-04-07,,,,2725.9241865830877
2009-04-08,,,,2622.6786862819167
2009-04-09,,,,2663.2193647844333
2009-04-10,,,,2745.576870067687
2009-04-13,,,,2810.0887178283024
2009-04-14,,,,2832.0078406550215
2009-04-15,,,,2842.758113750753
2009-04-16,,,,2842.8806239854625
2009-04-17,,,,2804.3511551694214
2009-04-20,,,,2864.6363998325696
2009-04-21,,,,2830.537717838511
2009-04-22,,,,2725.6281201825404
2009-04-23,,,,2743.912772712887
2009-04-24,,,,2722.034486631071
2009-04-27,,,,2659.0744351767726
2009-04-28,,,,2664.658860042266
2009-04-29,,,,2756.664046308869
2009-04-30,,,,2775.357066288246
2009-05-04,,,,2872.03805984625
2009-05-05,,,,2885.4937672918095
2009-05-06,,,,2925.6771242764244
2009-05-07,,,,2927.984400363447
2009-05-08,,,,2951.577829731192
2009-05-11,,,,2884.156363896234
2009-05-12,,,,2951.0877887923552
2009-05-13,,,,2978.060458800829
2009-05-14,,,,2955.5696215454673
2009-05-15,,,,2959.449112311258
2009-05-18,,,,2974.987493746874
2009-05-19,,,,3006.380741391104
2009-05-20,,,,2977.6520913517984
2009-05-21,,,,2911.435309491481
2009-05-22,,,,2901.552817224939
2009-05-25,,,,2914.344927565824
2009-05-26,,,,2880.5627303447645
2009-05-27,,,,2924.7378791436536
2009-06-01,,,,3029.698522730753
2009-06-02,,,,3036.9776725097245
2009-06-03,,,,3115.95593715225
2009-06-04,,,,3132.913395473247
2009-06-05,,,,3117.916100907597
2009-06-08,,,,3128.3090524854265
2009-06-09,,,,3141.284928178375
2009-06-10,,,,3172.1472981388656
2009-06-11,,,,3145.654459883003
2009-06-12,,,,3087.9623485211996
2009-06-15,,,,3152.6477524476527
2009-06-16,,,,3147.8902716664456
2009-06-17,,,,3200.4573715429146
2009-06-18,,,,3250.543639166522
2009-06-19,,,,3274.545435983298
2009-06-22,,,,3279.0068503639577
2009-06-23,,,,3281.2324529611747
2009-06-24,,,,3321.1095343590164
2009-06-25,,,,3318.2815897744795
2009-06-26,,,,3331.216628722525
2009-06-29,,,,3386.2849792243064
2009-06-30,,,,3372.26776653633
2009-07-01,,,,3450.1332298802467
2009-07-02,,,,3497.738665250993
2009-07-03,,,,3545.7422588845448
2009-07-06,,,,3596.665679778665
2009-07-07,,,,3560.1474206491002
2009-07-08,,,,3572.8374391277275
2009-07-09,,,,3619.963042745863
2009-07-10,,,,3622.2192729017574
2009-07-13,,,,3583.189553960654
2009-07-14,,,,3683.4131351389983
2009-07-15,,,,3724.6174107461898
2009-07-16,,,,3733.3054282243165
2009-07-17,,,,3753.1112495023026
2009-07-20,,,,3829.7005645679988
2009-07-21,,,,3775.163091749957
2009-07-22,,,,3846.7090688201247
2009-07-23,,,,3894.978101295546
2009-07-24,,,,3911.741585078254
2009-07-27,,,,3993.323192208349
2009-07-28,,,,4006.329695459975
2009-07-29,,,,3795.8775306020357
2009-07-30,,,,3877.275372380068
2009-07-31,,,,3983.8899041357417
2009-08-03,,,,4039.795407908036
2009-08-04,,,,4039.356412900328
2009-08-05,,,,3990.689222162102
2009-08-06,,,,3907.7702116364308
2009-08-07,,,,3793.110841134853
2009-08-10,,,,3781.9828281487685
2009-08-11,,,,3794.6115915100413
2009-08-12,,,,3625.026799113843
2009-08-13,,,,3671.3560862063687
2009-08-14,,,,3568.5495809129056
2009-08-17,,,,3350.675337668835
2009-08-18,,,,3384.5187900072488
2009-08-19,,,,3216.608304152076
2009-08-20,,,,3355.136752049494
2009-08-21,,,,3418.576635256404
2009-08-24,,,,3446.2945758593582
2009-08-25,,,,3318.6184929199294
2009-08-26,,,,3385.3763616502133
2009-08-27,,,,3368.204510418475
2009-08-28,,,,3251.3297465059063
2009-08-31,,,,3020.285653030597
2009-09-01,,,,3034.9154168921195
2009-09-02,,,,3085.318169288726
2009-09-03,,,,3257.1796102132703
2009-09-04,,,,3284.111443476841
2009-09-07,,,,3313.0034404957582
2009-09-08,,,,3384.2431419791533
2009-09-09,,,,3409.7967351022453
2009-09-10,,,,3375.6572163632836
2009-09-11,,,,3455.9320476564812
2009-09-14,,,,3514.910516482731
2009-09-15,,,,3524.782799563047
2009-09-16,,,,3477.3917571030415
2009-09-17,,,,3543.720840011843
2009-09-18,,,,3415.2076038019013
2009-09-21,,,,3425.9680860838585
2009-09-22,,,,3343.334932772509
2009-09-23,,,,3267.5623526048744
2009-09-24,,,,3289.838796949495
2009-09-25,,,,3265.9186736225256
2009-09-28,,,,3174.2095537564705
2009-09-29,,,,3173.831813866117
2009-09-30,,,,3208.5838837786246
2009-10-09,,,,3378.260558850854
2009-10-12,,,,3365.3663566477117
2009-10-13,,,,3415.432205898868
2009-10-14,,,,3446.2639483006815
2009-10-15,,,,3459.3419158558872
2009-10-16,,,,3461.547100080653
2009-10-19,,,,3554.930526487734
2009-10-20,,,,3606.6298455350125
2009-10-21,,,,3597.7784810772737
2009-10-22,,,,3574.348398689141
2009-10-23,,,,3644.750946902023
2009-10-26,,,,3645.8024930832767
2009-10-27,,,,3539.535073659279
2009-10-28,,,,3555.134710212249
2009-10-29,,,,3467.2744535533075
2009-10-30,,,,3502.853467550102
2009-11-02,,,,3622.913497565109
2009-11-03,,,,3668.426049759574
2009-11-04,,,,3688.139988361528
2009-11-05,,,,3699.278210533839
2009-11-06,,,,3719.247378791437
2009-11-09,,,,3732.8868515890604
2009-11-10,,,,3741.4115220875747
2009-11-11,,,,3732.754132168125
2009-11-12,,,,3737.3686843421715
2009-11-13,,,,3757.368480158447
2009-11-16,,,,3871.7113658870257
2009-11-17,,,,3874.437218609305
2009-11-18,,,,3876.438219109555
2009-11-19,,,,3889.475349919858
2009-11-20,,,,3877.275372380068
2009-11-23,,,,3914.110116282631
2009-11-24,,,,3788.720891057774
2009-11-25,,,,3875.8052495635575
2009-11-26,,,,3722.1876244244577
2009-11-27,,,,3611.918203999959
2009-11-30,,,,3749.8341007238314
2009-12-01,,,,3802.3399454829455
2009-12-02,,,,3841.3084093066946
2009-12-03,,,,3834.4172086043022
2009-12-04,,,,3890.5983604046924
2009-12-07,,,,3917.662913089198
2009-12-08,,,,3869.812457249033
2009-12-09,,,,3795.5508366428116
2009-12-10,,,,3819.85890904636
2009-12-11,,,,3817.4903778419825
2009-12-14,,,,3857.775826688855
2009-12-15,,,,3826.402997417076
2009-12-16,,,,3802.2480628069143
2009-12-17,,,,3716.2152504823844
2009-12-18,,,,3621.800696266501
2009-12-21,,,,3627.017590427867
2009-12-22,,,,3529.754673254995
2009-12-23,,,,3562.791599881574
2009-12-24,,,,3672.070729242172
2009-12-25,,,,3657.083643862748
2009-12-28,,,,3714.3775969617463
2009-12-29,,,,3738.1956284264584
2009-12-30,,,,3800.2572714928892
2009-12-31,,,,3818.2254392502373
2010-01-04,,,,3775.0201631427963
2010-01-05,,,,3805.7906504272546
2010-01-06,,,,3781.9624097763167
2010-01-07,,,,3706.924891016937
2010-01-08,,,,3716.184622923707
2010-01-11,,,,3718.236669355086
2010-01-12,,,,3774.693469183572
2010-01-13,,,,3653.204153096957
2010-01-14,,,,3704.352176088044
2010-01-15,,,,3718.971730763341
2010-01-18,,,,3738.134373309104
2010-01-19,,,,3745.3931047156234
2010-01-20,,,,3624.6796867821668
2010-01-21,,,,3639.7790732100743
2010-01-22,,,,3594.53195985748
2010-01-25,,,,3551.27563781891
2010-01-26,,,,3462.761993241519
2010-01-27,,,,3415.5240885749
2010-01-28,,,,3424.069177445866
2010-01-29,,,,3421.4964625169728
2010-02-01,,,,3366.5608314361266
2010-02-02,,,,3359.5981664301544
2010-02-03,,,,3449.857581852151
2010-02-04,,,,3437.1369358148463
2010-02-05,,,,3366.958989698931
2010-02-08,,,,3364.7231779154886
2010-02-09,,,,3384.161468489347
2010-02-10,,,,3432.144643750447
2010-02-11,,,,3438.8418699145495
2010-02-12,,,,3471.817541423773
2010-02-22,,,,3452.6651080642364
2010-02-23,,,,3415.5955528784802
2010-02-24,,,,3464.558810017254
2010-02-25,,,,3515.4311849802457
2010-02-26,,,,3504.2623352492574
2010-03-01,,,,3549.9178160508827
2010-03-02,,,,3535.8393482455513
2010-03-03,,,,3561.3010586926116
2010-03-04,,,,3471.062061643067
2010-03-05,,,,3480.873089606028
2010-03-08,,,,3509.081071147819
2010-03-09,,,,3530.101785586671
2010-03-10,,,,3502.15924288675
2010-03-11,,,,3498.963767598085
2010-03-12,,,,3452.430296781044
2010-03-15,,,,3399.097507937642
2010-03-16,,,,3421.2922787924576
2010-03-17,,,,3495.9826852201613
2010-03-18,,,,3489.203785566253
2010-03-19,,,,3517.3096752457864
2010-03-22,,,,3526.661289828588
2010-03-23,,,,3497.7692928096703
2010-03-24,,,,3498.9433492256335
2010-03-25,,,,3448.356831476963
2010-03-26,,,,3497.350716174414
2010-03-29,,,,3586.558585415157
2010-03-30,,,,3595.2772304519613
2010-03-31,,,,3572.7455564516954
2010-04-01,,,,3622.2192729017574
2010-04-02,,,,3638.676481097692
2010-04-06,,,,3636.328368265766
2010-04-07,,,,3616.900286878133
2010-04-08,,,,3573.9604496125617
2010-04-09,,,,3608.59000929036
2010-04-12,,,,3580.4228644934715
2010-04-13,,,,3623.413747690172
2010-04-14,,,,3636.226276403508
2010-04-15,,,,3626.4662943716758
2010-04-16,,,,3585.6091310961606
2010-04-19,,,,3393.410991209891
2010-04-20,,,,3390.266561852355
2010-04-21,,,,3458.0861859501183
2010-04-22,,,,3420.547008197977
2010-04-23,,,,3408.26535716838
2010-04-26,,,,3389.0210411328117
2010-04-27,,,,3321.0789068003396
2010-04-28,,,,3309.389388571837
2010-04-29,,,,3269.5633531051244
2010-04-30,,,,3277.77153883064
2010-05-04,,,,3226.6439342120043
2010-05-05,,,,3244.9081683698996
2010-05-06,,,,3097.058733448357
2010-05-07,,,,3032.904207205644
2010-05-10,,,,3055.9565497034237
2010-05-11,,,,2994.5687129278926
2010-05-12,,,,3013.3638247695276
2010-05-13,,,,3086.8801747812686
2010-05-14,,,,3067.002889199702
2010-05-17,,,,2903.2169145797393
2010-05-18,,,,2964.60475135527
2010-05-19,,,,2954.916233627018
2010-05-20,,,,2916.570530163041
2010-05-21,,,,2962.3383120131493
2010-05-24,,,,3075.251911670121
2010-05-25,,,,3011.6486814835994
2010-05-26,,,,3011.679309042276
2010-05-27,,,,3062.735449357332
2010-05-28,,,,3052.607936621372
2010-05-31,,,,2970.219803779441
2010-06-01,,,,2939.0919949770805
2010-06-02,,,,2953.517575114088
2010-06-03,,,,2930.9450643689192
2010-06-04,,,,2940.61316372472
2010-06-07,,,,2888.6177782768937
2010-06-08,,,,2892.6810343947486
2010-06-09,,,,2982.0522506151033
2010-06-10,,,,2948.3823544425272
2010-06-11,,,,2958.050453798328
2010-06-17,,,,2941.072577104879
2010-06-18,,,,2891.884717869139
2010-06-21,,,,2982.858776326939
2010-06-22,,,,2986.493246623312
2010-06-23,,,,2959.704341966902
2010-06-24,,,,2960.2250104644163
2010-06-25,,,,2937.8771018162142
2010-06-28,,,,2916.989106798297
2010-06-29,,,,2783.7592265520516
2010-06-30,,,,2752.866229032884
2010-07-01,,,,2714.775755224551
2010-07-02,,,,2724.464272952803
2010-07-05,,,,2702.9126808302112
2010-07-06,,,,2757.4501536482526
2010-07-07,,,,2776.3881940970487
2010-07-08,,,,2772.896652407837
2010-07-09,,,,2849.5165950322103
2010-07-12,,,,2881.0119345386984
2010-07-13,,,,2837.4493369133547
2010-07-14,,,,2858.204612510337
2010-07-15,,,,2809.813069800206
2010-07-16,,,,2818.2152300640114
2010-07-19,,,,2890.006227603598
2010-07-20,,,,2954.6610039713737
2010-07-21,,,,2960.9498626864456
2010-07-22,,,,2997.7131422854286
2010-07-23,,,,3010.627762861023
2010-07-26,,,,3030.0047983175264
2010-07-27,,,,3013.710937101204
2010-07-28,,,,3087.0435217608806
2010-07-29,,,,3102.8371328521407
2010-07-30,,,,3093.2915437310494
2010-08-02,,,,3145.511531275842
2010-08-03,,,,3090.1981603046424
2010-08-04,,,,3101.509938642791
2010-08-05,,,,3073.894089902094
2010-08-06,,,,3124.49081683699
2010-08-09,,,,3146.787679554063
2010-08-10,,,,3054.4762177006874
2010-08-11,,,,3073.4346765219348
2010-08-12,,,,3036.957254137273
2010-08-13,,,,3079.182448367041
2010-08-16,,,,3150.932609161724
2010-08-17,,,,3172.7190125675083
2010-08-18,,,,3167.420444916336
2010-08-19,,,,3187.011873283581
2010-08-20,,,,3125.4811079008896
2010-08-23,,,,3123.2759236761244
2010-08-24,,,,3140.1312901348633
2010-08-25,,,,3065.930924645997
2010-08-26,,,,3073.5776051290954
2010-08-27,,,,3082.7352451736074
2010-08-30,,,,3143.6126226378497
2010-08-31,,,,3130.861349041868
2010-09-01,,,,3110.218374493369
2010-09-02,,,,3150.493614154016
2010-09-03,,,,3149.2174658757954
2010-09-06,,,,3208.4001184265603
2010-09-07,,,,3217.0472991597844
2010-09-08,,,,3214.740023072761
2010-09-09,,,,3156.2720135577993
2010-09-10,,,,3162.846729487193
2010-09-13,,,,3196.516625659769
2010-09-14,,,,3199.477289665241
2010-09-15,,,,3143.5717858929465
2010-09-16,,,,3084.1645312452147
2010-09-17,,,,3088.0542311972317
2010-09-20,,,,3075.599024001797
2010-09-21,,,,3083.858255658442
2010-09-27,,,,3135.179834815367
2010-09-28,,,,3109.146409939664
2010-09-29,,,,3102.561484824045
2010-09-30,,,,3168.1452971383655
2010-10-08,,,,3285.408010127513
2010-10-11,,,,3381.0885034353914
2010-10-12,,,,3424.079386632092
2010-10-13,,,,3472.481138528448
2010-10-14,,,,3479.5663137691295
2010-10-15,,,,3591.316066196364
2010-10-18,,,,3568.0901675327464
2010-10-19,,,,3643.1072679196745
2010-10-20,,,,3665.9962634378417
2010-10-21,,,,3642.035303365969
2010-10-22,,,,3646.323161580791
2010-10-25,,,,3756.868230033384
2010-10-26,,,,3740.67646067932
2010-10-27,,,,3673.5408520586825
2010-10-28,,,,3666.8640442670317
2010-10-29,,,,3647.752447652398
2010-11-01,,,,3748.1393758103545
2010-11-02,,,,3737.4911945768804
2010-11-03,,,,3691.315045277741
2010-11-04,,,,3756.2454696736127
2010-11-05,,,,3799.7263938091496
2010-11-08,,,,3829.7005645679988
2010-11-09,,,,3803.1362620085556
2010-11-10,,,,3776.3167297934683
2010-11-11,,,,3788.0470847668735
2010-11-12,,,,3552.6232504007107
2010-11-15,,,,3577.5132464191283
2010-11-16,,,,3420.6388908740087
2010-11-17,,,,3349.807556839645
2010-11-18,,,,3397.3517370930363
2010-11-19,,,,3430.6847301201624
2010-11-22,,,,3423.232024175353
2010-11-23,,,,3353.3399352737597
2010-11-24,,,,3428.734775551041
2010-11-25,,,,3478.861879919552
2010-11-26,,,,3447.9586732141584
2010-11-29,,,,3442.7724066114693
2010-11-30,,,,3385.509081071148
2010-12-01,,,,3384.4677440761197
2010-12-02,,,,3405.008626762361
2010-12-03,,,,3408.38786740309
2010-12-06,,,,3416.3816602178645
2010-12-07,,,,3453.91062878378
2010-12-08,,,,3423.201396616676
2010-12-09,,,,3370.8384804647226
2010-12-10,,,,3412.5021694520733
2010-12-13,,,,3519.4433951669716
2010-12-14,,,,3528.5193617216773
2010-12-15,,,,3504.9565599126095
2010-12-16,,,,3486.641279823585
2010-12-17,,,,3481.240620310155
2010-12-20,,,,3430.511173954324
2010-12-21,,,,3506.9779787853113
2010-12-22,,,,3470.2249083725537
2010-12-23,,,,3441.25123786383
2010-12-24,,,,3413.5639248195525
2010-12-27,,,,3345.305305714082
2010-12-28,,,,3286.183908280671
2010-12-29,,,,3304.427724066115
2010-12-30,,,,3306.867719574073
2010-12-31,,,,3376.1166297434434
2011-01-04,,,,3442.4048759073416
2011-01-05,,,,3427.274861920757
2011-01-06,,,,3409.9907096405345
2011-01-07,,,,3417.52508907515
2011-01-10,,,,3354.452736572368
2011-01-11,,,,3372.5127870057477
2011-01-12,,,,3391.307898847383
2011-01-13,,,,3390.174679176323
2011-01-14,,,,3336.831681146696
2011-01-17,,,,3210.0131698502314
2011-01-18,,,,3213.576175843024
2011-01-19,,,,3286.102234790865
2011-01-20,,,,3178.027789404907
2011-01-21,,,,3219.844616185644
2011-01-24,,,,3188.298230748027
2011-01-25,,,,3171.4939102204166
2011-01-26,,,,3214.4133291135367
2011-01-27,,,,3266.255576767976
2011-01-28,,,,3277.342753009158
2011-01-31,,,,3320.2621719022777
2011-02-01,,,,3321.099325172791
2011-02-09,,,,3281.8858408796236
2011-02-10,,,,3350.1138324264175
2011-02-11,,,,3368.2351379771517
2011-02-14,,,,3474.2983736766346
2011-02-15,,,,3472.7057406254153
2011-02-16,,,,3506.0081060938637
2011-02-17,,,,3503.1801615093264
2011-02-18,,,,3466.457718655246
2011-02-21,,,,3516.1356188298237
2011-02-22,,,,3414.3296137864854
2011-02-23,,,,3426.376453532889
2011-02-24,,,,3443.8545803514003
2011-02-25,,,,3451.062265826791
2011-02-28,,,,3496.3297975518376
2011-03-01,,,,3512.8788884238043
2011-03-02,,,,3500.362426111015
2011-03-03,,,,3477.075272330043
2011-03-04,,,,3529.9078110483815
2011-03-07,,,,3598.809608886076
2011-03-08,,,,3601.984665802289
2011-03-09,,,,3603.5058345499283
2011-03-10,,,,3540.259925881308
2011-03-11,,,,3504.7727945605457
2011-03-14,,,,3521.5464875294792
2011-03-15,,,,3457.91262978428
2011-03-16,,,,3505.650784575962
2011-03-17,,,,3450.5109697706
2011-03-18,,,,3470.561811518004
2011-03-21,,,,3461.31228879746
2011-03-22,,,,3478.412675725618
2011-03-23,,,,3523.7108350093417
2011-03-24,,,,3509.0708619615934
2011-03-25,,,,3555.6043327786347
2011-03-28,,,,3551.387938867393
2011-03-29,,,,3516.2172923196295
2011-03-30,,,,3514.1652458882504
2011-03-31,,,,3479.2600381823563
2011-04-01,,,,3532.623454584435
2011-04-06,,,,3574.0114955436907
2011-04-07,,,,3588.426866494472
2011-04-08,,,,3619.6567671590897
2011-04-11,,,,3598.1460117814013
2011-04-12,,,,3590.958744678462
2011-04-13,,,,3639.809700768752
2011-04-14,,,,3619.9426243734115
2011-04-15,,,,3625.7516513358723
2011-04-18,,,,3626.343784136967
2011-04-19,,,,3557.7686802584967
2011-04-20,,,,3557.7074251411423
2011-04-21,,,,3581.402946371145
2011-04-22,,,,3562.60783452951
2011-04-25,,,,3508.23370869108
2011-04-26,,,,3488.1318210125473
2011-04-27,,,,3464.9671774662843
2011-04-28,,,,3413.4414145848436
2011-04-29,,,,3447.0500556400652
2011-05-03,,,,3466.927341221631
2011-05-04,,,,3378.352441526886
2011-05-05,,,,3375.2386397280275
2011-05-06,,,,3370.2667660360794
2011-05-09,,,,3379.3529417770114
2011-05-10,,,,3404.6819328031365
2011-05-11,,,,3396.2695633531052
2011-05-12,,,,3349.531908811549
2011-05-13,,,,3378.4851609478214
2011-05-16,,,,3348.7968474032937
2011-05-17,,,,3365.8972343314517
2011-05-18,,,,3391.2364345438027
2011-05-19,,,,3371.083500934141
2011-05-20,,,,3372.206511418975
2011-05-23,,,,3265.7451174566877
2011-05-24,,,,3269.3897969392865
2011-05-25,,,,3230.7173995160847
2011-05-26,,,,3217.9559167338775
2011-05-27,,,,3202.2848158773268
2011-05-30,,,,3193.2292676950724
2011-05-31,,,,3244.673357086707
2011-06-01,,,,3248.236363079499
2011-06-02,,,,3196.036793907158
2011-06-03,,,,3231.0440934753096
2011-06-07,,,,3250.809078008392
2011-06-08,,,,3255.566558789599
2011-06-09,,,,3196.935202295025
2011-06-10,,,,3210.993251727905
2011-06-13,,,,3201.713101448684
2011-06-14,,,,3248.7366132045618
2011-06-15,,,,3217.6802687057816
2011-06-16,,,,3170.8507314881936
2011-06-17,,,,3143.68408694143
2011-06-20,,,,3125.8180110463395
2011-06-21,,,,3163.714510316383
2011-06-22,,,,3163.8166021786406
2011-06-23,,,,3218.9972537289054
2011-06-24,,,,3297.3527580116593
2011-06-27,,,,3307.1739951608456
2011-06-28,,,,3313.1667874753707
2011-06-29,,,,3269.2774958908026
2011-06-30,,,,3317.1381609171935
2011-07-01,,,,3324.4887749997447
2011-07-04,,,,3403.8039427877206
2011-07-05,,,,3405.314902349134
2011-07-06,,,,3396.044961256139
2011-07-07,,,,3383.2222233565767
2011-07-08,,,,3392.012332696961
2011-07-11,,,,3396.5656297536525
2011-07-12,,,,3335.3615583301857
2011-07-13,,,,3389.4498269542937
2011-07-14,,,,3400.2715643536053
2011-07-15,,,,3415.1871854294495
2011-07-18,,,,3408.622678686282
2011-07-19,,,,3379.0772937489155
2011-07-20,,,,3375.1978029831243
2011-07-21,,,,3340.588661677778
2011-07-22,,,,3350.389480454513
2011-07-25,,,,3241.5493461016226
2011-07-26,,,,3251.942297679452
2011-07-27,,,,3276.291206827904
2011-07-28,,,,3255.566558789599
2011-07-29,,,,3246.0209696685083
2011-08-01,,,,3252.473175363192
2011-08-02,,,,3229.1656032097685
2011-08-03,,,,3227.532133413646
2011-08-04,,,,3233.4738797970413
2011-08-05,,,,3164.776265683862
2011-08-08,,,,3051.8422476544397
2011-08-09,,,,3056.5282641320664
2011-08-10,,,,3084.848546722341
2011-08-11,,,,3131.606619636349
2011-08-12,,,,3140.9990709640538
2011-08-15,,,,3187.522332594869
2011-08-16,,,,3165.3377709262795
2011-08-17,,,,3152.7804718685875
2011-08-18,,,,3096.241998550296
2011-08-19,,,,3067.186654551766
2011-08-22,,,,3034.547886187992
2011-08-23,,,,3082.122694000061
2011-08-24,,,,3070.2187828608185
2011-08-25,,,,3172.7292217537342
2011-08-26,,,,3169.8604404242938
2011-08-29,,,,3116.9768557748266
2011-08-30,,,,3104.878970097294
2011-08-31,,,,3110.3817214729816
2011-09-01,,,,3097.0076875172285
2011-09-02,,,,3063.77678635236
2011-09-05,,,,2998.172555665588
2011-09-06,,,,2975.763391900032
2011-09-07,,,,3036.7224428540803
2011-09-08,,,,3011.5976355524704
2011-09-09,,,,3006.12551173546
2011-09-13,,,,2972.455615562884
2011-09-14,,,,2986.4728282508604
2011-09-15,,,,2982.389153760554
2011-09-16,,,,2987.7898132739842
2011-09-19,,,,2928.229420832866
2011-09-20,,,,2939.8883115026906
2011-09-21,,,,3028.5959306183704
2011-09-22,,,,2935.345223632224
2011-09-23,,,,2917.652703902972
2011-09-26,,,,2853.651315453645
2011-09-27,,,,2883.125236087432
2011-09-28,,,,2853.2939939357434
2011-09-29,,,,2828.812365366357
2011-09-30,,,,2821.3392410490965
2011-10-10,,,,2794.8157752345564
2011-10-11,,,,2789.251768741514
2011-10-12,,,,2890.6391971495955
2011-10-13,,,,2910.1387428408084
2011-10-14,,,,2900.5012710436854
2011-10-17,,,,2914.8962236220154
2011-10-18,,,,2833.2023154434364
2011-10-19,,,,2823.268777245766
2011-10-20,,,,2754.897857091811
2011-10-21,,,,2741.064409755899
2011-10-24,,,,2816.255066308665
2011-10-25,,,,2869.547018407163
2011-10-26,,,,2898.2246225153394
2011-10-27,,,,2904.5951547202176
2011-10-28,,,,2960.9294443139943
2011-10-31,,,,2945.9423589345693
2011-11-01,,,,2948.372145256302
2011-11-02,,,,2997.4068666986554
2011-11-03,,,,2999.489540688712
2011-11-04,,,,3020.7450664107564
2011-11-07,,,,2990.6892221621015
2011-11-08,,,,2981.3580259517516
2011-11-09,,,,3007.52417024839
2011-11-10,,,,2950.61816622597
2011-11-11,,,,2945.687129278925
2011-11-14,,,,3006.0132106869764
2011-11-15,,,,2999.9897908137746
2011-11-16,,,,2918.489857173485
2011-11-17,,,,2909.638492715746
2011-11-18,,,,2848.9448806035675
2011-11-21,,,,2852.436422292779
2011-11-22,,,,2852.201611009587
2011-11-23,,,,2824.3713693581485
2011-11-24,,,,2829.731192126676
2011-11-25,,,,2809.0269624608222
2011-11-28,,,,2812.834988923033
2011-11-29,,,,2851.3644577390737
2011-11-30,,,,2756.214842114935
2011-12-01,,,,2824.085512143827
2011-12-02,,,,2795.33644373207
2011-12-05,,,,2756.0719135077743
2011-12-06,,,,2750.5589529458607
2011-12-07,,,,2763.5450378250353
2011-12-08,,,,2760.022868577146
2011-12-09,,,,2736.4804851405297
2011-12-12,,,,2708.3133403436414
2011-12-13,,,,2647.354289389593
2011-12-14,,,,2620.6368490367636
2011-12-15,,,,2558.667088646364
2011-12-16,,,,2612.59201029086
2011-12-19,,,,2606.343988320691
2011-12-20,,,,2598.4216598094968
2011-12-21,,,,2556.9213178017585
2011-12-22,,,,2559.3613133097165
2011-12-23,,,,2578.8404406284776
2011-12-26,,,,2553.194964829354
2011-12-27,,,,2519.678206450164
2011-12-28,,,,2522.8430541801517
2011-12-29,,,,2526.5898255250077
2011-12-30,,,,2564.169840022052
2012-01-04,,,,2512.807424120224
2012-01-05,,,,2488.356423109514
2012-01-06,,,,2503.8948045451302
2012-01-09,,,,2589.1313003440496
2012-01-10,,,,2675.23557697216
2012-01-11,,,,2662.402629886372
2012-01-12,,,,2661.9840532511157
2012-01-13,,,,2617.288235954712
2012-01-16,,,,2564.0677481597945
2012-01-17,,,,2689.7224122265216
2012-01-18,,,,2647.742238466172
2012-01-19,,,,2698.1960367939073
2012-01-20,,,,2737.256383293688
2012-01-30,,,,2689.8551316474563
2012-01-31,,,,2693.724413227022
2012-02-01,,,,2655.1745260385296
2012-02-02,,,,2717.746628416249
2012-02-03,,,,2739.4513583322278
2012-02-06,,,,2737.5218221355576
2012-02-07,,,,2686.83321252463
2012-02-08,,,,2763.6573388735187
2012-02-09,,,,2764.7497217996756
2012-02-10,,,,2769.548039325786
2012-02-13,,,,2767.751222550051
2012-02-14,,,,2756.960112709416
2012-02-15,,,,2787.015956958071
2012-02-16,,,,2772.222846116936
2012-02-17,,,,2773.335647415545
2012-02-20,,,,2777.2866024849163
2012-02-21,,,,2801.0637972047252
2012-02-22,,,,2839.348245551347
2012-02-23,,,,2848.9448806035675
2012-02-24,,,,2894.590152218967
2012-02-27,,,,2903.9417668017686
2012-02-28,,,,2910.3837633102266
2012-02-29,,,,2879.429510673704
2012-03-01,,,,2878.5515206582886
2012-03-02,,,,2929.4851507386347
2012-03-05,,,,2910.638992965871
2012-03-06,,,,2865.1162315851802
2012-03-07,,,,2845.392083797001
2012-03-08,,,,2881.2263274494394
2012-03-09,,,,2912.3949729967026
2012-03-12,,,,2901.5732355973905
2012-03-13,,,,2930.7510898306296
2012-03-14,,,,2847.70956907025
2012-03-15,,,,2826.331533113496
2012-03-16,,,,2867.8318751212346
2012-03-19,,,,2874.9374687343675
2012-03-20,,,,2825.126849138855
2012-03-21,,,,2828.7817378076797
2012-03-22,,,,2824.3611601719226
2012-03-23,,,,2790.681054813121
2012-03-26,,,,2793.5192085838844
2012-03-27,,,,2784.443242029178
2012-03-28,,,,2705.4751865728786
2012-03-29,,,,2670.835417708855
2012-03-30,,,,2683.709201539545
2012-04-05,,,,2747.077620442875
2012-04-06,,,,2754.7243009259737
2012-04-09,,,,2727.741421731274
2012-04-10,,,,2754.68346418107
2012-04-11,,,,2755.020367326521
2012-04-12,,,,2810.354156670172
2012-04-13,,,,2821.298404304193
2012-04-16,,,,2814.2949025533176
2012-04-17,,,,2779.13446519178
2012-04-18,,,,2842.6458127022697
2012-04-19,,,,2838.5927657706407
2012-04-20,,,,2872.2524527569913
2012-04-23,,,,2849.5063858459844
2012-04-24,,,,2848.5977682718913
2012-04-25,,,,2871.6909475145735
2012-04-26,,,,2877.8572959949365
2012-04-27,,,,2872.027850660024
2012-05-02,,,,2934.722463272453
2012-05-03,,,,2943.512572612837
2012-05-04,,,,2970.423987503956
2012-05-07,,,,2974.180968035038
2012-05-08,,,,2964.7068432175274
2012-05-09,,,,2908.403181182428
2012-05-10,,,,2908.321507692622
2012-05-11,,,,2886.310502189871
2012-05-14,,,,2863.033557595124
2012-05-15,,,,2865.228532633664
2012-05-16,,,,2819.0932200794277
2012-05-17,,,,2862.165776765934
2012-05-18,,,,2818.9605006584925
2012-05-21,,,,2833.5800553337895
2012-05-22,,,,2877.785831691356
2012-05-23,,,,2866.147359393983
2012-05-24,,,,2842.71727700585
2012-05-25,,,,2818.684852630397
2012-05-28,,,,2865.0141397229227
2012-05-29,,,,2904.7176649549265
2012-05-30,,,,2895.2945860685445
2012-05-31,,,,2886.780124756256
2012-06-01,,,,2888.382966993701
2012-06-04,,,,2807.46495696828
2012-06-05,,,,2807.607885575441
2012-06-06,,,,2806.352155669672
2012-06-07,,,,2793.2843973006916
2012-06-08,,,,2774.9793263978927
2012-06-11,,,,2815.213729313637
2012-06-12,,,,2796.8576124797096
2012-06-13,,,,2842.074098273627
2012-06-14,,,,2822.2070218782865
2012-06-15,,,,2831.497381343733
2012-06-18,,,,2846.964298475769
2012-06-19,,,,2822.697062817123
2012-06-20,,,,2817.582260518014
2012-06-21,,,,2773.447948464028
2012-06-25,,,,2714.377596961747
2012-06-26,,,,2718.5225265694075
2012-06-27,,,,2710.038692815796
2012-06-28,,,,2686.8025849659525
2012-06-29,,,,2726.6796663637942
2012-07-02,,,,2731.5188206348075
2012-07-03,,,,2735.5208216353076
2012-07-04,,,,2731.580075752162
2012-07-05,,,,2695.5926943063373
2012-07-06,,,,2743.7800532919523
2012-07-09,,,,2681.8205020877786
2012-07-10,,,,2671.8154995865284
2012-07-11,,,,2693.4896019438293
2012-07-12,,,,2720.247879041562
2012-07-13,,,,2722.4224357076496
2012-07-16,,,,2666.680278914968
2012-07-17,,,,2683.1476962971283
2012-07-18,,,,2683.6275280497393
2012-07-19,,,,2696.337964900818
2012-07-20,,,,2667.813498586028
2012-07-23,,,,2631.1114741043993
2012-07-24,,,,2642.85203826403
2012-07-25,,,,2625.2411920245836
2012-07-26,,,,2611.285234453962
2012-07-27,,,,2613.2147706506316
2012-07-30,,,,2598.707517023818
2012-07-31,,,,2595.5120417351536
2012-08-01,,,,2624.1385999122012
2012-08-02,,,,2599.5242519218796
2012-08-03,,,,2621.1268899756
2012-08-06,,,,2656.7263223448463
2012-08-07,,,,2660.3607926412187
2012-08-08,,,,2661.9432165062126
2012-08-09,,,,2686.3840083306964
2012-08-10,,,,2673.163112168329
2012-08-13,,,,2620.25910914641
2012-08-14,,,,2625.9252075017102
2012-08-15,,,,2597.625343283887
2012-08-16,,,,2584.445283866423
2012-08-17,,,,2578.258517013609
2012-08-20,,,,2565.3336872517893
2012-08-21,,,,2578.6362569039625
2012-08-22,,,,2558.4935324805265
2012-08-23,,,,2565.864564935529
2012-08-24,,,,2536.308970811937
2012-08-27,,,,2483.394758603792
2012-08-28,,,,2494.808628804198
2012-08-29,,,,2468.509765086625
2012-08-30,,,,2464.671111065737
2012-08-31,,,,2457.4225888454434
2012-09-03,,,,2485.528478524977
2012-09-04,,,,2458.8008289859217
2012-09-05,,,,2453.7472818041674
2012-09-06,,,,2473.7674959928945
2012-09-07,,,,2584.588212473584
2012-09-10,,,,2595.205766148381
2012-09-11,,,,2578.7179303937687
2012-09-12,,,,2587.8449428796034
2012-09-13,,,,2563.74105420057
2012-09-14,,,,2582.791395697849
2012-09-17,,,,2519.627160519035
2012-09-18,,,,2493.7366642504926
2012-09-19,,,,2506.0081060938633
2012-09-20,,,,2449.90862778328
2012-09-21,,,,2453.3797511000403
2012-09-24,,,,2471.7358679339673
2012-09-25,,,,2465.7532848056685
2012-09-26,,,,2437.8413696644243
2012-09-27,,,,2512.4092658574186
2012-09-28,,,,2558.6466702739126
2012-10-08,,,,2532.9297301712086
2012-10-09,,,,2588.8352339435023
2012-10-10,,,,2593.2456023930336
2012-10-11,,,,2569.1621320864515
2012-10-12,,,,2571.3979438698943
2012-10-15,,,,2560.596624843034
2012-10-16,,,,2564.2923502567614
2012-10-17,,,,2567.232595889782
2012-10-18,,,,2606.650263907464
2012-10-19,,,,2602.760563955447
2012-10-22,,,,2612.939122622536
2012-10-23,,,,2580.0349154168925
2012-10-24,,,,2575.2468070770083
2012-10-25,,,,2556.7885983808233
2012-10-26,,,,2508.4276832293704
2012-10-29,,,,2494.9821849700365
2012-10-30,,,,2499.4742269093736
2012-10-31,,,,2516.145828016049
2012-11-01,,,,2564.2004675807293
2012-11-02,,,,2574.1748425233027
2012-11-05,,,,2568.7129278925177
2012-11-06,,,,2557.9218180518833
2012-11-07,,,,2552.6742963318393
2012-11-08,,,,2505.6916213208647
2012-11-09,,,,2500.7401660013684
2012-11-12,,,,2512.929934354933
2012-11-13,,,,2468.948760094333
2012-11-14,,,,2480.852671233576
2012-11-15,,,,2447.9484640279325
2012-11-16,,,,2429.663811497586
2012-11-19,,,,2427.1523516860475
2012-11-20,,,,2415.8814100928016
2012-11-21,,,,2449.367540913314
2012-11-22,,,,2430.0109238292616
2012-11-23,,,,2446.8969178466787
2012-11-26,,,,2427.8363671631737
2012-11-27,,,,2399.985707139284
2012-11-28,,,,2376.014537881186
2012-11-29,,,,2360.9661973844068
2012-11-30,,,,2387.734683668365
2012-12-03,,,,2353.3501444599856
2012-12-04,,,,2378.5974619963044
2012-12-05,,,,2463.8543761676756
2012-12-06,,,,2459.086686200243
2012-12-07,,,,2507.243417627181
2012-12-10,,,,2534.34880705659
2012-12-11,,,,2520.3520127410648
2012-12-12,,,,2530.6939183877657
2012-12-13,,,,2502.6492838255863
2012-12-14,,,,2628.998172555666
2012-12-17,,,,2641.0960582331986
2012-12-18,,,,2642.6784820981925
2012-12-19,,,,2646.0168859940177
2012-12-20,,,,2661.3102469602154
2012-12-21,,,,2647.007177057917
2012-12-24,,,,2657.298036773489
2012-12-25,,,,2732.2640912292886
2012-12-26,,,,2742.5549509448606
2012-12-27,,,,2728.0170697593694
2012-12-28,,,,2767.5878755704384
2012-12-31,,,,2815.458749783055
2013-01-04,,,,2817.0922195791773
2013-01-07,,,,2830.0068401547715
2013-01-08,,,,2818.113138201754
2013-01-09,,,,2819.0013374033956
2013-01-10,,,,2823.963001909118
2013-01-11,,,,2771.130463190779
2013-01-14,,,,2876.5811477167153
2013-01-15,,,,2896.815754816184
2013-01-16,,,,2875.876713867138
2013-01-17,,,,2848.7202785066
2013-01-18,,,,2896.3563414360246
2013-01-21,,,,2913.599656971343
2013-01-22,,,,2897.979602045921
2013-01-23,,,,2909.761002950455
2013-01-24,,,,2882.196200140887
2013-01-25,,,,2869.8328756214846
2013-01-28,,,,2959.3163928903227
2013-01-29,,,,2986.105297546733
2013-01-30,,,,3000.4389950077084
2013-01-31,,,,2998.397157762555
2013-02-01,,,,3061.3878367755306
2013-02-04,,,,3066.6353584955746
2013-02-05,,,,3093.02610488918
2013-02-06,,,,3097.671284621903
2013-02-07,,,,3079.8460454717156
2013-02-08,,,,3093.0771508203084
2013-02-18,,,,3054.853957591041
2013-02-19,,,,2996.978080877174
2013-02-20,,,,3015.977376443324
2013-02-21,,,,2913.211707894764
2013-02-22,,,,2897.6529080866967
2013-02-25,,,,2906.9738951108206
2013-02-26,,,,2865.279578564793
2013-02-27,,,,2895.49876979306
2013-02-28,,,,2983.2671437759695
2013-03-01,,,,2978.254433339119
2013-03-04,,,,2840.869414298986
2013-03-05,,,,2926.89201743729
2013-03-06,,,,2957.4685301834593
2013-03-07,,,,2923.1758736511115
2013-03-08,,,,2909.1688701493604
2013-03-11,,,,2892.926054864167
2013-03-12,,,,2851.915753795265
2013-03-13,,,,2820.522506151035
2013-03-14,,,,2828.0977223305536
2013-03-15,,,,2834.345744300722
2013-03-18,,,,2792.631009382242
2013-03-19,,,,2817.9600004083673
2013-03-20,,,,2912.905432307991
2013-03-21,,,,2918.3775561250013
2013-03-22,,,,2922.0834907249546
2013-03-25,,,,2916.2642545762683
2013-03-26,,,,2873.8042490633075
2013-03-27,,,,2883.2681646945925
2013-03-28,,,,2789.272187113965
2013-03-29,,,,2784.5657522638876
2013-04-01,,,,2782.4422415289278
2013-04-02,,,,2774.856816163184
2013-04-03,,,,2771.712386805648
2013-04-08,,,,2759.155087747956
2013-04-09,,,,2778.276893548815
2013-04-10,,,,2773.6827597472206
2013-04-11,,,,2765.484783207931
2013-04-12,,,,2748.0781206929996
2013-04-15,,,,2719.9518126410144
2013-04-16,,,,2745.4033139018493
2013-04-17,,,,2744.14758399608
2013-04-18,,,,2751.2735959816646
2013-04-19,,,,2828.2610693101656
2013-04-22,,,,2824.871619483211
2013-04-23,,,,2734.265091729538
2013-04-24,,,,2785.729599493625
2013-04-25,,,,2754.8059744157795
2013-04-26,,,,2731.9067697113865
2013-05-02,,,,2734.5203213851823
2013-05-03,,,,2783.493787710182
2013-05-06,,,,2820.4102051025516
2013-05-07,,,,2824.881828669437
2013-05-08,,,,2839.2461536890896
2013-05-09,,,,2822.5847617686395
2013-05-10,,,,2837.183898071485
2013-05-13,,,,2825.974211595594
2013-05-14,,,,2784.3513593531466
2013-05-15,,,,2799.7161846229237
2013-05-16,,,,2852.0893099611035
2013-05-17,,,,2896.2134128288635
2013-05-20,,,,2916.7645047013307
2013-05-21,,,,2922.685832712275
2013-05-22,,,,2926.7082520852264
2013-05-23,,,,2888.3421302487977
2013-05-24,,,,2904.8605935620876
2013-05-27,,,,2907.9233494298173
2013-05-28,,,,2958.183173219263
2013-05-29,,,,2956.21280027769
2013-05-30,,,,2947.2082980265645
2013-05-31,,,,2916.5194842319124
2013-06-03,,,,2916.3255096936227
2013-06-04,,,,2875.3662545558495
2013-06-05,,,,2870.9354677338674
2013-06-06,,,,2835.8362854896836
2013-06-07,,,,2790.0582944533494
2013-06-13,,,,2700.5033128809305
2013-06-14,,,,2719.931394268563
2013-06-17,,,,2705.8120897183285
2013-06-18,,,,2724.178415738482
2013-06-19,,,,2705.117865054977
2013-06-20,,,,2616.25710814591
2013-06-21,,,,2613.347490071567
2013-06-24,,,,2448.6528978775104
2013-06-25,,,,2442.5375953282764
2013-06-26,,,,2448.2343212422543
2013-06-27,,,,2441.8025339200212
2013-06-28,,,,2489.2548314973815
2013-07-01,,,,2505.0892793335447
2013-07-02,,,,2514.9513532276346
2013-07-03,,,,2496.921930352932
2013-07-04,,,,2518.422476544395
2013-07-05,,,,2525.08907514982
2013-07-08,,,,2455.7993282355465
2013-07-09,,,,2454.8907106614533
2013-07-10,,,,2524.8236363079504
2013-07-11,,,,2646.4456718154997
2013-07-12,,,,2588.2941470735373
2013-07-15,,,,2624.740941899521
2013-07-16,,,,2636.9409194393115
2013-07-17,,,,2597.747853518596
2013-07-18,,,,2555.777888944472
2013-07-19,,,,2493.5222713397516
2013-07-22,,,,2509.6834131351393
2013-07-23,,,,2582.2503088278836
2013-07-24,,,,2564.4659064225993
2013-07-25,,,,2552.419066676195
2013-07-26,,,,2537.1359148962238
2013-07-29,,,,2482.4555134710217
2013-07-30,,,,2497.7590836234444
2013-07-31,,,,2502.588028708232
2013-08-01,,,,2562.3219773151886
2013-08-02,,,,2564.578207471083
2013-08-05,,,,2600.259313330135
2013-08-06,,,,2617.9314146869356
2013-08-07,,,,2603.0668395422204
2013-08-08,,,,2599.810109136201
2013-08-09,,,,2610.6012189768358
2013-08-12,,,,2686.863840083307
2013-08-13,,,,2694.0613163724724
2013-08-14,,,,2682.657655358292
2013-08-15,,,,2651.3869179487706
2013-08-16,,,,2631.7648620228483
2013-08-19,,,,2663.2193647844333
2013-08-20,,,,2641.6677726618414
2013-08-21,,,,2637.4615879368257
2013-08-22,,,,2632.602015293361
2013-08-23,,,,2613.1739339057285
2013-08-26,,,,2668.8037896499272
2013-08-27,,,,2674.8170003369037
2013-08-28,,,,2660.207654847832
2013-08-29,,,,2649.0796418617474
2013-08-30,,,,2644.046513052445
2013-09-02,,,,2651.3971271349965
2013-09-03,,,,2690.4268460760995
2013-09-04,,,,2686.087941930149
2013-09-05,,,,2675.8379189594802
2013-09-06,,,,2694.1736174209555
2013-09-09,,,,2788.8229829200313
2013-09-10,,,,2830.3539524864477
2013-09-11,,,,2839.491174158508
2013-09-12,,,,2868.1585690804586
2013-09-13,,,,2846.9438801033175
2013-09-16,,,,2834.9174587293646
2013-09-17,,,,2776.500495145532
2013-09-18,,,,2782.4320323427023
2013-09-23,,,,2827.9343753509406
2013-09-24,,,,2795.4487447805536
2013-09-25,,,,2778.4606589008795
2013-09-26,,,,2727.4555645169526
2013-09-27,,,,2739.5024042633563
2013-09-30,,,,2755.581872568938
2013-10-08,,,,2793.1006319486273
2013-10-09,,,,2806.566548580413
2013-10-10,,,,2778.8383987912325
2013-10-11,,,,2823.6669355085705
2013-10-14,,,,2828.281487682617
2013-10-15,,,,2822.5337158375105
2013-10-16,,,,2769.752223050301
2013-10-17,,,,2760.5537462608854
2013-10-18,,,,2775.152882563731
2013-10-21,,,,2826.9440842870417
2013-10-22,,,,2797.847903543609
2013-10-23,,,,2766.5057018305074
2013-10-24,,,,2745.934191585589
2013-10-25,,,,2709.3853048973465
2013-10-28,,,,2706.445059264326
2013-10-29,,,,2713.42814264275
2013-10-30,,,,2753.9381935865895
2013-10-31,,,,2715.3270512807426
2013-11-01,,,,2728.1906259252078
2013-11-04,,,,2723.034986881196
2013-11-05,,,,2726.832804157181
2013-11-06,,,,2692.284917969189
2013-11-07,,,,2677.3897152657964
2013-11-08,,,,2640.0955579830734
2013-11-11,,,,2649.181733724005
2013-11-12,,,,2676.756745719799
2013-11-13,,,,2617.410746189422
2013-11-14,,,,2636.1548120999278
2013-11-15,,,,2689.0383967493954
2013-11-18,,,,2778.4606589008795
2013-11-19,,,,2759.3082255413424
2013-11-20,,,,2773.8256883543813
2013-11-21,,,,2756.8273932884813
2013-11-22,,,,2743.065410256149
2013-11-25,,,,2732.3866014639975
2013-11-26,,,,2730.9981521372933
2013-11-27,,,,2761.9626139600414
2013-11-28,,,,2790.6095905095403
2013-11-29,,,,2789.956202591092
2013-12-02,,,,2766.8936509070863
2013-12-03,,,,2794.3461526681713
2013-12-04,,,,2831.3544527365725
2013-12-05,,,,2823.4117058529264
2013-12-06,,,,2805.2189359986114
2013-12-09,,,,2803.595675388715
2013-12-10,,,,2806.403201600801
2013-12-11,,,,2760.002450204694
2013-12-12,,,,2756.8580208471585
2013-12-13,,,,2752.998948453819
2013-12-16,,,,2708.711498606446
2013-12-17,,,,2695.500811630305
2013-12-18,,,,2696.4706843217527
2013-12-19,,,,2668.089146614124
2013-12-20,,,,2605.996875989015
2013-12-23,,,,2613.3985360026954
2013-12-24,,,,2617.563883982808
2013-12-25,,,,2636.8592459495053
2013-12-26,,,,2591.356902941267
2013-12-27,,,,2634.9909648701905
2013-12-30,,,,2630.396831068596
2013-12-31,,,,2665.363293891844
2014-01-02,,,,2656.154607916203
2014-01-03,,,,2620.463292870925
2014-01-06,,,,2560.8212269400005
2014-01-07,,,,2560.086165531746
2014-01-08,,,,2564.567998284857
2014-01-09,,,,2542.036324284591
2014-01-10,,,,2522.1692478892505
2014-01-13,,,,2509.3873467345916
2014-01-14,,,,2531.316678747537
2014-01-15,,,,2526.845055180652
2014-01-16,,,,2530.1834590764774
2014-01-17,,,,2492.03173015079
2014-01-20,,,,2477.7388694347173
2014-01-21,,,,2502.23070719033
2014-01-22,,,,2566.732345764719
2014-01-23,,,,2553.133709711999
2014-01-24,,,,2568.9069024308073
2014-01-27,,,,2534.8592663678783
2014-01-28,,,,2539.3717266796666
2014-01-29,,,,2548.4374840481464
2014-01-30,,,,2519.453604353197
2014-02-07,,,,2530.928729670958
2014-02-10,,,,2593.9091994977084
2014-02-11,,,,2614.5317556737555
2014-02-12,,,,2621.167726720503
2014-02-13,,,,2607.79369276475
2014-02-14,,,,2626.11918204
2014-02-17,,,,2644.5059264326046
2014-02-18,,,,2611.101469101898
2014-02-19,,,,2641.0858490469723
2014-02-20,,,,2616.8084042021014
2014-02-21,,,,2590.3359843186904
2014-02-24,,,,2533.389143551368
2014-02-25,,,,2468.6322753213344
2014-02-26,,,,2474.9211340364063
2014-02-27,,,,2464.283161989158
2014-02-28,,,,2492.725954814142
2014-03-03,,,,2505.7732948106704
2014-03-04,,,,2498.790211432247
2014-03-05,,,,2475.574521954855
2014-03-06,,,,2486.620861451134
2014-03-07,,,,2480.5872323917065
2014-03-10,,,,2399.852987718349
2014-03-11,,,,2412.2979857275577
2014-03-12,,,,2418.5562168839524
2014-03-13,,,,2448.530387642801
2014-03-14,,,,2428.510173454074
2014-03-17,,,,2451.623771069208
2014-03-18,,,,2446.008718645037
2014-03-19,,,,2426.2641524844057
2014-03-20,,,,2387.479454012721
2014-03-21,,,,2469.653193943911
2014-03-24,,,,2489.9592653469595
2014-03-25,,,,2487.5498973976787
2014-03-26,,,,2483.6601974456617
2014-03-27,,,,2466.3760451654402
2014-03-28,,,,2462.0881869506184
2014-03-31,,,,2455.615562883483
2014-04-01,,,,2474.8496697328255
2014-04-02,,,,2495.002603342488
2014-04-03,,,,2477.0140172126885
2014-04-04,,,,2500.4236812283693
2014-04-08,,,,2559.7492623862954
2014-04-09,,,,2561.2398035752576
2014-04-10,,,,2601.4435789323234
2014-04-11,,,,2597.9214096844344
2014-04-14,,,,2595.6345519698625
2014-04-15,,,,2550.846851997427
2014-04-16,,,,2554.5017406662514
2014-04-17,,,,2545.6707945809644
2014-04-18,,,,2545.2930546906105
2014-04-21,,,,2502.6901205704894
2014-04-22,,,,2513.634368204511
2014-04-23,,,,2511.276046186359
2014-04-24,,,,2507.0902798337943
2014-04-25,,,,2481.2814570550586
2014-04-28,,,,2443.701442558014
2014-04-29,,,,2470.602648262907
2014-04-30,,,,2471.5418933956776
2014-05-05,,,,2469.0406427703647
2014-05-06,,,,2470.122816510296
2014-05-07,,,,2447.2644485508063
2014-05-08,,,,2447.7136527447396
2014-05-09,,,,2445.896417596554
2014-05-12,,,,2498.83104817715
2014-05-13,,,,2492.8688834213026
2014-05-14,,,,2490.6126532654084
2014-05-15,,,,2458.229114557279
2014-05-16,,,,2460.791620299946
2014-05-19,,,,2425.733274800666
2014-05-20,,,,2426.458127022695
2014-05-21,,,,2449.71465324499
2014-05-22,,,,2444.8040346703965
2014-05-23,,,,2465.77370317812
2014-05-26,,,,2474.8905064777286
2014-05-27,,,,2465.1815703770253
2014-05-28,,,,2490.7862094312463
2014-05-29,,,,2474.5229757736015
2014-05-30,,,,2476.156445569724
2014-06-03,,,,2469.0916887014937
2014-06-04,,,,2444.2323202417538
2014-06-05,,,,2470.3167910485854
2014-06-06,,,,2454.186276811876
2014-06-09,,,,2453.7983277352964
2014-06-10,,,,2484.824044675399
2014-06-11,,,,2484.2421210605307
2014-06-12,,,,2476.4320935978194
2014-06-13,,,,2503.547692213454
2014-06-16,,,,2522.3325948688635
2014-06-17,,,,2498.851466549602
2014-06-18,,,,2489.224203938704
2014-06-19,,,,2451.1847760615005
2014-06-20,,,,2465.1407336321226
2014-06-23,,,,2463.4766362773225
2014-06-24,,,,2479.719451562516
2014-06-25,,,,2468.958969280559
2014-06-26,,,,2487.7744994946456
2014-06-27,,,,2491.0618574593423
2014-06-30,,,,2508.7135404436913
2014-07-01,,,,2508.8054231197234
2014-07-02,,,,2516.7277516309177
2014-07-03,,,,2529.8976018621556
2014-07-04,,,,2528.886892425805
2014-07-07,,,,2526.457106104073
2014-07-08,,,,2531.316678747537
2014-07-09,,,,2495.5028534675503
2014-07-10,,,,2491.715245377791
2014-07-11,,,,2506.1408255147985
2014-07-14,,,,2535.379934865392
2014-07-15,,,,2539.4125634245697
2014-07-16,,,,2535.471817541424
2014-07-17,,,,2522.250921379057
2014-07-18,,,,2534.8286388092006
2014-07-21,,,,2537.350307806965
2014-07-22,,,,2568.5393717266797
2014-07-23,,,,2574.675092648365
2014-07-24,,,,2620.8512419475046
2014-07-25,,,,2649.2021520964568
2014-07-28,,,,2723.9027677103863
2014-07-29,,,,2733.182917989607
2014-07-30,,,,2724.3009259731907
2014-07-31,,,,2757.838102724832
2014-08-01,,,,2733.448356831477
2014-08-04,,,,2787.679554062746
2014-08-05,,,,2780.512705332258
2014-08-06,,,,2773.5602495125117
2014-08-07,,,,2731.590284938388
2014-08-08,,,,2736.950107706915
2014-08-11,,,,2777.123255505304
2014-08-12,,,,2767.424528590826
2014-08-13,,,,2769.711386305398
2014-08-14,,,,2742.7489254831503
2014-08-15,,,,2772.498494145032
2014-08-18,,,,2788.853610478709
2014-08-19,,,,2789.251768741514
2014-08-20,,,,2779.563251013262
2014-08-21,,,,2765.637921001317
2014-08-22,,,,2778.726097742749
2014-08-25,,,,2752.294514604241
2014-08-26,,,,2730.28350910149
2014-08-27,,,,2734.479484640279
2014-08-28,,,,2715.3066329082912
2014-08-29,,,,2747.0367836979717
2014-09-01,,,,2767.046788700473
2014-09-02,,,,2803.626302947392
2014-09-03,,,,2829.9149574787393
2014-09-04,,,,2850.343539116497
2014-09-05,,,,2877.4080918010027
2014-09-09,,,,2872.6710293922474
2014-09-10,,,,2857.64310726792
2014-09-11,,,,2847.0868087104777
2014-09-12,,,,2865.2081142612124
2014-09-15,,,,2863.8400833069595
2014-09-16,,,,2806.9340792845405
2014-09-17,,,,2821.696562566998
2014-09-18,,,,2830.32332492777
2014-09-19,,,,2850.0985186470784
2014-09-22,,,,2795.7039744361978
2014-09-23,,,,2819.8384906739084
2014-09-24,,,,2869.934967483742
2014-09-25,,,,2864.17698645241
2014-09-26,,,,2864.452634480506
2014-09-29,,,,2876.9486784208434
2014-09-30,,,,2880.6954497656993
2014-10-08,,,,2912.8952231217654
2014-10-09,,,,2917.091198660555
2014-10-10,,,,2899.306796255271
2014-10-13,,,,2885.381466243326
2014-10-14,,,,2875.529601535462
2014-10-15,,,,2895.876509683413
2014-10-16,,,,2872.987514165246
2014-10-17,,,,2869.853293993936
2014-10-20,,,,2885.10581821523
2014-10-21,,,,2860.0524752172005
2014-10-22,,,,2842.71727700585
2014-10-23,,,,2816.030464211698
2014-10-24,,,,2809.935580034916
2014-10-27,,,,2784.2288491184368
2014-10-28,,,,2840.4304192912787
2014-10-29,,,,2881.256955008116
2014-10-30,,,,2901.869301997938
2014-10-31,,,,2948.178170718012
2014-11-03,,,,2953.1398352237347
2014-11-04,,,,2953.8748966319895
2014-11-05,,,,2942.6243734111954
2014-11-06,,,,2945.707547651377
2014-11-07,,,,2941.1032046635564
2014-11-10,,,,3015.8344478361632
2014-11-11,,,,3007.462915131035
2014-11-12,,,,3049.432879705159
2014-11-13,,,,3032.352911149452
2014-11-14,,,,3033.9251258282206
2014-11-17,,,,3017.4781268185116
2014-11-18,,,,2987.2895631489214
2014-11-19,,,,2982.358526201877
2014-11-20,,,,2982.215597594716
2014-11-21,,,,3036.702024481629
2014-11-24,,,,3114.057028514257
2014-11-25,,,,3156.721217751733
2014-11-26,,,,3200.753437943462
2014-11-27,,,,3237.7515288256373
2014-11-28,,,,3301.6099886678035
2014-12-01,,,,3314.534818429623
2014-12-02,,,,3436.9225429041053
2014-12-03,,,,3488.1828669436763
2014-12-04,,,,3648.9877591857153
2014-12-05,,,,3673.1222754234263
2014-12-08,,,,3823.575052832539
2014-12-09,,,,3651.9994691223164
2014-12-10,,,,3786.750518116201
2014-12-11,,,,3741.452358832478
2014-12-12,,,,3753.458361833979
2014-12-15,,,,3781.839899541608
2014-12-16,,,,3883.1354452736578
2014-12-17,,,,3950.373145756552
2014-12-18,,,,3933.1298302212335
2014-12-19,,,,3976.896611571092
2014-12-22,,,,3990.199181223265
2014-12-23,,,,3908.4338087411056
2014-12-24,,,,3797.3068166736434
2014-12-25,,,,3920.7767148880566
2014-12-26,,,,4050.647772866025
2014-12-29,,,,4061.949342017948
2014-12-30,,,,4064.419965084583
2014-12-31,,,,4153.934109912099
2015-01-05,,,,4280.701575277435
2015-01-06,,,,4280.129860848792
2015-01-07,,,,4283.345754509908
2015-01-08,,,,4183.979744974528
2015-01-09,,,,4170.1667160110665
2015-01-12,,,,4131.198252187319
2015-01-13,,,,4131.739339057284
2015-01-14,,,,4118.079447887209
2015-01-15,,,,4237.649436963379
2015-01-16,,,,4274.137068534268
2015-01-19,,,,3944.921440311993
2015-01-20,,,,3993.2108911598657
2015-01-21,,,,4172.708803381282
2015-01-22,,,,4194.73001807026
2015-01-23,,,,4199.569172341274
2015-01-26,,,,4242.192524833847
2015-01-27,,,,4203.336362058581
2015-01-28,,,,4145.001071964554
2015-01-29,,,,4093.832630601015
2015-01-30,,,,4038.0904738083327
2015-02-02,,,,3943.522781799063
2015-02-03,,,,4041.6841073598025
2015-02-04,,,,3999.7345611581304
2015-02-05,,,,3958.785515206583
2015-02-06,,,,3894.682034894999
2015-02-09,,,,3934.069075354004
2015-02-10,,,,4005.8192361486867
2015-02-11,,,,4037.773989035334
2015-02-12,,,,4048.064848750906
2015-02-13,,,,4079.754162795684
2015-02-16,,,,4114.6287429429
2015-02-17,,,,4141.478902716664
2015-02-25,,,,4090.218578677094
2015-02-26,,,,4193.178221763944
2015-02-27,,,,4200.875948178171
2015-03-02,,,,4234.300823881329
2015-03-03,,,,4124.5214443956675
2015-03-04,,,,4151.4736960316895
2015-03-05,,,,4110.9330175291725
2015-03-06,,,,4089.9735582076755
2015-03-09,,,,4159.62062663985
2015-03-10,,,,4139.467693030189
2015-03-11,,,,4144.21496462517
2015-03-12,,,,4224.397913242336
2015-03-13,,,,4253.565558289349
2015-03-16,,,,4357.056079059938
2015-03-17,,,,4417.555716633828
2015-03-18,,,,4522.118201958122
2015-03-19,,,,4514.685914385765
2015-03-20,,,,4576.80881256955
2015-03-23,,,,4670.273912466438
2015-03-24,,,,4671.4275505099495
2015-03-25,,,,4633.061428673521
2015-03-26,,,,4644.332370266767
2015-03-27,,,,4669.845126644956
2015-03-30,,,,4806.801359863606
2015-03-31,,,,4763.330644914294
2015-04-01,,,,4848.791742810181
2015-04-02,,,,4849.833079805209
2015-04-03,,,,4903.635491214995
2015-04-07,,,,5008.871782830191
2015-04-08,,,,5050.923420894122
2015-04-09,,,,5011.750773345857
2015-04-10,,,,5108.503231207441
2015-04-13,,,,5199.11996814734
2015-04-14,,,,5219.558758971322
2015-04-15,,,,5152.300640115976
2015-04-16,,,,5308.817674143194
2015-04-17,,,,5405.958081081357
2015-04-20,,,,5318.669538851058
2015-04-21,,,,5433.043052138315
2015-04-22,,,,5575.083460097397
2015-04-23,,,,5576.380026748068
2015-04-24,,,,5531.459607354698
2015-04-27,,,,5654.898878010434
2015-04-28,,,,5577.584710722709
2015-04-29,,,,5615.961041745363
2015-04-30,,,,5589.161927902727
2015-05-04,,,,5633.92920950271
2015-05-05,,,,5409.286275790957
2015-05-06,,,,5358.076997682515
2015-05-07,,,,5260.130065032517
2015-05-08,,,,5364.610876867005
2015-05-11,,,,5520.239711692581
2015-05-12,,,,5587.477412175475
2015-05-13,,,,5553.582913905933
2015-05-14,,,,5533.225796571756
2015-05-15,,,,5435.503466018724
2015-05-18,,,,5385.9480760788565
2015-05-19,,,,5569.846147563579
2015-05-20,,,,5598.687098651367
2015-05-21,,,,5700.43184857735
2015-05-22,,,,5831.0481771498
2015-05-25,,,,6005.533378934365
2015-05-26,,,,6122.908392971996
2015-05-27,,,,6105.624240691775
2015-05-28,,,,5697.654949923942
2015-05-29,,,,5705.740625414748
2015-06-01,,,,5983.359026452003
2015-06-02,,,,6084.511643576891
2015-06-03,,,,6067.03351675838
2015-06-04,,,,6111.862053475718
2015-06-05,,,,6169.993159845229
2015-06-08,,,,6315.423017631266
2015-06-09,,,,6272.891547814724
2015-06-10,,,,6264.193321150372
2015-06-11,,,,6262.1923206501215
2015-06-12,,,,6296.423722065115
2015-06-15,,,,6162.724219252484
2015-06-16,,,,5979.744974528081
2015-06-17,,,,6067.380629090056
2015-06-18,,,,5822.115139202254
2015-06-19,,,,5479.025226899164
2015-06-23,,,,5659.513430184481
2015-06-24,,,,5771.018162142296
2015-06-25,,,,5566.272932384561
2015-06-26,,,,5129.82001204684
2015-06-29,,,,4958.724260089229
2015-06-30,,,,5292.860716072322
2015-07-01,,,,5033.812824779738
2015-07-02,,,,4862.247450255741
2015-07-03,,,,4609.86615756858
2015-07-06,,,,4744.484487141531
2015-07-07,,,,4665.210156098457
2015-07-08,,,,4352.125042112893
2015-07-09,,,,4631.468795622301
2015-07-10,,,,4882.247246072016
2015-07-13,,,,5008.136721421936
2015-07-14,,,,4889.730579575502
2015-07-15,,,,4717.450562015702
2015-07-16,,,,4754.458862084103
2015-07-17,,,,4941.062367918653
2015-07-20,,,,4951.914732876642
2015-07-21,,,,4960.776306520608
2015-07-22,,,,4952.527284050189
2015-07-23,,,,5064.777286602485
2015-07-24,,,,4976.212596093966
2015-07-27,,,,4551.449193984748
2015-07-28,,,,4542.475319292299
2015-07-29,,,,4684.648446672316
2015-07-30,,,,4547.702422639893
2015-07-31,,,,4549.315474063563
2015-08-03,,,,4564.251513511857
2015-08-04,,,,4706.006064256619
2015-08-05,,,,4609.151514532777
2015-08-06,,,,4567.446988800522
2015-08-07,,,,4657.400128635747
2015-08-10,,,,4868.97530397852
2015-08-11,,,,4847.872916049862
2015-08-12,,,,4787.771436738778
2015-08-13,,,,4858.51088809711
2015-08-14,,,,4857.2347398188895
2015-08-17,,,,4862.400588049128
2015-08-18,,,,4561.525660789579
2015-08-19,,,,4633.92920950271
2015-08-20,,,,4485.5693152698805
2015-08-21,,,,4280.987432491756
2015-08-24,,,,3906.504272544436
2015-08-25,,,,3629.1308919766007
2015-08-26,,,,3608.579800104134
2015-08-27,,,,3823.18710375596
2015-08-28,,,,3986.1665526640872
2015-08-31,,,,4015.0789680554567
2015-09-01,,,,4009.7701912180582
2015-09-02,,,,4014.2418147849435
2015-09-07,,,,3876.6730303927475
2015-09-08,,,,3976.3044787699973
2015-09-09,,,,4055.0785596880073
2015-09-10,,,,4005.2781492787212
2015-09-11,,,,3992.904615573093
2015-09-14,,,,3914.110116282631
2015-09-15,,,,3760.339353350145
2015-09-16,,,,3947.800430827659
2015-09-17,,,,3861.604271523517
2015-09-18,,,,3878.7659135690296
2015-09-21,,,,3946.7386754601794
2015-09-22,,,,3983.4611183142597
2015-09-23,,,,3893.671325458648
2015-09-24,,,,3919.939561617544
2015-09-25,,,,3856.642607017795
2015-09-28,,,,3869.5368092209374
2015-09-29,,,,3793.355861604272
2015-09-30,,,,3822.115139202255
2015-10-08,,,,3933.7219630223276
2015-10-09,,,,3985.79902195996
2015-10-12,,,,4114.720625618932
2015-10-13,,,,4111.596614633848
2015-10-14,,,,4065.1346081203874
2015-10-15,,,,4161.458280160488
2015-10-16,,,,4217.843615685394
2015-10-19,,,,4217.986544292555
2015-10-20,,,,4270.0431848577355
2015-10-21,,,,4145.378811854907
2015-10-22,,,,4206.5828832783745
2015-10-23,,,,4262.325040071056
2015-10-26,,,,4283.835795448746
2015-10-27,,,,4288.154281222244
2015-10-28,,,,4207.042296658534
2015-10-29,,,,4217.05750834601
2015-10-30,,,,4217.976335106329
2015-11-02,,,,4148.615123888475
2015-11-03,,,,4136.119079948137
2015-11-04,,,,4330.81847045972
2015-11-05,,,,4423.232024175353
2015-11-06,,,,4527.54948903023
2015-11-09,,,,4583.628548968362
2015-11-10,,,,4575.134506028525
2015-11-11,,,,4575.614337781136
2015-11-12,,,,4529.877183489705
2015-11-13,,,,4471.296872926259
2015-11-16,,,,4492.644281324336
2015-11-17,,,,4485.793917366847
2015-11-18,,,,4434.727567865565
2015-11-19,,,,4505.620157017284
2015-11-20,,,,4504.915723167706
2015-11-23,,,,4479.790915866097
2015-11-24,,,,4480.454512970771
2015-11-25,,,,4513.542485528479
2015-11-26,,,,4487.070065645068
2015-11-27,,,,4245.449255239865
2015-11-30,,,,4256.689569274434
2015-12-01,,,,4286.867923757797
2015-12-02,,,,4442.343620789987
2015-12-03,,,,4474.972179967534
2015-12-04,,,,4389.388571836939
2015-12-07,,,,4401.343528907311
2015-12-08,,,,4324.253963716552
2015-12-09,,,,4339.669834917459
2015-12-10,,,,4324.335637206358
2015-12-11,,,,4306.398097007687
2015-12-14,,,,4429.65360231136
2015-12-15,,,,4409.439413584344
2015-12-16,,,,4399.291482475932
2015-12-17,,,,4483.384549417567
2015-12-18,,,,4497.738665250993
2015-12-21,,,,4614.776776143174
2015-12-22,,,,4627.630141601414
2015-12-23,,,,4615.277026268236
2015-12-24,,,,4571.132505028025
2015-12-25,,,,4581.637757654338
2015-12-28,,,,4449.673816500087
2015-12-29,,,,4490.5513981480535
2015-12-30,,,,4494.492144031199
2015-12-31,,,,4453.696235873039
2016-01-04,,,,4141.019489336505
2016-01-05,,,,4152.617124888976
2016-01-06,,,,4225.469877796041
2016-01-07,,,,3932.5070698614613
2016-01-08,,,,4012.700227664853
2016-01-11,,,,3810.823779236557
2016-01-12,,,,3838.5927657706407
2016-01-13,,,,3767.1692989351823
2016-01-14,,,,3845.677941011322
2016-01-15,,,,3722.912476646487
2016-01-18,,,,3737.2359649212362
2016-01-19,,,,3847.5360129044116
2016-01-20,,,,3789.3436514175455
2016-01-21,,,,3678.288123653664
2016-01-22,,,,3716.6236179314146
2016-01-25,,,,3735.040989882697
2016-01-26,,,,3510.16324488775
2016-01-27,,,,3498.044940837766
2016-01-28,,,,3406.611468999806
2016-01-29,,,,3516.8298434931753
2016-02-01,,,,3463.058059642066
2016-02-02,,,,3535.0226133474903
2016-02-03,,,,3519.8721809884537
2016-02-04,,,,3562.985574419863
2016-02-05,,,,3537.952649794285
2016-02-15,,,,3517.5649049014305
2016-02-16,,,,3625.3943298179706
2016-02-17,,,,3656.7671590897494
2016-02-18,,,,3645.2818245857625
2016-02-19,,,,3642.7601555879983
2016-02-22,,,,3723.075823626099
2016-02-23,,,,3687.8541311472063
2016-02-24,,,,3711.947810640014
2016-02-25,,,,3484.1910751294017
2016-02-26,,,,3520.0865738991947
2016-02-29,,,,3435.8301599779484
2016-03-01,,,,3499.3925534195673
2016-03-02,,,,3643.433961878899
2016-03-03,,,,3651.9075864462848
2016-03-04,,,,3694.2552909107617
2016-03-07,,,,3707.3230492797425
2016-03-08,,,,3710.712499106696
2016-03-09,,,,3668.0074731243176
2016-03-10,,,,3597.839736194628
2016-03-11,,,,3603.9754571163135
2016-03-14,,,,3660.5853947381856
2016-03-15,,,,3671.437759696175
2016-03-16,,,,3689.6509479229417
2016-03-17,,,,3730.4468560811024
2016-03-18,,,,3787.4753703382303
2016-03-21,,,,3879.980806729896
2016-03-22,,,,3851.752406815653
2016-03-23,,,,3864.054476217701
2016-03-24,,,,3799.2873988014417
2016-03-25,,,,3818.347949484947
2016-03-28,,,,3784.810772733306
2016-03-29,,,,3743.8310992230813
2016-03-30,,,,3840.389582546375
2016-03-31,,,,3842.553930026238
2016-04-01,,,,3847.17869138651
2016-04-05,,,,3898.0306479770497
2016-04-06,,,,3889.7203703892765
2016-04-07,,,,3832.1405600759567
2016-04-08,,,,3804.0040428377456
2016-04-11,,,,3856.9897193494708
2016-04-12,,,,3843.2685730620415
2016-04-13,,,,3894.539106287838
2016-04-14,,,,3911.7926310093826
2016-04-15,,,,3907.5660279119156
2016-04-18,,,,3855.366458739574
2016-04-19,,,,3867.1682780165593
2016-04-20,,,,3798.7667303039275
2016-04-21,,,,3774.3769844105727
2016-04-22,,,,3791.7223918081495
2016-04-25,,,,3776.388194097049
2016-04-26,,,,3796.9086584108386
2016-04-27,,,,3781.4519504650284
2016-04-28,,,,3775.642923502568
2016-04-29,,,,3771.7430143643255
2016-05-03,,,,3839.7464038141525
2016-05-04,,,,3835.0093414053968
2016-05-05,,,,3840.3283274290206
2016-05-06,,,,3742.912272462762
2016-05-09,,,,3665.506222499005
2016-05-10,,,,3669.691988851569
2016-05-11,,,,3686.1287786750518
2016-05-12,,,,3694.9188880154366
2016-05-13,,,,3676.746536533573
2016-05-16,,,,3701.2587926616375
2016-05-17,,,,3691.355882022644
2016-05-18,,,,3670.641443170565
2016-05-19,,,,3664.291329338139
2016-05-20,,,,3683.117068738451
2016-05-23,,,,3694.8678420843075
2016-05-24,,,,3666.619023797613
2016-05-25,,,,3661.728823595471
2016-05-26,,,,3667.701197537545
2016-05-27,,,,3665.6593602923917
2016-05-30,,,,3670.8762544537576
2016-05-31,,,,3794.9587038417167
2016-06-01,,,,3784.1982215597595
2016-06-02,,,,3792.1613868158574
2016-06-03,,,,3819.1544751967826
2016-06-06,,,,3810.2112280630113
2016-06-07,,,,3808.5879674531147
2016-06-08,,,,3795.2037243111354
2016-06-13,,,,3678.196240977632
2016-06-14,,,,3689.8959683923595
2016-06-15,,,,3738.614205061715
2016-06-16,,,,3715.0922399975498
2016-06-17,,,,3735.765842104726
2016-06-20,,,,3738.9511082071654
2016-06-21,,,,3731.3146369102924
2016-06-22,,,,3765.1478800624805
2016-06-23,,,,3748.241467672612
2016-06-24,,,,3704.9545180753644
2016-06-27,,,,3757.501199579382
2016-06-28,,,,3777.858316913559
2016-06-29,,,,3796.0715051403254
2016-06-30,,,,3800.7677308041775
2016-07-01,,,,3802.6360118834928
2016-07-04,,,,3863.799246562057
2016-07-05,,,,3869.1692785168098
2016-07-06,,,,3881.90013374034
2016-07-07,,,,3881.1752815183104
2016-07-08,,,,3866.2698696286925
2016-07-11,,,,3880.8690059315372
2016-07-12,,,,3966.0034098681995
2016-07-13,,,,3985.941950567121
2016-07-14,,,,3978.7138467192785
2016-07-15,,,,3980.6433829159478
2016-07-18,,,,3963.4817408704353
2016-07-19,,,,3948.5354922359143
2016-07-20,,,,3935.876101315964
2016-07-21,,,,3954.1097079151823
2016-07-22,,,,3921.3994752478284
2016-07-25,,,,3929.505569111086
2016-07-26,,,,3976.87619319864
2016-07-27,,,,3914.9778971118217
2016-07-28,,,,3918.5204847321625
2016-07-29,,,,3900.348133250299
2016-08-01,,,,3867.331624996172
2016-08-02,,,,3882.23703688579
2016-08-03,,,,3887.658114771672
2016-08-04,,,,3897.132239589183
2016-08-05,,,,3903.1658686486103
2016-08-08,,,,3938.561117293341
2016-08-09,,,,3966.330103827424
2016-08-10,,,,3949.893314003941
2016-08-11,,,,3939.163459280661
2016-08-12,,,,4014.32348827475
2016-08-15,,,,4135.200253187819
2016-08-16,,,,4116.701207746731
2016-08-17,,,,4110.36130310053
2016-08-18,,,,4100.121489316087
2016-08-19,,,,4102.632949127626
2016-08-22,,,,4068.227991546794
2016-08-23,,,,4074.608732937898
2016-08-24,,,,4061.0917703749838
2016-08-25,,,,4035.6198507416975
2016-08-26,,,,4033.6188502414475
2016-08-29,,,,4034.466212698186
2016-08-30,,,,4039.591224183521
2016-08-31,,,,4059.0090963849275
2016-09-01,,,,4027.023715939603
2016-09-02,,,,4042.3170769057997
2016-09-05,,,,4050.086267623608
2016-09-06,,,,4078.0798562546584
2016-09-07,,,,4075.8746720298927
2016-09-08,,,,4074.343294096028
2016-09-09,,,,4048.095476309584
2016-09-12,,,,3980.4494083776585
2016-09-13,,,,3977.6827189104756
2016-09-14,,,,3951.3226000755485
2016-09-19,,,,3981.0925871098816
2016-09-20,,,,3974.1095037314576
2016-09-21,,,,3985.880695449766
2016-09-22,,,,4015.752774346357
2016-09-23,,,,3996.8964073873676
2016-09-26,,,,3930.873600065339
2016-09-27,,,,3955.8554787597886
2016-09-28,,,,3943.8188481996103
2016-09-29,,,,3960.4904493062863
2016-09-30,,,,3971.4653244989845
2016-10-10,,,,4021.0105052526264
2016-10-11,,,,4036.4978407571134
2016-10-12,,,,4028.5040479423387
2016-10-13,,,,4031.719941603455
2016-10-14,,,,4035.6300599279234
2016-10-17,,,,4001.490541188962
2016-10-18,,,,4054.537472818042
2016-10-19,,,,4048.3200784065502
2016-10-20,,,,4051.3113699707
2016-10-21,,,,4062.470010515462
2016-10-24,,,,4111.096364508785
2016-10-25,,,,4110.963645087851
2016-10-26,,,,4095.5171463282663
2016-10-27,,,,4084.3993425284075
2016-10-28,,,,4077.6000245020473
2016-10-31,,,,4072.9037988381947
2016-11-01,,,,4100.703412930955
2016-11-02,,,,4069.3305836591767
2016-11-03,,,,4108.145909689539
2016-11-04,,,,4094.8229216649142
2016-11-07,,,,4097.7733764841605
2016-11-08,,,,4115.608824820574
2016-11-09,,,,4093.5569825729194
2016-11-10,,,,4139.406437912834
2016-11-11,,,,4171.892068483221
2016-11-14,,,,4187.797980622965
2016-11-15,,,,4187.338567242806
2016-11-16,,,,4187.001664097355
2016-11-17,,,,4195.475288664741
2016-11-18,,,,4172.188134883769
2016-11-21,,,,4201.059713530234
2016-11-22,,,,4234.331451440005
2016-11-23,,,,4242.100642157814
2016-11-24,,,,4259.211238272197
2016-11-25,,,,4298.9556002491045
2016-11-28,,,,4315.862012638973
2016-11-29,,,,4351.2164245388
2016-11-30,,,,4319.425018631765
2016-12-01,,,,4352.431317699667
2016-12-02,,,,4308.378679135487
2016-12-05,,,,4235.679064021808
2016-12-06,,,,4223.162601709018
2016-12-07,,,,4243.50950985697
2016-12-08,,,,4236.669355085706
2016-12-09,,,,4265.428632683689
2016-12-12,,,,4162.244387499873
2016-12-13,,,,4157.272513807925
2016-12-14,,,,4125.419852783535
2016-12-15,,,,4078.396341027657
2016-12-16,,,,4085.2262866126944
2016-12-19,,,,4064.419965084583
2016-12-20,,,,4040.091474308583
2016-12-21,,,,4076.078855754408
2016-12-22,,,,4072.587314065196
2016-12-23,,,,4038.304866719074
2016-12-26,,,,4056.3751263386803
2016-12-27,,,,4049.034721442354
2016-12-28,,,,4031.331992526876
2016-12-29,,,,4026.2988637175736
2016-12-30,,,,4041.3369950281267
2017-01-03,,,,4080.581106879971
2017-01-04,,,,4112.433767904361
2017-01-05,,,,4111.7905891721375
2017-01-06,,,,4087.2272871129444
2017-01-09,,,,4107.043317577156
2017-01-10,,,,4100.172535247216
2017-01-11,,,,4071.1478188073634
2017-01-12,,,,4050.5456810037676
2017-01-13,,,,4053.3429980296273
2017-01-16,,,,4052.7712836009846
2017-01-17,,,,4061.2040714234668
2017-01-18,,,,4077.089565190759
2017-01-19,,,,4064.787495788711
2017-01-20,,,,4096.048024012006
2017-01-23,,,,4107.267919674123
2017-01-24,,,,4107.717123868057
2017-01-25,,,,4121.703708997356
2017-01-26,,,,4136.4253555349105
2017-02-03,,,,4107.768169799186
2017-02-06,,,,4118.4061418464335
2017-02-07,,,,4109.228083429471
2017-02-08,,,,4130.718420434708
2017-02-09,,,,4146.593705015774
2017-02-10,,,,4167.583791895949
2017-02-13,,,,4195.414033547386
2017-02-14,,,,4194.832109932518
2017-02-15,,,,4177.629631142102
2017-02-16,,,,4201.100550275139
2017-02-17,,,,4177.302937182878
2017-02-20,,,,4238.282406509377
2017-02-21,,,,4252.238364079999
2017-02-22,,,,4260.711988647385
2017-02-23,,,,4240.640728527529
2017-02-24,,,,4241.283907259753
2017-02-27,,,,4207.552755969822
2017-02-28,,,,4215.597594715726
2017-03-01,,,,4222.468377045666
2017-03-02,,,,4193.9745382895535
2017-03-03,,,,4185.143592204266
2017-03-06,,,,4208.093842839788
2017-03-07,,,,4217.210646139397
2017-03-08,,,,4210.840113934519
2017-03-09,,,,4184.2349746301725
2017-03-10,,,,4185.388612673684
2017-03-13,,,,4222.274402507377
2017-03-14,,,,4220.559259221448
2017-03-15,,,,4229.124766464865
2017-03-16,,,,4250.941797429327
2017-03-17,,,,4207.348572245307
2017-03-20,,,,4211.99375197803
2017-03-21,,,,4232.432542802014
2017-03-22,,,,4212.534838847996
2017-03-23,,,,4227.093138405938
2017-03-24,,,,4260.824289695869
2017-03-27,,,,4246.704985145634
2017-03-28,,,,4236.659145899481
2017-03-29,,,,4231.799573256017
2017-03-30,,,,4197.078130902186
2017-03-31,,,,4220.630723525028
2017-04-05,,,,4279.057896295087
2017-04-06,,,,4291.462057559392
2017-04-07,,,,4295.719288215537
2017-04-10,,,,4280.78324876724
2017-04-11,,,,4295.9132627538265
2017-04-12,,,,4286.275790956703
2017-04-13,,,,4292.544231299324
2017-04-14,,,,4258.271993139428
2017-04-17,,,,4250.247572765975
2017-04-18,,,,4229.298322630703
2017-04-19,,,,4208.757439944463
2017-04-20,,,,4227.899664117774
2017-04-21,,,,4234.341660626232
2017-04-24,,,,4190.973037539178
2017-04-25,,,,4202.887157864648
2017-04-26,,,,4208.073424467337
2017-04-27,,,,4209.9519147328765
2017-04-28,,,,4201.549754469072
2017-05-02,,,,4185.460076977264
2017-05-03,,,,4169.084542271135
2017-05-04,,,,4158.405733478984
2017-05-05,,,,4131.74954824351
2017-05-08,,,,4102.7554593623345
2017-05-09,,,,4096.670784371778
2017-05-10,,,,4080.7852906044864
2017-05-11,,,,4104.5420669518435
2017-05-12,,,,4140.733632122184
2017-05-15,,,,4158.0892487059855
2017-05-16,,,,4194.607507835551
2017-05-17,,,,4171.800185807189
2017-05-18,,,,4157.823809864116
2017-05-19,,,,4164.980449408378
2017-05-22,,,,4174.362691549857
2017-05-23,,,,4190.370695551858
2017-05-24,,,,4190.523833345244
2017-05-25,,,,4266.970219803779
2017-05-26,,,,4260.997845861706
2017-05-31,,,,4276.423926248839
2017-06-01,,,,4282.620902287878
2017-06-02,,,,4268.950801931578
2017-06-05,,,,4248.45075599024
2017-06-06,,,,4278.251370583252
2017-06-07,,,,4329.297301712081
2017-06-08,,,,4362.967197884656
2017-06-09,,,,4383.375361149963
2017-06-12,,,,4381.374360649714
2017-06-13,,,,4391.573337689253
2017-06-14,,,,4342.354850894835
2017-06-15,,,,4334.994027626059
2017-06-16,,,,4328.225337158376
2017-06-19,,,,4371.73688885259
2017-06-20,,,,4362.9467795122055
2017-06-21,,,,4414.60526181458
2017-06-22,,,,4418.3316147869855
2017-06-23,,,,4458.453716654246
2017-06-26,,,,4514.379638798991
2017-06-27,,,,4522.546987779605
2017-06-28,,,,4487.488642280324
2017-06-29,,,,4517.115700707497
2017-06-30,,,,4515.63536870476
2017-07-03,,,,4496.003103592613
2017-07-04,,,,4458.627272820085
2017-07-05,,,,4512.501148533451
2017-07-06,,,,4515.29846555931
2017-07-07,,,,4514.992189972537
2017-07-10,,,,4515.4618125389225
2017-07-11,,,,4541.852558932528
2017-07-12,,,,4528.75417300487
2017-07-13,,,,4567.171340772427
2017-07-14,,,,4592.091964349522
2017-07-17,,,,4543.2205898867805
2017-07-18,,,,4549.295055691111
2017-07-19,,,,4628.232483588733
2017-07-20,,,,4651.050014803321
2017-07-21,,,,4628.38562138212
2017-07-24,,,,4647.2215699686585
2017-07-25,,,,4617.839532010904
2017-07-26,,,,4600.494124613327
2017-07-27,,,,4609.947831058386
2017-07-28,,,,4622.025298363467
2017-07-31,,,,4641.871956386357
2017-08-01,,,,4682.586191054712
2017-08-02,,,,4672.223867035559
2017-08-03,,,,4631.25440271156
2017-08-04,,,,4606.711519024819
2017-08-07,,,,4630.580596420659
2017-08-08,,,,4638.492715745628
2017-08-09,,,,4637.226776653633
2017-08-10,,,,4618.697103653869
2017-08-11,,,,4534.348807056589
2017-08-14,,,,4593.317066696613
2017-08-15,,,,4607.4567896193
2017-08-16,,,,4601.770272891547
2017-08-17,,,,4626.45608518545
2017-08-18,,,,4632.1732294718795
2017-08-21,,,,4652.469091688702
2017-08-22,,,,4666.527141121582
2017-08-23,,,,4671.243785157885
2017-08-24,,,,4644.924503067861
2017-08-25,,,,4721.595491623363
2017-08-28,,,,4780.00224602097
2017-08-29,,,,4772.182009372033
2017-08-30,,,,4771.896152157712
2017-08-31,,,,4756.694673867546
2017-09-01,,,,4767.210135680085
2017-09-04,,,,4788.3635695398725
2017-09-05,,,,4802.595175138589
2017-09-06,,,,4793.131259507305
2017-09-07,,,,4768.751722800176
2017-09-08,,,,4763.922777715389
2017-09-11,,,,4763.493991893907
2017-09-12,,,,4778.797562046329
2017-09-13,,,,4784.616798195016
2017-09-14,,,,4768.864023848659
2017-09-15,,,,4770.681258996846
2017-09-18,,,,4785.433533093078
2017-09-19,,,,4771.702177619422
2017-09-20,,,,4785.014956457821
2017-09-21,,,,4779.256975426489
2017-09-22,,,,4779.154883564231
2017-09-25,,,,4754.326142663169
2017-09-26,,,,4759.287807168891
2017-09-27,,,,4759.808475666405
2017-09-28,,,,4761.48278220743
2017-09-29,,,,4778.86902634991
2017-10-09,,,,4835.805657931007
2017-10-10,,,,4845.341037865873
2017-10-11,,,,4861.318414309196
2017-10-12,,,,4874.100315463855
2017-10-13,,,,4884.125736337557
2017-10-16,,,,4874.7230758236265
2017-10-17,,,,4874.243244071015
2017-10-18,,,,4912.976896611572
2017-10-19,,,,4896.897428305991
2017-10-20,,,,4891.731580075752
2017-10-23,,,,4896.652407836571
2017-10-24,,,,4932.313095323172
2017-10-25,,,,4954.170963032537
2017-10-26,,,,4974.885401884616
2017-10-27,,,,5010.2806505293465
2017-10-30,,,,4995.028126308052
2017-10-31,,,,4991.2813549631965
2017-11-01,,,,4978.703637533052
2017-11-02,,,,4979.346816265275
2017-11-03,,,,4973.823646517137
2017-11-06,,,,5008.943247133771
2017-11-07,,,,5050.494635072639
2017-11-08,,,,5042.715235168605
2017-11-09,,,,5077.4673050811125
2017-11-10,,,,5122.326469357128
2017-11-13,,,,5142.458984594338
2017-11-14,,,,5106.675786873028
2017-11-15,,,,5074.690406427704
2017-11-16,,,,5113.730334555033
2017-11-17,,,,5133.464691529438
2017-11-20,,,,5162.111668078938
2017-11-21,,,,5254.137272717991
2017-11-22,,,,5266.418923747588
2017-11-23,,,,5110.494022521465
2017-11-24,,,,5112.770671049811
2017-11-27,,,,5045.175649049015
2017-11-28,,,,5052.495635572889
2017-11-29,,,,5049.922920643996
2017-11-30,,,,4990.556502741167
2017-12-01,,,,4980.633173729722
2017-12-04,,,,5006.452205694684
2017-12-05,,,,5032.996089881676
2017-12-06,,,,5002.674806791151
2017-12-07,,,,4946.912231626017
2017-12-08,,,,4987.177262100438
2017-12-11,,,,5069.544976569918
2017-12-12,,,,5002.919827260569
2017-12-13,,,,5045.369623587304
2017-12-14,,,,5015.548590621842
2017-12-15,,,,4959.1224183520335
2017-12-18,,,,4964.645588100173
2017-12-19,,,,5026.982879194699
2017-12-20,,,,5020.9492501352715
2017-12-21,,,,5067.492930138539
2017-12-22,,,,5050.984676011475
2017-12-25,,,,5034.721442353831
2017-12-26,,,,5049.76978285061
2017-12-27,,,,4972.016620555176
2017-12-28,,,,5006.51346081204
2017-12-29,,,,5021.408663515432
2018-01-02,,,,5091.852048473217
2018-01-03,,,,5121.734336556034
2018-01-04,,,,5143.439066472012
2018-01-05,,,,5155.81260017764
2018-01-08,,,,5182.489203785567
2018-01-09,,,,5218.782860818165
2018-01-10,,,,5241.855621688395
2018-01-11,,,,5239.078723034987
2018-01-12,,,,5263.264285203827
2018-01-15,,,,5263.560351604374
2018-01-16,,,,5304.958601749855
2018-01-17,,,,5292.054190360486
2018-01-18,,,,5321.089115986565
2018-01-19,,,,5338.495778501496
2018-01-22,,,,5402.282774040082
2018-01-23,,,,5459.607354697757
2018-01-24,,,,5468.662902880012
2018-01-25,,,,5437.7596961746185
2018-01-26,,,,5458.851874917051
2018-01-29,,,,5360.067788996539
2018-01-30,,,,5302.865718573573
2018-01-31,,,,5327.531112495023
2018-02-01,,,,5290.145072536268
2018-02-02,,,,5321.711876346337
2018-02-05,,,,5325.346346642709
2018-02-06,,,,5169.278516809425
2018-02-07,,,,5046.686608610427
2018-02-08,,,,4998.8055252115855
2018-02-09,,,,4785.259976927239
2018-02-12,,,,4846.872415799738
2018-02-13,,,,4903.604863656318
2018-02-14,,,,4942.634582597421
2018-02-22,,,,5049.504344008739
2018-02-23,,,,5072.372921154455
2018-02-26,,,,5131.341180794479
2018-02-27,,,,5057.2837439127725
2018-02-28,,,,5013.251523721045
2018-03-01,,,,5044.961256138274
2018-03-02,,,,5004.308276587274
2018-03-05,,,,5006.350113832427
2018-03-06,,,,5066.737450357832
2018-03-07,,,,5029.463711447561
2018-03-08,,,,5080.48922420394
2018-03-09,,,,5119.437269655236
2018-03-12,,,,5142.867352043369
2018-03-13,,,,5097.4977284560655
2018-03-14,,,,5075.180447366541
2018-03-15,,,,5103.613031005299
2018-03-16,,,,5054.098477810334
2018-03-19,,,,5076.303457851375
2018-03-20,,,,5080.611734438648
2018-03-21,,,,5059.866668027891
2018-03-22,,,,5009.157640044513
2018-03-23,,,,4865.351042868373
2018-03-26,,,,4834.151769762433
2018-03-27,,,,4875.733785259978
2018-03-28,,,,4787.832691856132
2018-03-29,,,,4851.793243560556
2018-03-30,,,,4857.418505170954
2018-04-02,,,,4842.992925033946
2018-04-03,,,,4812.538922522486
2018-04-04,,,,4803.044379332524
2018-04-09,,,,4800.635011383243
2018-04-10,,,,4893.140447774908
2018-04-11,,,,4907.065777786854
2018-04-12,,,,4857.581852150565
2018-04-13,,,,4823.330032363121
2018-04-16,,,,4745.750426233525
2018-04-17,,,,4670.7231166603715
2018-04-18,,,,4692.734122163122
2018-04-19,,,,4749.497197578382
2018-04-20,,,,4685.965431695439
2018-04-23,,,,4692.785168094251
2018-04-24,,,,4788.92507478229
2018-04-25,,,,4770.609794693265
2018-04-26,,,,4679.390715766047
2018-04-27,,,,4681.585690804586
2018-05-02,,,,4690.089942930649
2018-05-03,,,,4726.669457177569
2018-05-04,,,,4706.884054272034
2018-05-07,,,,4781.349858602771
2018-05-08,,,,4836.826576553583
2018-05-09,,,,4828.812365366357
2018-05-10,,,,4855.846290492185
2018-05-11,,,,4830.772529121704
2018-05-14,,,,4876.2850813161685
2018-05-15,,,,4894.906636991966
2018-05-16,,,,4856.101520147829
2018-05-17,,,,4820.410205102552
2018-05-18,,,,4869.179487703035
2018-05-21,,,,4892.2624577594925
2018-05-22,,,,4874.375963491951
2018-05-23,,,,4809.955998407367
2018-05-24,,,,4775.969617461792
2018-05-25,,,,4765.719594491123
2018-05-28,,,,4786.740308929975
2018-05-29,,,,4750.946902022441
2018-05-30,,,,4650.417045257323
2018-05-31,,,,4749.946401772315
2018-06-01,,,,4710.641034803116
2018-06-04,,,,4756.87843921961
2018-06-05,,,,4806.015252524222
2018-06-06,,,,4796.1633878163575
2018-06-07,,,,4794.877030351911
2018-06-08,,,,4734.030280446345
2018-06-11,,,,4734.683668364795
2018-06-12,,,,4792.355361354146
2018-06-13,,,,4745.719798674848
2018-06-14,,,,4727.210544047534
2018-06-15,,,,4710.283713285215
2018-06-18,,,,4710.875846086309
2018-06-19,,,,4544.803013751774
2018-06-20,,,,4563.781890945474
2018-06-21,,,,4511.204581882779
2018-06-22,,,,4534.205878449429
2018-06-25,,,,4473.726659247992
2018-06-26,,,,4437.392165470491
2018-06-27,,,,4347.612581801105
2018-06-28,,,,4304.039774989536
2018-06-29,,,,4417.810946289472
2018-07-02,,,,4288.358464946759
2018-07-03,,,,4290.492184867944
2018-07-04,,,,4233.933293177201
2018-07-05,,,,4209.002460413881
2018-07-06,,,,4239.711692580985
2018-07-09,,,,4359.2204265398
2018-07-10,,,,4372.022746066911
2018-07-11,,,,4297.138365100918
2018-07-12,,,,4396.851486967974
2018-07-13,,,,4416.371451031639
2018-07-16,,,,4395.401782523915
2018-07-17,,,,4371.920654204654
2018-07-18,,,,4349.930067074354
2018-07-19,,,,4346.41810701269
2018-07-20,,,,4428.571428571428
2018-07-23,,,,4470.520974773101
2018-07-24,,,,4541.55649253198
2018-07-25,,,,4536.707129074742
2018-07-26,,,,4484.24212106053
2018-07-27,,,,4466.71294831089
2018-07-30,,,,4459.015221896662
2018-07-31,,,,4462.813039172648
2018-08-01,,,,4374.452532388644
2018-08-02,,,,4277.485681616319
2018-08-03,,,,4207.103551775888
2018-08-06,,,,4153.832018049841
2018-08-07,,,,4275.443844371166
2018-08-08,,,,4208.481791916367
2018-08-09,,,,4314.330634705108
2018-08-10,,,,4324.029361619586
2018-08-13,,,,4305.581362109626
2018-08-14,,,,4283.447846372166
2018-08-15,,,,4181.284519810926
2018-08-16,,,,4161.948321099326
2018-08-17,,,,4102.8065052934635
2018-08-20,,,,4150.605915202499
2018-08-21,,,,4226.378495370134
2018-08-22,,,,4202.917785423324
2018-08-23,,,,4220.324447938256
2018-08-24,,,,4228.767444946963
2018-08-27,,,,4332.237547345102
2018-08-28,,,,4324.223336157875
2018-08-29,,,,4306.928974691428
2018-08-30,,,,4261.804371573542
2018-08-31,,,,4240.71219283111
2018-09-03,,,,4224.5816785944
2018-09-04,,,,4278.098232789865
2018-09-05,,,,4194.464579228391
2018-09-06,,,,4152.402731978234
2018-09-07,,,,4171.187634633643
2018-09-10,,,,4110.647160314852
2018-09-11,,,,4103.194454370042
2018-09-12,,,,4075.650069932926
2018-09-13,,,,4119.6210350073
2018-09-14,,,,4126.655164316852
2018-09-17,,,,4079.366213719105
2018-09-18,,,,4161.519535277844
2018-09-19,,,,4216.312237751529
2018-09-20,,,,4213.310737001154
2018-09-21,,,,4341.303304713582
2018-09-25,,,,4302.253167400027
2018-09-26,,,,4349.909648701902
2018-09-27,,,,4332.635705607906
2018-09-28,,,,4377.688844422211
2018-10-08,,,,4189.319149370604
2018-10-09,,,,4186.511623158518
2018-10-10,,,,4177.486702534941
2018-10-11,,,,3977.0089126195753
2018-10-12,,,,4036.3651213361786
2018-10-15,,,,3980.0002041837247
2018-10-16,,,,3947.5656195444662
2018-10-17,,,,3969.556206674766
2018-10-18,,,,3875.539810721688
2018-10-19,,,,3990.811732396811
2018-10-22,,,,4163.326561239804
2018-10-23,,,,4053.1081867464345
2018-10-24,,,,4059.4276730201836
2018-10-25,,,,4067.3704199038298
2018-10-26,,,,4041.153229676063
2018-10-29,,,,3917.958979489745
2018-10-30,,,,3960.449612561383
2018-10-31,,,,4015.977376443324
2018-11-01,,,,4045.5329705669164
2018-11-02,,,,4189.6968892609575
2018-11-05,,,,4154.791681555063
2018-11-06,,,,4129.728129370808
2018-11-07,,,,4102.673785872528
2018-11-08,,,,4091.0455227613807
2018-11-09,,,,4033.3227838409002
2018-11-12,,,,4081.3263774744514
2018-11-13,,,,4122.377515288256
2018-11-14,,,,4081.0711478188073
2018-11-15,,,,4129.146205755939
2018-11-16,,,,4148.635542260927
2018-11-19,,,,4195.66926320303
2018-11-20,,,,4098.6309481271255
2018-11-21,,,,4108.9218078426975
2018-11-22,,,,4093.5569825729194
2018-11-23,,,,4003.2056844748904
2018-11-26,,,,4000.357321517902
2018-11-27,,,,3995.262937591245
2018-11-28,,,,4048.3609151514534
2018-11-29,,,,3995.793815274985
2018-11-30,,,,4040.407959081582
2018-12-03,,,,4152.811099427265
2018-12-04,,,,4161.417443415586
2018-12-05,,,,4141.41764759931
2018-12-06,,,,4051.8524568406656
2018-12-07,,,,4052.087268123858
2018-12-10,,,,4005.216894161367
2018-12-11,,,,4024.3795367071293
2018-12-12,,,,4038.131310553236
2018-12-13,,,,4100.6421578136005
2018-12-14,,,,4032.1487274249375
2018-12-17,,,,4026.145725924187
2018-12-18,,,,3984.4105726332555
2018-12-19,,,,3936.897019938541
2018-12-20,,,,3906.6982470827256
2018-12-21,,,,3858.2760768139174
2018-12-24,,,,3869.4857632898083
2018-12-25,,,,3842.8499964267853
2018-12-26,,,,3823.4321242253786
2018-12-27,,,,3808.7513144327268
2018-12-28,,,,3834.4784637216567
2019-01-02,,,,3782.1155475697033
2019-01-03,,,,3776.132964441405
2019-01-04,,,,3866.6067727741424
2019-01-07,,,,3890.077691907178
2019-01-08,,,,3881.6653224571473
2019-01-09,,,,3920.858388377863
2019-01-10,,,,3913.48735592286
2019-01-11,,,,3941.6238731610706
2019-01-14,,,,3907.2495431389166
2019-01-15,,,,3983.930740880645
2019-01-16,,,,3984.767894151157
2019-01-17,,,,3962.8181437657604
2019-01-18,,,,4035.1093914304092
2019-01-21,,,,4057.344999030128
2019-01-22,,,,4003.450704944309
2019-01-23,,,,4000.5615052424178
2019-01-24,,,,4023.1442251738117
2019-01-25,,,,4055.8646670273915
2019-01-28,,,,4054.9764678257498
2019-01-29,,,,4067.9625527049243
2019-01-30,,,,4035.4973405069886
2019-01-31,,,,4077.7225347367566
2019-02-01,,,,4136.006778899655
2019-02-11,,,,4211.248481383549
2019-02-12,,,,4241.641228777654
2019-02-13,,,,4326.581658176027
2019-02-14,,,,4333.095118988066
2019-02-15,,,,4252.299619197354
2019-02-18,,,,4388.633092056232
2019-02-19,,,,4380.812855407296
2019-02-20,,,,4396.504374636298
2019-02-21,,,,4384.7638104766675
2019-02-22,,,,4483.3539218588885
2019-02-25,,,,4751.263386795439
2019-02-26,,,,4694.204244979634
2019-02-27,,,,4686.169615419954
2019-02-28,,,,4674.674071729743
2019-03-01,,,,4777.031372829272
2019-03-04,,,,4833.590264520016
2019-03-05,,,,4861.50217966126
2019-03-06,,,,4902.359342936775
2019-03-07,,,,4852.375167175424
2019-03-08,,,,4659.656358791642
2019-03-11,,,,4751.865728782759
2019-03-12,,,,4784.218639932211
2019-03-13,,,,4744.525323886433
2019-03-14,,,,4711.774254474176
2019-03-15,,,,4771.038580514747
2019-03-18,,,,4907.024941041949
2019-03-19,,,,4884.3605476207495
2019-03-20,,,,4886.2492470725165
2019-03-21,,,,4888.097109779379
2019-03-22,,,,4884.156363896234
2019-03-25,,,,4768.26168186134
2019-03-26,,,,4714.255086727037
2019-03-27,,,,4768.976324897143
2019-03-28,,,,4750.07912119325
2019-03-29,,,,4933.517779297813
2019-04-01,,,,5062.939633081847
2019-04-02,,,,5059.570601627344
2019-04-03,,,,5124.388724974733
2019-04-04,,,,5175.5775847107225
2019-04-08,,,,5170.932404977999
2019-04-09,,,,5194.137885269166
2019-04-10,,,,5207.409827362661
2019-04-11,,,,5094.914804340947
2019-04-12,,,,5083.490724954314
2019-04-15,,,,5066.808914661413
2019-04-16,,,,5207.481291666241
2019-04-17,,,,5209.329154373106
2019-04-18,,,,5190.482996600342
2019-04-19,,,,5252.422129432063
2019-04-22,,,,5131.545364518995
2019-04-23,,,,5123.122785882737
2019-04-24,,,,5137.272717991649
2019-04-25,,,,5024.747067411257
2019-04-26,,,,4957.774805770232
2019-04-29,,,,4971.914528692918
2019-04-30,,,,4988.33090014395
2019-05-06,,,,4696.970934446815
2019-05-07,,,,4743.35126747047
2019-05-08,,,,4675.511225000256
2019-05-09,,,,4589.20276464763
2019-05-10,,,,4755.990240017968
2019-05-13,,,,4677.287623403538
2019-05-14,,,,4647.231779154884
2019-05-15,,,,4752.335351349145
2019-05-16,,,,4773.907361844188
2019-05-17,,,,4652.673275413217
2019-05-20,,,,4613.184143091954
2019-05-21,,,,4676.154403732479
2019-05-22,,,,4653.980051250115
2019-05-23,,,,4575.583710222459
2019-05-24,,,,4589.5192494206285
2019-05-27,,,,4646.864248450756
2019-05-28,,,,4693.183326357057
2019-05-29,,,,4683.127277924677
2019-05-30,,,,4657.0325979316185
2019-05-31,,,,4644.893875509184
2019-06-03,,,,4649.5084276832295
2019-06-04,,,,4606.578799603883
2019-06-05,,,,4605.956039244112
2019-06-06,,,,4566.130003777399
2019-06-10,,,,4625.292237955713
2019-06-11,,,,4767.883941970986
2019-06-12,,,,4732.233463670612
2019-06-13,,,,4725.117660871252
2019-06-14,,,,4687.588692305337
2019-06-17,,,,4687.854131147207
2019-06-18,,,,4704.607405743688
2019-06-19,,,,4774.907862094313
2019-06-20,,,,4919.847678941512
2019-06-21,,,,4927.310594072547
2019-06-24,,,,4937.28496901512
2019-06-25,,,,4886.484058355709
2019-06-26,,,,4879.092607528254
2019-06-27,,,,4933.650498718748
2019-06-28,,,,4926.269257077519
2019-07-01,,,,5068.309665036601
2019-07-02,,,,5070.086063439883
2019-07-03,,,,5016.988085879674
2019-07-04,,,,4991.27114577697
2019-07-05,,,,5021.133015487336
2019-07-08,,,,4905.820257067309
2019-07-09,,,,4896.63198946412
2019-07-10,,,,4890.3635491215
2019-07-11,,,,4892.885218119264
2019-07-12,,,,4931.720962522078
2019-07-15,,,,4951.771804269482
2019-07-16,,,,4929.913936560117
2019-07-17,,,,4928.055864667028
2019-07-18,,,,4883.370256556851
2019-07-19,,,,4936.427397372156
2019-07-22,,,,4902.931057365418
2019-07-23,,,,4916.202999458914
2019-07-24,,,,4955.406274565855
2019-07-25,,,,4996.3655297036275
2019-07-26,,,,5006.932037447295
2019-07-29,,,,5001.408867699156
2019-07-30,,,,5022.623556676298
2019-07-31,,,,4978.713846719278
2019-08-01,,,,4937.315596573797
2019-08-02,,,,4865.790037876081
2019-08-05,,,,4773.131463691029
2019-08-06,,,,4724.88284958806
2019-08-07,,,,4705.526232504007
2019-08-08,,,,4768.843605476208
2019-08-09,,,,4722.769548039326
2019-08-12,,,,4808.496084777083
2019-08-13,,,,4765.137670876255
2019-08-14,,,,4786.781145674879
2019-08-15,,,,4804.688058314872
2019-08-16,,,,4826.637808700269
2019-08-19,,,,4931.772008453207
2019-08-20,,,,4927.453522679707
2019-08-21,,,,4919.7660054517055
2019-08-22,,,,4935.753591081255
2019-08-23,,,,4971.353023450501
2019-08-26,,,,4900.143949525784
2019-08-27,,,,4966.850772324939
2019-08-28,,,,4948.157752345562
2019-08-29,,,,4932.027238108851
2019-08-30,,,,4944.257843207318
2019-09-02,,,,5007.677308041776
2019-09-03,,,,5014.558299557943
2019-09-04,,,,5059.999387448826
2019-09-05,,,,5111.198456371043
2019-09-06,,,,5141.387020040633
2019-09-09,,,,5173.209053506345
2019-09-10,,,,5155.394023542384
2019-09-11,,,,5117.415850782535
2019-09-12,,,,5172.463782911864
2019-09-16,,,,5153.372604669682
2019-09-17,,,,5067.421465834959
2019-09-18,,,,5091.984767894151
2019-09-19,,,,5110.606323569949
2019-09-20,,,,5125.287133362601
2019-09-23,,,,5066.6966136129295
2019-09-24,,,,5080.540270135068
2019-09-25,,,,5041.347204214353
2019-09-26,,,,5002.582924115119
2019-09-27,,,,5017.58021868077
2019-09-30,,,,4967.922736878644
2019-10-08,,,,4998.080672989557
2019-10-09,,,,5005.318986023624
2019-10-10,,,,5046.206776857817
2019-10-11,,,,5094.965850272075
2019-10-14,,,,5149.033700523732
2019-10-15,,,,5126.910393972496
2019-10-16,,,,5109.238292615696
2019-10-17,,,,5112.5460689528445
2019-10-18,,,,5039.805617094262
2019-10-21,,,,5054.792702473686
2019-10-22,,,,5074.384130840931
2019-10-23,,,,5042.092474808833
2019-10-24,,,,5041.551387938868
2019-10-25,,,,5075.884881216119
2019-10-28,,,,5114.689998060256
2019-10-29,,,,5093.383426407082
2019-10-30,,,,5068.636358995825
2019-10-31,,,,5062.806913660912
2019-11-01,,,,5148.298639115477
2019-11-04,,,,5181.825606680892
2019-11-05,,,,5213.984543292054
2019-11-06,,,,5190.625925207502
2019-11-07,,,,5199.732519320885
2019-11-08,,,,5175.159008075467
2019-11-11,,,,5083.939929148249
2019-11-12,,,,5084.950638584599
2019-11-13,,,,5080.121693499811
2019-11-14,,,,5087.768373982911
2019-11-15,,,,5050.300660534349
2019-11-18,,,,5090.473808332738
2019-11-19,,,,5141.774969117212
2019-11-20,,,,5090.739247174608
2019-11-21,,,,5066.941634082347
2019-11-22,,,,5015.354616083552
2019-11-25,,,,5052.10768649631
2019-11-26,,,,5069.626650059724
2019-11-27,,,,5048.738655041807
2019-11-28,,,,5031.3932476442305
2019-11-29,,,,4987.575420363243
2019-12-02,,,,4997.202682974141
2019-12-03,,,,5016.783902155159
2019-12-04,,,,5015.130013986585
2019-12-05,,,,5053.618646057723
2019-12-06,,,,5083.603026002797
2019-12-09,,,,5074.680197241478
2019-12-10,,,,5081.11198456371
2019-12-11,,,,5084.1849496176665
2019-12-12,,,,5068.9120070239205
2019-12-13,,,,5169.758348562036
2019-12-16,,,,5194.934201794775
2019-12-17,,,,5265.612398035753
2019-12-18,,,,5253.953507365928
2019-12-19,,,,5246.623311655828
2019-12-20,,,,5233.729109452685
2019-12-23,,,,5168.390317607784
2019-12-24,,,,5202.080632152812
2019-12-25,,,,5199.354779430531
2019-12-26,,,,5245.112352094416
2019-12-27,,,,5239.956713050403
2019-12-30,,,,5317.607783483579
2019-12-31,,,,5337.08691080234
2020-01-02,,,,5409.59255137773
2020-01-03,,,,5400.11842656022
2020-01-06,,,,5379.700054108687
2020-01-07,,,,5419.995712141786
2020-01-08,,,,5357.5869567436785
2020-01-09,,,,5425.396371655215
2020-01-10,,,,5423.854784535125
2020-01-13,,,,5477.0140172126885
2020-01-14,,,,5458.637482006309
2020-01-15,,,,5428.479545895397
2020-01-16,,,,5405.427203397618
2020-01-17,,,,5413.002419577136
2020-01-20,,,,5453.3593327275885
2020-01-21,,,,5360.1800900450235
2020-01-22,,,,5383.140549866771
2020-01-23,,,,5216.332656123981
2020-02-03,,,,4805.239354371063
2020-02-04,,,,4931.976192177722
2020-02-05,,,,4987.861277577565
2020-02-06,,,,5080.683198742228
2020-02-07,,,,5080.805708976937
2020-02-10,,,,5101.82642341579
2020-02-11,,,,5149.319557738054
2020-02-12,,,,5190.973037539178
2020-02-13,,,,5159.038703024982
2020-02-14,,,,5195.271104940225
2020-02-17,,,,5312.125450480342
2020-02-18,,,,5286.183908280671
2020-02-19,,,,5278.098232789865
2020-02-20,,,,5399.7100591111885
2020-02-21,,,,5406.009127012486
2020-02-24,,,,5384.314606282734
2020-02-25,,,,5372.614878868006
2020-02-26,,,,5306.377678635236
2020-02-27,,,,5321.834386581046
2020-02-28,,,,5133.14820675644
2020-03-02,,,,5302.018356116834
2020-03-03,,,,5330.277383589755
2020-03-04,,,,5361.149962736471
2020-03-05,,,,5480.57702320548
2020-03-06,,,,5391.706057110187
2020-03-09,,,,5207.522128411144
2020-03-10,,,,5319.0370695551865
2020-03-11,,,,5248.287409010628
2020-03-12,,,,5147.298138865352
2020-03-13,,,,5074.863962593542
2020-03-16,,,,4856.6834437626985
2020-03-17,,,,4833.0287592775985
2020-03-18,,,,4737.368684342172
2020-03-19,,,,4675.919592449286
2020-03-20,,,,4759.471572520954
2020-03-23,,,,4599.33027738359
2020-03-24,,,,4722.851221529132
2020-03-25,,,,4849.751406315403
2020-03-26,,,,4817.868117732335
2020-03-27,,,,4833.518800216435
2020-03-30,,,,4786.6790538126215
2020-03-31,,,,4802.370573041623
2020-04-01,,,,4787.9347837183905
2020-04-02,,,,4865.473553103082
2020-04-03,,,,4837.704566568999
2020-04-07,,,,4948.188379904238
2020-04-08,,,,4925.15645577891
2020-04-09,,,,4941.399271064103
2020-04-10,,,,4910.608365407194
2020-04-13,,,,4889.863298996437
2020-04-14,,,,4984.247225653643
2020-04-15,,,,4947.330808261274
2020-04-16,,,,4953.864687445764
2020-04-17,,,,5002.205184224766
2020-04-20,,,,5020.408163265306
2020-04-21,,,,4961.245929086993
2020-04-22,,,,5002.07246480383
2020-04-23,,,,4989.525374932365
2020-04-24,,,,4947.065369419403
2020-04-27,,,,4980.80672989556
2020-04-28,,,,5015.170850731489
2020-04-29,,,,5038.672397423202
2020-04-30,,,,5098.539065451093
2020-05-06,,,,5129.391226225358
2020-05-07,,,,5114.955436902124
2020-05-08,,,,5170.983450909128
2020-05-11,,,,5166.6139192045
2020-05-12,,,,5166.80789374279
2020-05-13,,,,5177.3131463691025
2020-05-14,,,,5121.16262212739
2020-05-15,,,,5105.767169298935
2020-05-18,,,,5118.9370195301735
2020-05-19,,,,5162.662964135129
2020-05-20,,,,5136.21096262417
2020-05-21,,,,5108.319465855377
2020-05-22,,,,4991.873487764291
2020-05-25,,,,4999.122009984584
2020-05-26,,,,5056.487427387164
2020-05-27,,,,5021.2759440944965
2020-05-28,,,,5036.967463323499
2020-05-29,,,,5054.169942113914
2020-06-01,,,,5190.625925207502
2020-06-02,,,,5209.972333105329
2020-06-03,,,,5211.166807893744
2020-06-04,,,,5209.849822870619
2020-06-05,,,,5235.730109952936
2020-06-08,,,,5262.927382058377
2020-06-09,,,,5295.790752519117
2020-06-10,,,,5290.002143929108
2020-06-11,,,,5237.863829874121
2020-06-12,,,,5247.827995630469
2020-06-15,,,,5186.460577227389
2020-06-16,,,,5264.846709068821
2020-06-17,,,,5269.563353105124
2020-06-18,,,,5307.041275739912
2020-06-19,,,,5380.782227848618
2020-06-22,,,,5387.132341681045
2020-06-23,,,,5413.461832957295
2020-06-24,,,,5444.232320241754
2020-06-29,,,,5405.968290267583
2020-06-30,,,,5482.608651264409
2020-07-01,,,,5593.163928903228
2020-07-02,,,,5710.202039795408
2020-07-03,,,,5821.196312441935
2020-07-06,,,,6151.93310941185
2020-07-07,,,,6189.52333309512
2020-07-08,,,,6291.29871057978
2020-07-09,,,,6380.68013598636
2020-07-10,,,,6275.270288205327
2020-07-13,,,,6411.266857918756
2020-07-14,,,,6353.26847097018
2020-07-15,,,,6278.37388081796
2020-07-16,,,,5978.744474277955
2020-07-17,,,,6020.59192861737
2020-07-20,,,,6200.590090963849
2020-07-21,,,,6214.923788424825
2020-07-22,,,,6246.939796428826
2020-07-23,,,,6248.348664127982
2020-07-24,,,,5974.1197129176835
2020-07-27,,,,6004.788108339884
2020-07-28,,,,6057.57981031332
2020-07-29,,,,6204.622719523027
2020-07-30,,,,6174.5464569019205
2020-07-31,,,,6226.3070310665535
2020-08-03,,,,6327.449439005218
2020-08-04,,,,6333.462649692193
2020-08-05,,,,6335.667833916959
2020-08-06,,,,6316.729793468164
2020-08-07,,,,6245.306326632704
2020-08-10,,,,6267.786954701841
2020-08-11,,,,6210.635930210004
2020-08-12,,,,6166.787475370339
2020-08-13,,,,6150.963236720402
2020-08-14,,,,6246.010760482282
2020-08-17,,,,6392.8903227123765
2020-08-18,,,,6389.878612775776
2020-08-19,,,,6294.279792957705
2020-08-20,,,,6213.280109442477
2020-08-21,,,,6267.684862839584
2020-08-24,,,,6317.270880338128
2020-08-25,,,,6325.438229318742
2020-08-26,,,,6251.288909761003
2020-08-27,,,,6284.785249767741
2020-08-28,,,,6434.778613796695
2020-08-31,,,,6397.515084072649
2020-09-01,,,,6431.930250839707
2020-09-02,,,,6434.278363671632
2020-09-03,,,,6398.689140488612
2020-09-04,,,,6336.423313697665
2020-09-07,,,,6202.458372043165
2020-09-08,,,,6235.689273208033
2020-09-09,,,,6089.840838786741
2020-09-10,,,,6086.36971546998
2020-09-11,,,,6146.55286827087
2020-09-14,,,,6178.129881267165
2020-09-15,,,,6227.848618186645
2020-09-16,,,,6189.778562750764
2020-09-17,,,,6157.027493338506
2020-09-18,,,,6295.749915774214
2020-09-21,,,,6235.076722034487
2020-09-22,,,,6161.40723422936
2020-09-23,,,,6183.4284489183365
2020-09-24,,,,6064.787495788712
2020-09-25,,,,6074.179947116416
2020-09-28,,,,6090.045022511256
2020-09-29,,,,6103.194454370043
2020-09-30,,,,6097.354799848905
2020-10-09,,,,6221.947708548152
2020-10-12,,,,6410.715561862564
2020-10-13,,,,6432.042551888189
2020-10-14,,,,6389.378362650714
2020-10-15,,,,6378.2503496646295
2020-10-16,,,,6369.133546365019
2020-10-19,,,,6321.038070055437
2020-10-20,,,,6371.522495941849
2020-10-21,,,,6370.664924298885
2020-10-22,,,,6350.940776510705
2020-10-23,,,,6272.401506875887
2020-10-26,,,,6236.352870312708
2020-10-27,,,,6247.450255740115
2020-10-28,,,,6297.95509999898
2020-10-29,,,,6345.346142458985
2020-10-30,,,,6242.202734020072
2020-11-02,,,,6276.097232289615
2020-11-03,,,,6351.5227001255735
2020-11-04,,,,6399.505875386673
2020-11-05,,,,6495.012812528714
2020-11-06,,,,6495.81933824055
2020-11-09,,,,6622.964543496239
2020-11-10,,,,6586.436075180447
2020-11-11,,,,6521.321885432512
2020-11-12,,,,6527.825137058325
2020-11-13,,,,6459.178568876276
2020-11-16,,,,6522.118201958122
2020-11-17,,,,6509.632367204011
2020-11-18,,,,6505.487437596349
2020-11-19,,,,6553.787097630448
2020-11-20,,,,6574.1340057784
2020-11-23,,,,6656.246490592235
2020-11-24,,,,6615.358699758043
2020-11-25,,,,6531.030821533216
2020-11-26,,,,6542.853059182653
2020-11-27,,,,6625.241192024584
2020-11-30,,,,6597.952037243112
2020-12-01,,,,6740.0741186919995
2020-12-02,,,,6740.135373809354
2020-12-03,,,,6726.720503108698
2020-12-04,,,,6738.501904013232
2020-12-07,,,,6680.401425202398
2020-12-08,,,,6663.995262937591
2020-12-09,,,,6574.634255903463
2020-12-10,,,,6571.745056201571
2020-12-11,,,,6504.497146532451
2020-12-14,,,,6564.629253402211
2020-12-15,,,,6578.289144572286
2020-12-16,,,,6589.9480352421115
2020-12-17,,,,6674.612816612389
2020-12-18,,,,6651.325662831417
2020-12-21,,,,6713.673163112168
2020-12-22,,,,6604.506334800054
2020-12-23,,,,6660.84062439383
2020-12-24,,,,6651.386917948771
2020-12-25,,,,6707.251584976162
2020-12-28,,,,6737.052199569173
2020-12-29,,,,6708.486896509479
2020-12-30,,,,6802.636011883494
2020-12-31,,,,6932.435605557882
2021-01-04,,,,7007.503751875938
2021-01-05,,,,7141.580994578922
2021-01-06,,,,7206.981041541179
2021-01-07,,,,7334.667333666834
2021-01-08,,,,7310.42051638064
2021-01-11,,,,7238.231360578249
2021-01-12,,,,7444.6815244356885
2021-01-13,,,,7420.2203142387525
2021-01-14,,,,7277.199824401998
2021-01-15,,,,7260.742616206063
2021-01-18,,,,7341.13995773397
2021-01-19,,,,7233.392206307236
2021-01-20,,,,7285.152780471869
2021-01-21,,,,7402.925952772305
2021-01-22,,,,7409.327112535861
2021-01-25,,,,7484.017518963564
2021-01-26,,,,7333.748506906514
2021-01-27,,,,7353.758511909016
2021-01-28,,,,7153.06632908291
2021-01-29,,,,7119.569989076171
2021-02-01,,,,7206.950413982502
2021-02-02,,,,7317.954895815255
2021-02-03,,,,7296.811671141694
2021-02-04,,,,7281.845004134721
2021-02-05,,,,7294.443139937316
2021-02-08,,,,7402.38486590234
2021-02-09,,,,7564.261722698085
2021-02-10,,,,7725.852722279508
2021-02-18,,,,7673.520433686232
2021-02-19,,,,7687.435554511951
2021-02-22,,,,7445.97809108636
2021-02-23,,,,7422.486753580873
2021-02-24,,,,7233.45346142459
2021-02-25,,,,7276.005349613582
2021-02-26,,,,7099.345591162929
2021-03-01,,,,7208.461373543915
2021-03-02,,,,7116.466396463538
2021-03-03,,,,7252.9325887433515
2021-03-04,,,,7024.777694969935
2021-03-05,,,,7000.959663505223
2021-03-08,,,,6757.817684352382
2021-03-09,,,,6612.908495063859
2021-03-10,,,,6656.287327337138
2021-03-11,,,,6822.0538840849
2021-03-12,,,,6846.208818695062
2021-03-15,,,,6698.767751222551
2021-03-16,,,,6757.062204571674
2021-03-17,,,,6785.658135190044
2021-03-18,,,,6840.073097773377
2021-03-19,,,,6660.912088697411
2021-03-22,,,,6727.5168196343075
2021-03-23,,,,6663.780870026851
2021-03-24,,,,6556.615042214986
2021-03-25,,,,6553.501240416127
2021-03-26,,,,6702.024481628569
2021-03-29,,,,6713.846719278006
2021-03-30,,,,6777.500995395658
2021-03-31,,,,6715.908974895612
2021-04-01,,,,6799.19551612541
2021-04-02,,,,6866.749701381304
2021-04-06,,,,6838.52130146706
2021-04-07,,,,6789.833692356383
2021-04-08,,,,6801.0944247634025
2021-04-09,,,,6698.8290063399045
2021-04-12,,,,6582.301354759013
2021-04-13,,,,6571.520454104603
2021-04-14,,,,6626.047717736419
2021-04-15,,,,6583.934824555135
2021-04-16,,,,6606.8340292595285
2021-04-19,,,,6767.587875570439
2021-04-20,,,,6762.942695837715
2021-04-21,,,,6783.40190503415
2021-04-22,,,,6776.07170932405
2021-04-23,,,,6837.592265520516
2021-04-26,,,,6760.798766730305
2021-04-27,,,,6778.481077273331
2021-04-28,,,,6816.724688875051
2021-04-29,,,,6876.550520158038
2021-04-30,,,,6822.543925023737
2021-05-06,,,,6739.502404263357
2021-05-07,,,,6652.9080866964105
2021-05-10,,,,6648.2526977774605
2021-05-11,,,,6689.089442680524
2021-05-12,,,,6718.134577492828
2021-05-13,,,,6649.50842768323
2021-05-14,,,,6806.780941491154
2021-05-17,,,,6906.779920572532
2021-05-18,,,,6910.271462261744
2021-05-19,,,,6890.863799246563
2021-05-20,,,,6910.006023419874
2021-05-21,,,,6841.798450245531
2021-05-24,,,,6870.3943808639015
2021-05-25,,,,7087.543771885943
2021-05-26,,,,7090.4738083327375
2021-05-27,,,,7114.169329562741
2021-05-28,,,,7092.587109881472
2021-05-31,,,,7107.400639095059
2021-06-01,,,,7121.417851783035
2021-06-02,,,,7055.3133709712
2021-06-03,,,,7010.301068901798
2021-06-04,,,,7049.861665526641
2021-06-07,,,,7044.58351624792
2021-06-08,,,,6984.247225653644
2021-06-09,,,,6991.271145776971
2021-06-10,,,,7038.488632071138
2021-06-11,,,,6978.581127298344
2021-06-15,,,,6901.052567099877
2021-06-16,,,,6787.291604986167
2021-06-17,,,,6820.359159171423
2021-06-18,,,,6823.615889577442
2021-06-21,,,,6807.58746720299
2021-06-22,,,,6850.5170952823355
2021-06-23,,,,6884.993517166748
2021-06-24,,,,6898.265459260243
2021-06-25,,,,7015.599636552971
2021-06-28,,,,7031.70973241723
2021-06-29,,,,6954.2424273361175
2021-06-30,,,,7002.542087370217
2021-07-01,,,,7010.648181233474
2021-07-02,,,,6811.681350879521
2021-07-05,,,,6818.102929015528
2021-07-06,,,,6819.562842645813
2021-07-07,,,,6898.510479729661
2021-07-08,,,,6830.44583516248
2021-07-09,,,,6811.375075292749
2021-07-12,,,,6898.3777603087265
2021-07-13,,,,6919.653704403222
2021-07-14,,,,6840.5018835948595
2021-07-15,,,,6934.171167216262
2021-07-16,,,,6862.727282008352
2021-07-19,,,,6888.301293503895
2021-07-20,,,,6882.76791456953
2021-07-21,,,,6933.037947545201
2021-07-22,,,,6944.1761697175125
2021-07-23,,,,6860.379169176425
2021-07-26,,,,6639.391124133496
2021-07-27,,,,6405.151555369522
2021-07-28,,,,6418.290778042083
2021-07-29,,,,6541.127706710499
2021-07-30,,,,6490.643280824085
2021-08-02,,,,6655.991260936591
2021-08-03,,,,6656.971342814264
2021-08-04,,,,6717.205541546284
2021-08-05,,,,6676.6852814162185
2021-08-06,,,,6641.351287888843
2021-08-09,,,,6727.823095221081
2021-08-10,,,,6805.627303447643
2021-08-11,,,,6768.118753254178
2021-08-12,,,,6711.508815632306
2021-08-13,,,,6675.296832089515
2021-08-16,,,,6670.3964227011475
2021-08-17,,,,6530.673500015314
2021-08-18,,,,6607.752856019847
2021-08-19,,,,6564.5577890986315
2021-08-20,,,,6441.771906361344
2021-08-23,,,,6536.686710702291
2021-08-24,,,,6607.660973343815
2021-08-25,,,,6624.005880491266
2021-08-26,,,,6493.440597849946
2021-08-27,,,,6528.213086134904
2021-08-30,,,,6509.581321272882
2021-08-31,,,,6499.229206439955
2021-09-01,,,,6585.578503537484
2021-09-02,,,,6585.507039233903
2021-09-03,,,,6549.87697930598
2021-09-06,,,,6672.48930587743
2021-09-07,,,,6752.427234025176
2021-09-08,,,,6724.433645394126
2021-09-09,,,,6721.564864064686
2021-09-10,6718.808383783729,6819.562842645813,6711.274004349114,6780.4106134700005
2021-09-13,6771.283600984166,6802.646221069719,6714.867637900583,6750.844810160183
2021-09-14,6748.374187093547,6762.861022347909,6636.7775724596995,6650.0903512980985
2021-09-15,6632.081346795847,6632.081346795847,6550.28534675501,6582.679094649367
2021-09-16,6581.974660799788,6599.197557962655,6500.342007738564,6502.046941838266
2021-09-17,6488.856673234576,6571.234596890283,6473.838960296474,6568.427070678197
2021-09-22,6453.206194934201,6534.542781594879,6445.875999224102,6522.240712192832
2021-09-23,6558.023909914141,6597.533460607856,6543.751467570521,6564.751763636921
2021-09-24,6554.532368224929,6624.067135608621,6544.517156537453,6559.657379710264
2021-09-27,6588.631050218987,6658.635440169064,6563.118293840799,6597.45178711805
2021-09-28,6586.242100642158,6629.702606405243,6556.165838021052,6606.190850527305
2021-09-29,6555.093873467346,6584.874069687906,6492.409470041143,6538.728547947444
2021-09-30,6552.296556441486,6595.379322314218,6552.296556441486,6582.628048718238
2021-10-08,6649.385917448521,6678.155404232729,6616.512337801554,6668.609815111638
2021-10-11,6683.96443119519,6741.289011852866,6669.83491745873,6677.063021306572
2021-10-12,6656.0525160539455,6662.3209563965665,6548.029116599116,6606.241896458434
2021-10-13,6601.249604394034,6700.523731253382,6587.089463098897,6682.361588957744
2021-10-14,6674.459678819002,6701.258792661637,6632.571387734684,6646.527345305306
2021-10-15,6624.465293871425,6683.055813621097,6603.628344784637,6672.5607701810095
2021-10-18,6659.5746853018345,6659.5746853018345,6554.583414156058,6594.991373237639
2021-10-19,6587.702014272443,6667.456177068127,6587.385529499444,6659.860542516156
2021-10-20,6665.342875519394,6687.935804637013,6626.935916938061,6642.8928750089335
2021-10-21,6649.1817337240045,6691.529438188482,6620.902287878634,6667.139692295127
2021-10-22,6677.410133638248,6751.396106216374,6675.715408724771,6711.049402252147
2021-10-25,6688.681075231494,6743.575869567437,6673.949219507714,6740.972527079867
2021-10-26,6745.995446702944,6772.110545068454,6705.475186572879,6718.736919480149
2021-10-27,6699.952016824739,6699.952016824739,6613.245398209309,6630.835826076304
2021-10-28,6609.743647333872,6631.703606905494,6560.249512511358,6584.771977825649
2021-10-29,6580.882277873631,6645.2818245857625,6572.73534726547,6645.189941909731
2021-11-01,6603.710018274443,6644.505926432605,6576.676093148616,6620.708313340344
2021-11-02,6614.613429163562,6648.507927433105,6495.002603342488,6551.8779798062305
2021-11-03,6546.4160651754455,6577.247807577258,6503.731457565518,6526.518361221428
2021-11-04,6553.572704719707,6598.094965850272,6544.455901420098,6590.999581423365
2021-11-05,6577.67659339874,6619.3913283172205,6554.205674265704,6555.267429633184
2021-11-08,6553.654378209513,6587.028207981542,6535.512654286327,6563.169339771926
2021-11-09,6576.972159549163,6594.470704740126,6523.08807464957,6561.392941368644
2021-11-10,6542.516156037203,6542.516156037203,6435.9220426539805,6526.794009249524
2021-11-11,6518.09578258517,6631.703606905494,6510.398056170943,6631.66277016059
2021-11-12,6637.4513787506,6645.6085185449865,6600.055129605619,6617.747649334871
2021-11-15,6625.914998315485,6641.749446151647,6583.92461536891,6609.631346285388
2021-11-16,6607.620136598912,6654.337372768017,6601.5762983532595,6610.907494563608
2021-11-17,6611.111678288124,6622.168226970628,6585.609131096161,6614.511337301304
2021-11-18,6595.175138589703,6595.175138589703,6539.494236914376,6549.407356739594
2021-11-19,6541.975069167237,6624.393829567845,6538.034323284091,6620.504129615829
2021-11-22,6627.711815091219,6659.77886902635,6625.200355279681,6650.7437392165475
2021-11-23,6641.7596553378735,6671.519433185981,6629.763861522599,6652.030096680994
2021-11-24,6652.948923441313,6682.157405233229,6633.449377750099,6656.511929434105
2021-11-25,6657.798286898552,6663.229573970659,6622.739941399272,6629.141101162827
2021-11-26,6616.297944890813,6616.430664311748,6567.33468775204,6579.973660299537
2021-11-29,6525.660789578463,6578.187052710028,6523.537278843503,6568.192259395004
2021-11-30,6575.992077671489,6595.052628354994,6512.348010740065,6541.934232422334
2021-12-01,6541.75046707027,6558.810017253525,6530.826637808701,6557.942236424335
2021-12-02,6552.613041214486,6589.304856509888,6539.565701217956,6574.61383753101
2021-12-03,6575.716429643393,6635.338077201867,6570.8058110688,6635.338077201867
2021-12-06,6646.731529029821,6693.540647874958,6618.891078192159,6623.975252932589
2021-12-07,6675.694990352319,6680.820001837655,6627.415748690672,6663.882961889109
2021-12-08,6680.544353809558,6763.841104225583,6654.9703423140145,6763.841104225583
2021-12-09,6770.293309920266,6924.278465763494,6767.975824647018,6875.89713223959
2021-12-10,6832.007840655022,6850.833580055334,6817.868117732336,6843.983216097845
2021-12-13,6891.241539136916,6963.869689947015,6877.122234586682,6882.818960500659
2021-12-14,6859.194903574236,6871.884922052864,6821.778236056804,6836.64281120152
2021-12-15,6818.490878092108,6851.241947504364,6774.611795693766,6777.347857602271
2021-12-16,6778.317730293719,6816.3877857296,6752.00865738992,6816.3877857296
2021-12-17,6798.25627099264,6799.440536594829,6708.119365805353,6708.119365805353
2021-12-20,6681.320251962717,6730.712294922972,6596.9923737378895,6607.466998805526
2021-12-21,6602.178640340579,6658.206654347582,6597.4211595593715,6652.23428040551
2021-12-22,6667.2519933436115,6683.43355351145,6638.166021786404,6653.551265428633
2021-12-23,6666.864044267032,6699.962226010965,6642.9439209400625,6699.962226010965
2021-12-24,6705.812089718329,6721.585282437137,6642.004675807291,6662.8722524527575
2021-12-27,6658.5435574930325,6688.170615920206,6625.914998315485,6660.136190544253
2021-12-28,6666.057518555197,6714.275505099489,6652.091351798349,6709.742626415249
2021-12-29,6713.377096711622,6713.377096711622,6611.611928413187,6611.611928413187
2021-12-30,6609.815111637452,6688.650447672817,6605.384324815469,6663.096854549724
2021-12-31,6684.699492603445,6702.4532674500515,6665.37350307807,6688.6402384865905
2022-01-04,6712.478688323754,6714.867637900583,6599.871364253556,6658.033098181744
2022-01-05,6644.720319343345,6656.134189543752,6568.998785106839,6590.815816071302
2022-01-06,6555.665587895989,6576.727139079745,6480.270747618708,6523.271840001634
2022-01-07,6531.510653285827,6575.297853008137,6523.169748139377,6528.8766832395795
2022-01-10,6515.145327765924,6558.667088646364,6472.746577370318,6558.217884452431
2022-01-11,6552.7559698216455,6567.692009269941,6487.549897397679,6495.57431777113
2022-01-12,6524.160039203275,6570.27493338506,6513.215791569255,6560.300558442487
2022-01-13,6570.387234433544,6570.795601882574,6451.30728629621,6452.450715153495
2022-01-14,6422.650100560485,6449.775908362345,6395.4834560137215,6399.393574338191
2022-01-17,6402.139845432921,6464.916131535156,6399.720268297415,6454.288368674133
2022-01-18,6453.614562383233,6534.256924380558,6427.754693673368,6516.656287327338
2022-01-19,6519.994691223163,6537.932231421834,6439.270655736032,6472.021725148289
2022-01-20,6469.1631530050745,6559.54507866178,6468.428091596819,6530.41827035967
2022-01-21,6510.469520474523,6523.8946003614055,6447.9995099590615,6470.582229890456
2022-01-24,6436.228318240754,6500.280752621209,6426.162060622148,6480.6382783228355
2022-01-25,6447.0704740125175,6474.0941899521185,6333.452440505968,6334.02415493461
2022-01-26,6359.27147247093,6389.12313299507,6292.544231299324,6379.873610274525
2022-01-27,6374.166675174322,6374.707762044288,6249.287909260753,6254.729405519086
2022-01-28,6284.427928249839,6310.737001153639,6173.443864789538,6178.762850813162
2022-02-07,6280.03797817276,6325.662831415709,6247.981133423856,6273.963512368429
2022-02-08,6263.611397535504,6263.897254749824,6122.724627619933,6239.691274208533
2022-02-09,6238.843911751795,6308.256168900777,6221.171810394993,6298.3022123306555
2022-02-10,6305.275086522854,6305.275086522854,6239.201233269696,6281.783749017366
2022-02-11,6252.013761983033,6312.656328164083,6222.151892272667,6229.7066900797345
2022-02-14,6199.957121417852,6219.3647844330335,6133.046114894182,6162.407734479485
2022-02-15,6165.276515808925,6229.900664618024,6160.66196363488,6227.950710048903
2022-02-16,6254.688568774183,6286.183908280672,6237.43504405264,6252.16689977642
2022-02-17,6250.686567773683,6295.729497401762,6237.1798143969945,6267.296913763004
2022-02-18,6233.994548294556,6297.362967197885,6225.439250237364,6297.179201845821
2022-02-21,6290.16549090872,6291.165991158846,6245.704484895509,6274.269787955202
2022-02-22,6230.411123929312,6230.411123929312,6161.049912711459,6192.820900246042
2022-02-23,6203.45887229329,6262.1412747189925,6199.722310134659,6259.017263733908
2022-02-24,6217.077926718462,6242.570264724199,6076.8649630937925,6132.117078947638
2022-02-25,6179.926698042899,6244.122061030516,6176.3330644914295,6191.830609182142
2022-02-28,6178.732223254485,6202.968831354453,6134.118079447888,6202.968831354453
2022-03-01,6224.908372553624,6259.578768976325,6205.858031056345,6254.463966677217
2022-03-02,6219.71189676471,6219.71189676471,6171.483701034191,6198.844320119244
2022-03-03,6221.079927718962,6226.888954681423,6152.657961633879,6162.32606098968
2022-03-04,6110.524650080142,6145.5829955794225,6067.554185255894,6087.594817817072
2022-03-07,6041.684107359803,6041.684107359803,5873.406090800503,5893.10982021623
2022-03-08,5905.105614031506,5935.365642004676,5757.654337372769,5774.795561045829
2022-03-09,5795.897948974488,5827.730191626426,5506.967769599086,5721.932394768813
2022-03-10,5857.132647956631,5870.231033884289,5806.005043337996,5811.956998907617
2022-03-11,5728.4969015119805,5843.503384345235,5654.286326836888,5830.486671907383
2022-03-14,5751.457361333728,5795.275188614715,5652.091351798348,5652.091351798348
2022-03-15,5585.384528999193,5636.032301865219,5393.574338189504,5393.574338189504
2022-03-16,5487.37634123184,5643.7912833968,5338.118038611143,5626.803197517126
2022-03-17,5737.266592479914,5825.351451235822,5709.844718277507,5737.297220038591
2022-03-18,5711.274004349114,5799.3588631050225,5679.247787158886,5775.489785709181
2022-03-21,5794.764729303427,5805.1474716950315,5717.573072250411,5765.80126798093
2022-03-22,5757.429735275801,5799.318026360119,5735.929189084338,5761.125460689529
2022-03-23,5780.502496146033,5804.830986922033,5742.973527580117,5789.864319915059
2022-03-24,5753.325642413043,5786.975120213167,5708.782962910027,5755.7248011760985
2022-03-25,5752.702882053271,5760.54353707466,5650.937713754836,5651.84633132893
2022-03-28,5589.917407683434,5651.499218997254,5539.157333768925,5616.491919429102
2022-03-29,5625.904789129259,5655.256199528336,5584.3125644454885,5597.104674786373
2022-03-30,5635.164521036028,5759.6247103143405,5633.408541005197,5759.6247103143405
2022-03-31,5733.387101714123,5750.8958560913115,5705.8018805321035,5716.980939449317
2022-04-01,5684.781166093251,5809.343447233822,5672.867045767783,5789.496789210933
2022-04-06,5766.056497636574,5791.579463200988,5736.245673857337,5772.835397290482
2022-04-07,5740.594787189514,5792.263478678115,5694.010270441344,5698.726914477647
2022-04-08,5705.628324366266,5739.247174607712,5654.490510561403,5729.4055190860745
2022-04-11,5692.866841584058,5692.866841584058,5537.544282345255,5552.408857489971
2022-04-12,5556.33939418689,5660.616022296863,5519.6169513328105,5660.616022296863
2022-04-13,5626.241692274709,5680.003266939592,5606.364406693143,5606.364406693143
2022-04-14,5650.937713754836,5710.763545037826,5627.599514042736,5676.56277118151
2022-04-15,5637.022592929118,5703.3618850241455,5624.516339802555,5672.744535533073
2022-04-18,5624.291737705588,5649.712611407745,5579.53466529183,5642.51513511858
2022-04-19,5636.481506059152,5669.8655450174065,5573.429571928821,5599.871364253556
2022-04-20,5594.195056712029,5601.617135098162,5499.280252371084,5513.266837500383
2022-04-21,5483.404967790018,5534.369225429042,5388.0103316964605,5411.756898857592
2022-04-22,5372.982409572133,5467.590938326307,5354.524200875949,5435.350328225337
2022-04-25,5327.2656736531535,5361.262263784954,5166.522036528469,5166.726220252984
2022-04-26,5177.00687078233,5244.285408010128,5111.096364508785,5125.042112893181
2022-04-27,5089.779583669386,5275.933885310003,5089.146614123389,5275.933885310003
2022-04-28,5259.527723045197,5340.619289236455,5245.959714551153,5310.563444987801
2022-04-29,5337.903645700401,5443.517677205949,5282.069606231687,5441.71065124399
2022-05-05,5413.655807495585,5473.8185419240235,5405.029045134813,5433.788322732795
2022-05-06,5323.580157425652,5348.470153444069,5287.245663648151,5296.423722065114
2022-05-09,5262.84570856857,5303.6109891680535,5223.458668109565,5254.0147624832825
2022-05-10,5177.405029045135,5329.409602760565,5160.7844738695885,5311.89063919715
2022-05-11,5309.399597758063,5465.477636777573,5307.827383079295,5388.6637196149095
2022-05-12,5352.972404569632,5401.32311053486,5333.61578748558,5364.886524895101
2022-05-13,5398.872905840676,5426.325407601761,5362.650713111659,5405.355739094038
2022-05-16,5441.628977754183,5445.44721340262,5350.195505916224,5362.40569264224
2022-05-17,5369.480658696696,5429.296280793458,5360.47615644557,5429.296280793458
2022-05-18,5441.659605312861,5444.5283866423015,5373.605169931905,5410.337821972211
2022-05-19,5338.6897530397855,5421.79252891752,5332.084409551715,5421.79252891752
2022-05-20,5450.623270819083,5527.600534961359,5450.623270819083,5527.600534961359
2022-05-23,5532.174250390502,5532.592827025757,5461.751283805168,5495.5845269573565
2022-05-24,5494.216496003104,5498.136823513798,5367.183591795899,5367.183591795899
2022-05-25,5368.378066584313,5400.822860409797,5351.083705117865,5400.11842656022
2022-05-26,5410.31740359976,5448.683525436188,5343.140958234219,5417.59655337873
2022-05-27,5458.096395136345,5496.789210931996,5404.641096058233,5429.041051137814
2022-05-30,5458.310788047085,5485.365131545365,5434.5131749548245,5469.3877551020405
2022-05-31,5473.553103082153,5561.045829036968,5457.749282804668,5554.67529683209
2022-06-01,5550.397647803494,5561.525660789579,5512.572612837031,5545.732049698319
2022-06-02,5523.302467560311,5560.188257394004,5514.594031709733,5558.054537472818
2022-06-06,5559.841145062328,5663.229573970659,5523.83334524405,5662.535349307307
2022-06-07,5662.23928290676,5706.169411236231,5647.558473114109,5680.503517064655
2022-06-08,5692.826004839155,5744.208839113435,5652.928505068861,5737.235964921237
2022-06-09,5727.353472654695,5748.619207562965,5658.329164582292,5678.328960398567
2022-06-10,5640.6774815979425,5770.650631438169,5636.99196537044,5767.689967432697
2022-06-13,5707.568069749161,5739.900562526162,5656.011679309043,5700.62582311564
2022-06-14,5637.900582944534,5747.986238016968,5582.93432430501,5745.515614950333
2022-06-15,5753.846310910558,5917.3770558748765,5753.846310910558,5821.78844524303
2022-06-16,5831.98742228257,5860.042266030975,5776.07170932405,5788.373778726099
2022-06-17,5747.577870567938,5882.941470735368,5746.5671611315865,5869.914549111291
2022-06-20,5893.701953017325,5955.906524690918,5859.542015905912,5904.064277036478
2022-06-21,5903.911139243091,5944.594746352768,5848.383375361151,5900.705454768201
2022-06-22,5910.659411338323,5913.048360915152,5825.137058325081,5827.046176149299
2022-06-23,5838.133352390481,5928.096701411931,5815.346448734572,5928.096701411931
2022-06-24,5944.288470765995,6007.25873140652,5932.803136262009,5999.1832651019395
2022-06-27,6026.3090729037995,6106.083654071935,6026.3090729037995,6067.17644536554
2022-06-28,6065.726740921481,6141.284928178376,6018.121305550735,6131.177833814867
2022-06-29,6110.473604149014,6152.1781298812675,6030.770487284459,6040.285448846873
2022-06-30,6042.36812283693,6174.9344059785,6042.36812283693,6133.9343140958235
2022-07-01,6140.100662576187,6155.7002991291565,6084.9914753295025,6108.911598656471
2022-07-04,6082.306459352126,6149.074537268634,6055.405253647232,6149.074537268634
2022-07-05,6162.172923196293,6196.302232749028,6071.882880215619,6140.396728976733
2022-07-06,6122.41835203316,6134.20996212392,6009.882492266542,6051.944339516697
2022-07-07,6055.527763881942,6099.243499300672,6009.127012485836,6080.427969086585
2022-07-08,6118.273422425499,6134.597911200498,6061.7145307347555,6064.481220201938
2022-07-11,6037.018509254627,6037.018509254627,5933.323804759523,5966.41177731723
2022-07-12,5970.893610070342,5995.13021817031,5893.916345928066,5917.356637502425
2022-07-13,5917.938561117294,5956.437402374658,5878.755704382805,5929.056364917153
2022-07-14,5912.69103939725,5972.139130789886,5890.394176680177,5930.87360006534
2022-07-15,5914.038651979051,5976.631172729222,5843.962797725394,5843.962797725394
2022-07-18,5862.798746311932,5915.6823309614,5801.604884074691,5904.656409837572
2022-07-19,5899.204704393013,5899.204704393013,5830.8133658666075,5872.926259047892
2022-07-20,5903.155659462384,5919.776214637931,5873.712366387275,5892.864799746812
2022-07-21,5878.561729844514,5896.254249573766,5831.334034364121,5831.334034364121
2022-07-22,5853.64110626742,5886.300293003645,5792.457453216405,5834.988923032945
2022-07-25,5829.435125726129,5830.680646445672,5785.311022858369,5800.13476125818
2022-07-26,5810.895243540138,5866.004430786823,5803.095425263652,5846.535512654286
2022-07-27,5833.008340905147,5841.308409306695,5806.9851252156695,5817.694561566498
2022-07-28,5842.645812702271,5878.071688905678,5816.132556073956,5819.78744474278
2022-07-29,5822.564343396189,5845.933170666966,5732.2232544843855,5744.974528080367
2022-08-01,5731.94760645629,5781.4927872099315,5689.487600943329,5770.568957948362
2022-08-02,5709.528233504508,5709.528233504508,5609.018795111842,5658.073934926648
2022-08-03,5669.212157098958,5719.043195066922,5591.142510030526,5603.281232452962
2022-08-04,5634.2865310206125,5659.911588447285,5600.136803095426,5650.947922941063
2022-08-05,5666.670069728742,5735.3676838419215,5650.406836071097,5731.865932966483
2022-08-08,5712.090739247175,5731.079825627099,5702.432849077601,5720.309134158917
2022-08-09,5714.234668354586,5739.328848097518,5697.307837592266,5731.641330869516
2022-08-10,5722.22846116936,5738.113954936653,5643.842329327929,5667.793080213576
2022-08-11,5696.7667507223005,5783.953201090341,5676.603607926412,5783.371277475473
2022-08-12,5772.814978918031,5796.428826658227,5758.562954946861,5780.716889056775
2022-08-15,5765.546038325286,5820.553133709713,5758.297516104992,5773.376484160448
2022-08-16,5780.124756255679,5805.351655419547,5752.2536778593385,5762.626211064717
2022-08-17,5769.14988106298,5824.718481689825,5731.253381792937,5816.581760267889
2022-08-18,5801.421118722627,5810.201018876785,5757.000949454319,5765.985033332993
2022-08-19,5758.910067278537,5774.33614766567,5726.526528570407,5726.526528570407
2022-08-22,5704.576778185011,5771.324437729068,5703.341466651693,5768.363773723597
2022-08-23,5761.288807669141,5777.6439240028185,5722.2590887280385,5741.35026697022
2022-08-24,5751.733009361824,5758.940694837214,5628.12018254025,5632.857244949005
2022-08-25,5649.855540014906,5686.414635889373,5601.739645332871,5681.524435687232
2022-08-26,5700.125572990577,5716.633827117641,5665.291829588264,5672.142193545753
2022-08-29,5611.846739696379,5652.326163081541,5606.456289369175,5647.252197527336
2022-08-30,5645.873957386857,5652.2036528468325,5590.489122112076,5628.293738706088
2022-08-31,5602.546171044706,5679.390715766047,5587.977662300538,5632.4999234311035
2022-09-01,5615.032005798817,5649.130687792876,5580.453492052148,5584.026707231166
2022-09-02,5599.360904942268,5601.52525242213,5530.316178497413,5556.237302324633
2022-09-05,5538.003695725414,5547.110289838797,5500.005104593114,5544.935733172709
2022-09-06,5557.676797582465,5598.5543792304325,5537.013404661515,5596.073546977571
2022-09-07,5569.07024941042,5617.155516533778,5564.292350256761,5599.8101091362005
2022-09-08,5605.782483078275,5617.431164561873,5573.827730191627,5576.114587906198
2022-09-09,5593.929617870161,5660.769160090249,5582.393237435044,5653.592102173536
2022-09-13,5678.757746220049,5700.911680329962,5658.1658176026785,5677.522434686731
2022-09-14,5604.230686771957,5646.78257496095,5590.366611877367,5614.337781135467
2022-09-15,5632.98996436994,5647.201151596207,5522.598033710733,5561.821727190126
2022-09-16,5543.128707210749,5550.9693622321365,5431.399373155966,5431.399373155966
2022-09-19,5426.151851435922,5461.24082449388,5401.272064603731,5425.559718634829
2022-09-20,5450.5109697706,5467.24382599463,5417.52508907515,5432.818450041347
2022-09-21,5416.902328715379,5421.057467509265,5366.121836428419,5392.614674684281
2022-09-22,5353.2582617839535,5387.836775530623,5332.206919786424,5345.203213851824
2022-09-23,5339.3431409582345,5371.246847913752,5290.247164398526,5326.796051086768
2022-09-26,5290.43092975059,5378.3728598993375,5287.796959704342,5300.211330154873
2022-09-27,5310.420516380639,5378.1993037335,5288.041980173761,5377.045665689988
2022-09-28,5359.9554879480565,5359.9554879480565,5288.9403885616275,5289.859215321947
2022-09-29,5339.057283743913,5351.5227001255735,5262.018764484284,5287.694867842085
2022-09-30,5296.270584271728,5317.709875345837,5251.881042562099,5256.944798930077
2022-10-10,5259.262284203326,5260.926381558126,5133.801594674888,5140.958234219151
2022-10-11,5156.272013557799,5167.032495839757,5120.407142346684,5150.289430429501
2022-10-12,5143.622831824076,5228.51221529132,5059.060142316056,5228.51221529132
2022-10-13,5190.585088462599,5227.930291676451,5181.294728997153,5185.4192402323615
2022-10-14,5227.756735510613,5338.179293728497,5224.203938704046,5309.491480434095
2022-10-17,5281.548937734174,5319.43522781799,5263.397004624762,5314.943185878654
2022-10-18,5341.772927279967,5348.061785995038,5293.851007136222,5303.692662657861
2022-10-19,5288.76683239579,5306.9085563189765,5218.38470255536,5218.38470255536
2022-10-20,5179.885861297997,5259.466467927841,5152.474196281814,5191.422241733112
2022-10-21,5190.135884268665,5210.503210789068,5149.666670069729,5174.924196792274
2022-10-24,5154.219967126421,5201.519126910394,5004.910618574593,5023.511755877939
2022-10-25,5007.697726414228,5075.221284111443,4970.097293544733,5015.323988524876
2022-10-26,5023.419873201908,5117.242294616697,5023.419873201908,5056.038223193229
2022-10-27,5070.913007524171,5095.170033996591,5020.306071403048,5020.428581637759
2022-10-28,4984.502455309287,5003.256730406019,4885.238537636165,4896.244040387541
2022-10-31,4845.4329205419035,4912.976896611572,4832.936876601566,4851.231738318139
2022-11-01,4866.5965635879165,5024.71643985258,4863.57464446509,5024.71643985258
2022-11-02,5005.6252616103975,5120.447979091587,4992.373737889353,5085.0425212606315
2022-11-03,5039.764780349358,5074.731243172607,5016.681810292902,5043.685107860053
2022-11-04,5042.133311553736,5230.278404508376,5042.133311553736,5208.604302151076
2022-11-07,5191.115966146339,5244.132270216742,5179.793978621964,5219.834406999418
2022-11-08,5217.567967657298,5225.224857326622,5147.910690038898,5183.928699043399
2022-11-09,5186.327857806455,5199.824401996917,5131.698502312382,5135.833222733817
2022-11-10,5096.507437392166,5118.5082337086915,5067.7787873528605,5096.313462853876
2022-11-11,5237.445253238865,5294.228747026575,5181.151800389991,5238.394707557862
2022-11-14,5279.466263744117,5321.385182387113,5229.053302161285,5246.102643158314
2022-11-15,5239.0685138487615,5353.523700625823,5220.375493869384,5345.601372114629
2022-11-16,5338.465150942819,5361.599166930404,5295.453849373666,5301.9264734408025
2022-11-17,5283.794958703842,5284.805668140193,5221.906871803249,5280.191115966147
2022-11-18,5287.398801441538,5310.665536850059,5256.628314157079,5256.628314157079
2022-11-21,5212.463374544415,5212.973833855704,5163.306142867353,5211.769149881063
2022-11-22,5207.5629651560475,5268.083021102389,5187.011873283581,5212.391910240835
2022-11-23,5199.487498851467,5242.345662627233,5189.7989811232155,5217.894661616522
2022-11-24,5242.794866821166,5261.722698083736,5187.195638635644,5194.770854815163
2022-11-25,5187.134383518291,5241.539136915397,5176.414737981237,5220.998254229156
2022-11-28,5118.998274647528,5166.348480362631,5077.7429531092075,5162.336270175905
2022-11-29,5208.420536799012,5330.471358128044,5208.420536799012,5321.609784484079
2022-11-30,5305.203622219274,5348.34764320936,5301.436432501966,5327.990525875182
2022-12-01,5422.374452532389,5454.431297281294,5384.375861400088,5385.692846423212
2022-12-02,5374.12583842942,5390.368653714613,5346.08120386724,5352.758011658891
2022-12-05,5403.4874580147225,5458.4435074680205,5393.502873885923,5457.749282804668
2022-12-06,5433.094098069444,5515.747669753244,5425.733274800667,5487.294667742034
2022-12-07,5471.358128043614,5530.408061173444,5454.390460536391,5473.798123551573
2022-12-08,5466.549601331279,5491.786709681372,5449.929046155731,5474.819042174149
2022-12-09,5478.708742126165,5536.0231135976155,5454.400669722617,5528.846055680902
2022-12-12,5498.320588865862,5508.274545435984,5462.690528937939,5466.886504476728
2022-12-13,5467.039642270115,5482.016518463313,5448.305785545835,5456.156649753449
2022-12-14,5469.673612316363,5497.003603842738,5446.24352992823,5472.57302120448
2022-12-15,5472.276954803932,5485.048646772366,5433.165562373024,5468.5608110177545
2022-12-16,5439.842370164674,5480.474931343223,5437.616767567458,5471.6541944441615
2022-12-19,5469.642984757685,5489.111902890221,5366.795642719319,5387.244642729528
2022-12-20,5370.644505926433,5371.073291747915,5274.218742024073,5298.4043041929135
2022-12-21,5312.2173331563745,5332.584659676777,5287.766332145665,5300.50739655542
2022-12-22,5340.170085042521,5371.890026645976,5287.837796449246,5308.103031107391
2022-12-23,5274.3208338863315,5325.203418035549,5266.275995140428,5297.291502894304
2022-12-26,5300.905554818226,5337.485069065145,5296.709579279436,5318.781839899542
2022-12-27,5346.969403068882,5389.858194403325,5340.966401568131,5384.294187910283
2022-12-28,5366.377066084063,5379.822564343397,5338.771426529592,5361.323518902309
2022-12-29,5337.740298720789,5357.066288246165,5316.025359618586,5341.150166920195
2022-12-30,5365.019244316036,5384.120631744444,5357.862604771774,5361.833978213597
2023-01-03,5352.421108513441,5392.726975732764,5306.22454084185,5384.355443027636
2023-01-04,5382.078794499291,5409.204602301151,5364.835478963972,5391.348735592286
2023-01-05,5419.801737603496,5504.823840491675,5418.066175945116,5496.094986268645
2023-01-06,5497.43238966422,5540.259925881308,5493.134322263173,5513.134118079448
2023-01-09,5537.564700717707,5572.041122602118,5526.855264366877,5557.778889444722
2023-01-10,5559.984073669489,5581.729640330369,5542.199671264204,5563.8023093179245
2023-01-11,5567.549080662781,5600.249104143909,5551.091872466846,5553.899398678932
2023-01-12,5570.142213964125,5582.1482169656265,5544.874478055355,5564.761972823147
2023-01-13,5584.731141080745,5643.025594429868,5578.615838531511,5643.025594429868
2023-01-16,5647.874957887107,5785.4029055344,5647.874957887107,5731.0900348133255
2023-01-17,5732.304927974192,5745.791262978429,5703.4231401415,5730.089534563201
2023-01-18,5734.050698818798,5749.1092485018025,5714.112158119877,5720.49289951098
2023-01-19,5713.938601954038,5756.082122694001,5686.771957407275,5756.082122694001
2023-01-20,5771.089626445877,5802.799358863105,5764.463864585355,5791.426325407602
2023-01-30,5910.669620524549,5911.925350430318,5814.100928015028,5818.878827168686
2023-01-31,5817.817071801207,5834.876621984462,5751.926983900114,5757.256179109963
2023-02-01,5775.642923502568,5811.375075292749,5730.95731539239,5811.375075292749
2023-02-02,5827.280987432492,5827.474961970782,5776.204428744985,5790.9056569100885
2023-02-03,5764.412818654226,5764.412818654226,5682.810793151678,5736.1742095537575
2023-02-06,5683.821502588029,5686.669865545017,5629.794489081275,5660.340374268767
2023-02-07,5676.17482210493,5688.487100693204,5647.670774162591,5670.529142122082
2023-02-08,5678.318751212341,5693.959224510215,5640.463088687202,5645.465589937827
2023-02-09,5633.582097171035,5721.248379291687,5628.6000142928615,5721.248379291687
2023-02-10,5711.88655552266,5713.734418229523,5668.089146614124,5687.251789159886
2023-02-13,5676.960929444314,5743.0858286286,5668.334167083542,5738.859225531134
2023-02-14,5749.486988392156,5750.293514103992,5713.6527447397175,5741.237965921737
2023-02-15,5743.4023134016,5752.682463680821,5700.513522067156,5711.325050280243
2023-02-16,5713.7037906708465,5772.5597492623865,5635.154311849802,5669.487805127053
2023-02-17,5659.431756694675,5684.924094700412,5585.486620861451,5587.804106134701
2023-02-20,,,,5724.893058774285
2023-02-21,,,,5739.941399271064
2023-02-22,,,,5688.139988361529
2023-02-23,,,,5683.566272932385
2023-02-24,,,,5624.557176547458
2023-02-27,,,,5602.025502547192
2023-02-28,,,,5637.512633867955
2023-03-01,,,,5717.144286428929
2023-03-02,,,,5704.3930128329475
2023-03-03,,,,5722.146787679554
2023-03-06,,,,5692.305336341641
2023-03-07,,,,5608.967749180713
2023-03-08,,,,5588.5391675429555
2023-03-09,,,,5568.784392196098
2023-03-10,,,,5495.758083123194
2023-03-13,,,,5553.317475064063
2023-03-14,,,,5520.086573899194
2023-03-15,,,,5523.1391205806995
2023-03-16,,,,5456.993803023962
2023-03-17,,,,5484.242121060531
2023-03-20,,,,5456.891711161704
2023-03-21,,,,5516.870680238078
2023-03-22,,,,5540.515155536952
2023-03-23,,,,5595.440577431574
2023-03-24,,,,5578.758767138672
2023-03-27,,,,5558.575205970333
2023-03-28,,,,5540.61724739921
2023-03-29,,,,5549.795305816174
2023-03-30,,,,5594.848444630479
2023-03-31,,,,5612.020295862217
2023-04-03,,,,5666.945717756838
2023-04-04,,,,5684.311543526866
2023-04-06,,,,5675.358087206869
2023-04-07,,,,5712.264295413013
2023-04-10,,,,5686.680074731244
2023-04-11,,,,5680.217659850334
2023-04-12,,,,5676.256495594736
2023-04-13,,,,5637.206358281182
2023-04-14,,,,5669.099856050474
2023-04-17,,,,5748.598789190514
2023-04-18,,,,5766.3423548508945
2023-04-19,,,,5714.41843370665
2023-04-20,,,,5698.635031801616
2023-04-21,,,,5587.46720298925
2023-04-24,,,,5518.289757123461
2023-04-25,,,,5490.673908382763
2023-04-26,,,,5487.28445855581
2023-04-27,,,,5528.039529969067
2023-04-28,,,,5584.496329797552
2023-05-04,,,,5586.109381221223
2023-05-05,,,,5567.569499035232
2023-05-08,,,,5631.029800614593
2023-05-09,,,,5582.883278373881
2023-05-10,,,,5539.953650294535
2023-05-11,,,,5531.357515492441
2023-05-12,,,,5458.463925840471
2023-05-15,,,,5543.394146052619
2023-05-16,,,,5515.523067656278
2023-05-17,,,,5490.56160733428
2023-05-18,,,,5485.528478524977
2023-05-19,,,,5470.857877918552
2023-05-22,,,,5505.293463058059
2023-05-23,,,,5427.519882390176
2023-05-24,,,,5352.54361874815
2023-05-25,,,,5341.078702616615
2023-05-26,,,,5343.0184479995105
2023-05-29,,,,5320.292799460955
2023-05-30,,,,5325.764923277966
2023-05-31,,,,5274.188114465396
2023-06-01,,,,5289.685659156109
2023-06-02,,,,5366.734387601965
2023-06-05,,,,5342.354850894836
2023-06-06,,,,5292.462557809517
2023-06-07,,,,5267.797163888066
2023-06-08,,,,5311.084113485314
2023-06-09,,,,5336.055782993538
2023-06-12,,,,5347.316515400557
2023-06-13,,,,5378.005329195211
2023-06-14,,,,5383.844983716348
2023-06-15,,,,5471.256036181356
2023-06-16,,,,5525.160539453401
2023-06-19,,,,5485.681616318363
2023-06-20,,,,5477.820542924524
2023-06-21,,,,5398.3522373431615
2023-06-26,,,,5324.386683137487
2023-06-27,,,,5376.841481965473
2023-06-28,,,,5375.105920307093
2023-06-29,,,,5350.287388592255
2023-06-30,,,,5386.315606782983
2023-07-03,,,,5457.820747108248
2023-07-04,,,,5466.416881910343
2023-07-05,,,,5426.498963767599
2023-07-06,,,,5391.512082571899
2023-07-07,,,,5368.5107860052485
2023-07-10,,,,5394.697348674337
2023-07-11,,,,5430.490755581874
2023-07-12,,,,5400.557421567927
2023-07-13,,,,5487.3048769282605
2023-07-14,,,,5490.357423609764
2023-07-17,,,,5452.8590826025265
2023-07-18,,,,5439.107308756419
2023-07-19,,,,5434.809241355371
2023-07-20,,,,5396.9433696440055
2023-07-21,,,,5398.607466998806
2023-07-24,,,,5375.095711120867
2023-07-25,,,,5530.693918387766
2023-07-26,,,,5520.045737154292
2023-07-27,,,,5513.511857969802
2023-07-28,,,,5643.709609906994
2023-07-31,,,,5674.663862543517
2023-08-01,,,,5651.17252503803
2023-08-02,,,,5611.816112137702
2023-08-03,,,,5661.4123388224725
2023-08-04,,,,5683.69899235332
2023-08-07,,,,5640.6774815979425
2023-08-08,,,,5625.996671805291
2023-08-09,,,,5610.233688272708
2023-08-10,,,,5622.351992322692
2023-08-11,,,,5494.9821849700365
2023-08-14,,,,5454.880501475228
2023-08-15,,,,5441.628977754183
2023-08-16,,,,5401.731477983891
2023-08-17,,,,5419.7915284172705
2023-08-18,,,,5353.390981204889
2023-08-21,,,,5276.393298690162
2023-08-22,,,,5317.178997662097
2023-08-23,,,,5230.0333840389585
2023-08-24,,,,5268.123857847291
2023-08-25,,,,5251.717695582485
2023-08-28,,,,5314.167287725496
2023-08-29,,,,5367.377566334188
2023-08-30,,,,5365.111126992068
2023-08-31,,,,5332.81947095997
2023-09-01,,,,5370.542414064175
2023-09-04,,,,5451.940255842207
2023-09-05,,,,5411.379158967239
2023-09-06,,,,5399.638594807609
2023-09-07,,,,5323.774131963941
2023-09-08,,,,5297.5977784810775
2023-09-11,,,,5336.841890332922
2023-09-12,,,,5327.020653183735
2023-09-13,,,,5293.085318169289
2023-09-14,,,,5288.634112974855
2023-09-15,,,,5254.361874814958
2023-09-18,,,,5281.22224377495
2023-09-19,,,,5271.013057549183
2023-09-20,,,,5250.706986146134
2023-09-21,,,,5203.632428459128
2023-09-22,,,,5297.842798950496
2023-09-25,,,,5263.37658625231
2023-09-26,,,,5232.636726526529
2023-09-27,,,,5243.570764974324
2023-09-28,,,,5228.216148890772
2023-10-09,,,,5221.4270400506375
2023-10-10,,,,5182.315647619729
2023-10-11,,,,5197.088340088412
2023-10-12,,,,5246.4905922348935
2023-10-13,,,,5191.299731498403
2023-10-16,,,,5139.416647099059
2023-10-17,,,,5157.558371022246
2023-10-18,,,,5116.742044491633
2023-10-19,,,,5007.575216179519
2023-10-20,,,,4975.048748864228
2023-10-23,,,,4923.625077845045
2023-10-24,,,,4942.0118222376495
2023-10-25,,,,4969.454114812509
2023-10-26,,,,4983.185470286164
2023-10-27,,,,5051.944339516698
2023-10-30,,,,5082.275831793449
2023-10-31,,,,5066.298455350124
2023-11-01,,,,5064.195362987617
2023-11-02,,,,5040.31607640555
2023-11-03,,,,5082.786291104737
2023-11-06,,,,5151.524741962819
2023-11-07,,,,5133.301344549826
2023-11-08,,,,5121.111576196262
2023-11-09,,,,5123.602617635349
2023-11-10,,,,5086.2472052352705
2023-11-13,,,,5076.211575175343
2023-11-14,,,,5079.9583465201995
2023-11-15,,,,5115.680289124154
2023-11-16,,,,5066.359710467479
2023-11-17,,,,5060.275035476922
2023-11-20,,,,5071.97476289165
2023-11-21,,,,5078.702616614431
2023-11-22,,,,5027.319782340151
2023-11-23,,,,5051.57680881257
2023-11-24,,,,5018.233606599219
2023-11-27,,,,4981.296770834397
2023-11-28,,,,4990.638176230973
2023-11-29,,,,4948.055660483304
2023-11-30,,,,4959.255137772969
2023-12-01,,,,4940.357934069076
2023-12-04,,,,4908.096905595655
2023-12-05,,,,4814.642014884994
2023-12-06,,,,4822.217231064512
2023-12-07,,,,4810.425620973752
2023-12-08,,,,4822.462251533931
2023-12-11,,,,4850.833580055334
2023-12-12,,,,4861.25715919184
2023-12-13,,,,4780.114547069454
2023-12-14,,,,4755.081622443875
2023-12-15,,,,4740.319139161417
2023-12-18,,,,4723.02477769497
2023-12-19,,,,4729.660748741718
2023-12-20,,,,4682.055313370972
2023-12-21,,,,4729.436146644751
2023-12-22,,,,4738.461067268328
2023-12-25,,,,4753.21334136456
2023-12-26,,,,4721.033986380946
2023-12-27,,,,4737.460567018204
2023-12-28,,,,4848.475258037182
2023-12-29,,,,4872.007432287573
2024-01-02,,,,4808.445038845954
2024-01-03,,,,4797.010750273096
2024-01-04,,,,4752.641626935918
2024-01-05,,,,4727.169707302632
2024-01-08,,,,4666.037100182745
2024-01-09,,,,4675.184531041032
2024-01-10,,,,4653.357290890343
2024-01-11,,,,4679.686782166594
2024-01-12,,,,4663.352084205369
2024-01-15,,,,4658.737532031322
2024-01-16,,,,4687.078232994048
2024-01-17,,,,4585.12929934355
2024-01-18,,,,4649.947422690938
2024-01-19,,,,4642.913293381384
2024-01-22,,,,4570.6730916478655
2024-01-23,,,,4589.182346275178
2024-01-24,,,,4653.326663331666
2024-01-25,,,,4746.771344856102
2024-01-26,,,,4733.8567242805075
2024-01-29,,,,4691.457973884902
2024-01-30,,,,4607.79369276475
2024-01-31,,,,4565.6399628385625
2024-02-01,,,,4568.988575920614
2024-02-02,,,,4514.9105164827315
2024-02-05,,,,4544.435483047646
2024-02-06,,,,4702.432849077601
2024-02-07,,,,4747.782054292453
2024-02-08,,,,4778.031873079397
2024-02-19,,,,4833.232943002114
2024-02-20,,,,4843.237945503364
2024-02-21,,,,4908.586946534492
2024-02-22,,,,4950.904023440292
2024-02-23,,,,4955.253136772469
2024-02-26,,,,4903.594654470093
2024-02-27,,,,4962.419985502956
2024-02-28,,,,4899.194495206788
2024-02-29,,,,4992.659595103674
2024-03-01,,,,5023.501546691713
2024-03-04,,,,5027.85066002389
2024-03-05,,,,5062.8477504058155
2024-03-06,,,,5042.306867719574
2024-03-07,,,,5012.026421373953
2024-03-08,,,,5033.58822268277
2024-03-11,,,,5096.568692509521
2024-03-12,,,,5108.258210738022
2024-03-13,,,,5072.577104878971
2024-03-14,,,,5058.171943114415
2024-03-15,,,,5069.208073424468
2024-03-18,,,,5116.82371798144
2024-03-19,,,,5080.050229196231
2024-03-20,,,,5091.065941133833
2024-03-21,,,,5084.97105695705
2024-03-22,,,,5033.720942103705
2024-03-25,,,,5006.401159763555
2024-03-26,,,,5031.944543700422
2024-03-27,,,,4973.782809772233
2024-03-28,,,,4999.59163255097
2024-03-29,,,,5023.185061918715
2024-04-01,,,,5105.767169298935
2024-04-02,,,,5084.5116435768905
2024-04-03,,,,5066.23720023277
2024-04-08,,,,5021.65368398485
2024-04-09,,,,5017.508754377189
2024-04-10,,,,4976.641381915448
2024-04-11,,,,4975.977784810773
2024-04-12,,,,4935.651499218998
2024-04-15,,,,5039.642270114649
2024-04-16,,,,4985.737766842605
2024-04-17,,,,5062.827332033364
2024-04-18,,,,5069.473512266338
2024-04-19,,,,5029.718941103205
2024-04-22,,,,5015.293360966198
2024-04-23,,,,4980.612755357271
2024-04-24,,,,5002.480832252861
2024-04-25,,,,5014.782901654909
2024-04-26,,,,5091.678492307379
2024-04-29,,,,5148.227174811896
2024-04-30,,,,5124.184541250217
2024-05-06,,,,5200.212351073496
2024-05-07,,,,5201.8254024971675
2024-05-08,,,,5160.917193290523
2024-05-09,,,,5209.737521822136
2024-05-10,,,,5212.851323620995
2024-05-13,,,,5210.605302651326
2024-05-14,,,,5200.32465212198
2024-05-15,,,,5160.457779910364
2024-05-16,,,,5180.835315616993
2024-05-17,,,,5234.954211799777
2024-05-20,,,,5253.44304805464
2024-05-21,,,,5233.820992128718
2024-05-22,,,,5246.296617696604
2024-05-23,,,,5185.61321477065
2024-05-24,,,,5128.993067962553
2024-05-27,,,,5178.1707180120675
2024-05-28,,,,5140.784678053313
2024-05-29,,,,5147.73713387306
2024-05-30,,,,5121.244295617197
2024-05-31,,,,5100.846341538117
2024-06-03,,,,5113.709916182582
2024-06-04,,,,5152.627334075201
2024-06-05,,,,5125.123786382987
2024-06-06,,,,5122.796091923513
2024-06-07,,,,5100.070443384958
2024-06-11,,,,5056.548682504517
2024-06-12,,,,5058.845749405315
2024-06-13,,,,5035.772988535085
2024-06-14,,,,5065.063143816807
2024-06-17,,,,5057.8146215965135
2024-06-18,,,,5071.433676021685
2024-06-19,,,,5055.09897806046
2024-06-20,,,,5019.734356974406
2024-06-21,,,,5009.9539565701225
2024-06-24,,,,4983.849067390838
2024-06-25,,,,4956.74367796143
2024-06-26,,,,4992.026625557677
2024-06-27,,,,4957.672713907975
2024-06-28,,,,4972.353523700626
2024-07-01,,,,4996.19197353779
2024-07-02,,,,4987.0037059346
2024-07-03,,,,4975.661300037775
2024-07-04,,,,4950.8427683229365
2024-07-05,,,,4930.94506436892
2024-07-08,,,,4891.782626006881
2024-07-09,,,,4951.557411358741
2024-07-10,,,,4941.501362926361
2024-07-11,,,,5008.208185725516
2024-07-12,,,,5021.612847239947
2024-07-15,,,,5028.25902747292
2024-07-16,,,,5065.767577666385
2024-07-17,,,,5072.189155802392
2024-07-18,,,,5101.632448877501
2024-07-19,,,,5131.759757429735
2024-07-22,,,,5096.946432399874
2024-07-23,,,,4989.106798297108
2024-07-24,,,,4959.13262753826
2024-07-25,,,,4932.088493226205
2024-07-26,,,,4952.700840216027
2024-07-29,,,,4926.544905105615
2024-07-30,,,,4896.6421986503465
2024-07-31,,,,5002.317485273249
2024-08-01,,,,4969.433696440056
2024-08-02,,,,4918.745086829129
2024-08-05,,,,4859.082602525754
2024-08-06,,,,4858.694653449174
2024-08-07,,,,4856.530305969312
2024-08-08,,,,4859.256158691591
2024-08-09,,,,4844.258864125941
2024-08-12,,,,4835.887331420813
2024-08-13,,,,4848.31191105757
2024-08-14,,,,4812.753315433228
2024-08-15,,,,4861.093812212229
2024-08-16,,,,4868.413798736103
2024-08-19,,,,4884.973098794296
2024-08-20,,,,4850.098518647079
2024-08-21,,,,4834.202815693561
2024-08-22,,,,4821.921164663965
2024-08-23,,,,4843.595267021266
2024-08-26,,,,4840.573347898439
2024-08-27,,,,4813.069800206225
2024-08-28,,,,4788.598380823065
2024-08-29,,,,4775.755224551051
2024-08-30,,,,4839.501383344734
2024-09-02,,,,4757.899357842187
2024-09-03,,,,4770.160590499332
2024-09-04,,,,4739.2675929801635
2024-09-05,,,,4747.751426733776
2024-09-06,,,,4709.262794662638
2024-09-09,,,,4654.031097181244
2024-09-10,,,,4658.124980857777
2024-09-11,,,,4645.036804116344
2024-09-12,,,,4625.128890976101
2024-09-13,,,,4606.456289369175
2024-09-18,,,,4623.607722228461
2024-09-19,,,,4660.820206021378
2024-09-20,,,,4668.426049759574
2024-09-23,,,,4685.50601831528
2024-09-24,,,,4888.474849669734
2024-09-25,,,,4961.1336280385085
2024-09-26,,,,5171.616420455125
2024-09-27,,,,5402.619677185532
2024-09-30,,,,5861.124439770906
2024-10-08,,,,6208.66555726843
2024-10-09,,,,5770.946697838715
2024-10-10,,,,5833.753611499628
2024-10-11,,,,5672.499515063655
2024-10-14,,,,5780.737307429225
2024-10-15,,,,5627.0380088003185
2024-10-16,,,,5591.499831548428
2024-10-17,,,,5528.213086134904
2024-10-18,,,,5732.233463670611
2024-10-21,,,,5746.975528580618
2024-10-22,,,,5780.043082765873
2024-10-23,,,,5802.891241539137
2024-10-24,,,,5738.399812150974
2024-10-25,,,,5779.154883564232
2024-10-28,,,,5790.456452716155
2024-10-29,,,,5732.743922981899
2024-10-30,,,,5681.820502087779
2024-10-31,,,,5684.464681320253
2024-11-01,,,,5683.494808628805
2024-11-04,,,,5763.473573521455
2024-11-05,,,,5909.301589570296
2024-11-06,,,,5880.031852661025
2024-11-07,,,,6058.723239170606
2024-11-08,,,,5997.947953568621
2024-11-11,,,,6037.6412696144
2024-11-12,,,,5971.312186705598
2024-11-13,,,,6008.953456319997
2024-11-14,,,,5904.778920072282
2024-11-15,,,,5801.431327908853
2024-11-18,,,,5774.683259997346
2024-11-19,,,,5813.437330910353
2024-11-20,,,,5826.423415789528
2024-11-21,,,,5831.762820185604
2024-11-22,,,,5651.080642361998
2024-11-25,,,,5625.731232963421
2024-11-26,,,,5614.164224969628
2024-11-27,,,,5711.9171830813375
2024-11-28,,,,5662.423048258824
2024-11-29,,,,5727.128870557728
2024-12-02,,,,5772.580167634838
2024-12-03,,,,5778.807771232555
2024-12-04,,,,5747.618707312841
2024-12-05,,,,5734.499903012731
2024-12-06,,,,5809.884534103787
2024-12-09,,,,5800.277689865342
2024-12-10,,,,5842.829578054333
2024-12-11,,,,5833.181897070985
2024-12-12,,,,5891.251748323141
2024-12-13,,,,5752.029075762372
2024-12-16,,,,5720.829802656431
2024-12-17,,,,5735.735214546049
2024-12-18,,,,5764.964114710417
2024-12-19,,,,5770.191218058009
2024-12-20,,,,5749.129666874253
2024-12-23,,,,5757.654337372769
2024-12-24,,,,5831.007340404896
2024-12-25,,,,5833.91695847924
2024-12-26,,,,5836.663229573971
2024-12-27,,,,5827.464752784556
2024-12-30,,,,5854.539514655287
2024-12-31,,,,5760.635419750693
2025-01-02,,,,5592.980163551164
2025-01-03,,,,5526.7633816908465
2025-01-06,,,,5517.697624322366
2025-01-07,,,,5558.810017253525
2025-01-08,,,,5550.295555941236
2025-01-09,,,,5536.61524639871
2025-01-10,,,,5468.867086604528
2025-01-13,,,,5454.2679503016825
2025-01-14,,,,5597.890782125757
2025-01-15,,,,5561.974864983513
2025-01-16,,,,5568.365815560843
2025-01-17,,,,5586.007289358966
2025-01-20,,,,5611.979459117314
2025-01-21,,,,5616.328572449491
2025-01-22,,,,5565.078457596145
2025-01-23,,,,5577.053833038968
2025-01-24,,,,5623.25040071056
2025-01-27,,,,5600.483915427101
2025-02-05,,,,5568.212677767456
2025-02-06,,,,5638.268113648661
2025-02-07,,,,5711.447560514952
2025-02-10,,,,5723.708793172097
2025-02-11,,,,5697.409929454524
2025-02-12,,,,5751.294014354116
2025-02-13,,,,5729.691376300396
2025-02-14,,,,5779.3794856611985
2025-02-17,,,,5791.691764249473
2025-02-18,,,,5740.901062776287
2025-02-19,,,,5781.074210574676
2025-02-20,,,,5764.545538075161
2025-02-21,,,,5837.24515318884
2025-02-24,,,,5824.442833661729
2025-02-25,,,,5759.788057293954
2025-02-26,,,,5810.098927014528
2025-02-27,,,,5822.094720829803
2025-02-28,,,,5707.54765137671
2025-03-03,,,,5705.240375289686
2025-03-04,,,,5700.462476136027
2025-03-05,,,,5725.924186583088
2025-03-06,,,,5804.657430756195
2025-03-07,,,,5786.73009974375
2025-03-10,,,,5764.412818654226
2025-03-11,,,,5782.911864095314
2025-03-12,,,,5762.105542567202
2025-03-13,,,,5739.134873559229
2025-03-14,,,,5878.490265540934
2025-03-17,,,,5864.156568079959
2025-03-18,,,,5880.205408826863
2025-03-19,,,,5883.788833192106
2025-03-20,,,,5832.18139682086
2025-03-21,,,,5743.708588988373
2025-03-24,,,,5773.284601484416
2025-03-25,,,,5769.537830139559
2025-03-26,,,,5750.548743759636
2025-03-27,,,,5769.701177119172
2025-03-28,,,,5744.586579003788
2025-03-31,,,,5703.698788169595
2025-04-01,,,,5704.760543537075
2025-04-02,,,,5699.921389266062
2025-04-03,,,,5666.3433757695175
2025-04-07,,,,5267.123357597166
2025-04-08,,,,5357.096915804842
2025-04-09,,,,5409.970291268083
2025-04-10,,,,5480.883298792253
2025-04-11,,,,5503.476227909874
2025-04-14,,,,5516.135618829823
2025-04-15,,,,5519.208583883779
2025-04-16,,,,5536.982777102838
2025-04-17,,,,5536.196669763453
2025-04-18,,,,5538.095578401446
2025-04-21,,,,5556.237302324633
2025-04-22,,,,5558.228093638657
2025-04-23,,,,5562.53637022593
2025-04-24,,,,5558.830435625977
2025-04-25,,,,5563.40415105512
2025-04-28,,,,5555.512450102603
2025-04-29,,,,5545.915815050383
2025-04-30,,,,5540.566201468081
2025-05-06,,,,5596.369613378118
2025-05-07,,,,5630.294739206339
2025-05-08,,,,5661.545058243408
2025-05-09,,,,5652.989760186216
2025-05-12,,,,5718.542944941859
2025-05-13,,,,5727.353472654695
2025-05-14,,,,5796.92907678329
2025-05-15,,,,5745.239966922238
2025-05-16,,,,5718.645036804117
2025-05-19,,,,5701.258792661637
2025-05-20,,,,5733.070616941124
2025-05-21,,,,5761.4113179038495
2025-05-22,,,,5757.909567028413
2025-05-23,,,,5712.019274943595
2025-05-26,,,,5679.799083215077
2025-05-27,,,,5649.416545007198
2025-05-28,,,,5645.200151095956
2025-05-29,,,,5678.686281916469
2025-05-30,,,,5652.30574470909
2025-06-03,,,,5669.6409429204405
2025-06-04,,,,5694.265500096988
2025-06-05,,,,5708.078529060449
2025-06-06,,,,5706.475686823004
2025-06-09,,,,5723.473981888904
2025-06-10,,,,5694.336964400568
2025-06-11,,,,5739.430939959776
2025-06-12,,,,5742.687670365796
2025-06-13,,,,5703.933599452788
2025-06-16,,,,5718.410225520924
2025-06-17,,,,5713.877346836684
2025-06-18,,,,5721.983440699942
2025-06-19,,,,5675.613316862513
2025-06-20,,,,5686.200242978633
2025-06-23,,,,5703.586487121112
2025-06-24,,,,5771.967616461292
2025-06-25,,,,5859.511388347235
2025-06-26,,,,5844.891833671939
2025-06-27,,,,5812.98812671642
2025-06-30,,,,5839.623893579444
2025-07-01,,,,5849.700360384274
2025-07-02,,,,5851.068391338527
2025-07-03,,,,5887.964390358445
2025-07-04,,,,5909.383263060102
2025-07-07,,,,5886.6780328939985
2025-07-08,,,,5936.1211217853825
2025-07-09,,,,5926.371348939776
2025-07-10,,,,5957.192882155364
2025-07-11,,,,5972.6597992873985
2025-07-14,,,,5979.499954058662
2025-07-15,,,,5982.5729191126175
2025-07-16,,,,5967.687925595451
2025-07-17,,,,6012.026421373953
2025-07-18,,,,6054.9968861982015
2025-07-21,,,,6095.925513777298
2025-07-22,,,,6146.55286827087
2025-07-23,,,,6148.165919694541
2025-07-24,,,,6192.341068493431
2025-07-25,,,,6162.346479362131
2025-07-28,,,,6176.8128962440405
2025-07-29,,,,6202.019377035456
2025-07-30,,,,6200.9167849230735
2025-07-31,,,,6089.126195750937
2025-08-01,,,,6058.325080907801
2025-08-04,,,,6082.000183765353
2025-08-05,,,,6130.932813345449
2025-08-06,,,,6145.919898724873
2025-08-07,,,,6147.686087941931
2025-08-08,,,,6135.496319588366
2025-08-11,,,,6161.723719002359
2025-08-12,,,,6193.576380026749
2025-08-13,,,,6242.723402517586
2025-08-14,,,,6238.752029075763
2025-08-15,,,,6282.835295198621
2025-08-18,,,,6338.240548845852
2025-08-19,,,,6314.667537850558
2025-08-20,,,,6387.561127502528
2025-08-21,,,,6412.563424569428
2025-08-22,,,,6548.294555440986
2025-08-25,,,,6685.669365294893
2025-08-26,,,,6660.789578462702
2025-08-27,,,,6561.495033230902
2025-08-28,,,,6677.665363293892
2025-08-29,,,,6729.538238507009
2025-09-01,,,,6770.507702831008
2025-09-02,,,,6720.737919980398
2025-09-03,,,,6674.8986738267095
2025-09-04,,,,6534.052740656043
2025-09-05,,,,6676.879255954508
2025-09-08,,,,6687.905177078335
2025-09-09,,,,6641.034803115844
2025-09-10,,,,6654.776367775725
2025-09-11,,,,6808.7717328051785
2025-09-12,,,,6770.232054802912
2025-09-15,,,,6786.791354861104
2025-09-16,,,,6773.621504629867
2025-09-17,,,,6815.907953976989
2025-09-18,,,,6736.8786434033345
2025-09-19,,,,6742.646833620893
2025-09-22,,,,6773.631713816092
2025-09-23,,,,6769.405110718625
2025-09-24,,,,6839.460546599831
2025-09-25,,,,6880.920051862667
2025-09-26,,,,6816.591969454115
2025-09-29,,,,6921.532194668764
2025-09-30,,,,6954.038243611602
2025-10-09,,,,7057.1101877469355
2025-10-10,,,,6918.694040898001
2025-10-13,,,,6884.9424712356185
2025-10-14,,,,6802.646221069719
2025-10-15,,,,6904.75850169983
2025-10-16,,,,6924.635787281396
2025-10-17,,,,6769.7420138640755
2025-10-20,,,,6806.209227062512
2025-10-21,,,,6910.710457269452
2025-10-22,,,,6888.005227103348
2025-10-23,,,,6908.7707118865565
2025-10-24,,,,6995.650886667825
2025-10-27,,,,7079.059938132332
2025-10-28,,,,7043.858664025891
2025-10-29,,,,7128.01298608488
2025-10-30,,,,7071.147818807363
2025-10-31,,,,6967.187675470389
2025-11-03,,,,6986.758685465183
2025-11-04,,,,6934.773509203582
2025-11-05,,,,6947.739175710305
2025-11-06,,,,7047.054139314556
2025-11-07,,,,7025.410664515932
2025-11-10,,,,7050.729446355832
2025-11-11,,,,6986.329899643701
2025-11-12,,,,6977.3662341374775
2025-11-13,,,,7061.714530734756
2025-11-14,,,,6950.730467274455
2025-11-17,,,,6905.616073342794
2025-11-18,,,,6861.9922206000965
2025-11-19,,,,6892.180784269686
2025-11-20,,,,6858.143357392983
2025-11-21,,,,6691.141489111903
2025-11-24,,,,6682.994558503742
2025-11-25,,,,6746.781554042328
2025-11-26,,,,6787.761227552553
2025-11-27,,,,6784.422823656727
2025-11-28,,,,6801.5232105848845
2025-12-01,,,,6876.387173178427
2025-12-02,,,,6843.10522608243
2025-12-03,,,,6808.11834488673
2025-12-04,,,,6831.446335412605
2025-12-05,,,,6888.50547722841
2025-12-08,,,,6944.421190186931
2025-12-09,,,,6909.168870149361
2025-12-10,,,,6899.55181672469
2025-12-11,,,,6840.8796234852125
2025-12-12,,,,6885.064981470327
2025-12-15,,,,6843.830078304459
2025-12-16,,,,6761.9421955875905
2025-12-17,,,,6886.892425804739
2025-12-18,,,,6847.627895580444
2025-12-19,,,,6874.937468734367
2025-12-22,,,,6940.327306510399
2025-12-23,,,,6954.262845708569
2025-12-24,,,,6974.415779318231
2025-12-25,,,,6988.351318516401
2025-12-26,,,,7010.484834253863
2025-12-29,,,,6983.624465293871
2025-12-30,,,,7001.551796306317
2025-12-31,,,,6969.423487253832
2026-01-05,,,,7101.632448877501
2026-01-06,,,,7211.44245592184
2026-01-07,,,,7190.360486365632
2026-01-08,,,,7131.698502312381
2026-01-09,,,,7164.102459392962
2026-01-12,,,,7211.146389521292
2026-01-13,,,,7167.747138875561
2026-01-14,,,,7140.3252646731535
2026-01-15,,,,7154.80189074129
2026-01-16,,,,7129.146205755939
2026-01-19,,,,7133.046114894182
2026-01-20,,,,7109.5751957611465
2026-01-21,,,,7115.884472848669
2026-01-22,,,,7116.854345540117
2026-01-23,,,,7086.594317566947
2026-01-26,,,,7093.322171289727
2026-01-27,,,,7091.402844279283
2026-01-28,,,,7109.942726465274
2026-01-29,,,,7164.102459392962
2026-01-30,,,,7092.8423395371165
2026-02-02,,,,6941.593245602393
2026-02-03,,,,7023.17485273249
2026-02-04,,,,7081.357005033129
2026-02-05,,,,7039.305366969199
2026-02-06,,,,7001.623260609897
2026-02-09,,,,7116.200957621669
2026-02-10,,,,7124.194750436443
2026-02-11,,,,7108.533858766118
2026-02-12,,,,7118.161121377016
2026-02-13,,,,7028.91241539137
2026-02-24,,,,7100.009188267603
2026-02-25,,,,7142.755050994885
2026-02-26,,,,7129.166624128391
2026-02-27,,,,7104.684995559004
2026-03-02,,,,7131.872058478219
2026-03-03,,,,7022.113097365009
2026-03-04,,,,6941.766801768231
2026-03-05,,,,7009.739563659381
2026-03-06,,,,7028.973670508724
2026-03-09,,,,6961.123418852284
2026-03-10,,,,7050.566099376219
2026-03-11,,,,7095.415054466009
2026-03-12,,,,7069.871670529143
2026-03-13,,,,7042.092474808834
2026-03-16,,,,7045.747363477658
2026-03-17,,,,6994.282855713572
2026-03-18,,,,7025.798613592511
2026-03-19,,,,6912.558319976315
2026-03-20,,,,6888.066482220703
2026-03-23,,,,6663.311247460465
2026-03-24,,,,6748.87443721861
2026-03-25,,,,6843.503384345234
2026-03-26,,,,6753.111249502303
2026-03-27,,,,6790.864820165185
2026-03-30,,,,6774.856816163184
2026-03-31,,,,6711.661953425693
2026-04-01,,,,6826.311114741044
2026-04-02,,,,6755.193923492358
2026-04-03,,,,6697.685577482619
2026-04-07,,,,6697.532439689233
2026-04-08,,,,6931.220712397015
2026-04-09,,,,6886.974099294545
2026-04-10,,,,6993.384447325704
2026-04-13,,,,7007.840655021389
2026-04-14,,,,7090.994476830252
2026-04-15,,,,7067.135608620637
2026-04-16,,,,7144.613122887976
2026-04-17,,,,7132.964441404377
2026-04-20,,,,7176.363692050107
2026-04-21,,,,7192.637134893978
2026-04-22,,,,7245.439046053639
2026-04-23,,,,7225.357576747559
2026-04-24,,,,7199.977539790304
2026-04-27,,,,7202.366489367133
2026-04-28,,,,7183.428448918337
2026-04-29,,,,7262.529223795572
2026-04-30,,,,7258.639523843554
2026-05-06,,,,7364.008534879685
2026-05-07,,,,7399.362946779513
2026-05-08,,,,7356.47415544507
2026-05-11,,,,7477.483639779074
2026-05-12,,,,7472.031934334515
2026-05-13,,,,7551.102081653072
2026-05-14,,,,7424.671519433186
2026-05-15,,,,7342.354850894835
2026-05-18,,,,7303.110739042992
2026-05-19,,,,7332.870516891099
2026-05-20,,,,7330.614286735205
2026-05-21,,,,7228.593888781125
2026-05-22,,,,7322.794050086268
2026-05-25,,,,7438.535594327776
2026-05-26,,,,7478.882298292004
2026-05-27,,,,7421.128931812846
2026-05-28,,,,7430.929750589581
2026-05-29,,,,7399.311900848384
2026-06-01,,,,7327.153372604671
2026-06-02,,,,7433.665812498087
2026-06-03,,,,7470.531183959327
2026-06-04,,,,7419.669018182562
2026-06-05,,,,7289.5631489214
2026-06-08,,,,7133.964941654501
2026-06-09,,,,7267.623607722229
2026-06-10,,,,7194.342068993681
2026-06-11,,,,7155.7513450602855
2026-06-12,,,,7243.060305663036
2026-06-15,,,,7417.627180937408
2026-06-16,,,,7406.488958765097
2026-06-17,,,,7478.800624802198
2026-06-18,,,,7495.237414625681
2026-06-22,,,,7674.602607426163
2026-06-23,,,,7461.9656767159095
2026-06-24,,,,7498.157241886251
2026-06-25,,,,7615.53225592388
2026-06-26,,,,7395.646802993334
2026-06-29,,,,7490.1226123265715
2026-06-30,,,,7570.907902931058
2026-07-01,,,,7540.086369715471
2026-07-02,,,,7317.801758021868
2026-07-03,,,,7364.345438025135
2026-07-06,,,,7364.86610652265
2026-07-07,,,,7289.277291707079
2026-07-08,,,,7233.524925728171
2026-07-09,,,,7418.3826607181145
2026-07-10,,,,7281.548937734174
2026-07-13,,,,7154.107666077938
2026-07-14,,,,7308.429725066616
2026-07-15,,,,7294.055190860738
2026-07-16,,,,7165.327561740054
2026-07-17,,,,6911.904932057866
2026-07-20,,,,7018.529672999766
2026-07-21,,,,7233.64743596288
2026-07-22,,,,7200.508417474044
2026-07-23,,,,7217.118763463364
2026-07-24,,,,7097.518146828517
2026-07-27,,,,7178.915988606548
2026-07-28,,,,6976.855774826188
2026-07-29,,,,7024.328490776001
2026-07-30,,,,6948.412982001205
2026-07-31,,,,7009.627262610898
2026-08-03,,,,6941.603454788619
2026-08-04,,,,7029.841451337915
2026-08-05,,,,7117.272922175373
2026-08-06,,,,7106.818715480189
2026-08-07,,,,7174.383109922309
2026-08-10,,,,7186.981245724904
2026-08-11,,,,7129.4320629702615
2026-08-12,,,,7170.901777419323
2026-08-13,,,,7130.963440904126
2026-08-14,,,,7134.301844799951
2026-08-17,,,,7249.308327633205
2026-08-18,,,,7225.939500362427
2026-08-19,,,,7017.222897162867
2026-08-20,,,,7023.562801809068
2026-08-21,,,,7066.992680013476
2026-08-24,,,,6981.848066890589
2026-08-25,,,,6964.87019019714
2026-08-26,,,,7024.287654031097
2026-08-27,,,,7087.135404436913
2026-08-28,,,,7055.803411910037
2026-08-31,,,,7080.274831293198
2026-09-01,,,,7059.631856744699
2026-09-02,,,,6962.450613061634
2026-09-03,,,,6969.607252605895
2026-09-04,,,,6963.359230635727
2026-09-07,,,,7004.65538891895
2026-09-08,,,,6979.959367438822
2026-09-09,,,,7001.408867699156
2026-09-10,,,,6967.810435830161
