Date,Open,High,Low,Close,Net_Close,n_holdings
2005-09-16,1000.0,1000.0,1000.0,1000.0,997.19,46
2005-09-19,996.4067517531263,996.4067517531263,996.4067517531263,996.4067517531263,993.6068487807,46
2005-09-20,988.1820225643964,988.1820225643964,988.1820225643964,988.1820225643964,985.4052310809906,46
2005-09-21,970.0439751508453,970.0439751508453,970.0439751508453,970.0439751508453,967.3181515806715,46
2005-09-22,957.9137133081811,957.9137133081811,957.9137133081811,957.9137133081811,955.2219757737851,46
2005-09-23,954.691274190514,954.691274190514,954.691274190514,954.691274190514,952.0085917100387,46
2005-09-26,958.6488126675662,958.6488126675662,958.6488126675662,958.6488126675662,955.9550095039704,46
2005-09-27,951.7483551127758,951.7483551127758,951.7483551127758,951.7483551127758,949.0739422349089,46
2005-09-28,953.9745047230592,953.9745047230592,953.9745047230592,953.9745047230592,951.2938363647875,46
2005-09-29,966.3826183977444,966.3826183977444,966.3826183977444,966.3826183977444,963.6670832400467,46
2005-09-30,970.0553406091435,970.0553406091435,970.0553406091435,970.0553406091435,967.3294851020319,46
2005-10-10,963.7247465548919,963.7247465548919,963.7247465548919,963.7247465548919,961.0166800170726,46
2005-10-11,972.6016989886219,972.6016989886219,972.6016989886219,972.6016989886219,969.8686882144639,46
2005-10-12,975.8479569758468,975.8479569758468,975.8479569758468,975.8479569758468,973.1058242167447,46
2005-10-13,964.3112957786435,964.3112957786435,964.3112957786435,964.3112957786435,961.6015810375056,46
2005-10-14,949.073959944519,949.073959944519,949.073959944519,949.073959944519,946.4070621170749,46
2005-10-17,942.9889132381189,942.9889132381189,942.9889132381189,942.9889132381189,940.3391143919199,46
2005-10-18,947.1095239262719,947.1095239262719,947.1095239262719,947.1095239262719,944.4481461640391,46
2005-10-19,946.8958456134357,946.8958456134357,946.8958456134357,946.8958456134357,944.235068287262,46
2005-10-20,951.1472182698118,951.1472182698118,951.1472182698118,951.1472182698118,948.4744945864738,46
2005-10-21,953.4939446125345,953.4939446125345,953.4939446125345,953.4939446125345,950.8146266281734,46
2005-10-24,955.1514459043667,955.1514459043667,955.1514459043667,955.1514459043667,952.4674703413756,46
2005-10-25,942.7997539143736,942.7997539143736,942.7997539143736,942.7997539143736,940.1504866058743,46
2005-10-26,928.0717202141828,928.0717202141828,928.0717202141828,928.0717202141828,925.4638386803812,46
2005-10-27,930.7043720549282,930.7043720549282,930.7043720549282,930.7043720549282,928.0890927694539,46
2005-10-28,924.4171482976759,924.4171482976759,924.4171482976759,924.4171482976759,921.8195361109596,46
2005-10-31,937.0469363500599,937.0469363500599,937.0469363500599,937.0469363500599,934.4138344589164,46
2005-11-01,934.3578523554174,934.3578523554174,934.3578523554174,934.3578523554174,931.7323067902988,46
2005-11-02,937.0076607304807,937.0076607304807,937.0076607304807,937.0076607304807,934.3746692038281,46
2005-11-03,924.6986840725186,924.6986840725186,924.6986840725186,924.6986840725186,922.100280770275,46
2005-11-04,928.3587832006375,928.3587832006375,928.3587832006375,928.3587832006375,925.7500950198439,46
2005-11-07,920.9244578042185,920.9244578042185,920.9244578042185,920.9244578042185,918.3366600777888,46
2005-11-08,922.4183649566728,922.4183649566728,922.4183649566728,922.4183649566728,919.8263693511448,46
2005-11-09,925.481171185702,925.481171185702,925.481171185702,925.481171185702,922.8805690946705,46
2005-11-10,913.7753524610131,913.7753524610131,913.7753524610131,913.7753524610131,911.207643720598,46
2005-11-11,916.8133787001244,916.8133787001244,916.8133787001244,916.8133787001244,914.2371331059775,46
2005-11-14,906.266138917735,906.266138917735,906.266138917735,906.266138917735,903.7195310673766,46
2005-11-15,898.4614416368267,898.4614416368267,898.4614416368267,898.4614416368267,895.9367649858276,46
2005-11-16,898.0745797866849,898.0745797866849,898.0745797866849,898.0745797866849,895.5509902174846,46
2005-11-17,897.1368809966124,897.1368809966124,897.1368809966124,897.1368809966124,894.6159263610122,46
2005-11-18,914.5102703443984,914.5102703443984,914.5102703443984,914.5102703443984,911.9404964847308,46
2005-11-21,919.2432801151118,919.2432801151118,919.2432801151118,919.2432801151118,916.6602064979886,46
2005-11-22,912.6481835131971,912.6481835131971,912.6481835131971,912.6481835131971,910.0836421175253,46
2005-11-23,919.0838181018786,919.0838181018786,919.0838181018786,919.0838181018786,916.5011925730126,46
2005-11-24,920.1697273275995,920.1697273275995,920.1697273275995,920.1697273275995,917.5840503938093,46
2005-11-25,921.3739932793507,921.3739932793507,921.3739932793507,921.3739932793507,918.784932358236,46
2005-11-28,918.9339421922405,918.9339421922405,918.9339421922405,918.9339421922405,916.3517378146806,46
2005-11-29,909.0371573085846,909.0371573085846,909.0371573085846,909.0371573085846,906.4827628965478,46
2005-11-30,902.4823848342847,902.4823848342847,902.4823848342847,902.4823848342847,899.9464093329007,46
2005-12-01,898.8126015028226,898.8126015028226,898.8126015028226,898.8126015028226,896.2869380925999,46
2005-12-02,893.5469335306676,893.5469335306676,893.5469335306676,893.5469335306676,891.0360666474467,46
2005-12-05,887.0494680924867,887.0494680924867,887.0494680924867,887.0494680924867,884.556859087147,46
2005-12-06,891.8305181540987,891.8305181540987,891.8305181540987,891.8305181540987,889.324474398086,46
2005-12-07,901.3722765604641,901.3722765604641,901.3722765604641,901.3722765604641,898.8394204633295,46
2005-12-08,903.2949563644243,903.2949563644243,903.2949563644243,903.2949563644243,900.7566975370405,46
2005-12-09,913.8909064733969,913.8909064733969,913.8909064733969,913.8909064733969,911.3228730262069,46
2005-12-12,910.9960014197188,910.9960014197188,910.9960014197188,910.9960014197188,908.4361026557297,46
2005-12-13,908.8696467171252,908.8696467171252,908.8696467171252,908.8696467171252,906.3157230098502,46
2005-12-14,921.7694875365371,921.7694875365371,921.7694875365371,921.7694875365371,919.1793152765596,46
2005-12-15,922.1994350868918,922.1994350868918,922.1994350868918,922.1994350868918,919.6080546742977,46
2005-12-16,930.4623476785056,930.4623476785056,930.4623476785056,930.4623476785056,927.847748481529,46
2005-12-19,928.7493660127194,928.7493660127194,928.7493660127194,928.7493660127194,926.1395802942237,46
2005-12-20,932.3647161292739,932.3647161292739,932.3647161292739,932.3647161292739,929.7447712769507,46
2005-12-21,932.3037701758494,932.3037701758494,932.3037701758494,932.3037701758494,929.6839965816554,46
2005-12-22,940.9345062576921,940.9345062576921,940.9345062576921,940.9345062576921,938.2904802951081,46
2005-12-23,950.9914264170505,950.9914264170505,950.9914264170505,950.9914264170505,948.3191405088187,46
2005-12-26,951.754250685578,951.754250685578,951.754250685578,951.754250685578,949.0798212411516,46
2005-12-27,945.2974577614725,945.2974577614725,945.2974577614725,945.2974577614725,942.641171905163,46
2005-12-28,950.3759568567993,950.3759568567993,950.3759568567993,950.3759568567993,947.705400418032,46
2005-12-29,964.1572870852315,964.1572870852315,964.1572870852315,964.1572870852315,961.4480051085222,46
2005-12-30,953.131562450346,953.131562450346,953.131562450346,953.131562450346,950.4532627598608,46
2006-01-04,974.3437136435455,974.3437136435455,974.3437136435455,974.3437136435455,971.6058078082073,46
2006-01-05,1002.8946686617429,1002.8946686617429,1002.8946686617429,1002.8946686617429,1000.0765346428035,46
2006-01-06,1007.0557233950584,1007.0557233950584,1007.0557233950584,1007.0557233950584,1004.2258968123183,46
2006-01-09,1009.2339524445091,1009.2339524445091,1009.2339524445091,1009.2339524445091,1006.39800503814,46
2006-01-10,1010.8630363131829,1010.8630363131829,1010.8630363131829,1010.8630363131829,1008.0225111811428,46
2006-01-11,1008.2178303046678,1008.2178303046678,1008.2178303046678,1008.2178303046678,1005.3847382015116,46
2006-01-12,1011.5056277896052,1011.5056277896052,1011.5056277896052,1011.5056277896052,1008.6632969755163,46
2006-01-13,1004.9552839911482,1004.9552839911482,1004.9552839911482,1004.9552839911482,1002.131359643133,46
2006-01-16,989.9660743259165,989.9660743259165,989.9660743259165,989.9660743259165,987.1842696570606,46
2006-01-17,993.732299888647,993.732299888647,993.732299888647,993.732299888647,990.9399121259598,46
2006-01-18,1009.1855197014721,1009.1855197014721,1009.1855197014721,1009.1855197014721,1006.3497083911109,46
2006-01-19,1011.9363667120042,1011.9363667120042,1011.9363667120042,1011.9363667120042,1009.0928255215433,46
2006-01-20,1010.1164239271039,1010.1164239271039,1010.1164239271039,1010.1164239271039,1007.2779967758686,46
2006-01-23,1006.8469802283701,1006.8469802283701,1006.8469802283701,1006.8469802283701,1004.0177402139282,46
2006-01-24,1014.2065938836757,1014.2065938836757,1014.2065938836757,1014.2065938836757,1011.3566733548624,46
2006-01-25,1034.0913812486071,1034.0913812486071,1034.0913812486071,1034.0913812486071,1031.1855844672984,46
2006-02-06,1056.0563704400054,1056.0563704400054,1056.0563704400054,1056.0563704400054,1053.0888520390688,46
2006-02-07,1052.5313232761378,1052.5313232761378,1052.5313232761378,1052.5313232761378,1049.5737102577318,46
2006-02-08,1049.0362448288263,1049.0362448288263,1049.0362448288263,1049.0362448288263,1046.0884529808573,46
2006-02-09,1037.2483469345625,1037.2483469345625,1037.2483469345625,1037.2483469345625,1034.3336790796764,46
2006-02-10,1053.1023578188606,1053.1023578188606,1053.1023578188606,1053.1023578188606,1050.1431401933896,46
2006-02-13,1061.7910428427417,1061.7910428427417,1061.7910428427417,1061.7910428427417,1058.8074100123536,46
2006-02-14,1070.4288143528056,1070.4288143528056,1070.4288143528056,1070.4288143528056,1067.420909384474,46
2006-02-15,1069.289364122156,1069.289364122156,1069.289364122156,1069.289364122156,1066.2846610089725,46
2006-02-16,1051.8857442120143,1051.8857442120143,1051.8857442120143,1051.8857442120143,1048.9299452707783,46
2006-02-17,1051.2285280429942,1051.2285280429942,1051.2285280429942,1051.2285280429942,1048.2745758791932,46
2006-02-20,1048.013456116124,1048.013456116124,1048.013456116124,1048.013456116124,1045.0685383044374,46
2006-02-21,1058.7662435721484,1058.7662435721484,1058.7662435721484,1058.7662435721484,1055.7911104277105,46
2006-02-22,1055.6555546991883,1055.6555546991883,1055.6555546991883,1055.6555546991883,1052.6891625904834,46
2006-02-23,1056.9769714090748,1056.9769714090748,1056.9769714090748,1056.9769714090748,1054.006866119415,46
2006-02-24,1067.9354032938484,1067.9354032938484,1067.9354032938484,1067.9354032938484,1064.9345048105922,46
2006-02-27,1050.6946943800683,1050.6946943800683,1050.6946943800683,1050.6946943800683,1047.7422422888599,46
2006-02-28,1057.6536675227364,1057.6536675227364,1057.6536675227364,1057.6536675227364,1054.6816607169972,46
2006-03-01,1065.9204833940764,1065.9204833940764,1065.9204833940764,1065.9204833940764,1062.9252468357388,46
2006-03-02,1034.7452695237819,1034.7452695237819,1034.7452695237819,1034.7452695237819,1031.8376353164197,46
2006-03-03,1037.063174351773,1037.063174351773,1037.063174351773,1037.063174351773,1034.1490268318441,46
2006-03-06,1033.9907085649347,1033.9907085649347,1033.9907085649347,1033.9907085649347,1031.0851946738671,46
2006-03-07,1015.0011254521747,1015.0011254521747,1015.0011254521747,1015.0011254521747,1012.148972289654,46
2006-03-08,1008.2466125966863,1008.2466125966863,1008.2466125966863,1008.2466125966863,1005.4134396152895,46
2006-03-09,1008.2808136323292,1008.2808136323292,1008.2808136323292,1008.2808136323292,1005.4475445460222,46
2006-03-10,1014.1452379140134,1014.1452379140134,1014.1452379140134,1014.1452379140134,1011.2954897954747,46
2006-03-13,1027.3279293164646,1027.3279293164646,1027.3279293164646,1027.3279293164646,1024.441137835085,46
2006-03-14,1025.7672850701288,1025.7672850701288,1025.7672850701288,1025.7672850701288,1022.8848789990814,46
2006-03-15,1034.2459041887175,1034.2459041887175,1034.2459041887175,1034.2459041887175,1031.3396731979467,46
2006-03-16,1036.109687547558,1036.109687547558,1036.109687547558,1036.109687547558,1033.1982193255487,46
2006-03-17,1025.8764180953112,1025.8764180953112,1025.8764180953112,1025.8764180953112,1020.5272547838911,45
2006-03-20,1040.4781255850942,1040.4781255850942,1040.4781255850942,1040.4781255850942,1035.052825502606,45
2006-03-21,1046.8182256302857,1046.8182256302857,1046.8182256302857,1046.8182256302857,1041.3598667602532,45
2006-03-22,1056.1551703443558,1056.1551703443558,1056.1551703443558,1056.1551703443558,1050.6481264268614,45
2006-03-23,1060.3026504188856,1060.3026504188856,1060.3026504188856,1060.3026504188856,1054.773980555168,45
2006-03-24,1058.2759257000785,1058.2759257000785,1058.2759257000785,1058.2759257000785,1052.757823660435,45
2006-03-27,1067.0754449397596,1067.0754449397596,1067.0754449397596,1067.0754449397596,1061.5114601167274,45
2006-03-28,1072.3237317081114,1072.3237317081114,1072.3237317081114,1072.3237317081114,1066.7323810712894,45
2006-03-29,1080.3419093819791,1080.3419093819791,1080.3419093819791,1080.3419093819791,1074.7087500622779,45
2006-03-30,1072.6943392726064,1072.6943392726064,1072.6943392726064,1072.6943392726064,1067.101056199916,45
2006-03-31,1077.8018994658557,1077.8018994658557,1077.8018994658557,1077.8018994658557,1072.1819843611636,45
2006-04-03,1102.3623146334983,1102.3623146334983,1102.3623146334983,1102.3623146334983,1096.614335690501,45
2006-04-04,1106.504989078877,1106.504989078877,1106.504989078877,1106.504989078877,1100.7354092473483,45
2006-04-05,1121.4809177149102,1121.4809177149102,1121.4809177149102,1121.4809177149102,1115.6332498343718,45
2006-04-06,1131.1413177845532,1131.1413177845532,1131.1413177845532,1131.1413177845532,1125.2432782835012,45
2006-04-07,1126.8070909927599,1126.8070909927599,1126.8070909927599,1126.8070909927599,1120.9316511796715,45
2006-04-10,1129.3429329871585,1129.3429329871585,1129.3429329871585,1129.3429329871585,1123.4542706915947,45
2006-04-11,1131.1333109060702,1131.1333109060702,1131.1333109060702,1131.1333109060702,1125.2353131547843,45
2006-04-12,1121.1261718248854,1121.1261718248854,1121.1261718248854,1121.1261718248854,1115.2803536736772,45
2006-04-13,1097.5482127756634,1097.5482127756634,1097.5482127756634,1097.5482127756634,1091.8253357032047,45
2006-04-14,1118.44524316591,1118.44524316591,1118.44524316591,1118.44524316591,1112.6134040135073,45
2006-04-17,1122.5831304733838,1122.5831304733838,1122.5831304733838,1122.5831304733838,1116.7297153937238,45
2006-04-18,1136.2581060120779,1136.2581060120779,1136.2581060120779,1136.2581060120779,1130.3333863618616,45
2006-04-19,1155.8018773190793,1155.8018773190793,1155.8018773190793,1155.8018773190793,1149.7752518032069,45
2006-04-20,1157.8184428832553,1157.8184428832553,1157.8184428832553,1157.8184428832553,1151.781302515554,45
2006-04-21,1185.804429364486,1185.804429364486,1185.804429364486,1185.804429364486,1179.6213634160044,45
2006-04-24,1205.4157621968955,1205.4157621968955,1205.4157621968955,1205.4157621968955,1199.130438100917,45
2006-04-25,1215.9314355202853,1215.9314355202853,1215.9314355202853,1215.9314355202853,1209.5912802059024,45
2006-04-26,1218.8297920127584,1218.8297920127584,1218.8297920127584,1218.8297920127584,1212.4745239792026,45
2006-04-27,1219.9883351070298,1219.9883351070298,1219.9883351070298,1219.9883351070298,1213.627026154602,45
2006-04-28,1246.9753621850844,1246.9753621850844,1246.9753621850844,1246.9753621850844,1240.4733364634785,45
2006-05-08,1299.2327691131318,1299.2327691131318,1299.2327691131318,1299.2327691131318,1292.4582608595574,45
2006-05-09,1324.7388329748794,1324.7388329748794,1324.7388329748794,1324.7388329748794,1317.8313300460973,45
2006-05-10,1335.5734546424528,1335.5734546424528,1335.5734546424528,1335.5734546424528,1328.6094574228428,45
2006-05-11,1324.588030853793,1324.588030853793,1324.588030853793,1324.588030853793,1317.681314243089,45
2006-05-12,1362.0218812611647,1362.0218812611647,1362.0218812611647,1362.0218812611647,1354.919975663101,45
2006-05-15,1421.0930783507808,1421.0930783507808,1421.0930783507808,1421.0930783507808,1413.6831615004262,45
2006-05-16,1386.9500079056158,1386.9500079056158,1386.9500079056158,1386.9500079056158,1379.7181211342677,45
2006-05-17,1375.6695994921176,1375.6695994921176,1375.6695994921176,1375.6695994921176,1368.4965314495744,45
2006-05-18,1370.2868353741876,1370.2868353741876,1370.2868353741876,1370.2868353741876,1363.1418343422763,45
2006-05-19,1399.1890895038189,1399.1890895038189,1399.1890895038189,1399.1890895038189,1391.8933852539756,45
2006-05-22,1376.0202302338491,1376.0202302338491,1376.0202302338491,1376.0202302338491,1368.8453339193363,45
2006-05-23,1325.7722432919807,1325.7722432919807,1325.7722432919807,1325.7722432919807,1318.8593519163485,45
2006-05-24,1339.5548177165865,1339.5548177165865,1339.5548177165865,1339.5548177165865,1332.5700607242497,45
2006-05-25,1325.3396575574698,1325.3396575574698,1325.3396575574698,1325.3396575574698,1318.4290217866055,45
2006-05-26,1345.604797081214,1345.604797081214,1345.604797081214,1345.604797081214,1338.5884940594713,45
2006-05-29,1377.796884894433,1377.796884894433,1377.796884894433,1377.796884894433,1370.6127246805265,45
2006-05-30,1398.4665416017144,1398.4665416017144,1398.4665416017144,1398.4665416017144,1391.1746048882528,45
2006-05-31,1380.3487213462395,1380.3487213462395,1380.3487213462395,1380.3487213462395,1373.1512552509575,45
2006-06-01,1411.2013597724392,1411.2013597724392,1411.2013597724392,1411.2013597724392,1403.8430206922453,45
2006-06-02,1377.7517792243725,1377.7517792243725,1377.7517792243725,1377.7517792243725,1370.567854202143,45
2006-06-05,1379.162090301819,1379.162090301819,1379.162090301819,1379.162090301819,1371.970811582653,45
2006-06-06,1344.3264043068489,1344.3264043068489,1344.3264043068489,1344.3264043068489,1337.316767128677,45
2006-06-07,1278.6261861583785,1278.6261861583785,1278.6261861583785,1278.6261861583785,1271.959125522832,45
2006-06-08,1282.4580422498254,1282.4580422498254,1282.4580422498254,1282.4580422498254,1275.771001406471,45
2006-06-09,1257.0098947189101,1257.0098947189101,1257.0098947189101,1257.0098947189101,1250.4555465612582,45
2006-06-12,1272.610210640897,1272.610210640897,1272.610210640897,1272.610210640897,1265.974518730621,45
2006-06-13,1276.082976351878,1276.082976351878,1276.082976351878,1276.082976351878,1269.4291766163292,45
2006-06-14,1259.6796432989372,1259.6796432989372,1259.6796432989372,1259.6796432989372,1253.111374438067,45
2006-06-15,1264.818500250171,1264.818500250171,1264.818500250171,1264.818500250171,1258.2234361685694,45
2006-06-16,1309.980210741133,1309.980210741133,1309.980210741133,1309.980210741133,1303.1496627741647,45
2006-06-19,1328.169314682772,1328.169314682772,1328.169314682772,1328.169314682772,1321.2439244075529,45
2006-06-20,1331.6370835587397,1331.6370835587397,1331.6370835587397,1331.6370835587397,1324.6936115129324,45
2006-06-21,1322.5404221254112,1322.5404221254112,1322.5404221254112,1322.5404221254112,1315.6443822329677,45
2006-06-22,1318.4232446046567,1318.4232446046567,1318.4232446046567,1318.4232446046567,1311.5486726537235,45
2006-06-23,1323.423670194463,1323.423670194463,1323.423670194463,1323.423670194463,1316.5230248367973,45
2006-06-26,1345.6977344242625,1345.6977344242625,1345.6977344242625,1345.6977344242625,1338.6809468051385,45
2006-06-27,1348.4071149733252,1348.4071149733252,1348.4071149733252,1348.4071149733252,1341.3762000004829,45
2006-06-28,1340.2092248624592,1340.2092248624592,1340.2092248624592,1340.2092248624592,1333.2210556358282,45
2006-06-29,1369.7176849221692,1369.7176849221692,1369.7176849221692,1369.7176849221692,1362.5756515758999,45
2006-06-30,1369.9702843902717,1369.9702843902717,1369.9702843902717,1369.9702843902717,1362.826933930378,45
2006-07-03,1400.5234251299376,1400.5234251299376,1400.5234251299376,1400.5234251299376,1393.2207633372063,45
2006-07-04,1394.4953196944844,1394.4953196944844,1394.4953196944844,1394.4953196944844,1387.2240898752968,45
2006-07-05,1368.507209668872,1368.507209668872,1368.507209668872,1368.507209668872,1361.371488028087,45
2006-07-06,1388.7322480533521,1388.7322480533521,1388.7322480533521,1388.7322480533521,1381.4910682585537,45
2006-07-07,1381.3893963246958,1381.3893963246958,1381.3893963246958,1381.3893963246958,1374.1865039028942,45
2006-07-10,1386.5314028853215,1386.5314028853215,1386.5314028853215,1386.5314028853215,1379.3016988199768,45
2006-07-11,1391.9604832606642,1391.9604832606642,1391.9604832606642,1391.9604832606642,1384.7024706807204,45
2006-07-12,1399.934605180554,1399.934605180554,1399.934605180554,1399.934605180554,1392.6350136348963,45
2006-07-13,1333.9529460400104,1333.9529460400104,1333.9529460400104,1333.9529460400104,1326.9973985371591,45
2006-07-14,1345.6030452510659,1345.6030452510659,1345.6030452510659,1345.6030452510659,1338.5867513637818,45
2006-07-17,1357.6490068263706,1357.6490068263706,1357.6490068263706,1357.6490068263706,1350.5699024342607,45
2006-07-18,1351.9486007780201,1351.9486007780201,1351.9486007780201,1351.9486007780201,1344.899219657014,45
2006-07-19,1313.6026814610914,1313.6026814610914,1313.6026814610914,1313.6026814610914,1306.7532450713752,45
2006-07-20,1320.7504233951329,1320.7504233951329,1320.7504233951329,1320.7504233951329,1313.8637169812318,45
2006-07-21,1342.0782128684452,1342.0782128684452,1342.0782128684452,1342.0782128684452,1335.0802982944267,45
2006-07-24,1351.9949140627186,1351.9949140627186,1351.9949140627186,1351.9949140627186,1344.9452914532458,45
2006-07-25,1365.7064279257543,1365.7064279257543,1365.7064279257543,1365.7064279257543,1358.5853102262233,45
2006-07-26,1353.8426133197129,1353.8426133197129,1353.8426133197129,1353.8426133197129,1346.783356367446,45
2006-07-27,1333.4581301582914,1333.4581301582914,1333.4581301582914,1333.4581301582914,1326.5051627429764,45
2006-07-28,1317.5402135270426,1317.5402135270426,1317.5402135270426,1317.5402135270426,1310.6702459098867,45
2006-07-31,1271.2893155888194,1271.2893155888194,1271.2893155888194,1271.2893155888194,1264.6605111390854,45
2006-08-01,1263.9671046871524,1263.9671046871524,1263.9671046871524,1263.9671046871524,1257.3764799842406,45
2006-08-02,1253.360178631748,1253.360178631748,1253.360178631748,1253.360178631748,1246.8248609606599,45
2006-08-03,1246.6778078329155,1246.6778078329155,1246.6778078329155,1246.6778078329155,1240.1773336303775,45
2006-08-04,1220.7246281956188,1220.7246281956188,1220.7246281956188,1220.7246281956188,1214.3594800361418,45
2006-08-07,1211.77017229284,1211.77017229284,1211.77017229284,1211.77017229284,1205.4517147933138,45
2006-08-08,1238.0605925087968,1238.0605925087968,1238.0605925087968,1238.0605925087968,1231.6050505137307,45
2006-08-09,1235.9264843340106,1235.9264843340106,1235.9264843340106,1235.9264843340106,1229.4820700858638,45
2006-08-10,1258.2330163337717,1258.2330163337717,1258.2330163337717,1258.2330163337717,1251.6722905295023,45
2006-08-11,1260.1120299065437,1260.1120299065437,1260.1120299065437,1260.1120299065437,1253.5415064792003,45
2006-08-14,1232.4527511142396,1232.4527511142396,1232.4527511142396,1232.4527511142396,1226.0264497361864,45
2006-08-15,1252.9344707927748,1252.9344707927748,1252.9344707927748,1252.9344707927748,1246.4013728634736,45
2006-08-16,1273.005679920511,1273.005679920511,1273.005679920511,1273.005679920511,1266.3679259394787,45
2006-08-17,1260.700164560606,1260.700164560606,1260.700164560606,1260.700164560606,1254.1265744594818,45
2006-08-18,1259.8715907393437,1259.8715907393437,1259.8715907393437,1259.8715907393437,1253.3023210189274,45
2006-08-21,1266.7800285832557,1266.7800285832557,1266.7800285832557,1266.7800285832557,1260.1747366270201,45
2006-08-22,1285.6311110261024,1285.6311110261024,1285.6311110261024,1285.6311110261024,1278.9275250484768,45
2006-08-23,1287.3759699607324,1287.3759699607324,1287.3759699607324,1287.3759699607324,1280.6632858741805,45
2006-08-24,1293.605321051716,1293.605321051716,1293.605321051716,1293.605321051716,1286.860155648972,45
2006-08-25,1295.0682585992759,1295.0682585992759,1295.0682585992759,1295.0682585992759,1288.3154650926804,45
2006-08-28,1329.2219745550701,1329.2219745550701,1329.2219745550701,1329.2219745550701,1322.291095461247,45
2006-08-29,1338.212032690123,1338.212032690123,1338.212032690123,1338.212032690123,1331.2342772978539,45
2006-08-30,1342.055836459203,1342.055836459203,1342.055836459203,1342.055836459203,1335.0580385610967,45
2006-08-31,1347.6972851915955,1347.6972851915955,1347.6972851915955,1347.6972851915955,1340.6700714398346,45
2006-09-01,1330.0253302356766,1330.0253302356766,1330.0253302356766,1330.0253302356766,1323.0902622545211,45
2006-09-04,1352.5823971750488,1352.5823971750488,1352.5823971750488,1352.5823971750488,1345.529711289088,45
2006-09-05,1354.5044275654304,1354.5044275654304,1354.5044275654304,1354.5044275654304,1347.4417197564912,45
2006-09-06,1361.0518376286668,1361.0518376286668,1361.0518376286668,1361.0518376286668,1353.9549900685088,45
2006-09-07,1347.1456881355134,1347.1456881355134,1347.1456881355134,1347.1456881355134,1340.1213505418189,45
2006-09-08,1354.103237353377,1354.103237353377,1354.103237353377,1354.103237353377,1347.0426214454944,45
2006-09-11,1360.0641165073328,1360.0641165073328,1360.0641165073328,1360.0641165073328,1352.9724191597059,45
2006-09-12,1365.3336807320393,1365.3336807320393,1365.3336807320393,1365.3336807320393,1358.214506624911,45
2006-09-13,1354.7527692626466,1354.7527692626466,1354.7527692626466,1354.7527692626466,1347.6887665411114,45
2006-09-14,1356.7435642567677,1356.7435642567677,1356.7435642567677,1356.7435642567677,1349.669181057277,45
2006-09-15,1371.8933072400346,1371.8933072400346,1371.8933072400346,1371.8933072400346,1359.810515258813,48
2006-09-18,1392.6332209327204,1392.6332209327204,1392.6332209327204,1392.6332209327204,1380.3677645551243,48
2006-09-19,1399.757721239122,1399.757721239122,1399.757721239122,1399.757721239122,1387.4295166472748,48
2006-09-20,1403.1146881666284,1403.1146881666284,1403.1146881666284,1403.1146881666284,1390.7569174759753,48
2006-09-21,1417.5596108349434,1417.5596108349434,1417.5596108349434,1417.5596108349434,1405.0746181548943,48
2006-09-22,1417.2500226618681,1417.2500226618681,1417.2500226618681,1417.2500226618681,1404.7677566439256,48
2006-09-25,1413.6041828583825,1413.6041828583825,1413.6041828583825,1413.6041828583825,1401.154027153764,48
2006-09-26,1387.6046636160754,1387.6046636160754,1387.6046636160754,1387.6046636160754,1375.383495676729,48
2006-09-27,1394.9626333520623,1394.9626333520623,1394.9626333520623,1394.9626333520623,1382.676660943407,48
2006-09-28,1427.4756824159526,1427.4756824159526,1427.4756824159526,1427.4756824159526,1414.9033550798104,48
2006-09-29,1445.17084172029,1445.17084172029,1445.17084172029,1445.17084172029,1432.442666310671,48
2006-10-09,1480.2654990920132,1480.2654990920132,1480.2654990920132,1480.2654990920132,1467.228231537665,48
2006-10-10,1479.1638790783632,1479.1638790783632,1479.1638790783632,1479.1638790783632,1466.1363139151536,48
2006-10-11,1475.0421509920911,1475.0421509920911,1475.0421509920911,1475.0421509920911,1462.0508874733364,48
2006-10-12,1444.171278505159,1444.171278505159,1444.171278505159,1444.171278505159,1431.4519066332036,48
2006-10-13,1440.7359047828143,1440.7359047828143,1440.7359047828143,1440.7359047828143,1428.0467895684617,48
2006-10-16,1416.7623634347588,1416.7623634347588,1416.7623634347588,1416.7623634347588,1404.284392419181,48
2006-10-17,1426.316635504391,1426.316635504391,1426.316635504391,1426.316635504391,1413.754516340163,48
2006-10-18,1444.9251308878872,1444.9251308878872,1444.9251308878872,1444.9251308878872,1432.1991195480682,48
2006-10-19,1451.8667526573477,1451.8667526573477,1451.8667526573477,1451.8667526573477,1439.0796037848866,48
2006-10-20,1452.65827596363,1452.65827596363,1452.65827596363,1452.65827596363,1439.864155840994,48
2006-10-23,1418.4373179646927,1418.4373179646927,1418.4373179646927,1418.4373179646927,1405.944594980389,48
2006-10-24,1448.099000052866,1448.099000052866,1448.099000052866,1448.099000052866,1435.3450352266543,48
2006-10-25,1472.4012631672056,1472.4012631672056,1472.4012631672056,1472.4012631672056,1459.4332589631983,48
2006-10-26,1469.4249936297904,1469.4249936297904,1469.4249936297904,1469.4249936297904,1456.4832025762598,48
2006-10-27,1440.3347538410712,1440.3347538410712,1440.3347538410712,1440.3347538410712,1427.649171717343,48
2006-10-30,1437.6411213780834,1437.6411213780834,1437.6411213780834,1437.6411213780834,1424.9792631114165,48
2006-10-31,1444.75626815441,1444.75626815441,1444.75626815441,1444.75626815441,1432.0317440536285,48
2006-11-01,1464.2198822907412,1464.2198822907412,1464.2198822907412,1464.2198822907412,1451.3239346546375,48
2006-11-02,1461.5541226992093,1461.5541226992093,1461.5541226992093,1461.5541226992093,1448.681653433068,48
2006-11-03,1467.5726117697898,1467.5726117697898,1467.5726117697898,1467.5726117697898,1454.6471353557183,48
2006-11-06,1466.2323790359142,1466.2323790359142,1466.2323790359142,1466.2323790359142,1453.3187065669779,48
2006-11-07,1464.0407567242883,1464.0407567242883,1464.0407567242883,1464.0407567242883,1451.1463867159391,48
2006-11-08,1463.290358817561,1463.290358817561,1463.290358817561,1463.290358817561,1450.4025978521763,48
2006-11-09,1471.5551244550866,1471.5551244550866,1471.5551244550866,1471.5551244550866,1458.5945725201384,48
2006-11-10,1451.544655469701,1451.544655469701,1451.544655469701,1451.544655469701,1438.7603434310486,48
2006-11-13,1428.504106754593,1428.504106754593,1428.504106754593,1428.504106754593,1415.922721689772,48
2006-11-14,1449.2362848703342,1449.2362848703342,1449.2362848703342,1449.2362848703342,1436.47230353934,48
2006-11-15,1484.6408775645677,1484.6408775645677,1484.6408775645677,1484.6408775645677,1471.565074369259,48
2006-11-16,1494.7358684792598,1494.7358684792598,1494.7358684792598,1494.7358684792598,1481.5711548164747,48
2006-11-17,1500.7699707721283,1500.7699707721283,1500.7699707721283,1500.7699707721283,1487.5521124497598,48
2006-11-20,1511.7446671376888,1511.7446671376888,1511.7446671376888,1511.7446671376888,1498.430150443607,48
2006-11-21,1536.4646158005958,1536.4646158005958,1536.4646158005958,1536.4646158005958,1522.9323810114524,48
2006-11-22,1561.3860182293784,1561.3860182293784,1561.3860182293784,1561.3860182293784,1547.6342910643787,48
2006-11-23,1563.3261183705008,1563.3261183705008,1563.3261183705008,1563.3261183705008,1549.557303997404,48
2006-11-24,1585.3665818064771,1585.3665818064771,1585.3665818064771,1585.3665818064771,1571.4036485952306,48
2006-11-27,1616.3500873410637,1616.3500873410637,1616.3500873410637,1616.3500873410637,1602.114270480449,48
2006-11-28,1612.584471957273,1612.584471957273,1612.584471957273,1612.584471957273,1598.381820319583,48
2006-11-29,1664.9282176359743,1664.9282176359743,1664.9282176359743,1664.9282176359743,1650.264554498909,48
2006-11-30,1709.0937799911412,1709.0937799911412,1709.0937799911412,1709.0937799911412,1694.0411337605258,48
2006-12-01,1747.8947575898828,1747.8947575898828,1747.8947575898828,1747.8947575898828,1732.5003762268636,48
2006-12-04,1779.5830029478607,1779.5830029478607,1779.5830029478607,1779.5830029478607,1763.9095310208086,48
2006-12-05,1791.7691422809976,1791.7691422809976,1791.7691422809976,1791.7691422809976,1775.988342338101,48
2006-12-06,1767.5710065975209,1767.5710065975209,1767.5710065975209,1767.5710065975209,1752.0033289420892,48
2006-12-07,1734.740328971628,1734.740328971628,1734.740328971628,1734.740328971628,1719.4618037205873,48
2006-12-08,1682.9185387499826,1682.9185387499826,1682.9185387499826,1682.9185387499826,1668.096427935865,48
2006-12-11,1754.6889834583726,1754.6889834583726,1754.6889834583726,1754.6889834583726,1739.2347627350991,48
2006-12-12,1760.6223501611735,1760.6223501611735,1760.6223501611735,1760.6223501611735,1745.1158719954008,48
2006-12-13,1770.2722929002668,1770.2722929002668,1770.2722929002668,1770.2722929002668,1754.680823977464,48
2006-12-14,1834.3187543663457,1834.3187543663457,1834.3187543663457,1834.3187543663457,1818.1632036254132,48
2006-12-15,1889.6896998909351,1889.6896998909351,1889.6896998909351,1889.6896998909351,1873.0464759373363,48
2006-12-18,1967.6334649946134,1967.6334649946134,1967.6334649946134,1967.6334649946134,1950.3037603249043,48
2006-12-19,1953.5489847632848,1953.5489847632848,1953.5489847632848,1953.5489847632848,1936.3433275278044,48
2006-12-20,1979.8072536724694,1979.8072536724694,1979.8072536724694,1979.8072536724694,1962.3703297638867,48
2006-12-21,1942.52912575355,1942.52912575355,1942.52912575355,1942.52912575355,1925.4205246545594,48
2006-12-22,1916.6371113516172,1916.6371113516172,1916.6371113516172,1916.6371113516172,1899.7565511814234,48
2006-12-25,1951.870402038819,1951.870402038819,1951.870402038819,1951.870402038819,1934.6795287269686,48
2006-12-26,1944.0563523905707,1944.0563523905707,1944.0563523905707,1944.0563523905707,1926.9343004192228,48
2006-12-27,1992.4712235224818,1992.4712235224818,1992.4712235224818,1992.4712235224818,1974.9227631609208,48
2006-12-28,2005.0205841417655,2005.0205841417655,2005.0205841417655,2005.0205841417655,1987.3615967347996,48
2006-12-29,2055.303217974556,2055.303217974556,2055.303217974556,2055.303217974556,2037.2013720729367,48
2007-01-04,2043.6318201807067,2043.6318201807067,2043.6318201807067,2043.6318201807067,2025.6327687682278,46
2007-01-05,2049.3081059560486,2049.3081059560486,2049.3081059560486,2049.3081059560486,2031.2590613116708,46
2007-01-08,2089.720052112847,2089.720052112847,2089.720052112847,2089.720052112847,2071.315083916403,46
2007-01-09,2154.5008917218934,2154.5008917218934,2154.5008917218934,2154.5008917218934,2135.525373756576,46
2007-01-10,2229.8127330726725,2229.8127330726725,2229.8127330726725,2229.8127330726725,2210.1739147559633,46
2007-01-11,2234.3924656877375,2234.3924656877375,2234.3924656877375,2234.3924656877375,2214.713311904542,46
2007-01-12,2231.393537225036,2231.393537225036,2231.393537225036,2231.393537225036,2211.7407961581866,46
2007-01-15,2356.4329771237567,2356.4329771237567,2356.4329771237567,2356.4329771237567,2335.67896562008,46
2007-01-16,2459.443833745547,2459.443833745547,2459.443833745547,2459.443833745547,2437.782566010063,46
2007-01-17,2396.8641341672933,2396.8641341672933,2396.8641341672933,2396.8641341672933,2375.7540299138823,46
2007-01-18,2469.184530380811,2469.184530380811,2469.184530380811,2469.184530380811,2447.4374725838293,46
2007-01-19,2563.9148169907694,2563.9148169907694,2563.9148169907694,2563.9148169907694,2541.333433126747,46
2007-01-22,2652.794156640937,2652.794156640937,2652.794156640937,2652.794156640937,2629.429978249998,46
2007-01-23,2603.790600911977,2603.790600911977,2603.790600911977,2603.790600911977,2580.858015682903,46
2007-01-24,2653.815852398646,2653.815852398646,2653.815852398646,2653.815852398646,2630.4426755402287,46
2007-01-25,2577.926232516963,2577.926232516963,2577.926232516963,2577.926232516963,2555.2214447276706,46
2007-01-26,2630.4323944525377,2630.4323944525377,2630.4323944525377,2630.4323944525377,2607.2651647014313,46
2007-01-29,2660.078128653451,2660.078128653451,2660.078128653451,2660.078128653451,2636.6497975196135,46
2007-01-30,2639.572783542864,2639.572783542864,2639.572783542864,2639.572783542864,2616.3250508696838,46
2007-01-31,2452.4052379238137,2452.4052379238137,2452.4052379238137,2452.4052379238137,2430.8059618087464,46
2007-02-01,2487.565409568085,2487.565409568085,2487.565409568085,2487.565409568085,2465.6564642988938,46
2007-02-02,2396.104151190938,2396.104151190938,2396.104151190938,2396.104151190938,2375.0007403998866,46
2007-02-05,2377.261352824685,2377.261352824685,2377.261352824685,2377.261352824685,2356.323897805706,46
2007-02-06,2377.397149859982,2377.397149859982,2377.397149859982,2377.397149859982,2356.4584988242864,46
2007-02-07,2425.07739834539,2425.07739834539,2425.07739834539,2425.07739834539,2403.718809023662,46
2007-02-08,2465.2703992923325,2465.2703992923325,2465.2703992923325,2465.2703992923325,2443.5578147532065,46
2007-02-09,2459.947512915314,2459.947512915314,2459.947512915314,2459.947512915314,2438.2818090836695,46
2007-02-12,2564.0245291578403,2564.0245291578403,2564.0245291578403,2564.0245291578403,2541.4421790165684,46
2007-02-13,2589.9343915164677,2589.9343915164677,2589.9343915164677,2589.9343915164677,2567.12384325258,46
2007-02-14,2657.464787944145,2657.464787944145,2657.464787944145,2657.464787944145,2634.0594735070144,46
2007-02-15,2754.3918998256754,2754.3918998256754,2754.3918998256754,2754.3918998256754,2730.1329110364472,46
2007-02-16,2726.1182443533185,2726.1182443533185,2726.1182443533185,2726.1182443533185,2702.1082725217634,46
2007-02-26,2727.2746512863687,2727.2746512863687,2727.2746512863687,2727.2746512863687,2703.254494534205,46
2007-02-27,2468.6760043038635,2468.6760043038635,2468.6760043038635,2468.6760043038635,2446.9334252916196,46
2007-02-28,2544.8696328758197,2544.8696328758197,2544.8696328758197,2544.8696328758197,2522.4559872729956,46
2007-03-01,2471.086709896093,2471.086709896093,2471.086709896093,2471.086709896093,2449.322898872551,46
2007-03-02,2517.3082480462404,2517.3082480462404,2517.3082480462404,2517.3082480462404,2495.1373461596017,46
2007-03-05,2467.9847519442997,2467.9847519442997,2467.9847519442997,2467.9847519442997,2446.2482610574384,46
2007-03-06,2528.3684133999514,2528.3684133999514,2528.3684133999514,2528.3684133999514,2506.10010038335,46
2007-03-07,2638.483576422502,2638.483576422502,2638.483576422502,2638.483576422502,2615.2454368153353,46
2007-03-08,2704.1890260988553,2704.1890260988553,2704.1890260988553,2704.1890260988553,2680.372193326351,46
2007-03-09,2665.323230121987,2665.323230121987,2665.323230121987,2665.323230121987,2641.8487033622714,46
2007-03-12,2664.244798753799,2664.244798753799,2664.244798753799,2664.244798753799,2640.7797701539034,46
2007-03-13,2679.259119254763,2679.259119254763,2679.259119254763,2679.259119254763,2655.661853759771,46
2007-03-14,2628.226782038036,2628.226782038036,2628.226782038036,2628.226782038036,2605.0789779637325,46
2007-03-15,2684.6710216059028,2684.6710216059028,2684.6710216059028,2684.6710216059028,2661.0260914055093,46
2007-03-16,2660.6340400696913,2660.6340400696913,2660.6340400696913,2660.6340400696913,2628.2513300182577,49
2007-03-19,2726.749549215161,2726.749549215161,2726.749549215161,2726.749549215161,2693.5621439932092,49
2007-03-20,2705.3755434409186,2705.3755434409186,2705.3755434409186,2705.3755434409186,2672.4482823128938,49
2007-03-21,2730.07515068513,2730.07515068513,2730.07515068513,2730.07515068513,2696.84726940126,49
2007-03-22,2731.8925321310326,2731.8925321310326,2731.8925321310326,2731.8925321310326,2698.6425314066346,49
2007-03-23,2724.1223557474773,2724.1223557474773,2724.1223557474773,2724.1223557474773,2690.966926228697,49
2007-03-26,2758.877271111806,2758.877271111806,2758.877271111806,2758.877271111806,2725.298837778839,49
2007-03-27,2753.9746566212016,2753.9746566212016,2753.9746566212016,2753.9746566212016,2720.455893254548,49
2007-03-28,2783.0945944543437,2783.0945944543437,2783.0945944543437,2783.0945944543437,2749.221410867034,49
2007-03-29,2817.757328271378,2817.757328271378,2817.757328271378,2817.757328271378,2783.4622628161064,49
2007-03-30,2811.7002348586475,2811.7002348586475,2811.7002348586475,2811.7002348586475,2777.4788905904256,49
2007-04-02,2893.7383370021244,2893.7383370021244,2893.7383370021244,2893.7383370021244,2858.5185028871692,49
2007-04-03,2939.3069705668263,2939.3069705668263,2939.3069705668263,2939.3069705668263,2903.532518332302,49
2007-04-04,2980.993542544112,2980.993542544112,2980.993542544112,2980.993542544112,2944.7117209558746,49
2007-04-05,3010.085410225624,3010.085410225624,3010.085410225624,3010.085410225624,2973.4495100599506,49
2007-04-06,3024.6507052934294,3024.6507052934294,3024.6507052934294,3024.6507052934294,2987.837530192575,49
2007-04-09,3089.7999685506497,3089.7999685506497,3089.7999685506497,3089.7999685506497,3052.1938585063376,49
2007-04-10,3145.3707144805235,3145.3707144805235,3145.3707144805235,3145.3707144805235,3107.0882501064957,49
2007-04-11,3187.093768317941,3187.093768317941,3187.093768317941,3187.093768317941,3148.3034905676545,49
2007-04-12,3237.0434278510234,3237.0434278510234,3237.0434278510234,3237.0434278510234,3197.645210294861,49
2007-04-13,3249.465613103637,3249.465613103637,3249.465613103637,3249.465613103637,3209.916204509105,49
2007-04-16,3339.071761866655,3339.071761866655,3339.071761866655,3339.071761866655,3298.4317523512445,49
2007-04-17,3319.911542489061,3319.911542489061,3319.911542489061,3319.911542489061,3279.5047329625563,49
2007-04-18,3323.4014709133444,3323.4014709133444,3323.4014709133444,3323.4014709133444,3282.9521852933362,49
2007-04-19,3176.4186477845496,3176.4186477845496,3176.4186477845496,3176.4186477845496,3137.7582974605043,49
2007-04-20,3300.6808569656364,3300.6808569656364,3300.6808569656364,3300.6808569656364,3260.5081050750246,49
2007-04-23,3398.7578159352174,3398.7578159352174,3398.7578159352174,3398.7578159352174,3357.3913644687873,49
2007-04-24,3382.6991189668565,3382.6991189668565,3382.6991189668565,3382.6991189668565,3341.5281187048754,49
2007-04-25,3391.640601336153,3391.640601336153,3391.640601336153,3391.640601336153,3350.360773844784,49
2007-04-26,3451.879628807763,3451.879628807763,3451.879628807763,3451.879628807763,3409.866629098413,49
2007-04-27,3413.571578347563,3413.571578347563,3413.571578347563,3413.571578347563,3372.024827837466,49
2007-04-30,3507.417920901789,3507.417920901789,3507.417920901789,3507.417920901789,3464.728961859984,49
2007-05-08,3623.155744356681,3623.155744356681,3623.155744356681,3623.155744356681,3579.0581344735806,49
2007-05-09,3641.22811717026,3641.22811717026,3641.22811717026,3641.22811717026,3596.9105475332244,49
2007-05-10,3632.9601248871604,3632.9601248871604,3632.9601248871604,3632.9601248871604,3588.7431853979692,49
2007-05-11,3651.6330496049654,3651.6330496049654,3651.6330496049654,3651.6330496049654,3607.1888410145593,49
2007-05-14,3752.1886502881093,3752.1886502881093,3752.1886502881093,3752.1886502881093,3706.5205744495474,49
2007-05-15,3619.2115380943906,3619.2115380943906,3619.2115380943906,3619.2115380943906,3575.161933343094,49
2007-05-16,3712.237438217156,3712.237438217156,3712.237438217156,3712.237438217156,3667.055610580043,49
2007-05-17,3813.2638706987505,3813.2638706987505,3813.2638706987505,3813.2638706987505,3766.8524452961,49
2007-05-18,3788.550093217926,3788.550093217926,3788.550093217926,3788.550093217926,3742.4394604377803,49
2007-05-21,3802.4958146700023,3802.4958146700023,3802.4958146700023,3802.4958146700023,3756.2154478161588,49
2007-05-22,3816.4395135934565,3816.4395135934565,3816.4395135934565,3816.4395135934565,3769.9894372822123,49
2007-05-23,3878.4265646960375,3878.4265646960375,3878.4265646960375,3878.4265646960375,3831.2220408837215,49
2007-05-24,3904.1263969413712,3904.1263969413712,3904.1263969413712,3904.1263969413712,3856.6090791846655,49
2007-05-25,4008.435927338815,4008.435927338815,4008.435927338815,4008.435927338815,3959.6490530675374,49
2007-05-28,4093.106512311331,4093.106512311331,4093.106512311331,4093.106512311331,4043.289108113067,49
2007-05-29,4186.130876499538,4186.130876499538,4186.130876499538,4186.130876499538,4135.181268109394,49
2007-05-30,3893.500941726067,3893.500941726067,3893.500941726067,3893.500941726067,3846.1129469165307,49
2007-05-31,3964.545036579441,3964.545036579441,3964.545036579441,3964.545036579441,3916.2923605360875,49
2007-06-01,3919.640298027591,3919.640298027591,3919.640298027591,3919.640298027591,3871.9341598043816,49
2007-06-04,3651.125472286626,3651.125472286626,3651.125472286626,3651.125472286626,3606.687441445164,49
2007-06-05,3811.605059670136,3811.605059670136,3811.605059670136,3811.605059670136,3765.21382373953,49
2007-06-06,3840.945592187367,3840.945592187367,3840.945592187367,3840.945592187367,3794.197251167165,49
2007-06-07,3960.2152968967257,3960.2152968967257,3960.2152968967257,3960.2152968967257,3912.0153183317293,49
2007-06-08,4011.7996583930617,4011.7996583930617,4011.7996583930617,4011.7996583930617,3962.9718439827866,49
2007-06-11,4104.927068205251,4104.927068205251,4104.927068205251,4104.927068205251,4054.9657954296495,49
2007-06-12,4180.215884984264,4180.215884984264,4180.215884984264,4180.215884984264,4129.338268251864,49
2007-06-13,4252.612506128606,4252.612506128606,4252.612506128606,4252.612506128606,4200.853746497214,49
2007-06-14,4209.185566028185,4209.185566028185,4209.185566028185,4209.185566028185,4157.95535785803,49
2007-06-15,4221.53874283786,4221.53874283786,4221.53874283786,4221.53874283786,4170.158183534548,49
2007-06-18,4349.735458446248,4349.735458446248,4349.735458446248,4349.735458446248,4296.794610501743,49
2007-06-19,4351.75460003985,4351.75460003985,4351.75460003985,4351.75460003985,4298.789177021962,49
2007-06-20,4264.502364782044,4264.502364782044,4264.502364782044,4264.502364782044,4212.598893085962,49
2007-06-21,4335.044723600384,4335.044723600384,4335.044723600384,4335.044723600384,4282.282677324876,49
2007-06-22,4214.204661484967,4214.204661484967,4214.204661484967,4214.204661484967,4162.91336565283,49
2007-06-25,4082.570408233675,4082.570408233675,4082.570408233675,4082.570408233675,4032.881239485413,49
2007-06-26,4105.296026486882,4105.296026486882,4105.296026486882,4105.296026486882,4055.330263101571,49
2007-06-27,4219.472721986525,4219.472721986525,4219.472721986525,4219.472721986525,4168.1173083263875,49
2007-06-28,4042.7800187292464,4042.7800187292464,4042.7800187292464,4042.7800187292464,3993.575140802927,49
2007-06-29,3957.388377798615,3957.388377798615,3957.388377798615,3957.388377798615,3909.2228058074325,49
2007-07-02,3924.9342368739976,3924.9342368739976,3924.9342368739976,3924.9342368739976,3877.1636658561556,48
2007-07-03,4001.7070860506274,4001.7070860506274,4001.7070860506274,4001.7070860506274,3953.0021088434078,48
2007-07-04,3935.9529630429843,3935.9529630429843,3935.9529630429843,3935.9529630429843,3888.048282557514,48
2007-07-05,3767.374101338434,3767.374101338434,3767.374101338434,3767.374101338434,3721.521202615192,48
2007-07-06,3954.2195533323056,3954.2195533323056,3954.2195533323056,3954.2195533323056,3906.0925492622846,48
2007-07-09,4080.9376465463,4080.9376465463,4080.9376465463,4080.9376465463,4031.268350222245,48
2007-07-10,4086.855875453606,4086.855875453606,4086.855875453606,4086.855875453606,4037.114548069346,48
2007-07-11,4080.386861387571,4080.386861387571,4080.386861387571,4080.386861387571,4030.724268697246,48
2007-07-12,4111.110411911644,4111.110411911644,4111.110411911644,4111.110411911644,4061.07388135035,48
2007-07-13,4107.524816485306,4107.524816485306,4107.524816485306,4107.524816485306,4057.531926385384,48
2007-07-16,3961.305973766923,3961.305973766923,3961.305973766923,3961.305973766923,3913.0927205191565,48
2007-07-17,4099.614799726154,4099.614799726154,4099.614799726154,4099.614799726154,4049.7181828360604,48
2007-07-18,4109.72993776044,4109.72993776044,4109.72993776044,4109.72993776044,4059.7102090191256,48
2007-07-19,4113.787779345421,4113.787779345421,4113.787779345421,4113.787779345421,4063.718662411103,48
2007-07-20,4318.492417851747,4318.492417851747,4318.492417851747,4318.492417851747,4265.931830517855,48
2007-07-23,4519.280227626249,4519.280227626249,4519.280227626249,4519.280227626249,4464.2758418112935,48
2007-07-24,4539.483945891801,4539.483945891801,4539.483945891801,4539.483945891801,4484.233659610753,48
2007-07-25,4604.803466403349,4604.803466403349,4604.803466403349,4604.803466403349,4548.758172969281,48
2007-07-26,4679.402978396444,4679.402978396444,4679.402978396444,4679.402978396444,4622.449730568623,48
2007-07-27,4649.800720792032,4649.800720792032,4649.800720792032,4649.800720792032,4593.20776352294,48
2007-07-30,4761.281237985123,4761.281237985123,4761.281237985123,4761.281237985123,4703.331445762302,48
2007-07-31,4804.2861550367825,4804.2861550367825,4804.2861550367825,4804.2861550367825,4745.812947816372,48
2007-08-01,4656.181772298554,4656.181772298554,4656.181772298554,4656.181772298554,4599.5111509322405,48
2007-08-02,4830.3240787800405,4830.3240787800405,4830.3240787800405,4830.3240787800405,4771.533962686699,48
2007-08-03,5106.062743063622,5106.062743063622,5106.062743063622,5106.062743063622,5043.916597888118,48
2007-08-06,5203.620312151189,5203.620312151189,5203.620312151189,5203.620312151189,5140.286788920113,48
2007-08-07,5226.590993289734,5226.590993289734,5226.590993289734,5226.590993289734,5162.977892748968,48
2007-08-08,5197.5509795774215,5197.5509795774215,5197.5509795774215,5197.5509795774215,5134.291326496837,48
2007-08-09,5374.849740179873,5374.849740179873,5374.849740179873,5374.849740179873,5309.432175011192,48
2007-08-10,5242.153088637198,5242.153088637198,5242.153088637198,5242.153088637198,5178.350581055163,48
2007-08-13,5188.442658828075,5188.442658828075,5188.442658828075,5188.442658828075,5125.293863575152,48
2007-08-14,5286.047297794779,5286.047297794779,5286.047297794779,5286.047297794779,5221.71055159643,48
2007-08-15,5313.046409599588,5313.046409599588,5313.046409599588,5313.046409599588,5248.381055860309,48
2007-08-16,5226.72487829346,5226.72487829346,5226.72487829346,5226.72487829346,5163.110148231615,48
2007-08-17,5097.388860931163,5097.388860931163,5097.388860931163,5097.388860931163,5035.348286009174,48
2007-08-20,5444.123825319617,5444.123825319617,5444.123825319617,5444.123825319617,5377.863121793925,48
2007-08-21,5558.824286507559,5558.824286507559,5558.824286507559,5558.824286507559,5491.167557928637,48
2007-08-22,5640.693656308846,5640.693656308846,5640.693656308846,5640.693656308846,5572.040491532971,48
2007-08-23,5762.14501530198,5762.14501530198,5762.14501530198,5762.14501530198,5692.013659957843,48
2007-08-24,5832.573866543346,5832.573866543346,5832.573866543346,5832.573866543346,5761.585318126184,48
2007-08-27,5819.912410765297,5819.912410765297,5819.912410765297,5819.912410765297,5749.077965560044,48
2007-08-28,5766.641574075245,5766.641574075245,5766.641574075245,5766.641574075245,5696.455490889252,48
2007-08-29,5665.033529302265,5665.033529302265,5665.033529302265,5665.033529302265,5596.0841227141145,48
2007-08-30,5734.816988890752,5734.816988890752,5734.816988890752,5734.816988890752,5665.018244323681,48
2007-08-31,5769.666184199423,5769.666184199423,5769.666184199423,5769.666184199423,5699.443288332243,48
2007-09-03,5863.1888235728275,5863.1888235728275,5863.1888235728275,5863.1888235728275,5791.827658981553,48
2007-09-04,5784.835746823766,5784.835746823766,5784.835746823766,5784.835746823766,5714.428221450735,48
2007-09-05,5745.449389665105,5745.449389665105,5745.449389665105,5745.449389665105,5675.521237616117,48
2007-09-06,5784.670959092533,5784.670959092533,5784.670959092533,5784.670959092533,5714.265439359226,48
2007-09-07,5624.046436686027,5624.046436686027,5624.046436686027,5624.046436686027,5555.595886053282,48
2007-09-10,5694.170123862152,5694.170123862152,5694.170123862152,5694.170123862152,5624.866094323491,48
2007-09-11,5416.689691173477,5416.689691173477,5416.689691173477,5416.689691173477,5350.762889867402,48
2007-09-12,5472.251600767013,5472.251600767013,5472.251600767013,5472.251600767013,5405.648552678715,48
2007-09-13,5636.840431904194,5636.840431904194,5636.840431904194,5636.840431904194,5568.234164915381,48
2007-09-14,5680.049905697954,5680.049905697954,5680.049905697954,5680.049905697954,5610.917734041208,48
2007-09-17,5737.737208238275,5737.737208238275,5737.737208238275,5737.737208238275,5667.902921535386,48
2007-09-18,5669.071255555422,5669.071255555422,5669.071255555422,5669.071255555422,5600.072705598979,48
2007-09-19,5587.595192474448,5587.595192474448,5587.595192474448,5587.595192474448,5519.588291759181,48
2007-09-20,5652.330152442228,5652.330152442228,5652.330152442228,5652.330152442228,5583.535359289573,48
2007-09-21,5628.6132868010745,5628.6132868010745,5628.6132868010745,5628.6132868010745,5538.836112635413,49
2007-09-24,5732.196006451048,5732.196006451048,5732.196006451048,5732.196006451048,5640.766673327446,49
2007-09-25,5704.124870120579,5704.124870120579,5704.124870120579,5704.124870120579,5613.14327557253,49
2007-09-26,5638.5438106697875,5638.5438106697875,5638.5438106697875,5638.5438106697875,5548.608243250675,49
2007-09-27,5689.72297045885,5689.72297045885,5689.72297045885,5689.72297045885,5598.971088237508,49
2007-09-28,5859.741726397984,5859.741726397984,5859.741726397984,5859.741726397984,5766.278021088855,49
2007-10-08,6055.65701700629,6055.65701700629,6055.65701700629,6055.65701700629,5959.068435236399,49
2007-10-09,6047.791513888766,6047.791513888766,6047.791513888766,6047.791513888766,5951.328388000688,49
2007-10-10,6037.672142298249,6037.672142298249,6037.672142298249,6037.672142298249,5941.370421811366,49
2007-10-11,6131.949072897126,6131.949072897126,6131.949072897126,6131.949072897126,6034.143622097481,49
2007-10-12,6085.869891871904,6085.869891871904,6085.869891871904,6085.869891871904,5988.79941049537,49
2007-10-15,6084.233310889557,6084.233310889557,6084.233310889557,6084.233310889557,5987.1889332100445,49
2007-10-16,6226.7001976083775,6226.7001976083775,6226.7001976083775,6226.7001976083775,6127.383453033134,49
2007-10-17,6140.025567432976,6140.025567432976,6140.025567432976,6140.025567432976,6042.091295408697,49
2007-10-18,5945.5120020456825,5945.5120020456825,5945.5120020456825,5945.5120020456825,5850.680248767594,49
2007-10-19,5987.597097102929,5987.597097102929,5987.597097102929,5987.597097102929,5892.094080635096,49
2007-10-22,5915.683997690115,5915.683997690115,5915.683997690115,5915.683997690115,5821.328005279862,49
2007-10-23,5975.285817786488,5975.285817786488,5975.285817786488,5975.285817786488,5879.979167956595,49
2007-10-24,6065.271003232985,6065.271003232985,6065.271003232985,6065.271003232985,5968.529077029584,49
2007-10-25,5902.269476147709,5902.269476147709,5902.269476147709,5902.269476147709,5808.127447244185,49
2007-10-26,6057.298674609517,6057.298674609517,6057.298674609517,6057.298674609517,5960.683908169784,49
2007-10-29,6136.205759166581,6136.205759166581,6136.205759166581,6136.205759166581,6038.332413621797,49
2007-10-30,6201.070691504049,6201.070691504049,6201.070691504049,6201.070691504049,6102.162741158584,49
2007-10-31,6355.589900560517,6355.589900560517,6355.589900560517,6355.589900560517,6254.217347081642,49
2007-11-01,6279.199279073927,6279.199279073927,6279.199279073927,6279.199279073927,6179.045166759932,49
2007-11-02,6152.608056355417,6152.608056355417,6152.608056355417,6152.608056355417,6054.473091861809,49
2007-11-05,5923.578603754036,5923.578603754036,5923.578603754036,5923.578603754036,5829.096691265879,49
2007-11-06,5908.995038756284,5908.995038756284,5908.995038756284,5908.995038756284,5814.7457361825145,49
2007-11-07,5959.042642198396,5959.042642198396,5959.042642198396,5959.042642198396,5863.995073305401,49
2007-11-08,5650.795422327586,5650.795422327586,5650.795422327586,5650.795422327586,5560.664439978085,49
2007-11-09,5578.832065800345,5578.832065800345,5578.832065800345,5578.832065800345,5489.848909116474,49
2007-11-12,5593.400763896276,5593.400763896276,5593.400763896276,5593.400763896276,5504.185234427195,49
2007-11-13,5480.031641604411,5480.031641604411,5480.031641604411,5480.031641604411,5392.624365592867,49
2007-11-14,5685.874448725071,5685.874448725071,5685.874448725071,5685.874448725071,5595.183950967071,49
2007-11-15,5624.653074628306,5624.653074628306,5624.653074628306,5624.653074628306,5534.939066404209,49
2007-11-16,5503.356420362624,5503.356420362624,5503.356420362624,5503.356420362624,5415.577110846867,49
2007-11-19,5408.255180455248,5408.255180455248,5408.255180455248,5408.255180455248,5321.992749101747,49
2007-11-20,5487.64438583928,5487.64438583928,5487.64438583928,5487.64438583928,5400.115685485678,49
2007-11-21,5416.162489376439,5416.162489376439,5416.162489376439,5416.162489376439,5329.773935332672,49
2007-11-22,5144.158186943198,5144.158186943198,5144.158186943198,5144.158186943198,5062.108139808517,49
2007-11-23,5244.31788558148,5244.31788558148,5244.31788558148,5244.31788558148,5160.670277155794,49
2007-11-26,5173.387841832796,5173.387841832796,5173.387841832796,5173.387841832796,5090.871577588479,49
2007-11-27,5034.119090821557,5034.119090821557,5034.119090821557,5034.119090821557,4953.82418275829,49
2007-11-28,4978.403859038613,4978.403859038613,4978.403859038613,4978.403859038613,4898.99761676434,49
2007-11-29,5217.699007252118,5217.699007252118,5217.699007252118,5217.699007252118,5134.475973682457,49
2007-11-30,5117.06337667669,5117.06337667669,5117.06337667669,5117.06337667669,5035.44549557942,49
2007-12-03,5193.99541999538,5193.99541999538,5193.99541999538,5193.99541999538,5111.150461978803,49
2007-12-04,5257.833560373457,5257.833560373457,5257.833560373457,5257.833560373457,5173.970375032474,49
2007-12-05,5413.805610407948,5413.805610407948,5413.805610407948,5413.805610407948,5327.4546489154645,49
2007-12-06,5427.065286117196,5427.065286117196,5427.065286117196,5427.065286117196,5340.502830930818,49
2007-12-07,5492.0397597130695,5492.0397597130695,5492.0397597130695,5492.0397597130695,5404.4409525275205,49
2007-12-10,5534.190230290233,5534.190230290233,5534.190230290233,5534.190230290233,5445.919117166195,49
2007-12-11,5499.658972450335,5499.658972450335,5499.658972450335,5499.658972450335,5411.938637749203,49
2007-12-12,5365.806980813244,5365.806980813244,5365.806980813244,5365.806980813244,5280.221604218721,49
2007-12-13,5122.916361743581,5122.916361743581,5122.916361743581,5122.916361743581,5041.205124710672,49
2007-12-14,5222.2146395524305,5222.2146395524305,5222.2146395524305,5222.2146395524305,5138.919581011994,49
2007-12-17,5004.745307759232,5004.745307759232,5004.745307759232,5004.745307759232,4924.9189156702405,49
2007-12-18,4990.613554124839,4990.613554124839,4990.613554124839,4990.613554124839,4911.0125654953945,49
2007-12-19,5102.905369866178,5102.905369866178,5102.905369866178,5102.905369866178,5021.51331097031,49
2007-12-20,5218.034957428209,5218.034957428209,5218.034957428209,5218.034957428209,5134.806565405953,49
2007-12-21,5267.123039406927,5267.123039406927,5267.123039406927,5267.123039406927,5183.111685567842,49
2007-12-24,5413.32291602264,5413.32291602264,5413.32291602264,5413.32291602264,5326.979653573541,49
2007-12-25,5401.284916163043,5401.284916163043,5401.284916163043,5401.284916163043,5315.133661506083,49
2007-12-26,5424.134132291813,5424.134132291813,5424.134132291813,5424.134132291813,5337.618429421516,49
2007-12-27,5557.4408506789305,5557.4408506789305,5557.4408506789305,5557.4408506789305,5468.79888688711,49
2007-12-28,5552.492772934234,5552.492772934234,5552.492772934234,5552.492772934234,5463.929731678896,49
2008-01-02,5559.716240351461,5559.716240351461,5559.716240351461,5559.716240351461,5471.0379837740975,48
2008-01-03,5505.358076720415,5505.358076720415,5505.358076720415,5505.358076720415,5417.546840504011,48
2008-01-04,5613.752787484722,5613.752787484722,5613.752787484722,5613.752787484722,5524.212640374804,48
2008-01-07,5746.300999105846,5746.300999105846,5746.300999105846,5746.300999105846,5654.646689364084,48
2008-01-08,5738.901861149436,5738.901861149436,5738.901861149436,5738.901861149436,5647.365568699524,48
2008-01-09,5826.936710031293,5826.936710031293,5826.936710031293,5826.936710031293,5733.996249350594,48
2008-01-10,5904.291356109332,5904.291356109332,5904.291356109332,5904.291356109332,5810.117077935832,48
2008-01-11,6034.118912847277,6034.118912847277,6034.118912847277,6034.118912847277,5937.873866870258,48
2008-01-14,6067.803748774915,6067.803748774915,6067.803748774915,6067.803748774915,5971.021424923627,48
2008-01-15,5981.783155633407,5981.783155633407,5981.783155633407,5981.783155633407,5886.3728723503355,48
2008-01-16,5715.461346320095,5715.461346320095,5715.461346320095,5715.461346320095,5624.298933381021,48
2008-01-17,5600.825050792948,5600.825050792948,5600.825050792948,5600.825050792948,5511.4911029028735,48
2008-01-18,5643.704812083621,5643.704812083621,5643.704812083621,5643.704812083621,5553.686925965528,48
2008-01-21,5327.55561172926,5327.55561172926,5327.55561172926,5327.55561172926,5242.580349855598,48
2008-01-22,4926.3683579170975,4926.3683579170975,4926.3683579170975,4926.3683579170975,4847.792089209835,48
2008-01-23,5161.932311626735,5161.932311626735,5161.932311626735,5161.932311626735,5079.598764701597,48
2008-01-24,5188.791357656224,5188.791357656224,5188.791357656224,5188.791357656224,5106.029405166439,48
2008-01-25,5311.199868864743,5311.199868864743,5311.199868864743,5311.199868864743,5226.485483391882,48
2008-01-28,4956.517232295329,4956.517232295329,4956.517232295329,4956.517232295329,4877.460084798206,48
2008-01-29,4979.8651168231445,4979.8651168231445,4979.8651168231445,4979.8651168231445,4900.43556728153,48
2008-01-30,4892.715468347143,4892.715468347143,4892.715468347143,4892.715468347143,4814.675967965248,48
2008-01-31,4821.570430816635,4821.570430816635,4821.570430816635,4821.570430816635,4744.665703797191,48
2008-02-01,4850.2683563643695,4850.2683563643695,4850.2683563643695,4850.2683563643695,4772.905893393136,48
2008-02-04,5268.528863847641,5268.528863847641,5268.528863847641,5268.528863847641,5184.4950869108525,48
2008-02-05,5218.54263190931,5218.54263190931,5218.54263190931,5218.54263190931,5135.306142407623,48
2008-02-13,5069.80533961875,5069.80533961875,5069.80533961875,5069.80533961875,4988.941230864237,48
2008-02-14,5149.181492944499,5149.181492944499,5149.181492944499,5149.181492944499,5067.051323372051,48
2008-02-15,5047.806264340905,5047.806264340905,5047.806264340905,5047.806264340905,4967.293043933498,48
2008-02-18,5147.543312799429,5147.543312799429,5147.543312799429,5147.543312799429,5065.439272430873,48
2008-02-19,5268.740090906182,5268.740090906182,5268.740090906182,5268.740090906182,5184.702944868077,48
2008-02-20,5078.380572549935,5078.380572549935,5078.380572549935,5078.380572549935,4997.379687623184,48
2008-02-21,5007.047436362029,5007.047436362029,5007.047436362029,5007.047436362029,4927.184324997789,48
2008-02-22,4776.837834183325,4776.837834183325,4776.837834183325,4776.837834183325,4700.646598376405,48
2008-02-25,4567.4121891602645,4567.4121891602645,4567.4121891602645,4567.4121891602645,4494.561321868638,48
2008-02-26,4592.601724275086,4592.601724275086,4592.601724275086,4592.601724275086,4519.349080352888,48
2008-02-27,4748.571472013777,4748.571472013777,4748.571472013777,4748.571472013777,4672.83108866202,48
2008-02-28,4750.119616517105,4750.119616517105,4750.119616517105,4750.119616517105,4674.354540042616,48
2008-02-29,4806.987701654397,4806.987701654397,4806.987701654397,4806.987701654397,4730.315571217645,48
2008-03-03,4932.73425367183,4932.73425367183,4932.73425367183,4932.73425367183,4854.056448031262,48
2008-03-04,4743.535952030277,4743.535952030277,4743.535952030277,4743.535952030277,4667.875885931019,48
2008-03-05,4714.679470258157,4714.679470258157,4714.679470258157,4714.679470258157,4639.479669104785,48
2008-03-06,4782.742141786605,4782.742141786605,4782.742141786605,4782.742141786605,4706.456731442366,48
2008-03-07,4727.959316861312,4727.959316861312,4727.959316861312,4727.959316861312,4652.547700285448,48
2008-03-10,4506.725533221596,4506.725533221596,4506.725533221596,4506.725533221596,4434.842626633986,48
2008-03-11,4496.254452267855,4496.254452267855,4496.254452267855,4496.254452267855,4424.538560895287,48
2008-03-12,4336.584796721236,4336.584796721236,4336.584796721236,4336.584796721236,4267.415658828533,48
2008-03-13,4231.154002638449,4231.154002638449,4231.154002638449,4231.154002638449,4163.666500751011,48
2008-03-14,4175.6187985024835,4175.6187985024835,4175.6187985024835,4175.6187985024835,4109.017090937731,48
2008-03-17,4035.743609594397,4035.743609594397,4035.743609594397,4035.743609594397,3971.372930980506,48
2008-03-18,3868.818120304908,3868.818120304908,3868.818120304908,3868.818120304908,3807.1099267403583,48
2008-03-19,4002.828143622883,4002.828143622883,4002.828143622883,4002.828143622883,3938.982471324171,48
2008-03-20,4139.745745156125,4139.745745156125,4139.745745156125,4139.745745156125,4073.716217841468,48
2008-03-21,4164.113840697612,4164.113840697612,4164.113840697612,4164.113840697612,4067.995550988892,48
2008-03-24,4012.1311419189433,4012.1311419189433,4012.1311419189433,4012.1311419189433,3919.5209976718447,48
2008-03-25,4056.7522427840745,4056.7522427840745,4056.7522427840745,4056.7522427840745,3963.112130561999,48
2008-03-26,4091.3046118791026,4091.3046118791026,4091.3046118791026,4091.3046118791026,3996.8669435022603,48
2008-03-27,3935.6484633178616,3935.6484633178616,3935.6484633178616,3935.6484633178616,3844.8037329236768,48
2008-03-28,4059.331692223775,4059.331692223775,4059.331692223775,4059.331692223775,3965.6320397782524,48
2008-03-31,3930.4714551183206,3930.4714551183206,3930.4714551183206,3930.4714551183206,3839.746223179986,48
2008-04-01,3687.086839844185,3687.086839844185,3687.086839844185,3687.086839844185,3601.9795410019456,48
2008-04-02,3549.2141945710987,3549.2141945710987,3549.2141945710987,3549.2141945710987,3467.2893454332234,48
2008-04-03,3661.674977459271,3661.674977459271,3661.674977459271,3661.674977459271,3577.1542487359557,48
2008-04-07,3892.7344527281602,3892.7344527281602,3892.7344527281602,3892.7344527281602,3802.8802863435635,48
2008-04-08,3976.2455323925587,3976.2455323925587,3976.2455323925587,3976.2455323925587,3884.4637188647403,48
2008-04-09,3782.5530008705914,3782.5530008705914,3782.5530008705914,3782.5530008705914,3695.242101340678,48
2008-04-10,3884.9042353929367,3884.9042353929367,3884.9042353929367,3884.9042353929367,3795.230810248158,48
2008-04-11,3907.5574556747224,3907.5574556747224,3907.5574556747224,3907.5574556747224,3817.3611368547995,48
2008-04-14,3664.1185437760696,3664.1185437760696,3664.1185437760696,3664.1185437760696,3579.541411355799,48
2008-04-15,3750.0806653591917,3750.0806653591917,3750.0806653591917,3750.0806653591917,3663.519309542925,48
2008-04-16,3673.7038574737717,3673.7038574737717,3673.7038574737717,3673.7038574737717,3588.9054717462686,48
2008-04-17,3563.4732598921573,3563.4732598921573,3563.4732598921573,3563.4732598921573,3481.2192754270704,48
2008-04-18,3437.347968857787,3437.347968857787,3437.347968857787,3437.347968857787,3358.0052754205185,48
2008-04-21,3392.2547070263254,3392.2547070263254,3392.2547070263254,3392.2547070263254,3313.9528802345044,48
2008-04-22,3363.895619629381,3363.895619629381,3363.895619629381,3363.895619629381,3286.248392371236,48
2008-04-23,3539.666821522834,3539.666821522834,3539.666821522834,3539.666821522834,3457.962349925948,48
2008-04-24,3833.80508812545,3833.80508812545,3833.80508812545,3833.80508812545,3745.311160667051,48
2008-04-25,3854.5473749071934,3854.5473749071934,3854.5473749071934,3854.5473749071934,3765.574662956732,48
2008-04-28,3808.668627874558,3808.668627874558,3808.668627874558,3808.668627874558,3720.754913556596,48
2008-04-29,3867.5175605339005,3867.5175605339005,3867.5175605339005,3867.5175605339005,3778.245463862623,48
2008-04-30,4009.636857820705,4009.636857820705,4009.636857820705,4009.636857820705,3917.08428796536,48
2008-05-05,4155.342296685123,4155.342296685123,4155.342296685123,4155.342296685123,4059.4264764190834,48
2008-05-06,4154.317439936922,4154.317439936922,4154.317439936922,4154.317439936922,4058.425275959255,48
2008-05-07,3986.4597415811186,3986.4597415811186,3986.4597415811186,3986.4597415811186,3894.442158245968,48
2008-05-08,4146.856361791653,4146.856361791653,4146.856361791653,4146.856361791653,4051.1364183867518,48
2008-05-09,4163.838388972871,4163.838388972871,4163.838388972871,4163.838388972871,4067.7264573873167,48
2008-05-12,4168.247451503055,4168.247451503055,4168.247451503055,4168.247451503055,4072.033747591903,48
2008-05-13,4152.746891452766,4152.746891452766,4152.746891452766,4152.746891452766,4056.8909797102624,48
2008-05-14,4263.636794039216,4263.636794039216,4263.636794039216,4263.636794039216,4165.221262605625,48
2008-05-15,4224.426182539315,4224.426182539315,4224.426182539315,4224.426182539315,4126.915731288444,48
2008-05-16,4194.095968555277,4194.095968555277,4194.095968555277,4194.095968555277,4097.285615430003,48
2008-05-19,4221.138729534617,4221.138729534617,4221.138729534617,4221.138729534617,4123.704161021922,48
2008-05-20,3993.1928309803775,3993.1928309803775,3993.1928309803775,3993.1928309803775,3901.0198308957642,48
2008-05-21,4081.716821579197,4081.716821579197,4081.716821579197,4081.716821579197,3987.500463675835,48
2008-05-22,4036.041401464092,4036.041401464092,4036.041401464092,4036.041401464092,3942.8793478932103,48
2008-05-23,3953.929751409381,3953.929751409381,3953.929751409381,3953.929751409381,3862.6630426034008,48
2008-05-26,3790.1888828039528,3790.1888828039528,3790.1888828039528,3790.1888828039528,3702.7017277872937,48
2008-05-27,3797.5207911375087,3797.5207911375087,3797.5207911375087,3797.5207911375087,3709.864397114357,48
2008-05-28,3880.54891287328,3880.54891287328,3880.54891287328,3880.54891287328,3790.9760195986014,48
2008-05-29,3774.9585378030474,3774.9585378030474,3774.9585378030474,3774.9585378030474,3687.8229377075945,48
2008-05-30,3765.2944068996053,3765.2944068996053,3765.2944068996053,3765.2944068996053,3678.381879412034,48
2008-06-02,3789.486898937699,3789.486898937699,3789.486898937699,3789.486898937699,3702.015947485882,48
2008-06-03,3796.1929485938317,3796.1929485938317,3796.1929485938317,3796.1929485938317,3708.5672045382794,48
2008-06-04,3721.1360040491472,3721.1360040491472,3721.1360040491472,3721.1360040491472,3635.2427642949638,48
2008-06-05,3650.4959155986826,3650.4959155986826,3650.4959155986826,3650.4959155986826,3566.2332279250813,48
2008-06-06,3645.4654043142855,3645.4654043142855,3645.4654043142855,3645.4654043142855,3561.3188335768477,48
2008-06-10,3424.0956398961457,3424.0956398961457,3424.0956398961457,3424.0956398961457,3345.0588437621636,48
2008-06-11,3330.0234032979133,3330.0234032979133,3330.0234032979133,3330.0234032979133,3253.158032546812,48
2008-06-12,3267.4636428299755,3267.4636428299755,3267.4636428299755,3267.4636428299755,3192.0423097326952,48
2008-06-13,3127.630452270534,3127.630452270534,3127.630452270534,3127.630452270534,3055.436823226329,48
2008-06-16,3032.261814080366,3032.261814080366,3032.261814080366,3032.261814080366,2962.269534649877,48
2008-06-17,2905.027862388977,2905.027862388977,2905.027862388977,2905.027862388977,2837.972464681061,48
2008-06-18,3098.9285072284165,3098.9285072284165,3098.9285072284165,3098.9285072284165,3027.397391740349,48
2008-06-19,2912.549301251467,2912.549301251467,2912.549301251467,2912.549301251467,2845.3202896926173,48
2008-06-20,2984.2033368848006,2984.2033368848006,2984.2033368848006,2984.2033368848006,2915.320368777383,48
2008-06-23,2939.308547679809,2939.308547679809,2939.308547679809,2939.308547679809,2871.461864967148,48
2008-06-24,3042.0518645282664,3042.0518645282664,3042.0518645282664,3042.0518645282664,2971.8336059480202,48
2008-06-25,3161.2520105055237,3161.2520105055237,3161.2520105055237,3161.2520105055237,3088.282310777731,48
2008-06-26,3186.768774158727,3186.768774158727,3186.768774158727,3186.768774158727,3113.21008292516,48
2008-06-27,3033.934704481584,3033.934704481584,3033.934704481584,3033.934704481584,2963.9038105053874,48
2008-06-30,3019.1137549221385,3019.1137549221385,3019.1137549221385,3019.1137549221385,2949.424965983895,48
2008-07-01,2953.188249615985,2953.188249615985,2953.188249615985,2953.188249615985,2885.021188243468,48
2008-07-02,2974.370151832563,2974.370151832563,2974.370151832563,2974.370151832563,2905.7141585307745,48
2008-07-03,3050.589825058798,3050.589825058798,3050.589825058798,3050.589825058798,2980.174488733997,48
2008-07-04,2979.278846119725,2979.278846119725,2979.278846119725,2979.278846119725,2910.509547726474,48
2008-07-07,3103.764965116735,3103.764965116735,3103.764965116735,3103.764965116735,3032.1222119361705,48
2008-07-08,3174.0552545786704,3174.0552545786704,3174.0552545786704,3174.0552545786704,3100.790023563763,48
2008-07-09,3263.5271235398022,3263.5271235398022,3263.5271235398022,3263.5271235398022,3188.1966552738054,48
2008-07-10,3233.5222067821364,3233.5222067821364,3233.5222067821364,3233.5222067821364,3158.884327958199,48
2008-07-11,3235.3124854775433,3235.3124854775433,3235.3124854775433,3235.3124854775433,3160.6332824888764,48
2008-07-14,3264.1668017840366,3264.1668017840366,3264.1668017840366,3264.1668017840366,3188.821568124693,48
2008-07-15,3156.443990420869,3156.443990420869,3156.443990420869,3156.443990420869,3083.5852719690697,48
2008-07-16,3020.10436539647,3020.10436539647,3020.10436539647,3020.10436539647,2950.3927106605556,48
2008-07-17,2955.4290596965147,2955.4290596965147,2955.4290596965147,2955.4290596965147,2887.2102747542917,48
2008-07-18,3035.4402376474036,3035.4402376474036,3035.4402376474036,3035.4402376474036,2965.37459215419,48
2008-07-21,3133.9134818847115,3133.9134818847115,3133.9134818847115,3133.9134818847115,3061.5748246102985,48
2008-07-22,3126.671310319144,3126.671310319144,3126.671310319144,3126.671310319144,3054.4998206994323,48
2008-07-23,3058.4663039187362,3058.4663039187362,3058.4663039187362,3058.4663039187362,2987.8691585210067,48
2008-07-24,3119.906765186302,3119.906765186302,3119.906765186302,3119.906765186302,3047.89141839402,48
2008-07-25,3067.219880782071,3067.219880782071,3067.219880782071,3067.219880782071,2996.4206806689513,48
2008-07-28,3097.7704154690928,3097.7704154690928,3097.7704154690928,3097.7704154690928,3026.266031670766,48
2008-07-29,3081.997055583967,3081.997055583967,3081.997055583967,3081.997055583967,3010.856760865122,48
2008-07-30,3037.1994257496663,3037.1994257496663,3037.1994257496663,3037.1994257496663,2967.0931737413243,48
2008-07-31,2943.2662561295847,2943.2662561295847,2943.2662561295847,2943.2662561295847,2875.3282194861927,48
2008-08-01,2929.957941298263,2929.957941298263,2929.957941298263,2929.957941298263,2862.3270942537697,48
2008-08-04,2840.9500132506173,2840.9500132506173,2840.9500132506173,2840.9500132506173,2775.3736945263736,48
2008-08-05,2692.158172475024,2692.158172475024,2692.158172475024,2692.158172475024,2630.016346131413,48
2008-08-06,2685.32655252696,2685.32655252696,2685.32655252696,2685.32655252696,2623.3424172673267,48
2008-08-07,2682.909519710369,2682.909519710369,2682.909519710369,2682.909519710369,2620.9811756873323,48
2008-08-08,2549.1353341015856,2549.1353341015856,2549.1353341015856,2549.1353341015856,2490.294836957812,48
2008-08-11,2388.6729222091585,2388.6729222091585,2388.6729222091585,2388.6729222091585,2333.5363037737184,48
2008-08-12,2374.53428168356,2374.53428168356,2374.53428168356,2374.53428168356,2319.7240188661735,48
2008-08-13,2387.436361567862,2387.436361567862,2387.436361567862,2387.436361567862,2332.328286082617,48
2008-08-14,2384.141831745033,2384.141831745033,2384.141831745033,2384.141831745033,2329.109802348843,48
2008-08-15,2356.6499712160708,2356.6499712160708,2356.6499712160708,2356.6499712160708,2302.25252356189,48
2008-08-18,2188.714109535401,2188.714109535401,2188.714109535401,2188.714109535401,2138.1930467311604,48
2008-08-19,2208.5638595474047,2208.5638595474047,2208.5638595474047,2208.5638595474047,2157.584614259378,48
2008-08-20,2380.5354356789794,2380.5354356789794,2380.5354356789794,2380.5354356789794,2325.5866510342885,48
2008-08-21,2292.891688896819,2292.891688896819,2292.891688896819,2292.891688896819,2239.9659438150793,48
2008-08-22,2258.5196642462993,2258.5196642462993,2258.5196642462993,2258.5196642462993,2206.3873125129703,48
2008-08-25,2224.1395819191475,2224.1395819191475,2224.1395819191475,2224.1395819191475,2172.800809525805,48
2008-08-26,2116.41299104655,2116.41299104655,2116.41299104655,2116.41299104655,2067.5608211013987,48
2008-08-27,2100.5831045024743,2100.5831045024743,2100.5831045024743,2100.5831045024743,2052.096328415202,48
2008-08-28,2111.2829055071766,2111.2829055071766,2111.2829055071766,2111.2829055071766,2062.549150924085,48
2008-08-29,2165.7987553646703,2165.7987553646703,2165.7987553646703,2165.7987553646703,2115.8066369493736,48
2008-09-01,2090.7098228317027,2090.7098228317027,2090.7098228317027,2090.7098228317027,2042.4509470815283,48
2008-09-02,2069.8774815531006,2069.8774815531006,2069.8774815531006,2069.8774815531006,2022.099468980767,48
2008-09-03,2019.711555418991,2019.711555418991,2019.711555418991,2019.711555418991,1973.0914994266477,48
2008-09-04,2016.7460240099358,2016.7460240099358,2016.7460240099358,2016.7460240099358,1970.194419990334,48
2008-09-05,1942.427246722314,1942.427246722314,1942.427246722314,1942.427246722314,1897.5911082349735,48
2008-09-08,1865.855016637625,1865.855016637625,1865.855016637625,1865.855016637625,1822.786359078157,48
2008-09-09,1869.6264860332935,1869.6264860332935,1869.6264860332935,1869.6264860332935,1826.4707734119638,48
2008-09-10,1854.0288626119404,1854.0288626119404,1854.0288626119404,1854.0288626119404,1811.233182627598,48
2008-09-11,1798.3498511165428,1798.3498511165428,1798.3498511165428,1798.3498511165428,1756.8393836797788,48
2008-09-12,1802.0443736764796,1802.0443736764796,1802.0443736764796,1802.0443736764796,1760.4486273056286,48
2008-09-16,1765.0843844734065,1765.0843844734065,1765.0843844734065,1765.0843844734065,1724.3417682247755,48
2008-09-17,1755.369043776104,1755.369043776104,1755.369043776104,1755.369043776104,1714.8506821870442,48
2008-09-18,1734.934276759024,1734.934276759024,1734.934276759024,1734.934276759024,1694.887601327312,48
2008-09-19,1875.4353630069177,1875.4353630069177,1875.4353630069177,1875.4353630069177,1826.803474772237,49
2008-09-22,1969.0027090985816,1969.0027090985816,1969.0027090985816,1969.0027090985816,1917.944527317719,49
2008-09-23,1890.916900385769,1890.916900385769,1890.916900385769,1890.916900385769,1841.883560621294,49
2008-09-24,1919.9815889647032,1919.9815889647032,1919.9815889647032,1919.9815889647032,1870.1945731661579,49
2008-09-25,1977.4985257870094,1977.4985257870094,1977.4985257870094,1977.4985257870094,1926.2200391021208,49
2008-09-26,2003.7882117829643,2003.7882117829643,2003.7882117829643,2003.7882117829643,1951.8280076172714,49
2008-10-06,1909.1575177592258,1909.1575177592258,1909.1575177592258,1909.1575177592258,1859.6511808001073,49
2008-10-07,1876.7814056876741,1876.7814056876741,1876.7814056876741,1876.7814056876741,1828.114613239017,49
2008-10-08,1819.3818055055847,1819.3818055055847,1819.3818055055847,1819.3818055055847,1772.2034412884905,49
2008-10-09,1783.7072122783961,1783.7072122783961,1783.7072122783961,1783.7072122783961,1737.453925440594,49
2008-10-10,1705.4214569273363,1705.4214569273363,1705.4214569273363,1705.4214569273363,1661.1981969194092,49
2008-10-13,1713.4517931397236,1713.4517931397236,1713.4517931397236,1713.4517931397236,1669.020298595501,49
2008-10-14,1673.0411599840968,1673.0411599840968,1673.0411599840968,1673.0411599840968,1629.65755300448,49
2008-10-15,1634.0200056172782,1634.0200056172782,1634.0200056172782,1634.0200056172782,1591.6482556471788,49
2008-10-16,1555.9590350321682,1555.9590350321682,1555.9590350321682,1555.9590350321682,1515.6114830013137,49
2008-10-17,1568.3316756776148,1568.3316756776148,1568.3316756776148,1568.3316756776148,1527.663288874789,49
2008-10-20,1617.3531788606665,1617.3531788606665,1617.3531788606665,1617.3531788606665,1575.4136161426804,49
2008-10-21,1619.6189114709832,1619.6189114709832,1619.6189114709832,1619.6189114709832,1577.6205960722873,49
2008-10-22,1592.3587922520248,1592.3587922520248,1592.3587922520248,1592.3587922520248,1551.067358624501,49
2008-10-23,1613.9077146125098,1613.9077146125098,1613.9077146125098,1613.9077146125098,1572.0574961798766,49
2008-10-24,1588.4344220478374,1588.4344220478374,1588.4344220478374,1588.4344220478374,1547.2447512093308,49
2008-10-27,1486.3013195245032,1486.3013195245032,1486.3013195245032,1486.3013195245032,1447.7600607427112,49
2008-10-28,1529.4229322559427,1529.4229322559427,1529.4229322559427,1529.4229322559427,1489.7634875359843,49
2008-10-29,1492.6771748630777,1492.6771748630777,1492.6771748630777,1492.6771748630777,1453.9705838654484,49
2008-10-30,1523.6061556432307,1523.6061556432307,1523.6061556432307,1523.6061556432307,1484.097545676469,49
2008-10-31,1497.843622753666,1497.843622753666,1497.843622753666,1497.843622753666,1459.0030606678608,49
2008-11-03,1490.0253159917308,1490.0253159917308,1490.0253159917308,1490.0253159917308,1451.3874903094993,49
2008-11-04,1462.2061372459434,1462.2061372459434,1462.2061372459434,1462.2061372459434,1424.2896902996747,49
2008-11-05,1507.0977423631696,1507.0977423631696,1507.0977423631696,1507.0977423631696,1468.017211830871,49
2008-11-06,1466.3203403666964,1466.3203403666964,1466.3203403666964,1466.3203403666964,1428.297208076699,49
2008-11-07,1471.412041625429,1471.412041625429,1471.412041625429,1471.412041625429,1433.2568765011238,49
2008-11-10,1565.171347589412,1565.171347589412,1565.171347589412,1565.171347589412,1524.5849112101535,49
2008-11-11,1548.6400215283554,1548.6400215283554,1548.6400215283554,1548.6400215283554,1508.4822587345639,49
2008-11-12,1566.7816164128765,1566.7816164128765,1566.7816164128765,1566.7816164128765,1526.1534241752206,49
2008-11-13,1634.4905374311513,1634.4905374311513,1634.4905374311513,1634.4905374311513,1592.1065861071506,49
2008-11-14,1714.5744999021413,1714.5744999021413,1714.5744999021413,1714.5744999021413,1670.1138924645247,49
2008-11-17,1775.8947078829888,1775.8947078829888,1775.8947078829888,1775.8947078829888,1729.8440069876747,49
2008-11-18,1673.5682425291159,1673.5682425291159,1673.5682425291159,1673.5682425291159,1630.1709677793774,49
2008-11-19,1783.726163085141,1783.726163085141,1783.726163085141,1783.726163085141,1737.4723848342335,49
2008-11-20,1772.3845446874968,1772.3845446874968,1772.3845446874968,1772.3845446874968,1726.4248657850362,49
2008-11-21,1742.9911076826158,1742.9911076826158,1742.9911076826158,1742.9911076826158,1697.7936295850727,49
2008-11-24,1679.5021376261598,1679.5021376261598,1679.5021376261598,1679.5021376261598,1635.9509911254413,49
2008-11-25,1679.2932186873425,1679.2932186873425,1679.2932186873425,1679.2932186873425,1635.7474896607118,49
2008-11-26,1682.409809011444,1682.409809011444,1682.409809011444,1682.409809011444,1638.7832637245974,49
2008-11-27,1704.7561848471232,1704.7561848471232,1704.7561848471232,1704.7561848471232,1660.550176000227,49
2008-11-28,1676.6930940659086,1676.6930940659086,1676.6930940659086,1676.6930940659086,1633.2147888345633,49
2008-12-01,1723.0006559926917,1723.0006559926917,1723.0006559926917,1723.0006559926917,1678.3215500190413,49
2008-12-02,1745.2242687244714,1745.2242687244714,1745.2242687244714,1745.2242687244714,1699.9688825591059,49
2008-12-03,1820.1081266447009,1820.1081266447009,1820.1081266447009,1820.1081266447009,1772.9109282042807,49
2008-12-04,1839.1529964430879,1839.1529964430879,1839.1529964430879,1839.1529964430879,1791.4619457496133,49
2008-12-05,1877.866526863493,1877.866526863493,1877.866526863493,1877.866526863493,1829.1715961527639,49
2008-12-08,1942.1575776712268,1942.1575776712268,1942.1575776712268,1942.1575776712268,1891.7955166189013,49
2008-12-09,1907.316176552826,1907.316176552826,1907.316176552826,1907.316176552826,1857.857587386843,49
2008-12-10,1944.7807320969587,1944.7807320969587,1944.7807320969587,1944.7807320969587,1894.3506500638139,49
2008-12-11,1906.4560577979446,1906.4560577979446,1906.4560577979446,1906.4560577979446,1857.0197723593953,49
2008-12-12,1844.6768118112632,1844.6768118112632,1844.6768118112632,1844.6768118112632,1796.842523138537,49
2008-12-15,1869.4766032242987,1869.4766032242987,1869.4766032242987,1869.4766032242987,1820.9992315064133,49
2008-12-16,1891.548519854705,1891.548519854705,1891.548519854705,1891.548519854705,1842.498801574593,49
2008-12-17,1910.782085273026,1910.782085273026,1910.782085273026,1910.782085273026,1861.2336216763713,49
2008-12-18,1940.1419864606582,1940.1419864606582,1940.1419864606582,1940.1419864606582,1889.8321916758953,49
2008-12-19,1950.9388483596942,1950.9388483596942,1950.9388483596942,1950.9388483596942,1900.34908029965,49
2008-12-22,1941.826121139006,1941.826121139006,1941.826121139006,1941.826121139006,1891.4726550813937,49
2008-12-23,1854.6085242106528,1854.6085242106528,1854.6085242106528,1854.6085242106528,1806.5166964422517,49
2008-12-24,1828.874819300769,1828.874819300769,1828.874819300769,1828.874819300769,1781.4502918753856,49
2008-12-25,1805.9005134840047,1805.9005134840047,1805.9005134840047,1805.9005134840047,1759.0717324622503,49
2008-12-26,1786.4649429488504,1786.4649429488504,1786.4649429488504,1786.4649429488504,1740.1401454355052,49
2008-12-29,1765.2767942230535,1765.2767942230535,1765.2767942230535,1765.2767942230535,1719.5014262987295,49
2008-12-30,1755.421369520386,1755.421369520386,1755.421369520386,1755.421369520386,1709.9015624765377,49
2008-12-31,1735.603981233902,1735.603981233902,1735.603981233902,1735.603981233902,1690.598058609246,49
2009-01-05,1775.9670739862404,1775.9670739862404,1775.9670739862404,1775.9670739862404,1729.914496566513,48
2009-01-06,1821.8440861845957,1821.8440861845957,1821.8440861845957,1821.8440861845957,1774.6018726015645,48
2009-01-07,1806.1438911240175,1806.1438911240175,1806.1438911240175,1806.1438911240175,1759.308799080075,48
2009-01-08,1770.3457117833798,1770.3457117833798,1770.3457117833798,1770.3457117833798,1724.438901828513,48
2009-01-09,1801.3706594920277,1801.3706594920277,1801.3706594920277,1801.3706594920277,1754.6593420509448,48
2009-01-12,1797.8002011232902,1797.8002011232902,1797.8002011232902,1797.8002011232902,1751.1814691883571,48
2009-01-13,1748.1741723592945,1748.1741723592945,1748.1741723592945,1748.1741723592945,1702.8422922839277,48
2009-01-14,1818.6164839701341,1818.6164839701341,1818.6164839701341,1818.6164839701341,1771.4579652950993,48
2009-01-15,1825.2177153099387,1825.2177153099387,1825.2177153099387,1825.2177153099387,1777.8880201971226,48
2009-01-16,1849.0633100843438,1849.0633100843438,1849.0633100843438,1849.0633100843438,1801.115275186093,48
2009-01-19,1856.8939197050508,1856.8939197050508,1856.8939197050508,1856.8939197050508,1808.7428293779672,48
2009-01-20,1865.288402636039,1865.288402636039,1865.288402636039,1865.288402636039,1816.9196350891802,48
2009-01-21,1848.5797312344196,1848.5797312344196,1848.5797312344196,1848.5797312344196,1800.6442360125802,48
2009-01-22,1891.2929752271607,1891.2929752271607,1891.2929752271607,1891.2929752271607,1842.249883471221,48
2009-01-23,1890.391179726606,1890.391179726606,1890.391179726606,1890.391179726606,1841.3714724172107,48
2009-02-02,1914.7397612078296,1914.7397612078296,1914.7397612078296,1914.7397612078296,1865.0886711717221,48
2009-02-03,1963.4772436706728,1963.4772436706728,1963.4772436706728,1963.4772436706728,1912.5623426567386,48
2009-02-04,1999.9512187904127,1999.9512187904127,1999.9512187904127,1999.9512187904127,1948.0905116364825,48
2009-02-05,1983.4180425549616,1983.4180425549616,1983.4180425549616,1983.4180425549616,1931.9860569633452,48
2009-02-06,2061.94931929264,2061.94931929264,2061.94931929264,2061.94931929264,2008.4809402594976,48
2009-02-09,2146.5529301149804,2146.5529301149804,2146.5529301149804,2146.5529301149804,2090.8906960298755,48
2009-02-10,2179.1598441228416,2179.1598441228416,2179.1598441228416,2179.1598441228416,2122.652080605485,48
2009-02-11,2183.2067328214666,2183.2067328214666,2183.2067328214666,2183.2067328214666,2126.5940294897227,48
2009-02-12,2179.5967289786267,2179.5967289786267,2179.5967289786267,2179.5967289786267,2123.0776366061696,48
2009-02-13,2242.784870901457,2242.784870901457,2242.784870901457,2242.784870901457,2184.6272477023117,48
2009-02-16,2282.556963495578,2282.556963495578,2282.556963495578,2282.556963495578,2223.3680107182195,48
2009-02-17,2223.23859739707,2223.23859739707,2223.23859739707,2223.23859739707,2165.5878283434845,48
2009-02-18,2128.06205626483,2128.06205626483,2128.06205626483,2128.06205626483,2072.879308771575,48
2009-02-19,2162.7695466461746,2162.7695466461746,2162.7695466461746,2162.7695466461746,2106.6867997040313,48
2009-02-20,2220.2728811691795,2220.2728811691795,2220.2728811691795,2220.2728811691795,2162.699016061726,48
2009-02-23,2282.055869525426,2282.055869525426,2282.055869525426,2282.055869525426,2222.8799106088163,48
2009-02-24,2195.9376425251166,2195.9376425251166,2195.9376425251166,2195.9376425251166,2138.994814151451,48
2009-02-25,2159.134682141467,2159.134682141467,2159.134682141467,2159.134682141467,2103.1461908200863,48
2009-02-26,2022.527566679537,2022.527566679537,2022.527566679537,2022.527566679537,1970.0814325634483,48
2009-02-27,1959.2324677549555,1959.2324677549555,1959.2324677549555,1959.2324677549555,1908.4276379660755,48
2009-03-02,1993.1453438023657,1993.1453438023657,1993.1453438023657,1993.1453438023657,1941.4611196978053,48
2009-03-03,1971.6186027545355,1971.6186027545355,1971.6186027545355,1971.6186027545355,1920.4925882717753,48
2009-03-04,2106.0292384591094,2106.0292384591094,2106.0292384591094,2106.0292384591094,2051.4178236570033,48
2009-03-05,2106.9657956489245,2106.9657956489245,2106.9657956489245,2106.9657956489245,2052.3300949953946,48
2009-03-06,2079.193922816594,2079.193922816594,2079.193922816594,2079.193922816594,2025.2783742100446,48
2009-03-09,2015.9596726251418,2015.9596726251418,2015.9596726251418,2015.9596726251418,1963.6838504781513,48
2009-03-10,2054.188603169236,2054.188603169236,2054.188603169236,2054.188603169236,2000.9214671576233,48
2009-03-11,2040.074422183882,2040.074422183882,2040.074422183882,2040.074422183882,1987.1732808024992,48
2009-03-12,2026.387665447836,2026.387665447836,2026.387665447836,2026.387665447836,1973.8414351644371,48
2009-03-13,2017.4111198198063,2017.4111198198063,2017.4111198198063,2017.4111198198063,1965.0976602158596,48
2009-03-16,2035.7795514859954,2035.7795514859954,2035.7795514859954,2035.7795514859954,1982.9897803367633,48
2009-03-17,2111.5403594416675,2111.5403594416675,2111.5403594416675,2111.5403594416675,2056.786035838246,48
2009-03-18,2142.8023244028436,2142.8023244028436,2142.8023244028436,2142.8023244028436,2087.237347222137,48
2009-03-19,2206.064038576862,2206.064038576862,2206.064038576862,2206.064038576862,2148.8586227684477,48
2009-03-20,2235.051231164484,2235.051231164484,2235.051231164484,2235.051231164484,2169.670176162994,48
2009-03-23,2295.886458115864,2295.886458115864,2295.886458115864,2295.886458115864,2228.72581468084,48
2009-03-24,2312.153878112697,2312.153878112697,2312.153878112697,2312.153878112697,2244.517370381269,48
2009-03-25,2254.5435811204006,2254.5435811204006,2254.5435811204006,2254.5435811204006,2188.5923242430854,48
2009-03-26,2315.690505806259,2315.690505806259,2315.690505806259,2315.690505806259,2247.9505425269094,48
2009-03-27,2357.076750254797,2357.076750254797,2357.076750254797,2357.076750254797,2288.126131807071,48
2009-03-30,2367.4126598111934,2367.4126598111934,2367.4126598111934,2367.4126598111934,2298.1596891570507,48
2009-03-31,2425.7140759529248,2425.7140759529248,2425.7140759529248,2425.7140759529248,2354.7556374140745,48
2009-04-01,2449.7055375170553,2449.7055375170553,2449.7055375170553,2449.7055375170553,2378.045286399496,48
2009-04-02,2457.106704886207,2457.106704886207,2457.106704886207,2457.106704886207,2385.2299503954405,48
2009-04-03,2426.2762366403304,2426.2762366403304,2426.2762366403304,2426.2762366403304,2355.301353440924,48
2009-04-07,2432.212930897971,2432.212930897971,2432.212930897971,2432.212930897971,2361.0643839684567,48
2009-04-08,2344.724651232991,2344.724651232991,2344.724651232991,2344.724651232991,2276.1353637714496,48
2009-04-09,2383.562147369311,2383.562147369311,2383.562147369311,2383.562147369311,2313.836762248976,48
2009-04-10,2480.5275574040343,2480.5275574040343,2480.5275574040343,2480.5275574040343,2407.965682131561,48
2009-04-13,2525.094765500091,2525.094765500091,2525.094765500091,2525.094765500091,2451.2291836086547,48
2009-04-14,2548.055031597897,2548.055031597897,2548.055031597897,2548.055031597897,2473.5178022741075,48
2009-04-15,2561.1435113106836,2561.1435113106836,2561.1435113106836,2561.1435113106836,2486.223409952439,48
2009-04-16,2548.7760623647882,2548.7760623647882,2548.7760623647882,2548.7760623647882,2474.217741017885,48
2009-04-17,2534.5732040583503,2534.5732040583503,2534.5732040583503,2534.5732040583503,2460.430353214836,48
2009-04-20,2564.5845919221856,2564.5845919221856,2564.5845919221856,2564.5845919221856,2489.5638300163937,48
2009-04-21,2530.0429000505183,2530.0429000505183,2530.0429000505183,2530.0429000505183,2456.032572368612,48
2009-04-22,2427.948871847758,2427.948871847758,2427.948871847758,2427.948871847758,2356.925059723157,48
2009-04-23,2449.231612456164,2449.231612456164,2449.231612456164,2449.231612456164,2377.585224877856,48
2009-04-24,2420.1148876039165,2420.1148876039165,2420.1148876039165,2420.1148876039165,2349.320239870532,48
2009-04-27,2363.16454895731,2363.16454895731,2363.16454895731,2363.16454895731,2294.0358465819063,48
2009-04-28,2399.547658330701,2399.547658330701,2399.547658330701,2399.547658330701,2329.354655485626,48
2009-04-29,2460.2193042764666,2460.2193042764666,2460.2193042764666,2460.2193042764666,2388.251498167243,48
2009-04-30,2491.3952132102077,2491.3952132102077,2491.3952132102077,2491.3952132102077,2418.5154307720763,48
2009-05-04,2559.5932511516858,2559.5932511516858,2559.5932511516858,2559.5932511516858,2484.7184989305474,48
2009-05-05,2582.4546449422296,2582.4546449422296,2582.4546449422296,2582.4546449422296,2506.911137560588,48
2009-05-06,2616.5918834459862,2616.5918834459862,2616.5918834459862,2616.5918834459862,2540.049773152209,48
2009-05-07,2583.8062780664304,2583.8062780664304,2583.8062780664304,2583.8062780664304,2508.223231904468,48
2009-05-08,2568.744943478666,2568.744943478666,2568.744943478666,2568.744943478666,2493.6024804815756,48
2009-05-11,2484.232509462889,2484.232509462889,2484.232509462889,2484.232509462889,2411.5622547175158,48
2009-05-12,2541.236784110949,2541.236784110949,2541.236784110949,2541.236784110949,2466.899006239431,48
2009-05-13,2562.0415068590955,2562.0415068590955,2562.0415068590955,2562.0415068590955,2487.0951367981365,48
2009-05-14,2569.6863026695746,2569.6863026695746,2569.6863026695746,2569.6863026695746,2494.5163024705716,48
2009-05-15,2577.8021959430293,2577.8021959430293,2577.8021959430293,2577.8021959430293,2502.394784781316,48
2009-05-18,2577.2964005331332,2577.2964005331332,2577.2964005331332,2577.2964005331332,2501.9037852011766,48
2009-05-19,2591.801155037199,2591.801155037199,2591.801155037199,2591.801155037199,2515.98423795377,48
2009-05-20,2580.5834562431046,2580.5834562431046,2580.5834562431046,2580.5834562431046,2505.094685992115,48
2009-05-21,2544.0223274179666,2544.0223274179666,2544.0223274179666,2544.0223274179666,2469.603065168092,48
2009-05-22,2532.489465955221,2532.489465955221,2532.489465955221,2532.489465955221,2458.4075698646125,48
2009-05-25,2549.519226799579,2549.519226799579,2549.519226799579,2549.519226799579,2474.939165962274,48
2009-05-26,2532.8901891413816,2532.8901891413816,2532.8901891413816,2532.8901891413816,2458.79657085653,48
2009-05-27,2536.869551755755,2536.869551755755,2536.869551755755,2536.869551755755,2462.659526776357,48
2009-06-01,2603.4321590290897,2603.4321590290897,2603.4321590290897,2603.4321590290897,2527.2750048624503,48
2009-06-02,2602.2883434553605,2602.2883434553605,2602.2883434553605,2602.2883434553605,2526.1646488657966,48
2009-06-03,2624.818016116902,2624.818016116902,2624.818016116902,2624.818016116902,2548.035270071644,48
2009-06-04,2606.72329866239,2606.72329866239,2606.72329866239,2606.72329866239,2530.4698701113502,48
2009-06-05,2585.0451296046804,2585.0451296046804,2585.0451296046804,2585.0451296046804,2509.4258438167826,48
2009-06-08,2563.2170347933115,2563.2170347933115,2563.2170347933115,2563.2170347933115,2488.2362774863454,48
2009-06-09,2588.802427760332,2588.802427760332,2588.802427760332,2588.802427760332,2513.0732312402124,48
2009-06-10,2612.019738235923,2612.019738235923,2612.019738235923,2612.019738235923,2535.6113750676186,48
2009-06-11,2600.8228839277767,2600.8228839277767,2600.8228839277767,2600.8228839277767,2524.7420578365454,48
2009-06-12,2562.0397869582234,2562.0397869582234,2562.0397869582234,2562.0397869582234,2487.0934672088324,48
2009-06-15,2577.624328316885,2577.624328316885,2577.624328316885,2577.624328316885,2502.2221202453225,48
2009-06-16,2588.8721340448947,2588.8721340448947,2588.8721340448947,2588.8721340448947,2513.14089843486,48
2009-06-17,2632.6186133562996,2632.6186133562996,2632.6186133562996,2632.6186133562996,2555.6076795764425,48
2009-06-18,2658.9447825325237,2658.9447825325237,2658.9447825325237,2658.9447825325237,2581.1637399109145,48
2009-06-19,2666.7447831855998,2666.7447831855998,2666.7447831855998,2666.7447831855998,2588.7355702810905,48
2009-06-22,2642.435574158586,2642.435574158586,2642.435574158586,2642.435574158586,2565.1374687715584,48
2009-06-23,2623.202443949527,2623.202443949527,2623.202443949527,2623.202443949527,2546.4669575872967,48
2009-06-24,2684.9396001374557,2684.9396001374557,2684.9396001374557,2684.9396001374557,2606.39814156838,48
2009-06-25,2673.387882217753,2673.387882217753,2673.387882217753,2673.387882217753,2595.184341408297,48
2009-06-26,2684.7238532994347,2684.7238532994347,2684.7238532994347,2684.7238532994347,2606.1887058858647,48
2009-06-29,2724.641886839676,2724.641886839676,2724.641886839676,2724.641886839676,2644.9390332410953,48
2009-06-30,2702.788372773349,2702.788372773349,2702.788372773349,2702.788372773349,2623.7247912349444,48
2009-07-01,2759.484314832938,2759.484314832938,2759.484314832938,2759.484314832938,2678.7622296976256,47
2009-07-02,2782.2256195449895,2782.2256195449895,2782.2256195449895,2782.2256195449895,2700.838292166702,47
2009-07-03,2819.4119798879096,2819.4119798879096,2819.4119798879096,2819.4119798879096,2736.936854862309,47
2009-07-06,2846.3543064378996,2846.3543064378996,2846.3543064378996,2846.3543064378996,2763.091048366635,47
2009-07-07,2816.7180214974633,2816.7180214974633,2816.7180214974633,2816.7180214974633,2734.3217017534785,47
2009-07-08,2866.2310980236202,2866.2310980236202,2866.2310980236202,2866.2310980236202,2782.3863921601087,47
2009-07-09,2913.882507545934,2913.882507545934,2913.882507545934,2913.882507545934,2828.6438741592247,47
2009-07-10,2913.107639255523,2913.107639255523,2913.107639255523,2913.107639255523,2827.8916727793558,47
2009-07-13,2923.188790591084,2923.188790591084,2923.188790591084,2923.188790591084,2837.6779242483017,47
2009-07-14,2994.1506637544608,2994.1506637544608,2994.1506637544608,2994.1506637544608,2906.563978268201,47
2009-07-15,3007.237445277924,3007.237445277924,3007.237445277924,3007.237445277924,2919.2679374336585,47
2009-07-16,2987.17136581458,2987.17136581458,2987.17136581458,2987.17136581458,2899.788842924737,47
2009-07-17,3006.744347010901,3006.744347010901,3006.744347010901,3006.744347010901,2918.7892635719772,47
2009-07-20,3047.5814726579647,3047.5814726579647,3047.5814726579647,3047.5814726579647,2958.431797202176,47
2009-07-21,2994.727044253303,2994.727044253303,2994.727044253303,2994.727044253303,2907.1234981400607,47
2009-07-22,3051.746784156885,3051.746784156885,3051.746784156885,3051.746784156885,2962.475262518596,47
2009-07-23,3068.3509102257262,3068.3509102257262,3068.3509102257262,3068.3509102257262,2978.5936747636906,47
2009-07-24,3043.434570654372,3043.434570654372,3043.434570654372,3043.434570654372,2954.406202855518,47
2009-07-27,3097.6013998812823,3097.6013998812823,3097.6013998812823,3097.6013998812823,3006.988511606316,47
2009-07-28,3135.0843389527918,3135.0843389527918,3135.0843389527918,3135.0843389527918,3043.3749773322124,47
2009-07-29,2938.592525006423,2938.592525006423,2938.592525006423,2938.592525006423,2852.6310594142833,47
2009-07-30,2976.538467361357,2976.538467361357,2976.538467361357,2976.538467361357,2889.4669843747174,47
2009-07-31,3058.523123054209,3058.523123054209,3058.523123054209,3058.523123054209,2969.05337589877,47
2009-08-03,3094.1256822614023,3094.1256822614023,3094.1256822614023,3094.1256822614023,3003.6144677564625,47
2009-08-04,3147.036200799797,3147.036200799797,3147.036200799797,3147.036200799797,3054.9772161701812,47
2009-08-05,3110.418400070404,3110.418400070404,3110.418400070404,3110.418400070404,3019.430581242332,47
2009-08-06,3079.194365697869,3079.194365697869,3079.194365697869,3079.194365697869,2989.119930992816,47
2009-08-07,3008.7250398406245,3008.7250398406245,3008.7250398406245,3008.7250398406245,2920.712015990744,47
2009-08-10,3016.8135040111556,3016.8135040111556,3016.8135040111556,3016.8135040111556,2928.563871571084,47
2009-08-11,3046.2795976445486,3046.2795976445486,3046.2795976445486,3046.2795976445486,2957.168005415072,47
2009-08-12,2896.917657935146,2896.917657935146,2896.917657935146,2896.917657935146,2812.175290472916,47
2009-08-13,2897.8426467426534,2897.8426467426534,2897.8426467426534,2897.8426467426534,2813.0732209547546,47
2009-08-14,2827.6901500284434,2827.6901500284434,2827.6901500284434,2827.6901500284434,2744.9728670201866,47
2009-08-17,2662.1257163503956,2662.1257163503956,2662.1257163503956,2662.1257163503956,2584.251623150793,47
2009-08-18,2668.9390420961695,2668.9390420961695,2668.9390420961695,2668.9390420961695,2590.8656414180105,47
2009-08-19,2538.4458675598025,2538.4458675598025,2538.4458675598025,2538.4458675598025,2464.1897312479896,47
2009-08-20,2635.591362455872,2635.591362455872,2635.591362455872,2635.591362455872,2558.49346804188,47
2009-08-21,2694.9637924257913,2694.9637924257913,2694.9637924257913,2694.9637924257913,2616.1291001902064,47
2009-08-24,2734.062398281974,2734.062398281974,2734.062398281974,2734.062398281974,2654.083970249947,47
2009-08-25,2664.9231068956224,2664.9231068956224,2664.9231068956224,2664.9231068956224,2586.967182755169,47
2009-08-26,2746.3369892397445,2746.3369892397445,2746.3369892397445,2746.3369892397445,2665.9994975337668,47
2009-08-27,2746.8333745985456,2746.8333745985456,2746.8333745985456,2746.8333745985456,2666.4813623312525,47
2009-08-28,2662.4237619608225,2662.4237619608225,2662.4237619608225,2662.4237619608225,2584.5409501528165,47
2009-08-31,2470.846667843974,2470.846667843974,2470.846667843974,2470.846667843974,2398.567983741333,47
2009-09-01,2454.4032454998965,2454.4032454998965,2454.4032454998965,2454.4032454998965,2382.605574219557,47
2009-09-02,2470.15148296262,2470.15148296262,2470.15148296262,2470.15148296262,2397.893134823795,47
2009-09-03,2608.1641456131642,2608.1641456131642,2608.1641456131642,2608.1641456131642,2531.8685685456066,47
2009-09-04,2643.5012458169113,2643.5012458169113,2643.5012458169113,2643.5012458169113,2566.1719667653456,47
2009-09-07,2658.776335759006,2658.776335759006,2658.776335759006,2658.776335759006,2581.000220643134,47
2009-09-08,2715.565600098983,2715.565600098983,2715.565600098983,2715.565600098983,2636.128251467058,47
2009-09-09,2754.7964339380833,2754.7964339380833,2754.7964339380833,2754.7964339380833,2674.211481497698,47
2009-09-10,2726.5187174854623,2726.5187174854623,2726.5187174854623,2726.5187174854623,2646.7609617146327,47
2009-09-11,2772.446566035632,2772.446566035632,2772.446566035632,2772.446566035632,2691.3453013777175,47
2009-09-14,2844.24945198757,2844.24945198757,2844.24945198757,2844.24945198757,2761.047766377227,47
2009-09-15,2846.2628150600553,2846.2628150600553,2846.2628150600553,2846.2628150600553,2763.002233349281,47
2009-09-16,2821.9521899011206,2821.9521899011206,2821.9521899011206,2821.9521899011206,2739.402757133366,47
2009-09-17,2871.6667137736463,2871.6667137736463,2871.6667137736463,2871.6667137736463,2787.6630020281386,47
2009-09-18,2783.432873094158,2783.432873094158,2783.432873094158,2783.432873094158,2693.5863836448543,46
2009-09-21,2788.365616950749,2788.365616950749,2788.365616950749,2788.365616950749,2698.359903356631,46
2009-09-22,2726.870331154597,2726.870331154597,2726.870331154597,2726.870331154597,2638.8496252105197,46
2009-09-23,2656.639533252625,2656.639533252625,2656.639533252625,2656.639533252625,2570.8858087413355,46
2009-09-24,2683.9878391989655,2683.9878391989655,2683.9878391989655,2683.9878391989655,2597.351338133078,46
2009-09-25,2645.475585628846,2645.475585628846,2645.475585628846,2645.475585628846,2560.0822224225076,46
2009-09-28,2550.3662037425865,2550.3662037425865,2550.3662037425865,2550.3662037425865,2468.042878315415,46
2009-09-29,2568.5339863285462,2568.5339863285462,2568.5339863285462,2568.5339863285462,2485.6242226573613,46
2009-09-30,2613.7641183400433,2613.7641183400433,2613.7641183400433,2613.7641183400433,2529.3943702669194,46
2009-10-09,2776.3123038634976,2776.3123038634976,2776.3123038634976,2776.3123038634976,2686.6956594212143,46
2009-10-12,2785.277919957851,2785.277919957851,2785.277919957851,2785.277919957851,2695.3718742012356,46
2009-10-13,2831.4707430814988,2831.4707430814988,2831.4707430814988,2831.4707430814988,2740.073638195874,46
2009-10-14,2875.6577031373813,2875.6577031373813,2875.6577031373813,2875.6577031373813,2782.8342864197616,46
2009-10-15,2891.1065032644715,2891.1065032644715,2891.1065032644715,2891.1065032644715,2797.7844143959837,46
2009-10-16,2911.722458590518,2911.722458590518,2911.722458590518,2911.722458590518,2817.7349068575963,46
2009-10-19,3015.3248200988655,3015.3248200988655,3015.3248200988655,3015.3248200988655,2917.993085515278,46
2009-10-20,3040.5260761897594,3040.5260761897594,3040.5260761897594,3040.5260761897594,2942.3808697199383,46
2009-10-21,3026.0886886091203,3026.0886886091203,3026.0886886091203,3026.0886886091203,2928.4095068828733,46
2009-10-22,3004.2204539303116,3004.2204539303116,3004.2204539303116,3004.2204539303116,2907.2471574206033,46
2009-10-23,3069.4864172675884,3069.4864172675884,3069.4864172675884,3069.4864172675884,2970.4063993265627,46
2009-10-26,3063.1076346101036,3063.1076346101036,3063.1076346101036,3063.1076346101036,2964.2335175313815,46
2009-10-27,2969.483515861516,2969.483515861516,2969.483515861516,2969.483515861516,2873.6314937212624,46
2009-10-28,2990.0310756179656,2990.0310756179656,2990.0310756179656,2990.0310756179656,2893.5157983553368,46
2009-10-29,2906.4574247433206,2906.4574247433206,2906.4574247433206,2906.4574247433206,2812.639823150952,46
2009-10-30,2931.9971352133653,2931.9971352133653,2931.9971352133653,2931.9971352133653,2837.3551367585947,46
2009-11-02,3048.3123776336797,3048.3123776336797,3048.3123776336797,3048.3123776336797,2949.9158369724382,46
2009-11-03,3081.3473706817754,3081.3473706817754,3081.3473706817754,3081.3473706817754,2981.8844927709297,46
2009-11-04,3081.0181019723736,3081.0181019723736,3081.0181019723736,3081.0181019723736,2981.5658525332656,46
2009-11-05,3088.1015975632154,3088.1015975632154,3088.1015975632154,3088.1015975632154,2988.420699817903,46
2009-11-06,3115.869112898815,3115.869112898815,3115.869112898815,3115.869112898815,3015.2919069300315,46
2009-11-09,3119.589581171931,3119.589581171931,3119.589581171931,3119.589581171931,3018.89228212791,46
2009-11-10,3145.152957282241,3145.152957282241,3145.152957282241,3145.152957282241,3043.6304974721083,46
2009-11-11,3126.71031777992,3126.71031777992,3126.71031777992,3126.71031777992,3025.783168326103,46
2009-11-12,3124.171595533969,3124.171595533969,3124.171595533969,3124.171595533969,3023.326393550016,46
2009-11-13,3132.006596440413,3132.006596440413,3132.006596440413,3132.006596440413,3030.9084882940438,46
2009-11-16,3250.885630196483,3250.885630196483,3250.885630196483,3250.885630196483,3145.9502231680917,46
2009-11-17,3245.243273657418,3245.243273657418,3245.243273657418,3245.243273657418,3140.4899963768485,46
2009-11-18,3229.3708901492414,3229.3708901492414,3229.3708901492414,3229.3708901492414,3125.1299578765893,46
2009-11-19,3235.3994648902694,3235.3994648902694,3235.3994648902694,3235.3994648902694,3130.963936124165,46
2009-11-20,3230.3802544338996,3230.3802544338996,3230.3802544338996,3230.3802544338996,3126.1067408698395,46
2009-11-23,3264.8290903593793,3264.8290903593793,3264.8290903593793,3264.8290903593793,3159.4436020811313,46
2009-11-24,3168.6541149374134,3168.6541149374134,3168.6541149374134,3168.6541149374134,3066.3730607549414,46
2009-11-25,3245.857430761149,3245.857430761149,3245.857430761149,3245.857430761149,3141.0843290902467,46
2009-11-26,3130.9027625806266,3130.9027625806266,3130.9027625806266,3130.9027625806266,3029.8402851111077,46
2009-11-27,3004.620916971159,3004.620916971159,3004.620916971159,3004.620916971159,2907.6346939063596,46
2009-11-30,3127.5850712110005,3127.5850712110005,3127.5850712110005,3127.5850712110005,3026.629685572407,46
2009-12-01,3156.4339624286577,3156.4339624286577,3156.4339624286577,3156.4339624286577,3054.5473628112877,46
2009-12-02,3211.1840226834634,3211.1840226834634,3211.1840226834634,3211.1840226834634,3107.5301446960702,46
2009-12-03,3195.1548299655005,3195.1548299655005,3195.1548299655005,3195.1548299655005,3092.018358633873,46
2009-12-04,3233.4277090987966,3233.4277090987966,3233.4277090987966,3233.4277090987966,3129.055826680204,46
2009-12-07,3255.9588131479577,3255.9588131479577,3255.9588131479577,3255.9588131479577,3150.859648738194,46
2009-12-08,3221.89990434004,3221.89990434004,3221.89990434004,3221.89990434004,3117.9001281786677,46
2009-12-09,3165.9733949777224,3165.9733949777224,3165.9733949777224,3165.9733949777224,3063.7788718123643,46
2009-12-10,3180.533265536564,3180.533265536564,3180.533265536564,3180.533265536564,3077.8687639969494,46
2009-12-11,3169.3009954945187,3169.3009954945187,3169.3009954945187,3169.3009954945187,3066.999060640661,46
2009-12-14,3180.1474593629755,3180.1474593629755,3180.1474593629755,3180.1474593629755,3077.495411269119,46
2009-12-15,3145.054295029259,3145.054295029259,3145.054295029259,3145.054295029259,3043.535019940108,46
2009-12-16,3124.0518630601823,3124.0518630601823,3124.0518630601823,3124.0518630601823,3023.210525923321,46
2009-12-17,3053.42177627753,3053.42177627753,3053.42177627753,3053.42177627753,2954.8603092278054,46
2009-12-18,2935.3762396976963,2935.3762396976963,2935.3762396976963,2935.3762396976963,2840.6251670567535,46
2009-12-21,2955.7561481048624,2955.7561481048624,2955.7561481048624,2955.7561481048624,2860.3472319630464,46
2009-12-22,2855.7462089579926,2855.7462089579926,2855.7462089579926,2855.7462089579926,2763.5655157883357,46
2009-12-23,2878.016554701436,2878.016554701436,2878.016554701436,2878.016554701436,2785.116996563555,46
2009-12-24,2985.0750539422374,2985.0750539422374,2985.0750539422374,2985.0750539422374,2888.719752209648,46
2009-12-25,2970.255352555659,2970.255352555659,2970.255352555659,2970.255352555659,2874.378416282191,46
2009-12-28,3020.691871148421,3020.691871148421,3020.691871148421,3020.691871148421,2923.1868934088166,46
2009-12-29,3027.7521271875144,3027.7521271875144,3027.7521271875144,3027.7521271875144,2930.019251291695,46
2009-12-30,3063.5833355766476,3063.5833355766476,3063.5833355766476,3063.5833355766476,2964.693863336218,46
2009-12-31,3073.619711593106,3073.619711593106,3073.619711593106,3073.619711593106,2974.406274955838,46
2010-01-04,3025.410411893038,3025.410411893038,3025.410411893038,3025.410411893038,2927.7531242754676,46
2010-01-05,3029.4420195579287,3029.4420195579287,3029.4420195579287,3029.4420195579287,2931.6545955900156,46
2010-01-06,3015.1862080860647,3015.1862080860647,3015.1862080860647,3015.1862080860647,2917.8589477626133,46
2010-01-07,2970.386619330956,2970.386619330956,2970.386619330956,2970.386619330956,2874.50544589443,46
2010-01-08,2977.935789789524,2977.935789789524,2977.935789789524,2977.935789789524,2881.810936517744,46
2010-01-11,2956.548685459928,2956.548685459928,2956.548685459928,2956.548685459928,2861.114186987818,46
2010-01-12,2988.4237048753957,2988.4237048753957,2988.4237048753957,2988.4237048753957,2891.960311967465,46
2010-01-13,2869.8306329145003,2869.8306329145003,2869.8306329145003,2869.8306329145003,2777.1953083216677,46
2010-01-14,2912.892265989225,2912.892265989225,2912.892265989225,2912.892265989225,2818.8669540181745,46
2010-01-15,2932.2632882830926,2932.2632882830926,2932.2632882830926,2932.2632882830926,2837.6126986676727,46
2010-01-18,2932.4425259077216,2932.4425259077216,2932.4425259077216,2932.4425259077216,2837.786150677169,46
2010-01-19,2943.044562019068,2943.044562019068,2943.044562019068,2943.044562019068,2848.045963437334,46
2010-01-20,2849.3366842515125,2849.3366842515125,2849.3366842515125,2849.3366842515125,2757.3628842674184,46
2010-01-21,2845.2021479592568,2845.2021479592568,2845.2021479592568,2845.2021479592568,2753.361806760877,46
2010-01-22,2786.619352452039,2786.619352452039,2786.619352452039,2786.619352452039,2696.6700065671544,46
2010-01-25,2761.058435713774,2761.058435713774,2761.058435713774,2761.058435713774,2671.9341712088785,46
2010-01-26,2659.92920813859,2659.92920813859,2659.92920813859,2659.92920813859,2574.0692961410537,46
2010-01-27,2631.740322244464,2631.740322244464,2631.740322244464,2631.740322244464,2546.7903198997005,46
2010-01-28,2647.3861991046197,2647.3861991046197,2647.3861991046197,2647.3861991046197,2561.9311631648916,46
2010-01-29,2639.121160351423,2639.121160351423,2639.121160351423,2639.121160351423,2553.932911774996,46
2010-02-01,2591.046187056408,2591.046187056408,2591.046187056408,2591.046187056408,2507.409751574767,46
2010-02-02,2593.328041215485,2593.328041215485,2593.328041215485,2593.328041215485,2509.6179497144694,46
2010-02-03,2684.767201970339,2684.767201970339,2684.767201970339,2684.767201970339,2598.105543836829,46
2010-02-04,2672.156770061508,2672.156770061508,2672.156770061508,2672.156770061508,2585.902164330231,46
2010-02-05,2603.41821841781,2603.41821841781,2603.41821841781,2603.41821841781,2519.3824258703225,46
2010-02-08,2603.982399610446,2603.982399610446,2603.982399610446,2603.982399610446,2519.9283958461333,46
2010-02-09,2610.0331674540184,2610.0331674540184,2610.0331674540184,2610.0331674540184,2525.78385082462,46
2010-02-10,2650.6127738049036,2650.6127738049036,2650.6127738049036,2650.6127738049036,2565.0535871911757,46
2010-02-11,2661.1876114373063,2661.1876114373063,2661.1876114373063,2661.1876114373063,2575.2870794126825,46
2010-02-12,2686.1930585866544,2686.1930585866544,2686.1930585866544,2686.1930585866544,2599.485375196824,46
2010-02-22,2670.4376374792355,2670.4376374792355,2670.4376374792355,2670.4376374792355,2584.238523665478,46
2010-02-23,2646.3346906164707,2646.3346906164707,2646.3346906164707,2646.3346906164707,2560.9135963418,46
2010-02-24,2689.152817783231,2689.152817783231,2689.152817783231,2689.152817783231,2602.3495962627717,46
2010-02-25,2738.1934433813317,2738.1934433813317,2738.1934433813317,2738.1934433813317,2649.8072384546695,46
2010-02-26,2732.1972920753037,2732.1972920753037,2732.1972920753037,2732.1972920753037,2644.004637045339,46
2010-03-01,2766.2266894110917,2766.2266894110917,2766.2266894110917,2766.2266894110917,2676.9355987341783,46
2010-03-02,2746.689776180578,2746.689776180578,2746.689776180578,2746.689776180578,2658.0293179451382,46
2010-03-03,2760.834052456897,2760.834052456897,2760.834052456897,2760.834052456897,2671.717030823966,46
2010-03-04,2682.716386009162,2682.716386009162,2682.716386009162,2682.716386009162,2596.1209262080774,46
2010-03-05,2696.855081400085,2696.855081400085,2696.855081400085,2696.855081400085,2609.803238347029,46
2010-03-08,2734.173773026425,2734.173773026425,2734.173773026425,2734.173773026425,2645.9173191254195,46
2010-03-09,2768.416441982715,2768.416441982715,2768.416441982715,2768.416441982715,2679.0546682355453,46
2010-03-10,2734.3312625703866,2734.3312625703866,2734.3312625703866,2734.3312625703866,2646.069725061012,46
2010-03-11,2721.989148288812,2721.989148288812,2721.989148288812,2721.989148288812,2634.1260021512217,46
2010-03-12,2682.415456478145,2682.415456478145,2682.415456478145,2682.415456478145,2595.8297103878513,46
2010-03-15,2651.2924933598642,2651.2924933598642,2651.2924933598642,2651.2924933598642,2565.7113660640334,46
2010-03-16,2676.871536007527,2676.871536007527,2676.871536007527,2676.871536007527,2590.464742245089,46
2010-03-17,2737.863502653542,2737.863502653542,2737.863502653542,2737.863502653542,2649.4879478907133,46
2010-03-18,2740.2900881192863,2740.2900881192863,2740.2900881192863,2740.2900881192863,2651.836205552129,46
2010-03-19,2764.055965649318,2764.055965649318,2764.055965649318,2764.055965649318,2666.6093066021053,48
2010-03-22,2769.2874768143574,2769.2874768143574,2769.2874768143574,2769.2874768143574,2671.6563810946836,48
2010-03-23,2757.349259138912,2757.349259138912,2757.349259138912,2757.349259138912,2660.1390447045337,48
2010-03-24,2771.9985382903856,2771.9985382903856,2771.9985382903856,2771.9985382903856,2674.2718642298264,48
2010-03-25,2728.9042572533444,2728.9042572533444,2728.9042572533444,2728.9042572533444,2632.6968699812187,48
2010-03-26,2761.5547415484216,2761.5547415484216,2761.5547415484216,2761.5547415484216,2664.1962630356084,48
2010-03-29,2825.5608394262945,2825.5608394262945,2825.5608394262945,2825.5608394262945,2725.945829036283,48
2010-03-30,2842.4124538280203,2842.4124538280203,2842.4124538280203,2842.4124538280203,2742.2033405893662,48
2010-03-31,2813.7587950454813,2813.7587950454813,2813.7587950454813,2813.7587950454813,2714.5598651578657,48
2010-04-01,2857.637826150542,2857.637826150542,2857.637826150542,2857.637826150542,2756.8919431488957,48
2010-04-02,2878.3705952875216,2878.3705952875216,2878.3705952875216,2878.3705952875216,2776.8937795152283,48
2010-04-06,2879.2077064772284,2879.2077064772284,2879.2077064772284,2879.2077064772284,2777.7013783905313,48
2010-04-07,2878.40981818434,2878.40981818434,2878.40981818434,2878.40981818434,2776.9316196107216,48
2010-04-08,2842.441882657874,2842.441882657874,2842.441882657874,2842.441882657874,2742.231731907251,48
2010-04-09,2882.5360987719496,2882.5360987719496,2882.5360987719496,2882.5360987719496,2780.912428376287,48
2010-04-12,2875.335863057491,2875.335863057491,2875.335863057491,2875.335863057491,2773.966036622822,48
2010-04-13,2888.958730245283,2888.958730245283,2888.958730245283,2888.958730245283,2787.1086302884446,48
2010-04-14,2929.15351785856,2929.15351785856,2929.15351785856,2929.15351785856,2825.8863526133546,48
2010-04-15,2926.121234529335,2926.121234529335,2926.121234529335,2926.121234529335,2822.960972285874,48
2010-04-16,2903.3393484830467,2903.3393484830467,2903.3393484830467,2903.3393484830467,2800.9822605275144,48
2010-04-19,2764.353787761337,2764.353787761337,2764.353787761337,2764.353787761337,2666.896629010007,48
2010-04-20,2775.3379764667816,2775.3379764667816,2775.3379764667816,2775.3379764667816,2677.4935706752353,48
2010-04-21,2852.232822024882,2852.232822024882,2852.232822024882,2852.232822024882,2751.6774921816123,48
2010-04-22,2845.1516941279524,2845.1516941279524,2845.1516941279524,2845.1516941279524,2744.846009105344,48
2010-04-23,2834.406660189045,2834.406660189045,2834.406660189045,2834.406660189045,2734.4797908169544,48
2010-04-26,2836.8887028503214,2836.8887028503214,2836.8887028503214,2836.8887028503214,2736.8743291845553,48
2010-04-27,2798.3071053014296,2798.3071053014296,2798.3071053014296,2798.3071053014296,2699.6529239865304,48
2010-04-28,2788.754956312718,2788.754956312718,2788.754956312718,2788.754956312718,2690.4375355472575,48
2010-04-29,2714.680884163755,2714.680884163755,2714.680884163755,2714.680884163755,2618.97494122025,48
2010-04-30,2691.861278801078,2691.861278801078,2691.861278801078,2691.861278801078,2596.959839938172,48
2010-05-04,2685.545369675254,2685.545369675254,2685.545369675254,2685.545369675254,2590.8665978823374,48
2010-05-05,2702.8705024115125,2702.8705024115125,2702.8705024115125,2702.8705024115125,2607.580933904029,48
2010-05-06,2581.1509351008094,2581.1509351008094,2581.1509351008094,2581.1509351008094,2490.152584037005,48
2010-05-07,2511.097928411018,2511.097928411018,2511.097928411018,2511.097928411018,2422.5692927013774,48
2010-05-10,2510.6855711719645,2510.6855711719645,2510.6855711719645,2510.6855711719645,2422.1714730967924,48
2010-05-11,2467.6382974025837,2467.6382974025837,2467.6382974025837,2467.6382974025837,2380.6418288769028,48
2010-05-12,2455.0061101295805,2455.0061101295805,2455.0061101295805,2455.0061101295805,2368.4549887537078,48
2010-05-13,2546.543838115243,2546.543838115243,2546.543838115243,2546.543838115243,2456.765558577658,48
2010-05-14,2538.079517551871,2538.079517551871,2538.079517551871,2538.079517551871,2448.599647225335,48
2010-05-17,2401.322834537179,2401.322834537179,2401.322834537179,2401.322834537179,2316.6643144393565,48
2010-05-18,2446.8608124344446,2446.8608124344446,2446.8608124344446,2446.8608124344446,2360.59685313387,48
2010-05-19,2452.9564126339246,2452.9564126339246,2452.9564126339246,2452.9564126339246,2366.4775532438766,48
2010-05-20,2422.0186714127644,2422.0186714127644,2422.0186714127644,2422.0186714127644,2336.6305205893796,48
2010-05-21,2466.966472893623,2466.966472893623,2466.966472893623,2466.966472893623,2379.9936895084306,48
2010-05-24,2574.257262992178,2574.257262992178,2574.257262992178,2574.257262992178,2483.501948004307,48
2010-05-25,2532.158335976397,2532.158335976397,2532.158335976397,2532.158335976397,2442.8872166192023,48
2010-05-26,2523.4515831404333,2523.4515831404333,2523.4515831404333,2523.4515831404333,2434.487419932303,48
2010-05-27,2573.7302453624397,2573.7302453624397,2573.7302453624397,2573.7302453624397,2482.993510355552,48
2010-05-28,2581.8437345820757,2581.8437345820757,2581.8437345820757,2581.8437345820757,2490.8209589061516,48
2010-05-31,2516.710177938724,2516.710177938724,2516.710177938724,2516.710177938724,2427.9836826441074,48
2010-06-01,2483.939532475518,2483.939532475518,2483.939532475518,2483.939532475518,2396.3683646977447,48
2010-06-02,2511.228835994869,2511.228835994869,2511.228835994869,2511.228835994869,2422.695585144707,48
2010-06-03,2494.935589437894,2494.935589437894,2494.935589437894,2494.935589437894,2406.976756205082,48
2010-06-04,2494.56543683225,2494.56543683225,2494.56543683225,2494.56543683225,2406.6196533116017,48
2010-06-07,2447.028046258952,2447.028046258952,2447.028046258952,2447.028046258952,2360.7581911380034,48
2010-06-08,2471.9372132235158,2471.9372132235158,2471.9372132235158,2471.9372132235158,2384.789186629011,48
2010-06-09,2536.99255929994,2536.99255929994,2536.99255929994,2536.99255929994,2447.551009633872,48
2010-06-10,2519.0240045922365,2519.0240045922365,2519.0240045922365,2519.0240045922365,2430.2159354511414,48
2010-06-11,2526.2071093244094,2526.2071093244094,2526.2071093244094,2526.2071093244094,2437.1458001742712,48
2010-06-17,2491.852275646218,2491.852275646218,2491.852275646218,2491.852275646218,2404.0021444916297,48
2010-06-18,2423.4647218261416,2423.4647218261416,2423.4647218261416,2423.4647218261416,2338.0255905655486,48
2010-06-21,2488.1573479768167,2488.1573479768167,2488.1573479768167,2488.1573479768167,2400.4374813180557,48
2010-06-22,2490.209695568297,2490.209695568297,2490.209695568297,2490.209695568297,2402.417473494711,48
2010-06-23,2474.3122190249023,2474.3122190249023,2474.3122190249023,2474.3122190249023,2387.080461716027,48
2010-06-24,2465.681684290986,2465.681684290986,2465.681684290986,2465.681684290986,2378.7541960656836,48
2010-06-25,2444.368519162501,2444.368519162501,2444.368519162501,2444.368519162501,2358.192425540384,48
2010-06-28,2415.147954983375,2415.147954983375,2415.147954983375,2415.147954983375,2330.002030934565,48
2010-06-29,2307.5909839442475,2307.5909839442475,2307.5909839442475,2307.5909839442475,2226.2369756942694,48
2010-06-30,2287.5598968552003,2287.5598968552003,2287.5598968552003,2287.5598968552003,2206.912083609292,48
2010-07-01,2252.0966846706488,2252.0966846706488,2252.0966846706488,2252.0966846706488,2172.6991252507896,48
2010-07-02,2225.861661146696,2225.861661146696,2225.861661146696,2225.861661146696,2147.389016209107,48
2010-07-05,2198.786058888747,2198.786058888747,2198.786058888747,2198.786058888747,2121.267962995938,48
2010-07-06,2260.6610269799244,2260.6610269799244,2260.6610269799244,2260.6610269799244,2180.9615320872144,48
2010-07-07,2288.3184636781853,2288.3184636781853,2288.3184636781853,2288.3184636781853,2207.6439071957143,48
2010-07-08,2295.733553650553,2295.733553650553,2295.733553650553,2295.733553650553,2214.7975785306444,48
2010-07-09,2383.0650103599146,2383.0650103599146,2383.0650103599146,2383.0650103599146,2299.0501689681887,48
2010-07-12,2408.0476459329275,2408.0476459329275,2408.0476459329275,2408.0476459329275,2323.152042935417,48
2010-07-13,2384.8975604988705,2384.8975604988705,2384.8975604988705,2384.8975604988705,2300.8181126408513,48
2010-07-14,2394.268577265206,2394.268577265206,2394.268577265206,2394.268577265206,2309.8587546654653,48
2010-07-15,2356.076774877653,2356.076774877653,2356.076774877653,2356.076774877653,2273.0134024192657,48
2010-07-16,2380.7565214905867,2380.7565214905867,2380.7565214905867,2380.7565214905867,2296.823065762016,48
2010-07-19,2453.0888071166955,2453.0888071166955,2453.0888071166955,2453.0888071166955,2366.6052801655774,48
2010-07-20,2516.432806423064,2516.432806423064,2516.432806423064,2516.432806423064,2427.7160898477828,48
2010-07-21,2522.451637178838,2522.451637178838,2522.451637178838,2522.451637178838,2433.5227270170994,48
2010-07-22,2554.458576436747,2554.458576436747,2554.458576436747,2554.458576436747,2464.4012631834025,48
2010-07-23,2563.9369177944727,2563.9369177944727,2563.9369177944727,2563.9369177944727,2473.545446076141,48
2010-07-26,2599.411593317998,2599.411593317998,2599.411593317998,2599.411593317998,2507.7694636341575,48
2010-07-27,2585.4251515666156,2585.4251515666156,2585.4251515666156,2585.4251515666156,2494.2761132085548,48
2010-07-28,2644.7219897098794,2644.7219897098794,2644.7219897098794,2644.7219897098794,2551.4824441982246,48
2010-07-29,2656.095659279726,2656.095659279726,2656.095659279726,2656.095659279726,2562.455135598865,48
2010-07-30,2641.825986354184,2641.825986354184,2641.825986354184,2641.825986354184,2548.6885393004145,48
2010-08-02,2702.697899919905,2702.697899919905,2702.697899919905,2702.697899919905,2607.4144165048942,48
2010-08-03,2668.8336216889174,2668.8336216889174,2668.8336216889174,2668.8336216889174,2574.744021760951,48
2010-08-04,2695.5497982871625,2695.5497982871625,2695.5497982871625,2695.5497982871625,2600.5183208486214,48
2010-08-05,2699.7340723471134,2699.7340723471134,2699.7340723471134,2699.7340723471134,2604.555078529473,48
2010-08-06,2735.216073415877,2735.216073415877,2735.216073415877,2735.216073415877,2638.7861633709854,48
2010-08-09,2771.953653881811,2771.953653881811,2771.953653881811,2771.953653881811,2674.228562218901,48
2010-08-10,2691.588298890743,2691.588298890743,2691.588298890743,2691.588298890743,2596.6964839213397,48
2010-08-11,2713.696398899702,2713.696398899702,2713.696398899702,2713.696398899702,2618.0251639364465,48
2010-08-12,2680.5414264243777,2680.5414264243777,2680.5414264243777,2680.5414264243777,2586.0390684081426,48
2010-08-13,2722.196151944917,2722.196151944917,2722.196151944917,2722.196151944917,2626.2252586001823,48
2010-08-16,2788.1363509955045,2788.1363509955045,2788.1363509955045,2788.1363509955045,2689.8407391305072,48
2010-08-17,2812.247046066579,2812.247046066579,2812.247046066579,2812.247046066579,2713.101412815915,48
2010-08-18,2823.3544112143754,2823.3544112143754,2823.3544112143754,2823.3544112143754,2723.8171883439923,48
2010-08-19,2836.809907061124,2836.809907061124,2836.809907061124,2836.809907061124,2736.798311337085,48
2010-08-20,2759.2924284295214,2759.2924284295214,2759.2924284295214,2759.2924284295214,2662.0137076560227,48
2010-08-23,2764.207155088011,2764.207155088011,2764.207155088011,2764.207155088011,2666.7551658644693,48
2010-08-24,2789.274217932124,2789.274217932124,2789.274217932124,2789.274217932124,2690.9384906234486,48
2010-08-25,2732.989608303661,2732.989608303661,2732.989608303661,2732.989608303661,2636.6381921783454,48
2010-08-26,2742.7921594030677,2742.7921594030677,2742.7921594030677,2742.7921594030677,2646.0951548140424,48
2010-08-27,2764.2788695649947,2764.2788695649947,2764.2788695649947,2764.2788695649947,2666.824352051044,48
2010-08-30,2839.2324344027347,2839.2324344027347,2839.2324344027347,2839.2324344027347,2739.1354325947295,48
2010-08-31,2843.2776381545627,2843.2776381545627,2843.2776381545627,2843.2776381545627,2743.0380228844283,48
2010-09-01,2817.5419816736735,2817.5419816736735,2817.5419816736735,2817.5419816736735,2718.209675724919,48
2010-09-02,2883.360619943793,2883.360619943793,2883.360619943793,2883.360619943793,2781.7078810941975,48
2010-09-03,2896.947000193111,2896.947000193111,2896.947000193111,2896.947000193111,2794.815274166593,48
2010-09-06,2924.6883661222814,2924.6883661222814,2924.6883661222814,2924.6883661222814,2821.578619585036,48
2010-09-07,2942.638039081833,2942.638039081833,2942.638039081833,2942.638039081833,2838.8954776947307,48
2010-09-08,2976.47134870222,2976.47134870222,2976.47134870222,2976.47134870222,2871.5359956249386,48
2010-09-09,2919.6976268329904,2919.6976268329904,2919.6976268329904,2919.6976268329904,2816.763828567401,48
2010-09-10,2956.1907451796806,2956.1907451796806,2956.1907451796806,2956.1907451796806,2851.9703837962334,48
2010-09-13,2990.5526787881886,2990.5526787881886,2990.5526787881886,2990.5526787881886,2885.1208891014926,48
2010-09-14,3005.1350579476857,3005.1350579476857,3005.1350579476857,3005.1350579476857,2899.189167190783,48
2010-09-15,2941.70917431421,2941.70917431421,2941.70917431421,2941.70917431421,2837.9993600094517,48
2010-09-16,2878.41719982864,2878.41719982864,2878.41719982864,2878.41719982864,2776.9387410155105,48
2010-09-17,2906.927214745454,2906.927214745454,2906.927214745454,2906.927214745454,2797.388884506967,50
2010-09-20,2891.146023619291,2891.146023619291,2891.146023619291,2891.146023619291,2782.2023575046132,50
2010-09-21,2907.6704698683975,2907.6704698683975,2907.6704698683975,2907.6704698683975,2798.1041324184825,50
2010-09-27,2986.9566302592652,2986.9566302592652,2986.9566302592652,2986.9566302592652,2874.402645380071,50
2010-09-28,3002.9487860649515,3002.9487860649515,3002.9487860649515,3002.9487860649515,2889.7921875272577,50
2010-09-29,2974.2707929688154,2974.2707929688154,2974.2707929688154,2974.2707929688154,2862.1948336237397,50
2010-09-30,3013.07431067523,3013.07431067523,3013.07431067523,3013.07431067523,2899.536163864511,50
2010-10-08,3118.342351767005,3118.342351767005,3118.342351767005,3118.342351767005,3000.837512776936,50
2010-10-11,3082.8759597478493,3082.8759597478493,3082.8759597478493,3082.8759597478493,2966.707559228498,50
2010-10-12,3092.478505744529,3092.478505744529,3092.478505744529,3092.478505744529,2975.948263742123,50
2010-10-13,3084.171346166563,3084.171346166563,3084.171346166563,3084.171346166563,2967.9541331194673,50
2010-10-14,3011.660056888495,3011.660056888495,3011.660056888495,3011.660056888495,2898.1752017451918,50
2010-10-15,3065.567947276771,3065.567947276771,3065.567947276771,3065.567947276771,2950.0517442999694,50
2010-10-18,3041.0367568953325,3041.0367568953325,3041.0367568953325,3041.0367568953325,2926.444934006039,50
2010-10-19,3136.403434200776,3136.403434200776,3136.403434200776,3136.403434200776,3018.2180206156295,50
2010-10-20,3200.490914920589,3200.490914920589,3200.490914920589,3200.490914920589,3079.890567933729,50
2010-10-21,3227.024633375531,3227.024633375531,3227.024633375531,3227.024633375531,3105.4244473834733,50
2010-10-22,3253.7421946160225,3253.7421946160225,3253.7421946160225,3253.7421946160225,3131.135242086611,50
2010-10-25,3336.8515854047787,3336.8515854047787,3336.8515854047787,3336.8515854047787,3211.112919137245,50
2010-10-26,3345.3729029339347,3345.3729029339347,3345.3729029339347,3345.3729029339347,3219.3131378480884,50
2010-10-27,3277.4256688252767,3277.4256688252767,3277.4256688252767,3277.4256688252767,3153.9262797030365,50
2010-10-28,3272.302389052068,3272.302389052068,3272.302389052068,3272.302389052068,3148.996054475141,50
2010-10-29,3296.3840106897023,3296.3840106897023,3296.3840106897023,3296.3840106897023,3172.1702365971796,50
2010-11-01,3384.299021358774,3384.299021358774,3384.299021358774,3384.299021358774,3256.7724489881452,50
2010-11-02,3338.8987912938614,3338.8987912938614,3338.8987912938614,3338.8987912938614,3213.0829825668934,50
2010-11-03,3280.4715091257453,3280.4715091257453,3280.4715091257453,3280.4715091257453,3156.8573471743152,50
2010-11-04,3369.0255823307593,3369.0255823307593,3369.0255823307593,3369.0255823307593,3242.074541056899,50
2010-11-05,3393.6474740443573,3393.6474740443573,3393.6474740443573,3393.6474740443573,3265.7686348910247,50
2010-11-08,3425.4244129565955,3425.4244129565955,3425.4244129565955,3425.4244129565955,3296.3481606685687,50
2010-11-09,3468.5351377285224,3468.5351377285224,3468.5351377285224,3468.5351377285224,3337.834394540643,50
2010-11-10,3513.05725408933,3513.05725408933,3513.05725408933,3513.05725408933,3380.678836187028,50
2010-11-11,3465.605588596228,3465.605588596228,3465.605588596228,3465.605588596228,3335.0152361737855,50
2010-11-12,3252.482687055717,3252.482687055717,3252.482687055717,3252.482687055717,3129.9231950730928,50
2010-11-15,3366.4173867162735,3366.4173867162735,3366.4173867162735,3366.4173867162735,3239.564627019984,50
2010-11-16,3258.674934173437,3258.674934173437,3258.674934173437,3258.674934173437,3135.882107002282,50
2010-11-17,3104.5370166354774,3104.5370166354774,3104.5370166354774,3104.5370166354774,2987.5523879042075,50
2010-11-18,3149.1940351371786,3149.1940351371786,3149.1940351371786,3149.1940351371786,3030.5266483322657,50
2010-11-19,3218.72100320392,3218.72100320392,3218.72100320392,3218.72100320392,3097.4337131726916,50
2010-11-22,3247.1484068229843,3247.1484068229843,3247.1484068229843,3247.1484068229843,3124.7899202686185,50
2010-11-23,3203.904205730769,3203.904205730769,3203.904205730769,3203.904205730769,3083.1752397079495,50
2010-11-24,3307.459377082759,3307.459377082759,3307.459377082759,3307.459377082759,3182.828262942877,50
2010-11-25,3337.1928761373115,3337.1928761373115,3337.1928761373115,3337.1928761373115,3211.4413494112237,50
2010-11-26,3328.3055290852753,3328.3055290852753,3328.3055290852753,3328.3055290852753,3202.8888938388886,50
2010-11-29,3367.5084948049994,3367.5084948049994,3367.5084948049994,3367.5084948049994,3240.6146201617844,50
2010-11-30,3293.6744705676047,3293.6744705676047,3293.6744705676047,3293.6744705676047,3169.5627968989193,50
2010-12-01,3261.311605802155,3261.311605802155,3261.311605802155,3261.311605802155,3138.419424025169,50
2010-12-02,3265.4854381233267,3265.4854381233267,3265.4854381233267,3265.4854381233267,3142.4359787162584,50
2010-12-03,3239.49773242685,3239.49773242685,3239.49773242685,3239.49773242685,3117.4275372663305,50
2010-12-06,3210.9875461836054,3210.9875461836054,3210.9875461836054,3210.9875461836054,3089.9916669467984,50
2010-12-07,3263.195006413053,3263.195006413053,3263.195006413053,3263.195006413053,3140.2318546588886,50
2010-12-08,3256.685134208521,3256.685134208521,3256.685134208521,3256.685134208521,3133.96728633666,50
2010-12-09,3176.2573974730917,3176.2573974730917,3176.2573974730917,3176.2573974730917,3056.5702137135518,50
2010-12-10,3205.038644834752,3205.038644834752,3205.038644834752,3205.038644834752,3084.266931073159,50
2010-12-13,3287.0702488541447,3287.0702488541447,3287.0702488541447,3287.0702488541447,3163.2074343296945,50
2010-12-14,3300.797835279163,3300.797835279163,3300.797835279163,3300.797835279163,3176.4177402092714,50
2010-12-15,3282.265649628779,3282.265649628779,3282.265649628779,3282.265649628779,3158.5838811841695,50
2010-12-16,3282.515340852863,3282.515340852863,3282.515340852863,3282.515340852863,3158.8241635865866,50
2010-12-17,3276.1304051942698,3276.1304051942698,3276.1304051942698,3276.1304051942698,3152.679823972908,50
2010-12-20,3204.3649794329203,3204.3649794329203,3204.3649794329203,3204.3649794329203,3083.6186506148783,50
2010-12-21,3215.3020397623504,3215.3020397623504,3215.3020397623504,3215.3020397623504,3094.143582522198,50
2010-12-22,3194.826444176942,3194.826444176942,3194.826444176942,3194.826444176942,3074.439544800257,50
2010-12-23,3161.5361461532143,3161.5361461532143,3161.5361461532143,3161.5361461532143,3042.403686048405,50
2010-12-24,3113.887067369542,3113.887067369542,3113.887067369542,3113.887067369542,2996.550111638179,50
2010-12-27,3031.74615414279,3031.74615414279,3031.74615414279,3031.74615414279,2917.504418144994,50
2010-12-28,2985.367140541153,2985.367140541153,2985.367140541153,2985.367140541153,2872.8730505395347,50
2010-12-29,3038.5442202536597,3038.5442202536597,3038.5442202536597,3038.5442202536597,2924.0463207004573,50
2010-12-30,3063.2557477232654,3063.2557477232654,3063.2557477232654,3063.2557477232654,2947.8266726514835,50
2010-12-31,3124.8235835145288,3124.8235835145288,3124.8235835145288,3124.8235835145288,3007.0745198669188,50
2011-01-04,3146.691053254892,3146.691053254892,3146.691053254892,3146.691053254892,3028.117983381825,50
2011-01-05,3104.6961462632185,3104.6961462632185,3104.6961462632185,3104.6961462632185,2987.7055212367427,50
2011-01-06,3100.3030660801983,3100.3030660801983,3100.3030660801983,3100.3030660801983,2983.477980343943,50
2011-01-07,3088.3477267538483,3088.3477267538483,3088.3477267538483,3088.3477267538483,2971.9731400533447,50
2011-01-10,3014.1089618246306,3014.1089618246306,3014.1089618246306,3014.1089618246306,2900.5318274676406,50
2011-01-11,2995.759633148133,2995.759633148133,2995.759633148133,2995.759633148133,2882.873935031454,50
2011-01-12,3009.511017619769,3009.511017619769,3009.511017619769,3009.511017619769,2896.107142203758,50
2011-01-13,3035.4216808314777,3035.4216808314777,3035.4216808314777,3035.4216808314777,2921.0414442705487,50
2011-01-14,3003.786936905636,3003.786936905636,3003.786936905636,3003.786936905636,2890.5987553124346,50
2011-01-17,2875.6360753209487,2875.6360753209487,2875.6360753209487,2875.6360753209487,2767.276852404595,50
2011-01-18,2897.2583697749,2897.2583697749,2897.2583697749,2897.2583697749,2788.0843792859714,50
2011-01-19,2955.1581871667613,2955.1581871667613,2955.1581871667613,2955.1581871667613,2843.8024257390744,50
2011-01-20,2843.3473627792623,2843.3473627792623,2843.3473627792623,2843.3473627792623,2736.204837563294,50
2011-01-21,2834.5395717531983,2834.5395717531983,2834.5395717531983,2834.5395717531983,2727.7289402004735,50
2011-01-24,2771.181702789608,2771.181702789608,2771.181702789608,2771.181702789608,2666.7585115341626,50
2011-01-25,2753.460902739991,2753.460902739991,2753.460902739991,2753.460902739991,2649.705463617478,50
2011-01-26,2799.4303065863887,2799.4303065863887,2799.4303065863887,2799.4303065863887,2693.94265631189,50
2011-01-27,2847.410609142639,2847.410609142639,2847.410609142639,2847.410609142639,2740.1149733775887,50
2011-01-28,2894.9869632744867,2894.9869632744867,2894.9869632744867,2894.9869632744867,2785.898563533785,50
2011-01-31,2925.364923120984,2925.364923120984,2925.364923120984,2925.364923120984,2815.1318263336007,50
2011-02-01,2931.4633670252315,2931.4633670252315,2931.4633670252315,2931.4633670252315,2821.0004697258382,50
2011-02-09,2891.118040829897,2891.118040829897,2891.118040829897,2891.118040829897,2782.1754291578654,50
2011-02-10,2989.087394057019,2989.087394057019,2989.087394057019,2989.087394057019,2876.4531181036778,50
2011-02-11,3023.987253302057,3023.987253302057,3023.987253302057,3023.987253302057,2910.037886868339,50
2011-02-14,3100.8606472683246,3100.8606472683246,3100.8606472683246,3100.8606472683246,2984.01455085385,50
2011-02-15,3112.605235384185,3112.605235384185,3112.605235384185,3112.605235384185,2995.316581424745,50
2011-02-16,3154.1056296422316,3154.1056296422316,3154.1056296422316,3154.1056296422316,3035.2531649797897,50
2011-02-17,3143.8418919313203,3143.8418919313203,3143.8418919313203,3143.8418919313203,3025.3761836641384,50
2011-02-18,3115.193434943474,3115.193434943474,3115.193434943474,3115.193434943474,2997.8072528943685,50
2011-02-21,3163.8482694381205,3163.8482694381205,3163.8482694381205,3163.8482694381205,3044.6286843022294,50
2011-02-22,3071.0867539861392,3071.0867539861392,3071.0867539861392,3071.0867539861392,2955.362592286191,50
2011-02-23,3093.1323598513472,3093.1323598513472,3093.1323598513472,3093.1323598513472,2976.577479431191,50
2011-02-24,3106.2625608515964,3106.2625608515964,3106.2625608515964,3106.2625608515964,2989.212910460604,50
2011-02-25,3102.645652866361,3102.645652866361,3102.645652866361,3102.645652866361,2985.732294178621,50
2011-02-28,3146.494460814088,3146.494460814088,3146.494460814088,3146.494460814088,3027.9287989034883,50
2011-03-01,3157.786523168783,3157.786523168783,3157.786523168783,3157.786523168783,3038.795355710948,50
2011-03-02,3143.50753422838,3143.50753422838,3143.50753422838,3143.50753422838,3025.0544251705255,50
2011-03-03,3090.990480655384,3090.990480655384,3090.990480655384,3090.990480655384,2974.5163101578937,50
2011-03-04,3121.5561819464137,3121.5561819464137,3121.5561819464137,3121.5561819464137,3003.93023996149,50
2011-03-07,3164.4306887243874,3164.4306887243874,3164.4306887243874,3164.4306887243874,3045.189156965342,50
2011-03-08,3179.0866216951226,3179.0866216951226,3179.0866216951226,3179.0866216951226,3059.29282759612,50
2011-03-09,3168.6144584102876,3168.6144584102876,3168.6144584102876,3168.6144584102876,3049.2152745630956,50
2011-03-10,3149.5798917404127,3149.5798917404127,3149.5798917404127,3149.5798917404127,3030.8979651534833,50
2011-03-11,3128.270708501367,3128.270708501367,3128.270708501367,3128.270708501367,3010.3917508841837,50
2011-03-14,3162.9187381346073,3162.9187381346073,3162.9187381346073,3162.9187381346073,3043.734179437071,50
2011-03-15,3103.4396933952385,3103.4396933952385,3103.4396933952385,3103.4396933952385,2986.4964138091577,50
2011-03-16,3131.744289439905,3131.744289439905,3131.744289439905,3131.744289439905,3013.7344409445373,50
2011-03-17,3072.2019681039937,3072.2019681039937,3072.2019681039937,3072.2019681039937,2956.4357830978856,50
2011-03-18,3083.2236416419946,3083.2236416419946,3083.2236416419946,3083.2236416419946,2958.414603523027,50
2011-03-21,3068.01915136918,3068.01915136918,3068.01915136918,3068.01915136918,2943.8255917320225,50
2011-03-22,3075.6054720650204,3075.6054720650204,3075.6054720650204,3075.6054720650204,2951.104817809062,50
2011-03-23,3128.583307547359,3128.583307547359,3128.583307547359,3128.583307547359,3001.938108017787,50
2011-03-24,3122.149015254082,3122.149015254082,3122.149015254082,3122.149015254082,2995.764276179358,50
2011-03-25,3154.4954529592032,3154.4954529592032,3154.4954529592032,3154.4954529592032,3026.8013285638604,50
2011-03-28,3133.9115775527607,3133.9115775527607,3133.9115775527607,3133.9115775527607,3007.0506894026066,50
2011-03-29,3052.269869672665,3052.269869672665,3052.269869672665,3052.269869672665,2928.713841699789,50
2011-03-30,3078.044690101301,3078.044690101301,3078.044690101301,3078.044690101301,2953.4452961844368,50
2011-03-31,3054.433332584203,3054.433332584203,3054.433332584203,3054.433332584203,2930.7897275308487,50
2011-04-01,3080.611926607426,3080.611926607426,3080.611926607426,3080.611926607426,2955.9086108359725,50
2011-04-06,3084.417672685749,3084.417672685749,3084.417672685749,3084.417672685749,2959.5603001339355,50
2011-04-07,3113.8777429092584,3113.8777429092584,3113.8777429092584,3113.8777429092584,2987.8278253283224,50
2011-04-08,3163.3611810566754,3163.3611810566754,3163.3611810566754,3163.3611810566754,3035.3081715707003,50
2011-04-11,3153.859564426038,3153.859564426038,3153.859564426038,3153.859564426038,3026.1911808284444,50
2011-04-12,3127.8115110032654,3127.8115110032654,3127.8115110032654,3127.8115110032654,3001.197553834121,50
2011-04-13,3151.832698853751,3151.832698853751,3151.832698853751,3151.832698853751,3024.2463628699134,50
2011-04-14,3119.0854514181065,3119.0854514181065,3119.0854514181065,3119.0854514181065,2992.824725551643,50
2011-04-15,3102.7964945934195,3102.7964945934195,3102.7964945934195,3102.7964945934195,2977.195146465824,50
2011-04-18,3072.1604374839835,3072.1604374839835,3072.1604374839835,3072.1604374839835,2947.7992383899987,50
2011-04-19,3019.988758046601,3019.988758046601,3019.988758046601,3019.988758046601,2897.7394709915898,50
2011-04-20,3038.8710302126324,3038.8710302126324,3038.8710302126324,3038.8710302126324,2915.857387891687,50
2011-04-21,3080.31471050112,3080.31471050112,3080.31471050112,3080.31471050112,2955.6234260516385,50
2011-04-22,3087.9451137187098,3087.9451137187098,3087.9451137187098,3087.9451137187098,2962.944950187872,50
2011-04-25,3022.091482662985,3022.091482662985,3022.091482662985,3022.091482662985,2899.7570772165427,50
2011-04-26,2995.2972982274478,2995.2972982274478,2995.2972982274478,2995.2972982274478,2874.047522627967,50
2011-04-27,2967.745914619215,2967.745914619215,2967.745914619215,2967.745914619215,2847.611420324842,50
2011-04-28,2876.666740084869,2876.666740084869,2876.666740084869,2876.666740084869,2760.2191350620924,50
2011-04-29,2941.323687259657,2941.323687259657,2941.323687259657,2941.323687259657,2822.2587659723044,50
2011-05-03,2959.3585721344957,2959.3585721344957,2959.3585721344957,2959.3585721344957,2839.5635978586365,50
2011-05-04,2884.285439800131,2884.285439800131,2884.285439800131,2884.285439800131,2767.5294294543223,50
2011-05-05,2872.0062230122035,2872.0062230122035,2872.0062230122035,2872.0062230122035,2755.747275939865,50
2011-05-06,2886.5874319845375,2886.5874319845375,2886.5874319845375,2886.5874319845375,2769.738236886766,50
2011-05-09,2915.3021555698106,2915.3021555698106,2915.3021555698106,2915.3021555698106,2797.2905871099106,50
2011-05-10,2926.7986835032716,2926.7986835032716,2926.7986835032716,2926.7986835032716,2808.3217350515656,50
2011-05-11,2926.4581013458987,2926.4581013458987,2926.4581013458987,2926.4581013458987,2807.9949396759516,50
2011-05-12,2875.3516192467337,2875.3516192467337,2875.3516192467337,2875.3516192467337,2758.9572503773775,50
2011-05-13,2887.2972889874186,2887.2972889874186,2887.2972889874186,2887.2972889874186,2770.4193588447624,50
2011-05-16,2850.0063867711,2850.0063867711,2850.0063867711,2850.0063867711,2734.637994105177,50
2011-05-17,2858.326000620062,2858.326000620062,2858.326000620062,2858.326000620062,2742.620829593988,50
2011-05-18,2879.449631743501,2879.449631743501,2879.449631743501,2879.449631743501,2762.8893751354117,50
2011-05-19,2867.5950030020826,2867.5950030020826,2867.5950030020826,2867.5950030020826,2751.5146223233587,50
2011-05-20,2863.245731784801,2863.245731784801,2863.245731784801,2863.245731784801,2747.341409809642,50
2011-05-23,2771.4477775077025,2771.4477775077025,2771.4477775077025,2771.4477775077025,2659.259441041954,50
2011-05-24,2794.402734368043,2794.402734368043,2794.402734368043,2794.402734368043,2681.285180168262,50
2011-05-25,2773.4555924111214,2773.4555924111214,2773.4555924111214,2773.4555924111214,2661.1859795035884,50
2011-05-26,2749.582753963736,2749.582753963736,2749.582753963736,2749.582753963736,2638.279514680077,50
2011-05-27,2714.893879841765,2714.893879841765,2714.893879841765,2714.893879841765,2604.9948478151205,50
2011-05-30,2689.759389375037,2689.759389375037,2689.759389375037,2689.759389375037,2580.8778027053863,50
2011-05-31,2762.6039900509013,2762.6039900509013,2762.6039900509013,2762.6039900509013,2650.773650517617,50
2011-06-01,2782.4196314641886,2782.4196314641886,2782.4196314641886,2782.4196314641886,2669.787153833914,50
2011-06-02,2758.6731072285284,2758.6731072285284,2758.6731072285284,2758.6731072285284,2647.0018900168925,50
2011-06-03,2798.010743572346,2798.010743572346,2798.010743572346,2798.010743572346,2684.747136990171,50
2011-06-07,2820.45604036405,2820.45604036405,2820.45604036405,2820.45604036405,2706.2838471114064,50
2011-06-08,2828.0889513259317,2828.0889513259317,2828.0889513259317,2828.0889513259317,2713.607777478325,50
2011-06-09,2766.529935193109,2766.529935193109,2766.529935193109,2766.529935193109,2654.5406732157016,50
2011-06-10,2774.829113496253,2774.829113496253,2774.829113496253,2774.829113496253,2662.5039003905513,50
2011-06-13,2764.579617782414,2764.579617782414,2764.579617782414,2764.579617782414,2652.669304745579,50
2011-06-14,2816.7194938086272,2816.7194938086272,2816.7194938086272,2816.7194938086272,2702.6985561364,50
2011-06-15,2783.171590084964,2783.171590084964,2783.171590084964,2783.171590084964,2670.508673134331,50
2011-06-16,2734.2926237529487,2734.2926237529487,2734.2926237529487,2734.2926237529487,2623.608329659819,50
2011-06-17,2681.68561454819,2681.68561454819,2681.68561454819,2681.68561454819,2573.130854663505,50
2011-06-20,2660.994481092941,2660.994481092941,2660.994481092941,2660.994481092941,2553.277299264308,50
2011-06-21,2709.903073550532,2709.903073550532,2709.903073550532,2709.903073550532,2600.206069597438,50
2011-06-22,2718.3914770910546,2718.3914770910546,2718.3914770910546,2718.3914770910546,2608.3508621631513,50
2011-06-23,2798.443378119679,2798.443378119679,2798.443378119679,2798.443378119679,2685.162258470666,50
2011-06-24,2861.870752491673,2861.870752491673,2861.870752491673,2861.870752491673,2746.0220897430086,50
2011-06-27,2871.7887600207423,2871.7887600207423,2871.7887600207423,2871.7887600207423,2755.538615860531,50
2011-06-28,2901.107902182702,2901.107902182702,2901.107902182702,2901.107902182702,2783.670917767932,50
2011-06-29,2863.143730951243,2863.143730951243,2863.143730951243,2863.143730951243,2747.2435379746244,50
2011-06-30,2900.713334657063,2900.713334657063,2900.713334657063,2900.713334657063,2783.2923223543003,50
2011-07-01,2907.7143916963882,2907.7143916963882,2907.7143916963882,2907.7143916963882,2790.009976275184,50
2011-07-04,2986.812417011686,2986.812417011686,2986.812417011686,2986.812417011686,2865.9061098031398,50
2011-07-05,3004.5047825198913,3004.5047825198913,3004.5047825198913,3004.5047825198913,2882.88228752292,50
2011-07-06,3015.8771106989716,3015.8771106989716,3015.8771106989716,3015.8771106989716,2893.794263322097,50
2011-07-07,2994.7946248578332,2994.7946248578332,2994.7946248578332,2994.7946248578332,2873.56519750001,50
2011-07-08,2996.8590710171397,2996.8590710171397,2996.8590710171397,2996.8590710171397,2875.546074781629,50
2011-07-11,3029.2250722512103,3029.2250722512103,3029.2250722512103,3029.2250722512103,2906.601898762508,50
2011-07-12,2986.7037085576576,2986.7037085576576,2986.7037085576576,2986.7037085576576,2865.801801872447,50
2011-07-13,3040.2420220623385,3040.2420220623385,3040.2420220623385,3040.2420220623385,2917.1728819267923,50
2011-07-14,3056.0683297476826,3056.0683297476826,3056.0683297476826,3056.0683297476826,2932.3585399322023,50
2011-07-15,3082.552141256315,3082.552141256315,3082.552141256315,3082.552141256315,2957.7702855045613,50
2011-07-18,3069.3611328404268,3069.3611328404268,3069.3611328404268,3069.3611328404268,2945.113249730155,50
2011-07-19,3035.3419726908546,3035.3419726908546,3035.3419726908546,3035.3419726908546,2912.4711867844767,50
2011-07-20,3029.38197769201,3029.38197769201,3029.38197769201,3029.38197769201,2906.7524526636794,50
2011-07-21,3005.2146775381766,3005.2146775381766,3005.2146775381766,3005.2146775381766,2883.5634459574553,50
2011-07-22,3023.9125863940762,3023.9125863940762,3023.9125863940762,3023.9125863940762,2901.504462582891,50
2011-07-25,2928.3775366473105,2928.3775366473105,2928.3775366473105,2928.3775366473105,2809.836676146026,50
2011-07-26,2932.112974715573,2932.112974715573,2932.112974715573,2932.112974715573,2813.4209035054846,50
2011-07-27,2964.4231443050317,2964.4231443050317,2964.4231443050317,2964.4231443050317,2844.4231559093537,50
2011-07-28,2951.406598423688,2951.406598423688,2951.406598423688,2951.406598423688,2831.933520417883,50
2011-07-29,2915.4020230074534,2915.4020230074534,2915.4020230074534,2915.4020230074534,2797.3864119089753,50
2011-08-01,2925.5996571926735,2925.5996571926735,2925.5996571926735,2925.5996571926735,2807.171245382448,50
2011-08-02,2911.1436417365944,2911.1436417365944,2911.1436417365944,2911.1436417365944,2793.3004101123724,50
2011-08-03,2916.6910595260674,2916.6910595260674,2916.6910595260674,2916.6910595260674,2798.62326816865,50
2011-08-04,2935.994436015172,2935.994436015172,2935.994436015172,2935.994436015172,2817.1452430690038,50
2011-08-05,2891.136643739297,2891.136643739297,2891.136643739297,2891.136643739297,2774.1032963355915,50
2011-08-08,2788.18532141538,2788.18532141538,2788.18532141538,2788.18532141538,2675.3194483845296,50
2011-08-09,2793.684079602238,2793.684079602238,2793.684079602238,2793.684079602238,2680.5956165811963,50
2011-08-10,2822.1484975840194,2822.1484975840194,2822.1484975840194,2822.1484975840194,2707.9077935834584,50
2011-08-11,2861.0947041886398,2861.0947041886398,2861.0947041886398,2861.0947041886398,2745.277455911804,50
2011-08-12,2884.4130550171585,2884.4130550171585,2884.4130550171585,2884.4130550171585,2767.651878801356,50
2011-08-15,2933.644542719766,2933.644542719766,2933.644542719766,2933.644542719766,2814.8904735647875,50
2011-08-16,2910.968214331385,2910.968214331385,2910.968214331385,2910.968214331385,2793.132084016781,50
2011-08-17,2889.256626722594,2889.256626722594,2889.256626722594,2889.256626722594,2772.299382496203,50
2011-08-18,2834.596700748431,2834.596700748431,2834.596700748431,2834.596700748431,2719.8520928979265,50
2011-08-19,2804.552747623051,2804.552747623051,2804.552747623051,2804.552747623051,2691.0243204090157,50
2011-08-22,2753.5506074207883,2753.5506074207883,2753.5506074207883,2753.5506074207883,2642.086749242447,50
2011-08-23,2791.211053575889,2791.211053575889,2791.211053575889,2791.211053575889,2678.222698764781,50
2011-08-24,2789.269536836705,2789.269536836705,2789.269536836705,2789.269536836705,2676.3597747145723,50
2011-08-25,2855.379618556842,2855.379618556842,2855.379618556842,2855.379618556842,2739.7937172153493,50
2011-08-26,2855.9373107449264,2855.9373107449264,2855.9373107449264,2855.9373107449264,2740.3288339974133,50
2011-08-29,2827.864798250397,2827.864798250397,2827.864798250397,2827.864798250397,2713.392698129835,50
2011-08-30,2804.9468258891375,2804.9468258891375,2804.9468258891375,2804.9468258891375,2691.402446368344,50
2011-08-31,2806.532079601677,2806.532079601677,2806.532079601677,2806.532079601677,2692.9235289359935,50
2011-09-01,2782.0982897278145,2782.0982897278145,2782.0982897278145,2782.0982897278145,2669.4788200261487,50
2011-09-02,2758.462079068673,2758.462079068673,2758.462079068673,2758.462079068673,2646.799404286877,50
2011-09-05,2676.063471039443,2676.063471039443,2676.063471039443,2676.063471039443,2567.7362957885834,50
2011-09-06,2630.248540915442,2630.248540915442,2630.248540915442,2630.248540915442,2523.7759561921835,50
2011-09-07,2686.853046871797,2686.853046871797,2686.853046871797,2686.853046871797,2578.0891090834557,50
2011-09-08,2659.6199175960596,2659.6199175960596,2659.6199175960596,2659.6199175960596,2551.958378162469,50
2011-09-09,2642.670868270246,2642.670868270246,2642.670868270246,2642.670868270246,2535.6954271510353,50
2011-09-13,2594.5665062613516,2594.5665062613516,2594.5665062613516,2594.5665062613516,2489.5383319801895,50
2011-09-14,2600.211912322472,2600.211912322472,2600.211912322472,2600.211912322472,2494.955211738267,50
2011-09-15,2602.897114404651,2602.897114404651,2602.897114404651,2602.897114404651,2497.5317167137855,50
2011-09-16,2608.5298298209364,2608.5298298209364,2608.5298298209364,2608.5298298209364,2496.909032038841,51
2011-09-19,2556.3080536595253,2556.3080536595253,2556.3080536595253,2556.3080536595253,2446.921861842099,51
2011-09-20,2568.6586033804483,2568.6586033804483,2568.6586033804483,2568.6586033804483,2458.743922987911,51
2011-09-21,2660.8015352469383,2660.8015352469383,2660.8015352469383,2660.8015352469383,2546.943994992367,51
2011-09-22,2575.275248506961,2575.275248506961,2575.275248506961,2575.275248506961,2465.0774372875417,51
2011-09-23,2551.6525189176086,2551.6525189176086,2551.6525189176086,2551.6525189176086,2442.46554065567,51
2011-09-26,2502.8283589111043,2502.8283589111043,2502.8283589111043,2502.8283589111043,2395.7306002657724,51
2011-09-27,2530.3059028845937,2530.3059028845937,2530.3059028845937,2530.3059028845937,2422.0323611048884,51
2011-09-28,2509.2034691952017,2509.2034691952017,2509.2034691952017,2509.2034691952017,2401.832915166154,51
2011-09-29,2470.1256975743286,2470.1256975743286,2470.1256975743286,2470.1256975743286,2364.427308453653,51
2011-09-30,2464.8502164798524,2464.8502164798524,2464.8502164798524,2464.8502164798524,2359.377568848394,51
2011-10-10,2430.5870533431007,2430.5870533431007,2430.5870533431007,2430.5870533431007,2326.5805501889413,51
2011-10-11,2385.4395594029734,2385.4395594029734,2385.4395594029734,2385.4395594029734,2283.36494877841,51
2011-10-12,2459.488180286542,2459.488180286542,2459.488180286542,2459.488180286542,2354.2449778969176,51
2011-10-13,2483.866816015827,2483.866816015827,2483.866816015827,2483.866816015827,2377.580434921542,51
2011-10-14,2467.8772058706777,2467.8772058706777,2467.8772058706777,2467.8772058706777,2362.275031267046,51
2011-10-17,2492.976659258147,2492.976659258147,2492.976659258147,2492.976659258147,2386.300461663106,51
2011-10-18,2412.3880696513565,2412.3880696513565,2412.3880696513565,2412.3880696513565,2309.1603136118647,51
2011-10-19,2390.2409360931715,2390.2409360931715,2390.2409360931715,2390.2409360931715,2287.9608712351605,51
2011-10-20,2307.9118906976455,2307.9118906976455,2307.9118906976455,2307.9118906976455,2209.1547427036207,51
2011-10-21,2281.0416538063173,2281.0416538063173,2281.0416538063173,2281.0416538063173,2183.4343018560703,51
2011-10-24,2340.378754186945,2340.378754186945,2340.378754186945,2340.378754186945,2240.232326621444,51
2011-10-25,2403.4070629356193,2403.4070629356193,2403.4070629356193,2403.4070629356193,2300.563610392694,51
2011-10-26,2436.294218031096,2436.294218031096,2436.294218031096,2436.294218031096,2332.043501347821,51
2011-10-27,2434.59947522338,2434.59947522338,2434.59947522338,2434.59947522338,2330.4212777584285,51
2011-10-28,2498.7902943193685,2498.7902943193685,2498.7902943193685,2498.7902943193685,2391.865327254212,51
2011-10-31,2487.237337570824,2487.237337570824,2487.237337570824,2487.237337570824,2380.8067295251703,51
2011-11-01,2479.7285696897807,2479.7285696897807,2479.7285696897807,2479.7285696897807,2373.6192670214555,51
2011-11-02,2498.815798780432,2498.815798780432,2498.815798780432,2498.815798780432,2391.889740361725,51
2011-11-03,2516.341948627312,2516.341948627312,2516.341948627312,2516.341948627312,2408.665934120086,51
2011-11-04,2534.388906169855,2534.388906169855,2534.388906169855,2534.388906169855,2425.940649852162,51
2011-11-07,2519.565839012779,2519.565839012779,2519.565839012779,2519.565839012779,2411.7518720034677,51
2011-11-08,2515.6348313082135,2515.6348313082135,2515.6348313082135,2515.6348313082135,2407.989074840739,51
2011-11-09,2539.265087931992,2539.265087931992,2539.265087931992,2539.265087931992,2430.608176420021,51
2011-11-10,2491.848354340466,2491.848354340466,2491.848354340466,2491.848354340466,2385.2204376941854,51
2011-11-11,2482.867348468092,2482.867348468092,2482.867348468092,2482.867348468092,2376.6237352822895,51
2011-11-14,2535.0356542918958,2535.0356542918958,2535.0356542918958,2535.0356542918958,2426.5597231741976,51
2011-11-15,2525.8041116247123,2525.8041116247123,2525.8041116247123,2525.8041116247123,2417.7232046104345,51
2011-11-16,2461.3852795329253,2461.3852795329253,2461.3852795329253,2461.3852795329253,2356.060898952838,51
2011-11-17,2457.005928366567,2457.005928366567,2457.005928366567,2457.005928366567,2351.868943255517,51
2011-11-18,2392.933604315859,2392.933604315859,2392.933604315859,2392.933604315859,2290.538318319971,51
2011-11-21,2394.6510086417666,2394.6510086417666,2394.6510086417666,2394.6510086417666,2292.1822337254985,51
2011-11-22,2404.4216365007505,2404.4216365007505,2404.4216365007505,2404.4216365007505,2301.5347696523972,51
2011-11-23,2391.660109166666,2391.660109166666,2391.660109166666,2391.660109166666,2289.3193169100864,51
2011-11-24,2388.579603659515,2388.579603659515,2388.579603659515,2388.579603659515,2286.370628366786,51
2011-11-25,2391.0274644672045,2391.0274644672045,2391.0274644672045,2391.0274644672045,2288.713743515411,51
2011-11-28,2395.0560259747117,2395.0560259747117,2395.0560259747117,2395.0560259747117,2292.5699200862996,51
2011-11-29,2420.597385274441,2420.597385274441,2420.597385274441,2420.597385274441,2317.0183469346216,51
2011-11-30,2337.753295041074,2337.753295041074,2337.753295041074,2337.753295041074,2237.719212690512,51
2011-12-01,2385.502452829871,2385.502452829871,2385.502452829871,2385.502452829871,2283.425150952019,51
2011-12-02,2353.011406532756,2353.011406532756,2353.011406532756,2353.011406532756,2252.3244190254736,51
2011-12-05,2284.437640257074,2284.437640257074,2284.437640257074,2284.437640257074,2186.6849716949346,51
2011-12-06,2286.172031913636,2286.172031913636,2286.172031913636,2286.172031913636,2188.345147531475,51
2011-12-07,2293.979993701095,2293.979993701095,2293.979993701095,2293.979993701095,2195.8190012271634,51
2011-12-08,2285.1525786035763,2285.1525786035763,2285.1525786035763,2285.1525786035763,2187.3693173345077,51
2011-12-09,2246.674590840633,2246.674590840633,2246.674590840633,2246.674590840633,2150.537829313315,51
2011-12-12,2217.5354840532923,2217.5354840532923,2217.5354840532923,2217.5354840532923,2122.6456050837573,51
2011-12-13,2157.956536777934,2157.956536777934,2157.956536777934,2157.956536777934,2065.6160822197544,51
2011-12-14,2128.227435500544,2128.227435500544,2128.227435500544,2128.227435500544,2037.1591097729377,51
2011-12-15,2057.8045424238376,2057.8045424238376,2057.8045424238376,2057.8045424238376,1969.7496610576804,51
2011-12-16,2108.7859060225996,2108.7859060225996,2108.7859060225996,2108.7859060225996,2018.5494968042947,51
2011-12-19,2089.4191995147194,2089.4191995147194,2089.4191995147194,2089.4191995147194,2000.0115050790127,51
2011-12-20,2087.3915148270175,2087.3915148270175,2087.3915148270175,2087.3915148270175,1998.070586423236,51
2011-12-21,2043.7839487172582,2043.7839487172582,2043.7839487172582,2043.7839487172582,1956.3290182648363,51
2011-12-22,2063.560724520737,2063.560724520737,2063.560724520737,2063.560724520737,1975.2595321365918,51
2011-12-23,2090.006721584037,2090.006721584037,2090.006721584037,2090.006721584037,2000.573886672135,51
2011-12-26,2062.9048001794285,2062.9048001794285,2062.9048001794285,2062.9048001794285,1974.6316752520647,51
2011-12-27,2020.0157164290786,2020.0157164290786,2020.0157164290786,2020.0157164290786,1933.577845095378,51
2011-12-28,2029.3226258651382,2029.3226258651382,2029.3226258651382,2029.3226258651382,1942.4865054317868,51
2011-12-29,2032.446320573784,2032.446320573784,2032.446320573784,2032.446320573784,1945.4765350807425,51
2011-12-30,2069.683719154716,2069.683719154716,2069.683719154716,2069.683719154716,1981.1205195901096,51
2012-01-04,2009.7058741404348,2009.7058741404348,2009.7058741404348,2009.7058741404348,1923.7091680976619,51
2012-01-05,1972.803282495523,1972.803282495523,1972.803282495523,1972.803282495523,1888.3856639036744,51
2012-01-06,1989.0736463581309,1989.0736463581309,1989.0736463581309,1989.0736463581309,1903.9598076296415,51
2012-01-09,2070.4908928958853,2070.4908928958853,2070.4908928958853,2070.4908928958853,1981.8931538079396,51
2012-01-10,2166.1566272691625,2166.1566272691625,2166.1566272691625,2166.1566272691625,2073.465285160435,51
2012-01-11,2166.698606875765,2166.698606875765,2166.698606875765,2166.698606875765,2073.984073084359,51
2012-01-12,2161.8328903919164,2161.8328903919164,2161.8328903919164,2161.8328903919164,2069.326563978283,51
2012-01-13,2130.7604515517132,2130.7604515517132,2130.7604515517132,2130.7604515517132,2039.5837363132057,51
2012-01-16,2044.1408407802248,2044.1408407802248,2044.1408407802248,2044.1408407802248,1956.6706386692867,51
2012-01-17,2168.813901950096,2168.813901950096,2168.813901950096,2168.813901950096,2076.008853217652,51
2012-01-18,2136.054767468309,2136.054767468309,2136.054767468309,2136.054767468309,2044.651504785503,51
2012-01-19,2182.211432736118,2182.211432736118,2182.211432736118,2182.211432736118,2088.83309438377,51
2012-01-20,2213.9820231525396,2213.9820231525396,2213.9820231525396,2213.9820231525396,2119.244199235661,51
2012-01-30,2187.5747493033846,2187.5747493033846,2187.5747493033846,2187.5747493033846,2093.966910921115,51
2012-01-31,2202.307314992712,2202.307314992712,2202.307314992712,2202.307314992712,2108.0690599225363,51
2012-02-01,2159.816448754643,2159.816448754643,2159.816448754643,2159.816448754643,2067.396407275021,51
2012-02-02,2200.421781469065,2200.421781469065,2200.421781469065,2200.421781469065,2106.2642096840673,51
2012-02-03,2209.5322062552946,2209.5322062552946,2209.5322062552946,2209.5322062552946,2114.9847930848746,51
2012-02-06,2224.972199937806,2224.972199937806,2224.972199937806,2224.972199937806,2129.7640987457694,51
2012-02-07,2184.636826608798,2184.636826608798,2184.636826608798,2184.636826608798,2091.1547039730926,51
2012-02-08,2266.754251529569,2266.754251529569,2266.754251529569,2266.754251529569,2169.758267416536,51
2012-02-09,2270.342573537341,2270.342573537341,2270.342573537341,2270.342573537341,2173.193042640741,51
2012-02-10,2275.4699434553704,2275.4699434553704,2275.4699434553704,2275.4699434553704,2178.101008849358,51
2012-02-13,2281.7435355949115,2281.7435355949115,2281.7435355949115,2281.7435355949115,2184.1061496368884,51
2012-02-14,2272.070295806019,2272.070295806019,2272.070295806019,2272.070295806019,2174.8468344771222,51
2012-02-15,2298.0228144839757,2298.0228144839757,2298.0228144839757,2298.0228144839757,2199.6888269091564,51
2012-02-16,2274.3769584050187,2274.3769584050187,2274.3769584050187,2274.3769584050187,2177.054793386185,51
2012-02-17,2272.6494861134424,2272.6494861134424,2272.6494861134424,2272.6494861134424,2175.401240830211,51
2012-02-20,2274.425398272706,2274.425398272706,2274.425398272706,2274.425398272706,2177.10116047839,51
2012-02-21,2295.0569127346807,2295.0569127346807,2295.0569127346807,2295.0569127346807,2196.849838149552,51
2012-02-22,2327.490816745546,2327.490816745546,2327.490816745546,2327.490816745546,2227.895872947847,51
2012-02-23,2351.217677639963,2351.217677639963,2351.217677639963,2351.217677639963,2250.60744503413,51
2012-02-24,2393.302982407581,2393.302982407581,2393.302982407581,2393.302982407581,2290.891890467359,51
2012-02-27,2402.8147754035454,2402.8147754035454,2402.8147754035454,2402.8147754035454,2299.9966672542655,51
2012-02-28,2405.4010564067644,2405.4010564067644,2405.4010564067644,2405.4010564067644,2302.4722795023995,51
2012-02-29,2405.8479763307855,2405.8479763307855,2405.8479763307855,2405.8479763307855,2302.900075413387,51
2012-03-01,2397.8469629848423,2397.8469629848423,2397.8469629848423,2397.8469629848423,2295.241430969087,51
2012-03-02,2432.4946127131975,2432.4946127131975,2432.4946127131975,2432.4946127131975,2328.406483772638,51
2012-03-05,2430.554310966739,2430.554310966739,2430.554310966739,2430.554310966739,2326.5492088815377,51
2012-03-06,2378.671396506871,2378.671396506871,2378.671396506871,2378.671396506871,2276.8864002594732,51
2012-03-07,2343.0846575548767,2343.0846575548767,2343.0846575548767,2343.0846575548767,2242.8224425104668,51
2012-03-08,2376.5463526100516,2376.5463526100516,2376.5463526100516,2376.5463526100516,2274.8522884625563,51
2012-03-09,2436.002424218586,2436.002424218586,2436.002424218586,2436.002424218586,2331.7641935946085,51
2012-03-12,2440.728097137431,2440.728097137431,2440.728097137431,2440.728097137431,2336.2876516968054,51
2012-03-13,2454.863197725192,2454.863197725192,2454.863197725192,2454.863197725192,2349.817901542091,51
2012-03-14,2396.1611727190207,2396.1611727190207,2396.1611727190207,2396.1611727190207,2293.627776836122,51
2012-03-15,2381.5109950545107,2381.5109950545107,2381.5109950545107,2381.5109950545107,2279.604490418884,51
2012-03-16,2438.241403584879,2438.241403584879,2438.241403584879,2438.241403584879,2326.756819423328,52
2012-03-19,2433.106111649931,2433.106111649931,2433.106111649931,2433.106111649931,2321.8563302790612,52
2012-03-20,2406.568728517289,2406.568728517289,2406.568728517289,2406.568728517289,2296.532325411151,52
2012-03-21,2403.9989339927524,2403.9989339927524,2403.9989339927524,2403.9989339927524,2294.0800305211983,52
2012-03-22,2406.796369126277,2406.796369126277,2406.796369126277,2406.796369126277,2296.7495575271187,52
2012-03-23,2397.3085717730582,2397.3085717730582,2397.3085717730582,2397.3085717730582,2287.695574127259,52
2012-03-26,2411.9631274666817,2411.9631274666817,2411.9631274666817,2411.9631274666817,2301.6800743271265,52
2012-03-27,2390.5882369896535,2390.5882369896535,2390.5882369896535,2390.5882369896535,2281.2825156158647,52
2012-03-28,2344.4395715629757,2344.4395715629757,2344.4395715629757,2344.4395715629757,2237.2439221316695,52
2012-03-29,2326.3895270974385,2326.3895270974385,2326.3895270974385,2326.3895270974385,2220.019186308,52
2012-03-30,2337.0417652516708,2337.0417652516708,2337.0417652516708,2337.0417652516708,2230.1843683654615,52
2012-04-05,2376.3742174156873,2376.3742174156873,2376.3742174156873,2376.3742174156873,2267.7184087450205,52
2012-04-06,2382.056969103925,2382.056969103925,2382.056969103925,2382.056969103925,2273.1413259443825,52
2012-04-09,2365.8430096513575,2365.8430096513575,2365.8430096513575,2365.8430096513575,2257.668723161636,52
2012-04-10,2381.585445412339,2381.585445412339,2381.585445412339,2381.585445412339,2272.6913618992703,52
2012-04-11,2384.308085896914,2384.308085896914,2384.308085896914,2384.308085896914,2275.289514118738,52
2012-04-12,2427.9202330178623,2427.9202330178623,2427.9202330178623,2427.9202330178623,2316.9075674313285,52
2012-04-13,2432.564951993896,2432.564951993896,2432.564951993896,2432.564951993896,2321.3399142596213,52
2012-04-16,2424.3990068351914,2424.3990068351914,2424.3990068351914,2424.3990068351914,2313.547343533393,52
2012-04-17,2395.8543026874145,2395.8543026874145,2395.8543026874145,2395.8543026874145,2286.3077991073937,52
2012-04-18,2440.958634175458,2440.958634175458,2440.958634175458,2440.958634175458,2329.3498091073207,52
2012-04-19,2434.806329413916,2434.806329413916,2434.806329413916,2434.806329413916,2323.4788083778435,52
2012-04-20,2464.6039530420335,2464.6039530420335,2464.6039530420335,2464.6039530420335,2351.913984598457,52
2012-04-23,2448.2422580832917,2448.2422580832917,2448.2422580832917,2448.2422580832917,2336.300401272949,52
2012-04-24,2457.2013726875425,2457.2013726875425,2457.2013726875425,2457.2013726875425,2344.849875074348,52
2012-04-25,2471.282610399466,2471.282610399466,2471.282610399466,2471.282610399466,2358.287271315741,52
2012-04-26,2475.237846210833,2475.237846210833,2475.237846210833,2475.237846210833,2362.0616604648194,52
2012-04-27,2488.5769221813302,2488.5769221813302,2488.5769221813302,2488.5769221813302,2374.7908290916534,52
2012-05-02,2531.426830721852,2531.426830721852,2531.426830721852,2531.426830721852,2415.6814959311787,52
2012-05-03,2528.433609493117,2528.433609493117,2528.433609493117,2528.433609493117,2412.8251348277363,52
2012-05-04,2556.967749905665,2556.967749905665,2556.967749905665,2556.967749905665,2440.054598527953,52
2012-05-07,2555.9755586254473,2555.9755586254473,2555.9755586254473,2555.9755586254473,2439.1077735646722,52
2012-05-08,2552.6051114558,2552.6051114558,2552.6051114558,2552.6051114558,2435.891434556995,52
2012-05-09,2513.98690310548,2513.98690310548,2513.98690310548,2513.98690310548,2399.038980365664,52
2012-05-10,2509.2645137550803,2509.2645137550803,2509.2645137550803,2509.2645137550803,2394.532514513325,52
2012-05-11,2491.4816834900894,2491.4816834900894,2491.4816834900894,2491.4816834900894,2377.562774959694,52
2012-05-14,2464.6406868597705,2464.6406868597705,2464.6406868597705,2464.6406868597705,2351.9490388227014,52
2012-05-15,2465.002532687784,2465.002532687784,2465.002532687784,2465.002532687784,2352.294339844443,52
2012-05-16,2427.3951216126075,2427.3951216126075,2427.3951216126075,2427.3951216126075,2316.406465882755,52
2012-05-17,2452.838536543782,2452.838536543782,2452.838536543782,2452.838536543782,2340.6865224487237,52
2012-05-18,2420.090327034519,2420.090327034519,2420.090327034519,2420.090327034519,2309.435671041004,52
2012-05-21,2445.001989546078,2445.001989546078,2445.001989546078,2445.001989546078,2333.208288693514,52
2012-05-22,2479.0675843515496,2479.0675843515496,2479.0675843515496,2479.0675843515496,2365.7162901181496,52
2012-05-23,2464.1718340253274,2464.1718340253274,2464.1718340253274,2464.1718340253274,2351.501623514175,52
2012-05-24,2435.6485351035935,2435.6485351035935,2435.6485351035935,2435.6485351035935,2324.2825055954095,52
2012-05-25,2420.1682765928595,2420.1682765928595,2420.1682765928595,2420.1682765928595,2309.5100564837962,52
2012-05-28,2454.7729390920426,2454.7729390920426,2454.7729390920426,2454.7729390920426,2342.5324776170914,52
2012-05-29,2479.255715338751,2479.255715338751,2479.255715338751,2479.255715338751,2365.8958191249053,52
2012-05-30,2472.7222677939913,2472.7222677939913,2472.7222677939913,2472.7222677939913,2359.66110274007,52
2012-05-31,2469.0790423174835,2469.0790423174835,2469.0790423174835,2469.0790423174835,2356.1844577656643,52
2012-06-01,2475.0430768835877,2475.0430768835877,2475.0430768835877,2475.0430768835877,2361.8757966452176,52
2012-06-04,2416.343107873447,2416.343107873447,2416.343107873447,2416.343107873447,2305.8597873224853,52
2012-06-05,2429.858840044187,2429.858840044187,2429.858840044187,2429.858840044187,2318.7575348349064,52
2012-06-06,2424.7544792768326,2424.7544792768326,2424.7544792768326,2424.7544792768326,2313.886562581389,52
2012-06-07,2416.7905750754635,2416.7905750754635,2416.7905750754635,2416.7905750754635,2306.286794821509,52
2012-06-08,2391.1319126560024,2391.1319126560024,2391.1319126560024,2391.1319126560024,2281.801332605182,52
2012-06-11,2404.41468248613,2404.41468248613,2404.41468248613,2404.41468248613,2294.47676959745,52
2012-06-12,2391.6748181711073,2391.6748181711073,2391.6748181711073,2391.6748181711073,2282.319414657154,52
2012-06-13,2424.412626243966,2424.412626243966,2424.412626243966,2424.412626243966,2313.560340217068,52
2012-06-14,2416.7026937204364,2416.7026937204364,2416.7026937204364,2416.7026937204364,2306.202931697124,52
2012-06-15,2427.4280700088675,2427.4280700088675,2427.4280700088675,2427.4280700088675,2316.4379077677036,52
2012-06-18,2439.7641840358474,2439.7641840358474,2439.7641840358474,2439.7641840358474,2328.209973238849,52
2012-06-19,2422.8019826347722,2422.8019826347722,2422.8019826347722,2422.8019826347722,2312.023340641947,52
2012-06-20,2423.040648814083,2423.040648814083,2423.040648814083,2423.040648814083,2312.2510942021404,52
2012-06-21,2393.1237313682946,2393.1237313682946,2393.1237313682946,2393.1237313682946,2283.702078677768,52
2012-06-25,2361.3502274968696,2361.3502274968696,2361.3502274968696,2361.3502274968696,2253.3813660932324,52
2012-06-26,2359.298596910224,2359.298596910224,2359.298596910224,2359.298596910224,2251.4235429460264,52
2012-06-27,2356.548349185078,2356.548349185078,2356.548349185078,2356.548349185078,2248.7990457817264,52
2012-06-28,2336.17384161085,2336.17384161085,2336.17384161085,2336.17384161085,2229.356129107837,52
2012-06-29,2373.480887049781,2373.480887049781,2373.480887049781,2373.480887049781,2264.957371158744,52
2012-07-02,2379.33209902158,2379.33209902158,2379.33209902158,2379.33209902158,2270.5410460718426,51
2012-07-03,2399.957767697583,2399.957767697583,2399.957767697583,2399.957767697583,2290.223639918579,51
2012-07-04,2406.348329036887,2406.348329036887,2406.348329036887,2406.348329036887,2296.322003335059,51
2012-07-05,2390.6822133132964,2390.6822133132964,2390.6822133132964,2390.6822133132964,2281.3721950264367,51
2012-07-06,2422.27804198388,2422.27804198388,2422.27804198388,2422.27804198388,2311.523356316916,51
2012-07-09,2365.1527239067104,2365.1527239067104,2365.1527239067104,2365.1527239067104,2257.009999599096,51
2012-07-10,2356.479439695669,2356.479439695669,2356.479439695669,2356.479439695669,2248.73328706556,51
2012-07-11,2376.2430373800553,2376.2430373800553,2376.2430373800553,2376.2430373800553,2267.5932267011,51
2012-07-12,2390.078675750972,2390.078675750972,2390.078675750972,2390.078675750972,2280.796253228036,51
2012-07-13,2404.7272569455395,2404.7272569455395,2404.7272569455395,2404.7272569455395,2294.775052103006,51
2012-07-16,2373.6470262490648,2373.6470262490648,2373.6470262490648,2373.6470262490648,2265.1159139159718,51
2012-07-17,2373.040182648591,2373.040182648591,2373.040182648591,2373.040182648591,2264.5368172425865,51
2012-07-18,2355.0803176616423,2355.0803176616423,2355.0803176616423,2355.0803176616423,2247.3981375889375,51
2012-07-19,2356.3353792805,2356.3353792805,2356.3353792805,2356.3353792805,2248.595813576303,51
2012-07-20,2330.018582617018,2330.018582617018,2330.018582617018,2330.018582617018,2223.482309223492,51
2012-07-23,2297.564163250955,2297.564163250955,2297.564163250955,2297.564163250955,2192.511814887129,51
2012-07-24,2306.4837149281902,2306.4837149281902,2306.4837149281902,2306.4837149281902,2201.023534711381,51
2012-07-25,2299.663325148894,2299.663325148894,2299.663325148894,2299.663325148894,2194.5149960544745,51
2012-07-26,2286.0514347204316,2286.0514347204316,2286.0514347204316,2286.0514347204316,2181.525486962757,51
2012-07-27,2295.2928249964493,2295.2928249964493,2295.2928249964493,2295.2928249964493,2190.3443298443776,51
2012-07-30,2300.5104827718833,2300.5104827718833,2300.5104827718833,2300.5104827718833,2195.3234187863336,51
2012-07-31,2309.4210441631017,2309.4210441631017,2309.4210441631017,2309.4210441631017,2203.8265593906335,51
2012-08-01,2320.5695193610095,2320.5695193610095,2320.5695193610095,2320.5695193610095,2214.4652888678565,51
2012-08-02,2304.079445941553,2304.079445941553,2304.079445941553,2304.079445941553,2198.7291969759294,51
2012-08-03,2322.7117347937897,2322.7117347937897,2322.7117347937897,2322.7117347937897,2216.5095550178635,51
2012-08-06,2343.3632249572142,2343.3632249572142,2343.3632249572142,2343.3632249572142,2236.216789706912,51
2012-08-07,2344.861047484969,2344.861047484969,2344.861047484969,2344.861047484969,2237.646126759271,51
2012-08-08,2351.5369395915673,2351.5369395915673,2351.5369395915673,2351.5369395915673,2244.0167746622733,51
2012-08-09,2377.250779470227,2377.250779470227,2377.250779470227,2377.250779470227,2268.5548914390884,51
2012-08-10,2352.4505568925806,2352.4505568925806,2352.4505568925806,2352.4505568925806,2244.8886183125164,51
2012-08-13,2332.463792551371,2332.463792551371,2332.463792551371,2332.463792551371,2225.815715949058,51
2012-08-14,2338.730965474905,2338.730965474905,2338.730965474905,2338.730965474905,2231.796332682454,51
2012-08-15,2308.5806044303695,2308.5806044303695,2308.5806044303695,2308.5806044303695,2203.0245473845316,51
2012-08-16,2293.800594896811,2293.800594896811,2293.800594896811,2293.800594896811,2188.9203295155435,51
2012-08-17,2279.9931032015497,2279.9931032015497,2279.9931032015497,2279.9931032015497,2175.7441627037397,51
2012-08-20,2271.2328952381167,2271.2328952381167,2271.2328952381167,2271.2328952381167,2167.3845008636463,51
2012-08-21,2279.6433172898915,2279.6433172898915,2279.6433172898915,2279.6433172898915,2175.410370178483,51
2012-08-22,2262.0824887854096,2262.0824887854096,2262.0824887854096,2262.0824887854096,2158.652481719427,51
2012-08-23,2262.2099915044437,2262.2099915044437,2262.2099915044437,2262.2099915044437,2158.7741545860154,51
2012-08-24,2251.4387976705866,2251.4387976705866,2251.4387976705866,2251.4387976705866,2148.4954559020334,51
2012-08-27,2223.316019299856,2223.316019299856,2223.316019299856,2223.316019299856,2121.6585453898006,51
2012-08-28,2230.6323202376666,2230.6323202376666,2230.6323202376666,2230.6323202376666,2128.6403204818707,51
2012-08-29,2205.882076512183,2205.882076512183,2205.882076512183,2205.882076512183,2105.0217410065206,51
2012-08-30,2205.4377730201627,2205.4377730201627,2205.4377730201627,2205.4377730201627,2104.5977525620488,51
2012-08-31,2201.000408539105,2201.000408539105,2201.000408539105,2201.000408539105,2100.3632792849617,51
2012-09-03,2214.5172394695383,2214.5172394695383,2214.5172394695383,2214.5172394695383,2113.262075318093,51
2012-09-04,2202.0421789282423,2202.0421789282423,2202.0421789282423,2202.0421789282423,2101.357416433824,51
2012-09-05,2183.377667413316,2183.377667413316,2183.377667413316,2183.377667413316,2083.5463090575363,51
2012-09-06,2197.8262547936943,2197.8262547936943,2197.8262547936943,2197.8262547936943,2097.3342585070454,51
2012-09-07,2288.1705005398353,2288.1705005398353,2288.1705005398353,2288.1705005398353,2183.5476619774427,51
2012-09-10,2284.8074691152483,2284.8074691152483,2284.8074691152483,2284.8074691152483,2180.338399642061,51
2012-09-11,2268.5919630042513,2268.5919630042513,2268.5919630042513,2268.5919630042513,2164.8643209193024,51
2012-09-12,2271.5777852783735,2271.5777852783735,2271.5777852783735,2271.5777852783735,2167.713621373181,51
2012-09-13,2256.3436450274985,2256.3436450274985,2256.3436450274985,2256.3436450274985,2153.1760371681635,51
2012-09-14,2281.4469309082738,2281.4469309082738,2281.4469309082738,2281.4469309082738,2177.131516526011,51
2012-09-17,2235.1338145352574,2235.1338145352574,2235.1338145352574,2235.1338145352574,2132.9359913449416,51
2012-09-18,2208.4598466129387,2208.4598466129387,2208.4598466129387,2208.4598466129387,2107.481646802566,51
2012-09-19,2196.3583942512873,2196.3583942512873,2196.3583942512873,2196.3583942512873,2095.933513477457,51
2012-09-20,2156.296004047829,2156.296004047829,2156.296004047829,2156.296004047829,2057.702910276624,51
2012-09-21,2164.412945440868,2164.412945440868,2164.412945440868,2164.412945440868,2059.6058020648243,51
2012-09-24,2187.196660540922,2187.196660540922,2187.196660540922,2187.196660540922,2081.2862636936957,51
2012-09-25,2201.5336298775755,2201.5336298775755,2201.5336298775755,2201.5336298775755,2094.928995452437,51
2012-09-26,2178.398383436529,2178.398383436529,2178.398383436529,2178.398383436529,2072.9140246482066,51
2012-09-27,2247.5756543789,2247.5756543789,2247.5756543789,2247.5756543789,2138.7415317808145,51
2012-09-28,2290.6713295755694,2290.6713295755694,2290.6713295755694,2290.6713295755694,2179.750389571065,51
2012-10-08,2258.160462265927,2258.160462265927,2258.160462265927,2258.160462265927,2148.8137926143045,51
2012-10-09,2306.6665055841745,2306.6665055841745,2306.6665055841745,2306.6665055841745,2194.9710328322153,51
2012-10-10,2301.820342708526,2301.820342708526,2301.820342708526,2301.820342708526,2190.359535198429,51
2012-10-11,2277.4246680276974,2277.4246680276974,2277.4246680276974,2277.4246680276974,2167.145169740231,51
2012-10-12,2276.9272131201596,2276.9272131201596,2276.9272131201596,2276.9272131201596,2166.6718030400416,51
2012-10-15,2287.485792558643,2287.485792558643,2287.485792558643,2287.485792558643,2176.719105482429,51
2012-10-16,2289.588822049325,2289.588822049325,2289.588822049325,2289.588822049325,2178.7203001943926,51
2012-10-17,2274.95534026849,2274.95534026849,2274.95534026849,2274.95534026849,2164.795413982775,51
2012-10-18,2308.283216228494,2308.283216228494,2308.283216228494,2308.283216228494,2196.5094576648316,51
2012-10-19,2309.098726381689,2309.098726381689,2309.098726381689,2309.098726381689,2197.2854784545343,51
2012-10-22,2316.112012481714,2316.112012481714,2316.112012481714,2316.112012481714,2203.9591609297654,51
2012-10-23,2277.781514824806,2277.781514824806,2277.781514824806,2277.781514824806,2167.484736981927,51
2012-10-24,2278.167210412966,2278.167210412966,2278.167210412966,2278.167210412966,2167.85175607266,51
2012-10-25,2260.865098702575,2260.865098702575,2260.865098702575,2260.865098702575,2151.387462721542,51
2012-10-26,2228.475645026045,2228.475645026045,2228.475645026045,2228.475645026045,2120.5664001981413,51
2012-10-29,2216.9302678073104,2216.9302678073104,2216.9302678073104,2216.9302678073104,2109.580083581979,51
2012-10-30,2223.123770095897,2223.123770095897,2223.123770095897,2223.123770095897,2115.4736785521736,51
2012-10-31,2239.6370998095367,2239.6370998095367,2239.6370998095367,2239.6370998095367,2131.187385015288,51
2012-11-01,2291.341910768746,2291.341910768746,2291.341910768746,2291.341910768746,2180.3884992807366,51
2012-11-02,2299.2643030628087,2299.2643030628087,2299.2643030628087,2299.2643030628087,2187.9272663951433,51
2012-11-05,2284.6495924119004,2284.6495924119004,2284.6495924119004,2284.6495924119004,2174.0202423609758,51
2012-11-06,2274.2936060736874,2274.2936060736874,2274.2936060736874,2274.2936060736874,2164.165722874195,51
2012-11-07,2267.4587260709313,2267.4587260709313,2267.4587260709313,2267.4587260709313,2157.6618075563047,51
2012-11-08,2235.6144395520982,2235.6144395520982,2235.6144395520982,2235.6144395520982,2127.3595136179156,51
2012-11-09,2222.549558025208,2222.549558025208,2222.549558025208,2222.549558025208,2114.927271492977,51
2012-11-12,2224.4907482634285,2224.4907482634285,2224.4907482634285,2224.4907482634285,2116.774463677801,51
2012-11-13,2189.4631909138457,2189.4631909138457,2189.4631909138457,2189.4631909138457,2083.4430421016546,51
2012-11-14,2201.7523482574074,2201.7523482574074,2201.7523482574074,2201.7523482574074,2095.1371228548687,51
2012-11-15,2182.8093897149365,2182.8093897149365,2182.8093897149365,2182.8093897149365,2077.1114372274897,51
2012-11-16,2158.5686785074713,2158.5686785074713,2158.5686785074713,2158.5686785074713,2054.04453146247,51
2012-11-19,2134.0504787293658,2134.0504787293658,2134.0504787293658,2134.0504787293658,2030.7135739270605,51
2012-11-20,2130.41744587653,2130.41744587653,2130.41744587653,2130.41744587653,2027.2564630469235,51
2012-11-21,2161.0526655995213,2161.0526655995213,2161.0526655995213,2161.0526655995213,2056.408236705416,51
2012-11-22,2145.0249983576214,2145.0249983576214,2145.0249983576214,2145.0249983576214,2041.1566755305878,51
2012-11-23,2166.7562490037762,2166.7562490037762,2166.7562490037762,2166.7562490037762,2061.8356360825583,51
2012-11-26,2146.1386879229244,2146.1386879229244,2146.1386879229244,2146.1386879229244,2042.2164370216792,51
2012-11-27,2131.1894797196023,2131.1894797196023,2131.1894797196023,2131.1894797196023,2027.9911127753553,51
2012-11-28,2108.5736955858824,2108.5736955858824,2108.5736955858824,2108.5736955858824,2006.4704504090676,51
2012-11-29,2094.380030219356,2094.380030219356,2094.380030219356,2094.380030219356,1992.9640834271834,51
2012-11-30,2127.8540583582712,2127.8540583582712,2127.8540583582712,2127.8540583582712,2024.8172021763637,51
2012-12-03,2101.7772200238333,2101.7772200238333,2101.7772200238333,2101.7772200238333,2000.003079877638,51
2012-12-04,2124.572899674496,2124.572899674496,2124.572899674496,2124.572899674496,2021.6949266989259,51
2012-12-05,2189.7459930164687,2189.7459930164687,2189.7459930164687,2189.7459930164687,2083.7121501074184,51
2012-12-06,2186.971453483245,2186.971453483245,2186.971453483245,2186.971453483245,2081.071961813996,51
2012-12-07,2215.84067922069,2215.84067922069,2215.84067922069,2215.84067922069,2108.543256030382,51
2012-12-10,2236.586512877126,2236.586512877126,2236.586512877126,2236.586512877126,2128.2845163372335,51
2012-12-11,2224.5755888777016,2224.5755888777016,2224.5755888777016,2224.5755888777016,2116.855196063816,51
2012-12-12,2238.761402269517,2238.761402269517,2238.761402269517,2238.761402269517,2130.3540912863455,51
2012-12-13,2220.9086284892705,2220.9086284892705,2220.9086284892705,2220.9086284892705,2113.3658005176185,51
2012-12-14,2327.020399309533,2327.020399309533,2327.020399309533,2327.020399309533,2214.339332074587,51
2012-12-17,2326.905660167236,2326.905660167236,2326.905660167236,2326.905660167236,2214.230148933867,51
2012-12-18,2315.35428160659,2315.35428160659,2315.35428160659,2315.35428160659,2203.23812157815,51
2012-12-19,2317.542506456395,2317.542506456395,2317.542506456395,2317.542506456395,2205.320386243206,51
2012-12-20,2332.53266268719,2332.53266268719,2332.53266268719,2332.53266268719,2219.5846756949195,51
2012-12-21,2322.1126124388024,2322.1126124388024,2322.1126124388024,2322.1126124388024,2209.669194458036,51
2012-12-24,2322.1578866109026,2322.1578866109026,2322.1578866109026,2322.1578866109026,2209.7122763236002,51
2012-12-25,2385.9777615729295,2385.9777615729295,2385.9777615729295,2385.9777615729295,2270.4418081052854,51
2012-12-26,2398.5815389010604,2398.5815389010604,2398.5815389010604,2398.5815389010604,2282.4352740322156,51
2012-12-27,2387.5189768971672,2387.5189768971672,2387.5189768971672,2387.5189768971672,2271.9083933198663,51
2012-12-28,2430.02562099211,2430.02562099211,2430.02562099211,2430.02562099211,2312.3567426002833,51
2012-12-31,2484.2431495731335,2484.2431495731335,2484.2431495731335,2484.2431495731335,2363.9489014229825,51
2013-01-04,2487.751315634083,2487.751315634083,2487.751315634083,2487.751315634083,2367.2871919229347,50
2013-01-07,2493.868358044797,2493.868358044797,2493.868358044797,2493.868358044797,2373.108029423986,50
2013-01-08,2481.1549755919164,2481.1549755919164,2481.1549755919164,2481.1549755919164,2361.0102657698844,50
2013-01-09,2483.7787434977495,2483.7787434977495,2483.7787434977495,2483.7787434977495,2363.5069832347785,50
2013-01-10,2482.5801586075127,2482.5801586075127,2482.5801586075127,2482.5801586075127,2362.3664372962603,50
2013-01-11,2442.343991084968,2442.343991084968,2442.343991084968,2442.343991084968,2324.078621536867,50
2013-01-14,2538.2973292826914,2538.2973292826914,2538.2973292826914,2538.2973292826914,2415.3856211996626,50
2013-01-15,2546.9296557803336,2546.9296557803336,2546.9296557803336,2546.9296557803336,2423.599945447405,50
2013-01-16,2513.41233867238,2513.41233867238,2513.41233867238,2513.41233867238,2391.70563390644,50
2013-01-17,2494.579057395388,2494.579057395388,2494.579057395388,2494.579057395388,2373.7843146536993,50
2013-01-18,2537.496871492928,2537.496871492928,2537.496871492928,2537.496871492928,2414.6239238943604,50
2013-01-21,2532.1493573165326,2532.1493573165326,2532.1493573165326,2532.1493573165326,2409.535351841819,50
2013-01-22,2520.394590793855,2520.394590793855,2520.394590793855,2520.394590793855,2398.3497851582433,50
2013-01-23,2540.4609106915564,2540.4609106915564,2540.4609106915564,2540.4609106915564,2417.444435730561,50
2013-01-24,2528.830738584286,2528.830738584286,2528.830738584286,2528.830738584286,2406.377430239949,50
2013-01-25,2499.6156562425604,2499.6156562425604,2499.6156562425604,2499.6156562425604,2378.577026797729,50
2013-01-28,2561.3157942572016,2561.3157942572016,2561.3157942572016,2561.3157942572016,2437.2894654341885,50
2013-01-29,2586.2619312628212,2586.2619312628212,2586.2619312628212,2586.2619312628212,2461.0276382371667,50
2013-01-30,2611.107670299062,2611.107670299062,2611.107670299062,2611.107670299062,2484.6702746312153,50
2013-01-31,2595.078400527679,2595.078400527679,2595.078400527679,2595.078400527679,2469.4171885260225,50
2013-02-01,2665.5321574640725,2665.5321574640725,2665.5321574640725,2665.5321574640725,2536.4593705038724,50
2013-02-04,2651.61451954785,2651.61451954785,2651.61451954785,2651.61451954785,2523.2156649237195,50
2013-02-05,2677.663716535955,2677.663716535955,2677.663716535955,2677.663716535955,2548.0034843501567,50
2013-02-06,2686.4852705275916,2686.4852705275916,2686.4852705275916,2686.4852705275916,2556.397873148595,50
2013-02-07,2672.1507502326663,2672.1507502326663,2672.1507502326663,2672.1507502326663,2542.757471841888,50
2013-02-08,2674.1510084563993,2674.1510084563993,2674.1510084563993,2674.1510084563993,2544.660871769294,50
2013-02-18,2612.4445184652864,2612.4445184652864,2612.4445184652864,2612.4445184652864,2485.94238873746,50
2013-02-19,2565.4578366032133,2565.4578366032133,2565.4578366032133,2565.4578366032133,2441.2309380936513,50
2013-02-20,2589.0077316009824,2589.0077316009824,2589.0077316009824,2589.0077316009824,2463.6404789705853,50
2013-02-21,2515.0561425582127,2515.0561425582127,2515.0561425582127,2515.0561425582127,2393.269840047347,50
2013-02-22,2507.1369770161127,2507.1369770161127,2507.1369770161127,2507.1369770161127,2385.734143436228,50
2013-02-25,2503.764374634356,2503.764374634356,2503.764374634356,2503.764374634356,2382.5248522295037,50
2013-02-26,2467.439253775227,2467.439253775227,2467.439253775227,2467.439253775227,2347.9586989269374,50
2013-02-27,2498.1380776113306,2498.1380776113306,2498.1380776113306,2498.1380776113306,2377.170996803176,50
2013-02-28,2571.533607419868,2571.533607419868,2571.533607419868,2571.533607419868,2447.0125024907584,50
2013-03-01,2559.143757448855,2559.143757448855,2559.143757448855,2559.143757448855,2435.2226049387396,50
2013-03-04,2433.5249445863346,2433.5249445863346,2433.5249445863346,2433.5249445863346,2315.686618811359,50
2013-03-05,2501.91947305928,2501.91947305928,2501.91947305928,2501.91947305928,2380.769286131884,50
2013-03-06,2533.083613048782,2533.083613048782,2533.083613048782,2533.083613048782,2410.4243682057277,50
2013-03-07,2509.8533196472804,2509.8533196472804,2509.8533196472804,2509.8533196472804,2388.3189528901416,50
2013-03-08,2502.7202341836833,2502.7202341836833,2502.7202341836833,2502.7202341836833,2381.531272083485,50
2013-03-11,2488.7529102901885,2488.7529102901885,2488.7529102901885,2488.7529102901885,2368.2402864649803,50
2013-03-12,2453.5796584993664,2453.5796584993664,2453.5796584993664,2453.5796584993664,2334.770225394398,50
2013-03-13,2425.6571231215994,2425.6571231215994,2425.6571231215994,2425.6571231215994,2308.1997800486765,50
2013-03-14,2432.968938418157,2432.968938418157,2432.968938418157,2432.968938418157,2315.157536072146,50
2013-03-15,2427.3609202751873,2427.3609202751873,2427.3609202751873,2427.3609202751873,2305.804177763946,51
2013-03-18,2410.872757223467,2410.872757223467,2410.872757223467,2410.872757223467,2290.1417046101806,51
2013-03-19,2432.3322025412676,2432.3322025412676,2432.3322025412676,2432.3322025412676,2310.5265094626343,51
2013-03-20,2532.1885025112765,2532.1885025112765,2532.1885025112765,2532.1885025112765,2405.3822318744433,51
2013-03-21,2543.119552203018,2543.119552203018,2543.119552203018,2543.119552203018,2415.765879331248,51
2013-03-22,2548.576749951503,2548.576749951503,2548.576749951503,2548.576749951503,2420.9497929644604,51
2013-03-25,2547.615511227037,2547.615511227037,2547.615511227037,2547.615511227037,2420.036690900326,51
2013-03-26,2520.2561542037424,2520.2561542037424,2520.2561542037424,2520.2561542037424,2394.047428570892,51
2013-03-27,2543.191814326699,2543.191814326699,2543.191814326699,2543.191814326699,2415.834522731282,51
2013-03-28,2460.783731626915,2460.783731626915,2460.783731626915,2460.783731626915,2337.5532503487902,51
2013-03-29,2439.1212352742364,2439.1212352742364,2439.1212352742364,2439.1212352742364,2316.975562797843,51
2013-04-01,2450.0665316331724,2450.0665316331724,2450.0665316331724,2450.0665316331724,2327.372743480985,51
2013-04-02,2425.214771003063,2425.214771003063,2425.214771003063,2425.214771003063,2303.76550279129,51
2013-04-03,2410.014166870281,2410.014166870281,2410.014166870281,2410.014166870281,2289.3261105191546,51
2013-04-08,2421.123436525633,2421.123436525633,2421.123436525633,2421.123436525633,2299.87905308705,51
2013-04-09,2431.7433938074814,2431.7433938074814,2431.7433938074814,2431.7433938074814,2309.967186937942,51
2013-04-10,2413.7823864209045,2413.7823864209045,2413.7823864209045,2413.7823864209045,2292.905626161013,51
2013-04-11,2413.4345650668242,2413.4345650668242,2413.4345650668242,2413.4345650668242,2292.575222913332,51
2013-04-12,2401.643390177661,2401.643390177661,2401.643390177661,2401.643390177661,2281.3745233827913,51
2013-04-15,2397.7823660132726,2397.7823660132726,2397.7823660132726,2397.7823660132726,2277.7068505722373,51
2013-04-16,2434.5732008515606,2434.5732008515606,2434.5732008515606,2434.5732008515606,2312.6552836482424,51
2013-04-17,2448.560559163395,2448.560559163395,2448.560559163395,2448.560559163395,2325.942186704938,51
2013-04-18,2460.310441809658,2460.310441809658,2460.310441809658,2460.310441809658,2337.1036618146713,51
2013-04-19,2536.88879257215,2536.88879257215,2536.88879257215,2536.88879257215,2409.847142044389,51
2013-04-22,2535.400708724903,2535.400708724903,2535.400708724903,2535.400708724903,2408.4335780691326,51
2013-04-23,2452.4644890870054,2452.4644890870054,2452.4644890870054,2452.4644890870054,2329.6506166513755,51
2013-04-24,2513.8588499542984,2513.8588499542984,2513.8588499542984,2513.8588499542984,2387.9704868431154,51
2013-04-25,2476.1802846269647,2476.1802846269647,2476.1802846269647,2476.1802846269647,2352.1787788122933,51
2013-04-26,2460.1704944448447,2460.1704944448447,2460.1704944448447,2460.1704944448447,2336.97072269723,51
2013-05-02,2495.420797141948,2495.420797141948,2495.420797141948,2495.420797141948,2370.4557699959273,51
2013-05-03,2548.2557118354953,2548.2557118354953,2548.2557118354953,2548.2557118354953,2420.6448317108916,51
2013-05-06,2573.6481716071185,2573.6481716071185,2573.6481716071185,2573.6481716071185,2444.7656945525305,51
2013-05-07,2573.6844200960536,2573.6844200960536,2573.6844200960536,2573.6844200960536,2444.800127799159,51
2013-05-08,2593.021466939632,2593.021466939632,2593.021466939632,2593.021466939632,2463.1688190906398,51
2013-05-09,2565.808896414254,2565.808896414254,2565.808896414254,2565.808896414254,2437.3189925234396,51
2013-05-10,2571.2409736856416,2571.2409736856416,2571.2409736856416,2571.2409736856416,2442.4790436562075,51
2013-05-13,2543.165789279432,2543.165789279432,2543.165789279432,2543.165789279432,2415.8098009594964,51
2013-05-14,2499.25777459702,2499.25777459702,2499.25777459702,2499.25777459702,2374.1006003019575,51
2013-05-15,2511.7965095758877,2511.7965095758877,2511.7965095758877,2511.7965095758877,2386.01142380441,51
2013-05-16,2568.3473145324897,2568.3473145324897,2568.3473145324897,2568.3473145324897,2439.730292405979,51
2013-05-17,2604.5408631374994,2604.5408631374994,2604.5408631374994,2604.5408631374994,2474.1113499917924,51
2013-05-20,2616.4602709496216,2616.4602709496216,2616.4602709496216,2616.4602709496216,2485.4338608306616,51
2013-05-21,2629.1692202710256,2629.1692202710256,2629.1692202710256,2629.1692202710256,2497.506374726519,51
2013-05-22,2633.3515360399256,2633.3515360399256,2633.3515360399256,2633.3515360399256,2501.479249585015,51
2013-05-23,2615.6852056667913,2615.6852056667913,2615.6852056667913,2615.6852056667913,2484.6976090634594,51
2013-05-24,2635.49655084914,2635.49655084914,2635.49655084914,2635.49655084914,2503.5168469060973,51
2013-05-27,2637.580909005146,2637.580909005146,2637.580909005146,2637.580909005146,2505.4968251219166,51
2013-05-28,2683.565467619717,2683.565467619717,2683.565467619717,2683.565467619717,2549.178581090076,51
2013-05-29,2688.4072349261974,2688.4072349261974,2688.4072349261974,2688.4072349261974,2553.777883645288,51
2013-05-30,2680.21488888499,2680.21488888499,2680.21488888499,2680.21488888499,2545.995791757048,51
2013-05-31,2642.9223021049856,2642.9223021049856,2642.9223021049856,2642.9223021049856,2510.5707333412565,51
2013-06-03,2632.2892120749616,2632.2892120749616,2632.2892120749616,2632.2892120749616,2500.470124400502,51
2013-06-04,2591.65439943345,2591.65439943345,2591.65439943345,2591.65439943345,2461.870211231911,51
2013-06-05,2590.1579252496053,2590.1579252496053,2590.1579252496053,2590.1579252496053,2460.4486770891294,51
2013-06-06,2553.413992911952,2553.413992911952,2553.413992911952,2553.413992911952,2425.544797742653,51
2013-06-07,2508.6168044005344,2508.6168044005344,2508.6168044005344,2508.6168044005344,2382.9909510695365,51
2013-06-13,2437.62799391121,2437.62799391121,2437.62799391121,2437.62799391121,2315.5570995835283,51
2013-06-14,2469.293517751388,2469.293517751388,2469.293517751388,2469.293517751388,2345.636885639196,51
2013-06-17,2455.6413880407363,2455.6413880407363,2455.6413880407363,2455.6413880407363,2332.668423693855,51
2013-06-18,2477.5047074761483,2477.5047074761483,2477.5047074761483,2477.5047074761483,2353.4368775619537,51
2013-06-19,2455.580812147624,2455.580812147624,2455.580812147624,2455.580812147624,2332.610881304405,51
2013-06-20,2377.620813391904,2377.620813391904,2377.620813391904,2377.620813391904,2258.5549428867134,51
2013-06-21,2379.277098701479,2379.277098701479,2379.277098701479,2379.277098701479,2260.1282851756528,51
2013-06-24,2220.367197028648,2220.367197028648,2220.367197028648,2220.367197028648,2109.176231814041,51
2013-06-25,2214.2161296841737,2214.2161296841737,2214.2161296841737,2214.2161296841737,2103.3331960041914,51
2013-06-26,2252.489290772763,2252.489290772763,2252.489290772763,2252.489290772763,2139.6897237859343,51
2013-06-27,2252.1116467724287,2252.1116467724287,2252.1116467724287,2252.1116467724287,2139.3309913426438,51
2013-06-28,2307.1757043237485,2307.1757043237485,2307.1757043237485,2307.1757043237485,2191.637565484932,51
2013-07-01,2338.099875948991,2338.099875948991,2338.099875948991,2338.099875948991,2221.013124567135,51
2013-07-02,2353.898444597923,2353.898444597923,2353.898444597923,2353.898444597923,2236.0205366454625,51
2013-07-03,2337.4351515719454,2337.4351515719454,2337.4351515719454,2337.4351515719454,2220.3816880828235,51
2013-07-04,2353.47368900464,2353.47368900464,2353.47368900464,2353.47368900464,2235.617051851199,51
2013-07-05,2364.6910563116694,2364.6910563116694,2364.6910563116694,2364.6910563116694,2246.2726787849674,51
2013-07-08,2312.814256994364,2312.814256994364,2312.814256994364,2312.814256994364,2196.993752196125,51
2013-07-09,2302.703737060362,2302.703737060362,2302.703737060362,2302.703737060362,2187.3895442234007,51
2013-07-10,2375.930333107348,2375.930333107348,2375.930333107348,2375.930333107348,2256.9491180297678,51
2013-07-11,2497.0407281169314,2497.0407281169314,2497.0407281169314,2497.0407281169314,2371.994578493093,51
2013-07-12,2456.6816732382135,2456.6816732382135,2456.6816732382135,2456.6816732382135,2333.6566137624905,51
2013-07-15,2505.853515062053,2505.853515062053,2505.853515062053,2505.853515062053,2380.366041008647,51
2013-07-16,2514.0694880783117,2514.0694880783117,2514.0694880783117,2514.0694880783117,2388.1705766864884,51
2013-07-17,2468.608231919013,2468.608231919013,2468.608231919013,2468.608231919013,2344.9859173707146,51
2013-07-18,2422.4934831736077,2422.4934831736077,2422.4934831736077,2422.4934831736077,2301.180490898892,51
2013-07-19,2347.358455495818,2347.358455495818,2347.358455495818,2347.358455495818,2229.808055399594,51
2013-07-22,2364.202487448013,2364.202487448013,2364.202487448013,2364.202487448013,2245.808576344521,51
2013-07-23,2446.652669742461,2446.652669742461,2446.652669742461,2446.652669742461,2324.129840069235,51
2013-07-24,2441.407187358093,2441.407187358093,2441.407187358093,2441.407187358093,2319.147039573752,51
2013-07-25,2423.0948833083003,2423.0948833083003,2423.0948833083003,2423.0948833083003,2301.7517742756236,51
2013-07-26,2412.9362839225273,2412.9362839225273,2412.9362839225273,2412.9362839225273,2292.1018945612836,51
2013-07-29,2359.894184109254,2359.894184109254,2359.894184109254,2359.894184109254,2241.7160230885934,51
2013-07-30,2363.7597433147016,2363.7597433147016,2363.7597433147016,2363.7597433147016,2245.3880038356115,51
2013-07-31,2371.365649042201,2371.365649042201,2371.365649042201,2371.365649042201,2252.6130230141184,51
2013-08-01,2434.164817565672,2434.164817565672,2434.164817565672,2434.164817565672,2312.267351273266,51
2013-08-02,2440.9450292295555,2440.9450292295555,2440.9450292295555,2440.9450292295555,2318.7080252785695,51
2013-08-05,2483.1380961212544,2483.1380961212544,2483.1380961212544,2483.1380961212544,2358.7881588503515,51
2013-08-06,2504.9959867966704,2504.9959867966704,2504.9959867966704,2504.9959867966704,2379.551455818471,51
2013-08-07,2494.717857171542,2494.717857171542,2494.717857171542,2494.717857171542,2369.788031668702,51
2013-08-08,2491.331787922846,2491.331787922846,2491.331787922846,2491.331787922846,2366.57152910634,51
2013-08-09,2497.9062654498816,2497.9062654498816,2497.9062654498816,2497.9062654498816,2372.8167716748558,51
2013-08-12,2558.6889932721824,2558.6889932721824,2558.6889932721824,2558.6889932721824,2430.5556380205585,51
2013-08-13,2568.8305024005354,2568.8305024005354,2568.8305024005354,2568.8305024005354,2440.1892833189,51
2013-08-14,2559.956276059981,2559.956276059981,2559.956276059981,2559.956276059981,2431.7594581538174,51
2013-08-15,2513.4299457107822,2513.4299457107822,2513.4299457107822,2513.4299457107822,2387.563061153636,51
2013-08-16,2494.4294749171195,2494.4294749171195,2494.4294749171195,2494.4294749171195,2369.5140909450597,51
2013-08-19,2539.5955477547036,2539.5955477547036,2539.5955477547036,2539.5955477547036,2412.4183490519613,51
2013-08-20,2517.264459173355,2517.264459173355,2517.264459173355,2517.264459173355,2391.205550858336,51
2013-08-21,2495.999916622268,2495.999916622268,2495.999916622268,2495.999916622268,2371.0058884830446,51
2013-08-22,2500.419439694824,2500.419439694824,2500.419439694824,2500.419439694824,2375.2040918401576,51
2013-08-23,2492.897831876718,2492.897831876718,2492.897831876718,2492.897831876718,2368.059149122482,51
2013-08-26,2544.32267301967,2544.32267301967,2544.32267301967,2544.32267301967,2416.908750579699,51
2013-08-27,2543.6697141684026,2543.6697141684026,2543.6697141684026,2543.6697141684026,2416.2884904302564,51
2013-08-28,2511.2540651548834,2511.2540651548834,2511.2540651548834,2511.2540651548834,2385.4961437726242,51
2013-08-29,2505.777994970292,2505.777994970292,2505.777994970292,2505.777994970292,2380.294302792204,51
2013-08-30,2488.9836985748434,2488.9836985748434,2488.9836985748434,2488.9836985748434,2364.3410267598774,51
2013-09-02,2497.816261736129,2497.816261736129,2497.816261736129,2497.816261736129,2372.731275143438,51
2013-09-03,2549.514129742677,2549.514129742677,2549.514129742677,2549.514129742677,2421.8402308966984,51
2013-09-04,2541.0648509948746,2541.0648509948746,2541.0648509948746,2541.0648509948746,2413.8140729104493,51
2013-09-05,2531.849073694969,2531.849073694969,2531.849073694969,2531.849073694969,2405.0598008852344,51
2013-09-06,2540.648219760076,2540.648219760076,2540.648219760076,2540.648219760076,2413.41830562518,51
2013-09-09,2621.5430470234714,2621.5430470234714,2621.5430470234714,2621.5430470234714,2490.262102979503,51
2013-09-10,2647.524373498872,2647.524373498872,2647.524373498872,2647.524373498872,2514.94234341282,51
2013-09-11,2643.36802427616,2643.36802427616,2643.36802427616,2643.36802427616,2510.994134754633,51
2013-09-12,2657.5858582691335,2657.5858582691335,2657.5858582691335,2657.5858582691335,2524.4999717918527,51
2013-09-13,2642.3200612842274,2642.3200612842274,2642.3200612842274,2642.3200612842274,2509.9986513781164,51
2013-09-16,2633.7911021247355,2633.7911021247355,2633.7911021247355,2633.7911021247355,2501.896803194903,51
2013-09-17,2598.0195662865217,2598.0195662865217,2598.0195662865217,2598.0195662865217,2467.9166249314103,51
2013-09-18,2594.4213052012847,2594.4213052012847,2594.4213052012847,2594.4213052012847,2460.0998995300697,51
2013-09-23,2678.528826534798,2678.528826534798,2678.528826534798,2678.528826534798,2539.852908174996,51
2013-09-24,2697.295935210694,2697.295935210694,2697.295935210694,2697.295935210694,2557.6483842125554,51
2013-09-25,2670.501477124816,2670.501477124816,2670.501477124816,2670.501477124816,2532.2411600609184,51
2013-09-26,2665.7200800301584,2665.7200800301584,2665.7200800301584,2665.7200800301584,2527.7073110331607,51
2013-09-27,2679.2889725372925,2679.2889725372925,2679.2889725372925,2679.2889725372925,2540.573699012096,51
2013-09-30,2700.1542528067926,2700.1542528067926,2700.1542528067926,2700.1542528067926,2560.3587176564292,51
2013-10-08,2717.5465867151797,2717.5465867151797,2717.5465867151797,2717.5465867151797,2576.8505953691347,51
2013-10-09,2733.500306233628,2733.500306233628,2733.500306233628,2733.500306233628,2591.9783403139445,51
2013-10-10,2720.8944668977924,2720.8944668977924,2720.8944668977924,2720.8944668977924,2580.02514519432,51
2013-10-11,2735.158528396602,2735.158528396602,2735.158528396602,2735.158528396602,2593.550711065122,51
2013-10-14,2727.5977894739713,2727.5977894739713,2727.5977894739713,2727.5977894739713,2586.381415536039,51
2013-10-15,2726.48784146936,2726.48784146936,2726.48784146936,2726.48784146936,2585.3289330540483,51
2013-10-16,2680.568541240433,2680.568541240433,2680.568541240433,2680.568541240433,2541.787020391984,51
2013-10-17,2669.0710039530154,2669.0710039530154,2669.0710039530154,2669.0710039530154,2530.8847470145206,51
2013-10-18,2676.263946801522,2676.263946801522,2676.263946801522,2676.263946801522,2537.705288436787,51
2013-10-21,2747.3344638740555,2747.3344638740555,2747.3344638740555,2747.3344638740555,2605.096259810315,51
2013-10-22,2711.834353326057,2711.834353326057,2711.834353326057,2711.834353326057,2571.4341023891784,51
2013-10-23,2668.6081322475893,2668.6081322475893,2668.6081322475893,2668.6081322475893,2530.4458396428727,51
2013-10-24,2645.229553833042,2645.229553833042,2645.229553833042,2645.229553833042,2508.2776442563018,51
2013-10-25,2584.5393218115287,2584.5393218115287,2584.5393218115287,2584.5393218115287,2450.7295377096675,51
2013-10-28,2562.178446115858,2562.178446115858,2562.178446115858,2562.178446115858,2429.526355349871,51
2013-10-29,2553.3130697694833,2553.3130697694833,2553.3130697694833,2553.3130697694833,2421.1199676073375,51
2013-10-30,2587.6476211310037,2587.6476211310037,2587.6476211310037,2587.6476211310037,2453.676910531584,51
2013-10-31,2525.9143137699307,2525.9143137699307,2525.9143137699307,2525.9143137699307,2395.139731958402,51
2013-11-01,2539.4402902341963,2539.4402902341963,2539.4402902341963,2539.4402902341963,2407.965425793893,51
2013-11-04,2534.950888092724,2534.950888092724,2534.950888092724,2534.950888092724,2403.7084542160524,51
2013-11-05,2537.207571704846,2537.207571704846,2537.207571704846,2537.207571704846,2405.848302172251,51
2013-11-06,2497.1469399685398,2497.1469399685398,2497.1469399685398,2497.1469399685398,2367.861736184676,51
2013-11-07,2461.9213000262853,2461.9213000262853,2461.9213000262853,2461.9213000262853,2334.459839156969,51
2013-11-08,2444.5992162853076,2444.5992162853076,2444.5992162853076,2444.5992162853076,2318.0345745380737,51
2013-11-11,2487.2547937383806,2487.2547937383806,2487.2547937383806,2487.2547937383806,2358.4817376862966,51
2013-11-12,2501.955353821774,2501.955353821774,2501.955353821774,2501.955353821774,2372.421203227876,51
2013-11-13,2456.2270211777363,2456.2270211777363,2456.2270211777363,2456.2270211777363,2329.060371154171,51
2013-11-14,2489.681479828454,2489.681479828454,2489.681479828454,2489.681479828454,2360.782786553885,51
2013-11-15,2527.968653979366,2527.968653979366,2527.968653979366,2527.968653979366,2397.08771247055,51
2013-11-18,2566.067613408646,2566.067613408646,2566.067613408646,2566.067613408646,2433.2141681376643,51
2013-11-19,2539.429188967151,2539.429188967151,2539.429188967151,2539.429188967151,2407.954899274592,51
2013-11-20,2548.141277351428,2548.141277351428,2548.141277351428,2548.141277351428,2416.215935258181,51
2013-11-21,2530.7515474681622,2530.7515474681622,2530.7515474681622,2530.7515474681622,2399.7265267519715,51
2013-11-22,2518.2426440439494,2518.2426440439494,2518.2426440439494,2518.2426440439494,2387.8652488648977,51
2013-11-25,2515.7588755043676,2515.7588755043676,2515.7588755043676,2515.7588755043676,2385.5100728869515,51
2013-11-26,2523.924067335564,2523.924067335564,2523.924067335564,2523.924067335564,2393.252526883648,51
2013-11-27,2556.452056811085,2556.452056811085,2556.452056811085,2556.452056811085,2424.09643935084,51
2013-11-28,2585.8747598216837,2585.8747598216837,2585.8747598216837,2585.8747598216837,2451.995835865648,51
2013-11-29,2599.9539763990797,2599.9539763990797,2599.9539763990797,2599.9539763990797,2465.3461268218916,51
2013-12-02,2520.5402695976554,2520.5402695976554,2520.5402695976554,2520.5402695976554,2390.0439190687302,51
2013-12-03,2569.285591077079,2569.285591077079,2569.285591077079,2569.285591077079,2436.265540913139,51
2013-12-04,2596.6861162422806,2596.6861162422806,2596.6861162422806,2596.6861162422806,2462.2474541324164,51
2013-12-05,2578.323123129105,2578.323123129105,2578.323123129105,2578.323123129105,2444.835171315347,51
2013-12-06,2565.7514672457432,2565.7514672457432,2565.7514672457432,2565.7514672457432,2432.9143898626266,51
2013-12-09,2578.9588650884634,2578.9588650884634,2578.9588650884634,2578.9588650884634,2445.437998900523,51
2013-12-10,2573.7112409164165,2573.7112409164165,2573.7112409164165,2573.7112409164165,2440.4620608473842,51
2013-12-11,2552.7546858850706,2552.7546858850706,2552.7546858850706,2552.7546858850706,2420.5904930246284,51
2013-12-12,2570.4353010243226,2570.4353010243226,2570.4353010243226,2570.4353010243226,2437.3557267360934,51
2013-12-13,2576.4346977916775,2576.4346977916775,2576.4346977916775,2576.4346977916775,2443.0445157369477,51
2013-12-16,2532.4396497083762,2532.4396497083762,2532.4396497083762,2532.4396497083762,2401.3272305941814,51
2013-12-17,2523.905379445278,2523.905379445278,2523.905379445278,2523.905379445278,2393.2348065246133,51
2013-12-18,2525.1060269531913,2525.1060269531913,2525.1060269531913,2525.1060269531913,2394.373292709439,51
2013-12-19,2494.5515695008517,2494.5515695008517,2494.5515695008517,2494.5515695008517,2365.4007362638063,51
2013-12-20,2471.304716738363,2471.304716738363,2471.304716738363,2471.304716738363,2343.357446675205,51
2013-12-23,2491.0521397077155,2491.0521397077155,2491.0521397077155,2491.0521397077155,2362.082483031285,51
2013-12-24,2503.5781057652903,2503.5781057652903,2503.5781057652903,2503.5781057652903,2373.9599401651662,51
2013-12-25,2527.7962142980446,2527.7962142980446,2527.7962142980446,2527.7962142980446,2396.924200537525,51
2013-12-26,2486.409887092168,2486.409887092168,2486.409887092168,2486.409887092168,2357.6805745323813,51
2013-12-27,2517.1446258729598,2517.1446258729598,2517.1446258729598,2517.1446258729598,2386.8240785712687,51
2013-12-30,2511.607053777385,2511.607053777385,2511.607053777385,2511.607053777385,2381.573204116664,51
2013-12-31,2528.765540395965,2528.765540395965,2528.765540395965,2528.765540395965,2397.843341554185,51
2014-01-02,2557.2816139434453,2557.2816139434453,2557.2816139434453,2557.2816139434453,2424.8830476838357,51
2014-01-03,2542.7854811017123,2542.7854811017123,2542.7854811017123,2542.7854811017123,2411.1374255383394,51
2014-01-06,2479.0601080800575,2479.0601080800575,2479.0601080800575,2479.0601080800575,2350.71131685129,51
2014-01-07,2485.9813624207663,2485.9813624207663,2485.9813624207663,2485.9813624207663,2357.2742359400536,51
2014-01-08,2498.6734240445626,2498.6734240445626,2498.6734240445626,2498.6734240445626,2369.309189346786,51
2014-01-09,2474.924220500467,2474.924220500467,2474.924220500467,2474.924220500467,2346.789557267132,51
2014-01-10,2444.3322590168295,2444.3322590168295,2444.3322590168295,2444.3322590168295,2317.7814384926505,51
2014-01-13,2431.290766133385,2431.290766133385,2431.290766133385,2431.290766133385,2305.4151449889846,51
2014-01-14,2449.911434255055,2449.911434255055,2449.911434255055,2449.911434255055,2323.0717621634835,51
2014-01-15,2467.3494907397517,2467.3494907397517,2467.3494907397517,2467.3494907397517,2339.6069952499515,51
2014-01-16,2443.0374725459046,2443.0374725459046,2443.0374725459046,2443.0374725459046,2316.5536872170005,51
2014-01-17,2394.1392185882305,2394.1392185882305,2394.1392185882305,2394.1392185882305,2270.1870506929695,51
2014-01-20,2354.34620593608,2354.34620593608,2354.34620593608,2354.34620593608,2232.4542483022033,51
2014-01-21,2373.5029387587474,2373.5029387587474,2373.5029387587474,2373.5029387587474,2250.6191764107907,51
2014-01-22,2433.601505645659,2433.601505645659,2433.601505645659,2433.601505645659,2307.6062502002274,51
2014-01-23,2440.0760874140797,2440.0760874140797,2440.0760874140797,2440.0760874140797,2313.745622370067,51
2014-01-24,2446.45002212901,2446.45002212901,2446.45002212901,2446.45002212901,2319.789558303053,51
2014-01-27,2395.2184071514234,2395.2184071514234,2395.2184071514234,2395.2184071514234,2271.210366247218,51
2014-01-28,2390.1589076163373,2390.1589076163373,2390.1589076163373,2390.1589076163373,2266.4128130229274,51
2014-01-29,2391.7704999141524,2391.7704999141524,2391.7704999141524,2391.7704999141524,2267.9409680847093,51
2014-01-30,2367.4577057556444,2367.4577057556444,2367.4577057556444,2367.4577057556444,2244.886924261245,51
2014-02-07,2386.2778866906615,2386.2778866906615,2386.2778866906615,2386.2778866906615,2262.732724839028,51
2014-02-10,2464.8748965020495,2464.8748965020495,2464.8748965020495,2464.8748965020495,2337.26051859123,51
2014-02-11,2469.405529725743,2469.405529725743,2469.405529725743,2469.405529725743,2341.556586587615,51
2014-02-12,2480.94556349722,2480.94556349722,2480.94556349722,2480.94556349722,2352.499156271602,51
2014-02-13,2454.020746677797,2454.020746677797,2454.020746677797,2454.020746677797,2326.9683224708097,51
2014-02-14,2473.3954227681265,2473.3954227681265,2473.3954227681265,2473.3954227681265,2345.33991023402,51
2014-02-17,2473.1870969430124,2473.1870969430124,2473.1870969430124,2473.1870969430124,2345.142370096493,51
2014-02-18,2450.3431703066235,2450.3431703066235,2450.3431703066235,2450.3431703066235,2323.481145872661,51
2014-02-19,2473.8791158579897,2473.8791158579897,2473.8791158579897,2473.8791158579897,2345.7985610011065,51
2014-02-20,2452.918778160384,2452.918778160384,2452.918778160384,2452.918778160384,2325.9234063527,51
2014-02-21,2442.2547283744893,2442.2547283744893,2442.2547283744893,2442.2547283744893,2315.811468189739,51
2014-02-24,2395.738956012459,2395.738956012459,2395.738956012459,2395.738956012459,2271.7039646455078,51
2014-02-25,2309.60146301315,2309.60146301315,2309.60146301315,2309.60146301315,2190.0260823954113,51
2014-02-26,2302.991532393603,2302.991532393603,2302.991532393603,2302.991532393603,2183.758368813023,51
2014-02-27,2255.4870684232847,2255.4870684232847,2255.4870684232847,2255.4870684232847,2138.7133613555534,51
2014-02-28,2299.8522901215983,2299.8522901215983,2299.8522901215983,2299.8522901215983,2180.7816550532043,51
2014-03-03,2325.746518509171,2325.746518509171,2325.746518509171,2325.746518509171,2205.335257248409,51
2014-03-04,2302.9998411486845,2302.9998411486845,2302.9998411486845,2302.9998411486845,2183.766247397546,51
2014-03-05,2275.1767014933903,2275.1767014933903,2275.1767014933903,2275.1767014933903,2157.3835997784504,51
2014-03-06,2262.1347868124367,2262.1347868124367,2262.1347868124367,2262.1347868124367,2145.0169063150674,51
2014-03-07,2284.5817123831025,2284.5817123831025,2284.5817123831025,2284.5817123831025,2166.301683475371,51
2014-03-10,2250.283187989959,2250.283187989959,2250.283187989959,2250.283187989959,2133.778902289277,51
2014-03-11,2280.4771908437992,2280.4771908437992,2280.4771908437992,2280.4771908437992,2162.40966601228,51
2014-03-12,2288.187262712351,2288.187262712351,2288.187262712351,2288.187262712351,2169.720563047842,51
2014-03-13,2317.0046748664295,2317.0046748664295,2317.0046748664295,2317.0046748664295,2197.0460065303005,51
2014-03-14,2297.7836284576547,2297.7836284576547,2297.7836284576547,2297.7836284576547,2178.8200945535946,51
2014-03-17,2318.65841335492,2318.65841335492,2318.65841335492,2318.65841335492,2198.6141257410195,51
2014-03-18,2300.6109523125233,2300.6109523125233,2300.6109523125233,2300.6109523125233,2181.5010389003573,51
2014-03-19,2251.8837568256617,2251.8837568256617,2251.8837568256617,2251.8837568256617,2135.2966046084834,51
2014-03-20,2198.8341786267238,2198.8341786267238,2198.8341786267238,2198.8341786267238,2084.9935710434725,51
2014-03-21,2259.731803889551,2259.731803889551,2259.731803889551,2259.731803889551,2138.753832849132,51
2014-03-24,2253.284977380214,2253.284977380214,2253.284977380214,2253.284977380214,2132.6521464088096,51
2014-03-25,2281.3244608581126,2281.3244608581126,2281.3244608581126,2281.3244608581126,2159.1904960732445,51
2014-03-26,2302.5750606864867,2302.5750606864867,2302.5750606864867,2302.5750606864867,2179.3034146749333,51
2014-03-27,2255.559524542086,2255.559524542086,2255.559524542086,2255.559524542086,2134.8049224382817,51
2014-03-28,2230.6179872006064,2230.6179872006064,2230.6179872006064,2230.6179872006064,2111.1986659372133,51
2014-03-31,2218.6428634211316,2218.6428634211316,2218.6428634211316,2218.6428634211316,2099.864647520466,51
2014-04-01,2233.8545789602053,2233.8545789602053,2233.8545789602053,2233.8545789602053,2114.2619821322132,51
2014-04-02,2222.9896198369966,2222.9896198369966,2222.9896198369966,2222.9896198369966,2103.97869412055,51
2014-04-03,2224.923208680728,2224.923208680728,2224.923208680728,2224.923208680728,2105.808765522637,51
2014-04-04,2266.089109532317,2266.089109532317,2266.089109532317,2266.089109532317,2144.7707910503914,51
2014-04-08,2321.5215667658545,2321.5215667658545,2321.5215667658545,2321.5215667658545,2197.2355924787776,51
2014-04-09,2335.471627080573,2335.471627080573,2335.471627080573,2335.471627080573,2210.438816381378,51
2014-04-10,2352.3180784621345,2352.3180784621345,2352.3180784621345,2352.3180784621345,2226.3833689164194,51
2014-04-11,2351.3971351830273,2351.3971351830273,2351.3971351830273,2351.3971351830273,2225.5117296516905,51
2014-04-14,2361.9957652643407,2361.9957652643407,2361.9957652643407,2361.9957652643407,2235.542946927272,51
2014-04-15,2339.874480076645,2339.874480076645,2339.874480076645,2339.874480076645,2214.6059563510908,51
2014-04-16,2334.464365672294,2334.464365672294,2334.464365672294,2334.464365672294,2209.485480151862,51
2014-04-17,2331.905124840463,2331.905124840463,2331.905124840463,2331.905124840463,2207.0632519348487,51
2014-04-18,2330.4079153832495,2330.4079153832495,2330.4079153832495,2330.4079153832495,2205.646197725282,51
2014-04-21,2300.7868776818555,2300.7868776818555,2300.7868776818555,2300.7868776818555,2177.610964602581,51
2014-04-22,2284.3045063400045,2284.3045063400045,2284.3045063400045,2284.3045063400045,2162.0110005620922,51
2014-04-23,2266.270805543909,2266.270805543909,2266.270805543909,2266.270805543909,2144.942759706378,51
2014-04-24,2250.392033187459,2250.392033187459,2250.392033187459,2250.392033187459,2129.9140801171275,51
2014-04-25,2215.0390142347164,2215.0390142347164,2215.0390142347164,2215.0390142347164,2096.4537355497673,51
2014-04-28,2173.697050688859,2173.697050688859,2173.697050688859,2173.697050688859,2057.325073095657,51
2014-04-29,2215.2931020880446,2215.2931020880446,2215.2931020880446,2215.2931020880446,2096.694220446803,51
2014-04-30,2242.069762462667,2242.069762462667,2242.069762462667,2242.069762462667,2122.037354047237,51
2014-05-05,2254.7897413779942,2254.7897413779942,2254.7897413779942,2254.7897413779942,2134.0763507158194,51
2014-05-06,2260.334472236555,2260.334472236555,2260.334472236555,2260.334472236555,2139.32423648503,51
2014-05-07,2215.839021157724,2215.839021157724,2215.839021157724,2215.839021157724,2097.210912959026,51
2014-05-08,2202.8816389680114,2202.8816389680114,2202.8816389680114,2202.8816389680114,2084.9472227395763,51
2014-05-09,2188.0166046061554,2188.0166046061554,2188.0166046061554,2188.0166046061554,2070.878009232854,51
2014-05-12,2231.9764819805255,2231.9764819805255,2231.9764819805255,2231.9764819805255,2112.4844317579436,51
2014-05-13,2231.9946429686443,2231.9946429686443,2231.9946429686443,2231.9946429686443,2112.5016204716135,51
2014-05-14,2229.6563767350863,2229.6563767350863,2229.6563767350863,2229.6563767350863,2110.2885366620058,51
2014-05-15,2194.0702817219762,2194.0702817219762,2194.0702817219762,2194.0702817219762,2076.6075940942114,51
2014-05-16,2193.102318284745,2193.102318284745,2193.102318284745,2193.102318284745,2075.6914519627103,51
2014-05-19,2166.404214746389,2166.404214746389,2166.404214746389,2166.404214746389,2050.4226695460634,51
2014-05-20,2163.3013263205203,2163.3013263205203,2163.3013263205203,2163.3013263205203,2047.4858986857748,51
2014-05-21,2184.5389711566495,2184.5389711566495,2184.5389711566495,2184.5389711566495,2067.58655585924,51
2014-05-22,2180.3668452134193,2180.3668452134193,2180.3668452134193,2180.3668452134193,2063.63779063991,51
2014-05-23,2200.6634578992275,2200.6634578992275,2200.6634578992275,2200.6634578992275,2082.8477951638574,51
2014-05-26,2209.030537867223,2209.030537867223,2209.030537867223,2209.030537867223,2090.7669315500884,51
2014-05-27,2196.8742578720858,2196.8742578720858,2196.8742578720858,2196.8742578720858,2079.2614553745375,51
2014-05-28,2223.990305459979,2223.990305459979,2223.990305459979,2223.990305459979,2104.9258066088314,51
2014-05-29,2209.223188941042,2209.223188941042,2209.223188941042,2209.223188941042,2090.9492687733928,51
2014-05-30,2207.8288759531542,2207.8288759531542,2207.8288759531542,2207.8288759531542,2089.629602323638,51
2014-06-03,2193.362462674536,2193.362462674536,2193.362462674536,2193.362462674536,2075.937669150874,51
2014-06-04,2174.147828115974,2174.147828115974,2174.147828115974,2174.147828115974,2057.7517175090975,51
2014-06-05,2192.2365689443563,2192.2365689443563,2192.2365689443563,2192.2365689443563,2074.872051750324,51
2014-06-06,2185.534244617381,2185.534244617381,2185.534244617381,2185.534244617381,2068.52854593311,51
2014-06-09,2168.2231630673245,2168.2231630673245,2168.2231630673245,2168.2231630673245,2052.1442378695515,51
2014-06-10,2203.2929187842233,2203.2929187842233,2203.2929187842233,2203.2929187842233,2085.336484103152,51
2014-06-11,2207.1374522739557,2207.1374522739557,2207.1374522739557,2207.1374522739557,2088.9751949990778,51
2014-06-12,2207.3838771340143,2207.3838771340143,2207.3838771340143,2207.3838771340143,2089.208427152138,51
2014-06-13,2221.3395368559814,2221.3395368559814,2221.3395368559814,2221.3395368559814,2102.4169506897188,51
2014-06-16,2233.785064960599,2233.785064960599,2233.785064960599,2233.785064960599,2114.1961896639045,50
2014-06-17,2215.5305374916284,2215.5305374916284,2215.5305374916284,2215.5305374916284,2096.918944406786,50
2014-06-18,2202.6950690550807,2202.6950690550807,2202.6950690550807,2202.6950690550807,2084.7706411135237,50
2014-06-19,2160.8504048774657,2160.8504048774657,2160.8504048774657,2160.8504048774657,2045.1661908242834,50
2014-06-20,2172.5671998955727,2172.5671998955727,2172.5671998955727,2172.5671998955727,2056.2557104790276,50
2014-06-23,2172.5878486089423,2172.5878486089423,2172.5878486089423,2172.5878486089423,2056.275253734022,50
2014-06-24,2189.8434750273886,2189.8434750273886,2189.8434750273886,2189.8434750273886,2072.6070755356805,50
2014-06-25,2181.3453944391945,2181.3453944391945,2181.3453944391945,2181.3453944391945,2064.563951834639,50
2014-06-26,2199.3569291903345,2199.3569291903345,2199.3569291903345,2199.3569291903345,2081.6112133362867,50
2014-06-27,2203.5154852909704,2203.5154852909704,2203.5154852909704,2203.5154852909704,2085.547135193936,50
2014-06-30,2225.7917081733613,2225.7917081733613,2225.7917081733613,2225.7917081733613,2106.630768653937,50
2014-07-01,2224.7811385884647,2224.7811385884647,2224.7811385884647,2224.7811385884647,2105.6743013557657,50
2014-07-02,2215.5385942020307,2215.5385942020307,2215.5385942020307,2215.5385942020307,2096.9265697896835,50
2014-07-03,2220.0035661771553,2220.0035661771553,2220.0035661771553,2220.0035661771553,2101.1525031101446,50
2014-07-04,2211.6655345263734,2211.6655345263734,2211.6655345263734,2211.6655345263734,2093.260859897958,50
2014-07-07,2198.204407564612,2198.204407564612,2198.204407564612,2198.204407564612,2080.52039360263,50
2014-07-08,2200.812575115786,2200.812575115786,2200.812575115786,2200.812575115786,2082.9889291771547,50
2014-07-09,2154.9104791740424,2154.9104791740424,2154.9104791740424,2154.9104791740424,2039.544267530922,50
2014-07-10,2126.4947256843056,2126.4947256843056,2126.4947256843056,2126.4947256843056,2012.6497920073828,50
2014-07-11,2136.5563536531176,2136.5563536531176,2136.5563536531176,2136.5563536531176,2022.172756345876,50
2014-07-14,2156.8962226612784,2156.8962226612784,2156.8962226612784,2156.8962226612784,2041.4237014031503,50
2014-07-15,2164.132205767466,2164.132205767466,2164.132205767466,2164.132205767466,2048.272295814289,50
2014-07-16,2146.5175766885422,2146.5175766885422,2146.5175766885422,2146.5175766885422,2031.6006910725584,50
2014-07-17,2131.0590921426783,2131.0590921426783,2131.0590921426783,2131.0590921426783,2016.9697985854066,50
2014-07-18,2136.518471843529,2136.518471843529,2136.518471843529,2136.518471843529,2022.1369025930926,50
2014-07-21,2160.7778602919093,2160.7778602919093,2160.7778602919093,2160.7778602919093,2045.097530016773,50
2014-07-22,2174.9750102458984,2174.9750102458984,2174.9750102458984,2174.9750102458984,2058.5346152617403,50
2014-07-23,2158.0144529867316,2158.0144529867316,2158.0144529867316,2158.0144529867316,2042.4820656702966,50
2014-07-24,2168.1947304209266,2168.1947304209266,2168.1947304209266,2168.1947304209266,2052.117327405506,50
2014-07-25,2188.992269340802,2188.992269340802,2188.992269340802,2188.992269340802,2071.801440361809,50
2014-07-28,2230.205429914098,2230.205429914098,2230.205429914098,2230.205429914098,2110.80819549454,50
2014-07-29,2265.295480773531,2265.295480773531,2265.295480773531,2265.295480773531,2144.0196503412194,50
2014-07-30,2281.225784938375,2281.225784938375,2281.225784938375,2281.225784938375,2159.0971029098687,50
2014-07-31,2299.6216487623697,2299.6216487623697,2299.6216487623697,2299.6216487623697,2176.5081178782902,50
2014-08-01,2285.0700493725494,2285.0700493725494,2285.0700493725494,2285.0700493725494,2162.73555915451,50
2014-08-04,2306.4402188073223,2306.4402188073223,2306.4402188073223,2306.4402188073223,2182.9616460328666,50
2014-08-05,2314.1682619411035,2314.1682619411035,2314.1682619411035,2314.1682619411035,2190.27595733492,50
2014-08-06,2314.3264104351147,2314.3264104351147,2314.3264104351147,2314.3264104351147,2190.4256391233266,50
2014-08-07,2283.9751666945754,2283.9751666945754,2283.9751666945754,2283.9751666945754,2161.6992925851737,50
2014-08-08,2293.246778384236,2293.246778384236,2293.246778384236,2293.246778384236,2170.47453529487,50
2014-08-11,2317.385296389904,2317.385296389904,2317.385296389904,2317.385296389904,2193.3207632476992,50
2014-08-12,2316.261347084648,2316.261347084648,2316.261347084648,2316.261347084648,2192.256986174506,50
2014-08-13,2313.6236874607744,2313.6236874607744,2313.6236874607744,2313.6236874607744,2189.7605374275345,50
2014-08-14,2292.6123366270226,2292.6123366270226,2292.6123366270226,2292.6123366270226,2169.8740592836793,50
2014-08-15,2314.347505347678,2314.347505347678,2314.347505347678,2314.347505347678,2190.4456046896034,50
2014-08-18,2339.49459364549,2339.49459364549,2339.49459364549,2339.49459364549,2214.2464076828464,50
2014-08-19,2346.1122535525747,2346.1122535525747,2346.1122535525747,2346.1122535525747,2220.509781710865,50
2014-08-20,2339.5097905901207,2339.5097905901207,2339.5097905901207,2339.5097905901207,2214.2607910373313,50
2014-08-21,2343.7393302800497,2343.7393302800497,2343.7393302800497,2343.7393302800497,2218.2638962763926,50
2014-08-22,2354.8371343414374,2354.8371343414374,2354.8371343414374,2354.8371343414374,2228.7675635397586,50
2014-08-25,2340.019191151554,2340.019191151554,2340.019191151554,2340.019191151554,2214.7429201118284,50
2014-08-26,2318.116445244916,2318.116445244916,2318.116445244916,2318.116445244916,2194.012769004024,50
2014-08-27,2328.782943805858,2328.782943805858,2328.782943805858,2328.782943805858,2204.1082213232007,50
2014-08-28,2314.5886740334067,2314.5886740334067,2314.5886740334067,2314.5886740334067,2190.6738620651367,50
2014-08-29,2346.301187280226,2346.301187280226,2346.301187280226,2346.301187280226,2220.6886006014397,50
2014-09-01,2370.850553070568,2370.850553070568,2370.850553070568,2370.850553070568,2243.9236810157327,50
2014-09-02,2395.956875708886,2395.956875708886,2395.956875708886,2395.956875708886,2267.6859007973126,50
2014-09-03,2419.9638338635,2419.9638338635,2419.9638338635,2419.9638338635,2290.4076121436997,50
2014-09-04,2435.2041408558816,2435.2041408558816,2435.2041408558816,2435.2041408558816,2304.8320075244474,50
2014-09-05,2471.2332222481746,2471.2332222481746,2471.2332222481746,2471.2332222481746,2338.932220562634,50
2014-09-09,2477.629545636809,2477.629545636809,2477.629545636809,2477.629545636809,2344.9861076389843,50
2014-09-10,2469.327898978045,2469.327898978045,2469.327898978045,2469.327898978045,2337.128901496278,50
2014-09-11,2460.162033930239,2460.162033930239,2460.162033930239,2460.162033930239,2328.453744130864,50
2014-09-12,2467.9104954621453,2467.9104954621453,2467.9104954621453,2467.9104954621453,2335.7873807029227,50
2014-09-15,2472.8337315235012,2472.8337315235012,2472.8337315235012,2472.8337315235012,2340.4470442869474,50
2014-09-16,2405.541447112093,2405.541447112093,2405.541447112093,2405.541447112093,2276.757348475104,50
2014-09-17,2413.5824932550813,2413.5824932550813,2413.5824932550813,2413.5824932550813,2284.367905723018,50
2014-09-18,2427.3460042852435,2427.3460042852435,2427.3460042852435,2427.3460042852435,2297.39456752357,50
2014-09-19,2447.164555727953,2447.164555727953,2447.164555727953,2447.164555727953,2309.5242514528877,52
2014-09-22,2401.5574769662885,2401.5574769662885,2401.5574769662885,2401.5574769662885,2266.482334148453,52
2014-09-23,2419.6811432578006,2419.6811432578006,2419.6811432578006,2419.6811432578006,2283.586638281787,52
2014-09-24,2457.731912562654,2457.731912562654,2457.731912562654,2457.731912562654,2319.497249315403,52
2014-09-25,2456.9432241732266,2456.9432241732266,2456.9432241732266,2456.9432241732266,2318.7529205542014,52
2014-09-26,2459.0663242684313,2459.0663242684313,2459.0663242684313,2459.0663242684313,2320.756607288982,52
2014-09-29,2480.7057845555023,2480.7057845555023,2480.7057845555023,2480.7057845555023,2341.178960254321,52
2014-09-30,2487.283691509886,2487.283691509886,2487.283691509886,2487.283691509886,2347.3868940850844,52
2014-10-08,2508.2676120987303,2508.2676120987303,2508.2676120987303,2508.2676120987303,2367.190578057649,52
2014-10-09,2496.4261471799255,2496.4261471799255,2496.4261471799255,2496.4261471799255,2356.015134077514,52
2014-10-10,2472.3718288992827,2472.3718288992827,2472.3718288992827,2472.3718288992827,2333.3137463464445,52
2014-10-13,2457.8243103670393,2457.8243103670393,2457.8243103670393,2457.8243103670393,2319.5844502228815,52
2014-10-14,2451.878802973733,2451.878802973733,2451.878802973733,2451.878802973733,2313.9733467603482,52
2014-10-15,2473.943732543117,2473.943732543117,2473.943732543117,2473.943732543117,2334.797238569264,52
2014-10-16,2462.6101336358015,2462.6101336358015,2462.6101336358015,2462.6101336358015,2324.1010957735466,52
2014-10-17,2462.9316917515625,2462.9316917515625,2462.9316917515625,2462.9316917515625,2324.4045679143405,52
2014-10-20,2478.339246944323,2478.339246944323,2478.339246944323,2478.339246944323,2338.9455281002784,52
2014-10-21,2459.6179503969784,2459.6179503969784,2459.6179503969784,2459.6179503969784,2321.277207311008,52
2014-10-22,2455.7264558142256,2455.7264558142256,2455.7264558142256,2455.7264558142256,2317.6045890997693,52
2014-10-23,2442.204290744873,2442.204290744873,2442.204290744873,2442.204290744873,2304.8429756288974,52
2014-10-24,2446.3911726756464,2446.3911726756464,2446.3911726756464,2446.3911726756464,2308.7943671830362,52
2014-10-27,2418.268779440627,2418.268779440627,2418.268779440627,2418.268779440627,2282.2537125984686,52
2014-10-28,2461.979069834448,2461.979069834448,2461.979069834448,2461.979069834448,2323.505526035489,52
2014-10-29,2501.5751430620476,2501.5751430620476,2501.5751430620476,2501.5751430620476,2360.874525667082,52
2014-10-30,2527.6456811931675,2527.6456811931675,2527.6456811931675,2527.6456811931675,2385.4787313472093,52
2014-10-31,2566.7505211098673,2566.7505211098673,2566.7505211098673,2566.7505211098673,2422.384126991899,52
2014-11-03,2563.1597151750625,2563.1597151750625,2563.1597151750625,2563.1597151750625,2418.9952852528822,52
2014-11-04,2544.8270779852332,2544.8270779852332,2544.8270779852332,2544.8270779852332,2401.6937637496,52
2014-11-05,2540.0340622463614,2540.0340622463614,2540.0340622463614,2540.0340622463614,2397.1703302679366,52
2014-11-06,2548.7834515863224,2548.7834515863224,2548.7834515863224,2548.7834515863224,2405.4276118711477,52
2014-11-07,2548.3911479585563,2548.3911479585563,2548.3911479585563,2548.3911479585563,2405.0573732861953,52
2014-11-10,2611.396488375472,2611.396488375472,2611.396488375472,2611.396488375472,2464.518990333287,52
2014-11-11,2601.5761548649207,2601.5761548649207,2601.5761548649207,2601.5761548649207,2455.2509996103554,52
2014-11-12,2640.5429150454634,2640.5429150454634,2640.5429150454634,2640.5429150454634,2492.026081787345,52
2014-11-13,2630.215687980316,2630.215687980316,2630.215687980316,2630.215687980316,2482.279707641237,52
2014-11-14,2631.9407069329304,2631.9407069329304,2631.9407069329304,2631.9407069329304,2483.9077032314613,52
2014-11-17,2624.1168310776184,2624.1168310776184,2624.1168310776184,2624.1168310776184,2476.5238797832562,52
2014-11-18,2618.82647045833,2618.82647045833,2618.82647045833,2618.82647045833,2471.5310744892354,52
2014-11-19,2610.0131300591274,2610.0131300591274,2610.0131300591274,2610.0131300591274,2463.213438741928,52
2014-11-20,2617.82961522226,2617.82961522226,2617.82961522226,2617.82961522226,2470.590287186027,52
2014-11-21,2656.204064960165,2656.204064960165,2656.204064960165,2656.204064960165,2506.8063733083955,52
2014-11-24,2719.3978537347984,2719.3978537347984,2719.3978537347984,2719.3978537347984,2566.445839471223,52
2014-11-25,2750.819367151255,2750.819367151255,2750.819367151255,2750.819367151255,2596.1000558510736,52
2014-11-26,2787.200951387353,2787.200951387353,2787.200951387353,2787.200951387353,2630.4353648121623,52
2014-11-27,2807.309764783108,2807.309764783108,2807.309764783108,2807.309764783108,2649.413161829013,52
2014-11-28,2862.979809008926,2862.979809008926,2862.979809008926,2862.979809008926,2701.9520550219704,52
2014-12-01,2861.3569886079476,2861.3569886079476,2861.3569886079476,2861.3569886079476,2700.4205098453126,52
2014-12-02,2978.9954043410526,2978.9954043410526,2978.9954043410526,2978.9954043410526,2811.4423752945218,52
2014-12-03,3010.3275753692133,3010.3275753692133,3010.3275753692133,3010.3275753692133,2841.0122743316874,52
2014-12-04,3150.0732051930154,3150.0732051930154,3150.0732051930154,3150.0732051930154,2972.8979378262793,52
2014-12-05,3177.895516864268,3177.895516864268,3177.895516864268,3177.895516864268,2999.155388877471,52
2014-12-08,3304.766205711105,3304.766205711105,3304.766205711105,3304.766205711105,3118.8902599977923,52
2014-12-09,3092.502484666211,3092.502484666211,3092.502484666211,3092.502484666211,2918.5652715088236,52
2014-12-10,3200.9084812721458,3200.9084812721458,3200.9084812721458,3200.9084812721458,3020.8739934859814,52
2014-12-11,3157.078384053906,3157.078384053906,3157.078384053906,3157.078384053906,2979.50911173656,52
2014-12-12,3160.5759865940245,3160.5759865940245,3160.5759865940245,3160.5759865940245,2982.8099922880697,52
2014-12-15,3168.8928393361366,3168.8928393361366,3168.8928393361366,3168.8928393361366,2990.659065231984,51
2014-12-16,3262.357599018847,3262.357599018847,3262.357599018847,3262.357599018847,3078.866917310499,51
2014-12-17,3327.323677508914,3327.323677508914,3327.323677508914,3327.323677508914,3140.17899109132,51
2014-12-18,3302.8256412418314,3302.8256412418314,3302.8256412418314,3302.8256412418314,3117.0588422074334,51
2014-12-19,3348.481345821935,3348.481345821935,3348.481345821935,3348.481345821935,3160.1466503804118,51
2014-12-22,3364.0453742610907,3364.0453742610907,3364.0453742610907,3364.0453742610907,3174.8352830048084,51
2014-12-23,3286.961757329407,3286.961757329407,3286.961757329407,3286.961757329407,3102.0872194237427,51
2014-12-24,3171.956785443206,3171.956785443206,3171.956785443206,3171.956785443206,2993.5506802739146,51
2014-12-25,3279.71128876487,3279.71128876487,3279.71128876487,3279.71128876487,3095.2445520824717,51
2014-12-26,3400.7075251444044,3400.7075251444044,3400.7075251444044,3400.7075251444044,3209.435378195485,51
2014-12-29,3414.975660710872,3414.975660710872,3414.975660710872,3414.975660710872,3222.9010051949626,51
2014-12-30,3424.367793755937,3424.367793755937,3424.367793755937,3424.367793755937,3231.764879506021,51
2014-12-31,3516.2643568481585,3516.2643568481585,3516.2643568481585,3516.2643568481585,3318.4927379125525,51
2015-01-05,3634.3827241256836,3634.3827241256836,3634.3827241256836,3634.3827241256836,3429.9675601229924,51
2015-01-06,3619.6448859811144,3619.6448859811144,3619.6448859811144,3619.6448859811144,3416.0586488774447,51
2015-01-07,3616.233654077738,3616.233654077738,3616.233654077738,3616.233654077738,3412.839281062666,51
2015-01-08,3551.9297653705603,3551.9297653705603,3551.9297653705603,3551.9297653705603,3352.152152326537,51
2015-01-09,3548.1426135419283,3548.1426135419283,3548.1426135419283,3548.1426135419283,3348.5780081310895,51
2015-01-12,3552.8039136559723,3552.8039136559723,3552.8039136559723,3552.8039136559723,3352.977134308153,51
2015-01-13,3570.0021292718175,3570.0021292718175,3570.0021292718175,3570.0021292718175,3369.208039562783,51
2015-01-14,3557.26439630365,3557.26439630365,3557.26439630365,3557.26439630365,3357.1867379589917,51
2015-01-15,3678.750230915772,3678.750230915772,3678.750230915772,3678.750230915772,3471.8396249452653,51
2015-01-16,3715.5047633447653,3715.5047633447653,3715.5047633447653,3715.5047633447653,3506.526905699183,51
2015-01-19,3416.0680350255134,3416.0680350255134,3416.0680350255134,3416.0680350255134,3223.931939124364,51
2015-01-20,3465.2451151092164,3465.2451151092164,3465.2451151092164,3465.2451151092164,3270.3430637065308,51
2015-01-21,3639.455424932668,3639.455424932668,3639.455424932668,3639.455424932668,3434.7549478393894,51
2015-01-22,3641.742365127232,3641.742365127232,3641.742365127232,3641.742365127232,3436.913259518351,51
2015-01-23,3658.008782681613,3658.008782681613,3658.008782681613,3658.008782681613,3452.2647755159855,51
2015-01-26,3689.3025013058214,3689.3025013058214,3689.3025013058214,3689.3025013058214,3481.7983848973345,51
2015-01-27,3657.724278099367,3657.724278099367,3657.724278099367,3657.724278099367,3451.9962728397722,51
2015-01-28,3597.8366780504134,3597.8366780504134,3597.8366780504134,3597.8366780504134,3395.477039447547,51
2015-01-29,3552.348898063651,3552.348898063651,3552.348898063651,3552.348898063651,3352.547710981146,51
2015-01-30,3487.0369462543736,3487.0369462543736,3487.0369462543736,3487.0369462543736,3290.909217460068,51
2015-02-02,3385.5170232738983,3385.5170232738983,3385.5170232738983,3385.5170232738983,3195.099263209038,51
2015-02-03,3479.8146157426663,3479.8146157426663,3479.8146157426663,3479.8146157426663,3284.0931055522055,51
2015-02-04,3443.047201562429,3443.047201562429,3443.047201562429,3443.047201562429,3249.3936675786886,51
2015-02-05,3390.835018151129,3390.835018151129,3390.835018151129,3390.835018151129,3200.1181484774265,51
2015-02-06,3327.2861721901972,3327.2861721901972,3327.2861721901972,3327.2861721901972,3140.143595252109,51
2015-02-09,3372.702580245027,3372.702580245027,3372.702580245027,3372.702580245027,3183.005566087294,51
2015-02-10,3441.459275951223,3441.459275951223,3441.459275951223,3441.459275951223,3247.8950545409994,51
2015-02-11,3462.6656337264994,3462.6656337264994,3462.6656337264994,3462.6656337264994,3267.9086647628174,51
2015-02-12,3485.389802973364,3485.389802973364,3485.389802973364,3485.389802973364,3289.354717439133,51
2015-02-13,3504.456636837407,3504.456636837407,3504.456636837407,3504.456636837407,3307.3491408645455,51
2015-02-16,3529.1127388440605,3529.1127388440605,3529.1127388440605,3529.1127388440605,3330.61846511059,51
2015-02-17,3567.335389295802,3567.335389295802,3567.335389295802,3567.335389295802,3366.691289868729,51
2015-02-25,3537.4989814026235,3537.4989814026235,3537.4989814026235,3537.4989814026235,3338.533025053947,51
2015-02-26,3622.4563949302424,3622.4563949302424,3622.4563949302424,3622.4563949302424,3418.7120250412936,51
2015-02-27,3618.9038664450195,3618.9038664450195,3618.9038664450195,3618.9038664450195,3415.359307843999,51
2015-03-02,3638.6113076963734,3638.6113076963734,3638.6113076963734,3638.6113076963734,3433.9583078162527,51
2015-03-03,3535.239909175437,3535.239909175437,3535.239909175437,3535.239909175437,3336.401013913846,51
2015-03-04,3560.6796627079093,3560.6796627079093,3560.6796627079093,3560.6796627079093,3360.4099133549184,51
2015-03-05,3524.97828382661,3524.97828382661,3524.97828382661,3524.97828382661,3326.716551728021,51
2015-03-06,3506.7167754322713,3506.7167754322713,3506.7167754322713,3506.7167754322713,3309.482158394676,51
2015-03-09,3578.260496224774,3578.260496224774,3578.260496224774,3578.260496224774,3377.0019162396106,51
2015-03-10,3561.5543797245277,3561.5543797245277,3561.5543797245277,3561.5543797245277,3361.2354320795625,51
2015-03-11,3572.830307305784,3572.830307305784,3572.830307305784,3572.830307305784,3371.8771472619696,51
2015-03-12,3660.293946728347,3660.293946728347,3660.293946728347,3660.293946728347,3454.421410946212,51
2015-03-13,3669.607027233236,3669.607027233236,3669.607027233236,3669.607027233236,3463.2106790121575,51
2015-03-16,3761.7183387855393,3761.7183387855393,3761.7183387855393,3761.7183387855393,3550.141207392541,51
2015-03-17,3799.974327662475,3799.974327662475,3799.974327662475,3799.974327662475,3586.2454954625,51
2015-03-18,3874.877847655567,3874.877847655567,3874.877847655567,3874.877847655567,3656.9360812419973,51
2015-03-19,3856.141565200788,3856.141565200788,3856.141565200788,3856.141565200788,3639.253617424801,51
2015-03-20,3896.515585026925,3896.515585026925,3896.515585026925,3896.515585026925,3668.254349517873,53
2015-03-23,3996.5982182157722,3996.5982182157722,3996.5982182157722,3996.5982182157722,3762.474055944032,53
2015-03-24,4018.992235552315,4018.992235552315,4018.992235552315,4018.992235552315,3783.5562124773246,53
2015-03-25,3967.0828105923474,3967.0828105923474,3967.0828105923474,3967.0828105923474,3734.6876862940635,53
2015-03-26,3964.046901116221,3964.046901116221,3964.046901116221,3964.046901116221,3731.8296230071264,53
2015-03-27,3980.4851051502055,3980.4851051502055,3980.4851051502055,3980.4851051502055,3747.3048629054697,53
2015-03-30,4126.449436858569,4126.449436858569,4126.449436858569,4126.449436858569,3884.718478475539,53
2015-03-31,4070.579926152909,4070.579926152909,4070.579926152909,4070.579926152909,3832.121851776802,53
2015-04-01,4139.059889851819,4139.059889851819,4139.059889851819,4139.059889851819,3896.590200282488,53
2015-04-02,4110.816073811668,4110.816073811668,4110.816073811668,4110.816073811668,3870.0009312867746,53
2015-04-03,4153.062678994379,4153.062678994379,4153.062678994379,4153.062678994379,3909.7726939891622,53
2015-04-07,4237.252324604398,4237.252324604398,4237.252324604398,4237.252324604398,3989.0304377230905,53
2015-04-08,4338.757950875305,4338.757950875305,4338.757950875305,4338.757950875305,4084.589777072227,53
2015-04-09,4309.128432798289,4309.128432798289,4309.128432798289,4309.128432798289,4056.6959816572194,53
2015-04-10,4365.436378230459,4365.436378230459,4365.436378230459,4365.436378230459,4109.705359198961,53
2015-04-13,4456.091367776744,4456.091367776744,4456.091367776744,4456.091367776744,4195.049701458626,53
2015-04-14,4534.134291990311,4534.134291990311,4534.134291990311,4534.134291990311,4268.520804024108,53
2015-04-15,4523.869811815165,4523.869811815165,4523.869811815165,4523.869811815165,4258.857625929118,53
2015-04-16,4663.8288985072495,4663.8288985072495,4663.8288985072495,4663.8288985072495,4390.617788902838,53
2015-04-17,4833.328489786195,4833.328489786195,4833.328489786195,4833.328489786195,4550.187948288251,53
2015-04-20,4827.554214644246,4827.554214644246,4827.554214644246,4827.554214644246,4544.751935152269,53
2015-04-21,4822.571466392073,4822.571466392073,4822.571466392073,4822.571466392073,4540.061080579834,53
2015-04-22,4950.745241611466,4950.745241611466,4950.745241611466,4950.745241611466,4660.726325766943,53
2015-04-23,4931.784274099377,4931.784274099377,4931.784274099377,4931.784274099377,4642.876108045613,53
2015-04-24,4920.423404601211,4920.423404601211,4920.423404601211,4920.423404601211,4632.180768057472,53
2015-04-27,5085.169526394181,5085.169526394181,5085.169526394181,5085.169526394181,4787.275920289255,53
2015-04-28,5088.800331021411,5088.800331021411,5088.800331021411,5088.800331021411,4790.694029257499,53
2015-04-29,5059.863826228463,5059.863826228463,5059.863826228463,5059.863826228463,4763.452649812114,53
2015-04-30,5031.396800747867,5031.396800747867,5031.396800747867,5031.396800747867,4736.653247177026,53
2015-05-04,5078.096552993415,5078.096552993415,5078.096552993415,5078.096552993415,4780.617287755848,53
2015-05-05,4886.954959486613,4886.954959486613,4886.954959486613,4886.954959486613,4600.6729332537325,53
2015-05-06,4812.957490242291,4812.957490242291,4812.957490242291,4812.957490242291,4531.010299424713,53
2015-05-07,4641.7261176218835,4641.7261176218835,4641.7261176218835,4641.7261176218835,4369.809807938835,53
2015-05-08,4732.094088896272,4732.094088896272,4732.094088896272,4732.094088896272,4454.88394570392,53
2015-05-11,4879.341731559767,4879.341731559767,4879.341731559767,4879.341731559767,4593.5056947692165,53
2015-05-12,4947.848104475164,4947.848104475164,4947.848104475164,4947.848104475164,4657.998905416765,53
2015-05-13,4875.919514302098,4875.919514302098,4875.919514302098,4875.919514302098,4590.283953942956,53
2015-05-14,4851.129609220626,4851.129609220626,4851.129609220626,4851.129609220626,4566.946262830239,53
2015-05-15,4769.969111117215,4769.969111117215,4769.969111117215,4769.969111117215,4490.540216535723,53
2015-05-18,4680.904595443507,4680.904595443507,4680.904595443507,4680.904595443507,4406.693176820745,53
2015-05-19,4838.926091892583,4838.926091892583,4838.926091892583,4838.926091892583,4555.457638047105,53
2015-05-20,4832.996448937176,4832.996448937176,4832.996448937176,4832.996448937176,4549.875358677855,53
2015-05-21,4878.924470589539,4878.924470589539,4878.924470589539,4878.924470589539,4593.112877305633,53
2015-05-22,5011.411124531086,5011.411124531086,5011.411124531086,5011.411124531086,4717.838349068578,53
2015-05-25,5205.298506946159,5205.298506946159,5205.298506946159,5205.298506946159,4900.367641802259,53
2015-05-26,5271.5634682590235,5271.5634682590235,5271.5634682590235,5271.5634682590235,4962.750744667448,53
2015-05-27,5216.46558465442,5216.46558465442,5216.46558465442,5216.46558465442,4910.880542490284,53
2015-05-28,4817.897007115939,4817.897007115939,4817.897007115939,4817.897007115939,4535.660455149973,53
2015-05-29,4758.798216824965,4758.798216824965,4758.798216824965,4758.798216824965,4480.023722842481,53
2015-06-01,4982.6352756984215,4982.6352756984215,4982.6352756984215,4982.6352756984215,4690.748214219095,53
2015-06-02,5049.478189314415,5049.478189314415,5049.478189314415,5049.478189314415,4753.67541244423,53
2015-06-03,5086.545291066196,5086.545291066196,5086.545291066196,5086.545291066196,4788.571091483083,53
2015-06-04,5113.5865446262715,5113.5865446262715,5113.5865446262715,5113.5865446262715,4814.0282451434805,53
2015-06-05,5219.68788141641,5219.68788141641,5219.68788141641,5219.68788141641,4913.914074335512,53
2015-06-08,5404.788664069984,5404.788664069984,5404.788664069984,5404.788664069984,5088.1714938816585,53
2015-06-09,5309.115763107627,5309.115763107627,5309.115763107627,5309.115763107627,4998.1031937740545,53
2015-06-10,5216.53225631355,5216.53225631355,5216.53225631355,5216.53225631355,4910.943308466257,53
2015-06-11,5185.7445867560555,5185.7445867560555,5185.7445867560555,5185.7445867560555,4881.959207080963,53
2015-06-12,5169.671914934692,5169.671914934692,5169.671914934692,5169.671914934692,4866.828086203724,53
2015-06-15,5062.781154289485,5062.781154289485,5062.781154289485,5062.781154289485,4766.19907828527,52
2015-06-16,4877.356193456539,4877.356193456539,4877.356193456539,4877.356193456539,4591.63647119642,52
2015-06-17,4967.554232629111,4967.554232629111,4967.554232629111,4967.554232629111,4676.550631628422,52
2015-06-18,4743.476817669643,4743.476817669643,4743.476817669643,4743.476817669643,4465.599864432117,52
2015-06-19,4448.0236900647,4448.0236900647,4448.0236900647,4448.0236900647,4187.454635248335,52
2015-06-23,4631.724918677895,4631.724918677895,4631.724918677895,4631.724918677895,4360.394487833956,52
2015-06-24,4701.0297879350455,4701.0297879350455,4701.0297879350455,4701.0297879350455,4425.639418220538,52
2015-06-25,4542.664108378828,4542.664108378828,4542.664108378828,4542.664108378828,4276.550936429585,52
2015-06-26,4193.935805890568,4193.935805890568,4193.935805890568,4193.935805890568,3948.2514379447853,52
2015-06-29,4049.1575173391298,4049.1575173391298,4049.1575173391298,4049.1575173391298,3811.954386103044,52
2015-06-30,4340.871203081539,4340.871203081539,4340.871203081539,4340.871203081539,4086.5792331459916,52
2015-07-01,4095.849319711532,4095.849319711532,4095.849319711532,4095.849319711532,3855.9109425191295,52
2015-07-02,3963.019975891881,3963.019975891881,3963.019975891881,3963.019975891881,3730.8628559459885,52
2015-07-03,3736.5640008139517,3736.5640008139517,3736.5640008139517,3736.5640008139517,3517.67286672946,52
2015-07-06,3910.0543051087934,3910.0543051087934,3910.0543051087934,3910.0543051087934,3680.9999597287137,52
2015-07-07,3997.776356720915,3997.776356720915,3997.776356720915,3997.776356720915,3763.5831780818808,52
2015-07-08,3801.683513652972,3801.683513652972,3801.683513652972,3801.683513652972,3578.9776224779407,52
2015-07-09,4049.9024238320576,4049.9024238320576,4049.9024238320576,4049.9024238320576,3812.6556553327036,52
2015-07-10,4277.415748713186,4277.415748713186,4277.415748713186,4277.415748713186,4026.8410538912226,52
2015-07-13,4317.2794856335595,4317.2794856335595,4317.2794856335595,4317.2794856335595,4064.3695388042847,52
2015-07-14,4151.773516361092,4151.773516361092,4151.773516361092,4151.773516361092,3908.5590516121224,52
2015-07-15,4025.6695799713275,4025.6695799713275,4025.6695799713275,4025.6695799713275,3789.8423923151254,52
2015-07-16,4033.8565842170624,4033.8565842170624,4033.8565842170624,4033.8565842170624,3797.5497948080965,52
2015-07-17,4175.014250271252,4175.014250271252,4175.014250271252,4175.014250271252,3930.43832333364,52
2015-07-20,4190.262274601716,4190.262274601716,4190.262274601716,4190.262274601716,3944.793105279518,52
2015-07-21,4238.98520305851,4238.98520305851,4238.98520305851,4238.98520305851,3990.661802666403,52
2015-07-22,4187.329913411504,4187.329913411504,4187.329913411504,4187.329913411504,3942.0325243308143,52
2015-07-23,4278.479516486006,4278.479516486006,4278.479516486006,4278.479516486006,4027.8425052326515,52
2015-07-24,4193.114537271598,4193.114537271598,4193.114537271598,4193.114537271598,3947.4782799481295,52
2015-07-27,3824.910538333466,3824.910538333466,3824.910538333466,3824.910538333466,3600.8439880682613,52
2015-07-28,3763.13358811269,3763.13358811269,3763.13358811269,3763.13358811269,3542.6859847439287,52
2015-07-29,3888.5753187647833,3888.5753187647833,3888.5753187647833,3888.5753187647833,3660.7792308851244,52
2015-07-30,3765.6687117239726,3765.6687117239726,3765.6687117239726,3765.6687117239726,3545.0725986328575,52
2015-07-31,3744.2344934936564,3744.2344934936564,3744.2344934936564,3744.2344934936564,3524.894015348343,52
2015-08-03,3727.0079702094017,3727.0079702094017,3727.0079702094017,3727.0079702094017,3508.6766366196753,52
2015-08-04,3844.311805991923,3844.311805991923,3844.311805991923,3844.311805991923,3619.1087127745536,52
2015-08-05,3772.5256822873926,3772.5256822873926,3772.5256822873926,3772.5256822873926,3551.5278819609766,52
2015-08-06,3716.20512460006,3716.20512460006,3716.20512460006,3716.20512460006,3498.5066310008315,52
2015-08-07,3789.361842266561,3789.361842266561,3789.361842266561,3789.361842266561,3567.377765202836,52
2015-08-10,4010.1581522709944,4010.1581522709944,4010.1581522709944,4010.1581522709944,3775.2396373954157,52
2015-08-11,3965.219269955362,3965.219269955362,3965.219269955362,3965.219269955362,3732.9333134709727,52
2015-08-12,3926.615034953634,3926.615034953634,3926.615034953634,3926.615034953634,3696.5905477704937,52
2015-08-13,3988.5987373693974,3988.5987373693974,3988.5987373693974,3988.5987373693974,3754.943191568343,52
2015-08-14,3982.8290547195434,3982.8290547195434,3982.8290547195434,3982.8290547195434,3749.5115018923175,52
2015-08-17,3960.444348715418,3960.444348715418,3960.444348715418,3960.444348715418,3728.438111225578,52
2015-08-18,3691.9880718711693,3691.9880718711693,3691.9880718711693,3691.9880718711693,3475.7082340570037,52
2015-08-19,3730.371649011753,3730.371649011753,3730.371649011753,3730.371649011753,3511.843268223697,52
2015-08-20,3596.1645764696877,3596.1645764696877,3596.1645764696877,3596.1645764696877,3385.49816146209,52
2015-08-21,3427.8188078351204,3427.8188078351204,3427.8188078351204,3427.8188078351204,3227.014232797805,52
2015-08-24,3135.6276781558145,3135.6276781558145,3135.6276781558145,3135.6276781558145,2951.9399108945736,52
2015-08-25,2906.5884328332677,2906.5884328332677,2906.5884328332677,2906.5884328332677,2736.3179816269876,52
2015-08-26,2855.3772485541494,2855.3772485541494,2855.3772485541494,2855.3772485541494,2688.1067925847296,52
2015-08-27,3057.021630727367,3057.021630727367,3057.021630727367,3057.021630727367,2877.9386733566475,52
2015-08-28,3204.2651199058373,3204.2651199058373,3204.2651199058373,3204.2651199058373,3016.556512251645,52
2015-08-31,3256.4995142577177,3256.4995142577177,3256.4995142577177,3256.4995142577177,3065.7309708402386,52
2015-09-01,3274.3198024589383,3274.3198024589383,3274.3198024589383,3274.3198024589383,3082.5073312261648,52
2015-09-02,3320.7128628194646,3320.7128628194646,3320.7128628194646,3320.7128628194646,3126.1826461944665,52
2015-09-07,3182.5947241074155,3182.5947241074155,3182.5947241074155,3182.5947241074155,2996.155586884171,52
2015-09-08,3248.8785126635985,3248.8785126635985,3248.8785126635985,3248.8785126635985,3058.5564140765664,52
2015-09-09,3309.8290825726785,3309.8290825726785,3309.8290825726785,3309.8290825726785,3115.936447158875,52
2015-09-10,3266.964005047349,3266.964005047349,3266.964005047349,3266.964005047349,3075.5824427558296,52
2015-09-11,3255.9521900700274,3255.9521900700274,3255.9521900700274,3255.9521900700274,3065.2157093743776,52
2015-09-14,3224.750761851212,3224.750761851212,3224.750761851212,3224.750761851212,3035.8420876661385,52
2015-09-15,3122.0786404527034,3122.0786404527034,3122.0786404527034,3122.0786404527034,2939.18458747762,52
2015-09-16,3265.489677139959,3265.489677139959,3265.489677139959,3265.489677139959,3074.194482245757,52
2015-09-17,3211.2834509284644,3211.2834509284644,3211.2834509284644,3211.2834509284644,3023.1637034044375,52
2015-09-18,3215.2855483666917,3215.2855483666917,3215.2855483666917,3215.2855483666917,3020.958522172715,51
2015-09-21,3283.2948556983856,3283.2948556983856,3283.2948556983856,3283.2948556983856,3084.857449182514,51
2015-09-22,3309.784826746787,3309.784826746787,3309.784826746787,3309.784826746787,3109.7464061933238,51
2015-09-23,3217.8235585649704,3217.8235585649704,3217.8235585649704,3217.8235585649704,3023.343138849062,51
2015-09-24,3244.4899837088165,3244.4899837088165,3244.4899837088165,3244.4899837088165,3048.3978853349863,51
2015-09-25,3151.6463369517196,3151.6463369517196,3151.6463369517196,3151.6463369517196,2961.165569050381,51
2015-09-28,3156.3295123229723,3156.3295123229723,3156.3295123229723,3156.3295123229723,2965.56570034068,51
2015-09-29,3079.989113398414,3079.989113398414,3079.989113398414,3079.989113398414,2893.839200392841,51
2015-09-30,3109.275500380798,3109.275500380798,3109.275500380798,3109.275500380798,2921.355562161401,51
2015-10-08,3194.8081858638893,3194.8081858638893,3194.8081858638893,3194.8081858638893,3001.7187806835386,51
2015-10-09,3221.1156688502806,3221.1156688502806,3221.1156688502806,3221.1156688502806,3026.4362789365396,51
2015-10-12,3329.2285170949262,3329.2285170949262,3329.2285170949262,3329.2285170949262,3128.0149491193283,51
2015-10-13,3328.229366994692,3328.229366994692,3328.229366994692,3328.229366994692,3127.0761861495,51
2015-10-14,3303.431352284038,3303.431352284038,3303.431352284038,3303.431352284038,3103.7769261782755,51
2015-10-15,3376.874272287763,3376.874272287763,3376.874272287763,3376.874272287763,3172.7810664765475,51
2015-10-16,3448.8510406674973,3448.8510406674973,3448.8510406674973,3448.8510406674973,3240.4076671514595,51
2015-10-19,3450.003292760168,3450.003292760168,3450.003292760168,3450.003292760168,3241.4902788594036,51
2015-10-20,3552.5486961653055,3552.5486961653055,3552.5486961653055,3552.5486961653055,3337.837992201304,51
2015-10-21,3457.9216619469744,3457.9216619469744,3457.9216619469744,3457.9216619469744,3248.930073713315,51
2015-10-22,3530.036631081631,3530.036631081631,3530.036631081631,3530.036631081631,3316.686522497228,51
2015-10-23,3532.1084003700867,3532.1084003700867,3532.1084003700867,3532.1084003700867,3318.6330771636135,51
2015-10-26,3538.716744374138,3538.716744374138,3538.716744374138,3538.716744374138,3324.842022787939,51
2015-10-27,3534.8967219326782,3534.8967219326782,3534.8967219326782,3534.8967219326782,3321.2528767616145,51
2015-10-28,3468.5063289882632,3468.5063289882632,3468.5063289882632,3468.5063289882632,3258.8750193866426,51
2015-10-29,3475.575574229508,3475.575574229508,3475.575574229508,3475.575574229508,3265.517010070088,51
2015-10-30,3473.5134924720064,3473.5134924720064,3473.5134924720064,3473.5134924720064,3263.5795574348454,51
2015-11-02,3426.6092906665,3426.6092906665,3426.6092906665,3426.6092906665,3219.510175092729,51
2015-11-03,3410.221385071104,3410.221385071104,3410.221385071104,3410.221385071104,3204.1127298816427,51
2015-11-04,3540.080019527365,3540.080019527365,3540.080019527365,3540.080019527365,3326.1229036398126,51
2015-11-05,3646.021371269764,3646.021371269764,3646.021371269764,3646.021371269764,3425.6613193053436,51
2015-11-06,3692.975668760482,3692.975668760482,3692.975668760482,3692.975668760482,3469.777769624748,51
2015-11-09,3719.204525401344,3719.204525401344,3719.204525401344,3719.204525401344,3494.4213935903736,51
2015-11-10,3699.1202853224454,3699.1202853224454,3699.1202853224454,3699.1202853224454,3475.551014796635,51
2015-11-11,3707.5778179276485,3707.5778179276485,3707.5778179276485,3707.5778179276485,3483.49738684226,51
2015-11-12,3682.026605592827,3682.026605592827,3682.026605592827,3682.026605592827,3459.49045137927,51
2015-11-13,3629.6668524525485,3629.6668524525485,3629.6668524525485,3629.6668524525485,3410.295243025743,51
2015-11-16,3638.4241357264327,3638.4241357264327,3638.4241357264327,3638.4241357264327,3418.5232492601376,51
2015-11-17,3634.891272747239,3634.891272747239,3634.891272747239,3634.891272747239,3415.20390720976,51
2015-11-18,3568.9213648890886,3568.9213648890886,3568.9213648890886,3568.9213648890886,3353.221121434399,51
2015-11-19,3618.2743918117826,3618.2743918117826,3618.2743918117826,3618.2743918117826,3399.591325584033,51
2015-11-20,3620.2616542007195,3620.2616542007195,3620.2616542007195,3620.2616542007195,3401.458480820899,51
2015-11-23,3629.5558235707335,3629.5558235707335,3629.5558235707335,3629.5558235707335,3410.1909245626757,51
2015-11-24,3613.6443789111045,3613.6443789111045,3613.6443789111045,3613.6443789111045,3395.2411437044857,51
2015-11-25,3626.8235217469855,3626.8235217469855,3626.8235217469855,3626.8235217469855,3407.623758954696,51
2015-11-26,3598.4887724332493,3598.4887724332493,3598.4887724332493,3598.4887724332493,3381.001519304335,51
2015-11-27,3386.0112870487064,3386.0112870487064,3386.0112870487064,3386.0112870487064,3181.365853797634,51
2015-11-30,3362.186859270405,3362.186859270405,3362.186859270405,3362.186859270405,3158.9813386278047,51
2015-12-01,3390.600991083967,3390.600991083967,3390.600991083967,3390.600991083967,3185.678163019008,51
2015-12-02,3467.2763850559013,3467.2763850559013,3467.2763850559013,3467.2763850559013,3257.719411417033,51
2015-12-03,3479.0266783088086,3479.0266783088086,3479.0266783088086,3479.0266783088086,3268.7595346056037,51
2015-12-04,3425.9571863926067,3425.9571863926067,3425.9571863926067,3425.9571863926067,3218.897483021082,51
2015-12-07,3436.659455910706,3436.659455910706,3436.659455910706,3436.659455910706,3228.9529234542697,51
2015-12-08,3379.811712467795,3379.811712467795,3379.811712467795,3379.811712467795,3175.5409721868655,51
2015-12-09,3359.8385947775073,3359.8385947775073,3359.8385947775073,3359.8385947775073,3156.7749997115798,51
2015-12-10,3332.5145038133746,3332.5145038133746,3332.5145038133746,3332.5145038133746,3131.1023357391214,51
2015-12-11,3308.786570007689,3308.786570007689,3308.786570007689,3308.786570007689,3108.8084825912265,51
2015-12-14,3404.23448019447,3404.23448019447,3404.23448019447,3404.23448019447,3198.4876645378517,48
2015-12-15,3378.781579990059,3378.781579990059,3378.781579990059,3378.781579990059,3174.5730993678662,48
2015-12-16,3369.0248087993305,3369.0248087993305,3369.0248087993305,3369.0248087993305,3165.4060127641606,48
2015-12-17,3433.275359653382,3433.275359653382,3433.275359653382,3433.275359653382,3225.7733568886774,48
2015-12-18,3436.2943202040333,3436.2943202040333,3436.2943202040333,3436.2943202040333,3228.6098560009336,48
2015-12-21,3475.7369269637516,3475.7369269637516,3475.7369269637516,3475.7369269637516,3265.668610887574,48
2015-12-22,3476.21338479894,3476.21338479894,3476.21338479894,3476.21338479894,3266.116272327286,48
2015-12-23,3451.911087521088,3451.911087521088,3451.911087521088,3451.911087521088,3243.2827693722543,48
2015-12-24,3407.9932477935363,3407.9932477935363,3407.9932477935363,3407.9932477935363,3202.019257872394,48
2015-12-25,3412.4405445912325,3412.4405445912325,3412.4405445912325,3412.4405445912325,3206.1977667356136,48
2015-12-28,3316.7703741032265,3316.7703741032265,3316.7703741032265,3316.7703741032265,3116.3097575663273,48
2015-12-29,3330.5967047324275,3330.5967047324275,3330.5967047324275,3330.5967047324275,3129.3004455523073,48
2015-12-30,3322.029661036673,3322.029661036673,3322.029661036673,3322.029661036673,3121.2511811018567,48
2015-12-31,3298.535923436936,3298.535923436936,3298.535923436936,3298.535923436936,3099.177369693203,48
2016-01-04,3041.3687311140066,3041.3687311140066,3041.3687311140066,3041.3687311140066,2857.5529759699675,48
2016-01-05,3011.859569675226,3011.859569675226,3011.859569675226,3011.859569675226,2829.827303898341,48
2016-01-06,3087.738123042992,3087.738123042992,3087.738123042992,3087.738123042992,2901.1198715407186,48
2016-01-07,2856.622311108457,2856.622311108457,2856.622311108457,2856.622311108457,2683.9723519286053,48
2016-01-08,2912.535893486841,2912.535893486841,2912.535893486841,2912.535893486841,2736.5066014222434,48
2016-01-11,2809.4609862022608,2809.4609862022608,2809.4609862022608,2809.4609862022608,2639.6613866195667,48
2016-01-12,2842.055405778414,2842.055405778414,2842.055405778414,2842.055405778414,2670.28584846367,48
2016-01-13,2747.5606323579414,2747.5606323579414,2747.5606323579414,2747.5606323579414,2581.5021971296956,48
2016-01-14,2806.2921406825108,2806.2921406825108,2806.2921406825108,2806.2921406825108,2636.6840613604772,48
2016-01-15,2685.904900747838,2685.904900747838,2685.904900747838,2685.904900747838,2523.572845273854,48
2016-01-18,2714.0917393286245,2714.0917393286245,2714.0917393286245,2714.0917393286245,2550.056113693665,48
2016-01-19,2846.5274714213283,2846.5274714213283,2846.5274714213283,2846.5274714213283,2674.4876291803284,48
2016-01-20,2841.0281410416214,2841.0281410416214,2841.0281410416214,2841.0281410416214,2669.320670063662,48
2016-01-21,2712.6550983578722,2712.6550983578722,2712.6550983578722,2712.6550983578722,2548.7063011440137,48
2016-01-22,2749.419204863805,2749.419204863805,2749.419204863805,2749.419204863805,2583.2484403066087,48
2016-01-25,2747.4523092343943,2747.4523092343943,2747.4523092343943,2747.4523092343943,2581.4004208929327,48
2016-01-26,2572.933040355919,2572.933040355919,2572.933040355919,2572.933040355919,2417.4288343352173,48
2016-01-27,2552.262803982814,2552.262803982814,2552.262803982814,2552.262803982814,2398.0078759825833,48
2016-01-28,2436.971008242904,2436.971008242904,2436.971008242904,2436.971008242904,2289.6841431016883,48
2016-01-29,2528.281290091154,2528.281290091154,2528.281290091154,2528.281290091154,2375.4757687479973,48
2016-02-01,2474.895440981385,2474.895440981385,2474.895440981385,2474.895440981385,2325.3164801232256,48
2016-02-02,2530.6957287487226,2530.6957287487226,2530.6957287487226,2530.6957287487226,2377.744282361835,48
2016-02-03,2522.9949894184615,2522.9949894184615,2522.9949894184615,2522.9949894184615,2370.5089641430222,48
2016-02-04,2558.500063996381,2558.500063996381,2558.500063996381,2558.500063996381,2403.868165375096,48
2016-02-05,2539.637008588524,2539.637008588524,2539.637008588524,2539.637008588524,2386.145164686237,48
2016-02-15,2521.3274047698787,2521.3274047698787,2521.3274047698787,2521.3274047698787,2368.9421658043366,48
2016-02-16,2610.509554603783,2610.509554603783,2610.509554603783,2610.509554603783,2452.734280536813,48
2016-02-17,2666.649454769472,2666.649454769472,2666.649454769472,2666.649454769472,2505.4811695108315,48
2016-02-18,2648.8068688452936,2648.8068688452936,2648.8068688452936,2648.8068688452936,2488.7169626637515,48
2016-02-19,2644.564697780582,2644.564697780582,2644.564697780582,2644.564697780582,2484.7311820425048,48
2016-02-22,2693.6203543869315,2693.6203543869315,2693.6203543869315,2693.6203543869315,2530.8219884907876,48
2016-02-23,2657.473807175891,2657.473807175891,2657.473807175891,2657.473807175891,2496.86008426745,48
2016-02-24,2699.804232743019,2699.804232743019,2699.804232743019,2699.804232743019,2536.63212253297,48
2016-02-25,2488.1194158391286,2488.1194158391286,2488.1194158391286,2488.1194158391286,2337.741217815276,48
2016-02-26,2497.668782956155,2497.668782956155,2497.668782956155,2497.668782956155,2346.7134355357803,48
2016-02-29,2406.8835003820514,2406.8835003820514,2406.8835003820514,2406.8835003820514,2261.415078996525,48
2016-03-01,2457.2659983525214,2457.2659983525214,2457.2659983525214,2457.2659983525214,2308.7525345110307,48
2016-03-02,2576.389819272135,2576.389819272135,2576.389819272135,2576.389819272135,2420.6766907290344,48
2016-03-03,2578.5510486503927,2578.5510486503927,2578.5510486503927,2578.5510486503927,2422.707298651847,48
2016-03-04,2585.4222922078015,2585.4222922078015,2585.4222922078015,2585.4222922078015,2429.1632545756447,48
2016-03-07,2606.174388439764,2606.174388439764,2606.174388439764,2606.174388439764,2448.6611253002966,48
2016-03-08,2612.121603855967,2612.121603855967,2612.121603855967,2612.121603855967,2454.2488999549932,48
2016-03-09,2584.0067024171076,2584.0067024171076,2584.0067024171076,2584.0067024171076,2427.833220904368,48
2016-03-10,2520.3362030457088,2520.3362030457088,2520.3362030457088,2520.3362030457088,2368.010870822669,48
2016-03-11,2528.285193499277,2528.285193499277,2528.285193499277,2528.285193499277,2375.47943624,48
2016-03-14,2582.5511208720436,2582.5511208720436,2582.5511208720436,2582.5511208720436,2426.46561252025,48
2016-03-15,2578.4752777066933,2578.4752777066933,2578.4752777066933,2578.4752777066933,2422.6361071901065,48
2016-03-16,2587.5795116117833,2587.5795116117833,2587.5795116117833,2587.5795116117833,2431.190094881,48
2016-03-17,2621.9495220474255,2621.9495220474255,2621.9495220474255,2621.9495220474255,2463.4828335416337,48
2016-03-18,2673.444540167151,2673.444540167151,2673.444540167151,2673.444540167151,2504.3385873703983,47
2016-03-21,2719.3089108128456,2719.3089108128456,2719.3089108128456,2719.3089108128456,2547.3018549705894,47
2016-03-22,2711.631334843487,2711.631334843487,2711.631334843487,2711.631334843487,2540.109916081021,47
2016-03-23,2719.1382026284627,2719.1382026284627,2719.1382026284627,2719.1382026284627,2547.1419447547955,47
2016-03-24,2696.4091902065625,2696.4091902065625,2696.4091902065625,2696.4091902065625,2525.8506323651895,47
2016-03-25,2705.4829863712216,2705.4829863712216,2705.4829863712216,2705.4829863712216,2534.350474994305,47
2016-03-28,2698.0484867011146,2698.0484867011146,2698.0484867011146,2698.0484867011146,2527.386236865588,47
2016-03-29,2670.034465081449,2670.034465081449,2670.034465081449,2670.034465081449,2501.1442130362216,47
2016-03-30,2724.890401761646,2724.890401761646,2724.890401761646,2724.890401761646,2552.530294516698,47
2016-03-31,2721.7595605081656,2721.7595605081656,2721.7595605081656,2721.7595605081656,2549.5974913692157,47
2016-04-01,2715.601836759743,2715.601836759743,2715.601836759743,2715.601836759743,2543.8292680296818,47
2016-04-05,2755.0392859337376,2755.0392859337376,2755.0392859337376,2755.0392859337376,2580.77214238896,47
2016-04-06,2761.8444967518576,2761.8444967518576,2761.8444967518576,2761.8444967518576,2587.1468966772773,47
2016-04-07,2727.5623073841816,2727.5623073841816,2727.5623073841816,2727.5623073841816,2555.033191529071,47
2016-04-08,2709.691217317514,2709.691217317514,2709.691217317514,2709.691217317514,2538.2925186705534,47
2016-04-11,2725.0743347904654,2725.0743347904654,2725.0743347904654,2725.0743347904654,2552.702593053153,47
2016-04-12,2712.616184847197,2712.616184847197,2712.616184847197,2712.616184847197,2541.0324704224354,47
2016-04-13,2725.9410935756077,2725.9410935756077,2725.9410935756077,2725.9410935756077,2553.5145259131623,47
2016-04-14,2740.657513064357,2740.657513064357,2740.657513064357,2740.657513064357,2567.300073598883,47
2016-04-15,2741.370065845605,2741.370065845605,2741.370065845605,2741.370065845605,2567.9675545953305,47
2016-04-18,2716.797428780417,2716.797428780417,2716.797428780417,2716.797428780417,2544.9492341210444,47
2016-04-19,2722.190246285046,2722.190246285046,2722.190246285046,2722.190246285046,2550.000934565388,47
2016-04-20,2699.8063030653125,2699.8063030653125,2699.8063030653125,2699.8063030653125,2529.0328643845933,47
2016-04-21,2671.622699452065,2671.622699452065,2671.622699452065,2671.622699452065,2502.631985294206,47
2016-04-22,2699.674909685717,2699.674909685717,2699.674909685717,2699.674909685717,2528.909782156515,47
2016-04-25,2684.713598834613,2684.713598834613,2684.713598834613,2684.713598834613,2514.8948334567676,47
2016-04-26,2696.138936387291,2696.138936387291,2696.138936387291,2696.138936387291,2525.5974731700694,47
2016-04-27,2694.488587297813,2694.488587297813,2694.488587297813,2694.488587297813,2524.051515195137,47
2016-04-28,2702.425141060364,2702.425141060364,2702.425141060364,2702.425141060364,2531.4860505070433,47
2016-04-29,2703.8813884287915,2703.8813884287915,2703.8813884287915,2703.8813884287915,2532.850184463337,47
2016-05-03,2760.3945037121607,2760.3945037121607,2760.3945037121607,2760.3945037121607,2585.788621438657,47
2016-05-04,2759.08640544307,2759.08640544307,2759.08640544307,2759.08640544307,2584.563265564564,47
2016-05-05,2768.8498657991427,2768.8498657991427,2768.8498657991427,2768.8498657991427,2593.709148394228,47
2016-05-06,2711.5885837400206,2711.5885837400206,2711.5885837400206,2711.5885837400206,2540.0698691541234,47
2016-05-09,2681.1199160163133,2681.1199160163133,2681.1199160163133,2681.1199160163133,2511.528465306084,47
2016-05-10,2688.8136321761417,2688.8136321761417,2688.8136321761417,2688.8136321761417,2518.7355234551674,47
2016-05-11,2707.3157878209263,2707.3157878209263,2707.3157878209263,2707.3157878209263,2536.0673444952517,47
2016-05-12,2706.625725555046,2706.625725555046,2706.625725555046,2706.625725555046,2535.4209314000227,47
2016-05-13,2680.6680482830043,2680.6680482830043,2680.6680482830043,2680.6680482830043,2511.105179996099,47
2016-05-16,2693.360544207281,2693.360544207281,2693.360544207281,2693.360544207281,2522.994825296622,47
2016-05-17,2686.633326849616,2686.633326849616,2686.633326849616,2686.633326849616,2516.6931310735677,47
2016-05-18,2669.925082937419,2669.925082937419,2669.925082937419,2669.925082937419,2501.041749745906,47
2016-05-19,2658.5746490077586,2658.5746490077586,2658.5746490077586,2658.5746490077586,2490.409275704881,47
2016-05-20,2667.6597686108785,2667.6597686108785,2667.6597686108785,2667.6597686108785,2498.9197255201393,47
2016-05-23,2683.5424511998826,2683.5424511998826,2683.5424511998826,2683.5424511998826,2513.7977655471495,47
2016-05-24,2670.2919329388997,2670.2919329388997,2670.2919329388997,2670.2919329388997,2501.3853950322327,47
2016-05-25,2660.5017569570814,2660.5017569570814,2660.5017569570814,2660.5017569570814,2492.2144864459333,47
2016-05-26,2655.916992624554,2655.916992624554,2655.916992624554,2655.916992624554,2487.9197266110314,47
2016-05-27,2651.0993579596334,2651.0993579596334,2651.0993579596334,2651.0993579596334,2483.406826414321,47
2016-05-30,2653.8707189662887,2653.8707189662887,2653.8707189662887,2653.8707189662887,2486.002887863969,47
2016-05-31,2729.67250540437,2729.67250540437,2729.67250540437,2729.67250540437,2557.009911169053,47
2016-06-01,2731.96232662808,2731.96232662808,2731.96232662808,2731.96232662808,2559.154892133707,47
2016-06-02,2739.21958149619,2739.21958149619,2739.21958149619,2739.21958149619,2565.953096895962,47
2016-06-03,2770.4267628064445,2770.4267628064445,2770.4267628064445,2770.4267628064445,2595.1863004220195,47
2016-06-06,2763.327127957427,2763.327127957427,2763.327127957427,2763.327127957427,2588.535745588545,47
2016-06-07,2765.662928569078,2765.662928569078,2765.662928569078,2765.662928569078,2590.7237975627954,47
2016-06-08,2750.1578627000904,2750.1578627000904,2750.1578627000904,2750.1578627000904,2576.1994885030695,47
2016-06-13,2684.8886705811483,2684.8886705811483,2684.8886705811483,2684.8886705811483,2515.0588312221303,46
2016-06-14,2692.6205471764397,2692.6205471764397,2692.6205471764397,2692.6205471764397,2522.301636008035,46
2016-06-15,2727.1552896934463,2727.1552896934463,2727.1552896934463,2727.1552896934463,2554.651919318881,46
2016-06-16,2706.04920945238,2706.04920945238,2706.04920945238,2706.04920945238,2534.8808822235937,46
2016-06-17,2725.0460629254394,2725.0460629254394,2725.0460629254394,2725.0460629254394,2552.6761094955345,46
2016-06-20,2722.4463793613413,2722.4463793613413,2722.4463793613413,2722.4463793613413,2550.2408662104367,46
2016-06-21,2711.4557997419374,2711.4557997419374,2711.4557997419374,2711.4557997419374,2539.945484269684,46
2016-06-22,2732.4345591707115,2732.4345591707115,2732.4345591707115,2732.4345591707115,2559.5972540981898,46
2016-06-23,2723.009328505089,2723.009328505089,2723.009328505089,2723.009328505089,2550.7682065918184,46
2016-06-24,2688.7781383579563,2688.7781383579563,2688.7781383579563,2688.7781383579563,2518.7022747615224,46
2016-06-27,2737.4883369093945,2737.4883369093945,2737.4883369093945,2737.4883369093945,2564.3313603842275,46
2016-06-28,2760.1811716598704,2760.1811716598704,2760.1811716598704,2760.1811716598704,2585.5887834833743,46
2016-06-29,2758.7543570446724,2758.7543570446724,2758.7543570446724,2758.7543570446724,2584.252220542128,46
2016-06-30,2765.826018039152,2765.826018039152,2765.826018039152,2765.826018039152,2590.876570978128,46
2016-07-01,2773.0023584401847,2773.0023584401847,2773.0023584401847,2773.0023584401847,2597.598979433733,46
2016-07-04,2785.7976782809483,2785.7976782809483,2785.7976782809483,2785.7976782809483,2609.584944630889,46
2016-07-05,2768.3459316735384,2768.3459316735384,2768.3459316735384,2768.3459316735384,2593.237090097421,46
2016-07-06,2798.723603009081,2798.723603009081,2798.723603009081,2798.723603009081,2621.693253439152,46
2016-07-07,2793.0598688156015,2793.0598688156015,2793.0598688156015,2793.0598688156015,2616.3877728592356,46
2016-07-08,2774.951637015534,2774.951637015534,2774.951637015534,2774.951637015534,2599.4249584209297,46
2016-07-11,2780.2777582922554,2780.2777582922554,2780.2777582922554,2780.2777582922554,2604.4141814378677,46
2016-07-12,2838.4431129930285,2838.4431129930285,2838.4431129930285,2838.4431129930285,2658.9003471453207,46
2016-07-13,2842.7195674156637,2842.7195674156637,2842.7195674156637,2842.7195674156637,2662.906298892899,46
2016-07-14,2832.609263842384,2832.609263842384,2832.609263842384,2832.609263842384,2653.4355120528585,46
2016-07-15,2838.021268537594,2838.021268537594,2838.021268537594,2838.021268537594,2658.505186022006,46
2016-07-18,2821.028129486627,2821.028129486627,2821.028129486627,2821.028129486627,2642.5869303011573,46
2016-07-19,2794.138949536986,2794.138949536986,2794.138949536986,2794.138949536986,2617.398597452321,46
2016-07-20,2787.254299272262,2787.254299272262,2787.254299272262,2787.254299272262,2610.9494285769424,46
2016-07-21,2797.612979475678,2797.612979475678,2797.612979475678,2797.612979475678,2620.6528812418037,46
2016-07-22,2775.7388851082196,2775.7388851082196,2775.7388851082196,2775.7388851082196,2600.162409954607,46
2016-07-25,2785.577220122022,2785.577220122022,2785.577220122022,2785.577220122022,2609.3784313234296,46
2016-07-26,2822.838921509721,2822.838921509721,2822.838921509721,2822.838921509721,2644.2831825588723,46
2016-07-27,2776.907644989497,2776.907644989497,2776.907644989497,2776.907644989497,2601.257241145633,46
2016-07-28,2792.8481122488242,2792.8481122488242,2792.8481122488242,2792.8481122488242,2616.1894107337675,46
2016-07-29,2782.478656571149,2782.478656571149,2782.478656571149,2782.478656571149,2606.4758641860594,46
2016-08-01,2758.233771548253,2758.233771548253,2758.233771548253,2758.233771548253,2583.7645641396407,46
2016-08-02,2766.378575488291,2766.378575488291,2766.378575488291,2766.378575488291,2591.3941769807316,46
2016-08-03,2775.3731704117,2775.3731704117,2775.3731704117,2775.3731704117,2599.8198281607074,46
2016-08-04,2793.472864483197,2793.472864483197,2793.472864483197,2793.472864483197,2616.77464491558,46
2016-08-05,2806.9390535859984,2806.9390535859984,2806.9390535859984,2806.9390535859984,2629.3890442376114,46
2016-08-08,2836.899615596224,2836.899615596224,2836.899615596224,2836.899615596224,2657.454482070416,46
2016-08-09,2857.1897409694,2857.1897409694,2857.1897409694,2857.1897409694,2676.4611766740195,46
2016-08-10,2837.107542948264,2837.107542948264,2837.107542948264,2837.107542948264,2657.6492571941412,46
2016-08-11,2824.340565954436,2824.340565954436,2824.340565954436,2824.340565954436,2645.6898420466273,46
2016-08-12,2884.9316861212646,2884.9316861212646,2884.9316861212646,2884.9316861212646,2702.4483339494736,46
2016-08-15,2975.3430708590795,2975.3430708590795,2975.3430708590795,2975.3430708590795,2787.140840614431,46
2016-08-16,2988.275666415988,2988.275666415988,2988.275666415988,2988.275666415988,2799.255398295136,46
2016-08-17,2959.4803043677102,2959.4803043677102,2959.4803043677102,2959.4803043677102,2772.281456913021,46
2016-08-18,2949.556491725765,2949.556491725765,2949.556491725765,2949.556491725765,2762.9853647144882,46
2016-08-19,2936.0243392043662,2936.0243392043662,2936.0243392043662,2936.0243392043662,2750.309174421271,46
2016-08-22,2920.8557547078426,2920.8557547078426,2920.8557547078426,2920.8557547078426,2736.100062954886,46
2016-08-23,2925.3484784262323,2925.3484784262323,2925.3484784262323,2925.3484784262323,2740.3086041089337,46
2016-08-24,2911.052384609824,2911.052384609824,2911.052384609824,2911.052384609824,2726.9167948324784,46
2016-08-25,2881.643929798949,2881.643929798949,2881.643929798949,2881.643929798949,2699.368541232571,46
2016-08-26,2879.44691602252,2879.44691602252,2879.44691602252,2879.44691602252,2697.310497276682,46
2016-08-29,2898.9472803521708,2898.9472803521708,2898.9472803521708,2898.9472803521708,2715.57738634986,46
2016-08-30,2899.3226059967974,2899.3226059967974,2899.3226059967974,2899.3226059967974,2715.928971161344,46
2016-08-31,2937.4032113545495,2937.4032113545495,2937.4032113545495,2937.4032113545495,2751.600827448245,46
2016-09-01,2902.159611110097,2902.159611110097,2902.159611110097,2902.159611110097,2718.586524467971,46
2016-09-02,2906.487134350923,2906.487134350923,2906.487134350923,2906.487134350923,2722.6403147287797,46
2016-09-05,2903.986193697718,2903.986193697718,2903.986193697718,2903.986193697718,2720.297568474484,46
2016-09-06,2916.6631137154436,2916.6631137154436,2916.6631137154436,2916.6631137154436,2732.1726231062185,46
2016-09-07,2904.5732689713354,2904.5732689713354,2904.5732689713354,2904.5732689713354,2720.847508912492,46
2016-09-08,2911.022216927269,2911.022216927269,2911.022216927269,2911.022216927269,2726.8885353752953,46
2016-09-09,2887.198191443963,2887.198191443963,2887.198191443963,2887.198191443963,2704.571473836174,46
2016-09-12,2855.5012885861674,2855.5012885861674,2855.5012885861674,2855.5012885861674,2674.879525589533,46
2016-09-13,2856.061925917874,2856.061925917874,2856.061925917874,2856.061925917874,2675.4047003901387,46
2016-09-14,2846.4202816650827,2846.4202816650827,2846.4202816650827,2846.4202816650827,2660.50995291085,49
2016-09-19,2867.713767439951,2867.713767439951,2867.713767439951,2867.713767439951,2680.412681682535,49
2016-09-20,2864.2073523804434,2864.2073523804434,2864.2073523804434,2864.2073523804434,2677.1352836732012,49
2016-09-21,2871.992127301328,2871.992127301328,2871.992127301328,2871.992127301328,2684.4116058985574,49
2016-09-22,2895.8052871921204,2895.8052871921204,2895.8052871921204,2895.8052871921204,2706.6694394686056,49
2016-09-23,2890.0741133826236,2890.0741133826236,2890.0741133826236,2890.0741133826236,2701.3125900039477,49
2016-09-26,2847.3360140162436,2847.3360140162436,2847.3360140162436,2847.3360140162436,2661.3658753655063,49
2016-09-27,2863.214948789533,2863.214948789533,2863.214948789533,2863.214948789533,2676.2076976635285,49
2016-09-28,2856.0010017924274,2856.0010017924274,2856.0010017924274,2856.0010017924274,2669.464920460457,49
2016-09-29,2873.0991055708155,2873.0991055708155,2873.0991055708155,2873.0991055708155,2685.4462832870645,49
2016-09-30,2891.4288040526717,2891.4288040526717,2891.4288040526717,2891.4288040526717,2702.5788007719057,49
2016-10-10,2924.179167956827,2924.179167956827,2924.179167956827,2924.179167956827,2733.190116215979,49
2016-10-11,2934.8447011422536,2934.8447011422536,2934.8447011422536,2934.8447011422536,2743.159043635344,49
2016-10-12,2927.183316690411,2927.183316690411,2927.183316690411,2927.183316690411,2735.99805278712,49
2016-10-13,2920.3292369575584,2920.3292369575584,2920.3292369575584,2920.3292369575584,2729.5916385745877,49
2016-10-14,2918.3638967901884,2918.3638967901884,2918.3638967901884,2918.3638967901884,2727.7546621063466,49
2016-10-17,2900.0483759422787,2900.0483759422787,2900.0483759422787,2900.0483759422787,2710.6353962612816,49
2016-10-18,2929.55792120632,2929.55792120632,2929.55792120632,2929.55792120632,2738.2175630223082,49
2016-10-19,2926.314973388793,2926.314973388793,2926.314973388793,2926.314973388793,2735.18642422637,49
2016-10-20,2929.690697684648,2929.690697684648,2929.690697684648,2929.690697684648,2738.34166737344,49
2016-10-21,2933.8209543974817,2933.8209543974817,2933.8209543974817,2933.8209543974817,2742.202161610132,49
2016-10-24,2964.3889427711424,2964.3889427711424,2964.3889427711424,2964.3889427711424,2770.7736406121767,49
2016-10-25,2974.1286957504303,2974.1286957504303,2974.1286957504303,2974.1286957504303,2779.8772539848055,49
2016-10-26,2978.3926829061816,2978.3926829061816,2978.3926829061816,2978.3926829061816,2783.862744230232,49
2016-10-27,2971.3529736431574,2971.3529736431574,2971.3529736431574,2971.3529736431574,2777.282824644738,49
2016-10-28,2977.408317743028,2977.408317743028,2977.408317743028,2977.408317743028,2782.942671628607,49
2016-10-31,2980.0835113906596,2980.0835113906596,2980.0835113906596,2980.0835113906596,2785.44313839781,49
2016-11-01,2996.258799467695,2996.258799467695,2996.258799467695,2996.258799467695,2800.561958059599,49
2016-11-02,2988.3559919720915,2988.3559919720915,2988.3559919720915,2988.3559919720915,2793.175312407365,49
2016-11-03,3000.606715728653,3000.606715728653,3000.606715728653,3000.606715728653,2804.625895687226,49
2016-11-04,2983.682197216097,2983.682197216097,2983.682197216097,2983.682197216097,2788.8067806250824,49
2016-11-07,2976.6343045171134,2976.6343045171134,2976.6343045171134,2976.6343045171134,2782.2192120943646,49
2016-11-08,3002.523474029648,3002.523474029648,3002.523474029648,3002.523474029648,2806.4174633520465,49
2016-11-09,2992.3779421365957,2992.3779421365957,2992.3779421365957,2992.3779421365957,2796.9345740004956,49
2016-11-10,3011.462586309406,3011.462586309406,3011.462586309406,3011.462586309406,2814.7727288564683,49
2016-11-11,3007.054049271312,3007.054049271312,3007.054049271312,3007.054049271312,2810.652129820839,49
2016-11-14,2989.6484308204044,2989.6484308204044,2989.6484308204044,2989.6484308204044,2794.383337252329,49
2016-11-15,2996.821345263608,2996.821345263608,2996.821345263608,2996.821345263608,2801.0877618906884,49
2016-11-16,2997.0930998685117,2997.0930998685117,2997.0930998685117,2997.0930998685117,2801.341767188414,49
2016-11-17,2995.1611615484835,2995.1611615484835,2995.1611615484835,2995.1611615484835,2799.5360109682406,49
2016-11-18,2982.019418562878,2982.019418562878,2982.019418562878,2982.019418562878,2787.252604249628,49
2016-11-21,2994.3122925473153,2994.3122925473153,2994.3122925473153,2994.3122925473153,2798.742584768718,49
2016-11-22,2998.979319446488,2998.979319446488,2998.979319446488,2998.979319446488,2803.1047907281586,49
2016-11-23,3026.1346029111983,3026.1346029111983,3026.1346029111983,3026.1346029111983,2828.486461311856,49
2016-11-24,3042.7526379545534,3042.7526379545534,3042.7526379545534,3042.7526379545534,2844.01911048368,49
2016-11-25,3062.2457934070617,3062.2457934070617,3062.2457934070617,3062.2457934070617,2862.2390952234946,49
2016-11-28,3060.7994869316844,3060.7994869316844,3060.7994869316844,3060.7994869316844,2860.8872524202775,49
2016-11-29,3101.2849276584643,3101.2849276584643,3101.2849276584643,3101.2849276584643,2898.728437959671,49
2016-11-30,3068.3822301173673,3068.3822301173673,3068.3822301173673,3068.3822301173673,2867.9747383568497,49
2016-12-01,3085.5481664334757,3085.5481664334757,3085.5481664334757,3085.5481664334757,2884.0195033250516,49
2016-12-02,3062.8096566403397,3062.8096566403397,3062.8096566403397,3062.8096566403397,2862.7661304452,49
2016-12-05,3036.431211808418,3036.431211808418,3036.431211808418,3036.431211808418,2838.1105602647544,49
2016-12-06,3042.5207852633876,3042.5207852633876,3042.5207852633876,3042.5207852633876,2843.802400956829,49
2016-12-07,3043.9441817523466,3043.9441817523466,3043.9441817523466,3043.9441817523466,2845.1328301103194,49
2016-12-08,3066.826442919492,3066.826442919492,3066.826442919492,3066.826442919492,2866.5205654255988,49
2016-12-09,3082.663353615059,3082.663353615059,3082.663353615059,3082.663353615059,2881.3231083952082,49
2016-12-12,3035.037228425242,3035.037228425242,3035.037228425242,3035.037228425242,2836.8076231373657,47
2016-12-13,3028.765962869899,3028.765962869899,3028.765962869899,3028.765962869899,2830.9459573338963,47
2016-12-14,3014.7753885847055,3014.7753885847055,3014.7753885847055,3014.7753885847055,2817.869159654911,47
2016-12-15,2951.5749577962188,2951.5749577962188,2951.5749577962188,2951.5749577962188,2758.7965848056824,47
2016-12-16,2955.2716693837933,2955.2716693837933,2955.2716693837933,2955.2716693837933,2762.251850366828,47
2016-12-19,2948.4368284631014,2948.4368284631014,2948.4368284631014,2948.4368284631014,2755.8634184078533,47
2016-12-20,2927.960810931935,2927.960810931935,2927.960810931935,2927.960810931935,2736.724765978853,47
2016-12-21,2938.8783509393093,2938.8783509393093,2938.8783509393093,2938.8783509393093,2746.9292407143726,47
2016-12-22,2926.2734265048985,2926.2734265048985,2926.2734265048985,2926.2734265048985,2735.147590924475,47
2016-12-23,2896.2432023071187,2896.2432023071187,2896.2432023071187,2896.2432023071187,2707.0787527135553,47
2016-12-26,2904.4840186085444,2904.4840186085444,2904.4840186085444,2904.4840186085444,2714.7813305553727,47
2016-12-27,2902.5382178656164,2902.5382178656164,2902.5382178656164,2902.5382178656164,2712.9626173188603,47
2016-12-28,2894.677465412199,2894.677465412199,2894.677465412199,2894.677465412199,2705.6152799370975,47
2016-12-29,2896.347805633679,2896.347805633679,2896.347805633679,2896.347805633679,2707.1765240065765,47
2016-12-30,2925.111418347619,2925.111418347619,2925.111418347619,2925.111418347619,2734.0614778554664,47
2017-01-03,2951.5805753370355,2951.5805753370355,2951.5805753370355,2951.5805753370355,2758.8018354439487,47
2017-01-04,2992.2664969527814,2992.2664969527814,2992.2664969527814,2992.2664969527814,2796.8304077174434,47
2017-01-05,2985.548023733156,2985.548023733156,2985.548023733156,2985.548023733156,2790.5507430508037,47
2017-01-06,2967.7006307481956,2967.7006307481956,2967.7006307481956,2967.7006307481956,2773.8690298913466,47
2017-01-09,2973.6875873525505,2973.6875873525505,2973.6875873525505,2973.6875873525505,2779.4649560221897,47
2017-01-10,2973.61842642219,2973.61842642219,2973.61842642219,2973.61842642219,2779.4003122502345,47
2017-01-11,2949.521969734779,2949.521969734779,2949.521969734779,2949.521969734779,2756.8776850543513,47
2017-01-12,2939.939295262092,2939.939295262092,2939.939295262092,2939.939295262092,2747.920890804988,47
2017-01-13,2946.516340697338,2946.516340697338,2946.516340697338,2946.516340697338,2754.0683648635213,47
2017-01-16,2962.1035613160075,2962.1035613160075,2962.1035613160075,2962.1035613160075,2768.637525946764,47
2017-01-17,2975.517557976773,2975.517557976773,2975.517557976773,2975.517557976773,2781.1754044372174,47
2017-01-18,3006.528840204776,3006.528840204776,3006.528840204776,3006.528840204776,2810.161224118022,47
2017-01-19,2999.4553374374264,2999.4553374374264,2999.4553374374264,2999.4553374374264,2803.549718208056,47
2017-01-20,3015.2315777747663,3015.2315777747663,3015.2315777747663,3015.2315777747663,2818.2955534268995,47
2017-01-23,3015.1827473565145,3015.1827473565145,3015.1827473565145,3015.1827473565145,2818.249912305453,47
2017-01-24,3025.408049972193,3025.408049972193,3025.408049972193,3025.408049972193,2827.807362256106,47
2017-01-25,3032.577651309884,3032.577651309884,3032.577651309884,3032.577651309884,2834.5086901802347,47
2017-01-26,3034.574110107752,3034.574110107752,3034.574110107752,3034.574110107752,2836.374752805111,47
2017-02-03,3018.292174023433,3018.292174023433,3018.292174023433,3018.292174023433,2821.1562507153035,47
2017-02-06,3024.3101015052807,3024.3101015052807,3024.3101015052807,3024.3101015052807,2826.7811249000765,47
2017-02-07,3022.5720284034733,3022.5720284034733,3022.5720284034733,3022.5720284034733,2825.156571837399,47
2017-02-08,3030.297122133813,3030.297122133813,3030.297122133813,3030.297122133813,2832.377110873439,47
2017-02-09,3036.617439222112,3036.617439222112,3036.617439222112,3036.617439222112,2838.2846244712327,47
2017-02-10,3043.052859634427,3043.052859634427,3043.052859634427,3043.052859634427,2844.2997235654934,47
2017-02-13,3073.5732091573836,3073.5732091573836,3073.5732091573836,3073.5732091573836,2872.826675187917,47
2017-02-14,3067.7526863889166,3067.7526863889166,3067.7526863889166,3067.7526863889166,2867.3863124781656,47
2017-02-15,3061.9380225087025,3061.9380225087025,3061.9380225087025,3061.9380225087025,2861.951425990815,47
2017-02-16,3071.780909525671,3071.780909525671,3071.780909525671,3071.780909525671,2871.151437332325,47
2017-02-17,3069.239395155489,3069.239395155489,3069.239395155489,3069.239395155489,2868.7759187481965,47
2017-02-20,3132.3983285076883,3132.3983285076883,3132.3983285076883,3132.3983285076883,2927.8097065135307,47
2017-02-21,3128.4637260443997,3128.4637260443997,3128.4637260443997,3128.4637260443997,2924.1320876173486,47
2017-02-22,3143.6707332914725,3143.6707332914725,3143.6707332914725,3143.6707332914725,2938.345868482892,47
2017-02-23,3135.6019385376812,3135.6019385376812,3135.6019385376812,3135.6019385376812,2930.804076819611,47
2017-02-24,3131.5720473749916,3131.5720473749916,3131.5720473749916,3131.5720473749916,2927.037392884514,47
2017-02-27,3103.6897055265167,3103.6897055265167,3103.6897055265167,3103.6897055265167,2900.9761508127926,47
2017-02-28,3104.1732672356047,3104.1732672356047,3104.1732672356047,3104.1732672356047,2901.4281293024633,47
2017-03-01,3104.450480253185,3104.450480253185,3104.450480253185,3104.450480253185,2901.687236503568,47
2017-03-02,3088.401007584052,3088.401007584052,3088.401007584052,3088.401007584052,2886.686014775966,47
2017-03-03,3087.573629483176,3087.573629483176,3087.573629483176,3087.573629483176,2885.912675825854,47
2017-03-06,3099.964671738831,3099.964671738831,3099.964671738831,3099.964671738831,2897.494412880097,47
2017-03-07,3124.90272711485,3124.90272711485,3124.90272711485,3124.90272711485,2920.8036708141817,47
2017-03-08,3116.283011309988,3116.283011309988,3116.283011309988,3116.283011309988,2912.7469408091933,47
2017-03-09,3095.0291293550777,3095.0291293550777,3095.0291293550777,3095.0291293550777,2892.881229184221,47
2017-03-10,3107.576450329846,3107.576450329846,3107.576450329846,3107.576450329846,2904.6090378113468,47
2017-03-13,3134.1645762895314,3134.1645762895314,3134.1645762895314,3134.1645762895314,2929.46059406277,47
2017-03-14,3129.0999055075526,3129.0999055075526,3129.0999055075526,3129.0999055075526,2924.7267158261416,47
2017-03-15,3135.0684366159976,3135.0684366159976,3135.0684366159976,3135.0684366159976,2930.3054198989594,47
2017-03-16,3137.6030168071793,3137.6030168071793,3137.6030168071793,3137.6030168071793,2932.67445720119,47
2017-03-17,3111.448576072907,3111.448576072907,3111.448576072907,3111.448576072907,2903.093638247282,50
2017-03-20,3134.629349205667,3134.629349205667,3134.629349205667,3134.629349205667,2924.7221348674334,50
2017-03-21,3175.5362302526155,3175.5362302526155,3175.5362302526155,3175.5362302526155,2962.889728907449,50
2017-03-22,3170.18753457255,3170.18753457255,3170.18753457255,3170.18753457255,2957.899203105053,50
2017-03-23,3178.1440439185226,3178.1440439185226,3178.1440439185226,3178.1440439185226,2965.3229130267196,50
2017-03-24,3203.9428015304916,3203.9428015304916,3203.9428015304916,3203.9428015304916,2989.3940835014446,50
2017-03-27,3181.1878746186094,3181.1878746186094,3181.1878746186094,3181.1878746186094,2968.162916750155,50
2017-03-28,3172.3091037108725,3172.3091037108725,3172.3091037108725,3172.3091037108725,2959.8787035589353,50
2017-03-29,3170.203408575223,3170.203408575223,3170.203408575223,3170.203408575223,2957.9140141215453,50
2017-03-30,3155.7022533108698,3155.7022533108698,3155.7022533108698,3155.7022533108698,2944.3839137307123,50
2017-03-31,3181.089712778447,3181.089712778447,3181.089712778447,3181.089712778447,2968.071328216157,50
2017-04-05,3215.6025088764577,3215.6025088764577,3215.6025088764577,3215.6025088764577,3000.273010596754,50
2017-04-06,3232.477896819495,3232.477896819495,3232.477896819495,3232.477896819495,3016.018355629009,50
2017-04-07,3230.046056581751,3230.046056581751,3230.046056581751,3230.046056581751,3013.7493610591746,50
2017-04-10,3213.932085833031,3213.932085833031,3213.932085833031,3213.932085833031,2998.7144457058394,50
2017-04-11,3214.1387426594433,3214.1387426594433,3214.1387426594433,3214.1387426594433,2998.907263971477,50
2017-04-12,3206.6398467454355,3206.6398467454355,3206.6398467454355,3206.6398467454355,2991.910523871304,50
2017-04-13,3208.5009241332195,3208.5009241332195,3208.5009241332195,3208.5009241332195,2993.6469761354715,50
2017-04-14,3190.8601094145597,3190.8601094145597,3190.8601094145597,3190.8601094145597,2977.187460340459,50
2017-04-17,3192.55713805685,3192.55713805685,3192.55713805685,3192.55713805685,2978.7708492138095,50
2017-04-18,3199.084245491062,3199.084245491062,3199.084245491062,3199.084245491062,2984.8608756452713,50
2017-04-19,3191.5458313140275,3191.5458313140275,3191.5458313140275,3191.5458313140275,2977.8272635817084,50
2017-04-20,3232.1656444864325,3232.1656444864325,3232.1656444864325,3232.1656444864325,3015.7270129506787,50
2017-04-21,3232.7386740192255,3232.7386740192255,3232.7386740192255,3232.7386740192255,3016.261670153106,50
2017-04-24,3206.033413107601,3206.033413107601,3206.033413107601,3206.033413107601,2991.3446994352025,50
2017-04-25,3231.8752893790675,3231.8752893790675,3231.8752893790675,3231.8752893790675,3015.45610117296,50
2017-04-26,3220.146404673412,3220.146404673412,3220.146404673412,3220.146404673412,3004.51262910835,50
2017-04-27,3221.0054774035743,3221.0054774035743,3221.0054774035743,3221.0054774035743,3005.3141749210968,50
2017-04-28,3205.7705491786573,3205.7705491786573,3205.7705491786573,3205.7705491786573,2991.0994379175586,50
2017-05-02,3193.1302823577776,3193.1302823577776,3193.1302823577776,3193.1302823577776,2979.305613499043,50
2017-05-03,3195.199136296284,3195.199136296284,3195.199136296284,3195.199136296284,2981.2359287719764,50
2017-05-04,3190.57366687504,3190.57366687504,3190.57366687504,3190.57366687504,2976.9201991295254,50
2017-05-05,3183.0689299994965,3183.0689299994965,3183.0689299994965,3183.0689299994965,2969.9180092017687,50
2017-05-08,3168.8823948744025,3168.8823948744025,3168.8823948744025,3168.8823948744025,2956.681460737769,50
2017-05-09,3164.1495542681732,3164.1495542681732,3164.1495542681732,3164.1495542681732,2952.2655499107536,50
2017-05-10,3180.1688984130224,3180.1688984130224,3180.1688984130224,3180.1688984130224,2967.212175232938,50
2017-05-11,3208.442556230537,3208.442556230537,3208.442556230537,3208.442556230537,2993.592516779063,50
2017-05-12,3251.81027445275,3251.81027445275,3251.81027445275,3251.81027445275,3034.056160576484,50
2017-05-15,3274.758094842398,3274.758094842398,3274.758094842398,3274.758094842398,3055.4673038931805,50
2017-05-16,3295.857707989512,3295.857707989512,3295.857707989512,3295.857707989512,3075.154003254986,50
2017-05-17,3258.429448827821,3258.429448827821,3258.429448827821,3258.429448827821,3040.232088781272,50
2017-05-18,3254.3018319795033,3254.3018319795033,3254.3018319795033,3254.3018319795033,3036.380873528794,50
2017-05-19,3271.9979665341784,3271.9979665341784,3271.9979665341784,3271.9979665341784,3052.8920047241827,50
2017-05-22,3302.1094243544535,3302.1094243544535,3302.1094243544535,3302.1094243544535,3080.987079895479,50
2017-05-23,3352.873103836535,3352.873103836535,3352.873103836535,3352.873103836535,3128.351422051652,50
2017-05-24,3345.166660134347,3345.166660134347,3345.166660134347,3345.166660134347,3121.161032386408,50
2017-05-25,3399.3897690765675,3399.3897690765675,3399.3897690765675,3399.3897690765675,3171.7531468846746,50
2017-05-26,3391.09329930869,3391.09329930869,3391.09329930869,3391.09329930869,3164.012241639364,50
2017-05-31,3398.8149542097235,3398.8149542097235,3398.8149542097235,3398.8149542097235,3171.216823901246,50
2017-06-01,3432.5447297583805,3432.5447297583805,3432.5447297583805,3432.5447297583805,3202.687919894227,50
2017-06-02,3408.7358289654285,3408.7358289654285,3408.7358289654285,3408.7358289654285,3180.4733575333994,50
2017-06-05,3380.0041543474763,3380.0041543474763,3380.0041543474763,3380.0041543474763,3153.6656698084603,50
2017-06-06,3412.616930899552,3412.616930899552,3412.616930899552,3412.616930899552,3184.094565488108,50
2017-06-07,3459.2677570124583,3459.2677570124583,3459.2677570124583,3459.2677570124583,3227.621467249825,50
2017-06-08,3493.5071502072874,3493.5071502072874,3493.5071502072874,3493.5071502072874,3259.5680548700557,50
2017-06-09,3521.7085177309305,3521.7085177309305,3521.7085177309305,3521.7085177309305,3285.880946967117,50
2017-06-12,3542.3304227557433,3542.3304227557433,3542.3304227557433,3542.3304227557433,3305.12192743726,49
2017-06-13,3540.4222040009067,3540.4222040009067,3540.4222040009067,3540.4222040009067,3303.3414905789587,49
2017-06-14,3487.5357587354033,3487.5357587354033,3487.5357587354033,3487.5357587354033,3253.9965314559063,49
2017-06-15,3461.613370381392,3461.613370381392,3461.613370381392,3461.613370381392,3229.810009043992,49
2017-06-16,3450.86067652889,3450.86067652889,3450.86067652889,3450.86067652889,3219.77735822107,49
2017-06-19,3487.7896596006613,3487.7896596006613,3487.7896596006613,3487.7896596006613,3254.233430112161,49
2017-06-20,3474.8839926663727,3474.8839926663727,3474.8839926663727,3474.8839926663727,3242.191977824507,49
2017-06-21,3530.490312745051,3530.490312745051,3530.490312745051,3530.490312745051,3294.0746781552,49
2017-06-22,3550.35099588881,3550.35099588881,3550.35099588881,3550.35099588881,3312.6054111807366,49
2017-06-23,3582.193363658983,3582.193363658983,3582.193363658983,3582.193363658983,3342.315487706248,49
2017-06-26,3621.9559728204927,3621.9559728204927,3621.9559728204927,3621.9559728204927,3379.415434844885,49
2017-06-27,3639.2364854473904,3639.2364854473904,3639.2364854473904,3639.2364854473904,3395.538775805293,49
2017-06-28,3608.679655038379,3608.679655038379,3608.679655038379,3608.679655038379,3367.028151960317,49
2017-06-29,3632.3648976537793,3632.3648976537793,3632.3648976537793,3632.3648976537793,3389.127336785636,49
2017-06-30,3628.288657638465,3628.288657638465,3628.288657638465,3628.288657638465,3385.3240579696435,49
2017-07-03,3590.5045948477086,3590.5045948477086,3590.5045948477086,3590.5045948477086,3350.0701658891176,49
2017-07-04,3555.8193671485697,3555.8193671485697,3555.8193671485697,3555.8193671485697,3317.707598611332,49
2017-07-05,3617.143815914326,3617.143815914326,3617.143815914326,3617.143815914326,3374.9255190519734,49
2017-07-06,3621.68482134844,3621.68482134844,3621.68482134844,3621.68482134844,3379.162440750889,49
2017-07-07,3597.037325601323,3597.037325601323,3597.037325601323,3597.037325601323,3356.165439080209,49
2017-07-10,3607.7840088964494,3607.7840088964494,3607.7840088964494,3607.7840088964494,3366.192481836518,49
2017-07-11,3652.9469076014148,3652.9469076014148,3652.9469076014148,3652.9469076014148,3408.3310937112074,49
2017-07-12,3630.7503953498062,3630.7503953498062,3630.7503953498062,3630.7503953498062,3387.6209479596573,49
2017-07-13,3667.745408103533,3667.745408103533,3667.745408103533,3667.745408103533,3422.1386279233016,49
2017-07-14,3694.974056318147,3694.974056318147,3694.974056318147,3694.974056318147,3447.543937854436,49
2017-07-17,3692.842303458345,3692.842303458345,3692.842303458345,3692.842303458345,3445.5549356214574,49
2017-07-18,3689.8046230347345,3689.8046230347345,3689.8046230347345,3689.8046230347345,3442.720670327591,49
2017-07-19,3735.6338220137836,3735.6338220137836,3735.6338220137836,3735.6338220137836,3485.4809643672147,49
2017-07-20,3758.377922648709,3758.377922648709,3758.377922648709,3758.377922648709,3506.7020298119937,49
2017-07-21,3743.528081830812,3743.528081830812,3743.528081830812,3743.528081830812,3492.8465932353,49
2017-07-24,3762.1597533947142,3762.1597533947142,3762.1597533947142,3762.1597533947142,3510.2306141710874,49
2017-07-25,3747.3161287298744,3747.3161287298744,3747.3161287298744,3747.3161287298744,3496.3809774891865,49
2017-07-26,3719.0715422789494,3719.0715422789494,3719.0715422789494,3719.0715422789494,3470.0277605756364,49
2017-07-27,3714.0147881712064,3714.0147881712064,3714.0147881712064,3714.0147881712064,3465.3096267799306,49
2017-07-28,3728.8227844384487,3728.8227844384487,3728.8227844384487,3728.8227844384487,3479.126020883052,49
2017-07-31,3737.0329803154955,3737.0329803154955,3737.0329803154955,3737.0329803154955,3486.7864294794567,49
2017-08-01,3780.843854322385,3780.843854322385,3780.843854322385,3780.843854322385,3527.6635535924906,49
2017-08-02,3765.264235978927,3765.264235978927,3765.264235978927,3765.264235978927,3513.1272082879186,49
2017-08-03,3710.022960772821,3710.022960772821,3710.022960772821,3710.022960772821,3461.5851079772256,49
2017-08-04,3691.43219722806,3691.43219722806,3691.43219722806,3691.43219722806,3444.239255697361,49
2017-08-07,3718.6938310193777,3718.6938310193777,3718.6938310193777,3718.6938310193777,3469.67534236015,49
2017-08-08,3715.247948410426,3715.247948410426,3715.247948410426,3715.247948410426,3466.460209718356,49
2017-08-09,3730.8865620509723,3730.8865620509723,3730.8865620509723,3730.8865620509723,3481.0515997609255,49
2017-08-10,3727.1986221481557,3727.1986221481557,3727.1986221481557,3727.1986221481557,3477.610618941754,49
2017-08-11,3659.9469305484668,3659.9469305484668,3659.9469305484668,3659.9469305484668,3414.8623673570073,49
2017-08-14,3707.9407383272924,3707.9407383272924,3707.9407383272924,3707.9407383272924,3459.642319405524,49
2017-08-15,3721.3972686877814,3721.3972686877814,3721.3972686877814,3721.3972686877814,3472.1977471194296,49
2017-08-16,3705.0611601280957,3705.0611601280957,3705.0611601280957,3705.0611601280957,3456.955569184033,49
2017-08-17,3710.989845204045,3710.989845204045,3710.989845204045,3710.989845204045,3462.4872459919084,49
2017-08-18,3715.9435279667414,3715.9435279667414,3715.9435279667414,3715.9435279667414,3467.109210508651,49
2017-08-21,3737.0048790598735,3737.0048790598735,3737.0048790598735,3737.0048790598735,3486.760209995371,49
2017-08-22,3769.1691604393404,3769.1691604393404,3769.1691604393404,3769.1691604393404,3516.770643518068,49
2017-08-23,3783.8575711405942,3783.8575711405942,3783.8575711405942,3783.8575711405942,3530.475459979021,49
2017-08-24,3769.313834488391,3769.313834488391,3769.313834488391,3769.313834488391,3516.905629618962,49
2017-08-25,3826.704588688007,3826.704588688007,3826.704588688007,3826.704588688007,3570.45327128412,49
2017-08-28,3848.9300389057103,3848.9300389057103,3848.9300389057103,3848.9300389057103,3591.1904172007767,49
2017-08-29,3840.699176239461,3840.699176239461,3840.699176239461,3840.699176239461,3583.510725745347,49
2017-08-30,3836.424630968361,3836.424630968361,3836.424630968361,3836.424630968361,3579.522420980049,49
2017-08-31,3810.915344300168,3810.915344300168,3810.915344300168,3810.915344300168,3555.7213373265545,49
2017-09-01,3807.096811303721,3807.096811303721,3807.096811303721,3807.096811303721,3552.1585084452836,49
2017-09-04,3827.269234543293,3827.269234543293,3827.269234543293,3827.269234543293,3570.980106213339,49
2017-09-05,3831.052030228376,3831.052030228376,3831.052030228376,3831.052030228376,3574.5095908953626,49
2017-09-06,3812.7021139375424,3812.7021139375424,3812.7021139375424,3812.7021139375424,3557.388457782012,49
2017-09-07,3784.061856103867,3784.061856103867,3784.061856103867,3784.061856103867,3530.6660652108817,49
2017-09-08,3772.867447146355,3772.867447146355,3772.867447146355,3772.867447146355,3520.2212782783886,49
2017-09-11,3759.4524734872657,3759.4524734872657,3759.4524734872657,3759.4524734872657,3507.704624464328,49
2017-09-12,3789.3321578943205,3789.3321578943205,3789.3321578943205,3789.3321578943205,3535.5834466894535,49
2017-09-13,3799.129385002545,3799.129385002545,3799.129385002545,3799.129385002545,3544.724612611035,49
2017-09-14,3775.715143797385,3775.715143797385,3775.715143797385,3775.715143797385,3522.8782818666327,49
2017-09-15,3775.6103940875532,3775.6103940875532,3775.6103940875532,3775.6103940875532,3517.7796763729116,50
2017-09-18,3777.3715577419216,3777.3715577419216,3777.3715577419216,3777.3715577419216,3519.420572827643,50
2017-09-19,3776.7900216749504,3776.7900216749504,3776.7900216749504,3776.7900216749504,3518.8787489782667,50
2017-09-20,3777.3138609863895,3777.3138609863895,3777.3138609863895,3777.3138609863895,3519.3668160961956,50
2017-09-21,3799.1408856539465,3799.1408856539465,3799.1408856539465,3799.1408856539465,3539.7033062942996,50
2017-09-22,3807.6130202647487,3807.6130202647487,3807.6130202647487,3807.6130202647487,3547.596891658946,50
2017-09-25,3821.228720024714,3821.228720024714,3821.228720024714,3821.228720024714,3560.282795895836,50
2017-09-26,3825.652938286636,3825.652938286636,3825.652938286636,3825.652938286636,3564.4048909907106,50
2017-09-27,3820.6288635230007,3820.6288635230007,3820.6288635230007,3820.6288635230007,3559.7239026864695,50
2017-09-28,3832.689271732482,3832.689271732482,3832.689271732482,3832.689271732482,3570.9607238782196,50
2017-09-29,3834.184157006281,3834.184157006281,3834.184157006281,3834.184157006281,3572.3535256998575,50
2017-10-09,3879.086581931168,3879.086581931168,3879.086581931168,3879.086581931168,3614.189632006796,50
2017-10-10,3881.7213694118254,3881.7213694118254,3881.7213694118254,3881.7213694118254,3616.644493839344,50
2017-10-11,3912.7908674272157,3912.7908674272157,3912.7908674272157,3912.7908674272157,3645.592302873031,50
2017-10-12,3934.455967140326,3934.455967140326,3934.455967140326,3934.455967140326,3665.7779257266807,50
2017-10-13,3942.8142995654352,3942.8142995654352,3942.8142995654352,3942.8142995654352,3673.565480284604,50
2017-10-16,3961.623257558772,3961.623257558772,3961.623257558772,3961.623257558772,3691.090003012458,50
2017-10-17,3962.3085789492875,3962.3085789492875,3962.3085789492875,3962.3085789492875,3691.72852484276,50
2017-10-18,4009.3712338243026,4009.3712338243026,4009.3712338243026,4009.3712338243026,3735.5773422670195,50
2017-10-19,4029.5876427259323,4029.5876427259323,4029.5876427259323,4029.5876427259323,3754.413203211455,50
2017-10-20,3999.9121361476455,3999.9121361476455,3999.9121361476455,3999.9121361476455,3726.7641920500696,50
2017-10-23,3998.8021265985885,3998.8021265985885,3998.8021265985885,3998.8021265985885,3725.729983372615,50
2017-10-24,4025.7124474556103,4025.7124474556103,4025.7124474556103,4025.7124474556103,3750.8026391592784,50
2017-10-25,4046.6935877229857,4046.6935877229857,4046.6935877229857,4046.6935877229857,3770.35100912226,50
2017-10-26,4077.822890160247,4077.822890160247,4077.822890160247,4077.822890160247,3799.354538624389,50
2017-10-27,4163.671308323565,4163.671308323565,4163.671308323565,4163.671308323565,3879.340498281825,50
2017-10-30,4164.1531236750825,4164.1531236750825,4164.1531236750825,4164.1531236750825,3879.7894111924334,50
2017-10-31,4156.725658235845,4156.725658235845,4156.725658235845,4156.725658235845,3872.8691561232063,50
2017-11-01,4155.615692959411,4155.615692959411,4155.615692959411,4155.615692959411,3871.834988695064,50
2017-11-02,4159.240663391847,4159.240663391847,4159.240663391847,4159.240663391847,3875.2124153847053,50
2017-11-03,4174.330025523207,4174.330025523207,4174.330025523207,4174.330025523207,3889.2713478207033,50
2017-11-06,4213.386271454058,4213.386271454058,4213.386271454058,4213.386271454058,3925.660501846267,50
2017-11-07,4238.1567172885125,4238.1567172885125,4238.1567172885125,4238.1567172885125,3948.739411435983,50
2017-11-08,4215.384228665985,4215.384228665985,4215.384228665985,4215.384228665985,3927.522021585005,50
2017-11-09,4256.591029512258,4256.591029512258,4256.591029512258,4256.591029512258,3965.9148723866556,50
2017-11-10,4305.924833447854,4305.924833447854,4305.924833447854,4305.924833447854,4011.879745540563,50
2017-11-13,4347.044871733573,4347.044871733573,4347.044871733573,4347.044871733573,4050.1917586655654,50
2017-11-14,4318.389042671901,4318.389042671901,4318.389042671901,4318.389042671901,4023.49279278693,50
2017-11-15,4303.398159895172,4303.398159895172,4303.398159895172,4303.398159895172,4009.525614699529,50
2017-11-16,4365.65708758095,4365.65708758095,4365.65708758095,4365.65708758095,4067.5329744707506,50
2017-11-17,4388.826476769973,4388.826476769973,4388.826476769973,4388.826476769973,4089.120161149427,50
2017-11-20,4419.688809959437,4419.688809959437,4419.688809959437,4419.688809959437,4117.874952329512,50
2017-11-21,4471.9132724110095,4471.9132724110095,4471.9132724110095,4471.9132724110095,4166.53308530566,50
2017-11-22,4474.79081352859,4474.79081352859,4474.79081352859,4474.79081352859,4169.214123496784,50
2017-11-23,4331.408672989239,4331.408672989239,4331.408672989239,4331.408672989239,4035.6233322610087,50
2017-11-24,4315.799730238851,4315.799730238851,4315.799730238851,4315.799730238851,4021.080300579836,50
2017-11-27,4248.931665499336,4248.931665499336,4248.931665499336,4248.931665499336,3958.7785547462595,50
2017-11-28,4266.238940099407,4266.238940099407,4266.238940099407,4266.238940099407,3974.903941766296,50
2017-11-29,4259.579202242071,4259.579202242071,4259.579202242071,4259.579202242071,3968.698987324706,50
2017-11-30,4206.72505230881,4206.72505230881,4206.72505230881,4206.72505230881,3919.4541672716755,50
2017-12-01,4175.185850412904,4175.185850412904,4175.185850412904,4175.185850412904,3890.068729724364,50
2017-12-04,4221.510620081102,4221.510620081102,4221.510620081102,4221.510620081102,3933.230051005456,50
2017-12-05,4261.851364702927,4261.851364702927,4261.851364702927,4261.851364702927,3970.8159872510573,50
2017-12-06,4212.984672807101,4212.984672807101,4212.984672807101,4212.984672807101,3925.286327762911,50
2017-12-07,4147.11296320806,4147.11296320806,4147.11296320806,4147.11296320806,3863.9128974857003,50
2017-12-08,4197.042087285549,4197.042087285549,4197.042087285549,4197.042087285549,3910.432437270297,50
2017-12-11,4281.908644759894,4281.908644759894,4281.908644759894,4281.908644759894,3989.5035860187186,50
2017-12-12,4229.511695397633,4229.511695397633,4229.511695397633,4229.511695397633,3940.6847450018754,50
2017-12-13,4274.745592773813,4274.745592773813,4274.745592773813,4274.745592773813,3982.829688008241,50
2017-12-14,4249.742538224987,4249.742538224987,4249.742538224987,4249.742538224987,3959.534054201099,50
2017-12-15,4191.848659175826,4191.848659175826,4191.848659175826,4191.848659175826,3905.593660503579,50
2017-12-18,4230.374719227101,4230.374719227101,4230.374719227101,4230.374719227101,3941.4888342406066,50
2017-12-19,4291.81494235993,4291.81494235993,4291.81494235993,4291.81494235993,3998.733397553319,50
2017-12-20,4306.80639924564,4306.80639924564,4306.80639924564,4306.80639924564,4012.701110544668,50
2017-12-21,4344.9005604073745,4344.9005604073745,4344.9005604073745,4344.9005604073745,4048.193879113447,50
2017-12-22,4331.180754554983,4331.180754554983,4331.180754554983,4331.180754554983,4035.4109780315707,50
2017-12-25,4336.144928908807,4336.144928908807,4336.144928908807,4336.144928908807,4040.0361564343,50
2017-12-26,4343.866721905375,4343.866721905375,4343.866721905375,4343.866721905375,4047.2306398775663,50
2017-12-27,4257.172008548495,4257.172008548495,4257.172008548495,4257.172008548495,3966.456177244085,50
2017-12-28,4326.728511405204,4326.728511405204,4326.728511405204,4326.728511405204,4031.2627718260023,50
2017-12-29,4320.774398459523,4320.774398459523,4320.774398459523,4320.774398459523,4025.7152562391334,50
2018-01-02,4389.2609600297155,4389.2609600297155,4389.2609600297155,4389.2609600297155,4089.5249742051496,50
2018-01-03,4401.193558160683,4401.193558160683,4401.193558160683,4401.193558160683,4100.64271327515,50
2018-01-04,4434.783454990659,4434.783454990659,4434.783454990659,4434.783454990659,4131.93880690414,50
2018-01-05,4450.327340464093,4450.327340464093,4450.327340464093,4450.327340464093,4146.421223971309,50
2018-01-08,4466.973026082457,4466.973026082457,4466.973026082457,4466.973026082457,4161.930200919584,50
2018-01-09,4527.489887241298,4527.489887241298,4527.489887241298,4527.489887241298,4218.314457249586,50
2018-01-10,4568.354008084324,4568.354008084324,4568.354008084324,4568.354008084324,4256.38802914661,50
2018-01-11,4568.186680300688,4568.186680300688,4568.186680300688,4568.186680300688,4256.232127923992,50
2018-01-12,4623.508104893135,4623.508104893135,4623.508104893135,4623.508104893135,4307.775736185072,50
2018-01-15,4665.673925894478,4665.673925894478,4665.673925894478,4665.673925894478,4347.062117107314,50
2018-01-16,4669.5418275897955,4669.5418275897955,4669.5418275897955,4669.5418275897955,4350.665885651681,50
2018-01-17,4635.643733247544,4635.643733247544,4635.643733247544,4635.643733247544,4319.082640851932,50
2018-01-18,4697.720963933415,4697.720963933415,4697.720963933415,4697.720963933415,4376.92071143629,50
2018-01-19,4715.646213458291,4715.646213458291,4715.646213458291,4715.646213458291,4393.621872809102,50
2018-01-22,4788.6363495059195,4788.6363495059195,4788.6363495059195,4788.6363495059195,4461.627622969691,50
2018-01-23,4845.960656169155,4845.960656169155,4845.960656169155,4845.960656169155,4515.037339517215,50
2018-01-24,4809.507744370758,4809.507744370758,4809.507744370758,4809.507744370758,4481.073741877525,50
2018-01-25,4796.585792063529,4796.585792063529,4796.585792063529,4796.585792063529,4469.034210130126,50
2018-01-26,4825.048915558236,4825.048915558236,4825.048915558236,4825.048915558236,4495.553630013218,50
2018-01-29,4736.482179468073,4736.482179468073,4736.482179468073,4736.482179468073,4413.034982244755,50
2018-01-30,4684.941800031516,4684.941800031516,4684.941800031516,4684.941800031516,4365.014217290196,50
2018-01-31,4757.7930308867835,4757.7930308867835,4757.7930308867835,4757.7930308867835,4432.890547883714,50
2018-02-01,4767.875560663781,4767.875560663781,4767.875560663781,4767.875560663781,4442.284556966719,50
2018-02-02,4809.792937823541,4809.792937823541,4809.792937823541,4809.792937823541,4481.339459901188,50
2018-02-05,4818.33700282435,4818.33700282435,4818.33700282435,4818.33700282435,4489.300063638406,50
2018-02-06,4704.7368291176235,4704.7368291176235,4704.7368291176235,4704.7368291176235,4383.45747380876,50
2018-02-07,4532.784145677961,4532.784145677961,4532.784145677961,4532.784145677961,4223.24717879287,50
2018-02-08,4454.661053489206,4454.661053489206,4454.661053489206,4454.661053489206,4150.458994294976,50
2018-02-09,4287.860271570971,4287.860271570971,4287.860271570971,4287.860271570971,3995.048785245353,50
2018-02-12,4327.17231533265,4327.17231533265,4327.17231533265,4327.17231533265,4031.676269055143,50
2018-02-13,4403.395494863377,4403.395494863377,4403.395494863377,4403.395494863377,4102.6942830540465,50
2018-02-14,4453.809381986866,4453.809381986866,4453.809381986866,4453.809381986866,4149.665482150141,50
2018-02-22,4559.654698199265,4559.654698199265,4559.654698199265,4559.654698199265,4248.282781963255,50
2018-02-23,4584.590981620142,4584.590981620142,4584.590981620142,4584.590981620142,4271.516204341688,50
2018-02-26,4623.6513266809425,4623.6513266809425,4623.6513266809425,4623.6513266809425,4307.9091775738225,50
2018-02-27,4519.587321477132,4519.587321477132,4519.587321477132,4519.587321477132,4210.951545737342,50
2018-02-28,4453.219522684286,4453.219522684286,4453.219522684286,4453.219522684286,4149.115903446315,50
2018-03-01,4484.355626749247,4484.355626749247,4484.355626749247,4484.355626749247,4178.125770103286,50
2018-03-02,4435.457942923445,4435.457942923445,4435.457942923445,4435.457942923445,4132.567235077142,50
2018-03-05,4418.074636859869,4418.074636859869,4418.074636859869,4418.074636859869,4116.371008667135,50
2018-03-06,4452.081557889608,4452.081557889608,4452.081557889608,4452.081557889608,4148.055648544642,50
2018-03-07,4428.274680580351,4428.274680580351,4428.274680580351,4428.274680580351,4125.874506844336,50
2018-03-08,4468.113434399358,4468.113434399358,4468.113434399358,4468.113434399358,4162.992732479053,50
2018-03-09,4491.846741420383,4491.846741420383,4491.846741420383,4491.846741420383,4185.105327894729,50
2018-03-12,4503.216976367825,4503.216976367825,4503.216976367825,4503.216976367825,4195.699106711614,50
2018-03-13,4471.738132836485,4471.738132836485,4471.738132836485,4471.738132836485,4166.369905747532,50
2018-03-14,4467.341902045849,4467.341902045849,4467.341902045849,4467.341902045849,4162.2738869019,50
2018-03-15,4522.670389735337,4522.670389735337,4522.670389735337,4522.670389735337,4213.824075931817,50
2018-03-16,4471.682910446604,4471.682910446604,4471.682910446604,4471.682910446604,4161.750239593248,53
2018-03-19,4508.396766589938,4508.396766589938,4508.396766589938,4508.396766589938,4195.9194556715975,53
2018-03-20,4514.225665140098,4514.225665140098,4514.225665140098,4514.225665140098,4201.344352835262,53
2018-03-21,4500.817390440966,4500.817390440966,4500.817390440966,4500.817390440966,4188.86540664002,53
2018-03-22,4437.408541035163,4437.408541035163,4437.408541035163,4437.408541035163,4129.851429242285,53
2018-03-23,4336.266995226104,4336.266995226104,4336.266995226104,4336.266995226104,4035.7200113995023,53
2018-03-26,4260.301634011273,4260.301634011273,4260.301634011273,4260.301634011273,3965.019814948176,53
2018-03-27,4267.073122323383,4267.073122323383,4267.073122323383,4267.073122323383,3971.3219709081827,53
2018-03-28,4169.810926641375,4169.810926641375,4169.810926641375,4169.810926641375,3880.8010251503056,53
2018-03-29,4247.311350974122,4247.311350974122,4247.311350974122,4247.311350974122,3952.929889382134,53
2018-03-30,4230.406354867721,4230.406354867721,4230.406354867721,4230.406354867721,3937.1965797971056,53
2018-04-02,4186.986617048268,4186.986617048268,4186.986617048268,4186.986617048268,3896.786267193984,53
2018-04-03,4175.8784901633135,4175.8784901633135,4175.8784901633135,4175.8784901633135,3886.448045399032,53
2018-04-04,4182.235211314953,4182.235211314953,4182.235211314953,4182.235211314953,3892.364181740913,53
2018-04-09,4169.708517793939,4169.708517793939,4169.708517793939,4169.708517793939,3880.7057142676044,53
2018-04-10,4288.888740342487,4288.888740342487,4288.888740342487,4288.888740342487,3991.625546840585,53
2018-04-11,4309.563273507533,4309.563273507533,4309.563273507533,4309.563273507533,4010.8671265939483,53
2018-04-12,4245.9034326159135,4245.9034326159135,4245.9034326159135,4245.9034326159135,3951.6195539487076,53
2018-04-13,4204.498484805592,4204.498484805592,4204.498484805592,4204.498484805592,3913.08438611125,53
2018-04-16,4108.744670480869,4108.744670480869,4108.744670480869,4108.744670480869,3823.9672756880327,53
2018-04-17,4030.2444349984075,4030.2444349984075,4030.2444349984075,4030.2444349984075,3750.9078972906877,53
2018-04-18,4043.0144662164207,4043.0144662164207,4043.0144662164207,4043.0144662164207,3762.7928367073496,53
2018-04-19,4117.711475197721,4117.711475197721,4117.711475197721,4117.711475197721,3832.312590511578,53
2018-04-20,4089.6726154780745,4089.6726154780745,4089.6726154780745,4089.6726154780745,3806.217106217835,53
2018-04-23,4120.339112479145,4120.339112479145,4120.339112479145,4120.339112479145,3834.7581060600946,53
2018-04-24,4205.815917889173,4205.815917889173,4205.815917889173,4205.815917889173,3914.3105078110766,53
2018-04-25,4185.237350524088,4185.237350524088,4185.237350524088,4185.237350524088,3895.158242461033,53
2018-04-26,4088.334024357688,4088.334024357688,4088.334024357688,4088.334024357688,3804.971292946288,53
2018-04-27,4070.830739900022,4070.830739900022,4070.830739900022,4070.830739900022,3788.6811624195493,53
2018-05-02,4101.419391945168,4101.419391945168,4101.419391945168,4101.419391945168,3817.1497127454954,53
2018-05-03,4124.85807577153,4124.85807577153,4124.85807577153,4124.85807577153,3838.9638596748828,53
2018-05-04,4099.235723410212,4099.235723410212,4099.235723410212,4099.235723410212,3815.1173944370316,53
2018-05-07,4177.192701094388,4177.192701094388,4177.192701094388,4177.192701094388,3887.671168273979,53
2018-05-08,4239.351133358781,4239.351133358781,4239.351133358781,4239.351133358781,3945.5213950341863,53
2018-05-09,4235.731844140513,4235.731844140513,4235.731844140513,4235.731844140513,3942.1529590173805,53
2018-05-10,4269.914847334884,4269.914847334884,4269.914847334884,4269.914847334884,3973.9667357504854,53
2018-05-11,4262.863834914798,4262.863834914798,4262.863834914798,4262.863834914798,3967.404429518951,53
2018-05-14,4333.15289757915,4333.15289757915,4333.15289757915,4333.15289757915,4032.82175208911,53
2018-05-15,4340.490396192699,4340.490396192699,4340.490396192699,4340.490396192699,4039.6506881350033,53
2018-05-16,4295.607890968241,4295.607890968241,4295.607890968241,4295.607890968241,3997.8789926431195,53
2018-05-17,4254.011017825393,4254.011017825393,4254.011017825393,4254.011017825393,3959.165201832024,53
2018-05-18,4303.832467968155,4303.832467968155,4303.832467968155,4303.832467968155,4005.5335236072847,53
2018-05-21,4310.546867957425,4310.546867957425,4310.546867957425,4310.546867957425,4011.7825480402985,53
2018-05-22,4291.152769006542,4291.152769006542,4291.152769006542,4291.152769006542,3993.7326555116997,53
2018-05-23,4221.101220277311,4221.101220277311,4221.101220277311,4221.101220277311,3928.5363847683793,53
2018-05-24,4174.630684964406,4174.630684964406,4174.630684964406,4174.630684964406,3885.2867256700797,53
2018-05-25,4180.727055331984,4180.727055331984,4180.727055331984,4180.727055331984,3890.9605561598587,53
2018-05-28,4225.268809919618,4225.268809919618,4225.268809919618,4225.268809919618,3932.4151184665757,53
2018-05-29,4194.087714939176,4194.087714939176,4194.087714939176,4194.087714939176,3903.395187468679,53
2018-05-30,4126.668915405634,4126.668915405634,4126.668915405634,4126.668915405634,3840.6491898809863,53
2018-05-31,4233.998654460301,4233.998654460301,4233.998654460301,4233.998654460301,3940.5398968411605,53
2018-06-01,4197.144117084579,4197.144117084579,4197.144117084579,4197.144117084579,3906.23975015697,53
2018-06-04,4286.437266222121,4286.437266222121,4286.437266222121,4286.437266222121,3989.3439845714997,53
2018-06-05,4337.817867571787,4337.817867571787,4337.817867571787,4337.817867571787,4037.163392669034,53
2018-06-06,4321.265175950526,4321.265175950526,4321.265175950526,4321.265175950526,4021.7579693194125,53
2018-06-07,4324.313389144419,4324.313389144419,4324.313389144419,4324.313389144419,4024.594910633023,53
2018-06-08,4275.777284651807,4275.777284651807,4275.777284651807,4275.777284651807,3979.4228471065258,53
2018-06-11,4291.991626994934,4291.991626994934,4291.991626994934,4291.991626994934,3994.513372191323,53
2018-06-12,4359.869511951147,4359.869511951147,4359.869511951147,4359.869511951147,4057.686635957332,53
2018-06-13,4331.065548594109,4331.065548594109,4331.065548594109,4331.065548594109,4030.8790774154813,53
2018-06-14,4307.821978986185,4307.821978986185,4307.821978986185,4307.821978986185,4009.2465213237265,53
2018-06-15,4318.887535863683,4318.887535863683,4318.887535863683,4318.887535863683,4019.545123641564,53
2018-06-19,4220.21685899182,4220.21685899182,4220.21685899182,4220.21685899182,3927.7133186285173,53
2018-06-20,4252.106393275303,4252.106393275303,4252.106393275303,4252.106393275303,3957.3925869493446,53
2018-06-21,4233.0675856994885,4233.0675856994885,4233.0675856994885,4233.0675856994885,3939.6733605245213,53
2018-06-22,4244.853239441226,4244.853239441226,4244.853239441226,4244.853239441226,3950.642149740065,53
2018-06-25,4189.909094295217,4189.909094295217,4189.909094295217,4189.909094295217,3899.506187328363,53
2018-06-26,4126.240400648957,4126.240400648957,4126.240400648957,4126.240400648957,3840.250375513556,53
2018-06-27,4002.54558979243,4002.54558979243,4002.54558979243,4002.54558979243,3725.128861079703,53
2018-06-28,3931.4837104180215,3931.4837104180215,3931.4837104180215,3931.4837104180215,3658.9922857824054,53
2018-06-29,4047.547582463789,4047.547582463789,4047.547582463789,4047.547582463789,3767.011762334769,53
2018-07-02,3903.2889484278207,3903.2889484278207,3903.2889484278207,3903.2889484278207,3632.751704815927,53
2018-07-03,3873.4135818916093,3873.4135818916093,3873.4135818916093,3873.4135818916093,3604.947002127919,53
2018-07-04,3824.2779671080725,3824.2779671080725,3824.2779671080725,3824.2779671080725,3559.2169804127784,53
2018-07-05,3840.1774524455354,3840.1774524455354,3840.1774524455354,3840.1774524455354,3574.0144712540928,53
2018-07-06,3881.4262478147944,3881.4262478147944,3881.4262478147944,3881.4262478147944,3612.4043095876436,53
2018-07-09,4024.4255630059947,4024.4255630059947,4024.4255630059947,4024.4255630059947,3745.4923317433136,53
2018-07-10,4032.4627342002836,4032.4627342002836,4032.4627342002836,4032.4627342002836,3752.9724460120024,53
2018-07-11,3982.9652874058015,3982.9652874058015,3982.9652874058015,3982.9652874058015,3706.905670889162,53
2018-07-12,4075.5777650669816,4075.5777650669816,4075.5777650669816,4075.5777650669816,3793.099170923637,53
2018-07-13,4097.591793373138,4097.591793373138,4097.591793373138,4097.591793373138,3813.5874053115285,53
2018-07-16,4062.2065746265266,4062.2065746265266,4062.2065746265266,4062.2065746265266,3780.654738674381,53
2018-07-17,4027.8984627772297,4027.8984627772297,4027.8984627772297,4027.8984627772297,3748.724524576409,53
2018-07-18,4003.465471449871,4003.465471449871,4003.465471449871,4003.465471449871,3725.984985671925,53
2018-07-19,3999.402264396161,3999.402264396161,3999.402264396161,3999.402264396161,3722.2033997974463,53
2018-07-20,4092.326052411039,4092.326052411039,4092.326052411039,4092.326052411039,3808.6866332421464,53
2018-07-23,4110.890108266047,4110.890108266047,4110.890108266047,4110.890108266047,3825.96401302279,53
2018-07-24,4166.21541889121,4166.21541889121,4166.21541889121,4166.21541889121,3877.4547223062996,53
2018-07-25,4167.290371314024,4167.290371314024,4167.290371314024,4167.290371314024,3878.4551696977605,53
2018-07-26,4112.4661346968505,4112.4661346968505,4112.4661346968505,4112.4661346968505,3827.430804945956,53
2018-07-27,4097.827022786959,4097.827022786959,4097.827022786959,4097.827022786959,3813.806330957406,53
2018-07-30,4090.7937064764096,4090.7937064764096,4090.7937064764096,4090.7937064764096,3807.2604943167576,53
2018-07-31,4099.989326469664,4099.989326469664,4099.989326469664,4099.989326469664,3815.8187652130973,53
2018-08-01,4009.593982410429,4009.593982410429,4009.593982410429,4009.593982410429,3731.688729087825,53
2018-08-02,3908.71825900679,3908.71825900679,3908.71825900679,3908.71825900679,3637.804709480024,53
2018-08-03,3838.5418331564233,3838.5418331564233,3838.5418331564233,3838.5418331564233,3572.492216858003,53
2018-08-06,3802.5414250511567,3802.5414250511567,3802.5414250511567,3802.5414250511567,3538.986999681818,53
2018-08-07,3906.3951683091086,3906.3951683091086,3906.3951683091086,3906.3951683091086,3635.6426323691703,53
2018-08-08,3836.9508780103843,3836.9508780103843,3836.9508780103843,3836.9508780103843,3571.011530929951,53
2018-08-09,3947.739250499924,3947.739250499924,3947.739250499924,3947.739250499924,3674.121153187679,53
2018-08-10,3949.80311304886,3949.80311304886,3949.80311304886,3949.80311304886,3676.04196927181,53
2018-08-13,3909.8798656351983,3909.8798656351983,3909.8798656351983,3909.8798656351983,3638.8858050677272,53
2018-08-14,3888.2148074199285,3888.2148074199285,3888.2148074199285,3888.2148074199285,3618.7223536281003,53
2018-08-15,3785.006208567523,3785.006208567523,3785.006208567523,3785.006208567523,3522.667150340177,53
2018-08-16,3768.7466657499535,3768.7466657499535,3768.7466657499535,3768.7466657499535,3507.5345576291393,53
2018-08-17,3715.40580595795,3715.40580595795,3715.40580595795,3715.40580595795,3457.8907567458364,53
2018-08-20,3769.289129053785,3769.289129053785,3769.289129053785,3769.289129053785,3508.039422761552,53
2018-08-21,3861.4145006550384,3861.4145006550384,3861.4145006550384,3861.4145006550384,3593.7795780928795,53
2018-08-22,3842.5032693552826,3842.5032693552826,3842.5032693552826,3842.5032693552826,3576.179085623054,53
2018-08-23,3856.7522392552596,3856.7522392552596,3856.7522392552596,3856.7522392552596,3589.4404583730425,53
2018-08-24,3860.0260272573837,3860.0260272573837,3860.0260272573837,3860.0260272573837,3592.4873398883637,53
2018-08-27,3969.6115726960693,3969.6115726960693,3969.6115726960693,3969.6115726960693,3694.4775031264494,53
2018-08-28,3954.5294838721197,3954.5294838721197,3954.5294838721197,3954.5294838721197,3680.44075498628,53
2018-08-29,3947.7948213533055,3947.7948213533055,3947.7948213533055,3947.7948213533055,3674.1728724211325,53
2018-08-30,3908.310579867432,3908.310579867432,3908.310579867432,3908.310579867432,3637.4252866117486,53
2018-08-31,3880.0160173550807,3880.0160173550807,3880.0160173550807,3880.0160173550807,3611.091822304638,53
2018-09-03,3866.367895989357,3866.367895989357,3866.367895989357,3866.367895989357,3598.3896532328763,53
2018-09-04,3913.627932541622,3913.627932541622,3913.627932541622,3913.627932541622,3642.374093181668,53
2018-09-05,3827.40960427181,3827.40960427181,3827.40960427181,3827.40960427181,3562.131563574759,53
2018-09-06,3770.9850868288113,3770.9850868288113,3770.9850868288113,3770.9850868288113,3509.6178335786667,53
2018-09-07,3807.791136660108,3807.791136660108,3807.791136660108,3807.791136660108,3543.8728533936965,53
2018-09-10,3770.3106138743788,3770.3106138743788,3770.3106138743788,3770.3106138743788,3508.9901083942286,53
2018-09-11,3762.2525413425737,3762.2525413425737,3762.2525413425737,3762.2525413425737,3501.4905414612613,53
2018-09-12,3703.4907522337658,3703.4907522337658,3703.4907522337658,3703.4907522337658,3446.8015362701294,53
2018-09-13,3741.377871383984,3741.377871383984,3741.377871383984,3741.377871383984,3482.06269641021,53
2018-09-14,3767.993084901382,3767.993084901382,3767.993084901382,3767.993084901382,3506.833207524513,53
2018-09-17,3733.8931144475946,3733.8931144475946,3733.8931144475946,3733.8931144475946,3475.0967085266448,53
2018-09-18,3802.793591846266,3802.793591846266,3802.793591846266,3802.793591846266,3539.221688777843,53
2018-09-19,3863.8099235811464,3863.8099235811464,3863.8099235811464,3863.8099235811464,3596.008974080096,53
2018-09-20,3867.089885803707,3867.089885803707,3867.089885803707,3867.089885803707,3599.0616018801816,53
2018-09-21,4032.389097046898,4032.389097046898,4032.389097046898,4032.389097046898,3747.255599907866,52
2018-09-25,4002.160251169123,4002.160251169123,4002.160251169123,4002.160251169123,3719.164260191369,52
2018-09-26,4079.7637581986446,4079.7637581986446,4079.7637581986446,4079.7637581986446,3791.2803604213373,52
2018-09-27,4075.183840552595,4075.183840552595,4075.183840552595,4075.183840552595,3787.024292459333,52
2018-09-28,4114.078163911963,4114.078163911963,4114.078163911963,4114.078163911963,3823.16836673028,52
2018-10-08,3893.6567892386006,3893.6567892386006,3893.6567892386006,3893.6567892386006,3618.333165883951,52
2018-10-09,3890.600612799032,3890.600612799032,3890.600612799032,3890.600612799032,3615.493094154299,52
2018-10-10,3851.565827538079,3851.565827538079,3851.565827538079,3851.565827538079,3579.218490156527,52
2018-10-11,3699.2764368878943,3699.2764368878943,3699.2764368878943,3699.2764368878943,3437.697605592489,52
2018-10-12,3800.1551232259176,3800.1551232259176,3800.1551232259176,3800.1551232259176,3531.443078361559,52
2018-10-15,3748.7986485963916,3748.7986485963916,3748.7986485963916,3748.7986485963916,3483.71806162447,52
2018-10-16,3725.214393493485,3725.214393493485,3725.214393493485,3725.214393493485,3461.8014682905723,52
2018-10-17,3716.205011023071,3716.205011023071,3716.205011023071,3716.205011023071,3453.429146547441,52
2018-10-18,3613.059147891601,3613.059147891601,3613.059147891601,3613.059147891601,3357.576810891194,52
2018-10-19,3737.1589074169315,3737.1589074169315,3737.1589074169315,3737.1589074169315,3472.901375965799,52
2018-10-22,3906.209428810557,3906.209428810557,3906.209428810557,3906.209428810557,3629.9981981508236,52
2018-10-23,3759.3027774002253,3759.3027774002253,3759.3027774002253,3759.3027774002253,3493.479434977837,52
2018-10-24,3715.2394950228977,3715.2394950228977,3715.2394950228977,3715.2394950228977,3452.5319029651937,52
2018-10-25,3674.9383000001026,3674.9383000001026,3674.9383000001026,3674.9383000001026,3415.080438064957,52
2018-10-26,3626.801971786503,3626.801971786503,3626.801971786503,3626.801971786503,3370.347868584122,52
2018-10-29,3419.274030624053,3419.274030624053,3419.274030624053,3419.274030624053,3177.4943961283366,52
2018-10-30,3439.216090541072,3439.216090541072,3439.216090541072,3439.216090541072,3196.0263368461788,52
2018-10-31,3548.543632830647,3548.543632830647,3548.543632830647,3548.543632830647,3297.6232401233947,52
2018-11-01,3604.732811283246,3604.732811283246,3604.732811283246,3604.732811283246,3349.839236284312,52
2018-11-02,3801.2624451316824,3801.2624451316824,3801.2624451316824,3801.2624451316824,3532.4721006390264,52
2018-11-05,3738.8986957732354,3738.8986957732354,3738.8986957732354,3738.8986957732354,3474.5181424791267,52
2018-11-06,3708.0133546976917,3708.0133546976917,3708.0133546976917,3708.0133546976917,3445.8167288717063,52
2018-11-07,3697.336770148823,3697.336770148823,3697.336770148823,3697.336770148823,3435.8950942586334,52
2018-11-08,3697.5029408425703,3697.5029408425703,3697.5029408425703,3697.5029408425703,3436.0495148881164,52
2018-11-09,3641.063922610993,3641.063922610993,3641.063922610993,3641.063922610993,3383.60134532123,52
2018-11-12,3662.8464877299452,3662.8464877299452,3662.8464877299452,3662.8464877299452,3403.8436476283487,52
2018-11-13,3703.536044456602,3703.536044456602,3703.536044456602,3703.536044456602,3441.656012862001,52
2018-11-14,3647.3489064153528,3647.3489064153528,3647.3489064153528,3647.3489064153528,3389.441912833295,52
2018-11-15,3680.96091886362,3680.96091886362,3680.96091886362,3680.96091886362,3420.6771926735223,52
2018-11-16,3679.166973199336,3679.166973199336,3679.166973199336,3679.166973199336,3419.0100983593,52
2018-11-19,3719.8896468498333,3719.8896468498333,3719.8896468498333,3719.8896468498333,3456.853238792301,52
2018-11-20,3633.6342200465515,3633.6342200465515,3633.6342200465515,3633.6342200465515,3376.6970030392213,52
2018-11-21,3656.9228378003913,3656.9228378003913,3656.9228378003913,3656.9228378003913,3398.338863780314,52
2018-11-22,3643.015241007832,3643.015241007832,3643.015241007832,3643.015241007832,3385.414684414701,52
2018-11-23,3583.0887366576226,3583.0887366576226,3583.0887366576226,3583.0887366576226,3329.7256316956364,52
2018-11-26,3581.825745670184,3581.825745670184,3581.825745670184,3581.825745670184,3328.551947823269,52
2018-11-27,3565.469492414714,3565.469492414714,3565.469492414714,3565.469492414714,3313.352258475344,52
2018-11-28,3620.728075949264,3620.728075949264,3620.728075949264,3620.728075949264,3364.703462838154,52
2018-11-29,3584.9462873334883,3584.9462873334883,3584.9462873334883,3584.9462873334883,3331.4518334595846,52
2018-11-30,3637.850138099203,3637.850138099203,3637.850138099203,3637.850138099203,3380.614810113722,52
2018-12-03,3779.396844736833,3779.396844736833,3779.396844736833,3779.396844736833,3512.1526345475845,52
2018-12-04,3782.199167429479,3782.199167429479,3782.199167429479,3782.199167429479,3514.7568027342454,52
2018-12-05,3774.9053989314734,3774.9053989314734,3774.9053989314734,3774.9053989314734,3507.9787825108006,52
2018-12-06,3660.9896954956334,3660.9896954956334,3660.9896954956334,3660.9896954956334,3402.118150675938,52
2018-12-07,3625.823541462,3625.823541462,3625.823541462,3625.823541462,3369.438623859872,52
2018-12-10,3576.462676952845,3576.462676952845,3576.462676952845,3576.462676952845,3323.568106036162,52
2018-12-11,3609.9699919825666,3609.9699919825666,3609.9699919825666,3609.9699919825666,3354.7060916970586,52
2018-12-12,3624.167365619083,3624.167365619083,3624.167365619083,3624.167365619083,3367.8995575514277,52
2018-12-13,3704.044455879823,3704.044455879823,3704.044455879823,3704.044455879823,3442.128474101944,52
2018-12-14,3645.4166781438194,3645.4166781438194,3645.4166781438194,3645.4166781438194,3387.6463139869184,52
2018-12-17,3619.231610969165,3619.231610969165,3619.231610969165,3619.231610969165,3363.3128141081374,52
2018-12-18,3583.3909059681773,3583.3909059681773,3583.3909059681773,3583.3909059681773,3330.006434369646,52
2018-12-19,3518.1260185718797,3518.1260185718797,3518.1260185718797,3518.1260185718797,3269.356479990928,52
2018-12-20,3482.2083044588367,3482.2083044588367,3482.2083044588367,3482.2083044588367,3235.978536517031,52
2018-12-21,3425.1669371985845,3425.1669371985845,3425.1669371985845,3425.1669371985845,3182.970610508869,52
2018-12-24,3459.441094032426,3459.441094032426,3459.441094032426,3459.441094032426,3214.8212139691827,52
2018-12-25,3448.967133558301,3448.967133558301,3448.967133558301,3448.967133558301,3205.087875718511,52
2018-12-26,3422.782868728319,3422.782868728319,3422.782868728319,3422.782868728319,3180.7551214499613,52
2018-12-27,3419.4324820748393,3419.4324820748393,3419.4324820748393,3419.4324820748393,3177.641643348777,52
2018-12-28,3454.084534221797,3454.084534221797,3454.084534221797,3454.084534221797,3209.8434208387225,52
2019-01-02,3400.788213627179,3400.788213627179,3400.788213627179,3400.788213627179,3160.3157262149753,52
2019-01-03,3357.9663298015626,3357.9663298015626,3357.9663298015626,3357.9663298015626,3120.52181245758,52
2019-01-04,3430.503463523526,3430.503463523526,3430.503463523526,3430.503463523526,3187.929786737631,52
2019-01-07,3448.1708693965006,3448.1708693965006,3448.1708693965006,3448.1708693965006,3204.347916040141,52
2019-01-08,3445.6529631199533,3445.6529631199533,3445.6529631199533,3445.6529631199533,3202.0080529545708,52
2019-01-09,3512.069105853656,3512.069105853656,3512.069105853656,3512.069105853656,3263.7278564738817,52
2019-01-10,3515.620662837668,3515.620662837668,3515.620662837668,3515.620662837668,3267.0282799886854,52
2019-01-11,3546.071739689102,3546.071739689102,3546.071739689102,3546.071739689102,3295.326136546805,52
2019-01-14,3495.754511964829,3495.754511964829,3495.754511964829,3495.754511964829,3248.566880725062,52
2019-01-15,3618.2642411313077,3618.2642411313077,3618.2642411313077,3618.2642411313077,3362.4138477745682,52
2019-01-16,3632.5939033538643,3632.5939033538643,3632.5939033538643,3632.5939033538643,3375.730247981976,52
2019-01-17,3617.0576193553393,3617.0576193553393,3617.0576193553393,3617.0576193553393,3361.2925472010993,52
2019-01-18,3693.489967123378,3693.489967123378,3693.489967123378,3693.489967123378,3432.3203017889787,52
2019-01-21,3722.4547193692165,3722.4547193692165,3722.4547193692165,3722.4547193692165,3459.2369329574963,52
2019-01-22,3660.189888386858,3660.189888386858,3660.189888386858,3660.189888386858,3401.374898575241,52
2019-01-23,3659.9939566355224,3659.9939566355224,3659.9939566355224,3659.9939566355224,3401.1928213166425,52
2019-01-24,3687.6704213166167,3687.6704213166167,3687.6704213166167,3687.6704213166167,3426.9122607769455,52
2019-01-25,3718.5170903151184,3718.5170903151184,3718.5170903151184,3718.5170903151184,3455.577736841195,52
2019-01-28,3710.352470809152,3710.352470809152,3710.352470809152,3710.352470809152,3447.9904441894873,52
2019-01-29,3741.6828685167834,3741.6828685167834,3741.6828685167834,3741.6828685167834,3477.105444114282,52
2019-01-30,3705.8380745134127,3705.8380745134127,3705.8380745134127,3705.8380745134127,3443.795264510076,52
2019-01-31,3761.7236042076584,3761.7236042076584,3761.7236042076584,3761.7236042076584,3495.7290831621362,52
2019-02-01,3823.702146618042,3823.702146618042,3823.702146618042,3823.702146618042,3553.3250726690826,52
2019-02-11,3929.6711163368373,3929.6711163368373,3929.6711163368373,3929.6711163368373,3651.800890760653,52
2019-02-12,3954.4006420989253,3954.4006420989253,3954.4006420989253,3954.4006420989253,3674.781771738363,52
2019-02-13,4025.598892464689,4025.598892464689,4025.598892464689,4025.598892464689,3740.945536188113,52
2019-02-14,4051.4621038613263,4051.4621038613263,4051.4621038613263,4051.4621038613263,3764.9799389714717,52
2019-02-15,3951.528802930326,3951.528802930326,3951.528802930326,3951.528802930326,3672.113002642035,52
2019-02-18,4082.003917301862,4082.003917301862,4082.003917301862,4082.003917301862,3793.36211606103,52
2019-02-19,4060.952187567388,4060.952187567388,4060.952187567388,4060.952187567388,3773.7989711767664,52
2019-02-20,4056.5867545966144,4056.5867545966144,4056.5867545966144,4056.5867545966144,3769.742221505031,52
2019-02-21,4046.165185321897,4046.165185321897,4046.165185321897,4046.165185321897,3760.0575698296475,52
2019-02-22,4098.396089584404,4098.396089584404,4098.396089584404,4098.396089584404,3808.595184572547,52
2019-02-25,4283.105863534998,4283.105863534998,4283.105863534998,4283.105863534998,3980.2439808905856,52
2019-02-26,4207.719108045142,4207.719108045142,4207.719108045142,4207.719108045142,3910.1878839045253,52
2019-02-27,4203.519078418437,4203.519078418437,4203.519078418437,4203.519078418437,3906.284841772511,52
2019-02-28,4251.731910343187,4251.731910343187,4251.731910343187,4251.731910343187,3951.088505325154,52
2019-03-01,4352.68212921267,4352.68212921267,4352.68212921267,4352.68212921267,4044.900452502481,52
2019-03-04,4388.428307418144,4388.428307418144,4388.428307418144,4388.428307418144,4078.1189895116863,52
2019-03-05,4384.878877343964,4384.878877343964,4384.878877343964,4384.878877343964,4074.8205425111987,52
2019-03-06,4375.423503206915,4375.423503206915,4375.423503206915,4375.423503206915,4066.0337655331955,52
2019-03-07,4283.418713854422,4283.418713854422,4283.418713854422,4283.418713854422,3980.5347093106802,52
2019-03-08,4177.745999826504,4177.745999826504,4177.745999826504,4177.745999826504,3882.3341984302756,52
2019-03-11,4254.631459019749,4254.631459019749,4254.631459019749,4254.631459019749,3953.783024567706,52
2019-03-12,4255.873222355974,4255.873222355974,4255.873222355974,4255.873222355974,3954.9369818132595,52
2019-03-13,4244.314202281951,4244.314202281951,4244.314202281951,4244.314202281951,3944.1953094053197,52
2019-03-14,4271.510705980822,4271.510705980822,4271.510705980822,4271.510705980822,3969.4687263129654,52
2019-03-15,4338.67846603692,4338.67846603692,4338.67846603692,4338.67846603692,4025.1691736271173,53
2019-03-18,4488.807080025289,4488.807080025289,4488.807080025289,4488.807080025289,4164.44961900599,53
2019-03-19,4456.265808187114,4456.265808187114,4456.265808187114,4456.265808187114,4134.259752368261,53
2019-03-20,4452.657080727137,4452.657080727137,4452.657080727137,4452.657080727137,4130.911788548949,53
2019-03-21,4455.338122546755,4455.338122546755,4455.338122546755,4455.338122546755,4133.399100519634,53
2019-03-22,4466.628853871592,4466.628853871592,4466.628853871592,4466.628853871592,4143.873973002626,53
2019-03-25,4369.647927325628,4369.647927325628,4369.647927325628,4369.647927325628,4053.900807436574,53
2019-03-26,4358.55645424344,4358.55645424344,4358.55645424344,4358.55645424344,4043.6107949615725,53
2019-03-27,4440.220042338512,4440.220042338512,4440.220042338512,4440.220042338512,4119.373440195875,53
2019-03-28,4472.018367705267,4472.018367705267,4472.018367705267,4472.018367705267,4148.874045055433,53
2019-03-29,4639.300282218143,4639.300282218143,4639.300282218143,4639.300282218143,4304.068307749346,53
2019-04-01,4732.5591605921645,4732.5591605921645,4732.5591605921645,4732.5591605921645,4390.588377244387,53
2019-04-02,4713.512867828261,4713.512867828261,4713.512867828261,4713.512867828261,4372.918353732557,53
2019-04-03,4746.668104194016,4746.668104194016,4746.668104194016,4746.668104194016,4403.677820332455,53
2019-04-04,4786.985978725313,4786.985978725313,4786.985978725313,4786.985978725313,4441.0823588295825,53
2019-04-08,4797.424704337858,4797.424704337858,4797.424704337858,4797.424704337858,4450.766790823445,53
2019-04-09,4790.768247154088,4790.768247154088,4790.768247154088,4790.768247154088,4444.591323691825,53
2019-04-10,4824.996474190424,4824.996474190424,4824.996474190424,4824.996474190424,4476.346247550106,53
2019-04-11,4722.846559180002,4722.846559180002,4722.846559180002,4722.846559180002,4381.577600320952,53
2019-04-12,4721.192151190865,4721.192151190865,4721.192151190865,4721.192151190865,4380.0427384752065,53
2019-04-15,4679.599071026463,4679.599071026463,4679.599071026463,4679.599071026463,4341.455139641944,53
2019-04-16,4788.323657962152,4788.323657962152,4788.323657962152,4788.323657962152,4442.323378478878,53
2019-04-17,4800.039883999187,4800.039883999187,4800.039883999187,4800.039883999187,4453.1929997805455,53
2019-04-18,4783.070009771958,4783.070009771958,4783.070009771958,4783.070009771958,4437.449354531313,53
2019-04-19,4815.758448001683,4815.758448001683,4815.758448001683,4815.758448001683,4467.775753439709,53
2019-04-22,4740.671146217082,4740.671146217082,4740.671146217082,4740.671146217082,4398.114197544261,53
2019-04-23,4762.348904135435,4762.348904135435,4762.348904135435,4762.348904135435,4418.225538730142,53
2019-04-24,4789.525900790171,4789.525900790171,4789.525900790171,4789.525900790171,4443.438748241455,53
2019-04-25,4741.228718791326,4741.228718791326,4741.228718791326,4741.228718791326,4398.6314803886735,53
2019-04-26,4652.565059292235,4652.565059292235,4652.565059292235,4652.565059292235,4316.374583079871,53
2019-04-29,4721.867038286481,4721.867038286481,4721.867038286481,4721.867038286481,4380.668858791387,53
2019-04-30,4734.800900781639,4734.800900781639,4734.800900781639,4734.800900781639,4392.668131154844,53
2019-05-06,4519.624636208799,4519.624636208799,4519.624636208799,4519.624636208799,4193.040324246633,53
2019-05-07,4600.482050591152,4600.482050591152,4600.482050591152,4600.482050591152,4268.0550492092625,53
2019-05-08,4511.050866106949,4511.050866106949,4511.050866106949,4511.050866106949,4185.086087631525,53
2019-05-09,4433.041032292387,4433.041032292387,4433.041032292387,4433.041032292387,4112.713179436517,53
2019-05-10,4608.993766303281,4608.993766303281,4608.993766303281,4608.993766303281,4275.951715433167,53
2019-05-13,4556.141123445551,4556.141123445551,4556.141123445551,4556.141123445551,4226.918160529068,53
2019-05-14,4512.867694744558,4512.867694744558,4512.867694744558,4512.867694744558,4186.771633744959,53
2019-05-15,4646.907630925662,4646.907630925662,4646.907630925662,4646.907630925662,4311.125955775176,53
2019-05-16,4664.023148119362,4664.023148119362,4664.023148119362,4664.023148119362,4327.004719951426,53
2019-05-17,4561.084819040761,4561.084819040761,4561.084819040761,4561.084819040761,4231.504628798015,53
2019-05-20,4498.8979849448915,4498.8979849448915,4498.8979849448915,4498.8979849448915,4173.811363540494,53
2019-05-21,4562.782698957093,4562.782698957093,4562.782698957093,4562.782698957093,4233.079821325702,53
2019-05-22,4561.3279598182,4561.3279598182,4561.3279598182,4561.3279598182,4231.73020042538,53
2019-05-23,4474.954460781924,4474.954460781924,4474.954460781924,4474.954460781924,4151.597978491751,53
2019-05-24,4488.927061605841,4488.927061605841,4488.927061605841,4488.927061605841,4164.560930817462,53
2019-05-27,4550.016560723262,4550.016560723262,4550.016560723262,4550.016560723262,4221.236153608141,53
2019-05-28,4642.472913765211,4642.472913765211,4642.472913765211,4642.472913765211,4307.011687583207,53
2019-05-29,4618.809928273301,4618.809928273301,4618.809928273301,4618.809928273301,4285.058569714802,53
2019-05-30,4621.593710788733,4621.593710788733,4621.593710788733,4621.593710788733,4287.641198424191,53
2019-05-31,4634.781822272285,4634.781822272285,4634.781822272285,4634.781822272285,4299.876347955897,53
2019-06-03,4641.733604683753,4641.733604683753,4641.733604683753,4641.733604683753,4306.325800360228,53
2019-06-04,4577.937215300723,4577.937215300723,4577.937215300723,4577.937215300723,4247.139284940051,53
2019-06-05,4543.854840488051,4543.854840488051,4543.854840488051,4543.854840488051,4215.519674145226,53
2019-06-06,4498.6234632279175,4498.6234632279175,4498.6234632279175,4498.6234632279175,4173.556678534147,53
2019-06-10,4577.305916866852,4577.305916866852,4577.305916866852,4577.305916866852,4246.553603605223,53
2019-06-11,4719.174980508322,4719.174980508322,4719.174980508322,4719.174980508322,4378.171326866149,53
2019-06-12,4694.810294341452,4694.810294341452,4694.810294341452,4694.810294341452,4355.567212629132,53
2019-06-13,4700.4907257157665,4700.4907257157665,4700.4907257157665,4700.4907257157665,4360.837180763387,53
2019-06-14,4676.91837981758,4676.91837981758,4676.91837981758,4676.91837981758,4338.968152947153,53
2019-06-17,4675.722711547768,4675.722711547768,4675.722711547768,4675.722711547768,4337.858882670684,53
2019-06-18,4700.961060508188,4700.961060508188,4700.961060508188,4700.961060508188,4361.273529555435,53
2019-06-19,4772.11543897085,4772.11543897085,4772.11543897085,4772.11543897085,4427.286351892582,53
2019-06-20,4910.380889516861,4910.380889516861,4910.380889516861,4910.380889516861,4555.5608561389945,53
2019-06-21,4904.927190917787,4904.927190917787,4904.927190917787,4904.927190917787,4550.501237258479,53
2019-06-24,4924.045622709782,4924.045622709782,4924.045622709782,4924.045622709782,4568.238187092313,53
2019-06-25,4884.588301571377,4884.588301571377,4884.588301571377,4884.588301571377,4531.632019116633,53
2019-06-26,4878.239765989071,4878.239765989071,4878.239765989071,4878.239765989071,4525.742223428014,53
2019-06-27,4938.995470923017,4938.995470923017,4938.995470923017,4938.995470923017,4582.107771724909,53
2019-06-28,4935.246766296465,4935.246766296465,4935.246766296465,4935.246766296465,4578.629945372495,53
2019-07-01,5073.668737865292,5073.668737865292,5073.668737865292,5073.668737865292,4707.049660562976,53
2019-07-02,5072.558237630703,5072.558237630703,5072.558237630703,5072.558237630703,4706.019404150438,53
2019-07-03,4990.501458586757,4990.501458586757,4990.501458586757,4990.501458586757,4629.89197961775,53
2019-07-04,4920.037872421614,4920.037872421614,4920.037872421614,4920.037872421614,4564.520033502041,53
2019-07-05,4991.873129577975,4991.873129577975,4991.873129577975,4991.873129577975,4631.164534805563,53
2019-07-08,4884.70792214683,4884.70792214683,4884.70792214683,4884.70792214683,4531.742996008931,53
2019-07-09,4877.95671222985,4877.95671222985,4877.95671222985,4877.95671222985,4525.479622897687,53
2019-07-10,4883.6862875127745,4883.6862875127745,4883.6862875127745,4883.6862875127745,4530.795183842646,53
2019-07-11,4879.808372672472,4879.808372672472,4879.808372672472,4879.808372672472,4527.197483898914,53
2019-07-12,4905.6967913600865,4905.6967913600865,4905.6967913600865,4905.6967913600865,4551.215227013795,53
2019-07-15,4936.800350071656,4936.800350071656,4936.800350071656,4936.800350071656,4580.071268478022,53
2019-07-16,4899.353676369878,4899.353676369878,4899.353676369878,4899.353676369878,4545.330460229801,53
2019-07-17,4893.684510555812,4893.684510555812,4893.684510555812,4893.684510555812,4540.070943615794,53
2019-07-18,4865.500914134305,4865.500914134305,4865.500914134305,4865.500914134305,4513.923870398492,53
2019-07-19,4913.71628991876,4913.71628991876,4913.71628991876,4913.71628991876,4558.655243285801,53
2019-07-22,4906.639742229743,4906.639742229743,4906.639742229743,4906.639742229743,4552.090041038963,53
2019-07-23,4918.766952801712,4918.766952801712,4918.766952801712,4918.766952801712,4563.340949475366,53
2019-07-24,4943.839248145928,4943.839248145928,4943.839248145928,4943.839248145928,4586.601541639919,53
2019-07-25,4996.067971018953,4996.067971018953,4996.067971018953,4996.067971018953,4635.056260497767,53
2019-07-26,5024.004478462143,5024.004478462143,5024.004478462143,5024.004478462143,4660.974099180532,53
2019-07-29,5037.630841893791,5037.630841893791,5037.630841893791,5037.630841893791,4673.615832939569,53
2019-07-30,5035.929260195614,5035.929260195614,5035.929260195614,5035.929260195614,4672.0372061177095,53
2019-07-31,5019.731867149189,5019.731867149189,5019.731867149189,5019.731867149189,4657.01022320253,53
2019-08-01,4978.013787584039,4978.013787584039,4978.013787584039,4978.013787584039,4618.306657321108,53
2019-08-02,4947.379548568469,4947.379548568469,4947.379548568469,4947.379548568469,4589.886022902529,53
2019-08-05,4847.427320998677,4847.427320998677,4847.427320998677,4847.427320998677,4497.156260049928,53
2019-08-06,4831.122060592072,4831.122060592072,4831.122060592072,4831.122060592072,4482.029204180177,53
2019-08-07,4841.426655300088,4841.426655300088,4841.426655300088,4841.426655300088,4491.589197456959,53
2019-08-08,4926.709746096685,4926.709746096685,4926.709746096685,4926.709746096685,4570.709803142143,53
2019-08-09,4883.87512947588,4883.87512947588,4883.87512947588,4883.87512947588,4530.97038024278,53
2019-08-12,4959.039825544006,4959.039825544006,4959.039825544006,4959.039825544006,4600.703737975286,53
2019-08-13,4937.752963766843,4937.752963766843,4937.752963766843,4937.752963766843,4580.955047100996,53
2019-08-14,4975.27278297749,4975.27278297749,4975.27278297749,4975.27278297749,4615.763715424535,53
2019-08-15,4993.463246404091,4993.463246404091,4993.463246404091,4993.463246404091,4632.639751114182,53
2019-08-16,5052.451672954028,5052.451672954028,5052.451672954028,5052.451672954028,4687.365723091189,53
2019-08-19,5120.624930082037,5120.624930082037,5120.624930082037,5120.624930082037,4750.612837438445,53
2019-08-20,5123.401682974404,5123.401682974404,5123.401682974404,5123.401682974404,4753.188944479478,53
2019-08-21,5106.643931983326,5106.643931983326,5106.643931983326,5106.643931983326,4737.642094618022,53
2019-08-22,5155.246696869225,5155.246696869225,5155.246696869225,5155.246696869225,4782.73286419295,53
2019-08-23,5237.512512846771,5237.512512846771,5237.512512846771,5237.512512846771,4859.054220824516,53
2019-08-26,5178.265429722356,5178.265429722356,5178.265429722356,5178.265429722356,4804.088282581678,53
2019-08-27,5243.091307713004,5243.091307713004,5243.091307713004,5243.091307713004,4864.229896620115,53
2019-08-28,5224.106522551271,5224.106522551271,5224.106522551271,5224.106522551271,4846.616936222351,53
2019-08-29,5214.913326796186,5214.913326796186,5214.913326796186,5214.913326796186,4838.08803313581,53
2019-08-30,5276.488873889595,5276.488873889595,5276.488873889595,5276.488873889595,4895.214182480546,53
2019-09-02,5324.409896370229,5324.409896370229,5324.409896370229,5324.409896370229,4939.672471788611,53
2019-09-03,5323.799532220811,5323.799532220811,5323.799532220811,5323.799532220811,4939.106212044277,53
2019-09-04,5324.970415945541,5324.970415945541,5324.970415945541,5324.970415945541,4940.192488686249,53
2019-09-05,5376.804521261061,5376.804521261061,5376.804521261061,5376.804521261061,4988.281104722632,53
2019-09-06,5395.034581653433,5395.034581653433,5395.034581653433,5395.034581653433,5005.193876134283,53
2019-09-09,5406.037881117028,5406.037881117028,5406.037881117028,5406.037881117028,5015.402086342933,53
2019-09-10,5379.9833029465135,5379.9833029465135,5379.9833029465135,5379.9833029465135,4991.2301902909985,53
2019-09-11,5290.702687268493,5290.702687268493,5290.702687268493,5290.702687268493,4908.400917542913,53
2019-09-12,5338.922382499302,5338.922382499302,5338.922382499302,5338.922382499302,4953.136297756981,53
2019-09-16,5346.686562955435,5346.686562955435,5346.686562955435,5346.686562955435,4960.3394449998905,53
2019-09-17,5270.7586580636635,5270.7586580636635,5270.7586580636635,5270.7586580636635,4889.8980272776835,53
2019-09-18,5347.749922600286,5347.749922600286,5347.749922600286,5347.749922600286,4961.325967162442,53
2019-09-19,5346.881010446927,5346.881010446927,5346.881010446927,5346.881010446927,4960.519841877595,53
2019-09-20,5370.870511233284,5370.870511233284,5370.870511233284,5370.870511233284,4971.783475314641,53
2019-09-23,5304.516010263898,5304.516010263898,5304.516010263898,5304.516010263898,4910.359501166996,53
2019-09-24,5319.671193247335,5319.671193247335,5319.671193247335,5319.671193247335,4924.3885655737495,53
2019-09-25,5296.989413954087,5296.989413954087,5296.989413954087,5296.989413954087,4903.3921749057845,53
2019-09-26,5237.348493875429,5237.348493875429,5237.348493875429,5237.348493875429,4848.182923392562,53
2019-09-27,5275.217819146127,5275.217819146127,5275.217819146127,5275.217819146127,4883.238336701891,53
2019-09-30,5202.552041752007,5202.552041752007,5202.552041752007,5202.552041752007,4815.972050815208,53
2019-10-08,5259.83576441808,5259.83576441808,5259.83576441808,5259.83576441808,4868.999258445705,53
2019-10-09,5276.232160101876,5276.232160101876,5276.232160101876,5276.232160101876,4884.177306202567,53
2019-10-10,5321.380904894861,5321.380904894861,5321.380904894861,5321.380904894861,4925.971235663997,53
2019-10-11,5387.632444329869,5387.632444329869,5387.632444329869,5387.632444329869,4987.299898920392,53
2019-10-14,5427.698821129877,5427.698821129877,5427.698821129877,5427.698821129877,5024.389110003283,53
2019-10-15,5419.712603363842,5419.712603363842,5419.712603363842,5419.712603363842,5016.99631484347,53
2019-10-16,5372.457673135029,5372.457673135029,5372.457673135029,5372.457673135029,4973.2527018207065,53
2019-10-17,5391.1012063401995,5391.1012063401995,5391.1012063401995,5391.1012063401995,4990.510911661566,53
2019-10-18,5316.583710839791,5316.583710839791,5316.583710839791,5316.583710839791,4921.530501134839,53
2019-10-21,5356.374007695964,5356.374007695964,5356.374007695964,5356.374007695964,4958.364146625569,53
2019-10-22,5370.921260162082,5370.921260162082,5370.921260162082,5370.921260162082,4971.830453301742,53
2019-10-23,5341.3913314583615,5341.3913314583615,5341.3913314583615,5341.3913314583615,4944.494770706284,53
2019-10-24,5327.788050712189,5327.788050712189,5327.788050712189,5327.788050712189,4931.902293140044,53
2019-10-25,5405.749056815941,5405.749056815941,5405.749056815941,5405.749056815941,5004.0703413279225,53
2019-10-28,5444.885056210572,5444.885056210572,5444.885056210572,5444.885056210572,5040.29830747851,53
2019-10-29,5440.108531576954,5440.108531576954,5440.108531576954,5440.108531576954,5035.876706512115,53
2019-10-30,5434.218780299575,5434.218780299575,5434.218780299575,5434.218780299575,5030.424598140978,53
2019-10-31,5418.981353456095,5418.981353456095,5418.981353456095,5418.981353456095,5016.31940107315,53
2019-11-01,5497.291816301014,5497.291816301014,5497.291816301014,5497.291816301014,5088.810939326081,53
2019-11-04,5554.458896173423,5554.458896173423,5554.458896173423,5554.458896173423,5141.730171403485,53
2019-11-05,5602.098626068119,5602.098626068119,5602.098626068119,5602.098626068119,5185.829991230367,53
2019-11-06,5565.8864463567115,5565.8864463567115,5565.8864463567115,5565.8864463567115,5152.308587890305,53
2019-11-07,5569.994978116282,5569.994978116282,5569.994978116282,5569.994978116282,5156.11183175316,53
2019-11-08,5532.10170934508,5532.10170934508,5532.10170934508,5532.10170934508,5121.034254085203,53
2019-11-11,5475.220867432417,5475.220867432417,5475.220867432417,5475.220867432417,5068.3799908159845,53
2019-11-12,5480.182501185943,5480.182501185943,5480.182501185943,5480.182501185943,5072.972946213949,53
2019-11-13,5484.4240325756455,5484.4240325756455,5484.4240325756455,5484.4240325756455,5076.899307057922,53
2019-11-14,5477.61959775823,5477.61959775823,5477.61959775823,5477.61959775823,5070.600481474001,53
2019-11-15,5437.691304518339,5437.691304518339,5437.691304518339,5437.691304518339,5033.639093536532,53
2019-11-18,5490.751618001692,5490.751618001692,5490.751618001692,5490.751618001692,5082.756715944258,53
2019-11-19,5524.83272280216,5524.83272280216,5524.83272280216,5524.83272280216,5114.30539568119,53
2019-11-20,5463.732132512344,5463.732132512344,5463.732132512344,5463.732132512344,5057.744935975539,53
2019-11-21,5430.136405425777,5430.136405425777,5430.136405425777,5430.136405425777,5026.6455675545685,53
2019-11-22,5340.288028995639,5340.288028995639,5340.288028995639,5340.288028995639,4943.473450057988,53
2019-11-25,5348.953469532879,5348.953469532879,5348.953469532879,5348.953469532879,4951.494997771579,53
2019-11-26,5365.614102104668,5365.614102104668,5365.614102104668,5365.614102104668,4966.917648072952,53
2019-11-27,5361.052216716224,5361.052216716224,5361.052216716224,5361.052216716224,4962.694737402679,53
2019-11-28,5341.570810598179,5341.570810598179,5341.570810598179,5341.570810598179,4944.660913498153,53
2019-11-29,5262.196960921523,5262.196960921523,5262.196960921523,5262.196960921523,4871.185004263489,53
2019-12-02,5283.5525071577395,5283.5525071577395,5283.5525071577395,5283.5525071577395,4890.95370873355,53
2019-12-03,5296.299153749442,5296.299153749442,5296.299153749442,5296.299153749442,4902.753205064313,53
2019-12-04,5298.263917013064,5298.263917013064,5298.263917013064,5298.263917013064,4904.571974946505,53
2019-12-05,5352.4299279564475,5352.4299279564475,5352.4299279564475,5352.4299279564475,4954.713135037551,53
2019-12-06,5393.106808372366,5393.106808372366,5393.106808372366,5393.106808372366,4992.367485753367,53
2019-12-09,5360.855540003607,5360.855540003607,5360.855540003607,5360.855540003607,4962.512674918072,53
2019-12-10,5350.685977550239,5350.685977550239,5350.685977550239,5350.685977550239,4953.098770328288,53
2019-12-11,5358.153574698386,5358.153574698386,5358.153574698386,5358.153574698386,4960.011481410004,53
2019-12-12,5334.833509373007,5334.833509373007,5334.833509373007,5334.833509373007,4938.424233088622,53
2019-12-13,5460.749230307686,5460.749230307686,5460.749230307686,5460.749230307686,5054.983680819864,53
2019-12-16,5455.582799001028,5455.582799001028,5455.582799001028,5455.582799001028,5050.201145522641,53
2019-12-17,5522.61924994278,5522.61924994278,5522.61924994278,5522.61924994278,5112.2563967782535,53
2019-12-18,5508.02867089869,5508.02867089869,5508.02867089869,5508.02867089869,5098.7499829418075,53
2019-12-19,5486.408240520007,5486.408240520007,5486.408240520007,5486.408240520007,5078.736076767547,53
2019-12-20,5471.065259978698,5471.065259978698,5471.065259978698,5471.065259978698,5064.533169257897,53
2019-12-23,5399.617972501934,5399.617972501934,5399.617972501934,5399.617972501934,4998.394832373758,53
2019-12-24,5422.370564262017,5422.370564262017,5422.370564262017,5422.370564262017,5019.456773728844,53
2019-12-25,5413.228561288709,5413.228561288709,5413.228561288709,5413.228561288709,5010.994074950517,53
2019-12-26,5450.374751714459,5450.374751714459,5450.374751714459,5450.374751714459,5045.3800865557805,53
2019-12-27,5468.151031449858,5468.151031449858,5468.151031449858,5468.151031449858,5061.835484922987,53
2019-12-30,5568.336515694555,5568.336515694555,5568.336515694555,5568.336515694555,5154.576602772019,53
2019-12-31,5593.239042067216,5593.239042067216,5593.239042067216,5593.239042067216,5177.628726045935,53
2020-01-02,5656.704206779964,5656.704206779964,5656.704206779964,5656.704206779964,5236.378058489719,53
2020-01-03,5638.253518271426,5638.253518271426,5638.253518271426,5638.253518271426,5219.298363858641,53
2020-01-06,5627.118496762486,5627.118496762486,5627.118496762486,5627.118496762486,5208.990739457786,53
2020-01-07,5680.836017105939,5680.836017105939,5680.836017105939,5680.836017105939,5258.716734418915,53
2020-01-08,5599.2135446340635,5599.2135446340635,5599.2135446340635,5599.2135446340635,5183.159288190926,53
2020-01-09,5663.481059823225,5663.481059823225,5663.481059823225,5663.481059823225,5242.651351786338,53
2020-01-10,5668.0498151075135,5668.0498151075135,5668.0498151075135,5668.0498151075135,5246.880621879086,53
2020-01-13,5748.952827285041,5748.952827285041,5748.952827285041,5748.952827285041,5321.772067913045,53
2020-01-14,5698.04667579677,5698.04667579677,5698.04667579677,5698.04667579677,5274.648540687449,53
2020-01-15,5681.203361658639,5681.203361658639,5681.203361658639,5681.203361658639,5259.056783126669,53
2020-01-16,5656.472397897166,5656.472397897166,5656.472397897166,5656.472397897166,5236.163474360292,53
2020-01-17,5653.527299754497,5653.527299754497,5653.527299754497,5653.527299754497,5233.437214204088,53
2020-01-20,5705.746456339057,5705.746456339057,5705.746456339057,5705.746456339057,5281.776182581557,53
2020-01-21,5597.724600996336,5597.724600996336,5597.724600996336,5597.724600996336,5181.780981758433,53
2020-01-22,5622.78593489552,5622.78593489552,5622.78593489552,5622.78593489552,5204.980112232479,53
2020-01-23,5440.209915934993,5440.209915934993,5440.209915934993,5440.209915934993,5035.970557420434,53
2020-02-03,5015.6981146850285,5015.6981146850285,5015.6981146850285,5015.6981146850285,4643.002461444874,53
2020-02-04,5183.494390281283,5183.494390281283,5183.494390281283,5183.494390281283,4798.330494113685,53
2020-02-05,5223.793930399394,5223.793930399394,5223.793930399394,5223.793930399394,4835.6355431188595,53
2020-02-06,5326.255897306864,5326.255897306864,5326.255897306864,5326.255897306864,4930.483987677956,53
2020-02-07,5325.062409321681,5325.062409321681,5325.062409321681,5325.062409321681,4929.379182818053,53
2020-02-10,5367.548007389252,5367.548007389252,5367.548007389252,5367.548007389252,4968.707852904106,53
2020-02-11,5431.722418556231,5431.722418556231,5431.722418556231,5431.722418556231,5028.113730649755,53
2020-02-12,5458.2482812805365,5458.2482812805365,5458.2482812805365,5458.2482812805365,5052.668566906808,53
2020-02-13,5426.537945374531,5426.537945374531,5426.537945374531,5426.537945374531,5023.31449409414,53
2020-02-14,5475.734465930984,5475.734465930984,5475.734465930984,5475.734465930984,5068.855425947547,53
2020-02-17,5589.735058382227,5589.735058382227,5589.735058382227,5589.735058382227,5174.385108806168,53
2020-02-18,5553.283633246632,5553.283633246632,5553.283633246632,5553.283633246632,5140.6422373737305,53
2020-02-19,5578.478843912859,5578.478843912859,5578.478843912859,5578.478843912859,5163.965296789411,53
2020-02-20,5717.401213715492,5717.401213715492,5717.401213715492,5717.401213715492,5292.564923440563,53
2020-02-21,5715.69145823172,5715.69145823172,5715.69145823172,5715.69145823172,5290.982212771358,53
2020-02-24,5678.143052212067,5678.143052212067,5678.143052212067,5678.143052212067,5256.223872539087,53
2020-02-25,5667.314952878353,5667.314952878353,5667.314952878353,5667.314952878353,5246.200364203924,53
2020-02-26,5607.6899520758025,5607.6899520758025,5607.6899520758025,5607.6899520758025,5191.005849071651,53
2020-02-27,5657.434574941353,5657.434574941353,5657.434574941353,5657.434574941353,5237.054156032586,53
2020-02-28,5453.4775403867125,5453.4775403867125,5453.4775403867125,5453.4775403867125,5048.252319914573,53
2020-03-02,5630.493859725701,5630.493859725701,5630.493859725701,5630.493859725701,5212.115293246342,53
2020-03-03,5661.94816904081,5661.94816904081,5661.94816904081,5661.94816904081,5241.232363738586,53
2020-03-04,5699.828133266079,5699.828133266079,5699.828133266079,5699.828133266079,5276.297625466048,53
2020-03-05,5869.415319707525,5869.415319707525,5869.415319707525,5869.415319707525,5433.283493848317,53
2020-03-06,5764.841596957107,5764.841596957107,5764.841596957107,5764.841596957107,5336.48020923454,53
2020-03-09,5579.6367695113195,5579.6367695113195,5579.6367695113195,5579.6367695113195,5165.03718175555,53
2020-03-10,5692.809329063958,5692.809329063958,5692.809329063958,5692.809329063958,5269.800359394265,53
2020-03-11,5635.798202907056,5635.798202907056,5635.798202907056,5635.798202907056,5217.025492760797,53
2020-03-12,5510.660809466892,5510.660809466892,5510.660809466892,5510.660809466892,5101.1865382470905,53
2020-03-13,5421.394677057186,5421.394677057186,5421.394677057186,5421.394677057186,5018.55340064089,53
2020-03-16,5146.913727827228,5146.913727827228,5146.913727827228,5146.913727827228,4764.467988450079,53
2020-03-17,5091.305365817639,5091.305365817639,5091.305365817639,5091.305365817639,4712.991652397973,53
2020-03-18,4978.107590277329,4978.107590277329,4978.107590277329,4978.107590277329,4608.20513246669,53
2020-03-19,4886.993229548817,4886.993229548817,4886.993229548817,4886.993229548817,4523.861100696344,53
2020-03-20,5016.681682502399,5016.681682502399,5016.681682502399,5016.681682502399,4635.914804993659,55
2020-03-23,4824.247059745303,4824.247059745303,4824.247059745303,4824.247059745303,4458.085998405319,55
2020-03-24,4976.983640811359,4976.983640811359,4976.983640811359,4976.983640811359,4599.229850505387,55
2020-03-25,5173.103268812951,5173.103268812951,5173.103268812951,5173.103268812951,4780.46396989821,55
2020-03-26,5144.731849013005,5144.731849013005,5144.731849013005,5144.731849013005,4754.245945033685,55
2020-03-27,5155.352585134436,5155.352585134436,5155.352585134436,5155.352585134436,4764.0605657215,55
2020-03-30,5102.6385709857705,5102.6385709857705,5102.6385709857705,5102.6385709857705,4715.347552999405,55
2020-03-31,5174.562840006843,5174.562840006843,5174.562840006843,5174.562840006843,4781.812759423826,55
2020-04-01,5170.028133248047,5170.028133248047,5170.028133248047,5170.028133248047,4777.622237574945,55
2020-04-02,5323.028947554584,5323.028947554584,5323.028947554584,5323.028947554584,4919.010267573682,55
2020-04-03,5306.968379130029,5306.968379130029,5306.968379130029,5306.968379130029,4904.168698654588,55
2020-04-07,5478.189707688206,5478.189707688206,5478.189707688206,5478.189707688206,5062.394303193562,55
2020-04-08,5445.739414121354,5445.739414121354,5445.739414121354,5445.739414121354,5032.406991680921,55
2020-04-09,5455.123195243383,5455.123195243383,5455.123195243383,5455.123195243383,5041.078542435709,55
2020-04-10,5409.776739981899,5409.776739981899,5409.776739981899,5409.776739981899,4999.173889797706,55
2020-04-13,5360.886007488406,5360.886007488406,5360.886007488406,5360.886007488406,4953.993971090863,55
2020-04-14,5498.295831621833,5498.295831621833,5498.295831621833,5498.295831621833,5080.974369363606,55
2020-04-15,5476.3795895526255,5476.3795895526255,5476.3795895526255,5476.3795895526255,5060.721573290688,55
2020-04-16,5474.05682318008,5474.05682318008,5474.05682318008,5474.05682318008,5058.57510522743,55
2020-04-17,5570.567256917812,5570.567256917812,5570.567256917812,5570.567256917812,5147.760382850613,55
2020-04-20,5600.422561771824,5600.422561771824,5600.422561771824,5600.422561771824,5175.349665675364,55
2020-04-21,5518.6624393226775,5518.6624393226775,5518.6624393226775,5518.6624393226775,5099.795148544625,55
2020-04-22,5600.926482474995,5600.926482474995,5600.926482474995,5600.926482474995,5175.815338723052,55
2020-04-23,5576.29178093714,5576.29178093714,5576.29178093714,5576.29178093714,5153.050414654963,55
2020-04-24,5530.115083189849,5530.115083189849,5530.115083189849,5530.115083189849,5110.37853505793,55
2020-04-27,5583.254475409655,5583.254475409655,5583.254475409655,5583.254475409655,5159.484639593005,55
2020-04-28,5718.835214569353,5718.835214569353,5718.835214569353,5718.835214569353,5284.77478071053,55
2020-04-29,5681.408677813331,5681.408677813331,5681.408677813331,5681.408677813331,5250.188923598636,55
2020-04-30,5757.421102792377,5757.421102792377,5757.421102792377,5757.421102792377,5320.431994342573,55
2020-05-06,5848.742526232385,5848.742526232385,5848.742526232385,5848.742526232385,5404.82210831278,55
2020-05-07,5878.7280720429935,5878.7280720429935,5878.7280720429935,5878.7280720429935,5432.531746786369,55
2020-05-08,5917.670003354081,5917.670003354081,5917.670003354081,5917.670003354081,5468.517979783728,55
2020-05-11,5887.215392673541,5887.215392673541,5887.215392673541,5887.215392673541,5440.374878532822,55
2020-05-12,5936.903572919066,5936.903572919066,5936.903572919066,5936.903572919066,5486.291718590037,55
2020-05-13,5988.876621068109,5988.876621068109,5988.876621068109,5988.876621068109,5534.320004740855,55
2020-05-14,5933.709326604656,5933.709326604656,5933.709326604656,5933.709326604656,5483.33991604067,55
2020-05-15,5920.345822467442,5920.345822467442,5920.345822467442,5920.345822467442,5470.990703832851,55
2020-05-18,5920.412481342431,5920.412481342431,5920.412481342431,5920.412481342431,5471.052303289425,55
2020-05-19,5993.550662505655,5993.550662505655,5993.550662505655,5993.550662505655,5538.639285745878,55
2020-05-20,5953.551529908411,5953.551529908411,5953.551529908411,5953.551529908411,5501.676093195464,55
2020-05-21,5947.7368747842,5947.7368747842,5947.7368747842,5947.7368747842,5496.302771250346,55
2020-05-22,5769.722529154705,5769.722529154705,5769.722529154705,5769.722529154705,5331.799740634821,55
2020-05-25,5795.929133916934,5795.929133916934,5795.929133916934,5795.929133916934,5356.017260241374,55
2020-05-26,5879.84065222956,5879.84065222956,5879.84065222956,5879.84065222956,5433.559881973148,55
2020-05-27,5784.008408082867,5784.008408082867,5784.008408082867,5784.008408082867,5345.001319251302,55
2020-05-28,5790.0428022579645,5790.0428022579645,5790.0428022579645,5790.0428022579645,5350.577702021027,55
2020-05-29,5846.820503339896,5846.820503339896,5846.820503339896,5846.820503339896,5403.045967240505,55
2020-06-01,6074.583994374211,6074.583994374211,6074.583994374211,6074.583994374211,5613.522175807982,55
2020-06-02,6080.427613170277,6080.427613170277,6080.427613170277,6080.427613170277,5618.922263078001,55
2020-06-03,6102.523808744218,6102.523808744218,6102.523808744218,6102.523808744218,5639.341354158177,55
2020-06-04,6120.580090144097,6120.580090144097,6120.580090144097,6120.580090144097,5656.027161144256,55
2020-06-05,6191.735366530119,6191.735366530119,6191.735366530119,6191.735366530119,5721.7817415877225,55
2020-06-08,6171.668962744789,6171.668962744789,6171.668962744789,6171.668962744789,5703.238380800878,55
2020-06-09,6226.505386404066,6226.505386404066,6226.505386404066,6226.505386404066,5753.912711839585,55
2020-06-10,6288.244477100777,6288.244477100777,6288.244477100777,6288.244477100777,5810.965796472406,55
2020-06-11,6226.9711481575205,6226.9711481575205,6226.9711481575205,6226.9711481575205,5754.343122207452,55
2020-06-12,6254.618405304285,6254.618405304285,6254.618405304285,6254.618405304285,5779.891948470677,55
2020-06-15,6143.573985773247,6143.573985773247,6143.573985773247,6143.573985773247,5677.275816713423,55
2020-06-16,6249.8315465155765,6249.8315465155765,6249.8315465155765,6249.8315465155765,5775.468412968038,55
2020-06-17,6272.415855355796,6272.415855355796,6272.415855355796,6272.415855355796,5796.338569445796,55
2020-06-18,6368.970109557279,6368.970109557279,6368.970109557279,6368.970109557279,5885.564341553086,55
2020-06-19,6507.91664408755,6507.91664408755,6507.91664408755,6507.91664408755,6013.964813677547,55
2020-06-22,6535.486800878635,6535.486800878635,6535.486800878635,6535.486800878635,6039.4423915134275,55
2020-06-23,6630.669067340769,6630.669067340769,6630.669067340769,6630.669067340769,6127.400309952564,55
2020-06-24,6660.988214262929,6660.988214262929,6660.988214262929,6660.988214262929,6155.418229164275,55
2020-06-29,6631.322380993332,6631.322380993332,6631.322380993332,6631.322380993332,6128.004037002815,55
2020-06-30,6769.630113157202,6769.630113157202,6769.630113157202,6769.630113157202,6255.814191954433,55
2020-07-01,6895.450095615786,6895.450095615786,6895.450095615786,6895.450095615786,6372.08441923998,55
2020-07-02,6977.195693347237,6977.195693347237,6977.195693347237,6977.195693347237,6447.625514081232,55
2020-07-03,7006.154505477859,7006.154505477859,7006.154505477859,7006.154505477859,6474.386348112148,55
2020-07-06,7264.350376445942,7264.350376445942,7264.350376445942,7264.350376445942,6712.98511450071,55
2020-07-07,7471.865782090277,7471.865782090277,7471.865782090277,7471.865782090277,6904.750070337207,55
2020-07-08,7560.102027938015,7560.102027938015,7560.102027938015,7560.102027938015,6986.2891721481365,55
2020-07-09,7677.745879911672,7677.745879911672,7677.745879911672,7677.745879911672,7095.003838455031,55
2020-07-10,7643.438888760262,7643.438888760262,7643.438888760262,7643.438888760262,7063.300752977565,55
2020-07-13,7893.642095073302,7893.642095073302,7893.642095073302,7893.642095073302,7294.513499133888,55
2020-07-14,7835.217194178355,7835.217194178355,7835.217194178355,7835.217194178355,7240.5230568094585,55
2020-07-15,7797.080929831703,7797.080929831703,7797.080929831703,7797.080929831703,7205.281340535444,55
2020-07-16,7290.247879115466,7290.247879115466,7290.247879115466,7290.247879115466,6736.916992908854,55
2020-07-17,7417.890838989183,7417.890838989183,7417.890838989183,7417.890838989183,6854.871833355618,55
2020-07-20,7517.871868999187,7517.871868999187,7517.871868999187,7517.871868999187,6947.264288483585,55
2020-07-21,7594.684689301735,7594.684689301735,7594.684689301735,7594.684689301735,7018.247004428255,55
2020-07-22,7651.435313525546,7651.435313525546,7651.435313525546,7651.435313525546,7070.690247927127,55
2020-07-23,7658.730164404302,7658.730164404302,7658.730164404302,7658.730164404302,7077.431418551326,55
2020-07-24,7273.234210773662,7273.234210773662,7273.234210773662,7273.234210773662,6721.1946644964055,55
2020-07-27,7323.677786897443,7323.677786897443,7323.677786897443,7323.677786897443,6767.80956577362,55
2020-07-28,7486.41658584758,7486.41658584758,7486.41658584758,7486.41658584758,6918.196465949334,55
2020-07-29,7660.223746598019,7660.223746598019,7660.223746598019,7660.223746598019,7078.811637636876,55
2020-07-30,7623.763428133404,7623.763428133404,7623.763428133404,7623.763428133404,7045.11866270597,55
2020-07-31,7709.274809250665,7709.274809250665,7709.274809250665,7709.274809250665,7124.139717420214,55
2020-08-03,7774.342552085871,7774.342552085871,7774.342552085871,7774.342552085871,7184.26880900467,55
2020-08-04,7754.989089755159,7754.989089755159,7754.989089755159,7754.989089755159,7166.3842773111855,55
2020-08-05,7781.4216851962765,7781.4216851962765,7781.4216851962765,7781.4216851962765,7190.8106348708625,55
2020-08-06,7664.887576457276,7664.887576457276,7664.887576457276,7664.887576457276,7083.121482123903,55
2020-08-07,7540.085932389162,7540.085932389162,7540.085932389162,7540.085932389162,6967.792301195222,55
2020-08-10,7525.224500894153,7525.224500894153,7525.224500894153,7525.224500894153,6954.058854536365,55
2020-08-11,7501.237119942146,7501.237119942146,7501.237119942146,7501.237119942146,6931.892119326457,55
2020-08-12,7463.782623693723,7463.782623693723,7463.782623693723,7463.782623693723,6897.280424851747,55
2020-08-13,7412.071334788847,7412.071334788847,7412.071334788847,7412.071334788847,6849.494030379966,55
2020-08-14,7552.29190450469,7552.29190450469,7552.29190450469,7552.29190450469,6979.071838232042,55
2020-08-17,7702.019515707606,7702.019515707606,7702.019515707606,7702.019515707606,7117.435101724114,55
2020-08-18,7716.868555830062,7716.868555830062,7716.868555830062,7716.868555830062,7131.157097517418,55
2020-08-19,7612.251642448493,7612.251642448493,7612.251642448493,7612.251642448493,7034.480623247591,55
2020-08-20,7537.986028963775,7537.986028963775,7537.986028963775,7537.986028963775,6965.851780748658,55
2020-08-21,7634.913732407384,7634.913732407384,7634.913732407384,7634.913732407384,7055.422657245673,55
2020-08-24,7796.721608942544,7796.721608942544,7796.721608942544,7796.721608942544,7204.949292154619,55
2020-08-25,7902.052307956264,7902.052307956264,7902.052307956264,7902.052307956264,7302.285375622139,55
2020-08-26,7849.970768012618,7849.970768012618,7849.970768012618,7849.970768012618,7254.156832219884,55
2020-08-27,7931.101966991429,7931.101966991429,7931.101966991429,7931.101966991429,7329.130161264183,55
2020-08-28,8073.792468263801,8073.792468263801,8073.792468263801,8073.792468263801,7460.990432504392,55
2020-08-31,8028.129075815874,8028.129075815874,8028.129075815874,8028.129075815874,7418.792898259008,55
2020-09-01,8082.418515573546,8082.418515573546,8082.418515573546,8082.418515573546,7468.961761554688,55
2020-09-02,8116.554178055579,8116.554178055579,8116.554178055579,8116.554178055579,7500.506522233979,55
2020-09-03,8056.9658163629765,8056.9658163629765,8056.9658163629765,8056.9658163629765,7445.440925957547,55
2020-09-04,7926.132890459969,7926.132890459969,7926.132890459969,7926.132890459969,7324.538238372265,55
2020-09-07,7671.117222532965,7671.117222532965,7671.117222532965,7671.117222532965,7088.87829714625,55
2020-09-08,7673.275146915989,7673.275146915989,7673.275146915989,7673.275146915989,7090.872434751236,55
2020-09-09,7468.22465037379,7468.22465037379,7468.22465037379,7468.22465037379,6901.385301053506,55
2020-09-10,7534.346767107872,7534.346767107872,7534.346767107872,7534.346767107872,6962.488739402847,55
2020-09-11,7706.598062560986,7706.598062560986,7706.598062560986,7706.598062560986,7121.666136197954,55
2020-09-14,7749.3228892358,7749.3228892358,7749.3228892358,7749.3228892358,7161.1481422445795,55
2020-09-15,7765.665213481359,7765.665213481359,7765.665213481359,7765.665213481359,7176.250081676424,55
2020-09-16,7652.098614471071,7652.098614471071,7652.098614471071,7652.098614471071,7071.303204233334,55
2020-09-17,7572.995808218054,7572.995808218054,7572.995808218054,7572.995808218054,6998.204312608625,55
2020-09-18,7728.347139033477,7728.347139033477,7728.347139033477,7728.347139033477,7132.402498086098,54
2020-09-21,7627.211562344882,7627.211562344882,7627.211562344882,7627.211562344882,7039.065640043599,54
2020-09-22,7593.409238849067,7593.409238849067,7593.409238849067,7593.409238849067,7007.869865293137,54
2020-09-23,7731.93186571959,7731.93186571959,7731.93186571959,7731.93186571959,7135.710801027337,54
2020-09-24,7589.328905634307,7589.328905634307,7589.328905634307,7589.328905634307,7004.104172798944,54
2020-09-25,7623.047819264173,7623.047819264173,7623.047819264173,7623.047819264173,7035.2229695455,54
2020-09-28,7652.537361510169,7652.537361510169,7652.537361510169,7652.537361510169,7062.4385281893965,54
2020-09-29,7697.73918895325,7697.73918895325,7697.73918895325,7697.73918895325,7104.1547737427,54
2020-09-30,7735.265094503769,7735.265094503769,7735.265094503769,7735.265094503769,7138.786999453635,54
2020-10-09,7963.202298560713,7963.202298560713,7963.202298560713,7963.202298560713,7349.147617885408,54
2020-10-12,8240.056301981253,8240.056301981253,8240.056301981253,8240.056301981253,7604.652986637354,54
2020-10-13,8282.216142706931,8282.216142706931,8282.216142706931,8282.216142706931,7643.561817710947,54
2020-10-14,8184.846769628492,8184.846769628492,8184.846769628492,8184.846769628492,7553.7007455711955,54
2020-10-15,8129.492487819278,8129.492487819278,8129.492487819278,8129.492487819278,7502.61491690005,54
2020-10-16,8070.869341628717,8070.869341628717,8070.869341628717,8070.869341628717,7448.51229096812,54
2020-10-19,7942.034041908981,7942.034041908981,7942.034041908981,7942.034041908981,7329.611677805752,54
2020-10-20,8063.918857130259,8063.918857130259,8063.918857130259,8063.918857130259,7442.097768935418,54
2020-10-21,7986.440482687949,7986.440482687949,7986.440482687949,7986.440482687949,7370.593870174331,54
2020-10-22,7909.277940594581,7909.277940594581,7909.277940594581,7909.277940594581,7299.381449447816,54
2020-10-23,7683.419180265335,7683.419180265335,7683.419180265335,7683.419180265335,7090.9390027763,54
2020-10-26,7656.748852403528,7656.748852403528,7656.748852403528,7656.748852403528,7066.325264593453,54
2020-10-27,7770.292142387555,7770.292142387555,7770.292142387555,7770.292142387555,7171.113058225646,54
2020-10-28,7920.161712650657,7920.161712650657,7920.161712650657,7920.161712650657,7309.425957232576,54
2020-10-29,8006.365110278972,8006.365110278972,8006.365110278972,8006.365110278972,7388.982079327862,54
2020-10-30,7848.711838158091,7848.711838158091,7848.711838158091,7848.711838158091,7243.485691590931,54
2020-11-02,7908.195374486662,7908.195374486662,7908.195374486662,7908.195374486662,7298.382361664418,54
2020-11-03,7966.2908882397805,7966.2908882397805,7966.2908882397805,7966.2908882397805,7351.998041701295,54
2020-11-04,8041.968761024346,8041.968761024346,8041.968761024346,8041.968761024346,7421.8402782349385,54
2020-11-05,8143.771868832264,8143.771868832264,8143.771868832264,8143.771868832264,7515.79319305353,54
2020-11-06,8045.743925486542,8045.743925486542,8045.743925486542,8045.743925486542,7425.324334004748,54
2020-11-09,8238.591685900012,8238.591685900012,8238.591685900012,8238.591685900012,7603.301309337065,54
2020-11-10,8154.5468606792465,8154.5468606792465,8154.5468606792465,8154.5468606792465,7525.737308837112,54
2020-11-11,7982.32279166719,7982.32279166719,7982.32279166719,7982.32279166719,7366.793700591565,54
2020-11-12,8022.8441451964045,8022.8441451964045,8022.8441451964045,8022.8441451964045,7404.19039071666,54
2020-11-13,7948.372334747137,7948.372334747137,7948.372334747137,7948.372334747137,7335.461215211251,54
2020-11-16,7961.538040409424,7961.538040409424,7961.538040409424,7961.538040409424,7347.6116932197365,54
2020-11-17,7849.059505777285,7849.059505777285,7849.059505777285,7849.059505777285,7243.806550029486,54
2020-11-18,7729.093253589407,7729.093253589407,7729.093253589407,7729.093253589407,7133.091078610088,54
2020-11-19,7817.675382423789,7817.675382423789,7817.675382423789,7817.675382423789,7214.8425043183215,54
2020-11-20,7848.815790610664,7848.815790610664,7848.815790610664,7848.815790610664,7243.581628111261,54
2020-11-23,7905.488399410257,7905.488399410257,7905.488399410257,7905.488399410257,7295.8841255668585,54
2020-11-24,7856.382069972451,7856.382069972451,7856.382069972451,7856.382069972451,7250.564460125711,54
2020-11-25,7691.177452844901,7691.177452844901,7691.177452844901,7691.177452844901,7098.099023118536,54
2020-11-26,7663.876515418111,7663.876515418111,7663.876515418111,7663.876515418111,7072.903302636539,54
2020-11-27,7753.910253844389,7753.910253844389,7753.910253844389,7753.910253844389,7155.994402105956,54
2020-11-30,7741.107479710775,7741.107479710775,7741.107479710775,7741.107479710775,7144.178869422154,54
2020-12-01,7928.728122283935,7928.728122283935,7928.728122283935,7928.728122283935,7317.331797947138,54
2020-12-02,7912.56645652464,7912.56645652464,7912.56645652464,7912.56645652464,7302.416382896405,54
2020-12-03,7998.0306731197115,7998.0306731197115,7998.0306731197115,7998.0306731197115,7381.290323335873,54
2020-12-04,8132.441855815581,8132.441855815581,8132.441855815581,8132.441855815581,7505.336854629578,54
2020-12-07,8144.848553161446,8144.848553161446,8144.848553161446,8144.848553161446,7516.786852611127,54
2020-12-08,8163.532562365913,8163.532562365913,8163.532562365913,8163.532562365913,7534.03010935501,54
2020-12-09,8095.362583570697,8095.362583570697,8095.362583570697,8095.362583570697,7471.116821648541,54
2020-12-10,8143.184804756842,8143.184804756842,8143.184804756842,8143.184804756842,7515.251398384796,54
2020-12-11,8083.111472641913,8083.111472641913,8083.111472641913,8083.111472641913,7459.8104125780355,54
2020-12-14,8185.07217602946,8185.07217602946,8185.07217602946,8185.07217602946,7553.908770540629,54
2020-12-15,8257.088029547915,8257.088029547915,8257.088029547915,8257.088029547915,7620.371371701822,54
2020-12-16,8312.586137835802,8312.586137835802,8312.586137835802,8312.586137835802,7671.589936172399,54
2020-12-17,8437.183772397706,8437.183772397706,8437.183772397706,8437.183772397706,7786.579657003712,54
2020-12-18,8400.063027229815,8400.063027229815,8400.063027229815,8400.063027229815,7752.321349140047,54
2020-12-21,8564.562017412642,8564.562017412642,8564.562017412642,8564.562017412642,7904.1355711729575,54
2020-12-22,8543.483929435994,8543.483929435994,8543.483929435994,8543.483929435994,7884.682846724256,54
2020-12-23,8618.419457968908,8618.419457968908,8618.419457968908,8618.419457968908,7953.839982304272,54
2020-12-24,8620.645029225683,8620.645029225683,8620.645029225683,8620.645029225683,7955.89393636533,54
2020-12-25,8744.627353717276,8744.627353717276,8744.627353717276,8744.627353717276,8070.315794624786,54
2020-12-28,8756.946099604393,8756.946099604393,8756.946099604393,8756.946099604393,8081.684623218779,54
2020-12-29,8696.198621766855,8696.198621766855,8696.198621766855,8696.198621766855,8025.6214760947905,54
2020-12-30,8879.820875410014,8879.820875410014,8879.820875410014,8879.820875410014,8195.084337561499,54
2020-12-31,9053.281788173706,9053.281788173706,9053.281788173706,9053.281788173706,8355.169414649636,54
2021-01-04,9178.762657547066,9178.762657547066,9178.762657547066,9178.762657547066,8470.974262708323,54
2021-01-05,9471.6733988495,9471.6733988495,9471.6733988495,9471.6733988495,8741.298209782342,54
2021-01-06,9597.635760488696,9597.635760488696,9597.635760488696,9597.635760488696,8857.547421503516,54
2021-01-07,9843.860943260515,9843.860943260515,9843.860943260515,9843.860943260515,9084.785804704954,54
2021-01-08,9716.57755735273,9716.57755735273,9716.57755735273,9716.57755735273,8967.317434912356,54
2021-01-11,9587.010240273532,9587.010240273532,9587.010240273532,9587.010240273532,8847.741251366135,54
2021-01-12,9861.940548715702,9861.940548715702,9861.940548715702,9861.940548715702,9101.471264194952,54
2021-01-13,9784.789471984484,9784.789471984484,9784.789471984484,9784.789471984484,9030.269424719016,54
2021-01-14,9522.818877978385,9522.818877978385,9522.818877978385,9522.818877978385,8788.499782970252,54
2021-01-15,9405.579699290185,9405.579699290185,9405.579699290185,9405.579699290185,8680.3010962516,54
2021-01-18,9500.71409449791,9500.71409449791,9500.71409449791,9500.71409449791,8768.09953307471,54
2021-01-19,9288.805504127937,9288.805504127937,9288.805504127937,9288.805504127937,8572.531537469673,54
2021-01-20,9475.672678097424,9475.672678097424,9475.672678097424,9475.672678097424,8744.989098504766,54
2021-01-21,9704.484385379717,9704.484385379717,9704.484385379717,9704.484385379717,8956.156785883735,54
2021-01-22,9822.231024003575,9822.231024003575,9822.231024003575,9822.231024003575,9064.82380152805,54
2021-01-25,9960.043646090155,9960.043646090155,9960.043646090155,9960.043646090155,9192.009482030626,54
2021-01-26,9697.765077241465,9697.765077241465,9697.765077241465,9697.765077241465,8949.955613849337,54
2021-01-27,9678.384055290093,9678.384055290093,9678.384055290093,9678.384055290093,8932.069092075068,54
2021-01-28,9381.582982233424,9381.582982233424,9381.582982233424,9381.582982233424,8658.154802664827,54
2021-01-29,9405.711878733124,9405.711878733124,9405.711878733124,9405.711878733124,8680.423083135993,54
2021-02-01,9526.74626671606,9526.74626671606,9526.74626671606,9526.74626671606,8792.124324769373,54
2021-02-02,9800.496995281219,9800.496995281219,9800.496995281219,9800.496995281219,9044.765716925473,54
2021-02-03,9814.131756658242,9814.131756658242,9814.131756658242,9814.131756658242,9057.349081046776,54
2021-02-04,9780.247569892153,9780.247569892153,9780.247569892153,9780.247569892153,9026.07775562773,54
2021-02-05,9873.679451451688,9873.679451451688,9873.679451451688,9873.679451451688,9112.304962228007,54
2021-02-08,10036.029824136987,10036.029824136987,10036.029824136987,10036.029824136987,9262.136249937303,54
2021-02-09,10272.893052255838,10272.893052255838,10272.893052255838,10272.893052255838,9480.73459309492,54
2021-02-10,10687.791788450208,10687.791788450208,10687.791788450208,10687.791788450208,9863.639854627409,54
2021-02-18,10348.729050411317,10348.729050411317,10348.729050411317,10348.729050411317,9550.722761710833,54
2021-02-19,10269.141409431473,10269.141409431473,10269.141409431473,10269.141409431473,9477.272245173554,54
2021-02-22,9673.358769111577,9673.358769111577,9673.358769111577,9673.358769111577,8927.431313382103,54
2021-02-23,9633.45682649965,9633.45682649965,9633.45682649965,9633.45682649965,8890.606270453274,54
2021-02-24,9244.846323552929,9244.846323552929,9244.846323552929,9244.846323552929,8531.962116388226,54
2021-02-25,9205.528919237559,9205.528919237559,9205.528919237559,9205.528919237559,8495.67653711593,54
2021-02-26,9003.634763737506,9003.634763737506,9003.634763737506,9003.634763737506,8309.350748026487,54
2021-03-01,9205.419519883955,9205.419519883955,9205.419519883955,9205.419519883955,8495.575573713422,54
2021-03-02,9070.468764073124,9070.468764073124,9070.468764073124,9070.468764073124,8371.031076611012,54
2021-03-03,9206.740504761949,9206.740504761949,9206.740504761949,9206.740504761949,8496.79469543172,54
2021-03-04,8756.14588691361,8756.14588691361,8756.14588691361,8756.14588691361,8080.946116149659,54
2021-03-05,8790.515851110174,8790.515851110174,8790.515851110174,8790.515851110174,8112.665759960246,54
2021-03-08,8270.49261650973,8270.49261650973,8270.49261650973,8270.49261650973,7632.7423105083,54
2021-03-09,8046.149159182325,8046.149159182325,8046.149159182325,8046.149159182325,7425.69831951188,54
2021-03-10,8224.054578298132,8224.054578298132,8224.054578298132,8224.054578298132,7589.885180285233,54
2021-03-11,8422.455427996176,8422.455427996176,8422.455427996176,8422.455427996176,7772.987037713665,54
2021-03-12,8410.644440393267,8410.644440393267,8410.644440393267,8410.644440393267,7762.08681338777,54
2021-03-15,8037.890117330668,8037.890117330668,8037.890117330668,8037.890117330668,7418.076144980272,54
2021-03-16,8126.172259206721,8126.172259206721,8126.172259206721,8126.172259206721,7499.550716182297,54
2021-03-17,8247.40070652165,8247.40070652165,8247.40070652165,8247.40070652165,7611.431052936456,54
2021-03-18,8379.617850482373,8379.617850482373,8379.617850482373,8379.617850482373,7733.452731169869,54
2021-03-19,8095.042707719339,8095.042707719339,8095.042707719339,8095.042707719339,7459.726803227985,55
2021-03-22,8092.890276523963,8092.890276523963,8092.890276523963,8092.890276523963,7457.743299340484,55
2021-03-23,7969.521765046194,7969.521765046194,7969.521765046194,7969.521765046194,7344.057007004129,55
2021-03-24,7812.103032560484,7812.103032560484,7812.103032560484,7812.103032560484,7198.992826313147,55
2021-03-25,7861.257899733634,7861.257899733634,7861.257899733634,7861.257899733634,7244.289916569508,55
2021-03-26,8148.278232353274,8148.278232353274,8148.278232353274,8148.278232353274,7508.78429240182,55
2021-03-29,8171.68916531566,8171.68916531566,8171.68916531566,8171.68916531566,7530.3578863177045,55
2021-03-30,8350.369540183367,8350.369540183367,8350.369540183367,8350.369540183367,7695.015051170018,55
2021-03-31,8191.763775715971,8191.763775715971,8191.763775715971,8191.763775715971,7548.856999253176,55
2021-04-01,8422.004233214051,8422.004233214051,8422.004233214051,8422.004233214051,7761.027703472942,55
2021-04-02,8662.978677534305,8662.978677534305,8662.978677534305,8662.978677534305,7983.089968749764,55
2021-04-06,8596.226807504156,8596.226807504156,8596.226807504156,8596.226807504156,7921.576925272592,55
2021-04-07,8415.25505000397,8415.25505000397,8415.25505000397,8415.25505000397,7754.808210295455,55
2021-04-08,8474.21735462808,8474.21735462808,8474.21735462808,8474.21735462808,7809.143029772705,55
2021-04-09,8221.442078947637,8221.442078947637,8221.442078947637,8221.442078947637,7576.206087094364,55
2021-04-12,7979.1274075584015,7979.1274075584015,7979.1274075584015,7979.1274075584015,7352.908778575664,55
2021-04-13,7975.567023373313,7975.567023373313,7975.567023373313,7975.567023373313,7349.627820797643,55
2021-04-14,8113.536446301186,8113.536446301186,8113.536446301186,8113.536446301186,7476.769114475996,55
2021-04-15,8082.315325201112,8082.315325201112,8082.315325201112,8082.315325201112,7447.99829234371,55
2021-04-16,8103.833628500115,8103.833628500115,8103.833628500115,8103.833628500115,7467.827794135775,55
2021-04-19,8363.539522820065,8363.539522820065,8363.539522820065,8363.539522820065,7707.1514259885635,55
2021-04-20,8391.700440054094,8391.700440054094,8391.700440054094,8391.700440054094,7733.102215462947,55
2021-04-21,8434.333352007621,8434.333352007621,8434.333352007621,8434.333352007621,7772.389207203722,55
2021-04-22,8394.575834148995,8394.575834148995,8394.575834148995,8394.575834148995,7735.751942607577,55
2021-04-23,8604.405781223357,8604.405781223357,8604.405781223357,8604.405781223357,7929.113996005751,55
2021-04-26,8491.463498610861,8491.463498610861,8491.463498610861,8491.463498610861,7825.03566025852,55
2021-04-27,8591.854336445034,8591.854336445034,8591.854336445034,8591.854336445034,7917.5476148991,55
2021-04-28,8723.497795113737,8723.497795113737,8723.497795113737,8723.497795113737,8038.859419241296,55
2021-04-29,8743.795408841543,8743.795408841543,8743.795408841543,8743.795408841543,8057.564033736101,55
2021-04-30,8702.30512351151,8702.30512351151,8702.30512351151,8702.30512351151,8019.329992888499,55
2021-05-06,8529.185031607229,8529.185031607229,8529.185031607229,8529.185031607229,7859.796728348193,55
2021-05-07,8358.613455440176,8358.613455440176,8358.613455440176,8358.613455440176,7702.61196669291,55
2021-05-10,8348.413892001656,8348.413892001656,8348.413892001656,8348.413892001656,7693.212886353161,55
2021-05-11,8422.405667685574,8422.405667685574,8422.405667685574,8422.405667685574,7761.3976325264475,55
2021-05-12,8507.29966338637,8507.29966338637,8507.29966338637,8507.29966338637,7839.628969658054,55
2021-05-13,8420.987067368691,8420.987067368691,8420.987067368691,8420.987067368691,7760.090366933293,55
2021-05-14,8640.098103925877,8640.098103925877,8640.098103925877,8640.098103925877,7962.005110475048,55
2021-05-17,8934.043165686251,8934.043165686251,8934.043165686251,8934.043165686251,8232.880748203233,55
2021-05-18,8947.781678361129,8947.781678361129,8947.781678361129,8947.781678361129,8245.541033631936,55
2021-05-19,8989.554276986028,8989.554276986028,8989.554276986028,8989.554276986028,8284.035231235797,55
2021-05-20,8992.888544648606,8992.888544648606,8992.888544648606,8992.888544648606,8287.107818589531,55
2021-05-21,8908.04704929661,8908.04704929661,8908.04704929661,8908.04704929661,8208.924861469404,55
2021-05-24,8972.72832208255,8972.72832208255,8972.72832208255,8972.72832208255,8268.529812510375,55
2021-05-25,9307.211924366606,9307.211924366606,9307.211924366606,9307.211924366606,8576.762441205374,55
2021-05-26,9266.941802909854,9266.941802909854,9266.941802909854,9266.941802909854,8539.652803214989,55
2021-05-27,9293.107725105767,9293.107725105767,9293.107725105767,9293.107725105767,8563.765169039803,55
2021-05-28,9260.524357847342,9260.524357847342,9260.524357847342,9260.524357847342,8533.739012680515,55
2021-05-31,9322.76822824726,9322.76822824726,9322.76822824726,9322.76822824726,8591.097853779173,55
2021-06-01,9440.966795446335,9440.966795446335,9440.966795446335,9440.966795446335,8700.019949890819,55
2021-06-02,9356.160367281866,9356.160367281866,9356.160367281866,9356.160367281866,8621.869307811903,55
2021-06-03,9285.157656155932,9285.157656155932,9285.157656155932,9285.157656155932,8556.439038150336,55
2021-06-04,9331.209124416688,9331.209124416688,9331.209124416688,9331.209124416688,8598.876290740143,55
2021-06-07,9318.444754434484,9318.444754434484,9318.444754434484,9318.444754434484,8587.113695245525,55
2021-06-08,9161.912230749796,9161.912230749796,9161.912230749796,9161.912230749796,8442.866171832946,55
2021-06-09,9224.062668362378,9224.062668362378,9224.062668362378,9224.062668362378,8500.138912945085,55
2021-06-10,9402.124731898452,9402.124731898452,9402.124731898452,9402.124731898452,8664.226292833951,55
2021-06-11,9347.047853053053,9347.047853053053,9347.047853053053,9347.047853053053,8613.471962783367,55
2021-06-15,9246.504041534929,9246.504041534929,9246.504041534929,9246.504041534929,8520.819040153912,55
2021-06-16,8956.462808732933,8956.462808732933,8956.462808732933,8956.462808732933,8253.540850711981,55
2021-06-17,9039.74503527286,9039.74503527286,9039.74503527286,9039.74503527286,8330.28691370186,55
2021-06-18,9081.255721170639,9081.255721170639,9081.255721170639,9081.255721170639,8368.539754037929,55
2021-06-21,9112.368769027335,9112.368769027335,9112.368769027335,9112.368769027335,8397.210984741305,55
2021-06-22,9178.091479077757,9178.091479077757,9178.091479077757,9178.091479077757,8457.775638869245,55
2021-06-23,9141.359237346554,9141.359237346554,9141.359237346554,9141.359237346554,8423.926220394453,55
2021-06-24,9193.105177112227,9193.105177112227,9193.105177112227,9193.105177112227,8471.611030440003,55
2021-06-25,9410.681641468855,9410.681641468855,9410.681641468855,9410.681641468855,8672.111638221228,55
2021-06-28,9512.44188724848,9512.44188724848,9512.44188724848,9512.44188724848,8765.885526803862,55
2021-06-29,9409.253144323857,9409.253144323857,9409.253144323857,9409.253144323857,8670.795252523754,55
2021-06-30,9456.526782745816,9456.526782745816,9456.526782745816,9456.526782745816,8714.358756801023,55
2021-07-01,9449.411191850102,9449.411191850102,9449.411191850102,9449.411191850102,8707.801612380408,55
2021-07-02,9110.795037077392,9110.795037077392,9110.795037077392,9110.795037077392,8395.760762570533,55
2021-07-05,9129.04580163843,9129.04580163843,9129.04580163843,9129.04580163843,8412.579168907729,55
2021-07-06,9078.254266306583,9078.254266306583,9078.254266306583,9078.254266306583,8365.773859637307,55
2021-07-07,9280.698002742809,9280.698002742809,9280.698002742809,9280.698002742809,8552.329387676566,55
2021-07-08,9170.682336546099,9170.682336546099,9170.682336546099,9170.682336546099,8450.947981359835,55
2021-07-09,9123.93545413306,9123.93545413306,9123.93545413306,9123.93545413306,8407.869892176766,55
2021-07-12,9316.47131877947,9316.47131877947,9316.47131877947,9316.47131877947,8585.295138953525,55
2021-07-13,9389.96003151388,9389.96003151388,9389.96003151388,9389.96003151388,8653.016303611104,55
2021-07-14,9311.660556498235,9311.660556498235,9311.660556498235,9311.660556498235,8580.86193537091,55
2021-07-15,9460.821888942797,9460.821888942797,9460.821888942797,9460.821888942797,8718.316774068775,55
2021-07-16,9284.889676243694,9284.889676243694,9284.889676243694,9284.889676243694,8556.192089862821,55
2021-07-19,9374.125977681686,9374.125977681686,9374.125977681686,9374.125977681686,8638.424939483632,55
2021-07-20,9393.498897824393,9393.498897824393,9393.498897824393,9393.498897824393,8656.277432282408,55
2021-07-21,9504.176970261316,9504.176970261316,9504.176970261316,9504.176970261316,8758.269257810398,55
2021-07-22,9492.863733915114,9492.863733915114,9492.863733915114,9492.863733915114,8747.843907945036,55
2021-07-23,9362.649853674018,9362.649853674018,9362.649853674018,9362.649853674018,8627.849485721601,55
2021-07-26,8945.82798966704,8945.82798966704,8945.82798966704,8945.82798966704,8243.740674518018,55
2021-07-27,8547.323004891921,8547.323004891921,8547.323004891921,8547.323004891921,7876.511195504629,55
2021-07-28,8593.130524001082,8593.130524001082,8593.130524001082,8593.130524001082,7918.723644583141,55
2021-07-29,8831.640129713944,8831.640129713944,8831.640129713944,8831.640129713944,8138.5145169483885,55
2021-07-30,8608.29424955838,8608.29424955838,8608.29424955838,8608.29424955838,7932.697289202543,55
2021-08-02,8987.684552446099,8987.684552446099,8987.684552446099,8987.684552446099,8282.31224659338,55
2021-08-03,9055.543055955688,9055.543055955688,9055.543055955688,9055.543055955688,8344.845072636992,55
2021-08-04,9191.809166907664,9191.809166907664,9191.809166907664,9191.809166907664,8470.416733830423,55
2021-08-05,9120.789953008465,9120.789953008465,9120.789953008465,9120.789953008465,8404.971256567796,55
2021-08-06,9070.197373048219,9070.197373048219,9070.197373048219,9070.197373048219,8358.349288234756,55
2021-08-09,9114.130932640079,9114.130932640079,9114.130932640079,9114.130932640079,8398.834850063366,55
2021-08-10,9269.53479357687,9269.53479357687,9269.53479357687,9269.53479357687,8542.04229054417,55
2021-08-11,9127.288629040177,9127.288629040177,9127.288629040177,9127.288629040177,8410.959902894889,55
2021-08-12,9023.03349640222,9023.03349640222,9023.03349640222,9023.03349640222,8314.886931399404,55
2021-08-13,9017.512370445034,9017.512370445034,9017.512370445034,9017.512370445034,8309.799114969783,55
2021-08-16,8976.53532549554,8976.53532549554,8976.53532549554,8976.53532549554,8272.038034322817,55
2021-08-17,8704.791565832971,8704.791565832971,8704.791565832971,8704.791565832971,8021.62129400942,55
2021-08-18,8683.580266975048,8683.580266975048,8683.580266975048,8683.580266975048,8002.074702306965,55
2021-08-19,8645.578438934015,8645.578438934015,8645.578438934015,8645.578438934015,7967.0553373147295,55
2021-08-20,8342.305021686252,8342.305021686252,8342.305021686252,8342.305021686252,7687.583452973423,55
2021-08-23,8500.517625394159,8500.517625394159,8500.517625394159,8500.517625394159,7833.379200210546,55
2021-08-24,8676.392971476891,8676.392971476891,8676.392971476891,8676.392971476891,7995.451480811273,55
2021-08-25,8775.828126272241,8775.828126272241,8775.828126272241,8775.828126272241,8087.082756419326,55
2021-08-26,8544.182393139703,8544.182393139703,8544.182393139703,8544.182393139703,7873.617065539847,55
2021-08-27,8618.45540100852,8618.45540100852,8618.45540100852,8618.45540100852,7942.0609722071995,55
2021-08-30,8714.474497807178,8714.474497807178,8714.474497807178,8714.474497807178,8030.544289204114,55
2021-08-31,8532.27083715611,8532.27083715611,8532.27083715611,8532.27083715611,7862.640353415248,55
2021-09-01,8546.873498075467,8546.873498075467,8546.873498075467,8546.873498075467,7876.09696692449,55
2021-09-02,8475.122565164267,8475.122565164267,8475.122565164267,8475.122565164267,7809.977197490303,55
2021-09-03,8396.863289412611,8396.863289412611,8396.863289412611,8396.863289412611,7737.859873591673,55
2021-09-06,8636.874765101253,8636.874765101253,8636.874765101253,8636.874765101253,7959.034746031757,55
2021-09-07,8715.142473187076,8715.142473187076,8715.142473187076,8715.142473187076,8031.1598404773085,55
2021-09-08,8613.671140426204,8613.671140426204,8613.671140426204,8613.671140426204,7937.652190414668,55
2021-09-09,8622.616119546296,8622.616119546296,8622.616119546296,8622.616119546296,7945.895148840673,55
2021-09-10,8703.633226419292,8703.633226419292,8703.633226419292,8703.633226419292,8020.553863498738,55
2021-09-13,8625.37819850129,8625.37819850129,8625.37819850129,8625.37819850129,7948.440454054881,55
2021-09-14,8606.739627518005,8606.739627518005,8606.739627518005,8606.739627518005,7931.264677155608,55
2021-09-15,8479.786759748142,8479.786759748142,8479.786759748142,8479.786759748142,7814.27533631539,55
2021-09-16,8368.968314355723,8368.968314355723,8368.968314355723,8368.968314355723,7712.154154595425,55
2021-09-17,8500.001094475343,8500.001094475343,8500.001094475343,8500.001094475343,7818.487646838536,55
2021-09-22,8444.368892628794,8444.368892628794,8444.368892628794,8444.368892628794,7767.315926027068,55
2021-09-23,8446.88753042068,8446.88753042068,8446.88753042068,8446.88753042068,7769.6326243714375,55
2021-09-24,8446.580951989308,8446.580951989308,8446.580951989308,8446.580951989308,7769.350626798518,55
2021-09-27,8377.184644044002,8377.184644044002,8377.184644044002,8377.184644044002,7705.51837896984,55
2021-09-28,8260.259368287097,8260.259368287097,8260.259368287097,8260.259368287097,7597.9679429231055,55
2021-09-29,8094.96499676436,8094.96499676436,8094.96499676436,8094.96499676436,7445.926550518763,55
2021-09-30,8297.188872184575,8297.188872184575,8297.188872184575,8297.188872184575,7631.936511493523,55
2021-10-08,8271.418921207982,8271.418921207982,8271.418921207982,8271.418921207982,7608.232744737411,55
2021-10-11,8251.654609982166,8251.654609982166,8251.654609982166,8251.654609982166,7590.053097293866,55
2021-10-12,8158.939439555252,8158.939439555252,8158.939439555252,8158.939439555252,7504.771647726934,55
2021-10-13,8432.140549981077,8432.140549981077,8432.140549981077,8432.140549981077,7756.068027953898,55
2021-10-14,8470.705823981893,8470.705823981893,8470.705823981893,8470.705823981893,7791.54121378305,55
2021-10-15,8575.88780024552,8575.88780024552,8575.88780024552,8575.88780024552,7888.289905100482,55
2021-10-18,8599.821843593954,8599.821843593954,8599.821843593954,8599.821843593954,7910.304963707976,55
2021-10-19,8645.314839824621,8645.314839824621,8645.314839824621,8645.314839824621,7952.15042056072,55
2021-10-20,8691.274621672237,8691.274621672237,8691.274621672237,8691.274621672237,7994.425237073453,55
2021-10-21,8629.140527824198,8629.140527824198,8629.140527824198,8629.140527824198,7937.272933232675,55
2021-10-22,8609.46272059184,8609.46272059184,8609.46272059184,8609.46272059184,7919.172854061739,55
2021-10-25,8846.658656230326,8846.658656230326,8846.658656230326,8846.658656230326,8137.350883929895,55
2021-10-26,8820.950827215433,8820.950827215433,8820.950827215433,8820.950827215433,8113.704258318209,55
2021-10-27,8785.1500090469,8785.1500090469,8785.1500090469,8785.1500090469,8080.773879664574,55
2021-10-28,8614.939102019178,8614.939102019178,8614.939102019178,8614.939102019178,7924.210149947129,55
2021-10-29,8775.050037934663,8775.050037934663,8775.050037934663,8775.050037934663,8071.483704463801,55
2021-11-01,8614.283864690678,8614.283864690678,8614.283864690678,8614.283864690678,7923.607448264896,55
2021-11-02,8591.477851565141,8591.477851565141,8591.477851565141,8591.477851565141,7902.62997662533,55
2021-11-03,8432.655203011991,8432.655203011991,8432.655203011991,8432.655203011991,7756.541417112311,55
2021-11-04,8566.07835768995,8566.07835768995,8566.07835768995,8566.07835768995,7879.26696444546,55
2021-11-05,8452.105246621464,8452.105246621464,8452.105246621464,8452.105246621464,7774.431994301763,55
2021-11-08,8599.002275807201,8599.002275807201,8599.002275807201,8599.002275807201,7909.55110726193,55
2021-11-09,8650.324973990393,8650.324973990393,8650.324973990393,8650.324973990393,7956.7588519772235,55
2021-11-10,8536.943269729736,8536.943269729736,8536.943269729736,8536.943269729736,7852.467870801277,55
2021-11-11,8598.02742029283,8598.02742029283,8598.02742029283,8598.02742029283,7908.654413754263,55
2021-11-12,8609.014974548765,8609.014974548765,8609.014974548765,8609.014974548765,7918.76100741986,55
2021-11-15,8411.384739450843,8411.384739450843,8411.384739450843,8411.384739450843,7736.9763776791415,55
2021-11-16,8370.366707663377,8370.366707663377,8370.366707663377,8370.366707663377,7699.247091381005,55
2021-11-17,8467.32169577592,8467.32169577592,8467.32169577592,8467.32169577592,7788.428418351655,55
2021-11-18,8420.83548291951,8420.83548291951,8420.83548291951,8420.83548291951,7745.66937903784,55
2021-11-19,8458.513059633524,8458.513059633524,8458.513059633524,8458.513059633524,7780.326041410836,55
2021-11-22,8674.297341088257,8674.297341088257,8674.297341088257,8674.297341088257,7978.8091616109405,55
2021-11-23,8621.56262228119,8621.56262228119,8621.56262228119,8621.56262228119,7930.302609321137,55
2021-11-24,8573.000389005725,8573.000389005725,8573.000389005725,8573.000389005725,7885.634000841323,55
2021-11-25,8506.118611519134,8506.118611519134,8506.118611519134,8506.118611519134,7824.114673341778,55
2021-11-26,8538.920706892975,8538.920706892975,8538.920706892975,8538.920706892975,7854.286760923918,55
2021-11-29,8571.283856900272,8571.283856900272,8571.283856900272,8571.283856900272,7884.055096919698,55
2021-11-30,8559.147585168987,8559.147585168987,8559.147585168987,8559.147585168987,7872.891887697126,55
2021-12-01,8474.156835533342,8474.156835533342,8474.156835533342,8474.156835533342,7794.715529984215,55
2021-12-02,8513.930958441186,8513.930958441186,8513.930958441186,8513.930958441186,7831.300641581546,55
2021-12-03,8531.81971841786,8531.81971841786,8531.81971841786,8531.81971841786,7847.755115803414,55
2021-12-06,8441.169312096392,8441.169312096392,8441.169312096392,8441.169312096392,7764.372881598061,55
2021-12-07,8421.454281882385,8421.454281882385,8421.454281882385,8421.454281882385,7746.238563911274,55
2021-12-08,8571.452159911349,8571.452159911349,8571.452159911349,8571.452159911349,7884.209905724828,55
2021-12-09,8667.7504574054,8667.7504574054,8667.7504574054,8667.7504574054,7972.787194245201,55
2021-12-10,8690.826022177826,8690.826022177826,8690.826022177826,8690.826022177826,7994.0126054083,55
2021-12-13,8712.417721461212,8712.417721461212,8712.417721461212,8712.417721461212,8013.873124512365,54
2021-12-14,8604.1487324596,8604.1487324596,8604.1487324596,8604.1487324596,7914.284931094956,54
2021-12-15,8501.53395491629,8501.53395491629,8501.53395491629,8501.53395491629,7819.89760553015,54
2021-12-16,8540.861357287666,8540.861357287666,8540.861357287666,8540.861357287666,7856.071813769098,54
2021-12-17,8346.094638423347,8346.094638423347,8346.094638423347,8346.094638423347,7676.921109136167,54
2021-12-20,8150.093224774473,8150.093224774473,8150.093224774473,8150.093224774473,7496.634705129392,54
2021-12-21,8186.459795181841,8186.459795181841,8186.459795181841,8186.459795181841,7530.085475114904,54
2021-12-22,8184.2132413564605,8184.2132413564605,8184.2132413564605,8184.2132413564605,7528.019045577251,54
2021-12-23,8241.786356105289,8241.786356105289,8241.786356105289,8241.786356105289,7580.976060694143,54
2021-12-24,8045.088652034622,8045.088652034622,8045.088652034622,8045.088652034622,7400.049193468493,54
2021-12-27,8038.764305395956,8038.764305395956,8038.764305395956,8038.764305395956,7394.231920562391,54
2021-12-28,8203.830019738578,8203.830019738578,8203.830019738578,8203.830019738578,7546.0629890716855,54
2021-12-29,8102.448685658854,8102.448685658854,8102.448685658854,8102.448685658854,7452.810211888219,54
2021-12-30,8132.714187484081,8132.714187484081,8132.714187484081,8132.714187484081,7480.649085026683,54
2021-12-31,8202.993291655457,8202.993291655457,8202.993291655457,8202.993291655457,7545.293348208239,54
2022-01-04,8042.778022480592,8042.778022480592,8042.778022480592,8042.778022480592,7397.923825668676,54
2022-01-05,7811.669376337626,7811.669376337626,7811.669376337626,7811.669376337626,7185.345018341135,54
2022-01-06,7724.861931010228,7724.861931010228,7724.861931010228,7724.861931010228,7105.497624040562,54
2022-01-07,7659.121622732707,7659.121622732707,7659.121622732707,7659.121622732707,7045.028244983514,54
2022-01-10,7666.3409941673535,7666.3409941673535,7666.3409941673535,7666.3409941673535,7051.668781349611,54
2022-01-11,7566.805419939538,7566.805419939538,7566.805419939538,7566.805419939538,6960.113774606499,54
2022-01-12,7779.128761258776,7779.128761258776,7779.128761258776,7779.128761258776,7155.413446075824,54
2022-01-13,7659.582745737409,7659.582745737409,7659.582745737409,7659.582745737409,7045.452396048423,54
2022-01-14,7667.988853467516,7667.988853467516,7667.988853467516,7667.988853467516,7053.184518517037,54
2022-01-17,7740.938283209527,7740.938283209527,7740.938283209527,7740.938283209527,7120.285005792566,54
2022-01-18,7820.301988090099,7820.301988090099,7820.301988090099,7820.301988090099,7193.285484183021,54
2022-01-19,7659.615097940674,7659.615097940674,7659.615097940674,7659.615097940674,7045.482154315364,54
2022-01-20,7640.977589139596,7640.977589139596,7640.977589139596,7640.977589139596,7028.338964484038,54
2022-01-21,7560.509085439879,7560.509085439879,7560.509085439879,7560.509085439879,6954.322267880936,54
2022-01-24,7627.586789364927,7627.586789364927,7627.586789364927,7627.586789364927,7016.02181282066,54
2022-01-25,7454.546093240206,7454.546093240206,7454.546093240206,7454.546093240206,6856.855180956245,54
2022-01-26,7561.161528274613,7561.161528274613,7561.161528274613,7561.161528274613,6954.9223991264425,54
2022-01-27,7317.064514713475,7317.064514713475,7317.064514713475,7317.064514713475,6730.396606253502,54
2022-01-28,7183.552397545127,7183.552397545127,7183.552397545127,7183.552397545127,6607.589229268286,54
2022-02-07,7330.440819580082,7330.440819580082,7330.440819580082,7330.440819580082,6742.700425182171,54
2022-02-08,7167.77267393791,7167.77267393791,7167.77267393791,7167.77267393791,6593.074693008551,54
2022-02-09,7264.081427406209,7264.081427406209,7264.081427406209,7264.081427406209,6681.661599163624,54
2022-02-10,7178.43475368187,7178.43475368187,7178.43475368187,7178.43475368187,6602.881908071373,54
2022-02-11,7072.31168873679,7072.31168873679,7072.31168873679,7072.31168873679,6505.267582720634,54
2022-02-14,7046.293007998881,7046.293007998881,7046.293007998881,7046.293007998881,6481.335028868542,54
2022-02-15,7233.153445467472,7233.153445467472,7233.153445467472,7233.153445467472,6653.2133622702395,54
2022-02-16,7271.834827885054,7271.834827885054,7271.834827885054,7271.834827885054,6688.793347170603,54
2022-02-17,7375.318220349892,7375.318220349892,7375.318220349892,7375.318220349892,6783.9796438129815,54
2022-02-18,7348.5315641840925,7348.5315641840925,7348.5315641840925,7348.5315641840925,6759.340689299372,54
2022-02-21,7318.079570688443,7318.079570688443,7318.079570688443,7318.079570688443,6731.330277027531,54
2022-02-22,7277.532354864891,7277.532354864891,7277.532354864891,7277.532354864891,6694.034057591021,54
2022-02-23,7458.286031530095,7458.286031530095,7458.286031530095,7458.286031530095,6860.29525831558,54
2022-02-24,7337.647280267965,7337.647280267965,7337.647280267965,7337.647280267965,6749.329085959904,54
2022-02-25,7461.023000342304,7461.023000342304,7461.023000342304,7461.023000342304,6862.812782326483,54
2022-02-28,7553.442949005544,7553.442949005544,7553.442949005544,7553.442949005544,6947.822680432807,54
2022-03-01,7550.128363511727,7550.128363511727,7550.128363511727,7550.128363511727,6944.773851915051,54
2022-03-02,7475.204358531582,7475.204358531582,7475.204358531582,7475.204358531582,6875.857106978433,54
2022-03-03,7349.126625036716,7349.126625036716,7349.126625036716,7349.126625036716,6759.888039337759,54
2022-03-04,7228.094135116392,7228.094135116392,7228.094135116392,7228.094135116392,6648.559697518696,54
2022-03-07,6995.599889243101,6995.599889243101,6995.599889243101,6995.599889243101,6434.706385134674,54
2022-03-08,6841.470556637559,6841.470556637559,6841.470556637559,6841.470556637559,6292.934840684505,54
2022-03-09,6784.032425395102,6784.032425395102,6784.032425395102,6784.032425395102,6240.101986360695,54
2022-03-10,6996.271300339295,6996.271300339295,6996.271300339295,6996.271300339295,6435.32396380357,54
2022-03-11,6974.739737401913,6974.739737401913,6974.739737401913,6974.739737401913,6415.518759431014,54
2022-03-14,6718.76429163144,6718.76429163144,6718.76429163144,6718.76429163144,6180.0669237893435,54
2022-03-15,6498.4156317112875,6498.4156317112875,6498.4156317112875,6498.4156317112875,5977.385388053674,54
2022-03-16,6796.901868046412,6796.901868046412,6796.901868046412,6796.901868046412,6251.939582294228,54
2022-03-17,6922.13842261993,6922.13842261993,6922.13842261993,6922.13842261993,6367.1349150927235,54
2022-03-18,6884.629971666829,6884.629971666829,6884.629971666829,6884.629971666829,6316.109929296961,55
2022-03-21,6922.099559200071,6922.099559200071,6922.099559200071,6922.099559200071,6350.485347415195,55
2022-03-22,6911.766797872898,6911.766797872898,6911.766797872898,6911.766797872898,6341.005846456654,55
2022-03-23,6929.083114678344,6929.083114678344,6929.083114678344,6929.083114678344,6356.892213765259,55
2022-03-24,6902.375928242658,6902.375928242658,6902.375928242658,6902.375928242658,6332.390457516306,55
2022-03-25,6766.1497308332155,6766.1497308332155,6766.1497308332155,6766.1497308332155,6207.413568180331,55
2022-03-28,6788.605549918898,6788.605549918898,6788.605549918898,6788.605549918898,6228.015027152168,55
2022-03-29,6818.353620993758,6818.353620993758,6818.353620993758,6818.353620993758,6255.306557396583,55
2022-03-30,6952.124481974249,6952.124481974249,6952.124481974249,6952.124481974249,6378.030867456332,55
2022-03-31,6879.445439086957,6879.445439086957,6879.445439086957,6879.445439086957,6311.3535258531665,55
2022-04-01,6928.48932910155,6928.48932910155,6928.48932910155,6928.48932910155,6356.347461905988,55
2022-04-06,6901.836355915028,6901.836355915028,6901.836355915028,6901.836355915028,6331.895442076096,55
2022-04-07,6829.618929548698,6829.618929548698,6829.618929548698,6829.618929548698,6265.641597553175,55
2022-04-08,6890.077239710319,6890.077239710319,6890.077239710319,6890.077239710319,6321.107371994482,55
2022-04-11,6660.337261422694,6660.337261422694,6660.337261422694,6660.337261422694,6110.338897292039,55
2022-04-12,6720.262442442854,6720.262442442854,6720.262442442854,6720.262442442854,6165.315567412877,55
2022-04-13,6682.154483948224,6682.154483948224,6682.154483948224,6682.154483948224,6130.354493829586,55
2022-04-14,6736.544920154325,6736.544920154325,6736.544920154325,6736.544920154325,6180.253468152672,55
2022-04-15,6683.989666920297,6683.989666920297,6683.989666920297,6683.989666920297,6132.038130777352,55
2022-04-18,6668.362357440351,6668.362357440351,6668.362357440351,6668.362357440351,6117.7012956851695,55
2022-04-19,6693.402481879512,6693.402481879512,6693.402481879512,6693.402481879512,6140.673652841894,55
2022-04-20,6477.16397492186,6477.16397492186,6477.16397492186,6477.16397492186,5942.291722874364,55
2022-04-21,6313.148770941298,6313.148770941298,6313.148770941298,6313.148770941298,5791.820591865054,55
2022-04-22,6345.865306923667,6345.865306923667,6345.865306923667,6345.865306923667,5821.835456661108,55
2022-04-25,6015.499642055171,6015.499642055171,6015.499642055171,6015.499642055171,5518.750778942472,55
2022-04-26,5950.882058065322,5950.882058065322,5950.882058065322,5950.882058065322,5459.46919583269,55
2022-04-27,6198.213350316734,6198.213350316734,6198.213350316734,6198.213350316734,5686.376326244055,55
2022-04-28,6310.989096112316,6310.989096112316,6310.989096112316,6310.989096112316,5789.839258999305,55
2022-04-29,6478.595250365983,6478.595250365983,6478.595250365983,6478.595250365983,5943.604806232712,55
2022-05-05,6469.156353480843,6469.156353480843,6469.156353480843,6469.156353480843,5934.945356039573,55
2022-05-06,6327.476477136953,6327.476477136953,6327.476477136953,6327.476477136953,5804.9651425146685,55
2022-05-09,6317.828090202597,6317.828090202597,6317.828090202597,6317.828090202597,5796.113501574113,55
2022-05-10,6375.522444935795,6375.522444935795,6375.522444935795,6375.522444935795,5849.04356292736,55
2022-05-11,6486.79390176773,6486.79390176773,6486.79390176773,6486.79390176773,5951.126428126486,55
2022-05-12,6436.817084615727,6436.817084615727,6436.817084615727,6436.817084615727,5905.276604338207,55
2022-05-13,6551.297099142701,6551.297099142701,6551.297099142701,6551.297099142701,6010.303070457027,55
2022-05-16,6508.816627871688,6508.816627871688,6508.816627871688,6508.816627871688,5971.330558136064,55
2022-05-17,6619.858847101516,6619.858847101516,6619.858847101516,6619.858847101516,6073.203115751369,55
2022-05-18,6593.497708547508,6593.497708547508,6593.497708547508,6593.497708547508,6049.01883138841,55
2022-05-19,6673.527100624416,6673.527100624416,6673.527100624416,6673.527100624416,6122.439543904957,55
2022-05-20,6774.868831973281,6774.868831973281,6774.868831973281,6774.868831973281,6215.412662033155,55
2022-05-23,6759.215624695466,6759.215624695466,6759.215624695466,6759.215624695466,6201.052067735477,55
2022-05-24,6616.266963326795,6616.266963326795,6616.266963326795,6616.266963326795,6069.907843112497,55
2022-05-25,6690.333147040976,6690.333147040976,6690.333147040976,6690.333147040976,6137.85777801205,55
2022-05-26,6720.234823910957,6720.234823910957,6720.234823910957,6720.234823910957,6165.290229568397,55
2022-05-27,6768.651361913805,6768.651361913805,6768.651361913805,6768.651361913805,6209.708619181272,55
2022-05-30,6764.624578162692,6764.624578162692,6764.624578162692,6764.624578162692,6206.01435980376,55
2022-05-31,6843.851270229324,6843.851270229324,6843.851270229324,6843.851270229324,6278.698657796069,55
2022-06-01,6842.4953087686545,6842.4953087686545,6842.4953087686545,6842.4953087686545,6277.454669131359,55
2022-06-02,6864.878357447386,6864.878357447386,6864.878357447386,6864.878357447386,6297.989366942205,55
2022-06-06,7031.680953223928,7031.680953223928,7031.680953223928,7031.680953223928,6451.017712075131,55
2022-06-07,7004.376599420522,7004.376599420522,7004.376599420522,7004.376599420522,6425.968101438037,55
2022-06-08,7069.638391643756,7069.638391643756,7069.638391643756,7069.638391643756,6485.840695253719,55
2022-06-09,7018.22943189192,7018.22943189192,7018.22943189192,7018.22943189192,6438.676992559501,55
2022-06-10,7156.7506785485075,7156.7506785485075,7156.7506785485075,7156.7506785485075,6565.759410209674,55
2022-06-13,7105.352051704877,7105.352051704877,7105.352051704877,7105.352051704877,6518.605187151164,55
2022-06-14,7177.004709730658,7177.004709730658,7177.004709730658,7177.004709730658,6584.340900861219,55
2022-06-15,7181.832046535966,7181.832046535966,7181.832046535966,7181.832046535966,6588.769605098562,55
2022-06-16,7121.689359162373,7121.689359162373,7121.689359162373,7121.689359162373,6533.593389897706,55
2022-06-17,7216.303275495923,7216.303275495923,7216.303275495923,7216.303275495923,6620.394263563154,55
2022-06-20,7172.4686374558205,7172.4686374558205,7172.4686374558205,7172.4686374558205,6580.17940906674,55
2022-06-21,7147.031637150417,7147.031637150417,7147.031637150417,7147.031637150417,6556.842949320656,55
2022-06-22,7086.828275461872,7086.828275461872,7086.828275461872,7086.828275461872,6501.611070177845,55
2022-06-23,7207.601229090998,7207.601229090998,7207.601229090998,7207.601229090998,6612.410816096906,55
2022-06-24,7279.312497411867,7279.312497411867,7279.312497411867,7279.312497411867,6678.200300172006,55
2022-06-27,7331.873508269724,7331.873508269724,7331.873508269724,7331.873508269724,6726.420919717201,55
2022-06-28,7396.256907046145,7396.256907046145,7396.256907046145,7396.256907046145,6785.487656196458,55
2022-06-29,7261.624839166493,7261.624839166493,7261.624839166493,7261.624839166493,6661.973256114536,55
2022-06-30,7313.066013204365,7313.066013204365,7313.066013204365,7313.066013204365,6709.166512898477,55
2022-07-01,7320.137102187529,7320.137102187529,7320.137102187529,7320.137102187529,6715.653684398079,55
2022-07-04,7383.285839920078,7383.285839920078,7383.285839920078,7383.285839920078,6773.587715864777,55
2022-07-05,7424.21035370077,7424.21035370077,7424.21035370077,7424.21035370077,6811.132758794556,55
2022-07-06,7288.910965813409,7288.910965813409,7288.910965813409,7288.910965813409,6687.0061447600965,55
2022-07-07,7393.126974781549,7393.126974781549,7393.126974781549,7393.126974781549,6782.616187964205,55
2022-07-08,7352.500602579895,7352.500602579895,7352.500602579895,7352.500602579895,6745.344666631875,55
2022-07-11,7207.483492148284,7207.483492148284,7207.483492148284,7207.483492148284,6612.302801653721,55
2022-07-12,7171.967247579353,7171.967247579353,7171.967247579353,7171.967247579353,6579.7194230413115,55
2022-07-13,7227.468313213163,7227.468313213163,7227.468313213163,7227.468313213163,6630.637313062843,55
2022-07-14,7273.506754330441,7273.506754330441,7273.506754330441,7273.506754330441,6672.873984643871,55
2022-07-15,7152.958534444646,7152.958534444646,7152.958534444646,7152.958534444646,6562.2804143702015,55
2022-07-18,7239.2373454601075,7239.2373454601075,7239.2373454601075,7239.2373454601075,6641.434480338217,55
2022-07-19,7158.396958925904,7158.396958925904,7158.396958925904,7158.396958925904,6567.269743790544,55
2022-07-20,7170.737821881227,7170.737821881227,7170.737821881227,7170.737821881227,6578.591521049307,55
2022-07-21,7064.225134486952,7064.225134486952,7064.225134486952,7064.225134486952,6480.874454886604,55
2022-07-22,7091.166210725582,7091.166210725582,7091.166210725582,7091.166210725582,6505.590786750053,55
2022-07-25,7030.5802865310225,7030.5802865310225,7030.5802865310225,7030.5802865310225,6450.007936407227,55
2022-07-26,7122.787915292665,7122.787915292665,7122.787915292665,7122.787915292665,6534.601229289363,55
2022-07-27,7106.759224400831,7106.759224400831,7106.759224400831,7106.759224400831,6519.896158121822,55
2022-07-28,7100.207251381334,7100.207251381334,7100.207251381334,7100.207251381334,6513.885234947266,55
2022-07-29,7006.279155274068,7006.279155274068,7006.279155274068,7006.279155274068,6427.71354773901,55
2022-08-01,7072.73549202599,7072.73549202599,7072.73549202599,7072.73549202599,6488.682042799885,55
2022-08-02,6930.984264654492,6930.984264654492,6930.984264654492,6930.984264654492,6358.636370283604,55
2022-08-03,6877.964720873874,6877.964720873874,6877.964720873874,6877.964720873874,6309.995082618513,55
2022-08-04,6915.458893926443,6915.458893926443,6915.458893926443,6915.458893926443,6344.393056029243,55
2022-08-05,6971.733129354993,6971.733129354993,6971.733129354993,6971.733129354993,6396.0202689102,55
2022-08-08,7004.844631226382,7004.844631226382,7004.844631226382,7004.844631226382,6426.397484040787,55
2022-08-09,7085.456994995731,7085.456994995731,7085.456994995731,7085.456994995731,6500.353027522874,55
2022-08-10,7050.666695483238,7050.666695483238,7050.666695483238,7050.666695483238,6468.435646763356,55
2022-08-11,7150.712944378989,7150.712944378989,7150.712944378989,7150.712944378989,6560.220260989527,55
2022-08-12,7137.660168617651,7137.660168617651,7137.660168617651,7137.660168617651,6548.2453593709415,55
2022-08-15,7222.429073042021,7222.429073042021,7222.429073042021,7222.429073042021,6626.014204048698,55
2022-08-16,7219.419531120822,7219.419531120822,7219.419531120822,7219.419531120822,6623.253184547382,55
2022-08-17,7235.821278232209,7235.821278232209,7235.821278232209,7235.821278232209,6638.300505640075,55
2022-08-18,7184.363798127465,7184.363798127465,7184.363798127465,7184.363798127465,6591.092289314182,55
2022-08-19,7105.479017832612,7105.479017832612,7105.479017832612,7105.479017832612,6518.721668650295,55
2022-08-22,7211.6857864557605,7211.6857864557605,7211.6857864557605,7211.6857864557605,6616.158078249634,55
2022-08-23,7255.628450881826,7255.628450881826,7255.628450881826,7255.628450881826,6656.472038512344,55
2022-08-24,7115.373774965834,7115.373774965834,7115.373774965834,7115.373774965834,6527.799334993196,55
2022-08-25,7155.064434232005,7155.064434232005,7155.064434232005,7155.064434232005,6564.212412838063,55
2022-08-26,7082.810487142566,7082.810487142566,7082.810487142566,7082.810487142566,6497.9250634059745,55
2022-08-29,7115.6809829832755,7115.6809829832755,7115.6809829832755,7115.6809829832755,6528.081174339291,55
2022-08-30,7055.852677708218,7055.852677708218,7055.852677708218,7055.852677708218,6473.1933801432415,55
2022-08-31,6967.595492569162,6967.595492569162,6967.595492569162,6967.595492569162,6392.224310537075,55
2022-09-01,6939.436038921495,6939.436038921495,6939.436038921495,6939.436038921495,6366.39021262338,55
2022-09-02,6912.791795755355,6912.791795755355,6912.791795755355,6912.791795755355,6341.94620190489,55
2022-09-05,6999.0765495082005,6999.0765495082005,6999.0765495082005,6999.0765495082005,6421.105719869998,55
2022-09-06,7093.347053204673,7093.347053204673,7093.347053204673,7093.347053204673,6507.5915392804145,55
2022-09-07,7149.481312543721,7149.481312543721,7149.481312543721,7149.481312543721,6559.0903350391145,55
2022-09-08,7087.977785005055,7087.977785005055,7087.977785005055,7087.977785005055,6502.665655343554,55
2022-09-09,7153.322701718021,7153.322701718021,7153.322701718021,7153.322701718021,6562.614509381953,55
2022-09-13,7116.620364774699,7116.620364774699,7116.620364774699,7116.620364774699,6528.942983715339,55
2022-09-14,7034.247288526569,7034.247288526569,7034.247288526569,7034.247288526569,6453.372124142827,55
2022-09-15,6897.654190747187,6897.654190747187,6897.654190747187,6897.654190747187,6328.058632392607,55
2022-09-16,6718.71043488971,6718.71043488971,6718.71043488971,6718.71043488971,6153.120350720574,54
2022-09-19,6756.743289744081,6756.743289744081,6756.743289744081,6756.743289744081,6187.951548681596,54
2022-09-20,6778.550142899042,6778.550142899042,6778.550142899042,6778.550142899042,6207.922671597711,54
2022-09-21,6773.169770728126,6773.169770728126,6773.169770728126,6773.169770728126,6202.995226395222,54
2022-09-22,6773.1012204265135,6773.1012204265135,6773.1012204265135,6773.1012204265135,6202.932446750231,54
2022-09-23,6741.559251220468,6741.559251220468,6741.559251220468,6741.559251220468,6174.045722950426,54
2022-09-26,6681.8872961336165,6681.8872961336165,6681.8872961336165,6681.8872961336165,6119.39703332905,54
2022-09-27,6711.712500790043,6711.712500790043,6711.712500790043,6711.712500790043,6146.711512128861,54
2022-09-28,6619.835953757549,6619.835953757549,6619.835953757549,6619.835953757549,6062.569256441836,54
2022-09-29,6649.537566051833,6649.537566051833,6649.537566051833,6649.537566051833,6089.770547050838,54
2022-09-30,6630.128917172163,6630.128917172163,6630.128917172163,6630.128917172163,6071.99574434743,54
2022-10-10,6576.100626443098,6576.100626443098,6576.100626443098,6576.100626443098,6022.515627824875,54
2022-10-11,6588.613814932378,6588.613814932378,6588.613814932378,6588.613814932378,6033.975439271125,54
2022-10-12,6641.998912225763,6641.998912225763,6641.998912225763,6641.998912225763,6082.866507246808,54
2022-10-13,6522.491727244704,6522.491727244704,6522.491727244704,6522.491727244704,5973.419597889662,54
2022-10-14,6611.672477671692,6611.672477671692,6611.672477671692,6611.672477671692,6055.092992756522,54
2022-10-17,6549.713931446831,6549.713931446831,6549.713931446831,6549.713931446831,5998.350200315652,54
2022-10-18,6531.532476453447,6531.532476453447,6531.532476453447,6531.532476453447,5981.699284666041,54
2022-10-19,6460.790613418505,6460.790613418505,6460.790613418505,6460.790613418505,5916.91256684177,54
2022-10-20,6389.165333770862,6389.165333770862,6389.165333770862,6389.165333770862,5851.316799603856,54
2022-10-21,6406.497813189182,6406.497813189182,6406.497813189182,6406.497813189182,5867.190207584574,54
2022-10-24,6232.554152852038,6232.554152852038,6232.554152852038,6232.554152852038,5707.889358608951,54
2022-10-25,6241.341387484798,6241.341387484798,6241.341387484798,6241.341387484798,5715.936872007447,54
2022-10-26,6200.436971833694,6200.436971833694,6200.436971833694,6200.436971833694,5678.475845101132,54
2022-10-27,6142.234086312557,6142.234086312557,6142.234086312557,6142.234086312557,5625.172556792854,54
2022-10-28,6024.106365032692,6024.106365032692,6024.106365032692,6024.106365032692,5516.988986026522,54
2022-10-31,5852.552824976838,5852.552824976838,5852.552824976838,5852.552824976838,5359.877053791097,54
2022-11-01,5996.121496347242,5996.121496347242,5996.121496347242,5996.121496347242,5491.359921239551,54
2022-11-02,6088.0170564734935,6088.0170564734935,6088.0170564734935,6088.0170564734935,5575.51958947252,54
2022-11-03,6031.522323391054,6031.522323391054,6031.522323391054,6031.522323391054,5523.780659032397,54
2022-11-04,6239.892592721764,6239.892592721764,6239.892592721764,6239.892592721764,5714.6100387368615,54
2022-11-07,6257.382175255046,6257.382175255046,6257.382175255046,6257.382175255046,5730.627324680947,54
2022-11-08,6219.283185335884,6219.283185335884,6219.283185335884,6219.283185335884,5695.735558993869,54
2022-11-09,6150.816220778494,6150.816220778494,6150.816220778494,6150.816220778494,5633.032235632523,54
2022-11-10,6105.564265125136,6105.564265125136,6105.564265125136,6105.564265125136,5591.589650490788,54
2022-11-11,6261.86013857464,6261.86013857464,6261.86013857464,6261.86013857464,5734.728327023373,54
2022-11-14,6180.380831641329,6180.380831641329,6180.380831641329,6180.380831641329,5660.108057774904,54
2022-11-15,6260.532833586693,6260.532833586693,6260.532833586693,6260.532833586693,5733.512756355149,54
2022-11-16,6225.157076818104,6225.157076818104,6225.157076818104,6225.157076818104,5701.1149783880255,54
2022-11-17,6157.04981656801,6157.04981656801,6157.04981656801,6157.04981656801,5638.74107894142,54
2022-11-18,6127.195496393237,6127.195496393237,6127.195496393237,6127.195496393237,5611.39993560677,54
2022-11-21,6097.6489745034705,6097.6489745034705,6097.6489745034705,6097.6489745034705,5584.340679683365,54
2022-11-22,6145.853974104923,6145.853974104923,6145.853974104923,6145.853974104923,5628.48771756044,54
2022-11-23,6217.615425573979,6217.615425573979,6217.615425573979,6217.615425573979,5694.208193492626,54
2022-11-24,6195.709385701592,6195.709385701592,6195.709385701592,6195.709385701592,5674.14623353041,54
2022-11-25,6263.6872437164575,6263.6872437164575,6263.6872437164575,6263.6872437164575,5736.401623996056,54
2022-11-28,6211.285858814335,6211.285858814335,6211.285858814335,6211.285858814335,5688.411458178993,54
2022-11-29,6333.000278371949,6333.000278371949,6333.000278371949,6333.000278371949,5799.879794136291,54
2022-11-30,6348.126985915879,6348.126985915879,6348.126985915879,6348.126985915879,5813.733115086785,54
2022-12-01,6358.367755258403,6358.367755258403,6358.367755258403,6358.367755258403,5823.111802687503,54
2022-12-02,6308.51385652097,6308.51385652097,6308.51385652097,6308.51385652097,5777.454672222243,54
2022-12-05,6421.11526923244,6421.11526923244,6421.11526923244,6421.11526923244,5880.577146510898,54
2022-12-06,6427.7319431343285,6427.7319431343285,6427.7319431343285,6427.7319431343285,5886.636819901252,54
2022-12-07,6378.850670318123,6378.850670318123,6378.850670318123,6378.850670318123,5841.870438398541,54
2022-12-08,6372.2150182054065,6372.2150182054065,6372.2150182054065,6372.2150182054065,5835.793384408682,54
2022-12-09,6405.642284911185,6405.642284911185,6405.642284911185,6405.642284911185,5866.406698828097,54
2022-12-12,6305.278508511317,6305.278508511317,6305.278508511317,6305.278508511317,5774.491680161076,54
2022-12-13,6306.00099254594,6306.00099254594,6306.00099254594,6306.00099254594,5775.153344517591,54
2022-12-14,6322.338263128321,6322.338263128321,6322.338263128321,6322.338263128321,5790.1153216811945,54
2022-12-15,6311.7054318179335,6311.7054318179335,6311.7054318179335,6311.7054318179335,5780.377576416571,54
2022-12-16,6331.307230430833,6331.307230430833,6331.307230430833,6331.307230430833,5798.329269248789,54
2022-12-19,6228.563821837668,6228.563821837668,6228.563821837668,6228.563821837668,5704.234939028204,54
2022-12-20,6143.385652060575,6143.385652060575,6143.385652060575,6143.385652060575,5626.227182186818,54
2022-12-21,6123.3808179293555,6123.3808179293555,6123.3808179293555,6123.3808179293555,5607.90638190848,54
2022-12-22,6102.9400922004215,6102.9400922004215,6102.9400922004215,6102.9400922004215,5589.186383973599,54
2022-12-23,6091.366903324106,6091.366903324106,6091.366903324106,6091.366903324106,5578.587441708161,54
2022-12-26,6121.019497774528,6121.019497774528,6121.019497774528,6121.019497774528,5605.743840861349,54
2022-12-27,6189.131036590532,6189.131036590532,6189.131036590532,6189.131036590532,5668.12165869843,54
2022-12-28,6178.213896711295,6178.213896711295,6178.213896711295,6178.213896711295,5658.123538342808,54
2022-12-29,6125.519146191734,6125.519146191734,6125.519146191734,6125.519146191734,5609.864702820694,54
2022-12-30,6152.145496965648,6152.145496965648,6152.145496965648,6152.145496965648,5634.249611561754,54
2023-01-03,6197.894549147983,6197.894549147983,6197.894549147983,6197.894549147983,5676.147446977833,54
2023-01-04,6176.272499938062,6176.272499938062,6176.272499938062,6176.272499938062,5656.345570962018,54
2023-01-05,6262.881575924496,6262.881575924496,6262.881575924496,6262.881575924496,5735.663778402816,54
2023-01-06,6287.679311717533,6287.679311717533,6287.679311717533,6287.679311717533,5758.374007432419,54
2023-01-09,6307.719022030469,6307.719022030469,6307.719022030469,6307.719022030469,5776.726747968572,54
2023-01-10,6305.976477571214,6305.976477571214,6305.976477571214,6305.976477571214,5775.130893246422,54
2023-01-11,6346.809621451033,6346.809621451033,6346.809621451033,6346.809621451033,5812.526648135052,54
2023-01-12,6351.441223464278,6351.441223464278,6351.441223464278,6351.441223464278,5816.768355659183,54
2023-01-13,6411.188913919111,6411.188913919111,6411.188913919111,6411.188913919111,5871.486405143365,54
2023-01-16,6446.278157340322,6446.278157340322,6446.278157340322,6446.278157340322,5903.621788842185,54
2023-01-17,6435.682673145158,6435.682673145158,6435.682673145158,6435.682673145158,5893.918246762377,54
2023-01-18,6420.605844765823,6420.605844765823,6420.605844765823,6420.605844765823,5880.110606081293,54
2023-01-19,6420.389088911393,6420.389088911393,6420.389088911393,6420.389088911393,5879.912097026325,54
2023-01-20,6479.5845135135005,6479.5845135135005,6479.5845135135005,6479.5845135135005,5934.124371140316,54
2023-01-30,6484.349092183306,6484.349092183306,6484.349092183306,6484.349092183306,5938.487861167145,54
2023-01-31,6454.266573999689,6454.266573999689,6454.266573999689,6454.266573999689,5910.937729839067,54
2023-02-01,6491.6308752299765,6491.6308752299765,6491.6308752299765,6491.6308752299765,5945.156653919594,54
2023-02-02,6483.953599991732,6483.953599991732,6483.953599991732,6483.953599991732,5938.125662040376,54
2023-02-03,6411.656508732257,6411.656508732257,6411.656508732257,6411.656508732257,5871.9146371960105,54
2023-02-06,6359.727657898434,6359.727657898434,6359.727657898434,6359.727657898434,5824.3572268936005,54
2023-02-07,6395.6140595365005,6395.6140595365005,6395.6140595365005,6395.6140595365005,5857.2226629580355,54
2023-02-08,6368.561546720076,6368.561546720076,6368.561546720076,6368.561546720076,5832.447467068588,54
2023-02-09,6428.394352361145,6428.394352361145,6428.394352361145,6428.394352361145,5887.243466628109,54
2023-02-10,6395.12792628482,6395.12792628482,6395.12792628482,6395.12792628482,5856.777453057554,54
2023-02-13,6421.804111791765,6421.804111791765,6421.804111791765,6421.804111791765,5881.208001376767,54
2023-02-14,6419.520751394678,6419.520751394678,6419.520751394678,6419.520751394678,5879.116857330079,54
2023-02-15,6364.508421139242,6364.508421139242,6364.508421139242,6364.508421139242,5828.735539052468,54
2023-02-16,6320.9960837346825,6320.9960837346825,6320.9960837346825,6320.9960837346825,5788.88612875476,54
2023-02-17,6275.4762214550055,6275.4762214550055,6275.4762214550055,6275.4762214550055,5747.198189726967,54
2023-02-20,6406.145521494665,6406.145521494665,6406.145521494665,6406.145521494665,5866.867572278894,54
2023-02-21,6443.207468909922,6443.207468909922,6443.207468909922,6443.207468909922,5900.809595095345,54
2023-02-22,6402.253527118509,6402.253527118509,6402.253527118509,6402.253527118509,5863.303211225848,54
2023-02-23,6410.457420702141,6410.457420702141,6410.457420702141,6410.457420702141,5870.8164900095935,54
2023-02-24,6354.600286604299,6354.600286604299,6354.600286604299,6354.600286604299,5819.661484613682,54
2023-02-27,6369.493958191235,6369.493958191235,6369.493958191235,6369.493958191235,5833.301386887581,54
2023-02-28,6388.922414772203,6388.922414772203,6388.922414772203,6388.922414772203,5851.094329853342,54
2023-03-01,6441.813153572522,6441.813153572522,6441.813153572522,6441.813153572522,5899.532655099046,54
2023-03-02,6438.676689434522,6438.676689434522,6438.676689434522,6438.676689434522,5896.660222732171,54
2023-03-03,6489.232515552359,6489.232515552359,6489.232515552359,6489.232515552359,5942.960191386536,54
2023-03-06,6471.980119519747,6471.980119519747,6471.980119519747,6471.980119519747,5927.1601252643695,54
2023-03-07,6452.701088035755,6452.701088035755,6452.701088035755,6452.701088035755,5909.504028589877,54
2023-03-08,6404.7493342380085,6404.7493342380085,6404.7493342380085,6404.7493342380085,5865.58891794402,54
2023-03-09,6382.53752222687,6382.53752222687,6382.53752222687,6382.53752222687,5845.246926153097,54
2023-03-10,6278.712683563718,6278.712683563718,6278.712683563718,6278.712683563718,5750.162202100838,54
2023-03-13,6379.995241113752,6379.995241113752,6379.995241113752,6379.995241113752,5842.91865768462,54
2023-03-14,6333.421072517292,6333.421072517292,6333.421072517292,6333.421072517292,5800.265165264317,54
2023-03-15,6362.4355527392345,6362.4355527392345,6362.4355527392345,6362.4355527392345,5826.837167503337,54
2023-03-16,6269.732380490944,6269.732380490944,6269.732380490944,6269.732380490944,5741.937873023373,54
2023-03-17,6333.243246974679,6333.243246974679,6333.243246974679,6333.243246974679,5787.135154088882,55
2023-03-20,6272.905079390607,6272.905079390607,6272.905079390607,6272.905079390607,5731.999875505371,55
2023-03-21,6299.394481242556,6299.394481242556,6299.394481242556,6299.394481242556,5756.2051274892465,55
2023-03-22,6318.447793771358,6318.447793771358,6318.447793771358,6318.447793771358,5773.615495358812,55
2023-03-23,6382.065150014817,6382.065150014817,6382.065150014817,6382.065150014817,5831.747202032573,55
2023-03-24,6320.918623775663,6320.918623775663,6320.918623775663,6320.918623775663,5775.873268607063,55
2023-03-27,6292.287422613358,6292.287422613358,6292.287422613358,6292.287422613358,5749.710902140354,55
2023-03-28,6337.236960493155,6337.236960493155,6337.236960493155,6337.236960493155,5790.7844944026565,55
2023-03-29,6341.409258974198,6341.409258974198,6341.409258974198,6341.409258974198,5794.597020508381,55
2023-03-30,6393.541499881264,6393.541499881264,6393.541499881264,6393.541499881264,5842.233959790452,55
2023-03-31,6411.085160006115,6411.085160006115,6411.085160006115,6411.085160006115,5858.264850801691,55
2023-04-03,6414.629489580709,6414.629489580709,6414.629489580709,6414.629489580709,5861.503557018858,55
2023-04-04,6474.724417476627,6474.724417476627,6474.724417476627,6474.724417476627,5916.416570185539,55
2023-04-06,6438.856343001329,6438.856343001329,6438.856343001329,6438.856343001329,5883.641357453163,55
2023-04-07,6426.711454831267,6426.711454831267,6426.711454831267,6426.711454831267,5872.5437086608135,55
2023-04-10,6433.195883487694,6433.195883487694,6433.195883487694,6433.195883487694,5878.468992684875,55
2023-04-11,6414.989849872272,6414.989849872272,6414.989849872272,6414.989849872272,5861.8328438676535,55
2023-04-12,6447.305914149626,6447.305914149626,6447.305914149626,6447.305914149626,5891.362332050601,55
2023-04-13,6428.903587630435,6428.903587630435,6428.903587630435,6428.903587630435,5874.546816435106,55
2023-04-14,6449.902271351038,6449.902271351038,6449.902271351038,6449.902271351038,5893.734808433857,55
2023-04-17,6575.328882728629,6575.328882728629,6575.328882728629,6575.328882728629,6008.346031097417,55
2023-04-18,6644.903048090577,6644.903048090577,6644.903048090577,6644.903048090577,6071.920898267544,55
2023-04-19,6591.333393467084,6591.333393467084,6591.333393467084,6591.333393467084,6022.9704917578765,55
2023-04-20,6564.066838410584,6564.066838410584,6564.066838410584,6564.066838410584,5998.055099573351,55
2023-04-21,6460.059407309827,6460.059407309827,6460.059407309827,6460.059407309827,5903.016106542855,55
2023-04-24,6436.851853325618,6436.851853325618,6436.851853325618,6436.851853325618,5881.809712557184,55
2023-04-25,6480.683138617101,6480.683138617101,6480.683138617101,6480.683138617101,5921.861477832488,55
2023-04-26,6458.092949247485,6458.092949247485,6458.092949247485,6458.092949247485,5901.219213839096,55
2023-04-27,6541.2359550892925,6541.2359550892925,6541.2359550892925,6541.2359550892925,5977.192896383752,55
2023-04-28,6599.955271921913,6599.955271921913,6599.955271921913,6599.955271921913,6030.848915806102,55
2023-05-04,6689.862560040437,6689.862560040437,6689.862560040437,6689.862560040437,6113.003604547616,55
2023-05-05,6663.183155223738,6663.183155223738,6663.183155223738,6663.183155223738,6088.624733330466,55
2023-05-08,6864.336515293493,6864.336515293493,6864.336515293493,6864.336515293493,6272.432876492953,55
2023-05-09,6808.03631398309,6808.03631398309,6808.03631398309,6808.03631398309,6220.987375115542,55
2023-05-10,6699.322420368218,6699.322420368218,6699.322420368218,6699.322420368218,6121.647752280585,55
2023-05-11,6668.995516159482,6668.995516159482,6668.995516159482,6668.995516159482,6093.935901240457,55
2023-05-12,6600.325128337838,6600.325128337838,6600.325128337838,6600.325128337838,6031.186879939658,55
2023-05-15,6732.530705854152,6732.530705854152,6732.530705854152,6732.530705854152,6151.9925264899875,55
2023-05-16,6698.188592885213,6698.188592885213,6698.188592885213,6698.188592885213,6120.611693403689,55
2023-05-17,6636.995654181452,6636.995654181452,6636.995654181452,6636.995654181452,6064.695349605634,55
2023-05-18,6687.408492081352,6687.408492081352,6687.408492081352,6687.408492081352,6110.761147973201,55
2023-05-19,6660.419508742804,6660.419508742804,6660.419508742804,6660.419508742804,6086.099392824883,55
2023-05-22,6690.8978707118185,6690.8978707118185,6690.8978707118185,6690.8978707118185,6113.949641601319,55
2023-05-23,6566.208058977362,6566.208058977362,6566.208058977362,6566.208058977362,6000.011685216982,55
2023-05-24,6435.986593428452,6435.986593428452,6435.986593428452,6435.986593428452,5881.01906300007,55
2023-05-25,6412.696484176184,6412.696484176184,6412.696484176184,6412.696484176184,5859.737232389702,55
2023-05-26,6394.216405148958,6394.216405148958,6394.216405148958,6394.216405148958,5842.850668773203,55
2023-05-29,6410.476412367882,6410.476412367882,6410.476412367882,6410.476412367882,5857.70859475407,55
2023-05-30,6406.953310286048,6406.953310286048,6406.953310286048,6406.953310286048,5854.489285608006,55
2023-05-31,6311.707691533595,6311.707691533595,6311.707691533595,6311.707691533595,5767.456584184676,55
2023-06-01,6345.89637129765,6345.89637129765,6345.89637129765,6345.89637129765,5798.697214430319,55
2023-06-02,6403.739684777124,6403.739684777124,6403.739684777124,6403.739684777124,5851.552767235108,55
2023-06-05,6392.724694696178,6392.724694696178,6392.724694696178,6392.724694696178,5841.487586752764,55
2023-06-06,6369.335670885333,6369.335670885333,6369.335670885333,6369.335670885333,5820.115370869501,55
2023-06-07,6340.27247900176,6340.27247900176,6340.27247900176,6340.27247900176,5793.558263731733,55
2023-06-08,6416.0134827481725,6416.0134827481725,6416.0134827481725,6416.0134827481725,5862.7682100884,55
2023-06-09,6452.790908699383,6452.790908699383,6452.790908699383,6452.790908699383,5896.374361991822,55
2023-06-12,6444.016821367176,6444.016821367176,6444.016821367176,6444.016821367176,5888.356853858131,54
2023-06-13,6445.358096252287,6445.358096252287,6445.358096252287,6445.358096252287,5889.582472192408,54
2023-06-14,6455.330704663856,6455.330704663856,6455.330704663856,6455.330704663856,5898.695154346867,54
2023-06-15,6520.909039982934,6520.909039982934,6520.909039982934,6520.909039982934,5958.618747184226,54
2023-06-16,6545.812854723102,6545.812854723102,6545.812854723102,6545.812854723102,5981.375135362209,54
2023-06-19,6492.935783016538,6492.935783016538,6492.935783016538,6492.935783016538,5933.057591161691,54
2023-06-20,6462.615390247236,6462.615390247236,6462.615390247236,6462.615390247236,5905.351690087256,54
2023-06-21,6400.384396565108,6400.384396565108,6400.384396565108,6400.384396565108,5848.486801566867,54
2023-06-26,6305.424099742203,6305.424099742203,6305.424099742203,6305.424099742203,5761.714819099739,54
2023-06-27,6388.906428368759,6388.906428368759,6388.906428368759,6388.906428368759,5837.998565025767,54
2023-06-28,6406.603818474049,6406.603818474049,6406.603818474049,6406.603818474049,5854.169930062609,54
2023-06-29,6379.931417526391,6379.931417526391,6379.931417526391,6379.931417526391,5829.797458779135,54
2023-06-30,6410.5066206005995,6410.5066206005995,6410.5066206005995,6410.5066206005995,5857.7361981665235,54
2023-07-03,6531.169076139428,6531.169076139428,6531.169076139428,6531.169076139428,5967.99407252829,54
2023-07-04,6521.491598282035,6521.491598282035,6521.491598282035,6521.491598282035,5959.151072168531,54
2023-07-05,6497.151323719769,6497.151323719769,6497.151323719769,6497.151323719769,5936.909630763805,54
2023-07-06,6448.05544801811,6448.05544801811,6448.05544801811,6448.05544801811,5892.047234497947,54
2023-07-07,6427.746313063359,6427.746313063359,6427.746313063359,6427.746313063359,5873.4893322885355,54
2023-07-10,6424.142903123149,6424.142903123149,6424.142903123149,6424.142903123149,5870.196640135974,54
2023-07-11,6455.569506825371,6455.569506825371,6455.569506825371,6455.569506825371,5898.91336487975,54
2023-07-12,6431.924803696127,6431.924803696127,6431.924803696127,6431.924803696127,5877.307516604049,54
2023-07-13,6530.892783886335,6530.892783886335,6530.892783886335,6530.892783886335,5967.741604630198,54
2023-07-14,6567.693229102542,6567.693229102542,6567.693229102542,6567.693229102542,6001.368790874555,54
2023-07-17,6492.343120904909,6492.343120904909,6492.343120904909,6492.343120904909,5932.516033604696,54
2023-07-18,6467.9425964029615,6467.9425964029615,6467.9425964029615,6467.9425964029615,5910.2195375415,54
2023-07-19,6469.945889200266,6469.945889200266,6469.945889200266,6469.945889200266,5912.050088764486,54
2023-07-20,6408.6422177326285,6408.6422177326285,6408.6422177326285,6408.6422177326285,5856.032560558136,54
2023-07-21,6404.431597668867,6404.431597668867,6404.431597668867,6404.431597668867,5852.185017294557,54
2023-07-24,6382.7376172870445,6382.7376172870445,6382.7376172870445,6382.7376172870445,5832.361683245335,54
2023-07-25,6566.273778995227,6566.273778995227,6566.273778995227,6566.273778995227,6000.071738275251,54
2023-07-26,6541.659464491657,6541.659464491657,6541.659464491657,6541.659464491657,5977.579887070032,54
2023-07-27,6546.1316059434985,6546.1316059434985,6546.1316059434985,6546.1316059434985,5981.666401040954,54
2023-07-28,6676.068192209438,6676.068192209438,6676.068192209438,6676.068192209438,6100.398708779351,54
2023-07-31,6680.7214037249105,6680.7214037249105,6680.7214037249105,6680.7214037249105,6104.650679355954,54
2023-08-01,6668.537798863058,6668.537798863058,6668.537798863058,6668.537798863058,6093.517652366467,54
2023-08-02,6591.903718420314,6591.903718420314,6591.903718420314,6591.903718420314,6023.491638263294,54
2023-08-03,6648.0422373124275,6648.0422373124275,6648.0422373124275,6648.0422373124275,6074.789398906582,54
2023-08-04,6691.878004531769,6691.878004531769,6691.878004531769,6691.878004531769,6114.845259638394,54
2023-08-07,6630.675592883008,6630.675592883008,6630.675592883008,6630.675592883008,6058.920259736211,54
2023-08-08,6622.762140593658,6622.762140593658,6622.762140593658,6622.762140593658,6051.689175101055,54
2023-08-09,6601.371206046869,6601.371206046869,6601.371206046869,6601.371206046869,6032.142755602062,54
2023-08-10,6634.312346903659,6634.312346903659,6634.312346903659,6634.312346903659,6062.2434207485,54
2023-08-11,6503.509733429399,6503.509733429399,6503.509733429399,6503.509733429399,5942.71976230617,54
2023-08-14,6457.066768299102,6457.066768299102,6457.066768299102,6457.066768299102,5900.2815192631515,54
2023-08-15,6485.918511476943,6485.918511476943,6485.918511476943,6485.918511476943,5926.6454106676065,54
2023-08-16,6417.097502516364,6417.097502516364,6417.097502516364,6417.097502516364,5863.758756110973,54
2023-08-17,6430.854985613143,6430.854985613143,6430.854985613143,6430.854985613143,5876.329947672134,54
2023-08-18,6385.13863465937,6385.13863465937,6385.13863465937,6385.13863465937,5834.555663722496,54
2023-08-21,6298.243173592491,6298.243173592491,6298.243173592491,6298.243173592491,5755.153095739478,54
2023-08-22,6402.63293680419,6402.63293680419,6402.63293680419,6402.63293680419,5850.541452834086,54
2023-08-23,6355.839236806949,6355.839236806949,6355.839236806949,6355.839236806949,5807.7827183778845,54
2023-08-24,6366.490427389927,6366.490427389927,6366.490427389927,6366.490427389927,5817.5154693637405,54
2023-08-25,6342.252889663992,6342.252889663992,6342.252889663992,6342.252889663992,5795.367905919164,54
2023-08-28,6419.36654132336,6419.36654132336,6419.36654132336,6419.36654132336,5865.832138378776,54
2023-08-29,6455.805226118576,6455.805226118576,6455.805226118576,6455.805226118576,5899.128758376419,54
2023-08-30,6444.803148974577,6444.803148974577,6444.803148974577,6444.803148974577,5889.075377363705,54
2023-08-31,6429.439587517506,6429.439587517506,6429.439587517506,6429.439587517506,5875.036597684321,54
2023-09-01,6519.2946757345835,6519.2946757345835,6519.2946757345835,6519.2946757345835,5957.143587660304,54
2023-09-04,6628.461806516255,6628.461806516255,6628.461806516255,6628.461806516255,6056.89736555592,54
2023-09-05,6579.246367076022,6579.246367076022,6579.246367076022,6579.246367076022,6011.925715391597,54
2023-09-06,6570.495121863632,6570.495121863632,6570.495121863632,6570.495121863632,6003.929079728682,54
2023-09-07,6521.0619561975855,6521.0619561975855,6521.0619561975855,6521.0619561975855,5958.758477614112,54
2023-09-08,6489.791803055259,6489.791803055259,6489.791803055259,6489.791803055259,5930.18471288304,54
2023-09-11,6531.043694046437,6531.043694046437,6531.043694046437,6531.043694046437,5967.879501985248,54
2023-09-12,6510.688215742401,6510.688215742401,6510.688215742401,6510.688215742401,5949.279252558881,54
2023-09-13,6503.551793492452,6503.551793492452,6503.551793492452,6503.551793492452,5942.758195579611,54
2023-09-14,6548.723753162453,6548.723753162453,6548.723753162453,6548.723753162453,5984.035030463575,54
2023-09-15,6504.07910223709,6504.07910223709,6504.07910223709,6504.07910223709,5931.9111183803025,55
2023-09-18,6498.495278232406,6498.495278232406,6498.495278232406,6498.495278232406,5926.818506932039,55
2023-09-19,6545.492540584413,6545.492540584413,6545.492540584413,6545.492540584413,5969.681390162259,55
2023-09-20,6548.692858721795,6548.692858721795,6548.692858721795,6548.692858721795,5972.6001742734425,55
2023-09-21,6512.9767962325195,6512.9767962325195,6512.9767962325195,6512.9767962325195,5940.026076564202,55
2023-09-22,6662.011985269233,6662.011985269233,6662.011985269233,6662.011985269233,6075.950545037028,55
2023-09-25,6596.675638580282,6596.675638580282,6596.675638580282,6596.675638580282,6016.3618784069995,55
2023-09-26,6601.0471550854445,6601.0471550854445,6601.0471550854445,6601.0471550854445,6020.348829819112,55
2023-09-27,6580.501161807335,6580.501161807335,6580.501161807335,6580.501161807335,6001.610280664219,55
2023-09-28,6555.167647373566,6555.167647373566,6555.167647373566,6555.167647373566,5978.505371640952,55
2023-10-09,6538.939524264378,6538.939524264378,6538.939524264378,6538.939524264378,5963.70484686432,55
2023-10-10,6456.260582863029,6456.260582863029,6456.260582863029,6456.260582863029,5888.299224631668,55
2023-10-11,6475.750688360543,6475.750688360543,6475.750688360543,6475.750688360543,5906.074773126972,55
2023-10-12,6542.821063895164,6542.821063895164,6542.821063895164,6542.821063895164,5967.244924979972,55
2023-10-13,6500.2318546826555,6500.2318546826555,6500.2318546826555,6500.2318546826555,5928.402315645191,55
2023-10-16,6493.26909166523,6493.26909166523,6493.26909166523,6493.26909166523,5922.052071327974,55
2023-10-17,6538.617171554958,6538.617171554958,6538.617171554958,6538.617171554958,5963.410851728193,55
2023-10-18,6493.555253535657,6493.555253535657,6493.555253535657,6493.555253535657,5922.313059356281,55
2023-10-19,6357.088642984469,6357.088642984469,6357.088642984469,6357.088642984469,5797.851503509299,55
2023-10-20,6269.390010138902,6269.390010138902,6269.390010138902,6269.390010138902,5717.867775287968,55
2023-10-23,6179.270600259499,6179.270600259499,6179.270600259499,6179.270600259499,5635.676227331296,55
2023-10-24,6155.0454646370845,6155.0454646370845,6155.0454646370845,6155.0454646370845,5613.582192328947,55
2023-10-25,6103.08922637676,6103.08922637676,6103.08922637676,6103.08922637676,5566.196577461558,55
2023-10-26,6160.826732208278,6160.826732208278,6160.826732208278,6160.826732208278,5618.854878107337,55
2023-10-27,6159.625485966121,6159.625485966121,6159.625485966121,6159.625485966121,5617.759306262691,55
2023-10-30,6100.507308507786,6100.507308507786,6100.507308507786,6100.507308507786,5563.841792553046,55
2023-10-31,6129.773658308741,6129.773658308741,6129.773658308741,6129.773658308741,5590.533562909742,55
2023-11-01,6120.904969116582,6120.904969116582,6120.904969116582,6120.904969116582,5582.4450579580825,55
2023-11-02,6125.881550640371,6125.881550640371,6125.881550640371,6125.881550640371,5586.983846433508,55
2023-11-03,6139.813937853954,6139.813937853954,6139.813937853954,6139.813937853954,5599.690592664409,55
2023-11-06,6149.184751334615,6149.184751334615,6149.184751334615,6149.184751334615,5608.237049710893,55
2023-11-07,6155.696557487757,6155.696557487757,6155.696557487757,6155.696557487757,5614.176008126586,55
2023-11-08,6125.134309520856,6125.134309520856,6125.134309520856,6125.134309520856,5586.3023405915155,55
2023-11-09,6152.71887520875,6152.71887520875,6152.71887520875,6152.71887520875,5611.460274455424,55
2023-11-10,6108.2770298334,6108.2770298334,6108.2770298334,6108.2770298334,5570.928006541784,55
2023-11-13,6151.115039615106,6151.115039615106,6151.115039615106,6151.115039615106,5609.997529301123,55
2023-11-14,6155.652690470365,6155.652690470365,6155.652690470365,6155.652690470365,5614.136000118672,55
2023-11-15,6194.526075485222,6194.526075485222,6194.526075485222,6194.526075485222,5649.589668678667,55
2023-11-16,6150.875643885096,6150.875643885096,6150.875643885096,6150.875643885096,5609.779193366056,55
2023-11-17,6138.988767576222,6138.988767576222,6138.988767576222,6138.988767576222,5598.938013141915,55
2023-11-20,6151.6549835655405,6151.6549835655405,6151.6549835655405,6151.6549835655405,5610.489974038116,55
2023-11-21,6158.43529143247,6158.43529143247,6158.43529143247,6158.43529143247,5616.67381390071,55
2023-11-22,6115.111191350827,6115.111191350827,6115.111191350827,6115.111191350827,5577.160962514919,55
2023-11-23,6129.939177283421,6129.939177283421,6129.939177283421,6129.939177283421,5590.68452107473,55
2023-11-24,6091.059205721085,6091.059205721085,6091.059205721085,6091.059205721085,5555.224845390035,55
2023-11-27,6038.2143461396645,6038.2143461396645,6038.2143461396645,6038.2143461396645,5507.028781785511,55
2023-11-28,6038.587327399586,6038.587327399586,6038.587327399586,6038.587327399586,5507.3689516462855,55
2023-11-29,5990.712056990271,5990.712056990271,5990.712056990271,5990.712056990271,5463.705299287138,55
2023-11-30,6038.163988993128,6038.163988993128,6038.163988993128,6038.163988993128,5506.98285458925,55
2023-12-01,6068.426882016114,6068.426882016114,6068.426882016114,6068.426882016114,5534.583501625608,55
2023-12-04,6048.77201624064,6048.77201624064,6048.77201624064,6048.77201624064,5516.657686919003,55
2023-12-05,5936.2065336686255,5936.2065336686255,5936.2065336686255,5936.2065336686255,5413.994661590004,55
2023-12-06,5893.768771249272,5893.768771249272,5893.768771249272,5893.768771249272,5375.290176177464,55
2023-12-07,5912.820241986871,5912.820241986871,5912.820241986871,5912.820241986871,5392.665676892237,55
2023-12-08,5976.543018985015,5976.543018985015,5976.543018985015,5976.543018985015,5450.782720585531,55
2023-12-11,5990.901691030588,5990.901691030588,5990.901691030588,5990.901691030588,5463.878251100069,55
2023-12-12,6024.463674638318,6024.463674638318,6024.463674638318,6024.463674638318,5494.487765619828,55
2023-12-13,5956.527683154688,5956.527683154688,5956.527683154688,5956.527683154688,5432.528146604536,55
2023-12-14,5937.356077828431,5937.356077828431,5937.356077828431,5937.356077828431,5415.043079617435,55
2023-12-15,5890.564580263131,5890.564580263131,5890.564580263131,5890.564580263131,5372.367859914495,55
2023-12-18,5912.071739223635,5912.071739223635,5912.071739223635,5912.071739223635,5391.983020394125,55
2023-12-19,5919.923304589707,5919.923304589707,5919.923304589707,5919.923304589707,5399.14387855092,55
2023-12-20,5859.585198099994,5859.585198099994,5859.585198099994,5859.585198099994,5344.113753744283,55
2023-12-21,5871.869190890766,5871.869190890766,5871.869190890766,5871.869190890766,5355.317115860315,55
2023-12-22,5887.666032712799,5887.666032712799,5887.666032712799,5887.666032712799,5369.724299439492,55
2023-12-25,5904.972568952425,5904.972568952425,5904.972568952425,5904.972568952425,5385.508368656175,55
2023-12-26,5889.481344802134,5889.481344802134,5889.481344802134,5889.481344802134,5371.379917367379,55
2023-12-27,5935.6351579222255,5935.6351579222255,5935.6351579222255,5935.6351579222255,5413.473550132169,55
2023-12-28,5995.858958855171,5995.858958855171,5995.858958855171,5995.858958855171,5468.399424914717,55
2023-12-29,6026.88531172598,6026.88531172598,6026.88531172598,6026.88531172598,5496.696369749511,55
2024-01-02,5984.216268948644,5984.216268948644,5984.216268948644,5984.216268948644,5457.780949859482,55
2024-01-03,6004.089042141069,6004.089042141069,6004.089042141069,6004.089042141069,5475.90550252869,55
2024-01-04,5990.652590727373,5990.652590727373,5990.652590727373,5990.652590727373,5463.651064309286,55
2024-01-05,5961.1980434772295,5961.1980434772295,5961.1980434772295,5961.1980434772295,5436.787652352951,55
2024-01-08,5891.509716833136,5891.509716833136,5891.509716833136,5891.509716833136,5373.229852218074,55
2024-01-09,5889.6826071470205,5889.6826071470205,5889.6826071470205,5889.6826071470205,5371.563474535515,55
2024-01-10,5831.177237315044,5831.177237315044,5831.177237315044,5831.177237315044,5318.2048593747795,55
2024-01-11,5802.310479259128,5802.310479259128,5802.310479259128,5802.310479259128,5291.877528422641,55
2024-01-12,5803.963663229061,5803.963663229061,5803.963663229061,5803.963663229061,5293.3852807451185,55
2024-01-15,5814.185554582044,5814.185554582044,5814.185554582044,5814.185554582044,5302.707945801079,55
2024-01-16,5845.156763802822,5845.156763802822,5845.156763802822,5845.156763802822,5330.954598007881,55
2024-01-17,5750.23706632109,5750.23706632109,5750.23706632109,5750.23706632109,5244.385046808617,55
2024-01-18,5791.259366230959,5791.259366230959,5791.259366230959,5791.259366230959,5281.7985888507465,55
2024-01-19,5786.319335520871,5786.319335520871,5786.319335520871,5786.319335520871,5277.2931357906455,55
2024-01-22,5727.743399630792,5727.743399630792,5727.743399630792,5727.743399630792,5223.870162312912,55
2024-01-23,5741.8292700627935,5741.8292700627935,5741.8292700627935,5741.8292700627935,5236.716889745688,55
2024-01-24,5908.668684180645,5908.668684180645,5908.668684180645,5908.668684180645,5388.879334272129,55
2024-01-25,6158.597380660887,6158.597380660887,6158.597380660887,6158.597380660887,5616.821644036399,55
2024-01-26,6204.704105459642,6204.704105459642,6204.704105459642,6204.704105459642,5658.8723308694925,55
2024-01-29,6199.930816702712,6199.930816702712,6199.930816702712,6199.930816702712,5654.518951366662,55
2024-01-30,6143.308487418681,6143.308487418681,6143.308487418681,6143.308487418681,5602.877724476754,55
2024-01-31,6117.501977685198,6117.501977685198,6117.501977685198,6117.501977685198,5579.341429851742,55
2024-02-01,6091.24652834052,6091.24652834052,6091.24652834052,6091.24652834052,5555.395689119254,55
2024-02-02,6067.74983756777,6067.74983756777,6067.74983756777,6067.74983756777,5533.966017208886,55
2024-02-05,6156.480354888273,6156.480354888273,6156.480354888273,6156.480354888273,5614.890854370244,55
2024-02-06,6285.109558749638,6285.109558749638,6285.109558749638,6285.109558749638,5732.204465188906,55
2024-02-07,6295.168396659887,6295.168396659887,6295.168396659887,6295.168396659887,5741.378420717409,55
2024-02-08,6303.077577877389,6303.077577877389,6303.077577877389,6303.077577877389,5748.591826222464,55
2024-02-19,6506.815109841585,6506.815109841585,6506.815109841585,6506.815109841585,5934.4064376520955,55
2024-02-20,6552.075729298921,6552.075729298921,6552.075729298921,6552.075729298921,5975.685451569901,55
2024-02-21,6585.381118641776,6585.381118641776,6585.381118641776,6585.381118641776,6006.060944585801,55
2024-02-22,6697.864708172565,6697.864708172565,6697.864708172565,6697.864708172565,6108.649281056603,55
2024-02-23,6696.697883715618,6696.697883715618,6696.697883715618,6696.697883715618,6107.585102890785,55
2024-02-26,6558.863883181296,6558.863883181296,6558.863883181296,6558.863883181296,5981.876447228961,55
2024-02-27,6654.599519196071,6654.599519196071,6654.599519196071,6654.599519196071,6069.190158328497,55
2024-02-28,6577.213575953047,6577.213575953047,6577.213575953047,6577.213575953047,5998.611905832805,55
2024-02-29,6672.686053083963,6672.686053083963,6672.686053083963,6672.686053083963,6085.685608303213,55
2024-03-01,6738.306855133148,6738.306855133148,6738.306855133148,6738.306855133148,6145.533706574144,55
2024-03-04,6830.358134176306,6830.358134176306,6830.358134176306,6830.358134176306,6229.487175932999,55
2024-03-05,6919.412488372006,6919.412488372006,6919.412488372006,6919.412488372006,6310.707361833252,55
2024-03-06,6852.017419271865,6852.017419271865,6852.017419271865,6852.017419271865,6249.241079914629,55
2024-03-07,6860.348295783902,6860.348295783902,6860.348295783902,6860.348295783902,6256.8390839104,55
2024-03-08,6939.223841688025,6939.223841688025,6939.223841688025,6939.223841688025,6328.775897771728,55
2024-03-11,6938.560090160107,6938.560090160107,6938.560090160107,6938.560090160107,6328.17053688875,55
2024-03-12,6808.877175595325,6808.877175595325,6808.877175595325,6808.877175595325,6209.8959109688085,55
2024-03-13,6749.195397594766,6749.195397594766,6749.195397594766,6749.195397594766,6155.464377015839,55
2024-03-14,6744.96534858544,6744.96534858544,6744.96534858544,6744.96534858544,6151.606448113792,55
2024-03-15,6764.0271862805685,6764.0271862805685,6764.0271862805685,6764.0271862805685,6160.611329463672,55
2024-03-18,6788.772286856345,6788.772286856345,6788.772286856345,6788.772286856345,6183.14893062309,55
2024-03-19,6756.6808776518355,6756.6808776518355,6756.6808776518355,6756.6808776518355,6153.920381760253,55
2024-03-20,6812.765589448613,6812.765589448613,6812.765589448613,6812.765589448613,6205.001801362726,55
2024-03-21,6820.149891072607,6820.149891072607,6820.149891072607,6820.149891072607,6211.727352723197,55
2024-03-22,6812.062142607829,6812.062142607829,6812.062142607829,6812.062142607829,6204.3611087017325,55
2024-03-25,6838.877324617038,6838.877324617038,6838.877324617038,6838.877324617038,6228.784120250627,55
2024-03-26,6836.326141428943,6836.326141428943,6836.326141428943,6836.326141428943,6226.460526980039,55
2024-03-27,6836.63099807508,6836.63099807508,6836.63099807508,6836.63099807508,6226.738187500367,55
2024-03-28,6817.935689024236,6817.935689024236,6817.935689024236,6817.935689024236,6209.71067865474,55
2024-03-29,6933.648468710731,6933.648468710731,6933.648468710731,6933.648468710731,6315.100772731572,55
2024-04-01,6938.146498198188,6938.146498198188,6938.146498198188,6938.146498198188,6319.197535009063,55
2024-04-02,6979.209778751525,6979.209778751525,6979.209778751525,6979.209778751525,6356.597578568164,55
2024-04-03,6984.467143668295,6984.467143668295,6984.467143668295,6984.467143668295,6361.385936299054,55
2024-04-08,7060.505088418999,7060.505088418999,7060.505088418999,7060.505088418999,6430.640569818335,55
2024-04-09,6984.487126685698,6984.487126685698,6984.487126685698,6984.487126685698,6361.404136640363,55
2024-04-10,7011.067327573251,7011.067327573251,7011.067327573251,7011.067327573251,6385.6131296289495,55
2024-04-11,7016.927437972778,7016.927437972778,7016.927437972778,7016.927437972778,6390.950462186167,55
2024-04-12,7025.0444079898725,7025.0444079898725,7025.0444079898725,7025.0444079898725,6398.343320918263,55
2024-04-15,7208.290322406952,7208.290322406952,7208.290322406952,7208.290322406952,6565.241948813424,55
2024-04-16,7227.789458704417,7227.789458704417,7227.789458704417,7227.789458704417,6583.001575834523,55
2024-04-17,7307.527598834713,7307.527598834713,7307.527598834713,7307.527598834713,6655.626311949338,55
2024-04-18,7287.525977733489,7287.525977733489,7287.525977733489,7287.525977733489,6637.40902657033,55
2024-04-19,7317.264205383549,7317.264205383549,7317.264205383549,7317.264205383549,6664.494320158553,55
2024-04-22,7175.063384564373,7175.063384564373,7175.063384564373,7175.063384564373,6534.979171317264,55
2024-04-23,7095.073134406618,7095.073134406618,7095.073134406618,7095.073134406618,6462.124815798407,55
2024-04-24,7137.326903914527,7137.326903914527,7137.326903914527,7137.326903914527,6500.609145321942,55
2024-04-25,7149.636300804003,7149.636300804003,7149.636300804003,7149.636300804003,6511.820426389822,55
2024-04-26,7156.605942023998,7156.605942023998,7156.605942023998,7156.605942023998,6518.168309016504,55
2024-04-29,7072.087875362833,7072.087875362833,7072.087875362833,7072.087875362833,6441.190061490646,55
2024-04-30,7106.583488118613,7106.583488118613,7106.583488118613,7106.583488118613,6472.608335975275,55
2024-05-06,7051.523672031559,7051.523672031559,7051.523672031559,7051.523672031559,6422.460381592109,55
2024-05-07,7064.89253665588,7064.89253665588,7064.89253665588,7064.89253665588,6434.636615749433,55
2024-05-08,7095.456261115834,7095.456261115834,7095.456261115834,7095.456261115834,6462.4737639443,55
2024-05-09,7077.206316969565,7077.206316969565,7077.206316969565,7077.206316969565,6445.851889198198,55
2024-05-10,7087.844134584224,7087.844134584224,7087.844134584224,7087.844134584224,6455.54071183489,55
2024-05-13,7101.556267350926,7101.556267350926,7101.556267350926,7101.556267350926,6468.029591336291,55
2024-05-14,7054.225815826332,7054.225815826332,7054.225815826332,7054.225815826332,6424.921468340797,55
2024-05-15,7025.756010503238,7025.756010503238,7025.756010503238,7025.756010503238,6398.991441687915,55
2024-05-16,7025.6177882422835,7025.6177882422835,7025.6177882422835,7025.6177882422835,6398.865550173382,55
2024-05-17,7069.010511792772,7069.010511792772,7069.010511792772,7069.010511792772,6438.387228155936,55
2024-05-20,7133.425071970506,7133.425071970506,7133.425071970506,7133.425071970506,6497.05539407021,55
2024-05-21,7155.965228681955,7155.965228681955,7155.965228681955,7155.965228681955,6517.584753426732,55
2024-05-22,7152.2078236397165,7152.2078236397165,7152.2078236397165,7152.2078236397165,6514.162544817112,55
2024-05-23,7116.482206334428,7116.482206334428,7116.482206334428,7116.482206334428,6481.623993941761,55
2024-05-24,7082.023104117894,7082.023104117894,7082.023104117894,7082.023104117894,6450.238972907411,55
2024-05-27,7192.293958323051,7192.293958323051,7192.293958323051,7192.293958323051,6550.672613254661,55
2024-05-28,7206.663149355068,7206.663149355068,7206.663149355068,7206.663149355068,6563.75993514577,55
2024-05-29,7211.929287360082,7211.929287360082,7211.929287360082,7211.929287360082,6568.5562833216045,55
2024-05-30,7148.986060754635,7148.986060754635,7148.986060754635,7148.986060754635,6511.228193966047,55
2024-05-31,7126.57391936517,7126.57391936517,7126.57391936517,7126.57391936517,6490.815429741572,55
2024-06-03,7178.5002968753115,7178.5002968753115,7178.5002968753115,7178.5002968753115,6538.109478209597,55
2024-06-04,7168.657541004635,7168.657541004635,7168.657541004635,7168.657541004635,6529.144790212331,55
2024-06-05,7144.631295663804,7144.631295663804,7144.631295663804,7144.631295663804,6507.261915532078,55
2024-06-06,7223.338741576355,7223.338741576355,7223.338741576355,7223.338741576355,6578.947905201886,55
2024-06-07,7258.8216296755245,7258.8216296755245,7258.8216296755245,7258.8216296755245,6611.265380635636,55
2024-06-11,7150.8163826568025,7150.8163826568025,7150.8163826568025,7150.8163826568025,6512.895233665405,55
2024-06-12,7197.677489410896,7197.677489410896,7197.677489410896,7197.677489410896,6555.575881928621,55
2024-06-13,7220.754469053007,7220.754469053007,7220.754469053007,7220.754469053007,6576.594174480926,55
2024-06-14,7218.946006433738,7218.946006433738,7218.946006433738,7218.946006433738,6574.947044007564,55
2024-06-17,7142.720072833046,7142.720072833046,7142.720072833046,7142.720072833046,6505.521192039989,55
2024-06-18,7193.031823120888,7193.031823120888,7193.031823120888,7193.031823120888,6551.344653462068,55
2024-06-19,7230.897202392419,7230.897202392419,7230.897202392419,7230.897202392419,6585.832079090366,55
2024-06-20,7277.909032543196,7277.909032543196,7277.909032543196,7277.909032543196,6628.650004783087,55
2024-06-21,7253.622676711791,7253.622676711791,7253.622676711791,7253.622676711791,6606.530223953434,55
2024-06-24,7255.113102858472,7255.113102858472,7255.113102858472,7255.113102858472,6607.887689846474,55
2024-06-25,7237.640095273979,7237.640095273979,7237.640095273979,7237.640095273979,6591.9734414970335,55
2024-06-26,7265.777126031957,7265.777126031957,7265.777126031957,7265.777126031957,6617.600380255744,55
2024-06-27,7276.38993078161,7276.38993078161,7276.38993078161,7276.38993078161,6627.266421413992,55
2024-06-28,7409.026025602365,7409.026025602365,7409.026025602365,7409.026025602365,6748.070109209026,55
2024-07-01,7533.217620078911,7533.217620078911,7533.217620078911,7533.217620078911,6861.182626779654,55
2024-07-02,7608.655744118888,7608.655744118888,7608.655744118888,7608.655744118888,6929.890949327028,55
2024-07-03,7550.392196864624,7550.392196864624,7550.392196864624,7550.392196864624,6876.825067209139,55
2024-07-04,7578.081431337191,7578.081431337191,7578.081431337191,7578.081431337191,6902.044157389892,55
2024-07-05,7499.083044580783,7499.083044580783,7499.083044580783,7499.083044580783,6830.093181579504,55
2024-07-08,7568.3555439203965,7568.3555439203965,7568.3555439203965,7568.3555439203965,6893.185912063716,55
2024-07-09,7650.563397904552,7650.563397904552,7650.563397904552,7650.563397904552,6968.060039957955,55
2024-07-10,7580.830774931297,7580.830774931297,7580.830774931297,7580.830774931297,6904.548233264807,55
2024-07-11,7578.680388669067,7578.680388669067,7578.680388669067,7578.680388669067,6902.589682004592,55
2024-07-12,7564.706868724821,7564.706868724821,7564.706868724821,7564.706868724821,6889.862733559497,55
2024-07-15,7676.970660391687,7676.970660391687,7676.970660391687,7676.970660391687,6992.111522303907,55
2024-07-16,7721.981656481827,7721.981656481827,7721.981656481827,7721.981656481827,7033.107107452618,55
2024-07-17,7640.853713661125,7640.853713661125,7640.853713661125,7640.853713661125,6959.216552327258,55
2024-07-18,7687.604873734192,7687.604873734192,7687.604873734192,7687.604873734192,7001.79706220396,55
2024-07-19,7670.03290863566,7670.03290863566,7670.03290863566,7670.03290863566,6985.792684296295,55
2024-07-22,7578.549226837889,7578.549226837889,7578.549226837889,7578.549226837889,6902.470221062035,55
2024-07-23,7588.554332054645,7588.554332054645,7588.554332054645,7588.554332054645,6911.582775292426,55
2024-07-24,7663.524406543101,7663.524406543101,7663.524406543101,7663.524406543101,6979.864802780593,55
2024-07-25,7552.542064711827,7552.542064711827,7552.542064711827,7552.542064711827,6878.7831463019,55
2024-07-26,7469.337413206372,7469.337413206372,7469.337413206372,7469.337413206372,6803.001144749885,55
2024-07-29,7535.342310416243,7535.342310416243,7535.342310416243,7535.342310416243,6863.117774437001,55
2024-07-30,7444.232732842583,7444.232732842583,7444.232732842583,7444.232732842583,6780.136041755411,55
2024-07-31,7417.264085337734,7417.264085337734,7417.264085337734,7417.264085337734,6755.573255299486,55
2024-08-01,7454.874035969804,7454.874035969804,7454.874035969804,7454.874035969804,6789.82803896364,55
2024-08-02,7406.280501890495,7406.280501890495,7406.280501890495,7406.280501890495,6745.56951244635,55
2024-08-05,7270.636945262193,7270.636945262193,7270.636945262193,7270.636945262193,6622.026657173976,55
2024-08-06,7233.543395173754,7233.543395173754,7233.543395173754,7233.543395173754,6588.242206190637,55
2024-08-07,7271.820333870617,7271.820333870617,7271.820333870617,7271.820333870617,6623.104476210984,55
2024-08-08,7257.279689810947,7257.279689810947,7257.279689810947,7257.279689810947,6609.86099654056,55
2024-08-09,7284.97808162991,7284.97808162991,7284.97808162991,7284.97808162991,6635.0884271449095,55
2024-08-12,7299.891997850851,7299.891997850851,7299.891997850851,7299.891997850851,6648.67187953312,55
2024-08-13,7347.027347433691,7347.027347433691,7347.027347433691,7347.027347433691,6691.602305544307,55
2024-08-14,7368.322185474779,7368.322185474779,7368.322185474779,7368.322185474779,6710.997440555164,55
2024-08-15,7441.398945013416,7441.398945013416,7441.398945013416,7441.398945013416,6777.555054878086,55
2024-08-16,7500.550187736952,7500.550187736952,7500.550187736952,7500.550187736952,6831.429441547258,55
2024-08-19,7594.051984164905,7594.051984164905,7594.051984164905,7594.051984164905,6916.589984303149,55
2024-08-20,7575.921154155157,7575.921154155157,7575.921154155157,7575.921154155157,6900.076597574428,55
2024-08-21,7554.6755079068325,7554.6755079068325,7554.6755079068325,7554.6755079068325,6880.726265978382,55
2024-08-22,7620.244607370041,7620.244607370041,7620.244607370041,7620.244607370041,6940.445975241984,55
2024-08-23,7626.359159319261,7626.359159319261,7626.359159319261,7626.359159319261,6946.015050731416,55
2024-08-26,7617.396050374166,7617.396050374166,7617.396050374166,7617.396050374166,6937.851536748744,55
2024-08-27,7694.583372613716,7694.583372613716,7694.583372613716,7694.583372613716,7008.153012302307,55
2024-08-28,7644.645789360515,7644.645789360515,7644.645789360515,7644.645789360515,6962.670338640127,55
2024-08-29,7425.614596245993,7425.614596245993,7425.614596245993,7425.614596245993,6763.178820843721,55
2024-08-30,7336.892189287871,7336.892189287871,7336.892189287871,7336.892189287871,6682.371300348811,55
2024-09-02,7371.851328896315,7371.851328896315,7371.851328896315,7371.851328896315,6714.211750661742,55
2024-09-03,7193.714022491348,7193.714022491348,7193.714022491348,7193.714022491348,6551.965994130116,55
2024-09-04,7118.208013361282,7118.208013361282,7118.208013361282,7118.208013361282,6483.195842491346,55
2024-09-05,7073.722910648938,7073.722910648938,7073.722910648938,7073.722910648938,6442.679236006103,55
2024-09-06,7041.881618793332,7041.881618793332,7041.881618793332,7041.881618793332,6413.67849163472,55
2024-09-09,6968.187048028921,6968.187048028921,6968.187048028921,6968.187048028921,6346.558180750688,55
2024-09-10,7032.18502530233,7032.18502530233,7032.18502530233,7032.18502530233,6404.846926936246,55
2024-09-11,6854.050675319752,6854.050675319752,6854.050675319752,6854.050675319752,6242.603863085881,55
2024-09-12,6877.335787989947,6877.335787989947,6877.335787989947,6877.335787989947,6263.811721211407,55
2024-09-13,6888.400585479067,6888.400585479067,6888.400585479067,6888.400585479067,6273.889433037869,55
2024-09-18,6969.8857480434945,6969.8857480434945,6969.8857480434945,6969.8857480434945,6348.1053404925,55
2024-09-19,6965.77270276281,6965.77270276281,6965.77270276281,6965.77270276281,6344.359218151924,55
2024-09-20,7000.011735690274,7000.011735690274,7000.011735690274,7000.011735690274,6370.133706080502,54
2024-09-23,7078.710130807335,7078.710130807335,7078.710130807335,7078.710130807335,6441.7506287770175,54
2024-09-24,7368.346415924889,7368.346415924889,7368.346415924889,7368.346415924889,6705.324738649468,54
2024-09-25,7426.891717153576,7426.891717153576,7426.891717153576,7426.891717153576,6758.601991712919,54
2024-09-26,7548.219302723805,7548.219302723805,7548.219302723805,7548.219302723805,6869.012226938342,54
2024-09-27,7508.881664546577,7508.881664546577,7508.881664546577,7508.881664546577,6833.214284830227,54
2024-09-30,7889.597777476491,7889.597777476491,7889.597777476491,7889.597777476491,7179.672638758064,54
2024-10-08,7945.154153954479,7945.154153954479,7945.154153954479,7945.154153954479,7230.2299177674295,54
2024-10-09,7543.632877918743,7543.632877918743,7543.632877918743,7543.632877918743,6864.838499758404,54
2024-10-10,7805.369693956633,7805.369693956633,7805.369693956633,7805.369693956633,7103.023602429627,54
2024-10-11,7727.742502731274,7727.742502731274,7727.742502731274,7727.742502731274,7032.381494101183,54
2024-10-14,7881.491510195297,7881.491510195297,7881.491510195297,7881.491510195297,7172.295793062915,54
2024-10-15,7681.585949221442,7681.585949221442,7681.585949221442,7681.585949221442,6990.378219196604,54
2024-10-16,7714.478754214528,7714.478754214528,7714.478754214528,7714.478754214528,7020.31124983792,54
2024-10-17,7640.218360140208,7640.218360140208,7640.218360140208,7640.218360140208,6952.732986089051,54
2024-10-18,7756.266327422025,7756.266327422025,7756.266327422025,7756.266327422025,7058.338675881675,54
2024-10-21,7679.896353214766,7679.896353214766,7679.896353214766,7679.896353214766,6988.840657135541,54
2024-10-22,7716.344188049687,7716.344188049687,7716.344188049687,7716.344188049687,7022.008827413285,54
2024-10-23,7690.85626173317,7690.85626173317,7690.85626173317,7690.85626173317,6998.814366509866,54
2024-10-24,7665.631366165801,7665.631366165801,7665.631366165801,7665.631366165801,6975.859268210989,54
2024-10-25,7585.467003705469,7585.467003705469,7585.467003705469,7585.467003705469,6902.908289467429,54
2024-10-28,7565.695386212967,7565.695386212967,7565.695386212967,7565.695386212967,6884.915770059131,54
2024-10-29,7546.9702890052295,7546.9702890052295,7546.9702890052295,7546.9702890052295,6867.875602502772,54
2024-10-30,7470.5378514568065,7470.5378514568065,7470.5378514568065,7470.5378514568065,6798.320741018374,54
2024-10-31,7440.447905757208,7440.447905757208,7440.447905757208,7440.447905757208,6770.938361594943,54
2024-11-01,7538.48424967086,7538.48424967086,7538.48424967086,7538.48424967086,6860.153157564663,54
2024-11-04,7544.375939435785,7544.375939435785,7544.375939435785,7544.375939435785,6865.514698798367,54
2024-11-05,7602.066904736,7602.066904736,7602.066904736,7602.066904736,6918.014491151784,54
2024-11-06,7520.272461159658,7520.272461159658,7520.272461159658,7520.272461159658,6843.580109943653,54
2024-11-07,7598.879767116786,7598.879767116786,7598.879767116786,7598.879767116786,6915.11413990372,54
2024-11-08,7529.094575868975,7529.094575868975,7529.094575868975,7529.094575868975,6851.608389379558,54
2024-11-11,7457.705963405277,7457.705963405277,7457.705963405277,7457.705963405277,6786.64349736849,54
2024-11-12,7378.523771097889,7378.523771097889,7378.523771097889,7378.523771097889,6714.586310725946,54
2024-11-13,7451.964246497635,7451.964246497635,7451.964246497635,7451.964246497635,6781.418434070717,54
2024-11-14,7409.91918347336,7409.91918347336,7409.91918347336,7409.91918347336,6743.156687768259,54
2024-11-15,7388.507044049405,7388.507044049405,7388.507044049405,7388.507044049405,6723.671264569839,54
2024-11-18,7488.561731069562,7488.561731069562,7488.561731069562,7488.561731069562,6814.722788239261,54
2024-11-19,7470.854355563064,7470.854355563064,7470.854355563064,7470.854355563064,6798.608765317693,54
2024-11-20,7478.027887073353,7478.027887073353,7478.027887073353,7478.027887073353,6805.136805068303,54
2024-11-21,7488.297863030716,7488.297863030716,7488.297863030716,7488.297863030716,6814.48266368638,54
2024-11-22,7333.135092085652,7333.135092085652,7333.135092085652,7333.135092085652,6673.281815109726,54
2024-11-25,7301.1360081322555,7301.1360081322555,7301.1360081322555,7301.1360081322555,6644.162086321853,54
2024-11-26,7327.9961438581295,7327.9961438581295,7327.9961438581295,7327.9961438581295,6668.605281904641,54
2024-11-27,7421.338567667816,7421.338567667816,7421.338567667816,7421.338567667816,6753.54852808317,54
2024-11-28,7385.482984184753,7385.482984184753,7385.482984184753,7385.482984184753,6720.9193169445525,54
2024-11-29,7381.095731744378,7381.095731744378,7381.095731744378,7381.095731744378,6716.926840116975,54
2024-12-02,7414.565426884205,7414.565426884205,7414.565426884205,7414.565426884205,6747.3848509307845,54
2024-12-03,7503.923041859568,7503.923041859568,7503.923041859568,7503.923041859568,6828.7018510362695,54
2024-12-04,7590.240749233454,7590.240749233454,7590.240749233454,7590.240749233454,6907.252481797428,54
2024-12-05,7546.724429333064,7546.724429333064,7546.724429333064,7546.724429333064,6867.651865880071,54
2024-12-06,7595.990416986647,7595.990416986647,7595.990416986647,7595.990416986647,6912.48478050439,54
2024-12-09,7635.267103017332,7635.267103017332,7635.267103017332,7635.267103017332,6948.227255087905,54
2024-12-10,7655.340532895611,7655.340532895611,7655.340532895611,7655.340532895611,6966.494429071673,54
2024-12-11,7650.991424738674,7650.991424738674,7650.991424738674,7650.991424738674,6962.536664212416,54
2024-12-12,7708.306768493032,7708.306768493032,7708.306768493032,7708.306768493032,7014.694634357479,54
2024-12-13,7621.77536478735,7621.77536478735,7621.77536478735,7621.77536478735,6935.94953617863,54
2024-12-16,7728.870928144908,7728.870928144908,7728.870928144908,7728.870928144908,7033.408381059894,54
2024-12-17,7736.790452081548,7736.790452081548,7736.790452081548,7736.790452081548,7040.615287029449,54
2024-12-18,7772.49970055882,7772.49970055882,7772.49970055882,7772.49970055882,7073.1113307409305,54
2024-12-19,7721.985803766806,7721.985803766806,7721.985803766806,7721.985803766806,7027.142796868387,54
2024-12-20,7673.952418702341,7673.952418702341,7673.952418702341,7673.952418702341,6983.431572263402,54
2024-12-23,7811.509464502631,7811.509464502631,7811.509464502631,7811.509464502631,7108.610901534181,54
2024-12-24,7895.269122613238,7895.269122613238,7895.269122613238,7895.269122613238,7184.83366250753,54
2024-12-25,7989.5375146486795,7989.5375146486795,7989.5375146486795,7989.5375146486795,7270.619556045573,54
2024-12-26,7950.469693414493,7950.469693414493,7950.469693414493,7950.469693414493,7235.067152097713,54
2024-12-27,7949.210495802353,7949.210495802353,7949.210495802353,7949.210495802353,7233.921260140016,54
2024-12-30,7997.393221739439,7997.393221739439,7997.393221739439,7997.393221739439,7277.768387563782,54
2024-12-31,7957.816591956156,7957.816591956156,7957.816591956156,7957.816591956156,7241.752958893833,54
2025-01-02,7778.875774032271,7778.875774032271,7778.875774032271,7778.875774032271,7078.913669662535,54
2025-01-03,7734.017633808783,7734.017633808783,7734.017633808783,7734.017633808783,7038.0919736684,54
2025-01-06,7730.596737487096,7730.596737487096,7730.596737487096,7730.596737487096,7034.97889789273,54
2025-01-07,7774.510759737946,7774.510759737946,7774.510759737946,7774.510759737946,7074.941429938702,54
2025-01-08,7834.479883314186,7834.479883314186,7834.479883314186,7834.479883314186,7129.514386362388,54
2025-01-09,7732.578620144783,7732.578620144783,7732.578620144783,7732.578620144783,7036.782445943208,54
2025-01-10,7678.644926899962,7678.644926899962,7678.644926899962,7678.644926899962,6987.701837195005,54
2025-01-13,7619.061116773082,7619.061116773082,7619.061116773082,7619.061116773082,6933.479522782198,54
2025-01-14,7708.82140662189,7708.82140662189,7708.82140662189,7708.82140662189,7015.162964099609,54
2025-01-15,7680.997603634878,7680.997603634878,7680.997603634878,7680.997603634878,6989.842814372541,54
2025-01-16,7734.306185822591,7734.306185822591,7734.306185822591,7734.306185822591,7038.354561072324,54
2025-01-17,7693.102448560257,7693.102448560257,7693.102448560257,7693.102448560257,7000.858435999699,54
2025-01-20,7653.235651097352,7653.235651097352,7653.235651097352,7653.235651097352,6964.57894964154,54
2025-01-21,7640.619407200979,7640.619407200979,7640.619407200979,7640.619407200979,6953.097945962838,54
2025-01-22,7557.750024672207,7557.750024672207,7557.750024672207,7557.750024672207,6877.685351415729,54
2025-01-23,7643.801104480071,7643.801104480071,7643.801104480071,7643.801104480071,6955.993346405777,54
2025-01-24,7665.264335077023,7665.264335077023,7665.264335077023,7665.264335077023,6975.525263469561,54
2025-01-27,7774.557868481796,7774.557868481796,7774.557868481796,7774.557868481796,7074.984299723551,54
2025-02-05,7635.307304595017,7635.307304595017,7635.307304595017,7635.307304595017,6948.26383923015,54
2025-02-06,7663.818851764541,7663.818851764541,7663.818851764541,7663.818851764541,6974.209848250544,54
2025-02-07,7676.884288621212,7676.884288621212,7676.884288621212,7676.884288621212,6986.0996254177735,54
2025-02-10,7667.564176577681,7667.564176577681,7667.564176577681,7667.564176577681,6977.6181596553315,54
2025-02-11,7728.805149529825,7728.805149529825,7728.805149529825,7728.805149529825,7033.348521364096,54
2025-02-12,7755.098952081359,7755.098952081359,7755.098952081359,7755.098952081359,7057.276343804816,54
2025-02-13,7745.451951237299,7745.451951237299,7745.451951237299,7745.451951237299,7048.497403488757,54
2025-02-14,7761.1571175314475,7761.1571175314475,7761.1571175314475,7761.1571175314475,7062.789380837863,54
2025-02-17,7763.442481541146,7763.442481541146,7763.442481541146,7763.442481541146,7064.869102252417,54
2025-02-18,7789.469711278899,7789.469711278899,7789.469711278899,7789.469711278899,7088.554338747526,54
2025-02-19,7761.776037240979,7761.776037240979,7761.776037240979,7761.776037240979,7063.352608651175,54
2025-02-20,7771.9897840186095,7771.9897840186095,7771.9897840186095,7771.9897840186095,7072.647297727454,54
2025-02-21,7721.814350539023,7721.814350539023,7721.814350539023,7721.814350539023,7026.98677141778,54
2025-02-24,7671.7421668634415,7671.7421668634415,7671.7421668634415,7671.7421668634415,6981.420204244387,54
2025-02-25,7606.448151012064,7606.448151012064,7606.448151012064,7606.448151012064,6922.001502264283,54
2025-02-26,7633.202319392426,7633.202319392426,7633.202319392426,7633.202319392426,6946.348265700258,54
2025-02-27,7650.314481910643,7650.314481910643,7650.314481910643,7650.314481910643,6961.920634341504,54
2025-02-28,7560.921692133831,7560.921692133831,7560.921692133831,7560.921692133831,6880.571624548497,54
2025-03-03,7542.149270910638,7542.149270910638,7542.149270910638,7542.149270910638,6863.488391306345,54
2025-03-04,7505.160076493868,7505.160076493868,7505.160076493868,7505.160076493868,6829.827574294614,54
2025-03-05,7587.785454163722,7587.785454163722,7587.785454163722,7587.785454163722,6905.018120131673,54
2025-03-06,7580.641783186463,7580.641783186463,7580.641783186463,7580.641783186463,6898.517253990925,54
2025-03-07,7578.661553621751,7578.661553621751,7578.661553621751,7578.661553621751,6896.715210284108,54
2025-03-10,7554.627811818217,7554.627811818217,7554.627811818217,7554.627811818217,6874.844082845087,54
2025-03-11,7564.969682286403,7564.969682286403,7564.969682286403,7564.969682286403,6884.255366731572,54
2025-03-12,7527.4493973310155,7527.4493973310155,7527.4493973310155,7527.4493973310155,6850.111247995678,54
2025-03-13,7570.995603416594,7570.995603416594,7570.995603416594,7570.995603416594,6889.739060866812,54
2025-03-14,7631.802519307964,7631.802519307964,7631.802519307964,7631.802519307964,6945.074423021632,54
2025-03-17,7642.983850070567,7642.983850070567,7642.983850070567,7642.983850070567,6955.249630529719,54
2025-03-18,7642.826849816534,7642.826849816534,7642.826849816534,7642.826849816534,6955.106757539238,54
2025-03-19,7676.041522744747,7676.041522744747,7676.041522744747,7676.041522744747,6985.332693658413,54
2025-03-20,7666.042066707907,7666.042066707907,7666.042066707907,7666.042066707907,6976.233012922454,54
2025-03-21,7601.134931849961,7601.134931849961,7601.134931849961,7601.134931849961,6906.215965213911,54
2025-03-24,7681.216800658114,7681.216800658114,7681.216800658114,7681.216800658114,6978.976505034039,54
2025-03-25,7670.899721841939,7670.899721841939,7670.899721841939,7670.899721841939,6969.602645067933,54
2025-03-26,7630.756774975013,7630.756774975013,7630.756774975013,7630.756774975013,6933.129688985883,54
2025-03-27,7683.317051770335,7683.317051770335,7683.317051770335,7683.317051770335,6980.884744776159,54
2025-03-28,7651.680012961576,7651.680012961576,7651.680012961576,7651.680012961576,6952.140060663576,54
2025-03-31,7656.2159913150845,7656.2159913150845,7656.2159913150845,7656.2159913150845,6956.26134602474,54
2025-04-01,7598.431820080884,7598.431820080884,7598.431820080884,7598.431820080884,6903.759980177106,54
2025-04-02,7629.561112062041,7629.561112062041,7629.561112062041,7629.561112062041,6932.043337227544,54
2025-04-03,7573.448640667435,7573.448640667435,7573.448640667435,7573.448640667435,6881.060839315392,54
2025-04-07,7097.0561499831265,7097.0561499831265,7097.0561499831265,7097.0561499831265,6448.221604862905,54
2025-04-08,7159.573636948759,7159.573636948759,7159.573636948759,7159.573636948759,6505.02355226394,54
2025-04-09,7156.149706151716,7156.149706151716,7156.149706151716,7156.149706151716,6501.91264767583,54
2025-04-10,7240.72529120287,7240.72529120287,7240.72529120287,7240.72529120287,6578.75607447781,54
2025-04-11,7322.138086687254,7322.138086687254,7322.138086687254,7322.138086687254,6652.725863593251,54
2025-04-14,7369.134601649619,7369.134601649619,7369.134601649619,7369.134601649619,6695.425813647092,54
2025-04-15,7432.4777958597015,7432.4777958597015,7432.4777958597015,7432.4777958597015,6752.977979614871,54
2025-04-16,7460.902643350311,7460.902643350311,7460.902643350311,7460.902643350311,6778.804140748502,54
2025-04-17,7456.7722151951375,7456.7722151951375,7456.7722151951375,7456.7722151951375,6775.051328948134,54
2025-04-18,7496.293198668754,7496.293198668754,7496.293198668754,7496.293198668754,6810.959183429545,54
2025-04-21,7504.9851184848885,7504.9851184848885,7504.9851184848885,7504.9851184848885,6818.8564613940525,54
2025-04-22,7556.3686963795235,7556.3686963795235,7556.3686963795235,7556.3686963795235,6865.542395690363,54
2025-04-23,7578.826401311308,7578.826401311308,7578.826401311308,7578.826401311308,6885.94694865943,54
2025-04-24,7625.99229712842,7625.99229712842,7625.99229712842,7625.99229712842,6928.8007942530485,54
2025-04-25,7611.5147135746665,7611.5147135746665,7611.5147135746665,7611.5147135746665,6915.646795597177,54
2025-04-28,7629.59786021309,7629.59786021309,7629.59786021309,7629.59786021309,6932.076725750408,54
2025-04-29,7610.47827783004,7610.47827783004,7610.47827783004,7610.47827783004,6914.705113973229,54
2025-04-30,7525.8895023895775,7525.8895023895775,7525.8895023895775,7525.8895023895775,6837.84970268761,54
2025-05-06,7569.98575437783,7569.98575437783,7569.98575437783,7569.98575437783,6877.914540664806,54
2025-05-07,7658.1654467684775,7658.1654467684775,7658.1654467684775,7658.1654467684775,6958.03257630764,54
2025-05-08,7713.041853780774,7713.041853780774,7713.041853780774,7713.041853780774,7007.892014617815,54
2025-05-09,7744.271970389102,7744.271970389102,7744.271970389102,7744.271970389102,7036.266978600126,54
2025-05-12,7819.7789069318615,7819.7789069318615,7819.7789069318615,7819.7789069318615,7104.870840432781,54
2025-05-13,7873.374313299202,7873.374313299202,7873.374313299202,7873.374313299202,7153.566391088684,54
2025-05-14,7972.539739323734,7972.539739323734,7972.539739323734,7972.539739323734,7243.665811050063,54
2025-05-15,7930.538809078351,7930.538809078351,7930.538809078351,7930.538809078351,7205.504734103636,54
2025-05-16,7884.321168866892,7884.321168866892,7884.321168866892,7884.321168866892,7163.512451692566,54
2025-05-19,7856.094095606685,7856.094095606685,7856.094095606685,7856.094095606685,7137.865983665264,54
2025-05-20,7892.557060712882,7892.557060712882,7892.557060712882,7892.557060712882,7170.995393156508,54
2025-05-21,7939.206838221415,7939.206838221415,7939.206838221415,7939.206838221415,7213.380305553359,54
2025-05-22,7949.273728718715,7949.273728718715,7949.273728718715,7949.273728718715,7222.526850180688,54
2025-05-23,7886.1026744498395,7886.1026744498395,7886.1026744498395,7886.1026744498395,7165.131086595035,54
2025-05-26,7811.712460299484,7811.712460299484,7811.712460299484,7811.712460299484,7097.541852983598,54
2025-05-27,7789.573738096499,7789.573738096499,7789.573738096499,7789.573738096499,7077.427120368205,54
2025-05-28,7784.120831566183,7784.120831566183,7784.120831566183,7784.120831566183,7072.47273520413,54
2025-05-29,7799.618764424955,7799.618764424955,7799.618764424955,7799.618764424955,7086.55379971577,54
2025-05-30,7788.417095790975,7788.417095790975,7788.417095790975,7788.417095790975,7076.376221834225,54
2025-06-03,7835.913028530579,7835.913028530579,7835.913028530579,7835.913028530579,7119.529931367067,54
2025-06-04,7856.2565260752845,7856.2565260752845,7856.2565260752845,7856.2565260752845,7138.013564244419,54
2025-06-05,7889.464101583948,7889.464101583948,7889.464101583948,7889.464101583948,7168.18520179594,54
2025-06-06,7894.173370450785,7894.173370450785,7894.173370450785,7894.173370450785,7172.463934922536,54
2025-06-09,7887.759059248481,7887.759059248481,7887.759059248481,7887.759059248481,7166.636039637376,54
2025-06-10,7880.179461330115,7880.179461330115,7880.179461330115,7880.179461330115,7159.749391706107,54
2025-06-11,7944.83409200032,7944.83409200032,7944.83409200032,7944.83409200032,7218.493098608164,54
2025-06-12,7956.696680059964,7956.696680059964,7956.696680059964,7956.696680059964,7229.271172643264,54
2025-06-13,7902.673476068884,7902.673476068884,7902.673476068884,7902.673476068884,7180.186934928727,54
2025-06-16,7961.792804033169,7961.792804033169,7961.792804033169,7961.792804033169,7233.901393401087,54
2025-06-17,7956.778127204003,7956.778127204003,7956.778127204003,7956.778127204003,7229.345173640686,54
2025-06-18,8025.495577610808,8025.495577610808,8025.495577610808,8025.495577610808,7291.7802648926145,54
2025-06-19,7993.235180746888,7993.235180746888,7993.235180746888,7993.235180746888,7262.469212021788,54
2025-06-20,8022.796099573672,8022.796099573672,8022.796099573672,8022.796099573672,7289.327581380881,54
2025-06-23,8086.075873270545,8086.075873270545,8086.075873270545,8086.075873270545,7346.822124932433,54
2025-06-24,8194.259040594827,8194.259040594827,8194.259040594827,8194.259040594827,7445.11485674696,54
2025-06-25,8332.648301864017,8332.648301864017,8332.648301864017,8332.648301864017,7570.85214915927,54
2025-06-26,8338.147634385075,8338.147634385075,8338.147634385075,8338.147634385075,7575.848715908245,54
2025-06-27,8195.787188580807,8195.787188580807,8195.787188580807,8195.787188580807,7446.5032967776415,54
2025-06-30,8230.767172396327,8230.767172396327,8230.767172396327,8230.767172396327,7478.2853036563,54
2025-07-01,8283.918726206028,8283.918726206028,8283.918726206028,8283.918726206028,7526.577580110751,54
2025-07-02,8256.736191855269,8256.736191855269,8256.736191855269,8256.736191855269,7501.880156056144,54
2025-07-03,8331.870886519486,8331.870886519486,8331.870886519486,8331.870886519486,7570.145807499487,54
2025-07-04,8415.303552644924,8415.303552644924,8415.303552644924,8415.303552644924,7645.950804514009,54
2025-07-07,8394.482900633888,8394.482900633888,8394.482900633888,8394.482900633888,7627.033640088698,54
2025-07-08,8423.993262444821,8423.993262444821,8423.993262444821,8423.993262444821,7653.846074508712,54
2025-07-09,8432.836271327857,8432.836271327857,8432.836271327857,8432.836271327857,7661.880628516253,54
2025-07-10,8484.212038295913,8484.212038295913,8484.212038295913,8484.212038295913,7708.559465984745,54
2025-07-11,8439.669521051175,8439.669521051175,8439.669521051175,8439.669521051175,7668.089161683549,54
2025-07-14,8475.570358557054,8475.570358557054,8475.570358557054,8475.570358557054,7700.707834996233,54
2025-07-15,8495.785294345824,8495.785294345824,8495.785294345824,8495.785294345824,7719.07465962596,54
2025-07-16,8459.113658213737,8459.113658213737,8459.113658213737,8459.113658213737,7685.75565645122,54
2025-07-17,8518.471882668458,8518.471882668458,8518.471882668458,8518.471882668458,7739.687170767355,54
2025-07-18,8561.118452944811,8561.118452944811,8561.118452944811,8561.118452944811,7778.434861361566,54
2025-07-21,8569.351317474047,8569.351317474047,8569.351317474047,8569.351317474047,7785.915052275294,54
2025-07-22,8543.078259099513,8543.078259099513,8543.078259099513,8543.078259099513,7762.0439571259485,54
2025-07-23,8575.585804246897,8575.585804246897,8575.585804246897,8575.585804246897,7791.579563229461,54
2025-07-24,8543.618856465802,8543.618856465802,8543.618856465802,8543.618856465802,7762.535131430219,54
2025-07-25,8524.040239765467,8524.040239765467,8524.040239765467,8524.040239765467,7744.74645165477,54
2025-07-28,8571.04955770744,8571.04955770744,8571.04955770744,8571.04955770744,7787.4580342007275,54
2025-07-29,8561.872752008225,8561.872752008225,8561.872752008225,8561.872752008225,7779.12020010124,54
2025-07-30,8544.655576566029,8544.655576566029,8544.655576566029,8544.655576566029,7763.477071413108,54
2025-07-31,8441.901564920023,8441.901564920023,8441.901564920023,8441.901564920023,7670.117145286035,54
2025-08-01,8423.645978752938,8423.645978752938,8423.645978752938,8423.645978752938,7653.530540552422,54
2025-08-04,8477.064985426901,8477.064985426901,8477.064985426901,8477.064985426901,7702.065818513578,54
2025-08-05,8564.780877315765,8564.780877315765,8564.780877315765,8564.780877315765,7781.762455712783,54
2025-08-06,8575.269925476181,8575.269925476181,8575.269925476181,8575.269925476181,7791.292563060546,54
2025-08-07,8598.942347620658,8598.942347620658,8598.942347620658,8598.942347620658,7812.800780085406,54
2025-08-08,8564.479068592991,8564.479068592991,8564.479068592991,8564.479068592991,7781.4882392650625,54
2025-08-11,8568.476611141728,8568.476611141728,8568.476611141728,8568.476611141728,7785.120314266918,54
2025-08-12,8632.085954067583,8632.085954067583,8632.085954067583,8632.085954067583,7842.91429682215,54
2025-08-13,8689.552370748983,8689.552370748983,8689.552370748983,8689.552370748983,7895.1269582085115,54
2025-08-14,8720.287688585031,8720.287688585031,8720.287688585031,8720.287688585031,7923.052359433244,54
2025-08-15,8724.174865552543,8724.174865552543,8724.174865552543,8724.174865552543,7926.584158812328,54
2025-08-18,8816.137367982472,8816.137367982472,8816.137367982472,8816.137367982472,8010.139168449294,54
2025-08-19,8801.020044653187,8801.020044653187,8801.020044653187,8801.020044653187,7996.403916981708,54
2025-08-20,8898.932602689667,8898.932602689667,8898.932602689667,8898.932602689667,8085.365009972316,54
2025-08-21,8960.687188686714,8960.687188686714,8960.687188686714,8960.687188686714,8141.4738031409415,54
2025-08-22,9142.202822992886,9142.202822992886,9142.202822992886,9142.202822992886,8306.394723874566,54
2025-08-25,9242.151366365095,9242.151366365095,9242.151366365095,9242.151366365095,8397.205666204336,54
2025-08-26,9221.372956477662,9221.372956477662,9221.372956477662,9221.372956477662,8378.326881998697,54
2025-08-27,9083.704940223452,9083.704940223452,9083.704940223452,9083.704940223452,8253.24489617967,54
2025-08-28,9221.551305220532,9221.551305220532,9221.551305220532,9221.551305220532,8378.488925554879,54
2025-08-29,9323.388030675504,9323.388030675504,9323.388030675504,9323.388030675504,8471.015426595568,54
2025-09-01,9322.104770072578,9322.104770072578,9322.104770072578,9322.104770072578,8469.849485595583,54
2025-09-02,9296.847498131854,9296.847498131854,9296.847498131854,9296.847498131854,8446.90131058242,54
2025-09-03,9216.353764981008,9216.353764981008,9216.353764981008,9216.353764981008,8373.766560315496,54
2025-09-04,9132.162966871161,9132.162966871161,9132.162966871161,9132.162966871161,8297.272742057647,54
2025-09-05,9223.868982735365,9223.868982735365,9223.868982735365,9223.868982735365,8380.594713913944,54
2025-09-08,9180.406447947182,9180.406447947182,9180.406447947182,9180.406447947182,8341.105656775242,54
2025-09-09,9128.524819067054,9128.524819067054,9128.524819067054,9128.524819067054,8293.967204835402,54
2025-09-10,9159.617898898548,9159.617898898548,9159.617898898548,9159.617898898548,8322.21766036148,54
2025-09-11,9384.381520108884,9384.381520108884,9384.381520108884,9384.381520108884,8526.4327049725,54
2025-09-12,9316.18088819735,9316.18088819735,9316.18088819735,9316.18088819735,8464.467183090826,54
2025-09-15,9362.823234636062,9362.823234636062,9362.823234636062,9362.823234636062,8506.845343788951,54
2025-09-16,9344.564427657891,9344.564427657891,9344.564427657891,9344.564427657891,8490.255812700638,54
2025-09-17,9430.46492205631,9430.46492205631,9430.46492205631,9430.46492205631,8568.303021591551,54
2025-09-18,9318.505164039392,9318.505164039392,9318.505164039392,9318.505164039392,8466.578966537876,54
2025-09-19,9289.848395268024,9289.848395268024,9289.848395268024,9289.848395268024,8428.929513445786,54
2025-09-22,9366.747757148882,9366.747757148882,9366.747757148882,9366.747757148882,8498.70237445963,54
2025-09-23,9329.72628346201,9329.72628346201,9329.72628346201,9329.72628346201,8465.111794838387,54
2025-09-24,9405.353073640923,9405.353073640923,9405.353073640923,9405.353073640923,8533.730017291931,54
2025-09-25,9474.96639867781,9474.96639867781,9474.96639867781,9474.96639867781,8596.89206095148,54
2025-09-26,9382.507703732888,9382.507703732888,9382.507703732888,9382.507703732888,8513.001798222016,54
2025-09-29,9522.021290338766,9522.021290338766,9522.021290338766,9522.021290338766,8639.586230780458,54
2025-09-30,9544.076879872582,9544.076879872582,9544.076879872582,9544.076879872582,8659.597860857513,54
2025-10-09,9623.202437482272,9623.202437482272,9623.202437482272,9623.202437482272,8731.39060918093,54
2025-10-10,9458.329499653186,9458.329499653186,9458.329499653186,9458.329499653186,8581.796954633888,54
2025-10-13,9467.002628010006,9467.002628010006,9467.002628010006,9467.002628010006,8589.666317455562,54
2025-10-14,9395.882760133525,9395.882760133525,9395.882760133525,9395.882760133525,8525.137346924483,54
2025-10-15,9559.259626807105,9559.259626807105,9559.259626807105,9559.259626807105,8673.373575840844,54
2025-10-16,9616.630662240985,9616.630662240985,9616.630662240985,9616.630662240985,8725.427860605263,54
2025-10-17,9455.857832934977,9455.857832934977,9455.857832934977,9455.857832934977,8579.554344888058,54
2025-10-20,9516.13295984057,9516.13295984057,9516.13295984057,9516.13295984057,8634.243590017186,54
2025-10-21,9688.530826165512,9688.530826165512,9688.530826165512,9688.530826165512,8790.664814744767,54
2025-10-22,9728.38626370592,9728.38626370592,9728.38626370592,9728.38626370592,8826.826726055047,54
2025-10-23,9719.603699291349,9719.603699291349,9719.603699291349,9719.603699291349,8818.858068952373,54
2025-10-24,9876.567395732045,9876.567395732045,9876.567395732045,9876.567395732045,8961.275455886529,54
2025-10-27,9998.717915771615,9998.717915771615,9998.717915771615,9998.717915771615,9072.10591076981,54
2025-10-28,9936.604714435636,9936.604714435636,9936.604714435636,9936.604714435636,9015.74893123265,54
2025-10-29,9959.69885600437,9959.69885600437,9959.69885600437,9959.69885600437,9036.702867526761,54
2025-10-30,9825.312955521176,9825.312955521176,9825.312955521176,9825.312955521176,8914.77092261464,54
2025-10-31,9657.294261507555,9657.294261507555,9657.294261507555,9657.294261507555,8762.323038803812,54
2025-11-03,9641.75857087613,9641.75857087613,9641.75857087613,9641.75857087613,8748.227088503732,54
2025-11-04,9664.899179869468,9664.899179869468,9664.899179869468,9664.899179869468,8769.223185942998,54
2025-11-05,9661.764414115141,9661.764414115141,9661.764414115141,9661.764414115141,8766.37892859238,54
2025-11-06,9813.91182706848,9813.91182706848,9813.91182706848,9813.91182706848,8904.426371873591,54
2025-11-07,9735.359773616121,9735.359773616121,9735.359773616121,9735.359773616121,8833.153979309724,54
2025-11-10,9701.663042512559,9701.663042512559,9701.663042512559,9701.663042512559,8802.580028129838,54
2025-11-11,9631.461077081069,9631.461077081069,9631.461077081069,9631.461077081069,8738.883895195226,54
2025-11-12,9686.960233357673,9686.960233357673,9686.960233357673,9686.960233357673,8789.23977361295,54
2025-11-13,9821.390704640084,9821.390704640084,9821.390704640084,9821.390704640084,8911.212158810958,54
2025-11-14,9688.146974265732,9688.146974265732,9688.146974265732,9688.146974265732,8790.316535583559,54
2025-11-17,9570.957840458304,9570.957840458304,9570.957840458304,9570.957840458304,8683.987679979444,54
2025-11-18,9540.891919927999,9540.891919927999,9540.891919927999,9540.891919927999,8656.708060966943,54
2025-11-19,9589.766599714076,9589.766599714076,9589.766599714076,9589.766599714076,8701.053373546954,54
2025-11-20,9556.455362206823,9556.455362206823,9556.455362206823,9556.455362206823,8670.829191083729,54
2025-11-21,9308.654352593416,9308.654352593416,9308.654352593416,9308.654352593416,8445.992664746438,54
2025-11-24,9311.87661760128,9311.87661760128,9311.87661760128,9311.87661760128,8448.9163125251,54
2025-11-25,9402.747864943682,9402.747864943682,9402.747864943682,9402.747864943682,8531.366241313835,54
2025-11-26,9432.58220911351,9432.58220911351,9432.58220911351,9432.58220911351,8558.435744860895,54
2025-11-27,9460.37470774691,9460.37470774691,9460.37470774691,9460.37470774691,8583.652626990295,54
2025-11-28,9464.798873889662,9464.798873889662,9464.798873889662,9464.798873889662,8587.666792021451,54
2025-12-01,9538.561349327843,9538.561349327843,9538.561349327843,9538.561349327843,8654.59347152705,54
2025-12-02,9480.121523545824,9480.121523545824,9480.121523545824,9480.121523545824,8601.569444510033,54
2025-12-03,9424.898249388936,9424.898249388936,9424.898249388936,9424.898249388936,8551.46388136573,54
2025-12-04,9474.518007305976,9474.518007305976,9474.518007305976,9474.518007305976,8596.485223389998,54
2025-12-05,9549.31016044357,9549.31016044357,9549.31016044357,9549.31016044357,8664.346157189171,54
2025-12-08,9680.291342548311,9680.291342548311,9680.291342548311,9680.291342548311,8783.18890946821,54
2025-12-09,9683.41150094866,9683.41150094866,9683.41150094866,9683.41150094866,8786.019913173363,54
2025-12-10,9612.585236812482,9612.585236812482,9612.585236812482,9612.585236812482,8721.757337219096,54
2025-12-11,9565.400131065786,9565.400131065786,9565.400131065786,9565.400131065786,8678.945020645022,54
2025-12-12,9577.678366952294,9577.678366952294,9577.678366952294,9577.678366952294,8690.085394570775,54
2025-12-15,9533.785432708843,9533.785432708843,9533.785432708843,9533.785432708843,8650.260153820365,54
2025-12-16,9408.320106381034,9408.320106381034,9408.320106381034,9408.320106381034,8536.422085963708,54
2025-12-17,9584.467128904158,9584.467128904158,9584.467128904158,9584.467128904158,8696.2450210298,54
2025-12-18,9570.550123952182,9570.550123952182,9570.550123952182,9570.550123952182,8683.617747818513,54
2025-12-19,9590.1254248859,9590.1254248859,9590.1254248859,9590.1254248859,8701.378945284216,54
2025-12-22,9663.003265227871,9663.003265227871,9663.003265227871,9663.003265227871,8767.50297155439,54
2025-12-23,9724.114925081727,9724.114925081727,9724.114925081727,9724.114925081727,8822.951225545294,54
2025-12-24,9729.138897785584,9729.138897785584,9729.138897785584,9729.138897785584,8827.509611214951,54
2025-12-25,9728.085293438995,9728.085293438995,9728.085293438995,9728.085293438995,8826.553647630337,54
2025-12-26,9717.526544849714,9717.526544849714,9717.526544849714,9717.526544849714,8816.97341081457,54
2025-12-29,9753.51235135664,9753.51235135664,9753.51235135664,9753.51235135664,8849.624301725327,54
2025-12-30,9777.915465921295,9777.915465921295,9777.915465921295,9777.915465921295,8871.765904453612,54
2025-12-31,9738.159337901341,9738.159337901341,9738.159337901341,9738.159337901341,8835.694099344457,54
2026-01-05,9893.412610799529,9893.412610799529,9893.412610799529,9893.412610799529,8976.559572957261,54
2026-01-06,10023.283603062746,10023.283603062746,10023.283603062746,10023.283603062746,9094.395020108963,54
2026-01-07,10002.713884889945,10002.713884889945,10002.713884889945,10002.713884889945,9075.731561114488,54
2026-01-08,9907.687971742806,9907.687971742806,9907.687971742806,9907.687971742806,8989.511992205695,54
2026-01-09,9928.343480187734,9928.343480187734,9928.343480187734,9928.343480187734,9008.253291023377,54
2026-01-12,9982.582111204827,9982.582111204827,9982.582111204827,9982.582111204827,9057.46546094229,54
2026-01-13,9940.924124408566,9940.924124408566,9940.924124408566,9940.924124408566,9019.6680481711,54
2026-01-14,9880.518229270152,9880.518229270152,9880.518229270152,9880.518229270152,8964.86015350431,54
2026-01-15,9838.531655762632,9838.531655762632,9838.531655762632,9838.531655762632,8926.764605165086,54
2026-01-16,9760.923861475347,9760.923861475347,9760.923861475347,9760.923861475347,8856.348964359287,54
2026-01-19,9714.974378365161,9714.974378365161,9714.974378365161,9714.974378365161,8814.657761463845,54
2026-01-20,9649.109448234854,9649.109448234854,9649.109448234854,9649.109448234854,8754.896737402443,54
2026-01-21,9625.119076667055,9625.119076667055,9625.119076667055,9625.119076667055,8733.129627505434,54
2026-01-22,9587.365593143999,9587.365593143999,9587.365593143999,9587.365593143999,8698.874875655558,54
2026-01-23,9499.18603247052,9499.18603247052,9499.18603247052,9499.18603247052,8618.867186636438,54
2026-01-26,9492.76274592022,9492.76274592022,9492.76274592022,9492.76274592022,8613.03916584713,54
2026-01-27,9472.607574331787,9472.607574331787,9472.607574331787,9472.607574331787,8594.751836127429,54
2026-01-28,9442.443856056243,9442.443856056243,9442.443856056243,9442.443856056243,8567.38348258815,54
2026-01-29,9507.470405662752,9507.470405662752,9507.470405662752,9507.470405662752,8626.383821432759,54
2026-01-30,9429.568042449526,9429.568042449526,9429.568042449526,9429.568042449526,8555.700910311236,54
2026-02-02,9341.702294705847,9341.702294705847,9341.702294705847,9341.702294705847,8475.977952210551,54
2026-02-03,9296.502434262817,9296.502434262817,9296.502434262817,9296.502434262817,8434.966902139384,54
2026-02-04,9334.054575151915,9334.054575151915,9334.054575151915,9334.054575151915,8469.038970397722,54
2026-02-05,9308.819014699693,9308.819014699693,9308.819014699693,9308.819014699693,8446.142067107845,54
2026-02-06,9284.800346506667,9284.800346506667,9284.800346506667,9284.800346506667,8424.349282921077,54
2026-02-09,9424.62497677615,9424.62497677615,9424.62497677615,9424.62497677615,8551.21593376819,54
2026-02-10,9451.453860235371,9451.453860235371,9451.453860235371,9451.453860235371,8575.558501911435,54
2026-02-11,9437.873748133004,9437.873748133004,9437.873748133004,9437.873748133004,8563.23690065109,54
2026-02-12,9403.693551294331,9403.693551294331,9403.693551294331,9403.693551294331,8532.224287995794,54
2026-02-13,9291.556990656234,9291.556990656234,9291.556990656234,9291.556990656234,8430.479768033529,54
2026-02-24,9256.982151506294,9256.982151506294,9256.982151506294,9256.982151506294,8399.109085786225,54
2026-02-25,9326.065734691198,9326.065734691198,9326.065734691198,9326.065734691198,8461.790480403863,54
2026-02-26,9308.197799891353,9308.197799891353,9308.197799891353,9308.197799891353,8445.578422190358,54
2026-02-27,9293.287578268792,9293.287578268792,9293.287578268792,9293.287578268792,8432.049976758413,54
2026-03-02,9277.260830185023,9277.260830185023,9277.260830185023,9277.260830185023,8417.508476813522,54
2026-03-03,9182.852541488111,9182.852541488111,9182.852541488111,9182.852541488111,8331.849295193653,54
2026-03-04,9053.12693395451,9053.12693395451,9053.12693395451,9053.12693395451,8214.145759520605,54
2026-03-05,9181.016197281433,9181.016197281433,9181.016197281433,9181.016197281433,8330.183130664167,54
2026-03-06,9195.911302865,9195.911302865,9195.911302865,9195.911302865,8343.69786090704,54
2026-03-09,9085.327262800673,9085.327262800673,9085.327262800673,9085.327262800673,8243.36198465215,54
2026-03-10,9203.814579982918,9203.814579982918,9203.814579982918,9203.814579982918,8350.868716976776,54
2026-03-11,9227.564702697444,9227.564702697444,9227.564702697444,9227.564702697444,8372.417842622184,54
2026-03-12,9183.875943165815,9183.875943165815,9183.875943165815,9183.875943165815,8332.777855083792,54
2026-03-13,9158.941692657778,9158.941692657778,9158.941692657778,9158.941692657778,8310.154338416944,54
2026-03-16,9198.267955798818,9198.267955798818,9198.267955798818,9198.267955798818,8345.836115550346,54
2026-03-17,9219.082789347069,9219.082789347069,9219.082789347069,9219.082789347069,8364.721974322993,54
2026-03-18,9247.59892742275,9247.59892742275,9247.59892742275,9247.59892742275,8390.595433997323,54
2026-03-19,9158.96996230251,9158.96996230251,9158.96996230251,9158.96996230251,8310.179988226575,54
2026-03-20,9112.216879315298,9112.216879315298,9112.216879315298,9112.216879315298,8250.880656673493,55
2026-03-23,8737.031738041884,8737.031738041884,8737.031738041884,8737.031738041884,7911.1600523679535,55
2026-03-24,8941.085773239838,8941.085773239838,8941.085773239838,8941.085773239838,8095.925792058894,55
2026-03-25,9168.35230650683,9168.35230650683,9168.35230650683,9168.35230650683,8301.709858447663,55
2026-03-26,9001.16173949521,9001.16173949521,9001.16173949521,9001.16173949521,8150.3230517457905,55
2026-03-27,9019.050246655224,9019.050246655224,9019.050246655224,9019.050246655224,8166.520640066847,55
2026-03-30,9034.400343125615,9034.400343125615,9034.400343125615,9034.400343125615,8180.419762061311,55
2026-03-31,8943.238147792381,8943.238147792381,8943.238147792381,8943.238147792381,8097.874712480426,55
2026-04-01,9231.10387245064,9231.10387245064,9231.10387245064,9231.10387245064,8358.529805610802,55
2026-04-02,9062.25556855957,9062.25556855957,9062.25556855957,9062.25556855957,8205.641960321542,55
2026-04-03,9050.410233309369,9050.410233309369,9050.410233309369,9050.410233309369,8194.916310484392,55
2026-04-07,9078.982235727972,9078.982235727972,9078.982235727972,9078.982235727972,8220.787532076276,55
2026-04-08,9620.658968673766,9620.658968673766,9620.658968673766,9620.658968673766,8711.262038689245,55
2026-04-09,9568.712123658632,9568.712123658632,9568.712123658632,9568.712123658632,8664.225491558378,55
2026-04-10,9731.190827556908,9731.190827556908,9731.190827556908,9731.190827556908,8811.345826035798,55
2026-04-13,9746.553877119988,9746.553877119988,9746.553877119988,9746.553877119988,8825.25667672629,55
2026-04-14,10004.594412921515,10004.594412921515,10004.594412921515,10004.594412921515,9058.905819814121,55
2026-04-15,9942.995442873944,9942.995442873944,9942.995442873944,9942.995442873944,9003.129518924023,55
2026-04-16,10155.24219514294,10155.24219514294,10155.24219514294,10155.24219514294,9195.313555578517,55
2026-04-17,10283.192764259904,10283.192764259904,10283.192764259904,10283.192764259904,9311.169542076595,55
2026-04-20,10363.306730490262,10363.306730490262,10363.306730490262,10363.306730490262,9383.710701165986,55
2026-04-21,10361.89913125502,10361.89913125502,10361.89913125502,10361.89913125502,9382.436155854322,55
2026-04-22,10572.927386041812,10572.927386041812,10572.927386041812,10572.927386041812,9573.516874025589,55
2026-04-23,10453.336193390645,10453.336193390645,10453.336193390645,10453.336193390645,9465.230090334793,55
2026-04-24,10358.128409233243,10358.128409233243,10358.128409233243,10358.128409233243,9379.021862954663,55
2026-04-27,10397.885754857212,10397.885754857212,10397.885754857212,10397.885754857212,9415.021128370978,55
2026-04-28,10323.55479040005,10323.55479040005,10323.55479040005,10323.55479040005,9347.716330323023,55
2026-04-29,10472.979959597898,10472.979959597898,10472.979959597898,10472.979959597898,9483.01702108614,55
2026-04-30,10478.765721093007,10478.765721093007,10478.765721093007,10478.765721093007,9488.255880985587,55
2026-05-06,10783.909058662624,10783.909058662624,10783.909058662624,10783.909058662624,9764.555413230164,55
2026-05-07,10935.8509404653,10935.8509404653,10935.8509404653,10935.8509404653,9902.13492325588,55
2026-05-08,10860.349328260521,10860.349328260521,10860.349328260521,10860.349328260521,9833.77013344253,55
2026-05-11,11114.713704932416,11114.713704932416,11114.713704932416,11114.713704932416,10064.090607924765,55
2026-05-12,11204.321753694785,11204.321753694785,11204.321753694785,11204.321753694785,10145.228417308343,55
2026-05-13,11508.884313615446,11508.884313615446,11508.884313615446,11508.884313615446,10421.00207016121,55
2026-05-14,11232.183563519759,11232.183563519759,11232.183563519759,11232.183563519759,10170.456577567194,55
2026-05-15,10966.508925500737,10966.508925500737,10966.508925500737,10966.508925500737,9929.894949059884,55
2026-05-18,10927.426942266009,10927.426942266009,10927.426942266009,10927.426942266009,9894.507207112276,55
2026-05-19,10923.430847209533,10923.430847209533,10923.430847209533,10923.430847209533,9890.88884466103,55
2026-05-20,10983.241187990077,10983.241187990077,10983.241187990077,10983.241187990077,9945.045587235438,55
2026-05-21,10734.945493506972,10734.945493506972,10734.945493506972,10734.945493506972,9720.220150145984,55
2026-05-22,11083.853405885637,11083.853405885637,11083.853405885637,11083.853405885637,10036.147391928422,55
2026-05-25,11438.597501079423,11438.597501079423,11438.597501079423,11438.597501079423,10357.359148833344,55
2026-05-26,11629.590796000002,11629.590796000002,11629.590796000002,11629.590796000002,10530.298720343297,55
2026-05-27,11384.724015575574,11384.724015575574,11384.724015575574,11384.724015575574,10308.578077735232,55
2026-05-28,11530.211239485214,11530.211239485214,11530.211239485214,11530.211239485214,10440.313059183498,55
2026-05-29,11337.125413800728,11337.125413800728,11337.125413800728,11337.125413800728,10265.478754280774,55
2026-06-01,11099.765465375463,11099.765465375463,11099.765465375463,11099.765465375463,10050.555357146026,55
2026-06-02,11521.656347372555,11521.656347372555,11521.656347372555,11521.656347372555,10432.566821930024,55
2026-06-03,11726.012653685468,11726.012653685468,11726.012653685468,11726.012653685468,10617.606260428678,55
2026-06-04,11618.22473896154,11618.22473896154,11618.22473896154,11618.22473896154,10520.007044738626,55
2026-06-05,11180.814827387681,11180.814827387681,11180.814827387681,11180.814827387681,10123.94349332838,55
2026-06-08,10808.270470449004,10808.270470449004,10808.270470449004,10808.270470449004,9786.614052081677,55
2026-06-09,11188.252639841128,11188.252639841128,11188.252639841128,11188.252639841128,10130.678243358245,55
2026-06-10,10968.076111661001,10968.076111661001,10968.076111661001,10968.076111661001,9931.313996273791,55
2026-06-11,10933.037093921217,10933.037093921217,10933.037093921217,10933.037093921217,9899.587056767525,55
2026-06-12,11161.948863705426,11161.948863705426,11161.948863705426,11161.948863705426,10106.860842983568,55
2026-06-15,11737.661273568114,11737.661273568114,11737.661273568114,11737.661273568114,10628.15378950306,55
2026-06-16,11709.929270912802,11709.929270912802,11709.929270912802,11709.929270912802,10603.043166335285,55
2026-06-17,11920.157719818113,11920.157719818113,11920.157719818113,11920.157719818113,10793.399680620274,55
2026-06-18,12219.0957426972,12219.0957426972,12219.0957426972,12219.0957426972,11064.080458216364,55
2026-06-22,12495.688607362004,12495.688607362004,12495.688607362004,12495.688607362004,11314.528263296286,55
2026-06-23,11882.698656436165,11882.698656436165,11882.698656436165,11882.698656436165,10759.481451327814,55
2026-06-24,12067.507474113532,12067.507474113532,12067.507474113532,12067.507474113532,10926.821135967923,55
2026-06-25,12233.340740215817,12233.340740215817,12233.340740215817,12233.340740215817,11076.97894121313,55
2026-06-26,11724.643526982734,11724.643526982734,11724.643526982734,11724.643526982734,10616.366551016823,55
2026-06-29,11848.907656738507,11848.907656738507,11848.907656738507,11848.907656738507,10728.884560421064,55
2026-06-30,12081.09488158074,12081.09488158074,12081.09488158074,12081.09488158074,10939.124187895934,55
2026-07-01,11819.924527094014,11819.924527094014,11819.924527094014,11819.924527094014,10702.641073581273,55
2026-07-02,11214.016624773913,11214.016624773913,11214.016624773913,11214.016624773913,10154.006876525795,55
2026-07-03,11338.933208891523,11338.933208891523,11338.933208891523,11338.933208891523,10267.115666762487,55
2026-07-06,11242.148081935125,11242.148081935125,11242.148081935125,11242.148081935125,10179.479195590366,55
2026-07-07,11135.386731703524,11135.386731703524,11135.386731703524,11135.386731703524,10082.809507942144,55
2026-07-08,11064.882673247666,11064.882673247666,11064.882673247666,11064.882673247666,10018.969875958524,55
2026-07-09,11520.048574735487,11520.048574735487,11520.048574735487,11520.048574735487,10431.111024693497,55
2026-07-10,11122.47101689409,11122.47101689409,11122.47101689409,11122.47101689409,10071.114656634316,55
2026-07-13,10800.933068824499,10800.933068824499,10800.933068824499,10800.933068824499,9779.970221503925,55
2026-07-14,11264.130290427247,11264.130290427247,11264.130290427247,11264.130290427247,10199.38352636308,55
2026-07-15,11043.878024987698,11043.878024987698,11043.878024987698,11043.878024987698,9999.950701116253,55
2026-07-16,10733.71891696541,10733.71891696541,10733.71891696541,10733.71891696541,9719.10951627996,55
2026-07-17,10074.312426845423,10074.312426845423,10074.312426845423,10074.312426845423,9122.033708463501,55
2026-07-20,10156.714444642528,10156.714444642528,10156.714444642528,10156.714444642528,9196.646640060459,55
2026-07-21,10809.903616611997,10809.903616611997,10809.903616611997,10809.903616611997,9788.092824400666,55
2026-07-22,10724.512366467772,10724.512366467772,10724.512366467772,10724.512366467772,9710.77321893084,55
2026-07-23,10792.976501957472,10792.976501957472,10792.976501957472,10792.976501957472,9772.765752544712,55
2026-07-24,10530.42521789751,10530.42521789751,10530.42521789751,10530.42521789751,9535.032241619112,55
2026-07-27,10715.600908655426,10715.600908655426,10715.600908655426,10715.600908655426,9702.704120503919,55
2026-07-28,10116.269506183744,10116.269506183744,10116.269506183744,10116.269506183744,9160.024776817998,55
2026-07-29,10155.755199413468,10155.755199413468,10155.755199413468,10155.755199413468,9195.778067899559,55
2026-07-30,9801.45219879457,9801.45219879457,9801.45219879457,9801.45219879457,8874.965710914976,55
2026-07-31,10039.118495344,10039.118495344,10039.118495344,10039.118495344,9090.166498485592,55
2026-08-03,9862.587346465709,9862.587346465709,9862.587346465709,9862.587346465709,8930.322032438413,55
2026-08-04,10257.782705981548,10257.782705981548,10257.782705981548,10257.782705981548,9288.161380494117,55
2026-08-05,10618.799210391984,10618.799210391984,10618.799210391984,10618.799210391984,9615.052644434683,55
2026-08-06,10720.590487653903,10720.590487653903,10720.590487653903,10720.590487653903,9707.222057399924,55
2026-08-07,10928.893868592679,10928.893868592679,10928.893868592679,10928.893868592679,9895.835471596512,55
2026-08-10,10868.452235827985,10868.452235827985,10868.452235827985,10868.452235827985,9841.107110184481,55
2026-08-11,10615.301136447999,10615.301136447999,10615.301136447999,10615.301136447999,9611.88522743591,55
2026-08-12,10749.689092747507,10749.689092747507,10749.689092747507,10749.689092747507,9733.570104322293,55
2026-08-13,10615.279781964677,10615.279781964677,10615.279781964677,10615.279781964677,9611.865891494317,55
2026-08-14,10686.644981752932,10686.644981752932,10686.644981752932,10686.644981752932,9676.485265055233,55
2026-08-17,11036.629494947976,11036.629494947976,11036.629494947976,11036.629494947976,9993.387341498486,55
2026-08-18,10944.391679007018,10944.391679007018,10944.391679007018,10944.391679007018,9909.868344810795,55
2026-08-19,10387.01423865023,10387.01423865023,10387.01423865023,10387.01423865023,9405.17724691283,55
2026-08-20,10438.908495210922,10438.908495210922,10438.908495210922,10438.908495210922,9452.166176535546,55
2026-08-21,10633.068598505499,10633.068598505499,10633.068598505499,10633.068598505499,9627.97321249487,55
2026-08-24,10342.109995826437,10342.109995826437,10342.109995826437,10342.109995826437,9364.517596969858,55
2026-08-25,10250.555853795562,10250.555853795562,10250.555853795562,10250.555853795562,9281.617649621629,55
2026-08-26,10385.780884166594,10385.780884166594,10385.780884166594,10385.780884166594,9404.060475792627,55
2026-08-27,10616.974388874421,10616.974388874421,10616.974388874421,10616.974388874421,9613.40031495652,55
2026-08-28,10552.331773086633,10552.331773086633,10552.331773086633,10552.331773086633,9554.868070249859,55
2026-08-31,10585.850805456044,10585.850805456044,10585.850805456044,10585.850805456044,9585.218701657128,55
2026-09-01,10474.70113957774,10474.70113957774,10474.70113957774,10474.70113957774,9484.575505787549,55
2026-09-02,10281.048559066969,10281.048559066969,10281.048559066969,10281.048559066969,9309.228018802438,55
2026-09-03,10284.216870065755,10284.216870065755,10284.216870065755,10284.216870065755,9312.096843840343,55
2026-09-04,10221.804997070165,10221.804997070165,10221.804997070165,10221.804997070165,9255.584480003283,55
2026-09-07,10444.23912183287,10444.23912183287,10444.23912183287,10444.23912183287,9456.99292338162,55
2026-09-08,10433.001056927464,10433.001056927464,10433.001056927464,10433.001056927464,9446.817141398538,55
2026-09-09,10518.1612299544,10518.1612299544,10518.1612299544,10518.1612299544,9523.927512415048,55
