Date,Open,High,Low,Close
2005-09-16,1002.1912,1002.9664,996.6822,1000.0000
2005-09-19,999.9380,1004.6408,996.6512,1003.7623
2005-09-20,1004.0103,1004.2894,989.2713,994.2326
2005-09-21,993.6641,993.6641,975.5245,976.1344
2005-09-22,974.3979,974.3979,944.9406,954.2842
2005-09-23,952.4651,958.5736,945.5401,946.9251
2005-09-26,946.6047,950.5426,944.2997,949.3437
2005-09-27,949.7364,952.0724,933.7364,934.5840
2005-09-28,933.6744,940.9096,931.6589,934.0775
2005-09-29,934.6563,946.7494,934.6563,946.7494
2005-09-30,947.3798,949.5194,944.1344,948.2067
2005-10-10,948.0207,948.0207,937.3437,937.7984
2005-10-11,937.0853,950.6977,934.4186,950.6150
2005-10-12,951.3695,957.1990,948.1964,954.5116
2005-10-13,954.4496,957.1163,947.0594,947.2868
2005-10-14,947.1214,948.7235,933.1370,935.2248
2005-10-17,933.6124,933.6124,922.3359,927.7726
2005-10-18,927.5142,933.3333,925.7054,932.6822
2005-10-19,932.3411,938.3773,927.1835,928.9302
2005-10-20,929.0853,930.3669,919.4522,930.1499
2005-10-21,929.8708,938.2842,928.1550,934.7907
2005-10-24,935.5349,938.9664,930.4703,937.1059
2005-10-25,936.4031,936.4031,923.6279,924.3101
2005-10-26,922.6047,922.6047,903.2558,905.2403
2005-10-27,902.8114,909.2196,898.9354,905.2713
2005-10-28,905.2817,909.7778,888.5685,896.8786
2005-10-31,895.7313,907.9173,895.2455,905.7158
2005-11-01,905.3850,905.3850,891.6693,902.1912
2005-11-02,902.7287,914.6667,902.7287,912.1240
2005-11-03,911.8243,915.4315,901.4057,903.9587
2005-11-04,902.6873,907.8656,898.8941,907.8656
2005-11-07,907.1008,907.1008,899.3075,906.7494
2005-11-08,905.8708,911.5245,900.2171,911.1318
2005-11-09,911.1214,914.6667,908.1964,908.7855
2005-11-10,908.1447,908.1447,891.0491,891.9587
2005-11-11,890.1499,896.4651,886.6047,893.8398
2005-11-14,893.1059,893.2817,887.1731,891.1111
2005-11-15,891.0284,896.5995,882.5426,885.4160
2005-11-16,884.1860,892.1654,875.9587,892.1137
2005-11-17,892.0724,894.8734,887.8553,891.6382
2005-11-18,891.5556,916.3618,891.3695,911.8760
2005-11-21,912.4444,915.8760,909.8708,913.5607
2005-11-22,913.6227,913.6227,898.7390,898.8320
2005-11-23,897.1680,906.2739,895.2868,905.6641
2005-11-24,905.2506,915.5039,904.2687,911.1008
2005-11-25,910.8527,913.8605,906.7287,913.8088
2005-11-28,912.9096,916.5271,907.1214,909.7364
2005-11-29,908.7855,908.7855,899.8036,900.5788
2005-11-30,899.6899,903.2868,896.1034,903.1835
2005-12-01,902.8114,906.7804,899.9483,902.3979
2005-12-02,902.2532,905.2506,895.4729,899.1628
2005-12-05,898.6357,898.6357,887.7106,888.4858
2005-12-06,886.9354,896.3204,884.4651,895.1731
2005-12-07,894.8010,903.3592,894.0775,903.1938
2005-12-08,903.4935,907.4625,899.3488,903.4212
2005-12-09,903.0388,917.3850,900.5271,917.1680
2005-12-12,916.8579,920.6098,913.9638,918.3669
2005-12-13,917.8295,919.0904,910.3256,918.9664
2005-12-14,918.4496,929.2093,914.0775,928.3204
2005-12-15,928.5581,934.3773,925.2403,926.5426
2005-12-16,925.9225,933.0749,924.1344,932.8786
2005-12-19,932.3514,934.8527,928.9819,933.2403
2005-12-20,933.0749,937.7984,929.8811,937.7984
2005-12-21,937.5194,941.5297,932.4134,933.4780
2005-12-22,932.6822,939.5969,930.9147,939.2765
2005-12-23,939.4935,946.6563,939.0284,946.6563
2005-12-26,947.4625,956.0827,947.1938,953.3643
2005-12-27,953.4264,953.4264,946.7804,950.2429
2005-12-28,949.9225,951.9173,945.8605,951.8553
2005-12-29,952.0827,963.3385,952.0827,963.3385
2005-12-30,964.8062,965.3747,952.7959,954.4703
2006-01-04,957.6848,973.0543,957.5297,973.0543
2006-01-05,975.5556,991.8656,973.9638,991.3488
2006-01-06,994.2326,1008.4031,988.1550,1002.6150
2006-01-09,1003.7106,1009.0646,998.5013,1008.0103
2006-01-10,1008.0413,1011.1421,996.8269,1011.0078
2006-01-11,1010.4806,1016.4238,995.7519,1006.1809
2006-01-12,1005.0543,1017.1370,1001.0749,1016.7649
2006-01-13,1018.1292,1021.3023,1006.3979,1011.6899
2006-01-16,1010.7390,1010.7390,993.1576,993.7364
2006-01-17,991.6279,998.4289,984.2171,996.6822
2006-01-18,996.5478,1017.7468,995.4315,1016.6615
2006-01-19,1018.3256,1025.6021,1011.1421,1024.5168
2006-01-20,1024.8786,1027.9070,1020.2171,1026.7080
2006-01-23,1027.1214,1030.8320,1022.5736,1029.6227
2006-01-24,1031.3075,1039.9483,1026.7597,1032.6512
2006-01-25,1032.3824,1043.5659,1022.7494,1043.5142
2006-02-06,1047.4729,1068.0620,1046.8320,1067.9380
2006-02-07,1069.4367,1073.3850,1054.2016,1064.5375
2006-02-08,1062.9974,1068.1137,1057.3023,1067.7726
2006-02-09,1067.8966,1067.8966,1051.2145,1053.8501
2006-02-10,1053.6641,1067.2868,1052.6925,1067.0181
2006-02-13,1069.1266,1069.3953,1056.1654,1066.2636
2006-02-14,1067.3385,1073.7054,1065.0749,1073.4160
2006-02-15,1075.2765,1083.5556,1073.6331,1076.6512
2006-02-16,1076.6615,1076.6615,1053.4470,1054.3876
2006-02-17,1054.3256,1063.1214,1050.1189,1054.6460
2006-02-20,1055.0284,1064.6512,1054.2842,1055.9587
2006-02-21,1055.2765,1073.8398,1048.7442,1073.7158
2006-02-22,1074.5736,1081.6021,1071.1938,1072.7545
2006-02-23,1073.1266,1076.5788,1063.8243,1076.3514
2006-02-24,1076.9716,1084.9509,1076.9716,1084.6925
2006-02-27,1091.4212,1092.7339,1081.1059,1083.0491
2006-02-28,1081.8708,1089.1163,1068.3824,1088.3824
2006-03-01,1087.0904,1093.2196,1084.8992,1092.1137
2006-03-02,1091.3282,1091.5245,1069.4367,1073.5607
2006-03-03,1072.8579,1078.4703,1064.1447,1076.6718
2006-03-06,1076.6512,1079.5039,1070.9147,1073.7674
2006-03-07,1072.7959,1072.8475,1047.1731,1049.0646
2006-03-08,1046.5943,1049.0646,1033.5194,1043.1731
2006-03-09,1040.7959,1044.8682,1035.8656,1038.0775
2006-03-10,1038.5013,1045.7468,1038.4393,1042.7907
2006-03-13,1042.6873,1055.1731,1042.3876,1054.1189
2006-03-14,1054.7494,1055.9690,1046.1085,1052.4755
2006-03-15,1052.3514,1063.5349,1051.2455,1063.5245
2006-03-16,1063.5245,1064.4031,1059.9690,1062.1395
2006-03-17,1062.1602,1064.1447,1055.3798,1058.4186
2006-03-20,1058.9147,1072.7752,1053.9018,1072.5168
2006-03-21,1072.8165,1082.2222,1071.0491,1075.7209
2006-03-22,1076.1137,1083.1421,1071.5349,1082.8630
2006-03-23,1082.5323,1084.5788,1077.8605,1083.7623
2006-03-24,1084.3618,1087.0904,1076.2067,1077.6227
2006-03-27,1077.6537,1086.0052,1071.9173,1086.0052
2006-03-28,1085.3437,1092.0103,1083.8656,1091.4522
2006-03-29,1094.3049,1110.1189,1093.2093,1101.0749
2006-03-30,1101.6434,1103.8656,1090.5840,1091.0904
2006-03-31,1089.2506,1097.1266,1085.4987,1096.7339
2006-04-03,1097.6331,1115.6279,1097.6331,1115.5762
2006-04-04,1117.1680,1125.9638,1112.3514,1125.9638
2006-04-05,1127.8346,1137.5297,1126.1499,1136.9199
2006-04-06,1139.5762,1146.9561,1134.1809,1140.2997
2006-04-07,1139.9897,1142.2222,1128.5685,1140.2067
2006-04-10,1141.4160,1155.6382,1137.6641,1155.4625
2006-04-11,1157.7881,1163.9173,1149.3643,1161.0439
2006-04-12,1161.5297,1161.5297,1153.6434,1154.5943
2006-04-13,1154.3566,1160.0930,1130.2429,1130.6770
2006-04-14,1128.3618,1156.2481,1128.3411,1156.1860
2006-04-17,1157.8191,1167.0801,1151.9690,1162.1809
2006-04-18,1165.3850,1173.5917,1156.8682,1169.2817
2006-04-19,1173.7571,1178.7183,1162.9974,1176.4755
2006-04-20,1177.9225,1180.9199,1164.9509,1172.4858
2006-04-21,1171.2765,1191.6176,1165.5297,1187.7623
2006-04-24,1195.7726,1199.5659,1173.9018,1181.0853
2006-04-25,1177.7778,1188.1550,1160.8269,1180.2894
2006-04-26,1181.2920,1201.0543,1180.4341,1194.5530
2006-04-27,1196.2584,1198.8630,1183.7313,1194.0775
2006-04-28,1182.0052,1213.3127,1171.2558,1211.7313
2006-05-08,1219.2041,1259.8036,1219.2041,1259.3798
2006-05-09,1267.5142,1294.8424,1263.7519,1293.6537
2006-05-10,1300.2377,1316.4651,1285.2403,1308.4548
2006-05-11,1309.7881,1338.3669,1296.4858,1297.1990
2006-05-12,1297.3953,1339.9276,1294.7597,1339.8036
2006-05-15,1356.2171,1397.8398,1345.5297,1397.5814
2006-05-16,1414.0879,1434.0052,1366.5530,1375.8450
2006-05-17,1376.4238,1401.6848,1350.7700,1380.3824
2006-05-18,1367.0801,1385.5504,1344.8165,1375.9173
2006-05-19,1378.8837,1417.2817,1373.9742,1411.9897
2006-05-22,1412.2171,1434.1809,1406.0465,1419.8140
2006-05-23,1410.9561,1410.9561,1360.7752,1361.9121
2006-05-24,1370.2119,1396.7028,1320.2377,1352.1860
2006-05-25,1348.5271,1360.7028,1328.9199,1351.6279
2006-05-26,1356.3204,1376.1757,1353.4470,1375.7313
2006-05-29,1384.9096,1412.7545,1375.3282,1412.1860
2006-05-30,1421.4987,1431.1938,1406.2532,1425.0749
2006-05-31,1423.7209,1433.5297,1400.5271,1411.3178
2006-06-01,1410.0052,1450.4083,1408.7235,1450.0052
2006-06-02,1453.8708,1459.2041,1428.4238,1436.8165
2006-06-05,1438.2016,1450.4393,1408.4961,1450.2946
2006-06-06,1447.3075,1460.5788,1438.6563,1446.1395
2006-06-07,1445.1473,1445.1473,1364.0310,1364.5788
2006-06-08,1353.0439,1376.6305,1330.1292,1370.5220
2006-06-09,1365.1783,1374.5116,1336.4858,1337.6641
2006-06-12,1326.9561,1352.0620,1318.2429,1341.2610
2006-06-13,1339.9587,1356.2067,1327.7726,1341.8915
2006-06-14,1335.0801,1335.0801,1312.1654,1327.0078
2006-06-15,1326.8424,1343.7829,1323.5142,1328.5685
2006-06-16,1333.3333,1362.2946,1333.3333,1362.2842
2006-06-19,1350.1395,1387.0698,1338.3979,1379.7313
2006-06-20,1378.4186,1386.2946,1368.2481,1383.1731
2006-06-21,1381.7468,1392.2481,1364.7649,1378.3256
2006-06-22,1376.6718,1386.8010,1370.6977,1376.2791
2006-06-23,1373.7571,1385.2920,1363.8346,1384.4444
2006-06-26,1386.6770,1409.3747,1386.6770,1409.2093
2006-06-27,1410.8941,1414.3773,1399.5762,1409.7158
2006-06-28,1407.5349,1412.2377,1399.1008,1408.6718
2006-06-29,1411.1111,1442.1085,1411.1111,1441.9845
2006-06-30,1449.7158,1456.1137,1431.5142,1440.7855
2006-07-03,1445.7261,1468.0413,1440.7442,1468.0413
2006-07-04,1470.8837,1474.0052,1448.2171,1458.4083
2006-07-05,1457.2610,1457.2610,1423.4832,1439.8036
2006-07-06,1438.3876,1466.4186,1436.8889,1466.3359
2006-07-07,1471.5452,1474.3152,1453.2196,1457.8088
2006-07-10,1457.8811,1461.0646,1444.3824,1459.5556
2006-07-11,1461.6434,1466.4806,1453.7468,1466.2326
2006-07-12,1466.7390,1479.0078,1464.3307,1466.8734
2006-07-13,1463.4419,1465.7778,1389.3127,1391.3075
2006-07-14,1378.5426,1413.6848,1372.1860,1402.7183
2006-07-17,1399.6279,1418.3463,1393.7261,1418.3463
2006-07-18,1416.9509,1419.7313,1405.5917,1419.5556
2006-07-19,1416.3204,1416.3204,1374.9664,1381.5401
2006-07-20,1380.2687,1392.0930,1373.8295,1390.3773
2006-07-21,1389.7674,1402.9354,1389.7364,1401.5814
2006-07-24,1385.3023,1405.2300,1372.5065,1403.7416
2006-07-25,1404.9819,1425.1576,1404.9819,1420.3307
2006-07-26,1424.0620,1427.1835,1412.9716,1417.3643
2006-07-27,1416.7959,1425.5814,1392.5478,1401.0853
2006-07-28,1400.4341,1405.4160,1372.2584,1386.4496
2006-07-31,1382.9871,1382.9871,1336.9819,1337.8088
2006-08-01,1336.1344,1346.6563,1321.4884,1325.1266
2006-08-02,1324.9509,1331.8966,1300.2687,1317.9225
2006-08-03,1320.5478,1324.8475,1304.0827,1314.4599
2006-08-04,1315.1008,1321.1886,1281.0129,1283.6279
2006-08-07,1274.9251,1283.5659,1263.0388,1265.2196
2006-08-08,1266.1912,1294.4599,1266.1912,1294.4599
2006-08-09,1296.5065,1300.4755,1287.2248,1293.3333
2006-08-10,1293.1886,1314.1809,1293.1059,1314.1809
2006-08-11,1316.0413,1320.8992,1308.0310,1318.5013
2006-08-14,1317.9742,1322.2842,1283.6693,1287.5659
2006-08-15,1284.9199,1308.3824,1281.5607,1308.3824
2006-08-16,1309.3747,1326.6873,1304.9509,1326.6873
2006-08-17,1323.2868,1323.2868,1306.3876,1314.3463
2006-08-18,1312.8992,1323.8553,1308.3411,1310.4599
2006-08-21,1276.9302,1313.3540,1270.4599,1313.2403
2006-08-22,1312.7649,1332.3204,1311.7313,1328.4444
2006-08-23,1327.9793,1338.3256,1325.9328,1328.8682
2006-08-24,1328.0000,1335.8140,1317.3747,1335.8140
2006-08-25,1336.9509,1345.4780,1335.8656,1338.9561
2006-08-28,1342.0775,1370.4289,1341.9742,1370.4289
2006-08-29,1373.2403,1394.5220,1371.5762,1374.8424
2006-08-30,1372.9922,1381.2817,1364.1550,1379.5039
2006-08-31,1380.4548,1387.8966,1376.0103,1383.6589
2006-09-01,1384.2997,1385.1473,1358.7287,1362.3773
2006-09-04,1359.9070,1382.1602,1359.8036,1382.1602
2006-09-05,1384.5891,1390.9147,1379.5556,1385.7158
2006-09-06,1386.4599,1391.5969,1376.5891,1391.5969
2006-09-07,1393.4574,1393.5711,1368.4548,1373.0026
2006-09-08,1372.1550,1379.5659,1370.8010,1376.8992
2006-09-11,1376.6305,1383.7313,1363.5245,1383.7313
2006-09-12,1383.7933,1395.8966,1382.2222,1392.9096
2006-09-13,1394.1602,1402.4393,1382.3876,1383.3488
2006-09-14,1383.3075,1390.7907,1368.2687,1383.2351
2006-09-15,1383.3695,1408.1654,1383.0904,1408.0827
2006-09-18,1413.5917,1421.7881,1407.8966,1421.7674
2006-09-19,1424.0000,1432.1654,1417.4987,1424.6098
2006-09-20,1422.3463,1428.2274,1411.5969,1424.7649
2006-09-21,1424.7649,1437.3333,1424.7649,1433.9742
2006-09-22,1436.5581,1440.3411,1420.1034,1421.0336
2006-09-25,1418.9251,1430.2532,1407.3488,1418.5013
2006-09-26,1416.9096,1417.6537,1396.5685,1403.2558
2006-09-27,1402.8734,1417.1783,1400.9199,1417.1783
2006-09-28,1418.2222,1436.2377,1415.4005,1433.5917
2006-09-29,1435.7416,1452.7752,1435.7003,1450.4083
2006-10-09,1468.0724,1484.3101,1465.8501,1484.3101
2006-10-10,1485.9845,1491.9897,1474.9044,1485.5297
2006-10-11,1484.9406,1488.5891,1469.5711,1484.1447
2006-10-12,1484.4444,1487.1318,1471.4522,1474.4186
2006-10-13,1472.1447,1484.3411,1468.6925,1478.9457
2006-10-16,1480.4238,1482.7183,1463.0388,1466.1705
2006-10-17,1464.5478,1474.2016,1458.0568,1461.9638
2006-10-18,1461.4057,1485.8811,1461.0336,1485.8811
2006-10-19,1487.1731,1494.1809,1482.1085,1487.7313
2006-10-20,1489.0646,1496.5891,1484.9096,1488.5581
2006-10-23,1487.8966,1493.4574,1450.1395,1456.0413
2006-10-24,1455.8966,1488.4238,1455.8966,1488.4238
2006-10-25,1491.5866,1508.7649,1483.0078,1495.4315
2006-10-26,1495.7003,1506.3256,1483.4935,1505.0129
2006-10-27,1504.8889,1509.5194,1481.5090,1487.3902
2006-10-30,1484.9199,1494.8217,1476.3101,1494.8217
2006-10-31,1495.6693,1513.6744,1495.6693,1513.6641
2006-11-01,1514.9044,1529.1059,1510.4083,1529.1059
2006-11-02,1530.2842,1530.2842,1513.7984,1529.3643
2006-11-03,1531.3488,1547.7726,1530.5116,1538.2842
2006-11-06,1527.0698,1558.6253,1521.4470,1558.5426
2006-11-07,1563.4625,1567.7519,1541.4264,1567.0284
2006-11-08,1563.1628,1563.8656,1547.2972,1548.4961
2006-11-09,1541.9121,1578.6873,1539.2248,1575.9276
2006-11-10,1576.4651,1586.7700,1543.3592,1554.5840
2006-11-13,1548.3824,1563.7726,1514.8630,1525.3540
2006-11-14,1525.0129,1544.0620,1502.0775,1543.9587
2006-11-15,1544.2997,1586.4083,1540.9509,1586.3152
2006-11-16,1592.0000,1610.7597,1582.7287,1584.7959
2006-11-17,1579.3385,1614.7183,1572.6615,1614.5530
2006-11-20,1619.9897,1646.7080,1619.9897,1646.6770
2006-11-21,1644.9302,1666.6253,1621.6537,1666.4083
2006-11-22,1664.1344,1694.4806,1654.1395,1678.5840
2006-11-23,1678.2532,1697.9948,1672.3928,1689.8295
2006-11-24,1684.6408,1695.8656,1665.6848,1691.5556
2006-11-27,1687.5039,1707.2868,1682.6047,1707.2868
2006-11-28,1705.0956,1711.8243,1684.5788,1699.2351
2006-11-29,1672.0310,1729.1059,1658.7287,1723.1421
2006-11-30,1727.8243,1772.0827,1727.8243,1771.9483
2006-12-01,1777.0336,1800.3101,1773.4264,1787.3075
2006-12-04,1790.0775,1840.6202,1790.0775,1840.5581
2006-12-05,1845.4160,1872.5168,1837.1370,1854.5013
2006-12-06,1854.5323,1867.3385,1775.4212,1839.1835
2006-12-07,1833.7881,1881.8811,1830.0465,1835.3592
2006-12-08,1811.6486,1831.6899,1767.4419,1769.0749
2006-12-11,1763.2145,1850.2532,1763.2145,1850.0465
2006-12-12,1858.8734,1880.9302,1831.6382,1863.3488
2006-12-13,1866.0672,1874.1912,1839.3385,1864.4548
2006-12-14,1867.7829,1897.8708,1865.8398,1897.8191
2006-12-15,1904.7855,1930.5220,1894.0672,1930.3773
2006-12-18,1937.9948,1982.7287,1937.9948,1980.4755
2006-12-19,1989.4574,2001.8088,1945.7778,1985.9845
2006-12-20,1977.1576,2001.8605,1957.0233,2001.6021
2006-12-21,2000.8062,2010.8217,1969.7364,1973.1163
2006-12-22,1960.1860,1982.9354,1943.7416,1959.3178
2006-12-25,1962.6047,2023.2248,1962.6047,2004.2377
2006-12-26,2007.0284,2025.8191,1979.3075,2003.3488
2006-12-27,2005.5917,2049.7261,2004.7028,2049.4884
2006-12-28,2054.8010,2077.9018,2030.9767,2046.4393
2006-12-29,2058.7907,2121.8191,2058.7907,2109.6124
2007-01-04,2142.8941,2211.3592,2123.2455,2136.5271
2007-01-05,2120.0517,2153.3850,2098.9767,2142.5116
2007-01-08,2141.6124,2203.3488,2141.3127,2203.1628
2007-01-09,2209.2920,2275.3075,2199.5452,2273.9948
2007-01-10,2285.0233,2331.7519,2268.4961,2331.7519
2007-01-11,2332.8269,2366.8734,2299.0904,2306.5943
2007-01-12,2290.2946,2325.1059,2232.3307,2246.7700
2007-01-15,2243.8656,2364.5271,2243.8656,2364.1757
2007-01-16,2388.5891,2433.5194,2374.4083,2432.9406
2007-01-17,2439.7003,2473.6124,2342.4703,2386.4910
2007-01-18,2369.1680,2403.6486,2315.4625,2394.9354
2007-01-19,2398.8320,2476.5788,2398.8320,2476.5788
2007-01-22,2506.2739,2575.4109,2506.2739,2574.9974
2007-01-23,2592.5271,2601.1266,2496.2377,2592.3824
2007-01-24,2592.7855,2641.9638,2573.5711,2621.6331
2007-01-25,2596.8579,2614.3979,2531.3178,2535.2248
2007-01-26,2496.8992,2609.0336,2436.1550,2597.3333
2007-01-29,2614.9251,2669.1576,2606.2016,2663.4832
2007-01-30,2673.4057,2686.7700,2616.8269,2637.6021
2007-01-31,2629.7674,2633.7778,2447.2041,2465.4677
2007-02-01,2429.5607,2491.3902,2388.1860,2475.6279
2007-02-02,2477.5814,2484.3618,2370.3152,2375.1938
2007-02-05,2359.4522,2381.7261,2323.4419,2348.1137
2007-02-06,2347.6693,2394.5220,2272.7649,2393.8398
2007-02-07,2408.7132,2471.1835,2408.7132,2449.3953
2007-02-08,2456.4651,2497.1163,2433.7984,2491.5762
2007-02-09,2493.6848,2498.8527,2455.8346,2477.7778
2007-02-12,2478.3979,2569.2610,2477.3023,2568.8786
2007-02-13,2582.2739,2611.0904,2573.2920,2607.3695
2007-02-14,2612.4651,2681.8191,2605.1990,2675.2972
2007-02-15,2695.2248,2758.8424,2695.2248,2758.2739
2007-02-16,2783.1214,2808.8579,2749.8605,2766.6563
2007-02-26,2769.2713,2801.3437,2729.8398,2798.6357
2007-02-27,2809.1059,2810.8734,2537.3850,2540.0413
2007-02-28,2494.4910,2640.0310,2494.3979,2630.0465
2007-03-01,2635.9276,2636.0000,2521.4470,2556.6305
2007-03-02,2551.5969,2608.6408,2538.3152,2593.0026
2007-03-05,2587.9276,2627.2041,2490.6667,2558.7700
2007-03-06,2550.6357,2624.7545,2534.5116,2604.9509
2007-03-07,2618.0672,2681.6124,2617.2093,2676.4238
2007-03-08,2684.9819,2716.7442,2651.2765,2715.8966
2007-03-09,2721.2403,2732.6202,2674.4083,2699.1111
2007-03-12,2700.7339,2707.4935,2649.4780,2704.0517
2007-03-13,2708.7545,2730.3669,2692.7442,2728.8579
2007-03-14,2697.6021,2713.3023,2632.1964,2684.6098
2007-03-15,2682.7287,2734.7597,2682.7287,2734.4186
2007-03-16,2745.2300,2754.9251,2662.8630,2691.7106
2007-03-19,2618.8217,2764.6512,2608.0620,2748.7442
2007-03-20,2759.3178,2764.3101,2734.1085,2762.5530
2007-03-21,2776.1550,2793.7984,2756.4755,2793.3850
2007-03-22,2811.8450,2832.3307,2793.1886,2802.3979
2007-03-23,2801.4057,2818.2119,2742.9354,2807.5142
2007-03-26,2816.9509,2857.2610,2805.0956,2856.8786
2007-03-27,2863.4109,2883.6899,2845.4987,2877.5401
2007-03-28,2880.8682,2900.3411,2779.4419,2891.6279
2007-03-29,2896.5168,2925.1473,2876.4134,2876.8062
2007-03-30,2861.7158,2896.0724,2845.6331,2875.2248
2007-04-02,2887.8140,2945.8915,2887.8140,2945.8501
2007-04-03,2958.0362,2985.3540,2948.3928,2985.1370
2007-04-04,2990.5736,3022.9251,2972.2894,3009.6331
2007-04-05,3007.2351,3049.7778,2992.6822,3043.9793
2007-04-06,3019.8760,3077.4780,3008.8372,3071.8450
2007-04-09,3088.7649,3145.2817,3088.7649,3140.2274
2007-04-10,3155.9276,3185.1370,3093.6537,3185.0853
2007-04-11,3195.9587,3226.3979,3162.0465,3226.1705
2007-04-12,3234.3669,3283.4005,3219.5452,3283.1421
2007-04-13,3289.6951,3319.4935,3260.0620,3275.6899
2007-04-16,3284.0310,3365.9638,3284.0207,3365.3747
2007-04-17,3383.3902,3398.6253,3289.8708,3393.9018
2007-04-18,3404.8682,3423.2351,3353.9328,3415.5039
2007-04-19,3408.7339,3408.7339,3168.2481,3256.1240
2007-04-20,3272.0103,3408.1757,3272.0103,3399.7726
2007-04-23,3442.6873,3548.8579,3442.6873,3546.5840
2007-04-24,3578.7907,3608.0724,3533.1266,3560.9302
2007-04-25,3547.3075,3584.3204,3489.4884,3564.1137
2007-04-26,3581.5090,3611.2765,3554.3979,3610.9354
2007-04-27,3617.5090,3621.5917,3551.4212,3587.1008
2007-04-30,3604.5065,3688.5581,3595.7933,3678.2532
2007-05-08,3766.2119,3823.6382,3740.3411,3809.8501
2007-05-09,3823.5659,3842.2119,3676.0930,3825.6124
2007-05-10,3827.9380,3867.9380,3795.1525,3849.6227
2007-05-11,3820.4548,3840.1757,3751.6382,3826.9871
2007-05-14,3770.8217,3895.7726,3742.4910,3859.8656
2007-05-15,3864.6512,3877.6641,3721.1473,3725.7261
2007-05-16,3718.8630,3824.9612,3676.6925,3824.5891
2007-05-17,3841.2817,3921.6124,3829.7468,3905.5401
2007-05-18,3897.9535,3933.0336,3872.0827,3903.4935
2007-05-21,3773.4367,3972.9612,3765.4574,3960.1447
2007-05-22,3978.3359,4023.9690,3978.3359,4000.5065
2007-05-23,4010.0879,4071.8243,3983.3695,4071.2661
2007-05-24,4086.7080,4106.0258,3988.1240,4051.4212
2007-05-25,4038.9974,4131.1111,4018.9251,4119.1214
2007-05-28,4169.4264,4229.3953,4162.6460,4209.3850
2007-05-29,4228.3204,4308.5581,4216.9199,4308.3101
2007-05-30,4037.2506,4242.0672,3979.0181,4017.0129
2007-05-31,3957.3333,4125.8191,3807.2972,4059.8966
2007-06-01,4085.8915,4148.9922,3907.0078,3931.7313
2007-06-04,3932.7752,3950.8114,3621.6434,3629.3850
2007-06-05,3521.4470,3757.2610,3355.7933,3756.7235
2007-06-06,3775.5969,3837.2403,3670.0155,3801.1163
2007-06-07,3818.6563,3930.0258,3808.2274,3930.0258
2007-06-08,3942.3152,3990.9147,3895.7623,3966.7907
2007-06-11,4006.2739,4070.0672,4000.2377,4063.9380
2007-06-12,4086.7804,4171.9483,3962.8114,4171.6899
2007-06-13,4208.5168,4285.8088,4200.6718,4256.6098
2007-06-14,4241.3643,4270.8010,4157.9121,4212.7339
2007-06-15,4178.9251,4253.9845,4160.3101,4237.0853
2007-06-18,4319.1318,4389.0439,4317.5090,4369.5814
2007-06-19,4369.6021,4397.6434,4326.8010,4395.8656
2007-06-20,4412.0517,4436.3824,4277.3437,4297.2610
2007-06-21,4279.7829,4350.2532,4249.0543,4338.2739
2007-06-22,4344.3204,4362.7080,4103.7209,4187.5245
2007-06-25,4203.0491,4243.9173,3980.1964,4007.8450
2007-06-26,3932.2067,4061.3643,3878.9974,4060.1654
2007-06-27,4079.4625,4189.5711,4043.6176,4176.2067
2007-06-28,4174.0362,4204.4548,3987.4419,3988.1344
2007-06-29,3895.9483,3997.6744,3843.0594,3890.5220
2007-07-02,3872.0207,3929.6124,3766.6047,3883.8863
2007-07-03,3909.8501,3964.1240,3869.7881,3960.9612
2007-07-04,3969.4160,3977.3437,3852.7752,3869.3333
2007-07-05,3812.2067,3831.1111,3653.7881,3656.2687
2007-07-06,3635.7623,3837.4574,3592.0103,3834.9147
2007-07-09,3869.6331,3970.0155,3847.2661,3949.6641
2007-07-10,3961.5090,3982.3566,3890.6977,3902.4496
2007-07-11,3877.5090,3925.3850,3857.6641,3917.1783
2007-07-12,3926.8114,3968.1757,3907.0078,3945.1370
2007-07-13,3953.5194,3958.3256,3900.7028,3948.4444
2007-07-16,3953.3953,3959.0388,3821.4160,3822.1912
2007-07-17,3808.1034,3940.3101,3772.8682,3916.9509
2007-07-18,3903.8140,3991.2248,3882.8941,3935.4729
2007-07-19,3924.4651,3965.2610,3905.4367,3934.8837
2007-07-20,3936.0000,4105.3127,3936.0000,4105.3023
2007-07-23,4143.7313,4297.0439,4143.7313,4296.3514
2007-07-24,4327.9897,4384.0620,4282.7804,4301.1370
2007-07-25,4303.2145,4399.0181,4303.2041,4398.4083
2007-07-26,4426.5426,4471.2455,4386.6460,4447.7416
2007-07-27,4421.2403,4463.4005,4366.9561,4451.8243
2007-07-30,4449.7984,4574.9974,4448.2997,4558.4496
2007-07-31,4550.4083,4617.7261,4506.0362,4610.3979
2007-08-01,4629.7674,4647.2868,4414.5323,4434.6047
2007-08-02,4456.4341,4598.8630,4448.5581,4585.2093
2007-08-03,4623.1421,4753.7468,4623.1421,4752.8475
2007-08-06,4798.7390,4862.2119,4778.8010,4861.9948
2007-08-07,4873.7881,4931.8656,4790.5633,4883.2558
2007-08-08,4836.4031,4900.7235,4733.2300,4824.8992
2007-08-09,4823.1731,4939.6796,4822.9457,4937.7674
2007-08-10,4925.9432,4931.8966,4786.6047,4885.4574
2007-08-13,4883.2248,4927.2145,4819.8450,4879.7829
2007-08-14,4880.0517,4964.9302,4862.1705,4956.6615
2007-08-15,4966.0775,4999.0594,4855.7829,4959.9483
2007-08-16,4932.6718,4933.3023,4821.9225,4880.5581
2007-08-17,4851.8863,4935.3902,4772.0620,4781.9948
2007-08-20,4908.7339,5049.9638,4906.7390,5049.5401
2007-08-21,5080.6408,5163.3385,5074.7700,5139.7519
2007-08-22,5064.5271,5246.3979,5051.3075,5221.3850
2007-08-23,5246.0052,5328.0103,5197.0233,5308.4548
2007-08-24,5334.5220,5406.8734,5331.2972,5392.8475
2007-08-27,5426.9974,5474.4910,5365.6641,5419.2765
2007-08-28,5396.0103,5447.3385,5309.1576,5428.1860
2007-08-29,5390.8630,5460.8062,5310.9457,5345.5504
2007-08-30,5368.1964,5423.8450,5349.8708,5417.2920
2007-08-31,5431.6176,5485.7054,5395.3385,5474.7390
2007-09-03,5514.2636,5616.2791,5514.2636,5601.2093
2007-09-04,5603.3592,5611.5866,5512.6512,5540.3928
2007-09-05,5537.5194,5570.3669,5441.9225,5543.4109
2007-09-06,5570.5323,5631.8760,5545.7364,5593.8398
2007-09-07,5563.7313,5584.2067,5462.1705,5472.6615
2007-09-10,5402.3152,5561.1990,5356.1757,5557.8501
2007-09-11,5565.4367,5595.8656,5275.8140,5296.2171
2007-09-12,5273.9845,5387.7519,5229.4160,5377.6331
2007-09-13,5406.3566,5531.3488,5387.1111,5529.6848
2007-09-14,5542.6047,5587.4419,5451.3902,5578.5840
2007-09-17,5570.5426,5689.6848,5568.6615,5683.6279
2007-09-18,5709.6641,5719.4109,5586.7494,5660.8165
2007-09-19,5671.7106,5683.2972,5566.3256,5601.3127
2007-09-20,5619.2661,5686.2016,5612.7235,5679.5039
2007-09-21,5693.5504,5701.4057,5537.4677,5651.7829
2007-09-24,5665.5090,5727.2661,5582.0982,5699.1214
2007-09-25,5709.5814,5726.9974,5605.7158,5637.8501
2007-09-26,5616.1550,5674.2739,5517.6331,5541.1059
2007-09-27,5544.7339,5611.4212,5517.3540,5609.9845
2007-09-28,5663.9276,5778.6563,5663.9276,5768.2791
2007-10-08,5894.8630,5907.9173,5805.7881,5843.0388
2007-10-09,5828.0413,5873.8708,5770.3049,5866.5943
2007-10-10,5886.2946,5970.2429,5843.7106,5876.7545
2007-10-11,5886.4393,5954.7494,5839.8966,5953.5711
2007-10-12,5971.9897,5990.9871,5669.8295,5929.9432
2007-10-15,5955.4212,6020.6512,5881.2093,6017.0026
2007-10-16,6048.1034,6083.1835,6010.9664,6074.6253
2007-10-17,6059.3075,6089.6331,5992.3618,6019.7623
2007-10-18,6008.5168,6008.5168,5781.9018,5804.3928
2007-10-19,5840.8579,5903.3592,5750.6770,5802.6460
2007-10-22,5730.0155,5782.4289,5649.4574,5656.5168
2007-10-23,5651.5039,5728.1240,5553.5401,5726.1912
2007-10-24,5751.4005,5834.5943,5739.8760,5775.7209
2007-10-25,5736.0827,5743.2041,5491.3178,5512.9612
2007-10-26,5456.4341,5610.9354,5443.2765,5576.0310
2007-10-29,5611.0388,5694.4186,5611.0388,5693.3953
2007-10-30,5715.7313,5785.2920,5651.1835,5784.0517
2007-10-31,5854.0155,5883.0698,5778.3359,5879.6279
2007-11-01,5893.0129,5893.7571,5793.0646,5793.5194
2007-11-02,5700.1034,5752.6202,5632.0310,5656.7752
2007-11-05,5621.5090,5679.1938,5512.5375,5540.3721
2007-11-06,5510.3979,5587.7106,5473.6951,5496.1757
2007-11-07,5528.2274,5569.6537,5407.3488,5530.3669
2007-11-08,5500.6305,5500.6305,5261.9742,5264.7752
2007-11-09,5212.1550,5301.4057,5128.9922,5209.8501
2007-11-12,5081.9845,5186.6770,4956.5168,5145.4780
2007-11-13,5193.3023,5253.3747,5029.6227,5105.1576
2007-11-14,5182.2016,5319.9070,5090.2532,5318.7494
2007-11-15,5302.1292,5344.6718,5239.8140,5251.7933
2007-11-16,5167.7933,5190.3979,5082.6770,5175.8760
2007-11-19,5185.9432,5203.0491,5135.6382,5162.1912
2007-11-20,5129.3437,5270.8217,5081.6227,5239.6693
2007-11-21,5258.1395,5307.7519,5161.0233,5165.4987
2007-11-22,5067.3178,5115.5969,4919.8036,4932.9406
2007-11-23,4892.3721,5020.2067,4870.0672,5019.2868
2007-11-26,5097.2610,5120.5995,4956.4341,4961.3230
2007-11-27,4918.8734,4968.2997,4866.9767,4869.4057
2007-11-28,4883.1731,4920.5788,4774.6873,4804.9096
2007-11-29,4866.5426,5010.4186,4793.2610,5004.7235
2007-11-30,5003.7003,5003.7003,4882.4703,4896.5478
2007-12-03,4873.3023,4970.8217,4847.0491,4932.9922
2007-12-04,4947.4315,5050.7287,4947.4315,4991.4315
2007-12-05,4992.1964,5137.1266,4977.3747,5132.7649
2007-12-06,5153.7468,5167.8863,5093.6744,5138.0465
2007-12-07,5147.1214,5211.1421,5145.0853,5210.6977
2007-12-10,5128.3411,5311.3075,5110.9354,5306.0052
2007-12-11,5335.4935,5355.4625,5238.2739,5312.6615
2007-12-12,5280.1860,5303.0698,5202.8114,5247.9483
2007-12-13,5221.4780,5237.6124,5045.3127,5048.3721
2007-12-14,4989.5504,5146.4496,4961.4884,5144.8579
2007-12-17,5143.4005,5144.7752,5018.2636,5020.4548
2007-12-18,4989.4160,5047.0284,4960.2067,4992.1550
2007-12-19,5041.6227,5128.2584,5028.7855,5112.4444
2007-12-20,5134.9147,5217.6331,5101.1886,5206.4083
2007-12-21,5184.9716,5275.2145,5183.1525,5273.2300
2007-12-24,5314.8941,5415.2145,5301.9121,5382.0465
2007-12-25,5392.8269,5420.1860,5354.6150,5392.0517
2007-12-26,5407.7209,5450.2739,5369.2506,5441.8915
2007-12-27,5464.5788,5547.8346,5436.7959,5547.8346
2007-12-28,5560.2274,5572.7855,5502.6563,5517.6021
2008-01-02,5529.4677,5586.4910,5460.9302,5565.9948
2008-01-03,5561.9121,5604.8269,5494.5220,5604.1654
2008-01-04,5613.0543,5683.8140,5604.6098,5667.8553
2008-01-07,5664.5375,5756.2274,5638.7597,5743.2455
2008-01-08,5763.2558,5819.7623,5669.4884,5713.7468
2008-01-09,5692.1137,5803.2868,5674.7390,5802.3359
2008-01-10,5820.8269,5899.4005,5790.7907,5862.6873
2008-01-11,5879.6486,5894.1292,5818.7494,5890.5943
2008-01-14,5909.5917,5950.3049,5870.0672,5924.2997
2008-01-15,5936.3618,5947.4005,5841.9018,5887.8036
2008-01-16,5832.1137,5832.1137,5683.0904,5690.6667
2008-01-17,5628.7339,5719.5349,5402.2119,5545.8605
2008-01-18,5538.1705,5601.6227,5485.7881,5596.3514
2008-01-21,5606.8630,5616.8992,5294.5323,5318.5840
2008-01-22,5183.9070,5201.2920,4866.5530,4913.5607
2008-01-23,4947.9793,5143.4315,4911.1111,5142.2326
2008-01-24,5203.6486,5250.4393,5091.8553,5196.0827
2008-01-25,5191.6279,5293.4470,5133.3540,5247.9897
2008-01-28,5207.7623,5207.7623,4869.5401,4890.8320
2008-01-29,4902.2222,5008.4341,4846.2326,4922.0465
2008-01-30,4978.9767,5021.2920,4760.8682,4868.8889
2008-01-31,4851.2765,4892.7132,4769.2817,4775.6072
2008-02-01,4778.9354,4817.5607,4562.3979,4725.5297
2008-02-04,4853.2817,5117.5711,4853.2817,5116.4031
2008-02-05,5108.9199,5163.3798,5041.9845,5087.1628
2008-02-13,5022.0258,5047.2765,4946.5633,4977.8605
2008-02-14,5022.0672,5078.3669,5005.5297,5044.1860
2008-02-15,5008.8062,5008.8062,4901.3953,4974.9974
2008-02-18,5038.9871,5110.9871,5008.0724,5075.9587
2008-02-19,5092.3411,5189.4057,5049.8191,5189.4057
2008-02-20,5201.8398,5232.3101,5066.3152,5073.6124
2008-02-21,5042.4496,5089.8708,4957.2093,5039.8243
2008-02-22,5013.8295,5013.8295,4806.0052,4860.1964
2008-02-25,4862.3463,4881.2817,4662.2222,4671.6072
2008-02-26,4793.3850,4825.6641,4542.2119,4667.2145
2008-02-27,4695.7106,4816.9612,4652.0827,4795.6279
2008-02-28,4807.4005,4827.0491,4736.7649,4777.3230
2008-02-29,4771.3075,4840.4755,4752.0724,4831.5762
2008-03-03,4804.8992,4965.2713,4766.6150,4951.6693
2008-03-04,4975.0904,4999.1318,4813.8295,4828.0620
2008-03-05,4806.7390,4847.5142,4671.5659,4784.2067
2008-03-06,4801.1059,4906.0258,4746.8941,4842.4083
2008-03-07,4797.6848,4850.8630,4751.4315,4776.9406
2008-03-10,4742.8734,4742.9147,4554.2429,4580.4548
2008-03-11,4540.8579,4590.3669,4460.1344,4590.3669
2008-03-12,4687.1421,4706.2946,4453.0749,4454.4186
2008-03-13,4409.5814,4440.6822,4259.7209,4340.0103
2008-03-14,4319.8346,4353.9121,4230.2739,4297.5401
2008-03-17,4277.9121,4277.9121,4091.2558,4098.4806
2008-03-18,4056.7132,4131.2248,3824.6512,3890.3876
2008-03-19,3966.5116,4087.3075,3903.1525,4019.4935
2008-03-20,3961.9742,4180.5581,3780.9199,4136.2584
2008-03-21,4132.5065,4220.3204,4091.9587,4173.4677
2008-03-24,4223.3282,4241.4160,3986.6563,3986.6563
2008-03-25,3907.4522,4069.9432,3872.8889,4036.9716
2008-03-26,4058.7700,4135.9690,4018.6253,4045.8605
2008-03-27,3976.6822,4003.7313,3871.7106,3874.8527
2008-03-28,3837.7054,4057.7364,3784.3721,4049.7778
2008-03-31,3929.9328,4022.3876,3907.1008,3917.8605
2008-04-01,3903.1214,3943.3178,3686.0052,3703.2145
2008-04-02,3743.0388,3822.7700,3610.5220,3667.1628
2008-04-03,3636.4031,3788.7855,3573.7674,3773.3333
2008-04-07,3733.2920,3983.5349,3698.5840,3975.0078
2008-04-08,3981.4057,4067.5245,3948.4238,4021.7674
2008-04-09,3986.8527,4043.1008,3811.4729,3812.0207
2008-04-10,3763.9897,3880.8475,3729.5297,3880.8475
2008-04-11,3921.7571,3953.7984,3881.1576,3910.8320
2008-04-14,3823.4005,3835.4419,3643.6072,3655.1214
2008-04-15,3631.0801,3704.2481,3532.0413,3703.6693
2008-04-16,3693.7054,3704.1964,3600.1964,3611.3902
2008-04-17,3610.5840,3678.6563,3453.1059,3500.3928
2008-04-18,3469.3127,3504.4444,3357.6537,3382.4289
2008-04-21,3634.5530,3634.5530,3332.1860,3377.3127
2008-04-22,3315.6382,3412.4548,3227.2765,3407.0078
2008-04-23,3377.1163,3583.9070,3354.3152,3569.7468
2008-04-24,3864.9302,3908.5065,3782.6667,3901.2920
2008-04-25,3908.9509,4047.3798,3863.5452,3930.8217
2008-04-28,3866.6150,3919.1421,3835.8553,3854.4186
2008-04-29,3829.3850,3925.0956,3826.3773,3903.8140
2008-04-30,3921.2920,4103.9587,3921.2920,4092.1137
2008-05-05,4150.0879,4197.9018,4106.0052,4192.0207
2008-05-06,4156.1447,4212.4858,4094.4083,4145.6227
2008-05-07,4120.0310,4178.2016,3949.4677,3949.6848
2008-05-08,3900.8165,4057.8811,3887.6279,4056.8889
2008-05-09,4093.9432,4106.5220,3934.3876,4009.2196
2008-05-12,3932.8062,4085.5711,3893.1059,4036.0930
2008-05-13,3913.7261,4054.9561,3905.6537,3981.0749
2008-05-14,3972.5788,4109.3540,3972.5788,4109.3333
2008-05-15,4141.2506,4174.5220,4080.6822,4080.7132
2008-05-16,4080.6512,4115.9897,4013.3333,4068.3411
2008-05-19,4058.2016,4068.5065,3995.3488,4045.5504
2008-05-20,4042.4806,4079.0078,3822.7907,3835.4729
2008-05-21,3791.4005,3928.7545,3712.2171,3910.1292
2008-05-22,3858.0258,3910.9561,3828.5891,3836.1137
2008-05-23,3822.1085,3866.7287,3750.9147,3798.6047
2008-05-26,3765.3850,3765.3850,3675.2041,3678.7804
2008-05-27,3669.2403,3715.4109,3652.1654,3696.3307
2008-05-28,3703.6486,3822.2222,3681.3747,3799.7209
2008-05-29,3789.3540,3800.5375,3698.9457,3701.1576
2008-05-30,3706.0568,3741.8398,3672.0000,3732.6408
2008-06-02,3721.1680,3773.1059,3700.8579,3747.6279
2008-06-03,3746.3256,3763.7519,3705.5504,3735.5142
2008-06-04,3722.0258,3726.1602,3631.6693,3666.0672
2008-06-05,3648.5581,3661.2300,3604.9509,3630.1189
2008-06-06,3637.3333,3650.9561,3587.1421,3606.7183
2008-06-10,3456.7959,3464.9302,3295.9173,3314.2739
2008-06-11,3261.9535,3288.7028,3201.4470,3245.7881
2008-06-12,3228.5685,3254.5116,3124.4238,3188.2481
2008-06-13,3191.0491,3213.4264,3075.6176,3079.1938
2008-06-16,3081.2300,3114.2016,2997.4987,3051.4109
2008-06-17,3049.5090,3077.9225,2915.3902,2938.1705
2008-06-18,2914.9767,3108.1964,2851.7933,3091.7519
2008-06-19,3067.0801,3067.0801,2861.2196,2866.2326
2008-06-20,2889.3747,3045.9328,2782.2946,2945.3953
2008-06-23,2892.4341,2941.0646,2864.4548,2883.6589
2008-06-24,2868.9302,2962.1705,2864.0724,2947.7209
2008-06-25,2940.4858,3073.0439,2930.1809,3069.2920
2008-06-26,3064.1034,3111.4005,3020.9716,3081.0439
2008-06-27,2983.1318,2997.2506,2880.8786,2910.6150
2008-06-30,2876.3204,2929.4780,2839.9070,2885.6021
2008-07-01,2893.2300,2903.7519,2780.5478,2788.9922
2008-07-02,2793.4160,2838.1809,2759.7519,2790.2842
2008-07-03,2743.6486,2901.9948,2705.1783,2853.3437
2008-07-04,2843.6279,2877.3643,2807.2558,2833.9535
2008-07-07,2839.9070,2988.1034,2839.9070,2979.5969
2008-07-08,2998.0052,3037.8708,2936.5065,2999.3178
2008-07-09,3025.3230,3116.5581,3025.3230,3116.4134
2008-07-10,3070.7804,3159.5969,3049.3023,3073.6227
2008-07-11,3062.3876,3088.5788,3011.7519,3052.7132
2008-07-14,3025.5711,3097.2506,3015.0078,3075.8346
2008-07-15,3087.4005,3098.3669,2944.9096,2948.8165
2008-07-16,2913.4470,2919.7726,2793.4470,2837.8295
2008-07-17,2883.9897,2907.4832,2796.7028,2809.3747
2008-07-18,2838.8010,2912.7235,2780.4341,2910.0362
2008-07-21,2886.6460,3013.2196,2873.6744,3008.8372
2008-07-22,3002.8734,3029.9225,2987.3385,3002.3152
2008-07-23,3021.2403,3040.7959,2975.9070,2980.1757
2008-07-24,3002.6253,3079.8450,3000.4961,3077.3747
2008-07-25,3038.0568,3067.4109,3014.6563,3037.9328
2008-07-28,3058.5116,3098.2946,3045.4677,3060.3101
2008-07-29,3019.3798,3019.3798,2977.8295,3003.2351
2008-07-30,3038.7804,3049.0336,2962.3049,2981.2713
2008-07-31,2991.4729,2996.4548,2898.9147,2899.4419
2008-08-01,2879.7106,2965.0439,2841.0956,2936.2171
2008-08-04,2911.5659,2928.0620,2860.4961,2866.3049
2008-08-05,2874.1705,2886.5530,2785.9121,2793.8811
2008-08-06,2815.0078,2841.4470,2769.6744,2813.1163
2008-08-07,2808.9509,2840.1860,2773.5504,2811.8243
2008-08-08,2810.7287,2810.7287,2668.5375,2678.5116
2008-08-11,2666.4703,2667.4109,2524.8475,2539.3385
2008-08-12,2513.0543,2557.4367,2494.6770,2526.2636
2008-08-13,2509.0439,2548.9302,2449.1783,2526.7907
2008-08-14,2511.6072,2543.9173,2491.4625,2525.5917
2008-08-15,2522.3669,2562.4289,2494.0052,2529.8398
2008-08-18,2533.6537,2535.0181,2390.6460,2391.1111
2008-08-19,2362.2946,2435.3385,2350.2739,2427.3592
2008-08-20,2410.7390,2618.3979,2389.8501,2618.0258
2008-08-21,2578.0465,2621.0439,2520.7855,2526.0775
2008-08-22,2502.5840,2519.3075,2441.9948,2485.7158
2008-08-25,2488.9199,2521.8708,2453.5090,2481.1886
2008-08-26,2450.1602,2470.9664,2384.4341,2409.8501
2008-08-27,2400.5581,2447.2558,2368.3204,2403.4005
2008-08-28,2403.3695,2442.9561,2394.5013,2414.3359
2008-08-29,2426.2532,2499.2765,2418.1085,2471.9793
2008-09-01,2452.3411,2452.3411,2374.1809,2386.7390
2008-09-02,2369.7054,2386.7804,2344.1860,2362.1809
2008-09-03,2356.1757,2373.1576,2294.1189,2321.4057
2008-09-04,2313.8501,2346.6770,2290.5530,2326.7700
2008-09-05,2266.7080,2295.7003,2245.9328,2256.7752
2008-09-08,2263.3798,2272.6202,2190.3049,2197.9535
2008-09-09,2206.9457,2223.2455,2182.3256,2211.0078
2008-09-10,2196.3514,2254.5220,2169.7468,2215.1731
2008-09-11,2207.1835,2213.9535,2136.6925,2141.7364
2008-09-12,2140.6305,2173.6227,2135.8553,2147.6486
2008-09-16,2119.1938,2119.1938,2054.0568,2067.8553
2008-09-17,2047.8036,2071.2248,1988.1654,1993.9432
2008-09-18,1940.0207,2001.7984,1865.3953,1959.6796
2008-09-19,2135.1731,2142.7494,2114.9561,2142.7494
2008-09-22,2303.2248,2334.2842,2201.8811,2281.7674
2008-09-23,2213.5401,2253.6124,2190.0982,2194.8114
2008-09-24,2142.2739,2211.0801,2119.8656,2210.6977
2008-09-25,2215.7416,2332.0620,2211.4935,2298.2222
2008-09-26,2309.5194,2332.9819,2265.7674,2319.0284
2008-10-06,2280.6822,2280.6822,2199.7623,2200.2067
2008-10-07,2112.5788,2207.8760,2092.6615,2173.0749
2008-10-08,2110.5840,2142.7080,2067.7209,2090.8320
2008-10-09,2128.7752,2132.6098,2059.9587,2062.3256
2008-10-10,1977.5401,2003.3282,1944.8786,1971.0181
2008-10-13,1953.2300,2052.3307,1903.3902,2052.1860
2008-10-14,2123.4212,2129.7054,1999.4419,1999.6072
2008-10-15,1975.2248,1995.4832,1955.5762,1978.6667
2008-10-16,1895.0698,1929.6124,1880.0310,1882.0672
2008-10-17,1899.6486,1913.5194,1866.3256,1894.8424
2008-10-20,1889.8295,1963.1525,1862.6357,1960.4444
2008-10-21,1965.1059,1992.9612,1943.6899,1944.6098
2008-10-22,1916.8992,1950.7080,1894.0052,1894.9044
2008-10-23,1854.9664,1898.0982,1838.8941,1896.4134
2008-10-24,1892.9819,1902.7183,1828.5375,1841.4470
2008-10-27,1805.3437,1805.3437,1708.3101,1710.2532
2008-10-28,1668.8579,1773.9638,1661.6744,1763.1214
2008-10-29,1781.1163,1789.4160,1713.3333,1713.9225
2008-10-30,1726.0672,1781.8398,1701.6537,1754.6873
2008-10-31,1744.7959,1753.6434,1710.6873,1719.5452
2008-11-03,1703.9380,1741.1473,1698.6253,1709.0853
2008-11-04,1701.4987,1703.8243,1660.7028,1682.4393
2008-11-05,1696.3928,1772.2584,1696.3928,1748.2377
2008-11-06,1703.4935,1717.2506,1693.3747,1705.1990
2008-11-07,1673.1266,1746.8837,1666.9147,1734.1912
2008-11-10,1771.7003,1863.6899,1771.7003,1862.1912
2008-11-11,1855.6072,1886.2326,1838.0672,1841.1990
2008-11-12,1817.5504,1866.9044,1813.2196,1862.3463
2008-11-13,1836.7235,1955.4935,1824.9509,1937.0336
2008-11-14,1956.9096,2008.9406,1937.9121,2008.9406
2008-11-17,1999.7313,2053.9845,1984.4651,2053.9845
2008-11-18,2040.7028,2061.8295,1893.2920,1901.6227
2008-11-19,1893.1266,2025.3437,1884.5168,2018.7700
2008-11-20,1981.0853,2043.3592,1964.1034,1997.3437
2008-11-21,1935.1628,2035.0284,1896.7339,1985.2610
2008-11-24,1978.2842,1988.5581,1897.5297,1899.3695
2008-11-25,1932.8786,1946.3566,1862.0775,1895.9070
2008-11-26,1893.6537,1928.3204,1875.9897,1905.4264
2008-11-27,2027.7933,2035.1628,1932.8682,1933.3023
2008-11-28,1913.2817,1928.9509,1876.4341,1891.3902
2008-12-01,1885.0336,1926.9251,1860.2997,1926.8320
2008-12-02,1882.7287,1954.6563,1875.8656,1931.4005
2008-12-03,1947.9070,2018.2636,1947.9070,2018.2636
2008-12-04,2046.9767,2115.2145,2044.5891,2049.5401
2008-12-05,2035.9070,2081.8605,2031.1008,2080.8062
2008-12-08,2109.0129,2165.8605,2102.3049,2165.4160
2008-12-09,2174.8010,2178.3979,2106.5323,2109.4057
2008-12-10,2096.6512,2166.8114,2081.9432,2166.8114
2008-12-11,2157.5504,2178.0775,2112.2687,2115.0801
2008-12-12,2095.1628,2106.6563,2001.3230,2026.2326
2008-12-15,2058.4496,2073.6227,2006.2532,2041.3747
2008-12-16,2022.7390,2061.9742,1984.3618,2061.4470
2008-12-17,2069.2817,2098.5943,2062.6873,2068.6512
2008-12-18,2068.2687,2114.6770,2049.0233,2113.7984
2008-12-19,2105.8088,2145.0956,2101.4057,2121.0439
2008-12-22,2119.6589,2124.4134,2060.2894,2085.3230
2008-12-23,2087.0594,2087.0594,1982.8734,1983.4212
2008-12-24,1956.8269,1977.0336,1935.5556,1950.4703
2008-12-25,1955.0698,1966.6253,1910.8114,1933.6124
2008-12-26,1931.1008,1944.2687,1912.6615,1924.6512
2008-12-29,1914.6357,1923.8243,1877.0646,1917.0646
2008-12-30,1915.1938,1930.1395,1885.8191,1895.0284
2008-12-31,1896.7545,1906.3773,1874.6563,1878.7804
2009-01-05,1910.4186,1946.2119,1899.5762,1946.2119
2009-01-06,1943.8450,2013.9432,1935.9276,2008.0620
2009-01-07,2007.9276,2025.0646,1995.7313,1996.0517
2009-01-08,1958.3049,1966.7183,1936.5891,1951.4109
2009-01-09,1949.8605,1988.0310,1949.8605,1982.8114
2009-01-12,1975.9587,2012.4858,1969.6331,1985.2093
2009-01-13,1956.2377,1972.2997,1937.9535,1939.2145
2009-01-14,1936.5685,2020.9199,1936.5685,2020.9199
2009-01-15,2000.4031,2043.6072,1995.1421,2020.5375
2009-01-16,2031.4625,2094.7287,2031.4625,2057.0646
2009-01-19,2078.1189,2121.1266,2060.9302,2080.0724
2009-01-20,2073.9328,2093.2196,2052.7752,2093.2196
2009-01-21,2060.6408,2115.8760,2055.0284,2089.6227
2009-01-22,2102.6253,2117.2920,2080.3514,2113.2300
2009-01-23,2108.0310,2123.3385,2093.2196,2100.9612
2009-02-02,2121.3850,2128.5168,2097.9018,2126.1602
2009-02-03,2125.8915,2179.7829,2118.7494,2179.7519
2009-02-04,2189.7261,2239.1835,2188.1344,2239.1835
2009-02-05,2237.2610,2285.4574,2207.4109,2223.2248
2009-02-06,2230.5736,2315.2661,2230.5736,2312.4341
2009-02-09,2347.8966,2385.4367,2333.3230,2373.8191
2009-02-10,2364.9302,2405.2713,2339.5659,2404.9199
2009-02-11,2364.0620,2461.1783,2352.0103,2409.4470
2009-02-12,2413.8501,2423.4212,2324.0103,2396.2171
2009-02-13,2399.5452,2483.1421,2384.5891,2479.6589
2009-02-16,2502.5220,2545.1059,2477.7054,2544.9612
2009-02-17,2543.2248,2553.6124,2464.8992,2465.4160
2009-02-18,2409.9845,2448.6305,2348.8475,2352.2894
2009-02-19,2372.7649,2402.7700,2335.4935,2375.6176
2009-02-20,2378.0982,2423.5349,2352.7649,2423.0698
2009-02-23,2412.2067,2500.8062,2385.4470,2491.4522
2009-02-24,2456.5375,2492.9302,2371.5969,2379.1731
2009-02-25,2403.1421,2415.9380,2301.2300,2381.6537
2009-02-26,2372.5375,2410.6977,2239.9483,2263.7623
2009-02-27,2237.2506,2260.2791,2188.1757,2212.3928
2009-03-02,2194.6977,2250.4289,2183.2972,2237.3850
2009-03-03,2180.7132,2241.0543,2171.2041,2214.1085
2009-03-04,2222.4703,2367.8966,2222.4703,2361.9121
2009-03-05,2391.8140,2418.9871,2335.7106,2382.3463
2009-03-06,2336.7028,2390.9044,2331.5969,2363.3902
2009-03-09,2379.3385,2412.3824,2272.4031,2276.5168
2009-03-10,2248.3824,2316.5271,2241.1576,2316.0517
2009-03-11,2364.9096,2369.4057,2287.2145,2294.9664
2009-03-12,2282.2119,2294.8837,2229.0439,2290.1292
2009-03-13,2304.1344,2325.8295,2274.9044,2279.5039
2009-03-16,2271.0594,2322.5943,2253.2817,2316.9096
2009-03-17,2319.4935,2407.5452,2314.9044,2400.4134
2009-03-18,2413.8708,2450.1912,2407.0904,2411.0078
2009-03-19,2416.0413,2466.3876,2409.5711,2462.5943
2009-03-20,2470.1705,2477.7364,2421.9845,2459.7829
2009-03-23,2464.7752,2530.5943,2455.3178,2521.3437
2009-03-24,2560.7959,2567.2661,2522.5116,2534.1395
2009-03-25,2517.4470,2556.0103,2481.7054,2481.9948
2009-03-26,2488.6408,2563.1318,2459.8966,2563.0904
2009-03-27,2585.0129,2600.9096,2565.0543,2582.8734
2009-03-30,2585.3333,2592.3928,2554.3876,2567.9483
2009-03-31,2518.6357,2592.1447,2504.9819,2592.0310
2009-04-01,2604.5375,2652.7545,2604.5375,2633.8191
2009-04-02,2644.7235,2686.5633,2644.1964,2662.9457
2009-04-03,2685.1886,2700.1240,2641.4677,2656.8475
2009-04-07,2656.9819,2684.2997,2629.0956,2663.5142
2009-04-08,2649.8398,2659.5245,2562.6357,2562.6357
2009-04-09,2560.6408,2602.3152,2539.9690,2602.2429
2009-04-10,2625.4367,2682.7907,2615.6279,2682.7183
2009-04-13,2710.0568,2757.9121,2707.3592,2745.7571
2009-04-14,2740.2584,2773.0336,2725.9742,2766.7907
2009-04-15,2752.1757,2781.0233,2716.0827,2777.2506
2009-04-16,2780.8992,2797.5504,2732.1137,2777.3747
2009-04-17,2765.5504,2783.7623,2716.9302,2739.7313
2009-04-20,2732.5375,2799.4315,2729.7054,2798.6253
2009-04-21,2759.9793,2788.3411,2723.0284,2765.3127
2009-04-22,2778.1499,2804.4548,2649.4677,2662.8217
2009-04-23,2641.3747,2691.6382,2629.3643,2680.6822
2009-04-24,2693.2300,2697.5401,2656.7235,2659.3178
2009-04-27,2653.1473,2663.0698,2583.4005,2597.7158
2009-04-28,2574.1912,2616.5788,2569.3023,2603.1318
2009-04-29,2603.4625,2703.6796,2598.5943,2692.8889
2009-04-30,2704.3824,2728.7028,2691.9380,2711.0388
2009-05-04,2723.6486,2806.3979,2720.7235,2805.4780
2009-05-05,2824.9199,2843.6693,2804.3721,2818.6150
2009-05-06,2813.2506,2864.2997,2804.6925,2857.8605
2009-05-07,2877.0853,2891.4419,2823.5659,2860.0310
2009-05-08,2843.9276,2894.2842,2825.1473,2882.9147
2009-05-11,2902.4703,2934.9974,2816.8165,2816.8682
2009-05-12,2793.5297,2882.2842,2790.6460,2882.2326
2009-05-13,2886.2222,2917.5297,2868.8062,2908.5375
2009-05-14,2874.4703,2898.6873,2850.1809,2886.4083
2009-05-15,2894.6460,2910.0362,2866.4806,2890.0465
2009-05-18,2876.0620,2908.2791,2832.9922,2904.9819
2009-05-19,2931.6176,2945.3540,2916.7442,2935.4832
2009-05-20,2939.0698,2945.3643,2907.0801,2907.3592
2009-05-21,2889.7468,2902.6253,2827.6693,2842.3876
2009-05-22,2824.8269,2855.5452,2810.4599,2832.7442
2009-05-25,2774.3773,2854.1499,2765.1576,2845.1886
2009-05-26,2849.9328,2855.6176,2809.8811,2811.1214
2009-05-27,2826.2739,2861.5711,2807.0491,2852.4134
2009-06-01,2892.9509,2960.6925,2892.9509,2954.3566
2009-06-02,2975.2248,2989.9535,2950.9664,2961.3437
2009-06-03,2961.9948,3038.1292,2960.9406,3038.1292
2009-06-04,3022.5013,3060.5065,2997.0749,3052.9716
2009-06-05,3065.7054,3075.1214,3035.8450,3038.0465
2009-06-08,3036.3204,3078.2739,3010.3256,3047.5245
2009-06-09,3048.0103,3060.3618,2989.8915,3060.0103
2009-06-10,3072.2687,3096.3307,3066.2429,3090.0258
2009-06-11,3083.1731,3101.6641,3050.4083,3061.1163
2009-06-12,3054.8527,3076.8579,2980.1757,3003.9173
2009-06-15,3009.2196,3066.7700,2995.4212,3065.8295
2009-06-16,3035.1525,3079.4935,3027.4315,3060.6925
2009-06-17,3056.9302,3118.7700,3028.9302,3111.7209
2009-06-18,3115.7003,3164.5995,3115.7003,3160.1344
2009-06-19,3164.7545,3190.4083,3149.6331,3183.4625
2009-06-22,3210.7390,3220.8372,3175.7416,3186.1085
2009-06-23,3138.3979,3233.6227,3130.1809,3187.4935
2009-06-24,3182.9457,3226.0568,3171.3075,3225.5607
2009-06-25,3230.6563,3246.6873,3208.1344,3222.6563
2009-06-26,3231.2455,3242.4599,3213.7674,3233.5090
2009-06-29,3237.3230,3289.3230,3227.0388,3286.7907
2009-06-30,3298.8527,3303.0698,3265.7674,3272.8372
2009-07-01,3259.4729,3347.5866,3256.4858,3346.6667
2009-07-02,3357.3127,3395.4419,3356.6615,3392.6202
2009-07-03,3364.2687,3439.4522,3358.2532,3438.9044
2009-07-06,3445.0646,3491.5349,3445.0646,3488.1137
2009-07-07,3481.4780,3507.2041,3439.1214,3452.7028
2009-07-08,3417.4987,3481.2093,3370.8734,3464.8786
2009-07-09,3460.6925,3510.5736,3446.6977,3510.3876
2009-07-10,3513.0853,3543.1835,3489.3747,3512.4651
2009-07-13,3496.1964,3518.0775,3471.3385,3473.9121
2009-07-14,3489.2713,3570.8010,3489.2713,3570.8010
2009-07-15,3583.5969,3614.9974,3583.5969,3610.6563
2009-07-16,3634.9147,3662.0362,3606.7804,3618.8527
2009-07-17,3617.0646,3645.9638,3599.8656,3638.0465
2009-07-20,3651.1835,3715.6279,3633.6227,3711.7519
2009-07-21,3724.4444,3731.6072,3651.8450,3658.7390
2009-07-22,3651.2972,3728.5478,3651.0388,3728.0827
2009-07-23,3734.9871,3776.5788,3717.1680,3774.6460
2009-07-24,3795.5659,3811.3592,3712.5375,3790.7597
2009-07-27,3803.7726,3870.0155,3792.7752,3869.3850
2009-07-28,3871.3695,3882.9767,3829.5090,3881.9845
2009-07-29,3867.4729,3892.0827,3569.6537,3678.0465
2009-07-30,3707.5452,3779.7623,3629.2403,3756.9199
2009-07-31,3793.4780,3861.2920,3757.6744,3860.0724
2009-08-03,3880.3307,3917.2506,3841.4160,3914.2429
2009-08-04,3930.8114,3930.8114,3837.1370,3913.8191
2009-08-05,3908.4238,3916.4134,3816.0000,3866.6047
2009-08-06,3832.4651,3865.1990,3723.5969,3786.1705
2009-08-07,3778.2532,3810.3773,3658.6047,3674.5220
2009-08-10,3710.3049,3734.8424,3602.4393,3663.6072
2009-08-11,3678.1912,3689.0439,3627.6176,3675.8450
2009-08-12,3665.6331,3665.6331,3504.2481,3511.5245
2009-08-13,3513.0646,3564.7132,3451.0078,3556.4031
2009-08-14,3553.4367,3571.0078,3446.7494,3456.8062
2009-08-17,3393.7364,3431.3178,3242.8734,3245.7571
2009-08-18,3215.2041,3293.8708,3186.7700,3278.5426
2009-08-19,3285.0439,3289.9328,3082.3979,3115.8346
2009-08-20,3122.7390,3252.2687,3122.7390,3250.0155
2009-08-21,3240.6925,3329.3747,3218.2946,3311.2351
2009-08-24,3330.6460,3350.4083,3285.6434,3338.0879
2009-08-25,3318.7080,3318.7080,3120.5375,3214.2946
2009-08-26,3186.2326,3311.4109,3168.4341,3278.9561
2009-08-27,3255.3695,3320.1757,3221.5917,3262.3256
2009-08-28,3257.9225,3274.6150,3132.5375,3149.1266
2009-08-31,3104.4341,3104.4341,2920.6925,2925.3437
2009-09-01,2898.7907,2998.7390,2889.3953,2939.2248
2009-09-02,2919.5245,3002.3669,2908.1344,2988.0413
2009-09-03,2995.8140,3162.7804,2989.8191,3154.4806
2009-09-04,3157.9845,3203.5039,3141.0749,3180.5065
2009-09-07,3201.8501,3259.1525,3181.5297,3208.4858
2009-09-08,3187.8036,3277.4884,3149.6641,3277.4884
2009-09-09,3295.4109,3315.1318,3249.3437,3302.2326
2009-09-10,3285.9845,3311.7519,3255.9897,3269.1576
2009-09-11,3258.7287,3362.7390,3258.5943,3346.9044
2009-09-14,3357.4677,3409.7261,3349.3850,3404.0207
2009-09-15,3409.6227,3437.4574,3374.6253,3413.5814
2009-09-16,3400.9199,3407.6899,3320.3618,3367.6899
2009-09-17,3384.5788,3440.9509,3384.5788,3431.6279
2009-09-18,3436.7545,3442.3049,3277.4780,3307.1731
2009-09-21,3269.7778,3318.4910,3194.4289,3316.3824
2009-09-22,3303.3695,3345.9638,3236.1964,3236.2067
2009-09-23,3235.2868,3265.2920,3143.5866,3162.8630
2009-09-24,3144.0000,3226.9354,3089.6537,3184.4238
2009-09-25,3159.8036,3193.8708,3130.1395,3161.2713
2009-09-28,3169.3747,3191.8140,3059.1628,3072.4961
2009-09-29,3075.4832,3099.2765,3022.1499,3072.1344
2009-09-30,3093.5194,3135.6486,3088.6718,3105.7468
2009-10-09,3182.1705,3270.3152,3174.4393,3269.9845
2009-10-12,3288.4548,3300.8682,3257.1163,3257.4987
2009-10-13,3249.6331,3307.4109,3245.9948,3305.9638
2009-10-14,3316.8682,3386.6150,3311.9483,3335.8140
2009-10-15,3368.0103,3398.0672,3335.4935,3348.4651
2009-10-16,3359.2765,3378.2222,3295.5349,3350.6047
2009-10-19,3347.6486,3442.6770,3340.3721,3440.9922
2009-10-20,3468.0724,3493.1576,3455.3178,3491.0284
2009-10-21,3488.4031,3529.3643,3471.3695,3482.4703
2009-10-22,3477.1576,3494.7287,3453.6641,3459.7623
2009-10-23,3467.6796,3551.8243,3467.6796,3527.9070
2009-10-26,3536.6408,3548.2171,3499.1628,3528.9302
2009-10-27,3497.9742,3506.0465,3425.6537,3426.0672
2009-10-28,3414.7494,3449.2713,3367.7209,3441.1680
2009-10-29,3374.8734,3401.7364,3347.8140,3356.1240
2009-10-30,3416.4134,3441.3850,3386.3773,3390.5633
2009-11-02,3313.5297,3508.7545,3305.7468,3506.7700
2009-11-03,3516.8269,3563.2868,3511.3798,3550.8320
2009-11-04,3559.1938,3593.1163,3529.9432,3569.9121
2009-11-05,3575.0594,3588.4548,3547.5556,3580.6925
2009-11-06,3608.3514,3623.8036,3591.0698,3600.0207
2009-11-09,3604.2481,3613.3230,3568.5891,3613.2196
2009-11-10,3638.6563,3650.8424,3619.1214,3621.4780
2009-11-11,3618.1809,3632.8992,3585.3850,3613.0956
2009-11-12,3624.7545,3647.6072,3604.8372,3617.5607
2009-11-13,3606.7597,3637.0956,3561.0956,3636.9199
2009-11-16,3660.0000,3747.6899,3660.0000,3747.5969
2009-11-17,3767.4005,3772.0103,3741.5917,3750.2326
2009-11-18,3755.9173,3775.5142,3734.1499,3752.1757
2009-11-19,3760.2791,3776.6408,3725.6951,3764.7959
2009-11-20,3752.5375,3781.0956,3718.1499,3752.9819
2009-11-23,3758.6873,3789.4264,3750.0775,3788.6408
2009-11-24,3804.3928,3822.3566,3657.7364,3667.2661
2009-11-25,3660.4755,3752.2481,3625.9018,3751.5556
2009-11-26,3757.9225,3769.1059,3589.6124,3602.8630
2009-11-27,3555.9070,3597.8605,3480.4031,3496.1344
2009-11-30,3529.7984,3629.7364,3529.7984,3629.6331
2009-12-01,3625.3850,3686.5943,3602.6047,3680.4444
2009-12-02,3699.0904,3728.7442,3690.2222,3718.1705
2009-12-03,3717.7778,3724.1550,3670.7804,3711.5039
2009-12-04,3701.9432,3768.7442,3648.6408,3765.8811
2009-12-07,3767.0594,3796.1757,3755.5039,3792.0724
2009-12-08,3794.1189,3794.3566,3711.5659,3745.7571
2009-12-09,3699.5142,3724.7545,3662.4496,3673.8811
2009-12-10,3700.0827,3722.2636,3663.9793,3697.4057
2009-12-11,3709.9845,3736.3824,3688.3824,3695.1111
2009-12-14,3692.5375,3744.9819,3613.0646,3734.1085
2009-12-15,3715.2558,3741.9328,3698.4806,3703.7106
2009-12-16,3688.1447,3731.9793,3669.9432,3680.3307
2009-12-17,3691.0078,3702.7804,3592.5995,3597.0543
2009-12-18,3565.9432,3569.3540,3499.4109,3505.6744
2009-12-21,3500.0827,3519.0078,3467.3385,3510.7183
2009-12-22,3516.5168,3519.1214,3407.5142,3416.5788
2009-12-23,3414.7080,3455.2868,3407.0181,3448.5581
2009-12-24,3459.1835,3561.4470,3451.4729,3554.3359
2009-12-25,3549.6951,3557.5814,3525.2403,3539.8243
2009-12-28,3548.1344,3606.7907,3548.1344,3595.2765
2009-12-29,3598.8630,3618.8630,3567.1111,3618.3359
2009-12-30,3621.5194,3681.0749,3615.8966,3678.4083
2009-12-31,3681.0026,3699.7623,3661.3747,3695.7933
2010-01-04,3713.1473,3718.6047,3653.9845,3653.9845
2010-01-05,3664.2791,3697.7054,3615.1525,3683.7623
2010-01-06,3678.2429,3709.3850,3660.1240,3660.7028
2010-01-07,3662.1809,3678.0982,3568.7545,3588.0724
2010-01-08,3573.0336,3599.0491,3541.8088,3597.0336
2010-01-11,3713.8088,3715.2765,3581.7261,3599.0181
2010-01-12,3594.6667,3654.1705,3553.1370,3653.6641
2010-01-13,3564.1240,3607.3488,3530.4289,3536.0620
2010-01-14,3548.8062,3586.8941,3526.4186,3585.5814
2010-01-15,3589.1680,3617.6434,3564.5065,3599.7313
2010-01-18,3588.4031,3618.8734,3574.2016,3618.2739
2010-01-19,3624.6098,3646.9147,3614.5633,3625.3023
2010-01-20,3630.2326,3633.5401,3501.6227,3508.4548
2010-01-21,3511.1525,3540.2377,3477.7468,3523.0698
2010-01-22,3477.4677,3504.7028,3403.8140,3479.2765
2010-01-25,3452.2067,3485.7158,3438.0052,3439.8036
2010-01-26,3439.9070,3453.4367,3330.3773,3351.7313
2010-01-27,3351.9793,3364.4651,3290.3049,3306.0155
2010-01-28,3302.6253,3328.4858,3274.8941,3314.2842
2010-01-29,3297.4884,3358.6150,3283.6382,3311.7933
2010-02-01,3305.6641,3305.7468,3221.1266,3258.6150
2010-02-02,3277.2920,3319.8346,3248.6718,3251.8760
2010-02-03,3266.8837,3339.6382,3198.5220,3339.2455
2010-02-04,3314.1395,3351.4419,3297.6124,3326.9251
2010-02-05,3253.4574,3284.1550,3235.0594,3259.0078
2010-02-08,3258.1395,3278.8734,3239.0801,3256.8372
2010-02-09,3253.4987,3285.7364,3250.1085,3275.6486
2010-02-10,3302.4703,3322.4393,3289.7468,3322.0982
2010-02-11,3324.7442,3347.1318,3314.9044,3328.5788
2010-02-12,3341.4780,3362.4806,3337.1990,3360.4961
2010-02-22,3358.0879,3371.5245,3341.3747,3341.9638
2010-02-23,3333.7364,3333.7364,3258.8424,3306.0775
2010-02-24,3283.8036,3353.8191,3271.4522,3353.4677
2010-02-25,3361.3953,3404.7959,3358.4806,3402.7183
2010-02-26,3396.4858,3412.0413,3383.6589,3391.9070
2010-03-01,3400.5271,3442.2532,3397.9948,3436.0930
2010-03-02,3438.8630,3452.0827,3410.5323,3422.4703
2010-03-03,3424.3101,3447.7003,3404.5685,3447.1111
2010-03-04,3450.8217,3458.3049,3353.9845,3359.7623
2010-03-05,3362.4393,3386.4599,3348.5065,3369.2610
2010-03-08,3378.1912,3404.5788,3367.4729,3396.5685
2010-03-09,3395.9897,3434.1189,3365.3540,3416.9096
2010-03-10,3415.0284,3432.6408,3377.5297,3389.8605
2010-03-11,3392.4548,3414.4599,3360.9302,3386.7804
2010-03-12,3387.4005,3394.5840,3340.6925,3341.7364
2010-03-15,3339.7623,3343.4832,3278.3463,3290.1085
2010-03-16,3290.7287,3311.9276,3275.5556,3311.5969
2010-03-17,3322.1912,3383.9793,3315.0078,3383.8966
2010-03-18,3387.9897,3406.0672,3365.9845,3377.3230
2010-03-19,3380.8579,3407.1421,3360.3514,3404.5168
2010-03-22,3408.5995,3425.2403,3398.9767,3413.5711
2010-03-23,3416.5891,3420.2791,3382.8630,3385.6021
2010-03-24,3392.2997,3409.3437,3380.9096,3386.7390
2010-03-25,3380.2481,3380.2481,3331.0801,3337.6021
2010-03-26,3335.1938,3395.7519,3328.7752,3385.0129
2010-03-29,3406.4703,3476.5995,3404.3101,3471.3592
2010-03-30,3474.2636,3485.5504,3462.8527,3479.8036
2010-03-31,3482.3669,3483.1008,3450.9044,3457.9948
2010-04-01,3462.4083,3506.4393,3462.4083,3505.8811
2010-04-02,3514.3566,3526.8217,3505.7468,3521.8088
2010-04-06,3537.8295,3551.7209,3500.6615,3519.5349
2010-04-07,3517.4057,3518.9457,3482.1912,3500.7235
2010-04-08,3494.8941,3494.8941,3448.2274,3459.1628
2010-04-09,3461.2610,3492.9199,3454.7494,3492.6822
2010-04-12,3502.1809,3507.5556,3442.1705,3464.0620
2010-04-13,3463.2868,3515.9793,3435.7106,3505.6537
2010-04-14,3508.6718,3518.8837,3490.8941,3518.0465
2010-04-15,3521.4780,3527.5866,3478.9457,3508.5995
2010-04-16,3502.1085,3502.1085,3461.2713,3469.0749
2010-04-19,3424.8062,3424.8062,3282.1085,3283.1214
2010-04-20,3283.1111,3304.0310,3236.1344,3279.9690
2010-04-21,3285.6641,3346.2946,3271.0801,3345.4057
2010-04-22,3330.9354,3340.5581,3284.4755,3309.0853
2010-04-23,3306.2326,3333.0646,3279.1525,3297.1576
2010-04-26,3302.8010,3315.4729,3274.8010,3278.5530
2010-04-27,3269.3540,3269.3540,3163.6693,3212.8269
2010-04-28,3183.7933,3226.9974,3164.9509,3201.3953
2010-04-29,3219.5762,3235.8656,3162.5840,3162.8527
2010-04-30,3162.9147,3171.1938,3115.3178,3170.4083
2010-05-04,3106.4496,3158.7390,3095.5245,3120.8786
2010-05-05,3081.9432,3138.8837,3042.2326,3138.3876
2010-05-06,3116.1860,3116.1860,2992.6512,2994.1705
2010-05-07,2931.1421,2989.6951,2911.7829,2932.0827
2010-05-10,2937.8501,2968.7959,2892.5271,2954.2429
2010-05-11,3014.3049,3020.2894,2884.4444,2894.9044
2010-05-12,2875.1525,2927.2868,2849.0129,2912.8269
2010-05-13,2913.2610,2983.9483,2906.1085,2983.8863
2010-05-14,2961.8398,2985.1059,2944.9509,2964.3618
2010-05-17,2923.9070,2923.9070,2803.5556,2805.9121
2010-05-18,2802.4910,2875.2972,2777.2300,2864.4444
2010-05-19,2841.2920,2897.8811,2814.7804,2854.9561
2010-05-20,2831.2351,2887.7313,2812.4755,2817.5917
2010-05-21,2745.6537,2862.1085,2736.5375,2861.7984
2010-05-24,2881.3953,2983.3282,2881.3953,2969.9948
2010-05-25,2947.0388,2951.2455,2892.0103,2908.4651
2010-05-26,2908.9819,2934.3979,2891.6072,2908.4651
2010-05-27,2902.3773,2963.1731,2864.6925,2956.0517
2010-05-28,2982.8010,2990.8941,2930.3049,2946.0465
2010-05-31,2930.5736,2953.4057,2865.9328,2866.4186
2010-06-01,2847.8346,2875.7519,2801.6434,2836.3411
2010-06-02,2821.0129,2850.5530,2790.7804,2850.1602
2010-06-03,2862.1189,2881.1473,2827.5969,2827.9897
2010-06-04,2812.7752,2840.8062,2804.2377,2836.5788
2010-06-07,2783.2868,2807.6486,2763.1421,2786.2739
2010-06-08,2784.6098,2811.9793,2761.8191,2790.0155
2010-06-09,2802.7287,2881.4780,2777.6021,2875.5866
2010-06-10,2848.5168,2869.5194,2838.3566,2842.3979
2010-06-11,2859.1214,2875.5556,2848.5271,2851.5452
2010-06-17,2871.8656,2878.4703,2834.7700,2834.8630
2010-06-18,2831.0388,2848.4134,2776.8579,2786.7390
2010-06-21,2789.6434,2878.0052,2776.5581,2874.0672
2010-06-22,2866.0362,2889.2196,2859.3695,2877.2300
2010-06-23,2861.7054,2881.8811,2825.8915,2851.1628
2010-06-24,2846.2119,2877.0129,2831.8450,2850.1292
2010-06-25,2836.2997,2852.1447,2806.8837,2828.2067
2010-06-28,2826.3669,2843.8863,2801.1266,2808.0413
2010-06-29,2808.7545,2815.7416,2678.7494,2679.0904
2010-06-30,2659.3385,2662.3463,2632.3928,2649.1680
2010-07-01,2643.8450,2660.5685,2609.3747,2610.9251
2010-07-02,2607.7933,2627.5142,2544.9096,2619.2351
2010-07-05,2591.5762,2614.3979,2559.6796,2597.0543
2010-07-06,2589.0129,2649.5194,2587.0078,2648.9922
2010-07-07,2647.1421,2667.2972,2634.1705,2667.1628
2010-07-08,2678.5633,2689.6434,2650.7907,2662.4496
2010-07-09,2665.1783,2751.5866,2643.1628,2736.0207
2010-07-12,2736.3514,2780.1654,2725.2196,2766.1189
2010-07-13,2738.6667,2738.6667,2706.2946,2723.0904
2010-07-14,2729.6434,2774.8010,2729.2403,2742.7494
2010-07-15,2739.3592,2770.4806,2695.3902,2696.1447
2010-07-16,2684.2377,2709.3850,2660.2481,2704.0103
2010-07-19,2679.1628,2782.3669,2671.8450,2772.5788
2010-07-20,2775.6693,2838.4910,2775.6693,2833.5917
2010-07-21,2836.8992,2859.1318,2825.5504,2839.6279
2010-07-22,2830.0052,2876.6305,2825.9121,2874.7183
2010-07-23,2881.1576,2901.2713,2862.4703,2886.9044
2010-07-26,2892.7752,2906.4083,2869.0233,2905.4884
2010-07-27,2897.9432,2906.6770,2878.9354,2889.6331
2010-07-28,2890.4186,2962.6873,2877.6848,2959.9173
2010-07-29,2963.0698,2985.6331,2947.8036,2974.6563
2010-07-30,2967.9380,2972.7545,2940.2377,2965.2196
2010-08-02,2964.6305,3020.7855,2963.7726,3015.2765
2010-08-03,3023.5142,3028.0207,2962.0258,2962.2429
2010-08-04,2954.3669,2973.2300,2912.9199,2973.0543
2010-08-05,2971.2248,2973.9638,2928.8579,2946.5943
2010-08-06,2943.8346,2995.8966,2915.7933,2994.9974
2010-08-09,2991.3178,3020.7959,2985.0646,3016.2687
2010-08-10,3018.5013,3023.5659,2927.2145,2927.7933
2010-08-11,2917.9845,2960.5788,2917.9845,2945.9535
2010-08-12,2917.6124,2956.4548,2904.4961,2910.9974
2010-08-13,2913.0853,2951.9793,2893.2506,2951.4729
2010-08-16,2946.9974,3026.0362,2938.5220,3020.2377
2010-08-17,3025.5917,3048.8165,3015.8450,3041.1266
2010-08-18,3044.9406,3062.2739,3022.9147,3036.0310
2010-08-19,3039.5556,3075.1318,3026.3669,3054.6770
2010-08-20,3042.2016,3051.1214,2989.8088,2995.6899
2010-08-23,2992.9819,3018.6460,2983.6279,2993.4780
2010-08-24,2989.2817,3031.6486,2963.1008,3009.6434
2010-08-25,2991.2041,3002.2326,2937.7261,2938.5220
2010-08-26,2948.9509,2965.2506,2931.4005,2945.8295
2010-08-27,2943.1008,2957.1783,2928.5995,2954.5943
2010-08-30,2970.8010,3019.2145,2969.4264,3012.9302
2010-08-31,3002.7390,3007.8140,2986.8837,3000.7132
2010-09-01,3005.3333,3030.2429,2955.2145,2980.9199
2010-09-02,3015.7519,3030.0258,3000.5478,3019.5245
2010-09-03,3025.2610,3027.9587,2989.0233,3018.3049
2010-09-06,3034.5116,3080.5375,3034.5116,3075.0284
2010-09-07,3079.3798,3091.9276,3059.3282,3083.3178
2010-09-08,3069.7674,3082.9147,3053.0646,3081.1059
2010-09-09,3087.2041,3087.2041,3020.3618,3024.7649
2010-09-10,3026.3566,3039.5762,2987.1214,3031.0594
2010-09-13,3032.1344,3077.0853,3023.6899,3061.8295
2010-09-14,3071.3695,3084.7235,3053.7571,3064.6098
2010-09-15,3065.1576,3065.1576,3003.2351,3011.0491
2010-09-16,3006.0155,3015.8656,2929.2300,2953.7881
2010-09-17,2960.9509,2973.7261,2943.3385,2957.4884
2010-09-20,2961.2817,2968.7028,2924.8165,2945.5607
2010-09-21,2955.4832,2965.7674,2939.6693,2953.4677
2010-09-27,2966.3359,3003.1318,2960.4238,3002.6150
2010-09-28,2997.9742,2997.9742,2972.2584,2977.6848
2010-09-29,2973.9225,3006.4393,2963.1525,2971.3798
2010-09-30,2955.1008,3034.2119,2953.4057,3034.1809
2010-10-08,3065.2713,3158.4910,3062.7804,3146.4910
2010-10-11,3172.2894,3260.1550,3172.2894,3238.1395
2010-10-12,3226.5013,3280.4651,3210.5633,3279.3075
2010-10-13,3283.6072,3329.8708,3271.9173,3325.6641
2010-10-14,3354.1395,3396.4031,3323.0284,3332.4444
2010-10-15,3312.3721,3439.4625,3306.5840,3439.4625
2010-10-18,3458.1912,3503.8966,3399.2558,3417.2196
2010-10-19,3411.3902,3489.2713,3390.1809,3489.0646
2010-10-20,3415.2145,3554.7597,3411.8966,3510.9871
2010-10-21,3519.0904,3532.9096,3457.3230,3488.0517
2010-10-22,3478.6563,3522.9871,3458.5116,3492.1550
2010-10-25,3500.6202,3598.2946,3479.5142,3598.0155
2010-10-26,3608.7545,3617.3850,3551.8966,3582.5116
2010-10-27,3567.3695,3607.4625,3512.2481,3518.2119
2010-10-28,3504.3204,3535.8036,3484.6925,3511.8243
2010-10-29,3514.4806,3518.9664,3464.1860,3493.5194
2010-11-01,3504.2997,3589.6641,3504.2997,3589.6641
2010-11-02,3601.2713,3640.4961,3565.6021,3579.4625
2010-11-03,3579.0594,3591.4315,3533.9328,3535.2351
2010-11-04,3541.5607,3597.8605,3534.5116,3597.4264
2010-11-05,3657.8708,3673.8708,3615.7933,3639.0698
2010-11-08,3652.9096,3668.5375,3624.1654,3667.7726
2010-11-09,3666.6047,3666.6047,3616.1447,3642.3256
2010-11-10,3625.0129,3626.1292,3587.5659,3616.6512
2010-11-11,3608.0000,3677.5090,3601.9535,3627.8863
2010-11-12,3601.6641,3614.5323,3394.6770,3402.4083
2010-11-15,3409.5504,3431.5039,3350.6563,3426.2429
2010-11-16,3422.8630,3422.8630,3261.4780,3276.0103
2010-11-17,3229.0543,3275.3798,3191.2248,3208.1757
2010-11-18,3240.2481,3264.7339,3201.4367,3253.7054
2010-11-19,3274.5943,3285.6331,3179.5452,3285.6331
2010-11-22,3253.9742,3307.9793,3243.1525,3278.4910
2010-11-23,3262.5116,3262.5116,3164.4651,3211.5556
2010-11-24,3192.7545,3284.1447,3192.7545,3283.7623
2010-11-25,3305.3953,3335.4522,3278.8424,3331.7623
2010-11-26,3322.0982,3332.8372,3276.8579,3302.1705
2010-11-29,3290.4806,3314.4806,3265.5917,3297.2093
2010-11-30,3294.6047,3313.4677,3163.2455,3242.3669
2010-12-01,3232.3101,3256.2687,3216.1757,3241.3643
2010-12-02,3292.7752,3301.5297,3260.2791,3261.0439
2010-12-03,3268.1447,3277.9121,3239.7106,3264.2481
2010-12-06,3275.3282,3292.3307,3246.0568,3271.9070
2010-12-07,3258.6357,3322.6770,3216.7649,3307.8450
2010-12-08,3302.2222,3323.2868,3273.1473,3278.4289
2010-12-09,3262.0155,3281.7054,3227.0801,3228.2894
2010-12-10,3211.7623,3278.7183,3205.2506,3268.1964
2010-12-13,3283.0388,3370.8941,3280.1654,3370.6047
2010-12-14,3380.0517,3389.5297,3363.4935,3379.2972
2010-12-15,3380.6512,3393.0439,3351.4419,3356.7339
2010-12-16,3355.0491,3367.8450,3332.4238,3339.1938
2010-12-17,3337.7778,3341.4367,3320.4961,3334.0155
2010-12-20,3347.8243,3358.9251,3222.7390,3285.4367
2010-12-21,3291.6796,3360.7752,3275.3385,3358.6667
2010-12-22,3363.1214,3373.0749,3309.2196,3323.4625
2010-12-23,3318.5220,3346.3979,3290.0775,3295.7209
2010-12-24,3277.1473,3294.8010,3244.9096,3269.2093
2010-12-27,3282.8010,3327.8140,3196.1344,3203.8346
2010-12-28,3188.4444,3199.3385,3143.4935,3147.2145
2010-12-29,3152.3824,3165.4367,3126.8424,3164.6822
2010-12-30,3165.9432,3183.3695,3129.6124,3167.0284
2010-12-31,3172.1447,3234.5736,3170.1395,3233.3437
2011-01-04,3261.5607,3301.6641,3249.1990,3296.8269
2011-01-05,3276.6718,3301.0646,3264.9819,3282.3359
2011-01-06,3284.5891,3305.4780,3258.4703,3265.7778
2011-01-07,3262.3876,3317.7261,3246.6460,3272.9922
2011-01-10,3268.3101,3289.6951,3206.6460,3212.5995
2011-01-11,3200.2584,3236.4755,3188.1240,3229.8915
2011-01-12,3240.4961,3259.3592,3203.5245,3247.8966
2011-01-13,3259.9380,3263.0904,3232.2067,3246.8010
2011-01-14,3234.8010,3234.8010,3187.0904,3195.7209
2011-01-17,3170.4703,3182.3049,3068.3307,3074.2636
2011-01-18,3065.0336,3084.7235,3046.6150,3077.6744
2011-01-19,3078.5116,3147.9173,3066.9147,3147.1318
2011-01-20,3139.9070,3139.9070,3043.4109,3043.6279
2011-01-21,3033.8295,3132.0620,3033.7364,3083.6796
2011-01-24,3086.3979,3099.9483,3042.8114,3053.4677
2011-01-25,3048.7339,3060.0413,3017.2196,3037.3643
2011-01-26,3038.5220,3082.5013,3038.0982,3078.4806
2011-01-27,3052.8062,3139.1835,3033.8708,3128.1344
2011-01-28,3121.5711,3149.6331,3112.5375,3138.7494
2011-01-31,3137.3850,3179.8966,3134.3152,3179.8553
2011-02-01,3187.0698,3190.9354,3165.7158,3180.6512
2011-02-09,3158.0362,3191.2661,3133.5917,3143.1008
2011-02-10,3136.0000,3209.6331,3125.9432,3208.4341
2011-02-11,3204.4134,3238.7597,3196.4651,3225.7984
2011-02-14,3228.1654,3335.8450,3228.1654,3327.2765
2011-02-15,3331.4935,3369.1370,3323.6382,3325.7571
2011-02-16,3319.0078,3357.9845,3302.8114,3357.6537
2011-02-17,3364.9922,3374.9457,3327.0388,3354.9457
2011-02-18,3348.8889,3351.2868,3310.7183,3319.7726
2011-02-21,3299.3798,3367.7313,3297.0026,3367.3488
2011-02-22,3377.3850,3378.8630,3268.0413,3269.8501
2011-02-23,3258.3359,3289.0853,3251.6693,3281.3850
2011-02-24,3276.7339,3303.0388,3264.0517,3298.1292
2011-02-25,3298.0568,3321.7468,3265.9948,3305.0336
2011-02-28,3308.1964,3350.4910,3285.6124,3348.3824
2011-03-01,3350.6047,3383.4729,3344.4444,3364.2274
2011-03-02,3345.8605,3366.8424,3310.4186,3352.2481
2011-03-03,3357.2713,3381.5401,3329.2403,3329.9432
2011-03-04,3331.7933,3383.6279,3325.5607,3380.5375
2011-03-07,3397.8398,3449.5814,3397.8398,3446.5220
2011-03-08,3447.7623,3454.9974,3422.9664,3449.5711
2011-03-09,3456.4341,3468.2067,3434.3152,3451.0181
2011-03-10,3442.3152,3442.3152,3389.4884,3390.4496
2011-03-11,3372.6925,3401.2403,3349.0233,3356.4651
2011-03-14,3347.7106,3373.5504,3338.6150,3372.5271
2011-03-15,3359.7933,3359.7933,3253.7054,3311.5866
2011-03-16,3312.5788,3360.0827,3310.5220,3357.3127
2011-03-17,3324.3307,3349.2300,3292.0724,3304.4961
2011-03-18,3337.3850,3348.7959,3312.8062,3323.7106
2011-03-21,3328.8682,3344.9922,3301.4470,3314.8424
2011-03-22,3325.8915,3336.2274,3282.6150,3331.2248
2011-03-23,3330.5736,3376.7442,3324.7028,3374.6047
2011-03-24,3379.4109,3383.3282,3359.1938,3360.5788
2011-03-25,3365.5607,3415.2558,3364.0103,3405.1473
2011-03-28,3418.5116,3439.8656,3397.2713,3401.1059
2011-03-29,3399.0284,3420.3618,3365.7261,3367.4212
2011-03-30,3366.1189,3384.9922,3341.7158,3365.4574
2011-03-31,3366.5736,3374.6357,3318.0052,3331.5659
2011-04-01,3335.9793,3382.7080,3329.1059,3382.6667
2011-04-06,3379.0078,3426.6667,3378.5736,3422.2946
2011-04-07,3424.7752,3442.6977,3413.7674,3436.0930
2011-04-08,3433.1163,3466.5530,3425.4160,3466.0052
2011-04-11,3476.3514,3494.0879,3443.0698,3445.4057
2011-04-12,3436.4341,3462.6977,3418.5840,3438.5220
2011-04-13,3422.5530,3485.3023,3407.2455,3485.3023
2011-04-14,3487.6693,3492.1964,3459.9380,3466.2119
2011-04-15,3457.4987,3491.5866,3435.2041,3471.7726
2011-04-18,3458.5530,3486.2016,3447.6486,3472.2894
2011-04-19,3446.9354,3446.9354,3401.2817,3406.5220
2011-04-20,3411.2868,3422.9767,3392.0724,3406.4703
2011-04-21,3423.5349,3442.1085,3412.8579,3428.8062
2011-04-22,3428.5065,3437.1680,3402.2119,3410.7907
2011-04-25,3403.0801,3403.0801,3356.7855,3358.7287
2011-04-26,3351.4522,3367.2351,3324.2481,3339.4935
2011-04-27,3351.5452,3365.7984,3296.1654,3317.3127
2011-04-28,3332.7235,3345.9328,3266.5736,3267.9897
2011-04-29,3267.3488,3300.8786,3252.8579,3299.9690
2011-05-03,3300.1034,3319.9587,3271.2455,3318.9974
2011-05-04,3300.0930,3300.7235,3225.7984,3234.1395
2011-05-05,3219.6382,3242.2739,3210.1809,3231.1318
2011-05-06,3197.7364,3247.2145,3187.5039,3226.2532
2011-05-09,3231.2765,3255.7519,3222.8837,3234.8941
2011-05-10,3240.4651,3259.2248,3226.6150,3259.1421
2011-05-11,3259.5866,3270.9561,3232.5478,3250.7390
2011-05-12,3228.0724,3247.9587,3205.3127,3205.7881
2011-05-13,3209.6124,3233.5297,3183.6589,3233.1680
2011-05-16,3225.2610,3242.9974,3202.8734,3204.6098
2011-05-17,3201.1059,3241.5814,3180.3101,3220.7028
2011-05-18,3213.7364,3251.3695,3210.9044,3244.8372
2011-05-19,3254.1085,3260.9199,3223.3798,3225.4677
2011-05-20,3225.4057,3238.6873,3217.8501,3226.4599
2011-05-23,3219.9587,3219.9587,3122.9457,3124.5271
2011-05-24,3114.9561,3131.5245,3100.6615,3127.8760
2011-05-25,3121.7778,3132.8062,3088.4651,3090.7907
2011-05-26,3112.6305,3122.6873,3077.6227,3078.4289
2011-05-27,3080.8475,3097.2713,3061.5711,3062.8527
2011-05-30,3055.8966,3082.7700,3041.1990,3053.7571
2011-05-31,3057.9948,3102.5633,3045.1163,3102.3876
2011-06-01,3096.7339,3107.5556,3086.0052,3105.0853
2011-06-02,3070.4186,3084.7442,3021.2093,3054.9974
2011-06-03,3050.7287,3094.4703,3050.3359,3086.6667
2011-06-07,3077.7054,3107.5659,3074.2739,3105.1783
2011-06-08,3104.4755,3114.0155,3065.5504,3109.7158
2011-06-09,3101.1886,3104.9716,3051.0491,3051.0491
2011-06-10,3046.9561,3063.6486,3024.1550,3061.4264
2011-06-13,3039.1628,3056.8682,3019.8966,3049.4574
2011-06-14,3046.6770,3101.3230,3042.4083,3094.1189
2011-06-15,3085.2300,3099.8966,3062.6460,3062.6563
2011-06-16,3038.4289,3045.8088,3013.3333,3015.5866
2011-06-17,3014.3773,3032.6202,2988.1344,2989.3127
2011-06-20,2985.9845,2993.3643,2958.5633,2971.4729
2011-06-21,2980.2067,3007.3075,2973.6951,3006.7907
2011-06-22,3011.5452,3019.1525,2991.4005,3006.2842
2011-06-23,2996.3928,3066.1912,2985.7158,3056.9819
2011-06-24,3045.5917,3150.3256,3042.9457,3129.1680
2011-06-27,3130.2326,3158.6770,3120.6615,3138.4910
2011-06-28,3142.3049,3149.1473,3115.2455,3143.9070
2011-06-29,3141.1370,3146.0672,3100.7235,3100.9509
2011-06-30,3104.1137,3161.3747,3104.1137,3146.3463
2011-07-01,3154.6460,3174.3773,3135.9897,3152.1964
2011-07-04,3167.8966,3229.5401,3167.8966,3226.8527
2011-07-05,3227.8036,3233.6227,3209.3953,3227.3902
2011-07-06,3220.7959,3220.7959,3188.4548,3218.3049
2011-07-07,3228.2067,3245.5814,3205.2713,3205.8708
2011-07-08,3209.8088,3229.3437,3197.2817,3213.6227
2011-07-11,3201.9328,3225.8398,3189.9328,3217.7881
2011-07-12,3192.9096,3193.9018,3157.4160,3159.5969
2011-07-13,3163.2248,3212.9199,3163.2248,3210.5943
2011-07-14,3217.1473,3231.1628,3196.3514,3220.4134
2011-07-15,3209.8191,3235.9483,3201.3850,3233.9948
2011-07-18,3237.0026,3243.3282,3218.2636,3227.4935
2011-07-19,3212.8889,3214.3876,3192.1240,3199.1008
2011-07-20,3218.3049,3224.3307,3175.0388,3195.4212
2011-07-21,3196.1447,3203.3902,3160.9922,3161.9018
2011-07-22,3169.1886,3186.7597,3162.3773,3171.0491
2011-07-25,3153.3850,3153.3850,3058.2739,3068.0000
2011-07-26,3065.3437,3080.9922,3056.9612,3077.7984
2011-07-27,3061.0646,3103.5556,3050.6667,3100.8269
2011-07-28,3073.5297,3084.6305,3056.0310,3081.1370
2011-07-29,3081.1576,3096.6098,3047.1111,3071.9173
2011-08-01,3068.8475,3091.5245,3058.2222,3077.7468
2011-08-02,3058.2429,3058.2429,3017.0646,3055.6899
2011-08-03,3028.6202,3068.8682,3025.4264,3054.1292
2011-08-04,3062.4393,3083.2145,3050.9974,3059.7519
2011-08-05,2978.5426,3014.3773,2964.5065,2994.7494
2011-08-08,2960.7339,2985.8088,2840.2791,2887.7519
2011-08-09,2812.3514,2907.2558,2787.6589,2892.1860
2011-08-10,2940.9302,2954.5736,2914.8527,2918.9871
2011-08-11,2873.0956,2963.6279,2871.0698,2963.2248
2011-08-12,2978.3463,2991.4419,2965.2403,2971.9587
2011-08-15,2980.0207,3015.8966,2966.6047,3015.8966
2011-08-16,3018.9457,3030.6357,2985.3540,2994.9147
2011-08-17,2991.0594,3008.6202,2978.4289,2982.9561
2011-08-18,2984.0827,2987.0801,2927.4109,2929.4574
2011-08-19,2883.0491,2908.6305,2876.0310,2901.9742
2011-08-22,2903.7003,2924.7442,2861.4160,2871.1008
2011-08-23,2882.3773,2915.7623,2870.5840,2915.7623
2011-08-24,2929.7984,2941.0543,2899.0388,2904.4134
2011-08-25,2913.3850,3002.0052,2910.5013,3001.3850
2011-08-26,2986.4393,3005.0646,2973.4677,2998.6770
2011-08-29,2972.3824,2972.3824,2943.1318,2948.6408
2011-08-30,2971.7209,2999.2041,2933.6744,2937.1990
2011-08-31,2939.5245,2951.2248,2918.6253,2942.4083
2011-09-01,2948.2067,2965.6331,2920.8889,2929.7571
2011-09-02,2923.8656,2931.9070,2884.5168,2898.0362
2011-09-05,2874.2429,2874.2429,2835.5349,2835.9897
2011-09-06,2819.3798,2837.5814,2802.1395,2814.7804
2011-09-07,2830.7907,2872.5685,2821.7674,2872.4444
2011-09-08,2882.5116,2882.8010,2848.3721,2848.6925
2011-09-09,2863.2041,2890.2842,2831.6486,2843.5142
2011-09-13,2803.5556,2817.7674,2789.3127,2811.6589
2011-09-14,2820.9406,2828.8475,2767.0594,2824.9199
2011-09-15,2826.4083,2846.7080,2820.5788,2820.7235
2011-09-16,2836.4031,2848.4651,2820.6718,2825.8295
2011-09-19,2809.6331,2809.6331,2768.7855,2769.2713
2011-09-20,2764.8992,2793.0543,2753.5917,2780.2067
2011-09-21,2782.1189,2871.6796,2767.2868,2864.0930
2011-09-22,2837.3643,2847.4625,2775.1318,2775.9070
2011-09-23,2733.1163,2771.2972,2719.8243,2759.1525
2011-09-26,2734.1085,2769.5711,2690.5530,2698.6253
2011-09-27,2723.4419,2741.6641,2701.2093,2726.4910
2011-09-28,2744.0103,2749.4574,2690.0568,2698.2842
2011-09-29,2680.6822,2702.9871,2663.8656,2675.1318
2011-09-30,2682.7700,2695.1628,2658.5943,2668.0620
2011-10-10,2675.2972,2682.5013,2638.0155,2642.9767
2011-10-11,2713.3437,2724.2274,2611.5245,2637.7158
2011-10-12,2622.6357,2735.9380,2608.1034,2733.6021
2011-10-13,2725.4367,2762.6977,2717.7364,2752.0413
2011-10-14,2744.5581,2754.9767,2718.2222,2742.9251
2011-10-17,2748.2687,2777.3643,2742.5116,2756.5375
2011-10-18,2735.7519,2740.8062,2676.1860,2679.2868
2011-10-19,2687.2558,2705.3333,2667.3488,2669.8501
2011-10-20,2652.8165,2656.4341,2584.4858,2605.1990
2011-10-21,2606.9871,2623.3798,2588.8269,2592.1240
2011-10-24,2601.6124,2667.8346,2586.0052,2663.2248
2011-10-25,2659.1318,2722.4496,2646.0465,2713.6227
2011-10-26,2701.0543,2769.6744,2698.7183,2740.7235
2011-10-27,2747.7313,2762.6253,2736.2274,2746.7494
2011-10-28,2785.0543,2820.8165,2779.7209,2800.0207
2011-10-31,2795.3902,2800.3307,2771.0491,2785.8501
2011-11-01,2762.2842,2817.6641,2758.7080,2788.1447
2011-11-02,2747.8553,2835.0801,2742.8630,2834.5116
2011-11-03,2845.0956,2874.4599,2835.3488,2836.4858
2011-11-04,2863.6382,2875.4419,2841.3230,2856.5891
2011-11-07,2843.4005,2862.3256,2824.9819,2828.1654
2011-11-08,2837.2713,2848.6718,2815.1835,2819.3385
2011-11-09,2831.1628,2848.3824,2801.0853,2844.0827
2011-11-10,2812.2377,2821.2610,2788.9509,2790.2739
2011-11-11,2796.1137,2805.0749,2775.2972,2785.5297
2011-11-14,2808.8269,2844.3204,2806.0568,2842.5840
2011-11-15,2839.0388,2846.5116,2824.7132,2836.8786
2011-11-16,2838.0982,2838.5426,2748.4755,2759.8140
2011-11-17,2761.7054,2778.1189,2750.0258,2751.4419
2011-11-18,2732.4755,2735.1008,2688.5581,2694.0568
2011-11-21,2696.1860,2701.0439,2674.6667,2697.3540
2011-11-22,2679.3075,2698.8630,2667.4729,2697.1370
2011-11-23,2701.0749,2705.0026,2664.7649,2670.8114
2011-11-24,2651.8760,2691.7209,2643.6176,2675.8863
2011-11-25,2671.9793,2685.6744,2649.7674,2656.2997
2011-11-28,2664.9509,2676.3307,2648.5685,2659.7623
2011-11-29,2682.2636,2696.8372,2666.9664,2696.1964
2011-11-30,2687.4419,2689.3023,2591.4005,2606.2222
2011-12-01,2683.3592,2719.0284,2664.3101,2670.3979
2011-12-02,2656.9096,2662.2119,2628.9716,2643.2145
2011-12-05,2647.2351,2647.2351,2601.7364,2606.0879
2011-12-06,2599.5245,2610.5116,2583.5349,2600.8682
2011-12-07,2601.9018,2619.6693,2594.0879,2613.1576
2011-12-08,2609.8605,2634.7287,2578.4910,2609.8191
2011-12-09,2590.8217,2609.9845,2580.8475,2587.5556
2011-12-12,2581.8295,2586.0982,2559.2972,2560.9199
2011-12-13,2549.8915,2555.7209,2499.9173,2503.2868
2011-12-14,2497.0956,2515.2972,2472.6615,2478.0155
2011-12-15,2462.4703,2464.5685,2419.0698,2419.4212
2011-12-16,2418.5840,2470.6770,2410.4806,2470.4186
2011-12-19,2450.0465,2468.1034,2399.6486,2464.5065
2011-12-20,2456.5478,2493.6124,2453.6021,2456.9199
2011-12-21,2477.8088,2485.5607,2416.2171,2417.6848
2011-12-22,2403.3798,2437.6951,2371.6899,2419.9897
2011-12-23,2415.8966,2462.7494,2410.2946,2438.4083
2011-12-26,2424.3514,2449.4264,2413.2196,2414.1602
2011-12-27,2411.1938,2425.1990,2379.7519,2382.4703
2011-12-28,2372.9922,2387.2351,2343.2661,2385.4574
2011-12-29,2374.4599,2401.5401,2370.9251,2389.0026
2011-12-30,2396.5581,2427.9380,2396.5581,2424.5375
2012-01-04,2440.8269,2445.4677,2375.5039,2375.9690
2012-01-05,2367.7313,2394.4806,2348.4755,2352.8579
2012-01-06,2350.7494,2368.8786,2330.3049,2367.5452
2012-01-09,2368.1447,2448.4651,2348.0310,2448.1344
2012-01-10,2445.2403,2532.2584,2440.5995,2529.5607
2012-01-11,2526.8837,2535.5556,2504.7235,2517.4264
2012-01-12,2508.3411,2547.1628,2504.7235,2517.0233
2012-01-13,2520.3204,2527.9483,2454.3152,2474.7597
2012-01-16,2456.7959,2474.9354,2424.4238,2424.4444
2012-01-17,2426.4289,2545.1473,2407.4935,2543.2558
2012-01-18,2547.7209,2568.9922,2495.6382,2503.5556
2012-01-19,2505.2817,2563.5245,2496.1137,2551.2661
2012-01-20,2559.9276,2594.6667,2545.3127,2588.2067
2012-01-30,2593.1576,2593.1576,2543.0491,2543.3798
2012-01-31,2545.0543,2555.9070,2529.9948,2547.0388
2012-02-01,2540.8062,2565.0233,2504.8579,2510.5840
2012-02-02,2519.3488,2569.7571,2511.3282,2569.7571
2012-02-03,2561.5917,2599.1214,2553.2610,2590.2739
2012-02-06,2595.5245,2605.4367,2572.3101,2588.4444
2012-02-07,2572.6408,2572.6408,2523.7209,2540.5168
2012-02-08,2538.9354,2619.2868,2533.3333,2613.1680
2012-02-09,2610.4289,2631.5556,2597.5504,2614.1912
2012-02-10,2606.3876,2646.0258,2605.8501,2618.7287
2012-02-13,2588.5375,2639.2248,2580.1654,2617.0336
2012-02-14,2613.9225,2618.3566,2590.7390,2606.8320
2012-02-15,2600.3411,2648.1344,2595.6486,2635.2558
2012-02-16,2630.1189,2645.3230,2603.6589,2621.2610
2012-02-17,2637.5401,2644.2894,2607.6072,2622.3152
2012-02-20,2658.3049,2661.2403,2625.2196,2626.0568
2012-02-21,2630.3256,2649.0026,2605.4677,2648.5271
2012-02-22,2650.4599,2686.1602,2646.3463,2684.7339
2012-02-23,2682.9767,2702.3669,2677.5401,2693.8088
2012-02-24,2694.9251,2736.9716,2690.2119,2736.9716
2012-02-27,2747.4109,2784.3307,2745.8088,2745.8088
2012-02-28,2741.4367,2761.5814,2730.1912,2751.8966
2012-02-29,2745.0749,2756.2274,2720.1860,2722.6253
2012-03-01,2710.8424,2736.7339,2709.9328,2721.8088
2012-03-02,2726.5736,2769.9535,2726.5736,2769.9535
2012-03-05,2778.0258,2785.1266,2750.3463,2752.1447
2012-03-06,2743.9793,2747.2455,2703.4625,2709.0956
2012-03-07,2683.7003,2716.8889,2681.2713,2690.4496
2012-03-08,2700.1550,2734.8320,2700.1550,2724.3307
2012-03-09,2732.9199,2753.9121,2719.8036,2753.7984
2012-03-12,2752.7028,2756.0000,2724.9819,2743.5659
2012-03-13,2742.8217,2771.4005,2738.1602,2771.1318
2012-03-14,2784.9922,2796.6408,2682.5220,2692.6202
2012-03-15,2690.0879,2706.2016,2661.9535,2672.4031
2012-03-16,2678.8630,2712.4755,2663.8243,2711.6486
2012-03-19,2705.5917,2719.4315,2685.9225,2718.3566
2012-03-20,2710.7597,2710.7597,2670.8217,2671.2661
2012-03-21,2684.6305,2701.0543,2655.3798,2674.7183
2012-03-22,2673.8398,2686.5530,2656.7959,2670.5426
2012-03-23,2661.8398,2665.4574,2630.0052,2638.6977
2012-03-26,2637.1370,2649.0233,2626.0465,2641.2817
2012-03-27,2651.7313,2658.2946,2629.8398,2632.7028
2012-03-28,2623.7313,2625.7571,2554.0362,2558.0362
2012-03-29,2546.4496,2559.6693,2511.3488,2525.1886
2012-03-30,2530.1705,2544.6822,2520.4031,2537.3643
2012-04-05,2531.4832,2601.9535,2523.2765,2597.2403
2012-04-06,2593.7468,2610.3669,2586.7700,2604.4755
2012-04-09,2594.8630,2602.9767,2575.2868,2578.9664
2012-04-10,2573.9328,2604.4548,2541.9638,2604.4341
2012-04-11,2578.3152,2626.4910,2572.9509,2604.6925
2012-04-12,2607.5762,2657.1990,2601.1059,2656.7855
2012-04-13,2661.5504,2680.9199,2656.3721,2667.1318
2012-04-16,2650.3669,2673.0749,2645.7674,2660.5065
2012-04-17,2658.7700,2665.3850,2626.9147,2627.2661
2012-04-18,2636.5995,2689.5194,2631.5245,2687.2455
2012-04-19,2685.6124,2694.4289,2672.1447,2683.2661
2012-04-20,2678.5633,2715.6382,2676.3307,2715.0801
2012-04-23,2712.9199,2720.5065,2686.4186,2693.5814
2012-04-24,2681.9638,2728.9922,2645.4367,2692.3721
2012-04-25,2685.5090,2719.8346,2680.4444,2714.2016
2012-04-26,2721.1576,2732.5788,2705.0026,2719.8863
2012-04-27,2718.9147,2726.5323,2711.7313,2714.3773
2012-05-02,2750.0465,2788.5788,2732.3307,2773.6331
2012-05-03,2769.5297,2784.3721,2765.6951,2781.9328
2012-05-04,2779.9690,2807.2661,2767.0698,2807.1111
2012-05-07,2790.1292,2809.0749,2784.8269,2809.0749
2012-05-08,2808.6925,2809.1266,2773.7054,2800.1240
2012-05-09,2775.3902,2775.3902,2744.5168,2746.7804
2012-05-10,2747.1525,2757.2920,2738.3773,2746.4703
2012-05-11,2741.4057,2756.1447,2725.0853,2725.4987
2012-05-14,2742.9561,2745.5090,2701.1370,2703.3902
2012-05-15,2684.8992,2706.1292,2678.6563,2705.2920
2012-05-16,2697.8398,2700.3928,2660.5478,2661.1370
2012-05-17,2664.5581,2707.5866,2657.5711,2701.7468
2012-05-18,2682.7390,2690.6357,2653.5401,2660.4444
2012-05-21,2658.7804,2691.7003,2650.0982,2674.1395
2012-05-22,2685.4470,2715.8656,2684.8579,2715.7933
2012-05-23,2709.8605,2724.3204,2685.5711,2704.7752
2012-05-24,2700.8786,2718.7700,2675.1525,2682.4393
2012-05-25,2682.4393,2689.5814,2651.8346,2659.5349
2012-05-28,2648.6822,2702.6873,2630.8424,2702.5220
2012-05-29,2702.9974,2747.5556,2700.3204,2739.8966
2012-05-30,2735.2661,2744.3514,2725.0853,2731.0181
2012-05-31,2711.2765,2734.4599,2705.1473,2720.4548
2012-06-01,2722.0672,2743.0078,2711.4109,2721.4470
2012-06-04,2686.0258,2695.9380,2644.8786,2644.9922
2012-06-05,2651.3592,2660.3514,2634.3773,2644.7959
2012-06-06,2650.3669,2660.1964,2632.8992,2643.3075
2012-06-07,2666.0775,2670.8424,2621.4574,2627.5762
2012-06-08,2644.7959,2645.0956,2605.0749,2609.1266
2012-06-11,2614.5736,2651.6072,2608.5478,2644.2067
2012-06-12,2629.2196,2639.7106,2614.9354,2625.5090
2012-06-13,2632.3411,2667.8243,2624.9406,2667.3282
2012-06-14,2659.7726,2671.5349,2644.5168,2646.4289
2012-06-15,2651.3592,2666.8424,2623.8450,2654.3152
2012-06-18,2663.1835,2680.3307,2659.4212,2667.9173
2012-06-19,2663.9380,2663.9380,2641.9638,2644.5685
2012-06-20,2649.7571,2657.0129,2635.0801,2638.3566
2012-06-21,2632.6098,2632.6098,2586.4806,2596.5788
2012-06-25,2585.1783,2585.1783,2537.4780,2539.0388
2012-06-26,2524.6098,2547.9276,2516.4238,2537.3850
2012-06-27,2535.0594,2553.7571,2526.4496,2529.4057
2012-06-28,2534.0155,2541.7984,2506.7080,2507.2145
2012-06-29,2500.1137,2545.5504,2498.6977,2544.2997
2012-07-02,2556.6408,2557.0749,2535.3902,2548.0517
2012-07-03,2547.6486,2574.2119,2540.0000,2551.6486
2012-07-04,2557.6537,2564.6925,2538.5013,2547.7209
2012-07-05,2532.6098,2532.6098,2501.2920,2512.0103
2012-07-06,2516.8579,2560.4444,2501.6641,2555.6693
2012-07-09,2538.3876,2553.1886,2496.0724,2497.1990
2012-07-10,2491.9897,2508.0413,2483.0698,2487.5556
2012-07-11,2482.8734,2509.3540,2482.8424,2507.0491
2012-07-12,2501.3333,2543.2145,2485.3540,2531.4522
2012-07-13,2523.0078,2550.8941,2520.9096,2532.9509
2012-07-16,2534.9871,2534.9871,2480.2171,2480.3411
2012-07-17,2472.2481,2503.2868,2471.6072,2495.2972
2012-07-18,2493.0853,2502.0982,2453.3850,2495.4419
2012-07-19,2488.3101,2526.1602,2481.9535,2505.7571
2012-07-20,2496.8579,2505.2196,2472.5375,2479.0284
2012-07-23,2459.8346,2459.8346,2436.7028,2444.8889
2012-07-24,2432.2687,2472.7132,2431.8346,2455.8036
2012-07-25,2447.9380,2461.0233,2436.6615,2439.3592
2012-07-26,2439.4109,2454.6460,2423.4625,2426.3463
2012-07-27,2433.0129,2444.4238,2419.9380,2428.0207
2012-07-30,2429.7468,2446.5426,2412.4031,2414.2532
2012-07-31,2415.3798,2429.0129,2407.7623,2411.2868
2012-08-01,2410.4703,2450.7700,2410.2842,2437.8811
2012-08-02,2433.1473,2437.7881,2403.7313,2413.3127
2012-08-03,2418.8630,2433.2403,2408.1964,2432.8062
2012-08-06,2429.0646,2468.5891,2426.9974,2465.7468
2012-08-07,2463.3178,2471.0904,2459.3798,2469.1163
2012-08-08,2471.2765,2485.9742,2462.8734,2470.0775
2012-08-09,2468.6615,2493.1680,2458.7597,2492.7132
2012-08-10,2490.8941,2494.4910,2476.3928,2480.3618
2012-08-13,2474.9354,2474.9354,2429.7778,2430.9354
2012-08-14,2431.6899,2437.0543,2403.0078,2436.1964
2012-08-15,2428.9612,2428.9612,2408.4238,2409.9432
2012-08-16,2406.1085,2413.8501,2394.8941,2397.5917
2012-08-17,2396.3101,2400.9199,2372.2584,2391.1938
2012-08-20,2371.9897,2384.9199,2356.5375,2379.1111
2012-08-21,2379.2558,2405.5607,2373.6951,2391.4212
2012-08-22,2392.9096,2395.2145,2362.5426,2372.7028
2012-08-23,2375.3798,2389.3023,2362.1395,2379.5349
2012-08-24,2372.7959,2376.5375,2350.9767,2352.1240
2012-08-27,2344.6925,2344.6925,2302.9974,2303.0491
2012-08-28,2301.7054,2326.2016,2296.6408,2313.6021
2012-08-29,2305.1163,2315.3592,2288.8165,2289.2093
2012-08-30,2278.5736,2297.8811,2262.2429,2285.6537
2012-08-31,2279.6589,2293.4057,2277.1266,2278.9354
2012-09-03,2275.0594,2311.6899,2271.5349,2303.2248
2012-09-04,2306.6873,2309.9535,2273.3953,2278.4599
2012-09-05,2273.6331,2283.7623,2260.4238,2273.7778
2012-09-06,2278.4910,2293.2093,2273.7571,2292.3204
2012-09-07,2308.9509,2420.1757,2308.9509,2395.0181
2012-09-10,2398.5116,2412.9199,2391.2868,2404.8269
2012-09-11,2394.3463,2394.3463,2371.9070,2389.5504
2012-09-12,2404.0620,2415.7106,2375.5039,2398.0052
2012-09-13,2394.5013,2403.6486,2375.5762,2375.6693
2012-09-14,2402.0775,2410.7700,2376.0517,2393.3230
2012-09-17,2389.7261,2392.7545,2334.0362,2334.5840
2012-09-18,2324.9922,2328.8269,2302.8837,2310.3256
2012-09-19,2312.3721,2324.7959,2304.3824,2321.6951
2012-09-20,2311.3075,2311.3075,2267.9276,2269.7158
2012-09-21,2263.9070,2291.9587,2259.9793,2272.9302
2012-09-24,2257.3333,2300.5788,2245.8708,2289.9432
2012-09-25,2284.2171,2300.0827,2276.3618,2284.3928
2012-09-26,2283.1111,2291.2868,2254.3463,2258.2842
2012-09-27,2259.4315,2342.4289,2259.1938,2327.3592
2012-09-28,2310.1395,2374.1912,2309.3747,2370.1395
2012-10-08,2368.9509,2382.6150,2333.9638,2346.3049
2012-10-09,2358.3979,2405.9225,2358.3979,2398.0982
2012-10-10,2392.3411,2403.8760,2382.0258,2402.1912
2012-10-11,2393.6951,2399.3282,2378.2222,2379.8760
2012-10-12,2388.9199,2410.4910,2363.8346,2381.9432
2012-10-15,2383.4729,2385.4057,2354.9974,2371.9483
2012-10-16,2370.2739,2393.2300,2364.4341,2375.3592
2012-10-17,2384.8682,2389.8398,2357.4367,2378.0879
2012-10-18,2385.0026,2419.7623,2383.3385,2414.5530
2012-10-19,2413.5504,2421.2196,2406.9561,2410.8217
2012-10-22,2398.4186,2426.7700,2393.6951,2420.2481
2012-10-23,2419.5245,2422.7804,2386.8217,2389.7468
2012-10-24,2380.7752,2399.4109,2379.5039,2385.3023
2012-10-25,2384.2171,2400.9509,2365.4780,2368.2067
2012-10-26,2368.2791,2370.2119,2312.2067,2323.4212
2012-10-29,2317.1059,2323.6589,2302.4806,2310.9561
2012-10-30,2311.4419,2333.7984,2306.7494,2315.1214
2012-10-31,2316.7235,2331.8863,2308.7132,2330.5633
2012-11-01,2332.4134,2383.0801,2332.2067,2375.0698
2012-11-02,2375.0904,2387.2558,2361.4677,2384.2584
2012-11-05,2380.0930,2396.1034,2367.0698,2379.2041
2012-11-06,2379.3075,2381.4470,2336.4444,2369.2093
2012-11-07,2365.6434,2378.1809,2353.5090,2364.3514
2012-11-08,2345.8191,2351.8346,2320.8269,2320.8372
2012-11-09,2317.0646,2327.8553,2310.3152,2316.1964
2012-11-12,2318.3049,2330.4393,2307.7416,2327.4935
2012-11-13,2326.4496,2326.4496,2282.9147,2286.7597
2012-11-14,2287.4315,2299.8656,2280.1034,2297.7881
2012-11-15,2285.0129,2295.5969,2267.2041,2267.3075
2012-11-16,2263.0594,2265.2300,2235.6382,2250.3773
2012-11-19,2248.2481,2249.6021,2221.7468,2248.0517
2012-11-20,2253.4470,2257.7054,2236.2067,2237.6021
2012-11-21,2238.1499,2269.2093,2223.6486,2268.6305
2012-11-22,2254.4496,2258.9974,2242.5426,2250.6977
2012-11-23,2257.7881,2276.4548,2252.9509,2266.3359
2012-11-26,2260.7132,2264.9716,2245.0646,2248.6822
2012-11-27,2241.4367,2246.4703,2222.4496,2222.8837
2012-11-28,2214.4703,2216.8475,2197.4470,2200.6822
2012-11-29,2200.3101,2212.7959,2185.5090,2186.7494
2012-11-30,2185.2610,2214.8424,2180.8372,2211.5349
2012-12-03,2208.4755,2224.9199,2178.9664,2179.6899
2012-12-04,2175.6382,2207.4005,2172.7545,2203.0698
2012-12-05,2199.8863,2293.6331,2198.2326,2282.0465
2012-12-06,2279.7003,2291.4522,2264.8372,2277.6227
2012-12-07,2277.9225,2326.1292,2271.9483,2322.2326
2012-12-10,2330.6667,2352.7442,2326.0362,2347.3385
2012-12-11,2339.2351,2351.4109,2330.0258,2334.3669
2012-12-12,2333.5711,2349.5711,2323.4625,2343.9483
2012-12-13,2336.5375,2342.8630,2317.8915,2317.9742
2012-12-14,2321.0749,2436.2894,2321.0749,2435.0078
2012-12-17,2438.4496,2459.9483,2437.8915,2446.2016
2012-12-18,2440.4134,2479.2041,2425.9225,2447.6693
2012-12-19,2442.1705,2467.3282,2437.2403,2450.7597
2012-12-20,2440.6408,2472.2687,2425.3747,2464.9302
2012-12-21,2466.5426,2495.3178,2444.4755,2451.6796
2012-12-24,2447.5556,2477.2403,2446.5530,2461.2093
2012-12-25,2453.6227,2541.9121,2444.8682,2530.6460
2012-12-26,2528.1550,2540.5788,2523.6589,2540.1757
2012-12-27,2547.5762,2563.0904,2525.7674,2526.7080
2012-12-28,2530.3152,2564.9509,2526.4910,2563.3592
2012-12-31,2569.0543,2607.7003,2569.0543,2607.7003
2013-01-04,2637.5297,2644.4755,2582.8320,2609.2093
2013-01-07,2602.6357,2631.4935,2595.9690,2621.1783
2013-01-08,2619.7933,2625.8501,2586.5530,2610.1602
2013-01-09,2602.6873,2619.3695,2588.4238,2610.9871
2013-01-10,2610.4289,2639.1214,2598.1705,2615.5762
2013-01-11,2618.6047,2625.1059,2556.7959,2566.6460
2013-01-14,2557.2920,2670.4186,2557.1059,2664.3204
2013-01-15,2665.7674,2692.9302,2663.4832,2683.0594
2013-01-16,2678.4186,2687.4315,2625.8605,2663.6589
2013-01-17,2657.0646,2661.5607,2624.9819,2638.5116
2013-01-18,2654.9767,2695.0388,2639.2248,2682.6253
2013-01-21,2693.1783,2698.9147,2669.4057,2698.6047
2013-01-22,2698.0775,2708.0413,2664.7855,2684.1344
2013-01-23,2675.1421,2699.1318,2662.9044,2695.0491
2013-01-24,2693.9845,2752.8682,2650.3463,2669.5194
2013-01-25,2667.5762,2678.5633,2653.3437,2658.0568
2013-01-28,2663.8450,2741.0543,2663.8450,2740.9406
2013-01-29,2744.5788,2775.7416,2735.0388,2765.7571
2013-01-30,2768.4031,2780.0310,2751.4832,2779.0284
2013-01-31,2781.3437,2787.4729,2761.0646,2777.1370
2013-02-01,2767.1214,2836.5065,2761.0026,2835.4729
2013-02-04,2846.1912,2861.4987,2822.8217,2840.3411
2013-02-05,2819.5659,2873.3333,2816.9096,2864.7855
2013-02-06,2865.0233,2881.0956,2858.6460,2869.0853
2013-02-07,2864.6305,2869.2196,2814.3359,2852.5788
2013-02-08,2848.2171,2885.0646,2840.2584,2864.8372
2013-02-18,2877.5917,2881.3850,2823.2661,2829.4264
2013-02-19,2826.9251,2832.8062,2764.1757,2775.8243
2013-02-20,2776.3204,2793.9018,2754.7597,2793.4264
2013-02-21,2765.6227,2765.6227,2671.5866,2698.2429
2013-02-22,2695.2455,2706.4393,2678.1912,2683.8243
2013-02-25,2694.7287,2717.0026,2677.8191,2692.4651
2013-02-26,2674.2946,2719.4729,2650.8217,2653.8501
2013-02-27,2662.5840,2703.1008,2655.6899,2681.8398
2013-02-28,2699.6796,2763.5245,2681.1370,2763.1318
2013-03-01,2761.5917,2770.9044,2715.2455,2758.4910
2013-03-04,2707.4109,2707.5659,2613.6331,2631.2351
2013-03-05,2633.4780,2711.2868,2627.1525,2710.9147
2013-03-06,2723.3798,2747.4315,2708.4548,2739.2248
2013-03-07,2728.4548,2748.2894,2679.9690,2707.4729
2013-03-08,2710.7804,2721.0543,2689.3643,2694.5013
2013-03-11,2687.6279,2699.3798,2660.6408,2679.4522
2013-03-12,2677.4057,2707.5039,2615.2455,2641.4677
2013-03-13,2637.4470,2642.6563,2599.5452,2612.3928
2013-03-14,2602.3256,2632.2481,2598.9251,2619.4005
2013-03-15,2618.8320,2687.4315,2588.5891,2625.1886
2013-03-18,2610.9354,2630.0982,2583.8036,2586.5530
2013-03-19,2591.6279,2617.1266,2575.5556,2609.9225
2013-03-20,2611.8553,2697.8501,2611.7106,2697.8501
2013-03-21,2699.3075,2714.7700,2685.7984,2702.8320
2013-03-22,2700.0103,2713.7261,2690.7907,2706.2636
2013-03-25,2716.7028,2730.3463,2695.2041,2700.8786
2013-03-26,2689.3643,2694.9457,2640.7959,2661.5504
2013-03-27,2662.2532,2699.6796,2652.5581,2670.3152
2013-03-28,2621.1783,2621.1783,2578.8941,2583.2558
2013-03-29,2586.8527,2593.3953,2565.8811,2578.8941
2013-04-01,2569.9535,2592.0724,2567.1628,2576.9406
2013-04-02,2579.6796,2609.2610,2558.1395,2569.9121
2013-04-03,2577.6537,2591.3592,2558.0672,2566.9767
2013-04-08,2525.3127,2556.3928,2511.1111,2555.3488
2013-04-09,2560.5065,2589.4470,2560.5065,2573.0543
2013-04-10,2571.5556,2579.4005,2549.0336,2568.7959
2013-04-11,2586.5633,2592.8579,2559.5866,2561.1163
2013-04-12,2559.5039,2572.7339,2542.8217,2544.8165
2013-04-15,2536.4031,2544.3618,2511.7829,2518.6770
2013-04-16,2500.7855,2543.7209,2497.7984,2542.2119
2013-04-17,2540.4444,2548.0103,2519.2248,2541.0543
2013-04-18,2522.6977,2561.6641,2516.5168,2547.6486
2013-04-19,2552.9199,2627.8553,2552.2687,2618.9457
2013-04-22,2609.9328,2624.3411,2602.8527,2615.6796
2013-04-23,2617.2610,2617.2610,2530.4393,2531.7519
2013-04-24,2535.1731,2595.5556,2528.7752,2579.4109
2013-04-25,2570.3979,2589.6434,2539.0904,2550.7804
2013-04-26,2560.9509,2572.1860,2521.7571,2529.5194
2013-05-02,2516.3824,2536.1757,2504.4755,2531.9276
2013-05-03,2540.0930,2605.8088,2540.0930,2576.6512
2013-05-06,2587.0594,2618.9767,2584.4548,2610.8320
2013-05-07,2603.9897,2624.5995,2592.0000,2614.9251
2013-05-08,2627.6693,2648.0724,2616.2791,2628.2171
2013-05-09,2627.7726,2628.7442,2592.0310,2612.7028
2013-05-10,2604.1550,2632.5375,2599.6486,2626.1912
2013-05-13,2627.8140,2633.1783,2601.2713,2615.7829
2013-05-14,2610.8527,2611.0078,2563.1731,2577.0956
2013-05-15,2577.7468,2591.6589,2575.6382,2591.1421
2013-05-16,2585.1370,2638.8217,2571.3282,2638.4599
2013-05-17,2636.1240,2686.0052,2633.3643,2679.1214
2013-05-20,2684.3928,2715.8863,2677.0543,2697.2713
2013-05-21,2694.9767,2705.3230,2681.3953,2702.6873
2013-05-22,2701.1990,2718.4186,2691.2145,2705.9742
2013-05-23,2692.4341,2712.2274,2665.9948,2669.6124
2013-05-24,2678.4703,2695.9690,2659.3075,2684.4755
2013-05-27,2680.6408,2699.7106,2676.7339,2686.9147
2013-05-28,2687.9897,2733.1886,2672.7649,2733.1886
2013-05-29,2737.9121,2750.6253,2729.5917,2731.3282
2013-05-30,2722.4393,2736.3721,2711.7106,2722.8114
2013-05-31,2727.3488,2734.4393,2692.2481,2693.9845
2013-06-03,2693.5090,2714.1499,2683.2558,2690.0465
2013-06-04,2687.8553,2687.8553,2641.9225,2651.8553
2013-06-05,2651.5039,2656.3618,2630.6873,2646.5530
2013-06-06,2638.5736,2643.5969,2610.1395,2612.7649
2013-06-07,2611.7933,2624.1757,2558.8527,2567.6072
2013-06-13,2530.9767,2530.9767,2454.9871,2480.5581
2013-06-14,2485.1886,2501.6641,2476.9922,2497.9535
2013-06-17,2504.1447,2509.0749,2474.8217,2484.5891
2013-06-18,2494.1499,2505.6331,2473.7158,2500.0000
2013-06-19,2489.1783,2489.1783,2445.8398,2481.4160
2013-06-20,2466.2532,2466.2532,2398.1705,2399.4522
2013-06-21,2359.8450,2411.2041,2345.8088,2395.2351
2013-06-24,2385.6021,2385.6021,2237.0336,2244.1447
2013-06-25,2218.1395,2242.0775,2091.1318,2238.1602
2013-06-26,2243.2351,2254.2842,2203.4729,2241.1370
2013-06-27,2245.8398,2274.1189,2225.5090,2233.3230
2013-06-28,2221.2196,2302.2842,2211.2351,2274.5633
2013-07-01,2260.5581,2288.3411,2239.1214,2287.6693
2013-07-02,2286.0982,2300.8889,2265.4264,2296.6202
2013-07-03,2285.3127,2285.3127,2242.0052,2277.8605
2013-07-04,2260.6512,2321.3540,2249.1783,2296.6202
2013-07-05,2302.1705,2327.6796,2299.7933,2301.6537
2013-07-08,2268.1344,2279.2868,2234.8217,2236.2997
2013-07-09,2233.2817,2247.8450,2222.0052,2235.3178
2013-07-10,2235.7623,2298.8527,2229.9432,2298.7804
2013-07-11,2307.1421,2430.2016,2307.1421,2404.8475
2013-07-12,2396.9199,2410.3256,2350.4599,2351.8036
2013-07-15,2366.6770,2414.5116,2351.0801,2384.8062
2013-07-16,2378.1189,2395.7106,2358.5943,2395.7106
2013-07-17,2389.0853,2405.0956,2358.2532,2359.5245
2013-07-18,2349.3023,2359.1111,2317.2403,2320.7545
2013-07-19,2323.6486,2333.7674,2262.2739,2264.0620
2013-07-22,2242.9871,2277.0646,2232.3618,2276.1654
2013-07-23,2285.8811,2353.2196,2280.8889,2341.9638
2013-07-24,2329.0749,2341.6848,2291.6693,2324.7028
2013-07-25,2330.9767,2345.0543,2302.6873,2312.8475
2013-07-26,2301.2196,2313.6124,2284.0413,2298.7183
2013-07-29,2279.1525,2279.1525,2241.8811,2249.0646
2013-07-30,2257.3747,2296.2171,2235.6382,2262.9354
2013-07-31,2286.0465,2310.4703,2260.6822,2266.6873
2013-08-01,2280.1034,2320.9922,2274.5530,2320.7855
2013-08-02,2339.5349,2351.1214,2319.6382,2322.7494
2013-08-05,2325.5607,2354.8630,2318.5736,2354.8630
2013-08-06,2346.9457,2379.8243,2332.5271,2370.6873
2013-08-07,2369.3850,2391.6072,2353.3437,2357.2300
2013-08-08,2353.7468,2374.8114,2343.2248,2353.2610
2013-08-09,2365.3850,2378.9044,2334.1912,2362.8010
2013-08-12,2373.3540,2431.9276,2370.2119,2431.8243
2013-08-13,2431.9173,2440.1344,2419.3592,2438.3152
2013-08-14,2441.9845,2466.7700,2419.4625,2427.9897
2013-08-15,2427.7416,2441.4367,2397.7054,2399.5659
2013-08-16,2392.0000,2504.4755,2372.1137,2381.5401
2013-08-19,2362.9974,2418.8010,2360.8062,2409.7468
2013-08-20,2403.9897,2432.4651,2381.0543,2390.1499
2013-08-21,2398.5323,2399.6279,2368.0103,2386.1395
2013-08-22,2380.0207,2407.3798,2374.1809,2381.3230
2013-08-23,2392.6305,2399.0078,2327.5659,2363.7519
2013-08-26,2371.8450,2414.8630,2365.3747,2414.0775
2013-08-27,2411.1628,2423.8863,2400.4755,2419.5142
2013-08-28,2404.2377,2424.1447,2384.5375,2406.2636
2013-08-29,2417.1163,2421.0026,2385.6848,2396.1860
2013-08-30,2393.7054,2412.8269,2380.9922,2391.6382
2013-09-02,2397.8915,2408.1344,2374.6253,2398.2842
2013-09-03,2404.3721,2433.9638,2399.2765,2433.5917
2013-09-04,2431.5659,2439.9587,2424.2274,2429.6641
2013-09-05,2429.9018,2430.2016,2415.2455,2420.4031
2013-09-06,2415.2661,2440.4961,2414.3979,2436.9819
2013-09-09,2454.0155,2531.5245,2452.3928,2522.5943
2013-09-10,2528.6305,2558.3463,2517.6537,2558.0258
2013-09-11,2567.2248,2588.5995,2554.6460,2566.2946
2013-09-12,2563.7933,2612.2791,2552.6822,2591.6899
2013-09-13,2586.6047,2600.2894,2564.8062,2572.5065
2013-09-16,2585.0956,2587.7933,2550.0052,2561.6434
2013-09-17,2564.1447,2565.0749,2507.9690,2508.8579
2013-09-18,2507.5349,2521.5814,2488.1034,2514.2222
2013-09-23,2523.5349,2556.2377,2521.9535,2555.3385
2013-09-24,2553.7158,2553.7468,2501.3850,2525.9845
2013-09-25,2522.8320,2537.5090,2504.6822,2510.6253
2013-09-26,2504.0103,2504.0103,2462.5736,2464.5375
2013-09-27,2462.2429,2482.8941,2459.8036,2475.4212
2013-09-30,2487.0388,2496.2067,2477.7468,2489.9638
2013-10-08,2487.2558,2528.8889,2472.9406,2523.8346
2013-10-09,2514.6667,2536.1757,2506.2222,2536.0000
2013-10-10,2538.1292,2538.4806,2503.3798,2510.9251
2013-10-11,2524.4031,2554.1809,2521.5814,2551.4315
2013-10-14,2555.3178,2566.5426,2545.2713,2555.5969
2013-10-15,2558.4703,2562.4083,2531.7003,2550.4083
2013-10-16,2541.6848,2541.6848,2490.6667,2502.7080
2013-10-17,2514.3669,2522.9147,2488.6615,2494.3979
2013-10-18,2496.2481,2517.5297,2491.5762,2507.5452
2013-10-21,2513.6124,2555.8553,2504.9716,2554.3359
2013-10-22,2553.2403,2553.2403,2521.8191,2528.0517
2013-10-23,2533.9121,2557.4884,2493.5194,2499.7313
2013-10-24,2493.2713,2504.3307,2475.9380,2481.1473
2013-10-25,2481.1576,2494.3979,2433.0646,2448.1240
2013-10-28,2452.2687,2457.1059,2430.8630,2445.4264
2013-10-29,2448.8062,2489.5297,2406.0982,2451.7313
2013-10-30,2451.5245,2488.7339,2444.9716,2488.3411
2013-10-31,2478.9664,2478.9664,2449.8501,2453.4574
2013-11-01,2453.7054,2475.4625,2444.5995,2465.0749
2013-11-04,2477.7364,2485.6848,2456.1860,2460.4134
2013-11-05,2446.3876,2465.8295,2422.5323,2463.8450
2013-11-06,2450.9767,2463.6072,2431.8243,2432.6305
2013-11-07,2430.8734,2435.8346,2406.4599,2419.1731
2013-11-08,2407.3178,2421.3643,2383.5039,2385.4780
2013-11-11,2383.4005,2403.3385,2372.0930,2393.6848
2013-11-12,2397.2713,2421.2196,2394.4186,2418.6047
2013-11-13,2403.4729,2403.6796,2364.3928,2364.9819
2013-11-14,2368.2377,2383.1525,2355.5659,2381.9121
2013-11-15,2384.0310,2457.0646,2384.0310,2429.6951
2013-11-18,2447.4212,2511.1835,2440.3514,2510.4910
2013-11-19,2509.4884,2509.4884,2485.8708,2493.1886
2013-11-20,2510.3566,2517.2403,2487.2558,2506.3049
2013-11-21,2493.4884,2496.5168,2462.9251,2490.9457
2013-11-22,2496.4238,2500.2584,2473.9845,2478.5116
2013-11-25,2465.9225,2500.1034,2460.6615,2468.8682
2013-11-26,2468.0413,2479.6072,2460.3721,2467.6176
2013-11-27,2466.5220,2504.1964,2463.8553,2495.5866
2013-11-28,2500.4134,2543.2145,2498.4393,2521.4780
2013-11-29,2524.7339,2528.5788,2514.0982,2520.8682
2013-12-02,2505.3953,2547.6589,2477.5297,2500.0413
2013-12-03,2491.6693,2530.5736,2487.5039,2524.8372
2013-12-04,2521.7778,2570.1705,2516.4755,2558.2842
2013-12-05,2559.6382,2565.1163,2543.2351,2551.1111
2013-12-06,2545.7778,2553.8088,2527.7726,2534.6667
2013-12-09,2542.6667,2551.8863,2528.1034,2533.1990
2013-12-10,2538.7390,2549.5194,2526.6460,2535.7313
2013-12-11,2522.4806,2522.4806,2481.3850,2493.8088
2013-12-12,2487.6176,2504.7132,2483.4832,2490.9767
2013-12-13,2468.8992,2497.4264,2466.4083,2487.4832
2013-12-16,2489.5917,2493.7778,2446.9561,2447.4625
2013-12-17,2448.8475,2453.0129,2430.1602,2435.5349
2013-12-18,2435.8656,2448.1447,2429.4057,2436.4134
2013-12-19,2445.6951,2450.6357,2409.4987,2410.7597
2013-12-20,2413.4884,2417.4470,2354.6253,2354.6667
2013-12-23,2360.5168,2372.8889,2335.4832,2361.3437
2013-12-24,2368.0930,2390.5220,2346.5116,2365.1163
2013-12-25,2368.7339,2383.0594,2358.2429,2382.5426
2013-12-26,2377.2300,2378.8010,2339.9690,2341.4264
2013-12-27,2344.7442,2392.9509,2340.4548,2380.8579
2013-12-30,2391.0904,2394.4393,2372.7545,2376.7028
2013-12-31,2365.9018,2411.4419,2363.9483,2408.2997
2014-01-02,2401.4780,2404.1240,2388.2687,2399.9793
2014-01-03,2389.6331,2392.5995,2357.5090,2367.7313
2014-01-06,2363.1731,2363.1731,2304.2171,2313.8398
2014-01-07,2296.9612,2322.2636,2293.1783,2313.1783
2014-01-08,2315.9070,2338.5840,2303.2765,2317.2196
2014-01-09,2312.1137,2334.7700,2295.4005,2296.8682
2014-01-10,2290.9767,2299.2145,2274.1292,2278.9147
2014-01-13,2281.1370,2296.7132,2256.9509,2267.3695
2014-01-14,2266.5013,2288.4961,2253.1370,2287.1835
2014-01-15,2284.2584,2290.3359,2267.4935,2283.1421
2014-01-16,2283.6693,2302.0775,2275.5142,2286.1395
2014-01-17,2277.8501,2280.0724,2248.9716,2251.6693
2014-01-20,2246.6667,2255.7726,2228.8992,2238.7494
2014-01-21,2241.2610,2271.7519,2241.2610,2260.8889
2014-01-22,2264.0103,2319.5142,2261.0129,2319.1731
2014-01-23,2317.5711,2324.4651,2302.9044,2306.8630
2014-01-24,2300.5271,2333.1886,2297.5607,2321.1163
2014-01-27,2308.0310,2308.2481,2286.0982,2290.3566
2014-01-28,2295.3902,2308.2791,2280.0724,2294.4289
2014-01-29,2300.4755,2308.0724,2294.5013,2302.6150
2014-01-30,2297.8398,2297.8398,2274.1292,2276.4341
2014-02-07,2260.8165,2286.8217,2250.2532,2286.8010
2014-02-10,2296.1654,2346.4496,2296.1654,2343.7003
2014-02-11,2343.9173,2373.6641,2338.6047,2362.3359
2014-02-12,2362.9871,2371.3902,2352.9096,2368.2171
2014-02-13,2365.3230,2384.9819,2354.7907,2356.1240
2014-02-14,2354.9354,2372.9716,2350.8320,2372.6925
2014-02-17,2386.3463,2393.3643,2370.5943,2389.3023
2014-02-18,2387.9173,2387.9173,2352.5685,2359.1111
2014-02-19,2357.5504,2395.2661,2350.5426,2386.2119
2014-02-20,2391.8243,2410.0258,2362.9974,2364.2791
2014-02-21,2360.7545,2364.7235,2326.2532,2340.3514
2014-02-24,2322.1912,2322.1912,2267.8656,2288.8992
2014-02-25,2290.9767,2299.9587,2222.3256,2230.3979
2014-02-26,2219.8863,2237.4160,2208.8682,2236.0827
2014-02-27,2243.7313,2253.2920,2222.3669,2226.4703
2014-02-28,2221.6537,2253.7158,2205.2196,2252.1654
2014-03-03,2246.9354,2267.9276,2240.7339,2263.9483
2014-03-04,2257.2196,2262.1189,2234.2016,2257.6434
2014-03-05,2260.8269,2262.6253,2232.1447,2236.6718
2014-03-06,2231.9380,2254.7080,2208.2171,2246.6460
2014-03-07,2242.9354,2262.9354,2234.0465,2241.1990
2014-03-10,2221.8915,2221.8915,2165.4470,2168.2584
2014-03-11,2162.9044,2189.9638,2158.8941,2179.4935
2014-03-12,2173.4367,2202.1602,2160.9922,2185.1473
2014-03-13,2190.7494,2221.6434,2187.0698,2212.2274
2014-03-14,2201.4160,2212.2791,2180.4444,2194.1499
2014-03-17,2204.4341,2215.1938,2190.1292,2215.0284
2014-03-18,2218.2119,2224.7649,2206.6357,2209.9535
2014-03-19,2202.8734,2202.8734,2171.8760,2192.1137
2014-03-20,2187.2765,2206.5013,2156.5891,2157.0749
2014-03-21,2149.7364,2235.8966,2147.5556,2231.3178
2014-03-24,2234.5220,2260.1860,2223.1214,2249.6641
2014-03-25,2243.7003,2265.1059,2237.3850,2247.4832
2014-03-26,2254.5013,2259.5142,2237.9535,2243.9793
2014-03-27,2241.1783,2260.3514,2219.0388,2228.1240
2014-03-28,2226.8941,2245.6537,2216.6202,2224.2584
2014-03-31,2228.4755,2237.9845,2206.1189,2218.4083
2014-04-01,2215.7313,2242.9974,2213.0749,2235.7829
2014-04-02,2238.8320,2256.0000,2236.7028,2253.9845
2014-04-03,2262.1602,2269.9121,2233.3333,2237.7364
2014-04-04,2230.4703,2259.5866,2227.6796,2258.8837
2014-04-08,2253.1473,2319.3488,2252.1034,2312.4755
2014-04-09,2315.0284,2322.2636,2303.8656,2313.8191
2014-04-10,2316.7442,2367.6899,2304.4134,2350.1395
2014-04-11,2345.8088,2357.7364,2337.0853,2346.9457
2014-04-14,2344.1240,2352.2791,2331.2248,2344.8165
2014-04-15,2337.3747,2337.4367,2300.4548,2304.3514
2014-04-16,2298.1602,2320.7442,2295.7623,2307.5245
2014-04-17,2313.9845,2316.9199,2296.5891,2299.5349
2014-04-18,2290.3152,2303.6382,2277.0543,2299.2041
2014-04-21,2284.1757,2306.6770,2260.2171,2260.7235
2014-04-22,2257.3850,2270.6460,2237.8088,2270.5943
2014-04-23,2264.8372,2279.6796,2260.8682,2268.3928
2014-04-24,2266.4289,2283.6693,2260.2171,2264.0517
2014-04-25,2269.5814,2275.6693,2240.4548,2240.6512
2014-04-28,2238.5220,2244.3307,2204.3411,2206.6873
2014-04-29,2206.1085,2231.9173,2203.3902,2230.9767
2014-04-30,2231.2765,2236.8786,2225.4470,2231.1731
2014-05-05,2224.8992,2234.3152,2202.8217,2228.9096
2014-05-06,2223.6589,2246.6357,2222.3359,2229.7984
2014-05-07,2223.7416,2226.0672,2208.7752,2209.1163
2014-05-08,2203.6589,2241.0439,2199.8140,2207.2351
2014-05-09,2210.6873,2213.4987,2191.8346,2205.5917
2014-05-12,2222.5426,2257.7054,2211.3488,2253.2817
2014-05-13,2253.2920,2258.4496,2240.5891,2247.9070
2014-05-14,2248.1550,2257.5917,2241.8605,2245.3437
2014-05-15,2242.1499,2244.3928,2214.3049,2216.1034
2014-05-16,2215.9483,2222.7390,2203.8140,2218.0362
2014-05-19,2211.2248,2211.2248,2176.4444,2186.1912
2014-05-20,2196.0827,2203.1731,2181.6227,2186.8424
2014-05-21,2177.5297,2207.8553,2166.9354,2207.6589
2014-05-22,2205.7778,2233.4987,2200.3721,2202.4496
2014-05-23,2202.3566,2220.7545,2200.1654,2220.5788
2014-05-26,2234.5116,2238.1602,2219.5866,2228.4031
2014-05-27,2226.7700,2232.5891,2217.8295,2219.4109
2014-05-28,2219.6072,2244.1034,2213.9638,2242.2222
2014-05-29,2244.1964,2251.2558,2227.3178,2227.5556
2014-05-30,2228.8165,2239.7003,2218.3152,2228.8992
2014-06-03,2230.1189,2241.8605,2221.4884,2222.1395
2014-06-04,2221.6124,2221.6537,2188.4341,2199.7623
2014-06-05,2198.0465,2223.1835,2194.8527,2222.8424
2014-06-06,2221.4057,2221.9948,2195.3282,2206.4289
2014-06-09,2199.7209,2226.2532,2198.1085,2205.9742
2014-06-10,2210.5116,2234.1395,2204.0827,2233.8708
2014-06-11,2228.5788,2236.2894,2224.3721,2233.3540
2014-06-12,2229.2093,2233.5814,2220.5788,2225.7468
2014-06-13,2223.2455,2257.0026,2222.8114,2249.3437
2014-06-16,2249.5504,2270.1189,2247.3178,2265.4884
2014-06-17,2259.1008,2259.1008,2241.2920,2242.5530
2014-06-18,2242.1189,2245.5297,2231.0078,2232.8062
2014-06-19,2234.0362,2239.1835,2190.6977,2198.3566
2014-06-20,2196.3411,2208.8165,2192.0517,2208.5065
2014-06-23,2209.7468,2219.3592,2204.0827,2205.7984
2014-06-24,2203.2972,2217.2713,2201.8501,2216.8682
2014-06-25,2213.6744,2213.6744,2197.4574,2205.0336
2014-06-26,2206.8837,2223.3695,2206.6047,2221.2713
2014-06-27,2218.4703,2232.0724,2210.7804,2222.4910
2014-06-30,2224.6098,2241.0543,2224.6098,2237.8501
2014-07-01,2242.0672,2244.0827,2229.5917,2237.2713
2014-07-02,2236.6925,2244.4548,2228.0207,2243.7933
2014-07-03,2241.8605,2258.3566,2237.5607,2253.4264
2014-07-04,2253.6951,2257.1576,2247.1008,2251.8863
2014-07-07,2251.7313,2259.6382,2244.0103,2249.3953
2014-07-08,2247.8863,2254.0362,2236.0310,2253.7158
2014-07-09,2251.3075,2251.6899,2220.4238,2220.8889
2014-07-10,2218.7080,2224.0517,2211.3902,2214.8320
2014-07-11,2208.0827,2227.1214,2206.5116,2220.1654
2014-07-14,2221.7468,2244.8579,2217.3437,2244.7132
2014-07-15,2242.9871,2249.3747,2237.9432,2248.0413
2014-07-16,2245.8088,2256.5891,2239.5556,2243.7933
2014-07-17,2239.6176,2239.7209,2219.2041,2229.5297
2014-07-18,2219.8036,2249.4367,2217.5194,2236.8372
2014-07-21,2236.9199,2244.8992,2231.4832,2239.0698
2014-07-22,2235.0801,2271.4109,2234.8734,2266.3566
2014-07-23,2265.0026,2284.5271,2264.1447,2271.6589
2014-07-24,2273.7261,2315.0594,2273.7261,2312.1654
2014-07-25,2318.4186,2336.8372,2314.2842,2336.3824
2014-07-28,2348.7132,2409.7881,2348.7132,2401.9638
2014-07-29,2404.1757,2421.4677,2394.0258,2409.6848
2014-07-30,2402.7804,2417.6124,2393.8605,2400.0103
2014-07-31,2399.9690,2429.5090,2394.4083,2429.1990
2014-08-01,2419.8760,2451.1628,2407.2041,2407.6486
2014-08-04,2415.1214,2455.4212,2410.4806,2455.4212
2014-08-05,2456.6408,2460.7442,2432.8682,2448.9406
2014-08-06,2437.4264,2451.3385,2412.7442,2442.6047
2014-08-07,2443.0078,2448.7855,2404.4134,2405.6434
2014-08-08,2407.4212,2417.8501,2397.1990,2409.4367
2014-08-11,2416.5478,2446.5116,2415.5142,2444.8062
2014-08-12,2440.4858,2440.4858,2423.4832,2436.2274
2014-08-13,2437.6848,2450.1395,2414.1499,2438.1395
2014-08-14,2436.3824,2442.5633,2412.4858,2414.4186
2014-08-15,2416.5271,2446.4083,2411.4935,2439.9380
2014-08-18,2445.7571,2459.7416,2440.5168,2454.3256
2014-08-19,2458.8010,2459.4005,2438.2119,2454.5426
2014-08-20,2451.3178,2455.2765,2440.1447,2445.6227
2014-08-21,2445.1990,2446.9871,2411.6796,2433.3230
2014-08-22,2431.3385,2448.0207,2429.9638,2444.8165
2014-08-25,2446.5323,2447.1421,2417.0129,2421.5607
2014-08-26,2418.1912,2429.3437,2395.0181,2402.1602
2014-08-27,2401.8501,2415.2351,2400.9199,2405.7881
2014-08-28,2406.2636,2414.8424,2387.2248,2388.9199
2014-08-29,2395.1421,2417.3333,2390.9664,2416.8372
2014-09-01,2419.5659,2434.6770,2417.0853,2434.4393
2014-09-02,2439.1318,2467.8656,2428.8889,2466.6253
2014-09-03,2469.9638,2495.3592,2469.9535,2489.7571
2014-09-04,2492.9509,2508.8372,2484.8372,2507.7209
2014-09-05,2514.9044,2532.9509,2509.5504,2531.5349
2014-09-09,2534.6047,2537.3540,2518.9457,2527.3592
2014-09-10,2517.4057,2518.9457,2504.0310,2514.1395
2014-09-11,2512.3307,2544.1550,2498.4703,2504.8579
2014-09-12,2500.0000,2520.2687,2493.6641,2520.2687
2014-09-15,2514.7287,2521.1886,2500.2171,2519.0594
2014-09-16,2522.3152,2524.9819,2467.1628,2469.0129
2014-09-17,2475.8243,2486.1705,2459.0078,2481.9948
2014-09-18,2476.8786,2496.0724,2469.8915,2489.5711
2014-09-19,2490.2429,2511.7829,2483.0078,2506.6770
2014-09-22,2500.5995,2500.5995,2453.8605,2458.8320
2014-09-23,2459.4522,2483.1835,2459.4522,2480.0620
2014-09-24,2471.7519,2526.0775,2467.2558,2523.8863
2014-09-25,2535.8346,2545.3953,2511.2041,2518.8320
2014-09-26,2512.4651,2521.6021,2501.8088,2519.0698
2014-09-29,2526.0052,2536.0930,2517.4264,2530.0258
2014-09-30,2534.5426,2537.3540,2526.3049,2533.3230
2014-10-08,2543.5349,2561.6331,2527.4109,2561.6331
2014-10-09,2563.5142,2571.6899,2543.7829,2565.3333
2014-10-10,2555.1421,2565.5194,2540.2377,2549.6537
2014-10-13,2539.9587,2543.0388,2512.1964,2537.4160
2014-10-14,2533.4264,2550.8010,2518.1809,2528.7442
2014-10-15,2526.6563,2548.3204,2512.8579,2546.6357
2014-10-16,2531.2351,2563.6176,2523.8450,2526.5116
2014-10-17,2525.2920,2538.6150,2491.3695,2523.7519
2014-10-20,2530.6977,2539.1421,2523.9276,2537.1680
2014-10-21,2535.8243,2541.8708,2514.2636,2515.1318
2014-10-22,2516.6822,2529.6848,2498.7700,2499.8863
2014-10-23,2496.5788,2506.1085,2472.8992,2476.4238
2014-10-24,2478.3979,2485.7778,2465.8708,2471.0181
2014-10-27,2457.4057,2457.4057,2441.0129,2448.4031
2014-10-28,2452.8786,2497.9535,2452.8786,2497.8295
2014-10-29,2505.2300,2543.9483,2496.8475,2533.7261
2014-10-30,2532.6718,2557.4987,2525.8501,2551.8656
2014-10-31,2556.5891,2596.5788,2549.3540,2592.5891
2014-11-03,2600.3307,2608.9612,2586.1085,2596.9509
2014-11-04,2595.3902,2602.0258,2582.5426,2597.5917
2014-11-05,2601.4160,2604.0310,2583.1835,2587.5452
2014-11-06,2589.3230,2595.3385,2566.3876,2590.2532
2014-11-07,2593.0439,2626.9251,2573.0439,2586.2016
2014-11-10,2614.8114,2651.9173,2599.1835,2651.9173
2014-11-11,2665.0543,2689.7881,2617.6434,2644.5581
2014-11-12,2630.9044,2681.4677,2624.9096,2681.4677
2014-11-13,2684.6408,2695.1111,2653.7054,2666.4083
2014-11-14,2655.5142,2668.6615,2643.5866,2667.7933
2014-11-17,2701.3023,2701.9018,2652.1344,2653.3333
2014-11-18,2651.4419,2656.5478,2620.0827,2626.7907
2014-11-19,2623.4935,2636.1757,2616.3514,2622.4496
2014-11-20,2613.7261,2630.9767,2607.5866,2622.3256
2014-11-21,2622.7804,2672.2067,2615.0181,2670.2429
2014-11-24,2701.9742,2757.2817,2690.3773,2738.2532
2014-11-25,2739.1111,2776.2894,2732.6512,2775.7726
2014-11-26,2785.7984,2814.8424,2780.6822,2814.4910
2014-11-27,2828.9716,2847.0181,2810.0258,2847.0181
2014-11-28,2846.4393,2903.9173,2832.4238,2903.1731
2014-12-01,2920.5271,2951.2455,2902.9974,2914.5323
2014-12-02,2901.6434,3043.4212,2898.4910,3022.1602
2014-12-03,3034.7494,3129.9535,3010.0775,3067.2351
2014-12-04,3075.3488,3209.1886,3068.6098,3208.6305
2014-12-05,3249.5814,3303.1525,3113.1163,3229.8605
2014-12-08,3212.6822,3380.7545,3179.0181,3362.1499
2014-12-09,3341.7054,3501.6331,3177.7984,3211.2765
2014-12-10,3225.0233,3337.5194,3160.9199,3329.7674
2014-12-11,3292.1550,3363.7416,3264.5375,3289.9328
2014-12-12,3289.8398,3348.2687,3274.3463,3300.4961
2014-12-15,3283.5452,3334.5943,3248.8889,3325.3023
2014-12-16,3329.5711,3414.3669,3315.4419,3414.3669
2014-12-17,3437.5401,3481.3333,3385.7778,3473.4884
2014-12-18,3471.9276,3507.7106,3433.8295,3458.3256
2014-12-19,3458.0155,3511.2972,3391.1318,3496.8165
2014-12-22,3510.3359,3571.2765,3470.4496,3508.5065
2014-12-23,3471.6279,3547.0594,3428.3307,3436.6098
2014-12-24,3444.0827,3452.5685,3295.6072,3338.9044
2014-12-25,3363.8036,3447.8346,3334.6977,3447.4625
2014-12-26,3455.9587,3569.3437,3447.0388,3561.5917
2014-12-29,3619.8243,3642.6667,3520.2481,3571.5349
2014-12-30,3566.7287,3609.1266,3537.1266,3573.6951
2014-12-31,3578.6977,3661.3333,3568.4755,3652.4134
2015-01-05,3685.8811,3792.2894,3670.8114,3763.8656
2015-01-06,3729.6434,3806.9561,3707.7313,3763.3695
2015-01-07,3742.5530,3794.5116,3722.6873,3766.1912
2015-01-08,3772.6822,3782.8941,3671.4212,3678.8217
2015-01-09,3666.7390,3813.6951,3655.1938,3665.8605
2015-01-12,3650.1499,3680.1344,3577.5917,3631.6072
2015-01-13,3624.2377,3669.4160,3612.1654,3632.0827
2015-01-14,3641.2506,3666.3979,3588.1757,3620.0724
2015-01-15,3619.3488,3725.1886,3599.2455,3725.1886
2015-01-16,3737.7261,3785.1783,3722.2326,3757.2610
2015-01-19,3528.6925,3614.7287,3442.8734,3467.8656
2015-01-20,3448.8786,3534.0568,3437.3953,3510.3049
2015-01-21,3535.3902,3677.3023,3523.9587,3668.1034
2015-01-22,3670.3359,3696.9096,3638.2946,3687.4522
2015-01-23,3702.4186,3749.6744,3667.8346,3691.7106
2015-01-26,3700.3824,3732.9406,3678.9457,3729.1886
2015-01-27,3735.4419,3737.7364,3627.9276,3695.0181
2015-01-28,3666.3979,3703.6796,3630.3773,3643.7416
2015-01-29,3591.6486,3623.3385,3569.9225,3598.7597
2015-01-30,3614.3566,3632.2687,3547.2248,3549.7571
2015-02-02,3473.0646,3521.7158,3459.5245,3466.6253
2015-02-03,3502.4289,3557.3230,3473.6124,3552.9199
2015-02-04,3561.9018,3593.6124,3513.7674,3516.0413
2015-02-05,3605.1163,3605.1163,3479.9587,3480.0517
2015-02-06,3464.9406,3487.3902,3396.3204,3423.6899
2015-02-09,3416.7752,3489.9535,3409.4057,3458.3152
2015-02-10,3457.4470,3521.6331,3451.7313,3521.3850
2015-02-11,3530.7287,3561.4057,3526.7597,3549.4780
2015-02-12,3550.7597,3569.5917,3520.0310,3558.5220
2015-02-13,3575.0181,3627.4005,3568.0413,3586.3876
2015-02-16,3589.9638,3622.2016,3583.0594,3617.0336
2015-02-17,3629.4987,3655.6279,3629.0336,3640.6408
2015-02-25,3648.1137,3648.1137,3580.3204,3595.5866
2015-02-26,3590.3979,3689.2300,3572.9922,3686.0982
2015-02-27,3684.9922,3715.5659,3680.0620,3692.8579
2015-03-02,3724.4961,3729.9121,3686.3359,3722.2429
2015-03-03,3699.5556,3699.5556,3621.9121,3625.7364
2015-03-04,3632.7339,3659.8553,3614.6460,3649.4264
2015-03-05,3631.2661,3635.2248,3584.1654,3613.7881
2015-03-06,3618.7907,3634.3566,3589.0336,3595.3695
2015-03-09,3565.5814,3665.8501,3532.2894,3656.5891
2015-03-10,3642.0052,3670.5013,3629.9638,3638.8734
2015-03-11,3642.9767,3688.8062,3630.2016,3643.0491
2015-03-12,3677.1990,3724.3824,3655.3282,3713.5297
2015-03-13,3725.7571,3763.7106,3715.4935,3739.1835
2015-03-16,3764.1034,3830.2222,3742.7597,3830.1499
2015-03-17,3859.3902,3888.9716,3841.6641,3883.3282
2015-03-18,3895.7003,3975.2558,3890.2842,3975.2558
2015-03-19,3980.6202,3988.7649,3937.6848,3968.7235
2015-03-20,3981.9018,4048.4341,3961.1576,4023.3282
2015-03-23,4054.8630,4105.7364,4053.9638,4105.4884
2015-03-24,4113.7674,4123.8863,4014.2429,4106.5116
2015-03-25,4094.6563,4114.4393,4045.4677,4072.7752
2015-03-26,4053.4884,4126.0982,4023.6486,4082.6873
2015-03-27,4090.4806,4127.1628,4064.9819,4105.1163
2015-03-30,4133.3540,4239.4315,4133.3540,4225.5090
2015-03-31,4277.9225,4305.9638,4173.4057,4187.2868
2015-04-01,4193.7984,4278.5530,4182.8837,4262.4289
2015-04-02,4289.3540,4296.4755,4205.3230,4263.3385
2015-04-03,4242.5530,4310.6563,4229.8501,4310.6357
2015-04-07,4355.4419,4403.5866,4338.0052,4403.1421
2015-04-08,4421.1370,4449.3850,4346.0775,4440.1034
2015-04-09,4461.9742,4477.6951,4354.1189,4405.3127
2015-04-10,4392.1240,4497.8708,4373.3333,4490.3566
2015-04-13,4541.6537,4580.8992,4508.1034,4569.5814
2015-04-14,4581.0129,4624.6512,4533.2403,4587.2661
2015-04-15,4588.4341,4626.3566,4526.7287,4527.6589
2015-04-16,4501.7984,4665.3953,4481.2713,4665.1680
2015-04-17,4732.4858,4785.8088,4706.8734,4750.5323
2015-04-20,4770.0568,4828.0827,4643.5142,4673.8191
2015-04-21,4672.3101,4775.2558,4655.8760,4774.3256
2015-04-22,4792.8269,4900.1860,4788.2067,4899.0284
2015-04-23,4924.5271,4942.6770,4851.6486,4900.1447
2015-04-24,4839.9276,4889.3333,4773.4574,4860.6098
2015-04-27,4913.5607,4972.0827,4894.3773,4969.0853
2015-04-28,4972.9406,5001.6331,4861.5711,4901.1473
2015-04-29,4881.5504,4959.1008,4853.5297,4934.7080
2015-04-30,4949.2610,4980.5995,4909.0336,4909.4470
2015-05-04,4917.4574,4957.0233,4857.2610,4948.5685
2015-05-05,4945.9328,4945.9328,4726.5943,4751.2558
2015-05-06,4781.6331,4858.8217,4663.3178,4706.2842
2015-05-07,4672.6822,4699.0594,4617.5297,4620.2481
2015-05-08,4667.2351,4712.2067,4594.9251,4711.5245
2015-05-11,4736.0103,4848.5271,4687.4935,4848.0930
2015-05-12,4849.7364,4907.4935,4816.5581,4906.8941
2015-05-13,4906.1602,4917.8295,4836.0207,4876.9406
2015-05-14,4876.4444,4894.3463,4827.0491,4858.6873
2015-05-15,4848.3307,4848.3307,4746.3049,4772.5788
2015-05-18,4735.9793,4778.6873,4718.4083,4728.8269
2015-05-19,4731.4109,4899.2351,4731.4109,4890.1499
2015-05-20,4911.1835,5005.7881,4904.6098,4914.6460
2015-05-21,4928.8786,5004.2584,4905.4574,5003.5969
2015-05-22,5060.3928,5118.3359,5034.2119,5117.6641
2015-05-25,5115.3592,5271.1525,5115.3592,5270.8010
2015-05-26,5313.4884,5373.9535,5233.2300,5373.5607
2015-05-27,5391.3902,5402.4186,5299.0801,5355.4832
2015-05-28,5347.9070,5388.2997,4993.6227,4996.3928
2015-05-29,5002.0982,5089.7158,4822.2429,5003.4419
2015-06-01,5026.1085,5249.9432,4998.2119,5246.6977
2015-06-02,5262.2946,5335.9793,5216.6202,5335.2661
2015-06-03,5350.4910,5361.2093,5229.4574,5316.3721
2015-06-04,5329.2093,5368.7132,5026.8424,5355.4729
2015-06-05,5431.4315,5465.9845,5275.6382,5406.2532
2015-06-08,5436.0827,5551.0181,5377.3540,5533.5917
2015-06-09,5560.1757,5561.1680,5427.6072,5496.0827
2015-06-10,5430.8010,5555.3798,5384.6822,5487.4522
2015-06-11,5483.3488,5508.3204,5424.4548,5484.8475
2015-06-12,5508.2997,5531.4212,5460.5581,5514.3359
2015-06-15,5533.8605,5542.5840,5382.2326,5396.5581
2015-06-16,5338.5220,5379.1214,5183.7313,5234.9561
2015-06-17,5242.6977,5331.6486,5115.5452,5311.4522
2015-06-18,5279.2661,5293.2506,5091.9173,5096.1757
2015-06-19,5009.8811,5075.4005,4790.3773,4792.8165
2015-06-23,4797.3333,4947.7623,4604.9922,4946.8630
2015-06-24,4973.2196,5047.7829,4903.6796,5044.0620
2015-06-25,5071.0491,5084.5065,4824.0000,4864.6202
2015-06-26,4727.5142,4806.3979,4422.4083,4481.8501
2015-06-29,4596.2171,4600.6925,4135.3282,4332.3514
2015-06-30,4300.8475,4626.1189,4150.9147,4623.2558
2015-07-01,4557.0853,4678.1705,4377.9845,4395.8863
2015-07-02,4431.7623,4457.0439,4134.4289,4245.9948
2015-07-03,4152.1447,4304.5271,3913.0749,4016.4548
2015-07-06,4359.9690,4359.9690,3961.2093,4132.8579
2015-07-07,4008.1137,4093.6848,3869.3747,4059.9483
2015-07-08,3773.7054,3889.0129,3733.5917,3786.0879
2015-07-09,3743.3385,4062.2842,3656.6718,4028.5581
2015-07-10,4047.8243,4319.4935,4018.1395,4244.5065
2015-07-13,4271.0388,4421.8708,4209.2300,4353.2920
2015-07-14,4318.9974,4401.5607,4198.9664,4250.2842
2015-07-15,4205.5607,4252.4444,4030.5013,4100.0103
2015-07-16,4082.3152,4203.6382,3985.8605,4131.6382
2015-07-17,4158.9251,4330.9457,4134.6047,4290.9561
2015-07-20,4296.7028,4363.5039,4244.3307,4300.3721
2015-07-21,4247.8140,4342.6150,4218.8114,4305.9535
2015-07-22,4287.9173,4328.0930,4232.2584,4296.8062
2015-07-23,4298.6357,4405.2300,4288.1860,4393.6021
2015-07-24,4398.1395,4444.0827,4294.1809,4316.5685
2015-07-27,4235.4522,4295.9276,3945.3953,3947.0078
2015-07-28,3814.9561,4013.9018,3749.2713,3939.1111
2015-07-29,3968.9509,4066.1499,3895.8036,4062.4083
2015-07-30,4047.3178,4101.8398,3930.6253,3943.5762
2015-07-31,3904.0310,3993.4057,3884.2274,3944.9096
2015-08-03,3892.5788,3957.8708,3868.2997,3957.8708
2015-08-04,3955.9380,4081.0853,3928.7132,4080.7855
2015-08-05,4069.8915,4095.3798,3988.2791,3996.7959
2015-08-06,3930.6770,4019.3178,3920.6615,3960.5685
2015-08-07,3996.3101,4058.5530,3987.5039,4038.1809
2015-08-10,4080.0724,4239.5142,4064.9509,4221.5607
2015-08-11,4220.7649,4248.1964,4177.7778,4203.2765
2015-08-12,4160.8992,4215.0181,4150.2326,4151.0388
2015-08-13,4144.7132,4212.6098,4101.1059,4212.3618
2015-08-14,4235.5762,4251.3282,4193.0026,4210.3773
2015-08-17,4194.4289,4218.8837,4144.6925,4214.8527
2015-08-18,4221.5090,4240.8786,3944.7545,3953.9121
2015-08-19,3874.1809,4029.7054,3791.4109,4016.6822
2015-08-20,3977.6744,4011.1835,3887.8036,3887.8036
2015-08-21,3839.0594,3884.0103,3698.3669,3710.1189
2015-08-24,3570.6460,3584.6512,3376.2791,3385.5607
2015-08-25,3173.1370,3307.6072,3120.9922,3145.1473
2015-08-26,3165.4470,3300.1860,3051.1731,3127.3282
2015-08-27,3196.7028,3314.4393,3130.1292,3313.3230
2015-08-28,3355.2868,3465.8811,3331.9070,3454.5633
2015-08-31,3418.5013,3481.4264,3313.2196,3479.6279
2015-09-01,3407.2661,3483.7209,3297.7571,3475.0181
2015-09-02,3329.0439,3500.7959,3321.5917,3478.8941
2015-09-07,3459.7313,3537.1783,3349.0853,3359.6796
2015-09-08,3330.0155,3452.4238,3277.3230,3446.0155
2015-09-09,3457.1783,3541.7571,3442.1602,3513.4987
2015-09-10,3461.7881,3512.4755,3449.4160,3470.3463
2015-09-11,3462.4083,3496.7752,3426.8527,3459.6279
2015-09-14,3480.7649,3487.2558,3294.6460,3391.3488
2015-09-15,3316.5271,3348.9199,3237.1886,3258.1189
2015-09-16,3254.9457,3458.3152,3236.5581,3420.4134
2015-09-17,3398.0982,3467.6072,3345.7364,3345.7364
2015-09-18,3363.7623,3391.0904,3336.2584,3360.4858
2015-09-21,3330.8527,3423.8243,3319.8243,3419.3798
2015-09-22,3423.6382,3484.6615,3414.1395,3451.1938
2015-09-23,3400.5891,3427.3282,3362.6150,3372.6408
2015-09-24,3389.0439,3411.7416,3365.2713,3395.3488
2015-09-25,3382.6047,3401.4057,3309.4677,3340.5168
2015-09-28,3334.9974,3355.6072,3293.5504,3351.6796
2015-09-29,3304.6202,3316.1964,3265.1576,3285.6331
2015-09-30,3303.2558,3332.2067,3293.8191,3310.5426
2015-10-08,3436.6718,3449.4367,3405.2713,3407.2145
2015-10-09,3413.2920,3464.9922,3404.6202,3452.3204
2015-10-12,3463.7106,3603.7519,3459.6899,3563.5039
2015-10-13,3537.4470,3568.0103,3528.6512,3560.7649
2015-10-14,3546.3979,3574.8837,3517.5504,3520.5271
2015-10-15,3517.7158,3603.9483,3516.6098,3603.9483
2015-10-16,3626.3773,3656.3721,3604.2377,3652.7855
2015-10-19,3668.1654,3693.0129,3620.1550,3652.8992
2015-10-20,3646.3876,3697.9845,3628.3618,3697.8811
2015-10-21,3701.1266,3722.2119,3532.2067,3589.9225
2015-10-22,3569.1990,3649.3747,3557.9432,3642.9251
2015-10-23,3655.6486,3702.1602,3633.9225,3691.2041
2015-10-26,3736.1240,3742.3876,3680.8165,3709.8295
2015-10-27,3689.3540,3722.0155,3603.2041,3713.5711
2015-10-28,3695.9173,3719.0388,3635.3592,3643.3282
2015-10-29,3658.8941,3681.4574,3625.8088,3652.0000
2015-10-30,3648.8062,3694.5426,3615.0594,3652.7959
2015-11-02,3606.4393,3662.4806,3591.4315,3592.7235
2015-11-03,3601.7778,3619.3282,3568.5995,3581.9018
2015-11-04,3593.9638,3750.4289,3593.9638,3750.4289
2015-11-05,3752.7442,3908.4341,3749.1473,3830.4599
2015-11-06,3822.5736,3929.4160,3818.7700,3920.7959
2015-11-09,3923.9070,4022.5013,3923.9070,3969.3540
2015-11-10,3934.5426,4006.7080,3926.4289,3962.0052
2015-11-11,3957.0543,3972.2067,3908.4341,3962.4289
2015-11-12,3970.7907,3973.0233,3897.9535,3922.8114
2015-11-13,3882.3773,3921.1473,3852.7959,3872.0827
2015-11-16,3806.4393,3890.8630,3803.6899,3890.5736
2015-11-17,3917.7571,3982.1912,3876.1344,3884.6408
2015-11-18,3886.7804,3898.5530,3830.8114,3840.3928
2015-11-19,3850.7700,3902.0465,3839.4522,3901.7778
2015-11-20,3905.8191,3920.9716,3883.2351,3901.1680
2015-11-23,3901.2300,3930.5943,3869.1576,3879.4212
2015-11-24,3871.5866,3880.2791,3827.1214,3879.9897
2015-11-25,3873.6537,3908.8992,3861.2093,3908.6408
2015-11-26,3922.7390,3933.6848,3883.0181,3885.7158
2015-11-27,3864.7028,3868.4651,3653.1163,3676.4755
2015-11-30,3674.3049,3708.4961,3571.1318,3686.2119
2015-12-01,3681.9845,3738.8217,3654.9044,3712.3514
2015-12-02,3708.2791,3851.0078,3693.4367,3846.9767
2015-12-03,3834.1602,3884.7028,3817.1990,3875.2455
2015-12-04,3844.6822,3851.2868,3790.4806,3801.1266
2015-12-07,3805.2506,3823.6072,3781.4780,3811.4832
2015-12-08,3792.0827,3792.0827,3741.0233,3744.7235
2015-12-09,3734.8010,3777.9432,3732.8062,3758.0775
2015-12-10,3756.4548,3801.8811,3737.4574,3744.7855
2015-12-11,3726.4806,3752.7028,3698.3463,3729.2610
2015-12-14,3693.9328,3837.2093,3690.9561,3835.9897
2015-12-15,3832.2791,3842.2326,3802.8217,3818.4910
2015-12-16,3828.3721,3837.8191,3800.9819,3809.2403
2015-12-17,3837.4987,3895.4419,3834.4703,3882.0568
2015-12-18,3881.0956,3938.2119,3876.9302,3894.4806
2015-12-21,3888.4755,4008.0827,3886.2946,3995.8243
2015-12-22,4002.1705,4010.8217,3970.6357,4006.9561
2015-12-23,4008.1344,4058.5943,3992.7235,3996.2584
2015-12-24,3987.7313,3997.6021,3914.2946,3958.0362
2015-12-25,3960.8062,3977.2817,3941.2920,3967.1318
2015-12-28,3976.7752,3982.8320,3852.8475,3852.8475
2015-12-29,3848.1137,3888.4238,3835.1214,3888.2377
2015-12-30,3889.3127,3892.1550,3851.4522,3891.6589
2015-12-31,3887.2351,3899.3488,3852.5271,3856.3307
2016-01-04,3851.0181,3851.4109,3585.4780,3585.6021
2016-01-05,3495.7933,3636.4031,3490.7287,3595.6382
2016-01-06,3599.3902,3662.7804,3584.9819,3658.7183
2016-01-07,3598.0879,3598.0879,3395.0801,3405.0439
2016-01-08,3485.1370,3533.6951,3346.6977,3474.4806
2016-01-11,3414.0775,3454.7597,3299.6899,3299.6899
2016-01-12,3322.8114,3351.1628,3281.1886,3323.7313
2016-01-13,3349.3333,3366.7183,3261.8915,3261.8915
2016-01-14,3179.9897,3335.0491,3175.2351,3329.7881
2016-01-15,3308.4134,3324.8579,3205.2196,3223.4935
2016-01-18,3171.2972,3271.9587,3169.7468,3235.8966
2016-01-19,3237.9328,3336.3411,3224.0000,3331.4005
2016-01-20,3311.8553,3334.3152,3260.3928,3281.0129
2016-01-21,3241.7364,3310.1189,3184.8579,3184.8579
2016-01-22,3219.5349,3237.3850,3156.5478,3218.0465
2016-01-25,3234.1395,3255.1214,3209.4057,3233.9948
2016-01-26,3203.7209,3210.8837,3033.2300,3039.2868
2016-01-27,3052.3824,3063.0904,2934.6667,3028.7855
2016-01-28,3007.0594,3040.7132,2937.3023,2949.6227
2016-01-29,2951.5245,3064.9199,2950.2532,3045.0543
2016-02-01,3037.7674,3043.4315,2965.9535,2998.5013
2016-02-02,2998.9974,3072.2791,2998.9767,3060.8062
2016-02-03,3029.7571,3053.9638,3007.6486,3047.6899
2016-02-04,3059.7726,3099.9587,3059.6486,3085.0233
2016-02-05,3082.2326,3088.7442,3062.3773,3063.3488
2016-02-15,2985.4574,3060.9716,2982.9664,3045.6951
2016-02-16,3061.6951,3144.2791,3061.6951,3139.0594
2016-02-17,3136.0103,3168.7649,3128.7339,3166.2222
2016-02-18,3182.9767,3197.4264,3152.2894,3156.2791
2016-02-19,3150.3256,3168.9612,3134.5013,3154.0982
2016-02-22,3187.5245,3233.2920,3174.5013,3223.6382
2016-02-23,3221.9121,3224.0000,3164.2687,3193.1370
2016-02-24,3180.9922,3214.0052,3157.8811,3214.0052
2016-02-25,3208.6925,3208.7235,3003.0594,3016.7959
2016-02-26,3040.9302,3063.9690,3000.4651,3047.0594
2016-02-29,3038.3256,3038.6253,2915.9793,2974.1292
2016-03-01,2978.1292,3049.5504,2959.5039,3029.1370
2016-03-02,3032.4755,3157.3333,3031.6486,3153.8295
2016-03-03,3152.8579,3181.8501,3142.3773,3161.1576
2016-03-04,3149.9121,3205.8501,3134.2842,3197.8191
2016-03-07,3213.4367,3236.0724,3187.1628,3209.1370
2016-03-08,3204.2894,3213.6951,3102.6667,3212.0620
2016-03-09,3148.2377,3176.1447,3121.5814,3175.1008
2016-03-10,3158.8734,3177.4264,3113.8915,3114.3669
2016-03-11,3090.6563,3128.1034,3082.3463,3119.6693
2016-03-14,3141.6744,3211.1628,3135.9173,3168.6718
2016-03-15,3164.1757,3180.4444,3130.3152,3178.0672
2016-03-16,3171.9587,3204.4961,3167.4625,3193.8295
2016-03-17,3200.8372,3253.5814,3180.9509,3229.1473
2016-03-18,3241.5711,3305.0853,3235.2455,3278.5116
2016-03-21,3310.8941,3377.5504,3305.7984,3358.5943
2016-03-22,3340.1654,3358.8424,3326.8527,3334.1499
2016-03-23,3325.8191,3351.1628,3310.5736,3344.7959
2016-03-24,3319.3798,3330.1395,3288.6925,3288.7339
2016-03-25,3283.5245,3312.0827,3280.9509,3305.2403
2016-03-28,3314.6770,3338.1085,3268.0930,3276.2067
2016-03-29,3277.8398,3284.8269,3227.6589,3240.7339
2016-03-30,3267.4832,3324.7339,3267.4832,3324.3204
2016-03-31,3337.6744,3350.8320,3316.4444,3326.1912
2016-04-01,3321.6227,3330.8630,3272.2067,3330.1189
2016-04-05,3319.1731,3381.8398,3312.8786,3374.1499
2016-04-06,3359.7106,3377.4057,3344.9096,3366.9561
2016-04-07,3376.0103,3380.6925,3316.4238,3317.0956
2016-04-08,3297.0026,3305.1886,3269.5711,3292.7442
2016-04-11,3321.4574,3360.7959,3321.4574,3338.6047
2016-04-12,3335.7829,3340.8372,3306.3566,3326.5633
2016-04-13,3346.6253,3407.2558,3346.6253,3370.9354
2016-04-14,3387.1835,3396.4548,3361.2920,3385.8708
2016-04-15,3390.0362,3393.2610,3371.2972,3382.1292
2016-04-18,3361.9328,3361.9328,3329.8811,3336.8992
2016-04-19,3352.9406,3359.9276,3329.7984,3347.0801
2016-04-20,3353.1163,3357.5401,3211.7519,3287.8863
2016-04-21,3266.9767,3306.0052,3256.7855,3266.7700
2016-04-22,3248.1240,3282.0465,3243.4005,3281.5504
2016-04-25,3271.0491,3278.8320,3242.4910,3268.2481
2016-04-26,3265.9121,3287.9587,3256.2274,3285.9535
2016-04-27,3288.8165,3295.9483,3268.9302,3272.2687
2016-04-28,3275.7933,3281.4160,3240.9716,3266.7494
2016-04-29,3259.4729,3277.8191,3255.1938,3262.7907
2016-05-03,3265.9638,3326.6047,3257.2610,3321.4884
2016-05-04,3311.0801,3331.1421,3305.7261,3317.2713
2016-05-05,3311.8036,3325.3540,3303.9483,3321.8811
2016-05-06,3321.0749,3324.9509,3235.2972,3235.5039
2016-05-09,3220.0827,3220.0827,3157.6331,3168.5995
2016-05-10,3157.8398,3188.3411,3157.8088,3172.2067
2016-05-11,3184.1240,3207.1111,3165.9845,3186.3669
2016-05-12,3162.1499,3199.3282,3136.9716,3193.9432
2016-05-13,3185.1990,3207.3385,3167.6382,3178.2326
2016-05-16,3167.4729,3199.5452,3156.2377,3199.2868
2016-05-17,3199.5039,3209.5090,3176.7028,3189.6848
2016-05-18,3174.7080,3175.8243,3141.5607,3171.1008
2016-05-19,3163.1421,3190.6770,3160.8786,3165.3747
2016-05-20,3150.1602,3181.9432,3143.6899,3181.6227
2016-05-23,3181.9328,3202.5633,3179.8450,3190.9251
2016-05-24,3186.8114,3186.8320,3155.1318,3166.4703
2016-05-25,3183.2041,3192.8682,3157.4884,3161.9948
2016-05-26,3159.2765,3175.7313,3129.1370,3167.1421
2016-05-27,3162.5116,3177.0129,3154.7080,3165.3747
2016-05-30,3158.9767,3178.5633,3139.7003,3169.7261
2016-05-31,3171.6796,3277.4470,3171.6796,3276.0310
2016-06-01,3279.5452,3288.6718,3265.9638,3266.7183
2016-06-02,3264.1137,3275.2661,3256.9199,3273.4884
2016-06-03,3279.5349,3309.3023,3268.3101,3296.4651
2016-06-06,3300.0310,3304.6202,3274.9871,3285.5711
2016-06-07,3289.3437,3293.6641,3274.6047,3283.7726
2016-06-08,3278.3566,3281.6227,3254.1085,3270.2739
2016-06-13,3239.3282,3251.2765,3168.7545,3169.3437
2016-06-14,3161.1783,3182.1705,3158.3049,3179.3075
2016-06-15,3146.2119,3233.7674,3144.4238,3221.0543
2016-06-16,3208.6408,3217.0336,3193.2610,3198.6253
2016-06-17,3200.0930,3236.2274,3200.0930,3214.8424
2016-06-20,3219.5452,3223.4935,3193.4987,3217.2300
2016-06-21,3229.8708,3261.4884,3202.0052,3210.6667
2016-06-22,3204.5995,3239.3385,3201.0233,3239.2351
2016-06-23,3234.8527,3234.8527,3206.6977,3222.0362
2016-06-24,3215.1421,3235.7003,3135.8863,3180.5271
2016-06-27,3168.0930,3225.4677,3167.9276,3225.3643
2016-06-28,3211.7829,3244.8889,3203.8243,3241.7571
2016-06-29,3248.0413,3264.1654,3244.5788,3257.2506
2016-06-30,3258.7390,3269.9948,3253.9535,3259.8656
2016-07-01,3262.9767,3276.7545,3254.0465,3260.1550
2016-07-04,3241.7468,3318.4496,3239.2972,3312.3514
2016-07-05,3306.6253,3324.7545,3305.4264,3315.1214
2016-07-06,3305.0336,3325.6021,3290.3876,3324.8579
2016-07-07,3314.2636,3328.7235,3297.2817,3317.7778
2016-07-08,3307.2351,3312.5891,3290.9147,3299.5142
2016-07-11,3306.5013,3344.6615,3305.0439,3310.9354
2016-07-12,3309.4677,3383.4315,3307.8036,3383.1318
2016-07-13,3384.0000,3411.8760,3381.6848,3393.1473
2016-07-14,3387.5762,3392.1964,3368.5478,3386.8320
2016-07-15,3388.9819,3395.3798,3374.9767,3386.3359
2016-07-18,3379.5452,3391.8760,3361.0026,3371.5969
2016-07-19,3369.9535,3374.3979,3334.5736,3357.3437
2016-07-20,3355.9276,3363.8346,3340.8372,3346.3669
2016-07-21,3347.1214,3381.2610,3347.0801,3361.7778
2016-07-22,3360.4548,3363.0698,3329.0853,3333.4987
2016-07-25,3328.3411,3352.7545,3326.2429,3339.4212
2016-07-26,3336.6718,3379.5866,3336.4444,3379.4212
2016-07-27,3379.9276,3386.5736,3263.4729,3326.3463
2016-07-28,3312.1034,3344.4755,3302.6047,3329.3437
2016-07-29,3325.2610,3333.7674,3306.1292,3311.5556
2016-08-01,3303.8036,3307.4729,3262.7907,3283.5245
2016-08-02,3280.3721,3296.1757,3271.8760,3296.1757
2016-08-03,3286.4910,3304.5581,3280.1447,3300.7855
2016-08-04,3297.7261,3309.0956,3276.9199,3308.8269
2016-08-05,3308.8889,3333.1990,3300.1137,3312.7752
2016-08-08,3307.0491,3343.1318,3294.3152,3342.8217
2016-08-09,3341.1886,3366.7494,3337.6434,3366.3876
2016-08-10,3364.5271,3371.4315,3351.6796,3352.2894
2016-08-11,3348.3824,3384.0103,3341.1990,3341.9742
2016-08-12,3340.3721,3404.8889,3339.6796,3404.8889
2016-08-15,3414.4393,3532.7235,3413.3127,3507.4109
2016-08-16,3517.7054,3533.5297,3485.2920,3491.7313
2016-08-17,3491.2351,3508.4134,3469.6848,3486.3566
2016-08-18,3483.1525,3508.8269,3462.2119,3477.5090
2016-08-19,3471.3798,3487.3902,3453.4264,3478.0568
2016-08-22,3477.7054,3486.1292,3447.5142,3448.8786
2016-08-23,3444.5685,3472.5065,3436.6512,3454.0879
2016-08-24,3454.1912,3460.5995,3435.3798,3441.7158
2016-08-25,3425.4057,3426.4393,3389.9845,3420.1240
2016-08-26,3423.7726,3440.7752,3412.6512,3418.1809
2016-08-29,3417.6434,3426.4393,3407.8243,3418.8941
2016-08-30,3421.5194,3436.8165,3415.6072,3423.2455
2016-08-31,3421.7778,3445.9638,3415.6693,3439.5762
2016-09-01,3438.4910,3441.1886,3412.1034,3412.4858
2016-09-02,3409.5297,3431.9690,3406.4703,3425.4367
2016-09-05,3432.5685,3450.5633,3425.9742,3431.1938
2016-09-06,3433.6124,3460.4134,3410.9871,3454.9147
2016-09-07,3456.4031,3470.1395,3449.8708,3453.0439
2016-09-08,3450.1395,3455.7106,3440.0310,3451.7416
2016-09-09,3451.5452,3457.3127,3429.4987,3429.4987
2016-09-12,3381.7778,3386.7907,3343.2248,3372.1964
2016-09-13,3375.0284,3379.0388,3355.4419,3369.8501
2016-09-14,3354.7700,3364.3411,3339.8863,3347.5245
2016-09-19,3351.6693,3374.5736,3351.6693,3372.7339
2016-09-20,3374.3256,3374.7183,3361.6434,3366.8217
2016-09-21,3367.1421,3380.7752,3363.6382,3376.3721
2016-09-22,3391.7003,3414.1602,3388.0930,3401.6744
2016-09-23,3402.8734,3404.5685,3385.0439,3385.7054
2016-09-26,3377.4574,3377.4574,3328.4548,3328.4548
2016-09-27,3322.8630,3349.6434,3322.4186,3349.6124
2016-09-28,3352.6098,3352.6098,3336.4341,3339.4212
2016-09-29,3343.5245,3367.2041,3343.4625,3353.3747
2016-09-30,3349.0233,3370.4806,3347.8450,3362.5633
2016-10-10,3375.0491,3405.3127,3368.4341,3404.5168
2016-10-11,3407.6176,3419.1214,3403.4935,3417.6331
2016-10-12,3409.9638,3413.4987,3400.2584,3410.8630
2016-10-13,3409.9845,3418.5116,3402.9974,3413.5917
2016-10-14,3409.5401,3417.7674,3396.1034,3416.8992
2016-10-17,3417.0129,3420.1654,3381.4367,3387.9897
2016-10-18,3382.6150,3432.8992,3382.6150,3432.8992
2016-10-19,3434.9354,3444.4651,3421.0129,3427.6382
2016-10-20,3428.6098,3436.5891,3423.4315,3430.0775
2016-10-21,3427.1008,3453.8088,3420.3411,3439.5245
2016-10-24,3444.4548,3496.4651,3442.8630,3480.7028
2016-10-25,3480.5995,3487.2455,3469.3437,3480.5685
2016-10-26,3478.2429,3480.9612,3462.0879,3467.4935
2016-10-27,3464.0413,3464.9612,3447.1628,3458.0879
2016-10-28,3459.5762,3483.9793,3449.3953,3452.3307
2016-10-31,3444.3514,3452.6822,3428.7649,3448.3514
2016-11-01,3450.8630,3472.2377,3446.4703,3471.8863
2016-11-02,3463.2661,3469.1473,3443.2868,3445.3230
2016-11-03,3438.6563,3493.5297,3436.5271,3478.1292
2016-11-04,3475.1525,3491.1008,3460.9096,3466.8424
2016-11-07,3466.0879,3475.7003,3454.5840,3469.3437
2016-11-08,3480.8269,3497.5917,3474.0362,3484.3618
2016-11-09,3483.8243,3486.4083,3433.6744,3465.6848
2016-11-10,3488.2791,3517.3333,3488.2791,3504.5065
2016-11-11,3501.7571,3537.6434,3496.5271,3532.0103
2016-11-14,3523.7416,3568.5995,3522.6253,3545.4780
2016-11-15,3544.0517,3550.3049,3530.7390,3545.0853
2016-11-16,3547.7313,3551.0491,3534.0982,3544.7959
2016-11-17,3538.4703,3553.1473,3527.5245,3551.9793
2016-11-18,3552.9612,3558.7804,3527.9276,3532.2584
2016-11-21,3527.2868,3579.4729,3526.6977,3556.7028
2016-11-22,3558.8837,3585.7571,3558.8837,3584.8682
2016-11-23,3590.5840,3610.2946,3582.1809,3591.4522
2016-11-24,3585.3333,3626.0052,3583.4729,3605.9328
2016-11-25,3607.2765,3639.5866,3580.3101,3639.5866
2016-11-28,3657.5504,3672.7235,3646.8424,3653.8295
2016-11-29,3644.3411,3704.1034,3639.6693,3683.7623
2016-11-30,3677.1473,3686.8941,3645.4987,3656.8475
2016-12-01,3663.0078,3696.0930,3662.2739,3684.7959
2016-12-02,3679.3488,3682.2222,3634.9251,3647.4935
2016-12-05,3590.3773,3614.3463,3573.4780,3585.9535
2016-12-06,3582.6770,3594.4083,3572.9302,3575.3488
2016-12-07,3574.5426,3592.5065,3561.5090,3592.5065
2016-12-08,3598.7700,3601.3850,3582.9561,3586.7080
2016-12-09,3581.2610,3625.7674,3578.0465,3611.0594
2016-12-12,3606.4806,3613.2300,3515.0284,3523.7003
2016-12-13,3508.2274,3530.9664,3483.8243,3519.4212
2016-12-14,3513.6021,3526.9044,3491.7519,3492.4548
2016-12-15,3476.8579,3491.5142,3438.9044,3452.6408
2016-12-16,3447.4005,3469.0336,3442.3669,3458.4289
2016-12-19,3454.6150,3457.2196,3436.6925,3440.8062
2016-12-20,3440.1034,3440.9302,3399.7623,3420.2171
2016-12-21,3425.0646,3454.7597,3425.0646,3450.6873
2016-12-22,3447.1525,3452.5685,3434.3359,3447.7209
2016-12-23,3445.3747,3446.9147,3411.7623,3418.7080
2016-12-26,3403.8450,3434.0258,3376.7959,3434.0052
2016-12-27,3430.7080,3442.0982,3427.2145,3427.7933
2016-12-28,3427.1318,3432.0930,3403.7933,3412.8062
2016-12-29,3407.7933,3423.3695,3398.5530,3408.5375
2016-12-30,3413.5401,3424.8579,3406.4599,3421.2713
2017-01-03,3425.2713,3457.6331,3425.2713,3454.5013
2017-01-04,3452.7752,3482.7597,3450.2842,3481.4574
2017-01-05,3481.4884,3486.7287,3474.3773,3480.9199
2017-01-06,3479.9483,3482.0362,3459.3178,3460.1240
2017-01-09,3458.1395,3479.2972,3456.6925,3476.8992
2017-01-10,3474.5633,3483.7313,3466.7597,3471.0801
2017-01-11,3468.5271,3479.7209,3446.3049,3446.5116
2017-01-12,3444.6408,3455.4315,3427.3488,3429.0646
2017-01-13,3429.4160,3450.3049,3420.5375,3431.4315
2017-01-16,3425.4780,3434.3979,3373.8605,3430.9561
2017-01-17,3416.6408,3439.1525,3402.7907,3438.0982
2017-01-18,3434.9767,3463.5245,3431.9483,3451.5452
2017-01-19,3442.8424,3458.9147,3436.3618,3441.1266
2017-01-20,3438.7390,3471.2248,3438.1085,3467.5866
2017-01-23,3471.8863,3492.2377,3468.5788,3477.0853
2017-01-24,3476.1137,3484.5685,3468.6305,3477.4677
2017-01-25,3474.5840,3489.8605,3469.9948,3489.3023
2017-01-26,3491.7416,3509.9535,3491.7416,3501.7674
2017-02-03,3504.8372,3506.4393,3475.5245,3477.5090
2017-02-06,3481.2506,3494.9147,3471.5762,3486.5220
2017-02-07,3485.0336,3490.1395,3467.3178,3478.7390
2017-02-08,3474.7080,3497.3540,3459.8760,3496.9406
2017-02-09,3495.5039,3521.0233,3493.3230,3510.3773
2017-02-10,3512.4755,3537.2920,3512.1757,3528.1550
2017-02-13,3531.7003,3555.0801,3531.6486,3551.7106
2017-02-14,3554.0155,3556.2481,3539.4315,3551.2145
2017-02-15,3550.7907,3563.8553,3531.8656,3536.6512
2017-02-16,3536.7752,3556.5168,3533.1783,3556.5168
2017-02-17,3559.2972,3573.7054,3534.4806,3536.3721
2017-02-20,3536.5788,3589.2506,3536.5788,3588.0000
2017-02-21,3591.7933,3607.3282,3588.6512,3599.8140
2017-02-22,3600.2067,3607.1835,3590.2016,3606.9871
2017-02-23,3604.7235,3610.2946,3576.3514,3589.9948
2017-02-24,3585.4884,3590.5426,3571.3178,3590.5426
2017-02-27,3587.7313,3589.4987,3556.9922,3561.9845
2017-02-28,3560.7545,3577.1680,3556.9612,3568.7959
2017-03-01,3568.1757,3589.3540,3564.9716,3574.6150
2017-03-02,3579.8243,3584.9819,3549.3540,3550.4910
2017-03-03,3539.7003,3544.0620,3527.4729,3543.0078
2017-03-06,3542.3773,3564.8889,3540.9819,3562.2532
2017-03-07,3561.9225,3570.0672,3555.6176,3569.9845
2017-03-08,3568.1654,3573.1680,3556.8579,3564.5788
2017-03-09,3558.5530,3558.7080,3529.3850,3542.0568
2017-03-10,3538.9974,3551.6693,3538.9561,3543.0388
2017-03-13,3540.7442,3574.2636,3527.3282,3574.2636
2017-03-14,3572.7752,3581.7984,3564.7545,3572.8062
2017-03-15,3568.1757,3580.2791,3561.0026,3579.9897
2017-03-16,3588.9096,3609.4367,3588.9096,3598.4599
2017-03-17,3602.3876,3605.6848,3557.0749,3561.5607
2017-03-20,3564.9096,3570.0879,3545.0439,3565.4884
2017-03-21,3565.6537,3583.1525,3561.3850,3582.7907
2017-03-22,3566.6667,3580.7028,3548.8372,3565.9432
2017-03-23,3568.3824,3587.4109,3551.1008,3578.2739
2017-03-24,3580.5685,3616.8682,3577.3747,3606.8217
2017-03-27,3605.9535,3623.7519,3591.2351,3594.8734
2017-03-28,3597.1576,3599.2661,3577.7468,3586.3669
2017-03-29,3589.6331,3600.0620,3571.6279,3581.5917
2017-03-30,3577.9018,3583.7726,3537.3333,3552.2067
2017-03-31,3550.2016,3572.4134,3546.0672,3572.1447
2017-04-05,3593.1990,3622.2636,3591.8863,3621.5917
2017-04-06,3625.8295,3635.9483,3613.1473,3632.0930
2017-04-07,3632.5065,3645.2920,3624.1757,3635.6176
2017-04-10,3637.6848,3641.1370,3619.7209,3622.8837
2017-04-11,3621.5297,3638.3773,3582.5736,3635.4832
2017-04-12,3632.6305,3641.4470,3615.5039,3627.3282
2017-04-13,3617.8605,3636.6305,3614.0258,3632.6305
2017-04-14,3634.9457,3635.6279,3593.7468,3603.6176
2017-04-17,3592.4961,3597.4884,3569.6951,3596.8372
2017-04-18,3591.6176,3606.2842,3578.9457,3579.0594
2017-04-19,3568.9819,3575.5556,3533.3437,3561.6331
2017-04-20,3560.2274,3582.0258,3556.2997,3577.8295
2017-04-21,3577.6641,3592.3101,3565.4160,3583.2455
2017-04-24,3574.3979,3574.3979,3518.3256,3546.5220
2017-04-25,3542.8734,3565.5504,3537.6227,3556.5581
2017-04-26,3555.8140,3583.0181,3554.6770,3560.9096
2017-04-27,3550.4910,3565.1370,3513.7364,3562.5013
2017-04-28,3555.1111,3555.4522,3532.0310,3555.2972
2017-05-02,3543.0698,3551.7416,3533.5090,3541.6848
2017-05-03,3536.7028,3547.5142,3517.3953,3527.7829
2017-05-04,3519.3178,3536.3307,3505.1990,3518.7494
2017-05-05,3507.4729,3509.5090,3479.6486,3496.1757
2017-05-08,3482.2842,3487.5039,3451.7519,3471.6382
2017-05-09,3454.8837,3470.8527,3439.3695,3465.1473
2017-05-10,3463.2041,3482.6150,3448.0620,3449.8191
2017-05-11,3434.5736,3472.4548,3424.1757,3469.4057
2017-05-12,3463.5039,3501.0543,3461.6744,3499.1008
2017-05-15,3505.5194,3521.0129,3505.5194,3513.3747
2017-05-16,3504.8372,3544.0310,3486.8734,3543.8243
2017-05-17,3538.1809,3549.3230,3522.6357,3524.5168
2017-05-18,3501.4677,3524.4755,3497.6124,3512.2584
2017-05-19,3509.2817,3520.3514,3506.3359,3518.1912
2017-05-22,3514.8217,3539.2041,3505.0853,3525.8295
2017-05-23,3519.4109,3550.1499,3515.7933,3539.2145
2017-05-24,3524.2584,3539.1938,3497.5607,3539.1938
2017-05-25,3529.0956,3607.6693,3527.8760,3602.7494
2017-05-26,3596.5065,3615.8243,3589.7054,3597.3437
2017-05-31,3612.4755,3633.1576,3591.6486,3610.2119
2017-06-01,3602.2946,3617.3747,3593.2093,3615.2351
2017-06-02,3608.8786,3615.6279,3586.7700,3603.6279
2017-06-05,3597.0749,3601.1576,3578.6150,3585.2713
2017-06-06,3580.7545,3610.2119,3576.6925,3610.2119
2017-06-07,3611.2455,3655.9070,3608.4031,3652.5788
2017-06-08,3649.8605,3681.9328,3646.6977,3680.5995
2017-06-09,3680.8682,3711.5142,3680.2377,3696.2997
2017-06-12,3690.1499,3724.7442,3685.6848,3694.4599
2017-06-13,3689.0543,3704.8165,3678.7700,3702.6047
2017-06-14,3691.2145,3691.2145,3648.8579,3654.0568
2017-06-15,3649.3540,3661.2713,3626.8217,3647.3282
2017-06-16,3641.3127,3654.9251,3632.4444,3636.9612
2017-06-19,3638.3049,3674.3256,3638.3049,3673.0439
2017-06-20,3680.4031,3683.4109,3658.4083,3665.6227
2017-06-21,3686.9561,3708.5168,3664.6718,3708.4858
2017-06-22,3703.9380,3757.6537,3701.6434,3710.9457
2017-06-23,3703.8140,3744.9509,3689.2196,3744.5788
2017-06-26,3748.8579,3795.2868,3748.8579,3791.3075
2017-06-27,3788.7132,3800.0310,3771.3282,3798.1602
2017-06-28,3787.2455,3795.5452,3766.4393,3768.6512
2017-06-29,3771.8346,3792.3824,3767.1628,3792.0724
2017-06-30,3777.4987,3793.0336,3768.7132,3789.9742
2017-07-03,3790.4186,3790.8010,3755.8450,3773.4884
2017-07-04,3769.3333,3769.3540,3733.0129,3741.5814
2017-07-05,3733.2300,3783.7003,3731.7416,3782.6150
2017-07-06,3777.3230,3789.9432,3751.4832,3783.0491
2017-07-07,3770.1705,3779.9587,3753.8708,3778.7390
2017-07-10,3770.4806,3791.0594,3763.8553,3776.4238
2017-07-11,3769.3850,3825.5401,3768.4651,3794.1189
2017-07-12,3796.0000,3815.5866,3762.8837,3781.7261
2017-07-13,3779.1731,3814.4496,3775.2661,3810.7700
2017-07-14,3806.3256,3827.4832,3796.1137,3827.4832
2017-07-17,3824.9302,3841.3127,3743.0181,3786.6253
2017-07-18,3771.0491,3790.7390,3743.7106,3790.3669
2017-07-19,3783.8450,3856.3824,3781.0853,3855.0388
2017-07-20,3850.2739,3876.1654,3848.1344,3873.7778
2017-07-21,3863.7519,3877.7158,3847.1008,3853.8501
2017-07-24,3849.4884,3881.3333,3844.8062,3869.2196
2017-07-25,3868.3618,3878.2016,3838.0155,3844.5065
2017-07-26,3847.9380,3864.1137,3807.9380,3829.8605
2017-07-27,3825.1783,3841.5401,3795.8656,3836.8889
2017-07-28,3827.8966,3850.6873,3820.9612,3846.9147
2017-07-31,3847.4729,3872.3721,3838.4083,3863.4315
2017-08-01,3864.3307,3897.0543,3862.6357,3897.0336
2017-08-02,3894.7700,3911.4729,3885.5607,3887.1835
2017-08-03,3881.2506,3892.8682,3843.3488,3853.0543
2017-08-04,3849.8398,3864.3204,3831.5245,3832.1240
2017-08-07,3825.5504,3856.1034,3813.9121,3851.9793
2017-08-08,3849.4367,3862.8734,3843.7313,3857.5814
2017-08-09,3853.2610,3864.5995,3838.3152,3856.3721
2017-08-10,3850.0879,3872.7235,3812.0724,3840.7442
2017-08-11,3811.8140,3824.7959,3767.5349,3769.8708
2017-08-14,3774.0362,3822.6047,3774.0362,3818.7907
2017-08-15,3819.9276,3844.2274,3816.3101,3830.5530
2017-08-16,3825.4574,3831.6693,3803.3385,3825.7571
2017-08-17,3831.5969,3847.6693,3828.8475,3846.2842
2017-08-18,3831.7209,3858.9044,3824.7132,3849.7881
2017-08-21,3857.1990,3870.0362,3853.8708,3866.6563
2017-08-22,3871.5762,3884.5375,3860.0103,3878.3463
2017-08-23,3873.4987,3899.1835,3867.4109,3882.2636
2017-08-24,3882.0568,3892.2067,3854.3566,3860.1034
2017-08-25,3861.7984,3923.4832,3861.7984,3923.2558
2017-08-28,3933.4987,3996.8372,3933.4987,3971.7933
2017-08-29,3968.1447,3977.1886,3954.2739,3963.3488
2017-08-30,3963.0698,3984.1964,3956.4444,3963.1008
2017-08-31,3964.6925,3969.1990,3928.5685,3950.4806
2017-09-01,3953.8398,3972.7339,3946.4186,3959.2145
2017-09-04,3957.1473,3976.3204,3941.6537,3974.8010
2017-09-05,3974.7287,3995.1318,3971.0078,3986.6150
2017-09-06,3975.9690,3987.8553,3960.0827,3978.7597
2017-09-07,3981.0749,3987.7623,3957.4574,3958.5220
2017-09-08,3958.7287,3972.1137,3942.0982,3954.5116
2017-09-11,3956.9406,3980.0930,3945.7468,3954.1602
2017-09-12,3960.9716,3978.6977,3950.3876,3966.8527
2017-09-13,3964.3928,3977.0336,3951.3592,3971.6899
2017-09-14,3972.6822,3983.9690,3948.4134,3958.6150
2017-09-15,3954.6667,3972.4031,3946.7907,3960.0000
2017-09-18,3961.7158,3992.1034,3961.7158,3972.2377
2017-09-19,3979.2041,3986.8734,3948.6202,3960.8475
2017-09-20,3958.8114,3980.2997,3956.4755,3971.5142
2017-09-21,3972.3618,3990.4910,3966.2842,3966.7390
2017-09-22,3954.9974,3971.3178,3945.0336,3966.6460
2017-09-25,3957.8501,3964.2274,3939.1421,3946.0362
2017-09-26,3938.3256,3950.0672,3936.3101,3949.1266
2017-09-27,3947.2455,3961.3127,3947.0904,3949.5607
2017-09-28,3949.9638,3955.8966,3941.8605,3950.9457
2017-09-29,3953.6951,3981.6227,3953.6951,3965.3747
2017-10-09,4041.4574,4050.4806,4006.2326,4012.6202
2017-10-10,4013.4367,4031.7726,3984.9819,4020.5271
2017-10-11,4017.3850,4044.5168,4016.0207,4033.7881
2017-10-12,4033.0956,4049.0336,4028.4755,4044.3928
2017-10-13,4044.4238,4059.0904,4040.1964,4052.7132
2017-10-16,4058.1705,4080.0207,4044.7752,4044.9096
2017-10-17,4042.1602,4056.4444,4031.5039,4044.5168
2017-10-18,4046.3256,4076.9096,4046.3256,4076.6512
2017-10-19,4072.9509,4076.5168,4055.4522,4063.3075
2017-10-20,4050.1602,4060.9406,4041.5504,4058.7597
2017-10-23,4062.9354,4068.4961,4052.3618,4062.8424
2017-10-24,4058.1189,4092.5065,4053.7778,4092.4031
2017-10-25,4091.1318,4111.7209,4086.8217,4110.5426
2017-10-26,4113.7468,4148.4238,4107.0284,4127.7313
2017-10-27,4126.6667,4159.6486,4125.4264,4157.0749
2017-10-30,4157.2713,4168.8269,4093.3023,4144.4134
2017-10-31,4129.6021,4143.9587,4117.0646,4141.3127
2017-11-01,4142.5426,4167.9173,4125.3953,4130.8734
2017-11-02,4128.2584,4133.5711,4104.7855,4131.4005
2017-11-03,4126.4599,4133.6848,4096.1550,4126.8217
2017-11-06,4123.1835,4156.7339,4108.9509,4155.9587
2017-11-07,4157.5194,4200.7442,4156.4444,4190.4393
2017-11-08,4187.5866,4226.5116,4176.3101,4183.9897
2017-11-09,4178.8837,4213.5504,4174.0568,4212.8165
2017-11-10,4207.0078,4254.9974,4204.2997,4250.0362
2017-11-13,4253.7984,4276.6408,4253.7984,4266.7390
2017-11-14,4267.9793,4272.4031,4224.1757,4237.0543
2017-11-15,4221.4057,4240.6305,4191.9587,4210.5116
2017-11-16,4199.9897,4245.6021,4198.7287,4242.9044
2017-11-17,4231.6072,4260.8579,4218.4703,4259.2765
2017-11-20,4231.2455,4283.7313,4197.3747,4283.0284
2017-11-21,4270.6460,4362.0258,4268.7132,4359.3798
2017-11-22,4370.4083,4403.7623,4331.9380,4369.5814
2017-11-23,4354.9147,4355.7519,4224.1860,4240.2067
2017-11-24,4226.8424,4254.8734,4193.7881,4242.0672
2017-11-27,4226.2842,4226.2842,4172.7649,4185.9948
2017-11-28,4169.7261,4192.7442,4145.0129,4192.0620
2017-11-29,4197.7778,4205.9328,4139.2145,4189.9225
2017-11-30,4169.5194,4188.9406,4121.9638,4140.6718
2017-12-01,4138.0465,4162.3876,4118.2222,4132.4444
2017-12-04,4123.0491,4168.4651,4116.0930,4153.8605
2017-12-05,4142.5736,4181.8398,4141.1266,4175.8863
2017-12-06,4162.3979,4167.1835,4097.9948,4150.7183
2017-12-07,4138.0672,4152.9199,4088.8786,4104.4548
2017-12-08,4095.9483,4148.9819,4088.3101,4137.8605
2017-12-11,4141.4780,4206.2016,4139.8140,4206.2016
2017-12-12,4205.1783,4206.8734,4150.3359,4150.9251
2017-12-13,4148.6615,4188.8269,4139.2661,4186.1395
2017-12-14,4186.9767,4193.9225,4148.6822,4161.3953
2017-12-15,4153.7261,4155.3178,4108.4548,4114.5840
2017-12-18,4117.1059,4142.7080,4101.2196,4119.1628
2017-12-19,4119.7106,4171.1938,4119.7106,4170.8837
2017-12-20,4171.5969,4180.7235,4150.5220,4165.8811
2017-12-21,4158.2222,4217.8605,4149.5090,4204.4961
2017-12-22,4201.4574,4213.7468,4184.4858,4190.8010
2017-12-25,4193.7158,4224.2171,4161.7054,4177.3023
2017-12-26,4176.3514,4193.1370,4150.1809,4189.7881
2017-12-27,4181.1680,4183.7106,4120.6615,4125.2817
2017-12-28,4127.1318,4172.2997,4113.9432,4153.9018
2017-12-29,4158.0155,4178.9561,4147.6693,4166.2532
2018-01-02,4181.0956,4225.0956,4181.0956,4224.7028
2018-01-03,4228.8992,4279.1214,4226.0775,4249.4987
2018-01-04,4252.3204,4276.6305,4243.8140,4267.5039
2018-01-05,4272.1860,4290.7287,4261.7881,4277.7778
2018-01-08,4279.9483,4306.2739,4265.9535,4299.9070
2018-01-09,4297.1990,4332.0724,4293.0233,4330.0258
2018-01-10,4327.8553,4352.5065,4315.3902,4349.1576
2018-01-11,4338.0982,4353.2817,4322.4393,4346.8630
2018-01-12,4346.3979,4369.3953,4340.0827,4366.9251
2018-01-15,4371.9276,4406.1292,4357.9948,4367.1731
2018-01-16,4357.2300,4403.3178,4354.6563,4401.5194
2018-01-17,4404.9406,4427.2248,4372.6512,4390.8217
2018-01-18,4402.4599,4436.8372,4389.3333,4414.9044
2018-01-19,4425.7778,4461.5711,4413.0439,4429.3540
2018-01-22,4420.1344,4484.2171,4419.5349,4482.2739
2018-01-23,4492.9096,4530.8217,4492.8062,4529.8295
2018-01-24,4536.8992,4545.5504,4495.1835,4537.3540
2018-01-25,4529.1783,4539.7416,4481.9018,4511.7106
2018-01-26,4498.4186,4551.2558,4497.6641,4528.4755
2018-01-29,4534.4289,4543.5762,4431.1214,4446.5323
2018-01-30,4430.6770,4453.2403,4394.3876,4399.0698
2018-01-31,4376.3411,4431.8966,4374.9561,4419.5349
2018-02-01,4419.9897,4431.4109,4355.8553,4388.5271
2018-02-02,4355.4935,4415.2558,4322.2532,4414.7080
2018-02-05,4345.6951,4417.7261,4341.2300,4417.7261
2018-02-06,4322.8217,4352.9922,4270.3463,4288.2584
2018-02-07,4347.0181,4354.0775,4184.4134,4186.5633
2018-02-08,4158.0155,4208.4444,4108.1964,4146.8217
2018-02-09,4027.0491,4042.6770,3885.4264,3969.6641
2018-02-12,3975.4729,4039.1111,3956.6615,4020.7752
2018-02-13,4057.4677,4120.9096,4057.4677,4067.8346
2018-02-14,4077.6124,4104.8062,4054.9147,4100.2171
2018-02-22,4156.0413,4195.1318,4144.6202,4188.8682
2018-02-23,4198.1912,4222.4289,4170.7804,4207.8450
2018-02-26,4230.9044,4267.4315,4184.9922,4256.7649
2018-02-27,4259.2972,4259.2972,4187.9173,4195.3282
2018-02-28,4151.7209,4187.8140,4125.7984,4158.8010
2018-03-01,4129.0646,4197.4470,4120.8165,4185.1059
2018-03-02,4149.8191,4180.2791,4141.5401,4151.3798
2018-03-05,4156.7545,4178.6357,4130.0982,4153.0749
2018-03-06,4170.5323,4204.1860,4133.2610,4203.1628
2018-03-07,4200.0000,4227.0801,4163.2455,4172.2481
2018-03-08,4174.6253,4215.2248,4165.0749,4214.5736
2018-03-09,4225.3953,4248.7545,4213.3850,4246.8941
2018-03-12,4269.4677,4278.5840,4250.9251,4266.3256
2018-03-13,4262.8734,4269.0233,4224.8682,4228.6822
2018-03-14,4212.9819,4226.4496,4203.0904,4210.1705
2018-03-15,4195.0491,4236.6822,4195.0491,4233.7571
2018-03-16,4234.5116,4248.1137,4192.0620,4192.6822
2018-03-19,4190.8217,4211.3902,4169.0129,4211.1111
2018-03-20,4181.6434,4217.2506,4176.0310,4214.6770
2018-03-21,4234.6460,4248.1860,4182.1602,4197.4677
2018-03-22,4198.5220,4209.1783,4138.2119,4155.4005
2018-03-23,4027.6382,4060.4755,3963.7623,4036.1137
2018-03-26,3992.4444,4014.3669,3958.5736,4010.2222
2018-03-27,4059.4212,4069.0233,4012.2687,4044.7235
2018-03-28,3994.8837,4038.5323,3964.7339,3971.8036
2018-03-29,3984.0724,4045.4367,3921.7158,4024.8579
2018-03-30,4024.5478,4046.8734,4009.5194,4029.4574
2018-04-02,4027.9173,4069.2713,4013.3230,4017.4884
2018-04-03,3979.4832,4008.4238,3968.9199,3992.2274
2018-04-04,4003.7519,4029.5711,3981.9121,3984.3514
2018-04-09,3981.3437,4000.6925,3955.9793,3982.3566
2018-04-10,3990.4083,4059.3488,3981.1886,4059.0904
2018-04-11,4066.3256,4091.6899,4056.8062,4070.6357
2018-04-12,4067.8760,4070.0568,4027.0594,4029.6021
2018-04-13,4052.4444,4061.9638,3996.0620,4001.1783
2018-04-16,3992.2171,3999.1318,3916.9096,3936.8062
2018-04-17,3940.9509,3951.0388,3871.2558,3874.5633
2018-04-18,3912.4651,3916.9612,3832.6718,3892.7959
2018-04-19,3901.5814,3952.4858,3894.3669,3939.8863
2018-04-20,3928.8992,3943.6072,3876.0724,3887.1835
2018-04-23,3880.8165,3914.6253,3860.6512,3892.8475
2018-04-24,3896.5168,3983.9070,3896.5168,3972.5995
2018-04-25,3953.0646,3967.6382,3945.2506,3957.3127
2018-04-26,3951.8243,3957.3230,3870.6873,3881.6434
2018-04-27,3897.7158,3903.8553,3839.4212,3883.0801
2018-05-02,3896.5685,3914.5220,3870.3359,3890.0775
2018-05-03,3882.3463,3925.0956,3857.7468,3920.4134
2018-05-04,3911.4419,3929.2196,3897.6124,3901.3953
2018-05-07,3909.6021,3963.4005,3902.8734,3962.9871
2018-05-08,3963.4212,4022.8114,3962.5116,4008.9716
2018-05-09,4006.3359,4009.2403,3985.2610,4001.6744
2018-05-10,4013.2713,4025.3127,3997.2196,4023.8346
2018-05-11,4033.2300,4034.4599,4002.0155,4002.9354
2018-05-14,4017.4367,4050.9561,4017.4367,4040.6098
2018-05-15,4051.8243,4056.1654,4023.6899,4055.9173
2018-05-16,4041.1576,4055.1318,4019.8346,4023.6072
2018-05-17,4026.3463,4030.5013,3988.4755,3993.8501
2018-05-18,3989.8295,4034.1705,3970.9561,4034.1705
2018-05-21,4057.4057,4069.7261,4045.0646,4052.9612
2018-05-22,4050.4599,4050.4599,4011.5452,4037.4264
2018-05-23,4029.2196,4029.2196,3984.0620,3984.0620
2018-05-24,3982.7287,3988.7339,3952.3721,3955.7829
2018-05-25,3952.1860,3970.1499,3931.9173,3944.7028
2018-05-28,3944.4548,3975.7623,3926.9457,3962.0258
2018-05-29,3952.6512,3970.8320,3928.3411,3931.7933
2018-05-30,3881.3230,3894.4599,3847.1008,3848.4444
2018-05-31,3875.2455,3932.5995,3868.2481,3930.1085
2018-06-01,3916.9716,3930.2739,3879.9380,3897.2506
2018-06-04,3912.3411,3941.5090,3903.4832,3935.4832
2018-06-05,3939.3178,3974.7390,3928.6098,3974.4910
2018-06-06,3968.6615,3977.6021,3959.5866,3966.2532
2018-06-07,3976.1654,3989.5090,3956.2687,3959.7003
2018-06-08,3947.7519,3947.7623,3885.5504,3906.5840
2018-06-11,3896.8579,3919.9483,3882.6977,3906.9561
2018-06-12,3910.2739,3959.1421,3891.7416,3954.4703
2018-06-13,3942.7597,3945.6848,3909.1163,3915.5969
2018-06-14,3901.4367,3936.0827,3885.5297,3900.1240
2018-06-15,3889.4470,3907.3282,3862.9767,3879.5142
2018-06-19,3827.0491,3837.5401,3703.3798,3742.7597
2018-06-20,3723.5659,3771.9276,3698.3669,3757.5607
2018-06-21,3755.6176,3796.9612,3710.0672,3713.6641
2018-06-22,3687.7416,3730.3152,3661.4574,3730.1292
2018-06-25,3747.5969,3753.0026,3678.5840,3680.0827
2018-06-26,3639.8863,3660.7545,3595.0491,3649.7261
2018-06-27,3643.5452,3656.4961,3557.4057,3575.4625
2018-06-28,3550.3256,3593.8605,3531.7313,3538.5323
2018-06-29,3547.2455,3630.3669,3540.2791,3628.9199
2018-07-02,3622.1809,3624.7028,3497.1576,3522.4393
2018-07-03,3525.0439,3536.9922,3430.7907,3523.8036
2018-07-04,3512.9509,3533.1576,3471.9276,3476.7442
2018-07-05,3478.6047,3512.6512,3442.5943,3454.7183
2018-07-06,3459.4935,3510.3359,3406.4393,3478.1602
2018-07-09,3492.4134,3575.5245,3492.4134,3575.3798
2018-07-10,3581.3023,3590.8424,3552.7339,3584.0000
2018-07-11,3513.1059,3542.7080,3488.5168,3521.9948
2018-07-12,3517.6537,3616.6408,3517.6537,3597.9948
2018-07-13,3605.6848,3617.3230,3591.6382,3610.0155
2018-07-16,3606.1705,3624.0207,3575.9483,3588.7235
2018-07-17,3582.8630,3583.6589,3535.8863,3565.2506
2018-07-18,3572.7235,3596.1344,3545.3850,3546.5840
2018-07-19,3560.5168,3582.9561,3532.7752,3543.5039
2018-07-20,3541.5607,3623.7003,3513.1266,3610.2222
2018-07-23,3588.4858,3646.0258,3581.0336,3644.1860
2018-07-24,3649.2610,3717.3230,3649.2610,3702.0258
2018-07-25,3710.0879,3710.5736,3686.1085,3697.9328
2018-07-26,3703.6899,3714.6460,3647.1731,3655.0388
2018-07-27,3652.4755,3664.5065,3630.6977,3639.5142
2018-07-30,3639.1214,3670.1809,3606.7700,3633.1576
2018-07-31,3628.3928,3646.6667,3610.4910,3635.8243
2018-08-01,3648.6098,3662.6460,3562.5633,3563.1938
2018-08-02,3549.7158,3549.7158,3433.6951,3484.1964
2018-08-03,3479.7519,3494.9251,3426.5633,3426.6460
2018-08-06,3424.1034,3456.5891,3367.1214,3383.2248
2018-08-07,3395.3282,3482.1292,3373.1266,3482.0362
2018-08-08,3475.0904,3481.3023,3423.0181,3425.8501
2018-08-09,3414.4496,3522.8837,3410.4599,3511.6589
2018-08-10,3512.5685,3539.0594,3494.1292,3519.4005
2018-08-13,3483.1835,3510.2739,3448.7855,3504.2274
2018-08-14,3500.2377,3505.6641,3469.3643,3486.2119
2018-08-15,3485.2300,3485.4160,3399.1835,3402.5633
2018-08-16,3361.0956,3426.5633,3340.1137,3386.8010
2018-08-17,3416.9509,3422.8114,3332.4031,3338.1085
2018-08-20,3346.9974,3377.0026,3316.8062,3377.0026
2018-08-21,3381.7468,3443.6279,3379.8760,3438.3979
2018-08-22,3440.7959,3440.7959,3410.2222,3419.0698
2018-08-23,3419.5969,3448.1757,3396.1860,3431.5556
2018-08-24,3419.6176,3465.6744,3402.4496,3437.0336
2018-08-27,3451.5659,3521.0026,3451.4315,3521.0026
2018-08-28,3522.6357,3531.3592,3502.6460,3514.3876
2018-08-29,3507.0284,3512.8786,3490.5633,3500.3307
2018-08-30,3499.5452,3516.8579,3461.9845,3463.6589
2018-08-31,3445.3540,3469.3333,3422.0879,3446.5116
2018-09-03,3432.2377,3437.3230,3402.3566,3433.4057
2018-09-04,3435.8553,3484.1964,3419.0801,3476.8992
2018-09-05,3462.2222,3466.8734,3408.9302,3408.9302
2018-09-06,3397.0646,3422.7390,3363.0594,3372.4858
2018-09-07,3383.8656,3428.0207,3363.0284,3387.7416
2018-09-10,3381.2713,3387.9897,3336.2791,3338.5736
2018-09-11,3338.2016,3354.6460,3316.9096,3332.5168
2018-09-12,3325.0543,3333.9535,3302.3049,3309.5814
2018-09-13,3348.5168,3358.7494,3298.6047,3345.2920
2018-09-14,3351.7623,3363.4109,3336.3721,3350.9974
2018-09-17,3333.2610,3339.3178,3308.0207,3312.5788
2018-09-18,3300.9199,3379.9587,3300.9199,3379.2558
2018-09-19,3371.5762,3448.0517,3367.7623,3423.7519
2018-09-20,3426.2326,3444.2481,3414.0258,3421.3230
2018-09-21,3432.2481,3525.0543,3418.8837,3525.0543
2018-09-25,3489.3747,3508.4031,3480.1344,3493.3333
2018-09-26,3502.3876,3564.0930,3496.8889,3532.0310
2018-09-27,3530.6977,3538.7183,3508.7649,3517.9225
2018-09-28,3524.5065,3560.7132,3519.0698,3554.3773
2018-10-08,3474.4806,3477.4780,3395.6072,3401.4470
2018-10-09,3400.6925,3420.9819,3386.1809,3399.1628
2018-10-10,3406.1292,3427.1111,3365.9742,3391.8346
2018-10-11,3286.3463,3317.3333,3203.1421,3229.0543
2018-10-12,3228.2894,3291.0801,3198.9354,3277.2403
2018-10-15,3280.4651,3290.0568,3225.0439,3231.4729
2018-10-16,3233.6744,3272.4444,3193.1473,3205.1370
2018-10-17,3246.1809,3254.9147,3165.4264,3222.9974
2018-10-18,3201.8501,3201.8501,3145.6124,3146.6563
2018-10-19,3119.1214,3243.1525,3110.5943,3240.2584
2018-10-22,3265.6951,3408.1447,3265.6951,3380.1240
2018-10-23,3383.0801,3386.0672,3269.8398,3290.3669
2018-10-24,3275.9276,3354.4186,3270.5840,3295.2972
2018-10-25,3212.2377,3304.7235,3204.0207,3301.6124
2018-10-26,3311.9173,3326.2016,3257.7984,3280.2481
2018-10-29,3263.5556,3264.9199,3165.4574,3180.2481
2018-10-30,3164.7855,3252.3307,3153.2506,3214.7390
2018-10-31,3221.3540,3275.3695,3210.3669,3259.7623
2018-11-01,3292.1964,3325.8915,3279.6899,3283.7519
2018-11-02,3368.0724,3400.7752,3330.6873,3400.7752
2018-11-05,3379.2972,3390.0568,3338.8734,3372.4444
2018-11-06,3364.3204,3364.3204,3321.8605,3352.0930
2018-11-07,3352.8475,3380.3618,3326.5323,3330.1395
2018-11-08,3360.9612,3362.8630,3315.4625,3320.6925
2018-11-09,3300.5685,3300.5685,3272.6718,3273.8398
2018-11-12,3266.4083,3314.2222,3258.3359,3312.8062
2018-11-13,3271.2351,3364.1034,3267.2868,3346.1292
2018-11-14,3342.2636,3348.0517,3307.7313,3312.5995
2018-11-15,3308.8165,3351.2972,3306.2326,3351.2868
2018-11-16,3351.8140,3392.6512,3332.0103,3367.1008
2018-11-19,3368.2584,3405.2713,3360.2791,3405.2713
2018-11-20,3377.8605,3388.9199,3321.6331,3326.5220
2018-11-21,3294.1602,3338.7700,3292.2377,3334.8734
2018-11-22,3341.5711,3344.1344,3307.1835,3322.4083
2018-11-23,3316.3721,3320.1034,3244.8475,3249.0749
2018-11-26,3254.4393,3275.9070,3236.8372,3246.7597
2018-11-27,3258.6770,3268.2274,3231.3075,3242.6253
2018-11-28,3243.1525,3286.2119,3231.6486,3285.7158
2018-11-29,3306.2842,3312.5168,3243.0491,3243.0491
2018-11-30,3241.5504,3281.8088,3237.6434,3279.2661
2018-12-03,3370.2222,3383.6072,3336.8062,3370.4910
2018-12-04,3365.6124,3377.7158,3352.6615,3377.4780
2018-12-05,3332.5685,3376.6408,3328.1447,3361.2403
2018-12-06,3326.2119,3331.8036,3286.7080,3288.5478
2018-12-07,3294.5633,3301.1059,3283.4212,3288.4341
2018-12-10,3259.4522,3276.6408,3239.6693,3250.3979
2018-12-11,3253.9845,3268.1757,3249.2093,3265.9638
2018-12-12,3288.4444,3289.1059,3266.4393,3277.1163
2018-12-13,3285.6744,3342.7183,3275.8863,3327.8450
2018-12-14,3315.0904,3318.5736,3272.2584,3272.2584
2018-12-17,3264.3721,3273.9121,3239.6589,3267.3902
2018-12-18,3245.4264,3271.3178,3219.0904,3233.5194
2018-12-19,3239.0078,3242.3876,3190.4496,3194.9664
2018-12-20,3187.1214,3201.7778,3146.5530,3170.4599
2018-12-21,3157.9638,3160.1034,3108.6408,3131.1628
2018-12-24,3116.7959,3142.4806,3108.3514,3140.2584
2018-12-25,3107.8863,3131.9276,3064.4755,3118.6357
2018-12-26,3114.0775,3130.8114,3097.1370,3102.8734
2018-12-27,3145.1680,3149.5917,3090.9664,3090.9664
2018-12-28,3095.4005,3125.9432,3085.0853,3111.7829
2019-01-02,3118.4186,3120.1860,3057.8708,3069.2920
2019-01-03,3062.5530,3101.2300,3052.4548,3064.4341
2019-01-04,3038.9561,3138.8217,3034.4496,3137.8501
2019-01-07,3157.7778,3164.5995,3137.8915,3156.8992
2019-01-08,3152.3204,3158.1499,3140.5995,3150.0775
2019-01-09,3168.1964,3222.6977,3165.7364,3181.8915
2019-01-10,3180.8579,3196.4238,3165.4470,3175.9070
2019-01-11,3185.7984,3207.0594,3174.1912,3198.7390
2019-01-14,3196.3824,3201.4574,3167.3178,3170.8320
2019-01-15,3174.6977,3234.4910,3167.6176,3233.0646
2019-01-16,3231.1421,3240.3204,3222.0052,3233.7468
2019-01-17,3237.8605,3247.2455,3214.5323,3215.9380
2019-01-18,3229.4574,3278.2326,3225.1680,3274.5943
2019-01-21,3277.3953,3306.6770,3277.3953,3292.6512
2019-01-22,3288.8372,3288.8372,3240.6615,3248.9096
2019-01-23,3241.4470,3263.7003,3237.0749,3246.5633
2019-01-24,3252.2997,3271.9690,3230.2842,3264.8889
2019-01-25,3271.5039,3310.7700,3270.7080,3291.4419
2019-01-28,3310.7183,3337.3333,3281.3643,3290.7287
2019-01-29,3283.9897,3308.5168,3253.9845,3301.2610
2019-01-30,3288.5375,3310.4910,3274.3049,3274.9147
2019-01-31,3289.6124,3324.1034,3284.7649,3309.1783
2019-02-01,3334.0879,3356.5891,3315.4729,3356.4858
2019-02-11,3348.6408,3418.1499,3348.6408,3417.5401
2019-02-12,3417.4160,3447.4005,3409.4367,3442.2119
2019-02-13,3449.9018,3519.9793,3440.9716,3511.1421
2019-02-14,3506.8217,3530.1292,3495.5866,3516.4238
2019-02-15,3505.1576,3509.0749,3447.9276,3450.8527
2019-02-18,3479.5039,3561.4884,3479.5039,3561.4884
2019-02-19,3570.7700,3597.7158,3533.9225,3555.1525
2019-02-20,3565.8191,3580.1240,3536.4444,3567.8863
2019-02-21,3566.0362,3617.8295,3546.9044,3558.3566
2019-02-22,3554.9147,3638.3669,3532.7959,3638.3669
2019-02-25,3695.9690,3854.7597,3694.7700,3854.7597
2019-02-26,3860.1654,3888.4858,3802.8630,3808.4651
2019-02-27,3806.5220,3863.1835,3760.5478,3801.9535
2019-02-28,3798.7183,3819.5969,3772.6615,3792.6305
2019-03-01,3823.4832,3875.6693,3792.0103,3875.6693
2019-03-04,3910.1189,4017.1370,3891.2455,3921.5504
2019-03-05,3912.5375,3944.3514,3897.4574,3944.1964
2019-03-06,3951.2765,3984.6615,3914.7494,3977.3540
2019-03-07,3970.1809,3974.3463,3905.7364,3936.7959
2019-03-08,3846.4083,3901.3333,3779.0078,3780.4444
2019-03-11,3787.0594,3857.2713,3773.4470,3855.2455
2019-03-12,3884.5685,3932.5271,3848.7649,3881.4987
2019-03-13,3884.9716,3889.4987,3833.3953,3849.2920
2019-03-14,3834.9251,3873.7158,3797.2610,3822.7287
2019-03-15,3838.6977,3909.2920,3838.6977,3870.8114
2019-03-18,3879.7313,3981.1370,3859.1008,3981.1370
2019-03-19,3986.1395,3998.2842,3943.3798,3962.7494
2019-03-20,3953.8398,3984.6512,3917.8398,3964.2791
2019-03-21,3969.2817,3993.8708,3951.9070,3965.7778
2019-03-22,3967.0594,3974.7597,3913.7881,3962.5840
2019-03-25,3903.2972,3935.0698,3867.2972,3868.5581
2019-03-26,3893.0543,3897.5090,3811.4212,3824.7442
2019-03-27,3849.5194,3876.2377,3827.8553,3869.1370
2019-03-28,3856.3928,3881.8811,3834.7080,3853.6434
2019-03-29,3865.3953,4006.5943,3865.3953,4002.4186
2019-04-01,4032.2171,4116.7028,4032.2171,4107.4212
2019-04-02,4120.2481,4122.0672,4089.4160,4104.6925
2019-04-03,4080.4858,4161.7571,4072.1240,4157.2713
2019-04-04,4175.4419,4208.8992,4156.8062,4198.6873
2019-04-08,4234.7287,4261.0853,4152.4444,4193.5194
2019-04-09,4200.3204,4221.4367,4173.9328,4212.3307
2019-04-10,4198.9044,4253.6227,4171.0284,4223.1008
2019-04-11,4220.6305,4234.7494,4124.2791,4131.8656
2019-04-12,4120.7028,4141.5297,4094.5323,4122.6047
2019-04-15,4192.7545,4222.6253,4107.7313,4109.0646
2019-04-16,4091.0594,4223.0388,4075.9587,4223.0388
2019-04-17,4217.7984,4244.5685,4193.7984,4224.5375
2019-04-18,4222.3359,4231.5762,4192.4961,4208.8682
2019-04-19,4213.2300,4259.0594,4182.1189,4259.0284
2019-04-22,4264.5685,4264.6925,4150.3566,4160.8372
2019-04-23,4156.7235,4197.5090,4139.8243,4154.0155
2019-04-24,4169.1266,4180.1964,4101.0956,4165.4677
2019-04-25,4148.4238,4157.6848,4070.6253,4074.2326
2019-04-26,4053.6331,4076.3101,4017.8295,4019.9173
2019-04-29,4027.4729,4086.0258,4005.6331,4031.3488
2019-04-30,4017.7571,4054.8941,4015.6589,4044.6615
2019-05-06,3901.8915,3918.9767,3769.6537,3808.3928
2019-05-07,3826.6357,3863.7519,3795.1731,3845.6537
2019-05-08,3771.1111,3847.9897,3764.8579,3790.6563
2019-05-09,3759.5349,3779.7416,3705.2403,3720.6202
2019-05-10,3765.4367,3858.3152,3709.8605,3855.7623
2019-05-13,3799.2351,3827.2868,3780.8786,3791.9690
2019-05-14,3752.3928,3806.9871,3752.3928,3767.5969
2019-05-15,3798.4393,3866.7080,3798.4393,3852.2894
2019-05-16,3845.0026,3870.9457,3832.4548,3869.7261
2019-05-17,3870.6770,3871.1731,3759.7726,3771.3282
2019-05-20,3757.8708,3766.9251,3704.2171,3739.3178
2019-05-21,3741.0233,3814.0465,3731.9690,3789.9535
2019-05-22,3786.2016,3802.8630,3756.8475,3771.9690
2019-05-23,3751.4522,3753.4574,3698.3049,3704.3514
2019-05-24,3705.3230,3745.1059,3701.0749,3714.6357
2019-05-27,3713.2817,3770.5736,3675.7209,3759.3798
2019-05-28,3755.0594,3806.9561,3749.6537,3795.6176
2019-05-29,3764.8992,3817.2920,3759.5349,3786.9871
2019-05-30,3771.4212,3773.6124,3733.9742,3763.4935
2019-05-31,3763.3075,3791.4005,3749.3953,3751.7209
2019-06-03,3762.9044,3796.1860,3734.5013,3754.0155
2019-06-04,3754.5840,3758.2739,3704.8682,3719.3488
2019-06-05,3749.6537,3756.5375,3714.6770,3717.9432
2019-06-06,3722.0052,3722.0052,3676.5065,3684.4238
2019-06-10,3698.2016,3745.4574,3688.1447,3732.0310
2019-06-11,3739.0388,3848.2067,3739.0388,3844.2171
2019-06-12,3831.3798,3836.5685,3807.6899,3815.0904
2019-06-13,3813.5194,3821.7984,3777.0233,3809.1886
2019-06-14,3814.4496,3834.2636,3773.5504,3777.6537
2019-06-17,3777.1990,3807.5142,3767.9587,3777.5917
2019-06-18,3784.1137,3799.1214,3761.0129,3790.8217
2019-06-19,3887.6899,3898.0362,3839.9276,3840.7649
2019-06-20,3843.8656,3974.9767,3842.0568,3957.1266
2019-06-21,3961.4780,3985.6227,3945.5401,3962.7287
2019-06-24,3965.1783,3982.9974,3948.0827,3970.3049
2019-06-25,3966.3359,3966.9871,3881.1473,3929.0026
2019-06-26,3906.4703,3937.7364,3898.4186,3921.7881
2019-06-27,3935.4419,3983.5452,3933.6744,3963.6382
2019-06-28,3960.7855,3964.0620,3930.8010,3954.0982
2019-07-01,4030.3152,4068.9096,4017.4780,4068.0207
2019-07-02,4063.1008,4074.8630,4050.5840,4069.4264
2019-07-03,4059.3695,4059.3695,4009.1370,4024.3204
2019-07-04,4026.0465,4038.1292,3984.1757,4003.2041
2019-07-05,4005.5504,4031.3282,3987.5245,4023.9793
2019-07-08,4005.9432,4005.9432,3901.8398,3930.5323
2019-07-09,3925.6848,3939.1214,3901.5607,3920.5478
2019-07-10,3935.8656,3938.3979,3901.0129,3913.9432
2019-07-11,3934.0465,3959.4212,3901.1990,3912.3721
2019-07-12,3910.1499,3948.5685,3901.3127,3936.6718
2019-07-15,3920.0413,3974.0258,3871.6796,3952.6512
2019-07-16,3947.5452,3956.9302,3927.5142,3934.7183
2019-07-17,3927.7623,3948.5995,3915.1421,3932.4444
2019-07-18,3920.6098,3920.8165,3894.5736,3894.9871
2019-07-19,3914.7390,3956.7442,3914.7390,3935.8760
2019-07-22,3941.6021,3944.7442,3891.9276,3908.7132
2019-07-23,3910.6357,3920.3721,3895.3592,3917.2196
2019-07-24,3931.3592,3969.0543,3931.3385,3948.1447
2019-07-25,3949.7571,3980.4341,3941.0336,3980.4341
2019-07-26,3964.0620,3993.3747,3961.2610,3988.1860
2019-07-29,3987.5349,3992.5065,3971.5039,3983.7416
2019-07-30,3991.2868,4021.4264,3991.2868,4000.3307
2019-07-31,3986.3049,3986.3049,3958.7494,3964.1964
2019-08-01,3947.6176,3959.9587,3918.9147,3931.2351
2019-08-02,3854.3979,3880.6512,3845.0233,3873.3230
2019-08-05,3849.5194,3865.1163,3799.1628,3799.1628
2019-08-06,3730.3463,3772.5065,3695.9793,3758.4806
2019-08-07,3777.3953,3781.9948,3743.0801,3743.0801
2019-08-08,3774.0155,3798.9251,3769.4470,3792.5478
2019-08-09,3810.5943,3813.1059,3749.9948,3755.5866
2019-08-12,3770.4083,3823.3592,3765.7054,3823.3592
2019-08-13,3799.0594,3810.2636,3780.8889,3788.8889
2019-08-14,3836.7649,3842.4393,3804.2481,3806.0982
2019-08-15,3739.5452,3818.3979,3733.4470,3818.0879
2019-08-16,3822.1602,3863.6693,3810.9354,3835.1835
2019-08-19,3861.5297,3918.4393,3845.6744,3918.4393
2019-08-20,3913.2093,3927.5452,3905.6641,3914.9664
2019-08-21,3905.2300,3920.0000,3902.2739,3908.7959
2019-08-22,3921.3023,3924.8889,3897.8811,3920.9406
2019-08-23,3924.4238,3957.9948,3915.2765,3949.2093
2019-08-26,3882.5426,3905.8088,3879.2351,3892.4134
2019-08-27,3918.8217,3977.5090,3918.2119,3945.1680
2019-08-28,3947.0904,3950.9974,3917.4574,3930.3152
2019-08-29,3933.3230,3936.5375,3901.1886,3917.5090
2019-08-30,3944.8889,3957.5917,3905.8605,3927.2248
2019-09-02,3931.4625,3985.3023,3927.4625,3977.5917
2019-09-03,3981.9948,3986.2326,3962.5426,3983.0594
2019-09-04,3977.9328,4016.5375,3975.6279,4016.5375
2019-09-05,4040.5271,4103.3592,4040.5271,4057.1783
2019-09-06,4079.2661,4081.1783,4054.0982,4081.1473
2019-09-09,4114.6873,4119.1111,4087.7313,4106.4083
2019-09-10,4110.4599,4110.5116,4071.0491,4092.2687
2019-09-11,4103.0284,4104.6202,4054.7287,4062.1189
2019-09-12,4077.1990,4109.4884,4065.5711,4105.8191
2019-09-16,4115.1008,4115.9690,4075.8346,4090.6667
2019-09-17,4079.7519,4079.7519,4009.8088,4021.9328
2019-09-18,4034.0982,4054.9354,4033.6021,4041.4264
2019-09-19,4055.7726,4056.2067,4027.9793,4056.2067
2019-09-20,4065.5917,4074.6460,4053.1370,4067.8553
2019-09-23,4057.0439,4057.0439,3998.1499,4021.3540
2019-09-24,4026.7390,4058.9251,4016.6822,4032.1240
2019-09-25,4018.1395,4020.5065,3997.1370,4001.0129
2019-09-26,4015.1938,4021.4470,3969.2506,3970.1705
2019-09-27,3972.5685,3989.1473,3960.9819,3982.0672
2019-09-30,3971.1318,3986.8010,3941.6537,3942.6667
2019-10-08,3946.8630,3991.3592,3946.8630,3966.5943
2019-10-09,3951.0181,3974.5116,3932.8889,3972.3411
2019-10-10,3967.4315,4007.3798,3958.0672,4004.7959
2019-10-11,4016.0413,4054.1292,3998.8010,4043.1318
2019-10-14,4077.3747,4117.6331,4066.9044,4086.0362
2019-10-15,4085.9535,4085.9535,4060.1034,4068.4755
2019-10-16,4071.6072,4097.2093,4050.6667,4054.4599
2019-10-17,4061.3850,4068.0207,4045.3953,4057.0749
2019-10-18,4067.6176,4072.9096,3994.8010,3999.3592
2019-10-21,3995.1835,4015.2351,3985.5711,4011.2041
2019-10-22,4027.1938,4028.3618,4000.5685,4026.7494
2019-10-23,4023.4419,4032.4755,3991.9380,4001.1163
2019-10-24,4008.1860,4020.8786,3981.9948,4000.6925
2019-10-25,4001.8295,4030.7183,3978.3256,4027.6899
2019-10-28,4036.1550,4059.7416,4028.7545,4058.4910
2019-10-29,4061.7158,4064.4651,4041.5814,4041.5814
2019-10-30,4035.8863,4039.3798,4013.9018,4021.9432
2019-10-31,4038.0982,4038.3979,4009.1783,4017.3127
2019-11-01,4014.2739,4088.9716,4006.6357,4085.1576
2019-11-04,4097.1680,4119.2351,4097.1680,4111.7519
2019-11-05,4115.8863,4166.0362,4104.2584,4137.2713
2019-11-06,4140.9096,4142.1189,4107.2661,4118.7390
2019-11-07,4118.3979,4139.9276,4109.0956,4125.9638
2019-11-08,4152.6305,4157.1473,4104.9819,4106.4703
2019-11-11,4081.2610,4081.2610,4028.4755,4034.0879
2019-11-12,4037.1680,4046.3876,4008.0000,4034.8217
2019-11-13,4036.4651,4039.7106,4012.8475,4030.9871
2019-11-14,4037.1370,4048.5271,4025.9845,4037.0646
2019-11-15,4039.7829,4046.6150,4007.3282,4007.3282
2019-11-18,4004.5891,4044.5478,3998.2636,4039.2041
2019-11-19,4035.2455,4079.6279,4033.4677,4079.6279
2019-11-20,4072.4858,4075.6899,4033.0646,4039.1318
2019-11-21,4025.3643,4032.8992,4006.1705,4020.2584
2019-11-22,4024.9819,4050.4806,3962.2739,3979.3178
2019-11-25,3980.3307,4008.5271,3968.3928,4008.4858
2019-11-26,4024.2171,4030.0879,3999.5762,4022.3773
2019-11-27,4013.8811,4020.6512,3992.4548,4005.8088
2019-11-28,4008.1654,4018.2842,3981.4057,3992.0413
2019-11-29,3986.7597,3991.3798,3932.6408,3957.2817
2019-12-02,3964.3514,3984.2377,3957.9432,3964.9199
2019-12-03,3957.8398,3980.4858,3939.6693,3980.4548
2019-12-04,3970.7080,3982.4186,3959.7623,3979.1421
2019-12-05,3993.3953,4013.8501,3989.4780,4009.6744
2019-12-06,4015.5659,4033.4780,4008.9922,4033.4780
2019-12-09,4040.8579,4043.3798,4015.7623,4026.3049
2019-12-10,4016.9922,4032.0000,4012.4961,4031.4005
2019-12-11,4038.4083,4040.7132,4021.0233,4033.8501
2019-12-12,4039.7416,4039.7416,4016.6615,4021.7261
2019-12-13,4059.9483,4102.8010,4057.1370,4101.5194
2019-12-16,4104.0930,4121.5401,4086.3152,4121.4987
2019-12-17,4121.6951,4203.7623,4118.3669,4177.5711
2019-12-18,4175.4212,4193.9432,4160.5581,4168.2481
2019-12-19,4170.1499,4174.2016,4149.7674,4162.4289
2019-12-20,4167.5969,4182.6667,4149.7984,4152.1964
2019-12-23,4149.5504,4167.6176,4097.5504,4100.3618
2019-12-24,4104.9716,4128.6925,4096.8165,4127.0904
2019-12-25,4122.6460,4134.9457,4109.9328,4124.9302
2019-12-26,4127.8243,4161.2300,4127.6899,4161.2300
2019-12-27,4164.5995,4203.4109,4154.7494,4157.1370
2019-12-30,4150.4083,4220.8682,4135.9173,4218.7390
2019-12-31,4214.7287,4235.8036,4205.6951,4234.1912
2020-01-02,4259.7933,4312.8269,4259.7933,4291.7209
2020-01-03,4301.0026,4304.1860,4270.6563,4284.1964
2020-01-06,4258.9354,4310.7390,4240.1860,4268.0103
2020-01-07,4276.3824,4301.0336,4274.0052,4299.9793
2020-01-08,4278.6873,4289.2093,4239.7726,4250.4599
2020-01-09,4284.7855,4305.5917,4282.7804,4304.2584
2020-01-10,4317.9121,4321.4264,4287.8346,4303.0284
2020-01-13,4306.9044,4345.2093,4287.9587,4345.2093
2020-01-14,4356.7545,4365.3850,4328.7649,4330.6357
2020-01-15,4327.5245,4334.7494,4290.3152,4306.6977
2020-01-16,4315.0594,4315.5452,4281.3230,4288.4134
2020-01-17,4302.0052,4317.3437,4280.7649,4294.4186
2020-01-20,4310.8424,4326.5736,4288.8786,4326.4393
2020-01-21,4304.9302,4304.9302,4251.5039,4252.5168
2020-01-22,4231.3178,4280.2894,4182.4186,4270.7287
2020-01-23,4230.8217,4241.3643,4105.8295,4138.3979
2020-02-03,3762.1809,3857.5297,3762.1809,3812.2584
2020-02-04,3774.6770,3914.0672,3774.6770,3912.8062
2020-02-05,3928.7855,3995.8760,3908.6408,3957.1370
2020-02-06,3970.8010,4046.4289,3934.8424,4030.7804
2020-02-07,4009.8708,4030.8837,3979.0284,4030.8734
2020-02-10,4002.4496,4051.8553,3990.7080,4047.5556
2020-02-11,4058.3152,4103.8966,4047.2455,4085.2300
2020-02-12,4078.2119,4118.2739,4073.0439,4118.2739
2020-02-13,4119.7726,4133.9018,4082.8320,4092.9406
2020-02-14,4087.0594,4135.9793,4086.8424,4121.6848
2020-02-17,4134.0052,4214.4186,4134.0052,4214.3876
2020-02-18,4206.5426,4213.3230,4163.0904,4193.8088
2020-02-19,4185.6227,4222.3979,4178.6563,4187.4005
2020-02-20,4199.3798,4287.8863,4192.0517,4283.8863
2020-02-21,4273.7674,4325.0026,4268.9096,4288.8786
2020-02-24,4270.6357,4288.3824,4234.8114,4271.6693
2020-02-25,4202.8941,4265.3333,4155.9793,4262.3773
2020-02-26,4206.8217,4271.6072,4197.5504,4209.8398
2020-02-27,4221.2713,4248.6098,4204.0724,4222.0982
2020-02-28,4122.7183,4166.5633,4060.0207,4072.4031
2020-03-02,4102.1602,4230.0155,4102.1602,4206.3773
2020-03-03,4263.7106,4286.9767,4204.5581,4228.7959
2020-03-04,4215.5039,4253.4987,4197.1370,4253.2817
2020-03-05,4289.6227,4357.4677,4265.6744,4348.0413
2020-03-06,4297.8811,4321.7674,4274.3049,4277.5297
2020-03-09,4199.5659,4199.5659,4129.3333,4131.4005
2020-03-10,4108.7649,4230.4910,4087.5969,4219.8760
2020-03-11,4228.3514,4228.7028,4163.7209,4163.7519
2020-03-12,4109.6744,4121.3747,4058.1602,4083.6279
2020-03-13,3897.6848,4069.4367,3891.6279,4026.1602
2020-03-16,4030.8630,4030.8630,3845.4884,3853.0646
2020-03-17,3865.4057,3914.0982,3739.8553,3834.2946
2020-03-18,3854.9767,3902.6873,3758.4083,3758.4083
2020-03-19,3745.5194,3770.5323,3620.8682,3709.6537
2020-03-20,3751.4315,3787.0284,3709.3333,3775.9380
2020-03-23,3661.6848,3706.2532,3642.1602,3648.8992
2020-03-24,3719.5349,3749.6227,3664.5478,3746.8837
2020-03-25,3836.1550,3858.0362,3809.8088,3847.5659
2020-03-26,3816.6512,3861.7571,3804.9302,3822.2739
2020-03-27,3872.2377,3885.0439,3834.5426,3834.6873
2020-03-30,3780.3204,3814.6150,3759.7829,3797.5297
2020-03-31,3832.7028,3840.8992,3799.6899,3809.9845
2020-04-01,3805.9948,3857.1370,3794.2842,3798.5323
2020-04-02,3779.1421,3859.9793,3775.0078,3859.9793
2020-04-03,3846.4910,3864.4238,3823.2351,3837.9535
2020-04-07,3906.8837,3931.4005,3898.9251,3925.6021
2020-04-08,3903.2765,3920.4134,3893.8398,3907.3282
2020-04-09,3926.0879,3929.4264,3912.4651,3920.2171
2020-04-10,3922.3152,3953.2196,3885.2300,3895.7933
2020-04-13,3877.7364,3896.5168,3865.8295,3879.3385
2020-04-14,3904.7339,3954.2739,3891.4522,3954.2119
2020-04-15,3949.1990,3958.4496,3920.8682,3924.9199
2020-04-16,3904.7028,3935.2558,3901.3540,3930.1085
2020-04-17,3960.6408,3993.2300,3949.7881,3968.4651
2020-04-20,3974.6357,3983.2558,3960.2584,3982.9044
2020-04-21,3967.1628,3967.1628,3906.9767,3935.9690
2020-04-22,3916.4134,3968.3514,3909.2610,3968.3514
2020-04-23,3981.3023,3987.0491,3955.1008,3958.3979
2020-04-24,3954.8424,3955.7726,3914.2842,3924.5168
2020-04-27,3935.9380,3971.9587,3921.2093,3951.1835
2020-04-28,3964.1860,3989.3333,3894.7804,3978.4496
2020-04-29,3966.4186,4011.1008,3962.5013,3996.9302
2020-04-30,4010.7597,4053.4367,4010.7597,4044.0103
2020-05-06,3997.1680,4069.9638,3995.8553,4068.4755
2020-05-07,4069.8605,4073.8811,4047.4419,4056.7339
2020-05-08,4075.4522,4113.3437,4068.1964,4096.7649
2020-05-11,4108.2791,4132.4031,4077.0026,4093.2093
2020-05-12,4094.4083,4103.4729,4062.2326,4093.2713
2020-05-13,4079.2145,4105.9742,4064.6718,4101.5504
2020-05-14,4084.9612,4084.9612,4055.8656,4057.0749
2020-05-15,4073.5194,4077.7261,4038.6563,4044.2584
2020-05-18,4046.1602,4078.9974,4029.3540,4054.6873
2020-05-19,4096.9302,4100.1034,4076.5581,4089.1473
2020-05-20,4088.5891,4088.5891,4055.7313,4067.4109
2020-05-21,4083.3075,4084.4858,4038.8424,4045.2610
2020-05-22,4038.8424,4038.8424,3946.4083,3952.5168
2020-05-25,3956.9199,3964.4755,3927.8346,3957.9535
2020-05-26,3979.3282,4004.9096,3973.6227,4002.8630
2020-05-27,4003.8243,4003.8243,3967.3592,3974.7907
2020-05-28,3977.7674,4015.9380,3946.6977,3986.1809
2020-05-29,3967.3178,4002.3773,3959.0904,3996.9199
2020-06-01,4032.7959,4109.8915,4032.7959,4104.7442
2020-06-02,4103.3075,4125.8708,4091.9690,4117.3850
2020-06-03,4135.5762,4153.6744,4116.7235,4117.4677
2020-06-04,4132.4651,4134.1705,4101.8811,4115.9587
2020-06-05,4122.1912,4135.6589,4101.2196,4135.6589
2020-06-08,4158.7700,4186.2739,4151.0078,4157.0543
2020-06-09,4162.8527,4188.2791,4151.2558,4182.9767
2020-06-10,4182.1499,4182.1499,4159.6072,4175.4109
2020-06-11,4167.1731,4178.8217,4113.4367,4130.1085
2020-06-12,4063.6899,4145.7984,4059.1731,4137.5504
2020-06-15,4116.7649,4141.7468,4087.8450,4087.8450
2020-06-16,4129.7984,4149.4264,4121.8191,4149.4264
2020-06-17,4153.6021,4153.6021,4126.2326,4152.5478
2020-06-18,4144.4755,4183.5245,4135.2972,4180.2377
2020-06-19,4182.9974,4247.4005,4179.3178,4236.3928
2020-06-22,4235.1525,4265.5711,4226.1292,4239.8450
2020-06-23,4235.7003,4263.2868,4217.8295,4260.2481
2020-06-24,4266.7700,4283.9070,4261.8708,4278.0258
2020-06-29,4266.5943,4276.3514,4230.0155,4247.7726
2020-06-30,4268.7339,4314.6460,4268.5065,4303.8346
2020-07-01,4312.8062,4390.4703,4303.3592,4390.4703
2020-07-02,4381.8191,4485.8915,4380.4858,4481.4884
2020-07-03,4499.4212,4568.0620,4494.5220,4568.0620
2020-07-06,4615.8243,4835.2558,4615.8243,4826.9664
2020-07-07,4898.8217,4957.4367,4845.5401,4855.9483
2020-07-08,4850.5013,4964.7132,4827.5452,4934.3669
2020-07-09,4930.3152,5017.1783,4917.0956,5003.3798
2020-07-10,4957.1990,4983.3282,4893.5090,4912.7959
2020-07-13,4901.6744,5041.9432,4901.1576,5015.9793
2020-07-14,4998.6253,5023.7106,4888.8165,4968.1550
2020-07-15,4983.4832,4999.9793,4882.0258,4903.8450
2020-07-16,4900.8062,4932.8786,4665.2713,4667.9587
2020-07-17,4676.7649,4755.9380,4636.5065,4697.3643
2020-07-20,4751.6279,4839.2145,4686.5426,4837.5194
2020-07-21,4855.2972,4872.6512,4818.0258,4848.6202
2020-07-22,4839.9587,4951.3695,4832.4031,4872.8165
2020-07-23,4825.5711,4890.3359,4762.4393,4870.7390
2020-07-24,4836.2067,4849.3023,4629.8605,4656.9406
2020-07-27,4687.3488,4711.2351,4633.0129,4680.5685
2020-07-28,4721.1059,4744.4444,4690.1085,4721.7158
2020-07-29,4712.3101,4837.7881,4701.6537,4836.1860
2020-07-30,4847.2972,4862.6667,4805.9638,4812.5581
2020-07-31,4808.4548,4901.0956,4777.2196,4852.7649
2020-08-03,4894.9871,4931.6486,4878.5840,4931.5866
2020-08-04,4939.0078,4968.5581,4907.2558,4936.2274
2020-08-05,4921.7158,4947.4935,4869.5297,4937.5814
2020-08-06,4939.7829,4952.8269,4848.7442,4922.7494
2020-08-07,4901.5917,4908.5478,4793.6331,4866.0775
2020-08-10,4839.0284,4917.4780,4802.3669,4883.5866
2020-08-11,4889.2713,4952.4858,4831.8966,4839.0491
2020-08-12,4825.7261,4838.8837,4719.6589,4803.7623
2020-08-13,4823.2455,4828.7028,4781.4987,4791.4315
2020-08-14,4783.0594,4866.2222,4772.7442,4862.6667
2020-08-17,4885.9121,5000.6098,4879.9587,4976.9819
2020-08-18,4978.3669,4987.4832,4949.6951,4974.4289
2020-08-19,4966.0672,4970.5943,4897.1680,4899.9276
2020-08-20,4866.2842,4880.0413,4819.4315,4836.3307
2020-08-21,4876.2687,4898.6873,4842.1809,4877.3540
2020-08-24,4905.8398,4929.6848,4875.0491,4915.6072
2020-08-25,4929.4160,4963.7313,4905.7468,4921.9121
2020-08-26,4921.6744,4947.2041,4847.4212,4864.2171
2020-08-27,4876.5478,4890.8941,4836.5478,4890.2842
2020-08-28,4886.0879,5013.4264,4877.8811,5006.9974
2020-08-31,5034.5530,5065.8501,4977.9948,4978.0052
2020-09-01,4964.7442,5004.7959,4952.7442,5004.7752
2020-09-02,5022.3049,5026.9251,4958.6770,5006.6047
2020-09-03,5004.1344,5040.8372,4961.3023,4978.9147
2020-09-04,4896.3721,4938.7080,4885.3333,4930.4599
2020-09-07,4919.4005,4950.1809,4811.9483,4826.2222
2020-09-08,4841.1680,4866.0465,4794.8837,4852.0827
2020-09-09,4789.9225,4801.2403,4711.1421,4738.5943
2020-09-10,4787.7003,4803.8760,4725.7984,4735.8966
2020-09-11,4725.8501,4786.4393,4716.3928,4782.7183
2020-09-14,4808.3204,4823.7623,4781.3850,4807.2868
2020-09-15,4805.6331,4849.0956,4786.0879,4845.9742
2020-09-16,4840.3204,4848.2481,4794.2739,4813.8088
2020-09-17,4797.9845,4821.6537,4756.2171,4788.3307
2020-09-18,4792.3928,4896.9509,4787.2868,4896.2171
2020-09-21,4910.3359,4912.6408,4846.2222,4849.0233
2020-09-22,4810.5633,4864.2997,4777.3747,4791.4832
2020-09-23,4795.5142,4822.6977,4778.8630,4808.6098
2020-09-24,4779.2765,4787.5452,4715.4625,4716.3514
2020-09-25,4736.4134,4754.0465,4707.7209,4723.5349
2020-09-28,4736.5891,4768.6098,4724.7028,4735.8243
2020-09-29,4763.0904,4771.7623,4740.4134,4746.0465
2020-09-30,4762.3566,4790.4083,4716.7028,4741.4987
2020-10-09,4820.2687,4853.1266,4811.4625,4838.3876
2020-10-12,4863.2455,4985.2920,4862.1809,4985.1783
2020-10-13,4974.5736,5008.7028,4956.4548,5001.7571
2020-10-14,4992.7235,4992.7235,4957.0129,4968.5788
2020-10-15,4972.3824,4996.2687,4957.3747,4959.9380
2020-10-16,4960.1240,4987.6486,4926.0672,4952.6408
2020-10-19,4985.5194,5012.5168,4906.8114,4915.2351
2020-10-20,4910.9767,4954.4910,4898.6667,4954.4910
2020-10-21,4962.9251,4962.9251,4918.7183,4953.8295
2020-10-22,4941.1886,4952.7752,4884.2377,4938.4806
2020-10-23,4935.8863,4963.7829,4875.5556,4876.9922
2020-10-26,4841.3953,4871.7209,4795.1421,4848.8269
2020-10-27,4837.3540,4866.6253,4828.7855,4857.1370
2020-10-28,4860.9819,4912.9819,4842.9974,4896.4031
2020-10-29,4840.9406,4964.3721,4836.4341,4933.2506
2020-10-30,4936.9199,4939.0284,4840.7959,4853.0543
2020-11-02,4860.7235,4897.1783,4853.1680,4879.4109
2020-11-03,4902.5013,4954.4186,4893.1990,4938.0465
2020-11-04,4942.0672,4987.5556,4930.8114,4975.3592
2020-11-05,5024.6408,5049.2093,5000.5168,5049.2093
2020-11-06,5062.1499,5062.1499,5008.1964,5049.8398
2020-11-09,5084.0930,5165.6848,5084.0930,5148.6822
2020-11-10,5163.2145,5163.2145,5094.5013,5120.2894
2020-11-11,5103.6279,5124.1137,5066.3669,5069.6641
2020-11-12,5081.9328,5091.8243,5055.8243,5073.3437
2020-11-13,5051.1421,5051.1421,4987.8656,5020.0000
2020-11-16,5044.9199,5068.9096,5011.4935,5068.9096
2020-11-17,5067.8243,5074.2016,5028.8269,5059.2145
2020-11-18,5053.9225,5076.0620,5034.3359,5055.9897
2020-11-19,5044.8786,5105.7261,5033.7984,5093.5297
2020-11-20,5093.7674,5113.6227,5087.9483,5109.3437
2020-11-23,5121.0336,5198.6047,5106.4083,5173.1576
2020-11-24,5164.9096,5169.0543,5127.6279,5141.3850
2020-11-25,5160.4651,5172.8889,5075.6589,5075.6589
2020-11-26,5073.1990,5090.7390,5031.3385,5084.8475
2020-11-27,5096.2171,5148.0827,5082.5323,5148.0827
2020-11-30,5161.8708,5225.0026,5126.8734,5126.8734
2020-12-01,5129.8501,5242.9457,5129.8501,5237.3127
2020-12-02,5243.3902,5261.6124,5212.7235,5237.3540
2020-12-03,5235.6072,5242.6873,5202.8837,5226.9354
2020-12-04,5219.1421,5242.7804,5186.4083,5236.0930
2020-12-07,5235.8966,5238.1085,5183.0594,5190.9457
2020-12-08,5198.0465,5212.4651,5166.8424,5178.1705
2020-12-09,5191.0904,5202.7287,5108.5478,5108.7339
2020-12-10,5096.9406,5129.4470,5085.0336,5106.4806
2020-12-11,5124.3618,5124.3618,5012.2481,5053.8811
2020-12-14,5068.3514,5103.1111,5051.8450,5100.6098
2020-12-15,5097.2610,5120.6098,5069.5504,5111.2145
2020-12-16,5123.8243,5135.7726,5104.0724,5120.2791
2020-12-17,5127.3695,5190.3049,5116.6615,5186.0258
2020-12-18,5182.7597,5196.3204,5146.2636,5167.9276
2020-12-21,5163.5762,5218.0982,5136.9509,5216.3721
2020-12-22,5204.1137,5224.9406,5127.5969,5131.5452
2020-12-23,5144.4961,5197.3643,5135.0388,5175.3178
2020-12-24,5174.1705,5202.1085,5146.5013,5167.9793
2020-12-25,5153.2506,5211.4729,5140.7545,5211.3798
2020-12-28,5212.3411,5260.2997,5207.0904,5234.5323
2020-12-29,5241.8088,5247.9793,5203.4212,5212.3411
2020-12-30,5207.2145,5285.4884,5205.8191,5285.4884
2020-12-31,5294.5530,5390.8217,5294.5530,5386.3463
2021-01-04,5388.0413,5461.9432,5365.3127,5444.6718
2021-01-05,5422.0568,5548.8372,5410.2119,5548.8372
2021-01-06,5567.4522,5615.9897,5520.8579,5599.6589
2021-01-07,5610.7390,5698.8734,5595.1938,5698.8734
2021-01-08,5711.9276,5733.8191,5625.5194,5680.0310
2021-01-11,5689.1370,5742.3152,5594.3152,5623.9380
2021-01-12,5601.5504,5784.3411,5599.6176,5784.3411
2021-01-13,5797.6848,5834.3359,5721.0749,5765.3437
2021-01-14,5742.8527,5755.0594,5642.0465,5654.2222
2021-01-15,5655.1835,5685.4057,5571.3385,5641.4264
2021-01-18,5620.8372,5727.6072,5592.5375,5703.8966
2021-01-19,5711.5969,5718.3256,5597.6434,5620.1757
2021-01-20,5622.6460,5680.6718,5608.8269,5660.3928
2021-01-21,5677.4780,5780.9922,5674.9974,5751.9070
2021-01-22,5749.2300,5760.8889,5699.1008,5756.8786
2021-01-25,5751.0284,5845.4574,5729.4780,5814.9044
2021-01-26,5789.0439,5789.0439,5690.9561,5698.1602
2021-01-27,5690.7183,5720.9199,5632.7028,5713.6951
2021-01-28,5633.4574,5645.7261,5540.4444,5557.7674
2021-01-29,5595.8346,5612.6098,5465.7364,5531.7416
2021-02-01,5536.7959,5604.4444,5521.4987,5599.6382
2021-02-02,5612.0930,5688.0724,5593.3023,5685.8811
2021-02-03,5684.0310,5718.7494,5656.9716,5669.4574
2021-02-04,5637.1886,5695.1421,5593.3540,5657.8295
2021-02-05,5679.2765,5737.2300,5661.6537,5667.6072
2021-02-08,5691.1008,5763.8140,5663.9276,5751.4832
2021-02-09,5771.7519,5877.2610,5741.6537,5877.2610
2021-02-10,5901.4780,6019.0388,5899.0491,6002.8114
2021-02-18,6121.0026,6130.1395,5940.7339,5962.1499
2021-02-19,5926.6357,5982.3152,5857.6951,5972.9612
2021-02-22,5979.8553,5979.8553,5785.3540,5785.3540
2021-02-23,5728.8682,5834.3773,5727.2455,5767.1008
2021-02-24,5779.3075,5786.9044,5560.4444,5620.2274
2021-02-25,5679.0388,5713.3127,5627.0388,5653.2920
2021-02-26,5523.4109,5598.2636,5497.5297,5516.0310
2021-03-01,5570.2842,5603.6796,5525.5194,5600.8062
2021-03-02,5636.4651,5638.2119,5483.2558,5529.3333
2021-03-03,5506.3049,5635.5556,5495.0698,5635.3592
2021-03-04,5569.4884,5573.5090,5431.2972,5458.0982
2021-03-05,5366.3773,5486.1189,5348.0620,5439.5866
2021-03-08,5477.8191,5505.1783,5250.4393,5250.6667
2021-03-09,5236.3307,5265.4367,5083.1111,5137.9845
2021-03-10,5216.5995,5225.0956,5148.9612,5171.6899
2021-03-11,5193.3437,5311.0181,5189.2300,5300.4858
2021-03-12,5326.7907,5326.7907,5257.6951,5319.2558
2021-03-15,5287.9793,5292.8992,5160.1034,5204.6925
2021-03-16,5224.1964,5255.1008,5178.2429,5249.9845
2021-03-17,5232.8372,5295.6589,5188.7649,5272.2067
2021-03-18,5286.3979,5333.8088,5282.8217,5314.4910
2021-03-19,5238.7907,5260.8992,5148.0724,5175.2868
2021-03-22,5176.6408,5241.6951,5164.3824,5227.0284
2021-03-23,5226.9354,5234.1292,5133.3643,5177.5194
2021-03-24,5152.8682,5193.1059,5085.1576,5094.2532
2021-03-25,5068.8062,5117.0646,5047.7106,5091.8346
2021-03-26,5120.3618,5220.4961,5120.3618,5207.2248
2021-03-29,5221.9742,5257.5194,5178.6977,5216.4134
2021-03-30,5212.5065,5277.5607,5201.8605,5265.8708
2021-03-31,5256.7959,5256.7959,5184.0930,5217.9432
2021-04-01,5229.9121,5287.2661,5226.7390,5282.4599
2021-04-02,5302.1705,5343.4935,5288.2171,5334.9457
2021-04-06,5352.5995,5355.1938,5297.4987,5313.0129
2021-04-07,5314.3773,5314.3773,5235.3385,5275.1835
2021-04-08,5248.8475,5301.4264,5232.1137,5283.9380
2021-04-09,5271.3592,5271.3592,5190.7907,5204.4858
2021-04-12,5195.8450,5215.0904,5098.7183,5113.9535
2021-04-13,5116.0827,5162.3152,5089.6124,5105.5711
2021-04-14,5111.8243,5154.6460,5106.2222,5147.9380
2021-04-15,5136.8579,5136.8579,5064.9096,5115.2145
2021-04-16,5133.7468,5146.4289,5083.1628,5133.0026
2021-04-19,5133.2403,5259.1318,5106.7183,5257.9018
2021-04-20,5235.9483,5291.8450,5228.8579,5254.1292
2021-04-21,5225.0543,5282.2326,5217.5607,5270.0155
2021-04-22,5286.0775,5291.1835,5237.3540,5260.1964
2021-04-23,5259.7726,5322.9767,5257.3540,5307.9587
2021-04-26,5329.8088,5355.1525,5243.3695,5247.7933
2021-04-27,5247.1731,5267.1628,5212.0000,5261.5194
2021-04-28,5244.4134,5291.4212,5229.2093,5291.2041
2021-04-29,5300.5478,5344.2791,5285.4264,5337.6434
2021-04-30,5329.5711,5336.6925,5266.0775,5295.5969
2021-05-06,5270.0775,5305.3230,5206.6253,5231.1318
2021-05-07,5243.8863,5264.8579,5163.8656,5163.8760
2021-05-10,5169.4470,5188.0000,5120.1034,5160.1240
2021-05-11,5122.5633,5202.5736,5091.3902,5191.7933
2021-05-12,5171.9070,5220.8475,5163.2041,5214.0052
2021-05-13,5160.0517,5190.7804,5142.5840,5160.6925
2021-05-14,5175.8450,5284.7339,5148.6202,5282.2636
2021-05-17,5287.1421,5381.5917,5287.1421,5359.1628
2021-05-18,5365.3023,5376.4031,5330.0155,5361.8605
2021-05-19,5346.9457,5368.0207,5324.6925,5346.0155
2021-05-20,5340.6202,5376.3204,5325.1059,5360.6305
2021-05-21,5373.7778,5391.3798,5295.2145,5306.6150
2021-05-24,5311.4315,5328.7752,5263.4522,5328.7752
2021-05-25,5338.5426,5503.2145,5334.9044,5497.1370
2021-05-26,5505.0336,5523.8036,5487.0698,5499.3178
2021-05-27,5489.7881,5559.1525,5463.6176,5517.5504
2021-05-28,5518.0672,5540.3411,5466.3049,5499.8346
2021-05-31,5496.7235,5510.7287,5459.1111,5510.6667
2021-06-01,5499.1938,5523.2558,5446.2636,5521.1163
2021-06-02,5528.0000,5532.4444,5443.7106,5467.6693
2021-06-03,5463.2661,5492.8889,5431.5969,5431.8243
2021-06-04,5403.9070,5513.6848,5396.6202,5459.7209
2021-06-07,5462.4186,5464.4341,5419.0698,5454.9147
2021-06-08,5454.2326,5497.7158,5375.8553,5407.8760
2021-06-09,5400.4651,5429.8295,5390.5426,5412.3514
2021-06-10,5412.3721,5477.5504,5405.1886,5448.5478
2021-06-11,5452.9716,5453.3333,5388.7339,5400.2067
2021-06-15,5393.8605,5401.0336,5309.9845,5340.1137
2021-06-16,5336.6925,5338.0052,5246.5323,5251.1525
2021-06-17,5244.8372,5295.4729,5244.2584,5273.2713
2021-06-18,5276.4134,5300.2894,5235.0594,5273.8708
2021-06-21,5259.0078,5295.8966,5228.4961,5261.3850
2021-06-22,5277.5917,5298.0052,5257.1370,5294.2222
2021-06-23,5299.4212,5344.7339,5281.4057,5320.2997
2021-06-24,5329.7778,5333.7778,5292.5891,5329.1680
2021-06-25,5333.1266,5428.0207,5330.7287,5415.9897
2021-06-28,5430.0879,5437.3540,5401.7778,5428.1757
2021-06-29,5424.8269,5424.8269,5356.7752,5364.8992
2021-06-30,5363.7003,5407.1628,5360.8579,5399.5245
2021-07-01,5417.2610,5428.6925,5365.2506,5405.3333
2021-07-02,5360.8889,5360.8889,5244.8165,5251.8036
2021-07-05,5244.2171,5269.4884,5217.5711,5256.6305
2021-07-06,5260.7545,5263.2661,5197.4264,5253.8501
2021-07-07,5222.1395,5325.8605,5214.8941,5313.1680
2021-07-08,5322.2842,5324.2584,5249.5401,5259.1835
2021-07-09,5233.2300,5252.1034,5174.5840,5239.7313
2021-07-12,5279.9793,5332.7235,5240.6408,5305.1266
2021-07-13,5300.8889,5327.1835,5286.7597,5314.8320
2021-07-14,5303.1008,5303.1008,5245.6124,5253.8295
2021-07-15,5243.6796,5326.9354,5237.9121,5324.5065
2021-07-16,5313.5917,5313.5917,5261.6331,5265.9121
2021-07-19,5254.5013,5292.8372,5217.1783,5285.2610
2021-07-20,5250.8734,5285.7881,5238.0982,5280.6098
2021-07-21,5294.8630,5333.8915,5294.3669,5316.8372
2021-07-22,5323.4005,5344.9199,5310.4703,5324.8062
2021-07-23,5318.2739,5318.2739,5250.6460,5260.1860
2021-07-26,5237.5297,5237.5297,5022.8424,5090.7494
2021-07-27,5089.6951,5106.8320,4908.5581,4910.9147
2021-07-28,4872.6512,4946.4186,4820.5685,4920.3928
2021-07-29,5008.5375,5021.1576,4961.2506,5013.1990
2021-07-30,4987.8036,4987.8036,4920.9716,4972.7855
2021-08-02,4955.8863,5104.7235,4921.4057,5099.4729
2021-08-03,5074.1395,5123.5452,5055.1421,5100.2171
2021-08-04,5093.2713,5146.5530,5084.9199,5146.0982
2021-08-05,5112.3204,5165.0026,5087.2765,5114.9044
2021-08-06,5109.0853,5110.4393,5056.1240,5086.8837
2021-08-09,5054.5323,5170.9457,5048.1034,5153.0336
2021-08-10,5145.0336,5213.1886,5107.2248,5212.5581
2021-08-11,5206.2842,5229.7571,5178.2739,5183.8140
2021-08-12,5165.9638,5184.7649,5129.7054,5140.4134
2021-08-13,5125.3333,5161.4884,5086.5943,5112.1240
2021-08-16,5101.7261,5140.4444,5097.0233,5107.0491
2021-08-17,5100.7752,5134.4289,4985.4160,4999.8966
2021-08-18,5001.0026,5074.4599,4980.7752,5058.6460
2021-08-19,5050.7080,5057.8501,5002.1395,5025.4677
2021-08-20,4979.3178,4997.5711,4879.4109,4929.4780
2021-08-23,4938.2222,5006.5323,4924.0413,4998.3256
2021-08-24,5007.3282,5071.0078,5005.4264,5052.5995
2021-08-25,5054.8010,5064.3618,5029.2093,5062.6977
2021-08-26,5056.5375,5056.5375,4959.8966,4962.9044
2021-08-27,4956.0413,5026.8424,4954.6150,4989.1886
2021-08-30,5009.8501,5012.0517,4948.0103,4974.9561
2021-08-31,4964.4341,4983.7313,4900.0000,4967.0388
2021-09-01,4966.0879,5071.2145,4923.3075,5033.0336
2021-09-02,5029.2713,5057.0543,5008.3928,5032.9819
2021-09-03,5038.8320,5050.6977,4990.9044,5005.7468
2021-09-06,5003.6796,5110.5426,5000.2997,5099.4625
2021-09-07,5098.6873,5174.1189,5080.7339,5160.5478
2021-09-08,5154.3152,5182.4083,5122.3669,5139.1525
2021-09-09,5118.8527,5137.1059,5095.5556,5136.9612
2021-09-10,5134.8630,5212.1964,5129.0646,5181.9328
2021-09-13,5174.9561,5198.6770,5131.7416,5159.3385
2021-09-14,5157.4470,5168.9716,5072.1654,5082.3359
2021-09-15,5068.5788,5068.5788,5005.8088,5030.8217
2021-09-16,5030.2739,5043.4419,4967.5866,4969.1990
2021-09-17,4958.2532,5021.1473,4946.8630,5019.0594
2021-09-22,4930.9871,4993.1266,4925.3023,4983.7416
2021-09-23,5011.0801,5041.1783,5000.0620,5016.2274
2021-09-24,5008.4134,5061.5607,5001.0749,5012.3307
2021-09-27,5034.4703,5087.9173,5015.1938,5041.2093
2021-09-28,5032.6408,5065.9535,5009.4367,5047.8863
2021-09-29,5008.8062,5031.5969,4961.1163,4996.3101
2021-09-30,5006.6667,5039.8656,5006.6667,5029.8501
2021-10-08,5080.8579,5102.9354,5055.9380,5095.5452
2021-10-11,5107.2765,5151.1421,5096.3411,5102.0052
2021-10-12,5085.9535,5090.9457,5003.3798,5047.8966
2021-10-13,5044.0724,5119.7623,5033.4160,5106.0568
2021-10-14,5100.0103,5120.3307,5067.9587,5078.6667
2021-10-15,5061.0439,5105.7571,5044.9716,5097.7881
2021-10-18,5087.8656,5087.8656,5007.6899,5038.5323
2021-10-19,5032.9612,5093.6848,5032.3618,5088.0827
2021-10-20,5092.2687,5110.0982,5062.9147,5075.1214
2021-10-21,5079.8346,5112.3307,5058.2429,5093.5607
2021-10-22,5100.6408,5157.5090,5100.6408,5126.3359
2021-10-25,5106.8734,5148.9922,5095.7209,5146.7907
2021-10-26,5150.6357,5170.6150,5119.8760,5129.8191
2021-10-27,5115.4832,5115.4832,5049.0336,5062.6977
2021-10-28,5046.6047,5063.2145,5009.0749,5027.5349
2021-10-29,5024.5685,5073.6641,5018.8734,5073.6641
2021-11-01,5041.9948,5073.0853,5021.4470,5054.9767
2021-11-02,5050.3152,5076.2067,4959.0698,5002.4289
2021-11-03,4998.2532,5021.9225,4965.7571,4983.0594
2021-11-04,5003.7106,5037.6641,4997.1473,5032.2894
2021-11-05,5022.1189,5053.9328,5004.3824,5005.0129
2021-11-08,5003.7726,5029.5401,4989.8605,5011.0388
2021-11-09,5021.4470,5034.4083,4980.4031,5009.5504
2021-11-10,4995.1421,4995.1421,4913.6951,4983.1421
2021-11-11,4976.5065,5063.2041,4970.6563,5063.2041
2021-11-12,5067.6279,5073.9845,5039.1214,5052.5788
2021-11-15,5058.8217,5071.1421,5026.7700,5046.3876
2021-11-16,5044.8579,5080.4858,5040.3101,5047.3592
2021-11-17,5047.2868,5055.8346,5027.9276,5049.8708
2021-11-18,5035.0594,5035.0594,4992.6718,5000.1240
2021-11-19,4994.3773,5057.1680,4991.8036,5054.3256
2021-11-22,5059.8346,5084.2377,5057.6434,5077.4160
2021-11-23,5070.5530,5093.0439,5061.3747,5078.3979
2021-11-24,5079.1008,5101.2817,5064.1964,5081.8191
2021-11-25,5082.8010,5086.6460,5056.0517,5060.9199
2021-11-26,5051.1111,5051.1111,5013.7571,5023.3902
2021-11-29,4981.9225,5021.7364,4980.5788,5014.3876
2021-11-30,5020.3411,5034.8837,4971.8036,4994.3463
2021-12-01,4994.2016,5007.2558,4985.9742,5006.5633
2021-12-02,5002.4910,5030.3359,4992.5788,5019.2868
2021-12-03,5020.1344,5065.6537,5016.3824,5065.6537
2021-12-06,5074.3463,5109.9742,5052.9096,5056.9716
2021-12-07,5096.4651,5099.8450,5059.6589,5087.4419
2021-12-08,5100.1654,5163.7519,5080.9199,5163.7519
2021-12-09,5168.6718,5286.3049,5167.3488,5249.2920
2021-12-10,5215.7829,5230.0362,5204.9716,5224.9302
2021-12-13,5261.0026,5316.6305,5250.3669,5254.5736
2021-12-14,5236.5375,5245.6951,5208.1240,5219.3282
2021-12-15,5205.4574,5230.3566,5171.8656,5174.0568
2021-12-16,5174.7907,5203.8553,5154.7494,5203.8553
2021-12-17,5190.0155,5190.8114,5121.1990,5121.1990
2021-12-20,5100.7442,5138.6770,5036.3618,5044.3618
2021-12-21,5040.3204,5082.9974,5036.6408,5078.5426
2021-12-22,5090.0052,5102.5013,5067.8760,5079.5349
2021-12-23,5089.7054,5114.9767,5071.5762,5114.9767
2021-12-24,5119.4419,5131.6899,5070.7804,5086.6563
2021-12-27,5083.3592,5105.6227,5058.5633,5084.5685
2021-12-28,5089.0853,5125.7261,5078.6563,5122.4393
2021-12-29,5125.2196,5125.2196,5047.5245,5047.5245
2021-12-30,5046.1602,5106.1292,5042.5323,5086.8320
2021-12-31,5103.3178,5116.6512,5088.5168,5106.3256
2022-01-04,5124.5271,5128.1137,5038.2739,5082.9664
2022-01-05,5072.7959,5081.4264,5014.9664,5031.6486
2022-01-06,5004.8165,5020.7339,4947.2145,4980.0827
2022-01-07,4986.3773,5019.7933,4980.0413,4984.3618
2022-01-10,4973.8811,5007.1214,4941.4160,5006.7700
2022-01-11,5002.5943,5013.8295,4952.8579,4958.9354
2022-01-12,4980.7649,5015.7416,4972.5271,5008.3514
2022-01-13,5016.0517,5016.0827,4925.3127,4926.0155
2022-01-14,4903.2661,4924.0827,4882.6253,4885.5090
2022-01-17,4887.6072,4935.6486,4885.4884,4927.4212
2022-01-18,4926.9044,4988.4238,4907.4109,4975.0388
2022-01-19,4977.5814,4990.9561,4915.6899,4940.9612
2022-01-20,4938.7700,5007.7519,4938.0568,4985.5401
2022-01-21,4970.3049,4980.1654,4922.5426,4939.8553
2022-01-24,4913.6331,4962.3773,4905.8915,4947.5349
2022-01-25,4921.9121,4942.0052,4835.4005,4835.6072
2022-01-26,4854.8837,4877.5090,4804.2687,4870.6047
2022-01-27,4866.2532,4866.6047,4771.0904,4775.0698
2022-01-28,4797.7364,4817.0749,4713.0026,4717.0749
2022-02-07,4794.3979,4829.6124,4770.0362,4789.7571
2022-02-08,4781.8501,4781.8501,4674.3876,4763.5866
2022-02-09,4762.9457,4815.9793,4749.6434,4808.3307
2022-02-10,4813.6537,4813.6537,4762.8837,4795.7209
2022-02-11,4772.9922,4819.2248,4750.2636,4755.9690
2022-02-14,4733.2506,4747.9380,4682.2326,4704.5891
2022-02-15,4706.7804,4756.0207,4703.4005,4754.6253
2022-02-16,4775.0388,4799.0698,4761.9845,4773.1163
2022-02-17,4771.9897,4806.3669,4761.7054,4784.6615
2022-02-18,4759.2455,4807.5866,4752.5581,4807.4832
2022-02-21,4802.1189,4802.7597,4768.2687,4789.9845
2022-02-22,4756.5065,4756.6615,4703.6693,4727.8036
2022-02-23,4735.9276,4780.6718,4733.1163,4778.3463
2022-02-24,4746.3256,4765.7674,4639.2558,4681.4677
2022-02-25,4717.9638,4766.7804,4715.1421,4727.0491
2022-02-28,4717.0439,4735.5556,4682.8734,4735.5556
2022-03-01,4752.3101,4778.7390,4737.9018,4774.8734
2022-03-02,4748.3411,4748.3411,4711.5659,4732.4031
2022-03-03,4749.3747,4753.9018,4697.0853,4704.5271
2022-03-04,4664.9716,4691.8760,4632.0310,4647.4729
2022-03-07,4612.4238,4612.4238,4484.0310,4498.9974
2022-03-08,4508.1550,4530.9044,4395.3902,4408.6718
2022-03-09,4424.7855,4449.0749,4204.8475,4368.3204
2022-03-10,4471.5245,4481.3127,4432.5685,4437.0439
2022-03-11,4373.3333,4461.0233,4316.7442,4451.1835
2022-03-14,4390.8527,4424.1447,4314.9974,4314.9974
2022-03-15,4264.0724,4303.2765,4117.6331,4117.6331
2022-03-16,4189.2506,4308.6202,4075.3075,4295.6899
2022-03-17,4380.0207,4447.2765,4359.4832,4380.0517
2022-03-18,4360.1757,4427.2558,4335.8553,4409.1990
2022-03-21,4423.9173,4431.8553,4364.8786,4401.8088
2022-03-22,4395.4212,4427.2145,4379.0078,4398.2429
2022-03-23,4413.0336,4431.6072,4384.4548,4420.1757
2022-03-24,4392.2791,4417.5297,4358.5013,4394.1189
2022-03-25,4391.8036,4397.7674,4314.1395,4314.8010
2022-03-28,4267.5349,4314.3359,4228.7339,4287.8243
2022-03-29,4295.0078,4317.5297,4263.2765,4273.0129
2022-03-30,4301.9845,4397.0026,4300.5065,4397.0026
2022-03-31,4376.9716,4390.0362,4356.1137,4364.4444
2022-04-01,4339.8656,4434.8010,4330.8320,4419.8036
2022-04-06,4401.8915,4421.2093,4379.0491,4407.0698
2022-04-07,4382.4496,4421.8191,4347.0181,4350.4910
2022-04-08,4354.7390,4380.1654,4315.7933,4372.8889
2022-04-11,4345.0026,4345.0026,4226.4496,4237.7984
2022-04-12,4240.7959,4320.3824,4212.7132,4320.3824
2022-04-13,4293.9638,4334.9251,4278.8010,4278.8010
2022-04-14,4312.8062,4358.7183,4295.1421,4332.3721
2022-04-15,4302.1912,4352.7855,4292.4755,4329.4574
2022-04-18,4292.4341,4311.8760,4258.3876,4306.3359
2022-04-19,4301.7364,4327.5866,4253.6641,4273.7984
2022-04-20,4269.2920,4275.1111,4196.8992,4207.5349
2022-04-21,4184.7339,4223.7106,4112.0103,4130.0568
2022-04-22,4100.4651,4172.6925,4086.5323,4148.0620
2022-04-25,4065.5814,4091.1731,3943.0594,3943.0594
2022-04-26,3950.8941,4001.9121,3900.6718,3911.2351
2022-04-27,3884.3204,4026.5943,3883.2972,4026.3979
2022-04-28,4013.8708,4075.8966,4003.7003,4052.8269
2022-04-29,4071.9587,4152.3824,4029.5297,4151.1525
2022-05-05,4129.5607,4175.4005,4122.9251,4144.9199
2022-05-06,4060.8269,4079.8346,4033.1266,4040.1240
2022-05-09,4014.4186,4045.5917,3984.4341,4007.6899
2022-05-10,3948.9716,4064.7855,3936.5065,4051.5452
2022-05-11,4049.5401,4168.7855,4048.0827,4109.9948
2022-05-12,4082.6357,4119.8243,4067.7933,4091.7209
2022-05-13,4117.6434,4138.3463,4090.0672,4122.5840
2022-05-16,4149.8708,4153.0026,4080.3618,4089.4470
2022-05-17,4094.8424,4140.4548,4087.9587,4140.4548
2022-05-18,4149.8811,4152.2894,4097.9328,4126.0052
2022-05-19,4070.5943,4133.9535,4065.8915,4133.9535
2022-05-20,4155.8863,4214.5736,4155.8863,4214.5736
2022-05-23,4218.0568,4218.0568,4164.4238,4190.1602
2022-05-24,4189.0129,4192.0207,4092.1447,4092.1447
2022-05-25,4092.7855,4117.4367,4079.3902,4116.9819
2022-05-26,4121.6331,4150.6460,4070.5323,4127.1731
2022-05-27,4157.8398,4187.2248,4117.1886,4135.7106
2022-05-30,4155.9276,4176.5581,4137.8605,4164.3618
2022-05-31,4167.1938,4233.7984,4155.4315,4228.9612
2022-06-01,4223.8966,4232.4548,4195.1938,4220.3411
2022-06-02,4200.5168,4228.5788,4194.2222,4226.9457
2022-06-06,4227.9380,4306.5840,4200.4238,4306.0362
2022-06-07,4305.6227,4339.1111,4294.7494,4319.5142
2022-06-08,4327.8036,4366.7287,4297.7054,4361.5607
2022-06-09,4353.1990,4369.4574,4300.6512,4315.9380
2022-06-10,4284.9096,4383.8243,4279.2972,4381.3850
2022-06-13,4335.3592,4359.9276,4296.3411,4330.0775
2022-06-14,4282.3979,4365.9845,4240.7545,4364.1447
2022-06-15,4370.3256,4494.4910,4370.3256,4421.9328
2022-06-16,4425.9225,4447.4625,4383.5452,4392.8269
2022-06-17,4360.9612,4463.8450,4360.3928,4453.7881
2022-06-20,4468.0413,4515.1008,4442.2636,4475.8966
2022-06-21,4473.3023,4503.7106,4431.1525,4470.8734
2022-06-22,4477.4160,4478.7390,4412.6615,4414.0775
2022-06-23,4421.6641,4489.7984,4404.0310,4489.7984
2022-06-24,4500.8269,4548.5168,4492.1137,4542.3979
2022-06-27,4562.6150,4622.9354,4562.6150,4593.5504
2022-06-28,4591.8140,4648.9819,4555.4005,4641.3643
2022-06-29,4622.9767,4654.3979,4562.2739,4569.8811
2022-06-30,4566.4806,4666.6667,4566.4806,4635.6693
2022-07-01,4640.3307,4652.1860,4598.7494,4616.7649
2022-07-04,4596.6098,4647.0594,4576.5581,4647.0594
2022-07-05,4656.8062,4682.5013,4588.5788,4640.3514
2022-07-06,4625.8191,4634.9974,4541.0026,4572.5788
2022-07-07,4573.9328,4607.0698,4538.6977,4592.7339
2022-07-08,4618.1499,4629.9638,4575.5969,4577.5504
2022-07-11,4554.1602,4554.1602,4476.0517,4500.8992
2022-07-12,4498.8630,4517.1473,4440.9509,4458.5220
2022-07-13,4458.2532,4487.3075,4428.8786,4466.6253
2022-07-14,4453.5607,4498.2946,4436.9612,4467.2558
2022-07-15,4443.8966,4490.8114,4391.2455,4391.2455
2022-07-18,4405.3230,4445.2506,4359.1835,4436.7855
2022-07-19,4432.4961,4432.4961,4381.2093,4412.7545
2022-07-20,4435.4315,4447.9276,4413.4057,4427.7003
2022-07-21,4413.8088,4427.0284,4378.3463,4378.3566
2022-07-22,4394.6150,4419.0904,4348.6408,4380.5995
2022-07-25,4376.1550,4377.0956,4343.0698,4354.1499
2022-07-26,4361.8501,4403.0904,4356.1034,4388.6098
2022-07-27,4378.4496,4384.5995,4358.9457,4366.9664
2022-07-28,4384.7752,4411.2868,4364.8889,4367.6176
2022-07-29,4368.3928,4386.0568,4300.6408,4310.1809
2022-08-01,4300.4134,4337.5401,4268.1654,4329.3850
2022-08-02,4283.5969,4283.5969,4208.1964,4244.9819
2022-08-03,4253.0543,4290.4186,4194.5013,4203.5969
2022-08-04,4226.8114,4246.1602,4201.1990,4239.3178
2022-08-05,4247.6796,4299.2145,4235.5142,4296.5478
2022-08-08,4281.2506,4295.3282,4273.9845,4287.4109
2022-08-09,4282.8630,4301.6124,4270.2119,4295.9070
2022-08-10,4288.5891,4300.5581,4230.0258,4247.7933
2022-08-11,4269.4987,4334.6873,4254.3256,4334.4083
2022-08-12,4326.0155,4343.6382,4315.2972,4331.9380
2022-08-15,4320.4134,4361.6744,4314.5220,4326.2842
2022-08-16,4331.2972,4350.1809,4310.6150,4318.1809
2022-08-17,4323.0698,4364.6408,4294.7494,4358.6150
2022-08-18,4347.0698,4353.3953,4313.7364,4320.5168
2022-08-19,4314.7804,4326.2636,4290.5116,4290.5116
2022-08-22,4274.0672,4324.1860,4273.0749,4321.8605
2022-08-23,4315.7933,4328.0517,4286.7287,4300.8579
2022-08-24,4308.6098,4314.3773,4216.1137,4219.5556
2022-08-25,4230.7907,4258.0052,4195.0904,4254.5116
2022-08-26,4266.4703,4278.8527,4240.4961,4245.5297
2022-08-29,4200.3928,4230.4393,4195.9690,4226.8941
2022-08-30,4225.8708,4230.6357,4184.5168,4212.7028
2022-08-31,4193.4264,4251.0078,4182.5530,4215.8553
2022-09-01,4202.7804,4228.3101,4176.8786,4179.5762
2022-09-02,4191.0491,4192.4341,4139.4419,4158.7700
2022-09-05,4145.1266,4151.9380,4116.5271,4150.3152
2022-09-06,4159.6589,4190.1809,4144.2687,4188.4031
2022-09-07,4168.1860,4204.1757,4163.6899,4191.1938
2022-09-08,4195.5245,4204.4031,4171.5969,4173.3127
2022-09-09,4186.6563,4236.7028,4178.0362,4231.3075
2022-09-13,4250.1395,4266.7804,4234.7700,4249.2093
2022-09-14,4194.3566,4226.4186,4183.8966,4201.9225
2022-09-15,4215.6589,4226.1602,4133.1886,4162.3979
2022-09-16,4148.4031,4154.4289,4064.7855,4064.7855
2022-09-19,4060.3824,4086.4599,4041.6641,4059.9483
2022-09-20,4078.1912,4090.4910,4053.4264,4064.9509
2022-09-21,4053.0439,4056.2171,4014.7080,4034.8630
2022-09-22,4005.3540,4031.2868,3989.9018,3999.3178
2022-09-23,3994.9354,4019.0181,3958.3359,3985.5504
2022-09-26,3958.2429,4024.1034,3956.5375,3965.5607
2022-09-27,3973.1990,4023.8036,3956.5168,4023.0491
2022-09-28,4009.7571,4009.7571,3956.6408,3957.3230
2022-09-29,3994.1292,4003.2868,3936.5891,3955.7003
2022-09-30,3962.1189,3977.8811,3928.9716,3932.7028
2022-10-10,3934.4289,3935.3592,3840.5271,3845.9328
2022-10-11,3857.3850,3865.4367,3830.5530,3852.9096
2022-10-12,3847.9276,3911.4315,3784.5271,3911.4315
2022-10-13,3882.6047,3910.6977,3875.5969,3878.7287
2022-10-14,3910.4083,3993.0026,3907.8450,3971.5452
2022-10-17,3950.6357,3978.9354,3937.0749,3975.6176
2022-10-18,3995.6899,4000.2274,3959.8656,3967.2041
2022-10-19,3956.0413,3969.4987,3903.3902,3903.3902
2022-10-20,3872.4341,3932.0413,3851.9793,3881.0646
2022-10-21,3879.9897,3895.2868,3849.8088,3868.6202
2022-10-24,3853.1473,3888.5375,3741.5917,3755.4212
2022-10-25,3743.6072,3794.0362,3715.4522,3749.3023
2022-10-26,3755.3592,3825.1990,3755.3592,3779.7416
2022-10-27,3790.8630,3808.8682,3753.0336,3753.1163
2022-10-28,3726.2636,3740.4238,3652.1964,3660.2894
2022-10-31,3622.2326,3672.7545,3613.3850,3626.5633
2022-11-01,3638.0568,3756.2481,3635.7829,3756.2481
2022-11-02,3741.9845,3827.8760,3732.0930,3801.3540
2022-11-03,3767.5039,3793.4470,3750.3876,3770.4393
2022-11-04,3769.2713,3909.9535,3769.2713,3893.7158
2022-11-07,3880.6408,3920.1964,3872.2171,3902.1189
2022-11-08,3900.4238,3906.0672,3848.4134,3875.2765
2022-11-09,3876.7752,3886.7287,3835.9380,3839.0388
2022-11-10,3809.6434,3825.8708,3788.1757,3809.4987
2022-11-11,3914.9974,3957.5194,3872.9612,3915.7003
2022-11-14,3946.3979,3977.6848,3908.8165,3921.4677
2022-11-15,3916.2067,4001.6951,3902.3256,3995.8346
2022-11-16,3990.5013,4007.9380,3957.9432,3963.1938
2022-11-17,3949.6331,3950.1189,3903.4315,3946.9354
2022-11-18,3952.2687,3969.3023,3929.2713,3929.2713
2022-11-21,3896.2584,3896.5065,3859.4315,3895.7416
2022-11-22,3892.5891,3937.8398,3877.0439,3896.1964
2022-11-23,3886.5323,3918.5323,3879.2868,3900.2894
2022-11-24,3918.9044,3932.7132,3877.3953,3883.0078
2022-11-25,3877.2920,3917.9018,3869.1576,3902.6150
2022-11-28,3826.2532,3861.5814,3795.4832,3858.6460
2022-11-29,3893.0956,3984.2584,3893.0956,3977.6951
2022-11-30,3965.4367,3997.5814,3962.6150,3982.4703
2022-12-01,4053.0233,4077.0646,4024.6718,4025.6021
2022-12-02,4016.9509,4029.0543,3995.7416,4000.9819
2022-12-05,4038.9044,4080.0827,4031.7003,4079.4625
2022-12-06,4060.9922,4122.8941,4054.7804,4101.4987
2022-12-07,4089.5814,4133.9432,4076.6718,4091.4109
2022-12-08,4085.9948,4104.8992,4073.6951,4092.1757
2022-12-09,4095.0801,4137.7984,4076.9406,4132.5478
2022-12-12,4109.7364,4117.2403,4083.0181,4086.2429
2022-12-13,4086.3566,4097.5711,4072.3307,4078.2222
2022-12-14,4085.5711,4106.1912,4067.9793,4087.7416
2022-12-15,4087.5142,4096.6408,4058.3979,4084.7442
2022-12-16,4063.2868,4093.5090,4061.4884,4087.0594
2022-12-19,4085.5504,4099.8140,4008.7235,4024.0000
2022-12-20,4011.6072,4011.6486,3939.5142,3957.6434
2022-12-21,3967.9587,3983.1835,3949.7674,3959.2145
2022-12-22,3988.8372,4012.5375,3949.7054,3964.8889
2022-12-23,3939.6589,3977.6124,3933.7984,3956.8165
2022-12-26,3959.2455,3986.3669,3956.0930,3972.5995
2022-12-27,3990.6047,4022.5840,3986.1292,4018.4496
2022-12-28,4005.0749,4015.2145,3984.4341,4001.3023
2022-12-29,3983.7106,3998.2326,3967.4212,3986.2532
2022-12-30,4004.0724,4018.1395,3998.7183,4001.6848
2023-01-03,3994.6667,4024.7959,3959.9483,4018.5013
2023-01-04,4016.7959,4037.1059,4003.7726,4023.7209
2023-01-05,4044.9509,4108.4031,4043.6796,4101.8915
2023-01-06,4102.8941,4134.7907,4099.7106,4114.6150
2023-01-09,4132.8475,4158.2326,4124.7649,4147.9276
2023-01-10,4149.5711,4165.8501,4136.6718,4152.4238
2023-01-11,4154.9147,4179.2248,4142.6563,4144.7339
2023-01-12,4156.8475,4165.6744,4137.9948,4152.8372
2023-01-13,4167.7416,4211.2455,4163.1938,4211.2455
2023-01-16,4214.8630,4317.4160,4213.5814,4276.9612
2023-01-17,4277.8708,4287.9380,4256.4961,4276.2171
2023-01-18,4279.1731,4290.9147,4264.3618,4269.0543
2023-01-19,4264.1654,4295.6176,4243.9070,4295.6176
2023-01-20,4306.8114,4330.5736,4301.4677,4321.9948
2023-01-30,4410.9767,4411.5245,4338.8734,4342.4806
2023-01-31,4341.6848,4354.2429,4292.5581,4296.4961
2023-02-01,4310.2119,4336.8786,4276.7649,4336.8786
2023-02-02,4348.7442,4348.7442,4310.6563,4321.6021
2023-02-03,4301.8398,4301.8398,4241.0026,4280.7545
2023-02-06,4241.6848,4243.8656,4201.7778,4224.1654
2023-02-07,4235.9793,4245.3127,4214.9457,4231.7623
2023-02-08,4237.5814,4249.5814,4209.4574,4213.0646
2023-02-09,4204.1964,4269.6227,4201.2920,4269.6227
2023-02-10,4262.6357,4263.8656,4229.8191,4244.2481
2023-02-13,4236.5685,4285.7364,4229.7364,4282.7597
2023-02-14,4290.6977,4291.5245,4263.8346,4284.5375
2023-02-15,4286.1499,4293.2506,4254.2326,4262.2119
2023-02-16,4263.9897,4307.9070,4205.5401,4230.9974
2023-02-17,4223.4832,4242.5220,4168.4031,4170.0362
2023-02-20,4175.6693,4273.7571,4171.0388,4272.3411
2023-02-21,4268.7959,4291.2661,4254.5426,4283.5659
2023-02-22,4257.3333,4273.7778,4239.6486,4244.9096
2023-02-23,4244.1447,4271.2041,4225.5401,4241.4987
2023-02-24,4238.7494,4240.4238,4184.2274,4197.4677
2023-02-27,4176.1860,4203.6486,4170.0465,4179.6796
2023-02-28,4194.4496,4211.1214,4161.7054,4206.1602
2023-03-01,4205.4057,4274.3979,4197.6434,4265.5711
2023-03-02,4258.3876,4276.2274,4252.0207,4256.0620
2023-03-03,4264.6202,4274.1189,4238.1189,4269.3023
2023-03-06,4269.9225,4271.6693,4225.7881,4247.0388
2023-03-07,4241.4884,4263.5245,4182.5013,4184.8579
2023-03-08,4166.1395,4172.9096,4146.2739,4169.6227
2023-03-09,4171.4109,4179.6899,4135.2868,4154.8837
2023-03-10,4125.8915,4138.8734,4099.6693,4100.4031
2023-03-13,4095.7519,4143.3488,4095.7519,4143.3488
2023-03-14,4134.2429,4136.3721,4079.5245,4118.5530
2023-03-15,4146.6047,4153.7468,4120.8269,4120.8269
2023-03-16,4091.1628,4115.0594,4068.7132,4071.4729
2023-03-17,4104.5581,4138.7287,4077.7778,4091.8036
2023-03-20,4095.7726,4113.2300,4067.2041,4071.4005
2023-03-21,4080.7855,4116.4858,4080.7855,4116.1550
2023-03-22,4127.9380,4151.3695,4120.6305,4133.7881
2023-03-23,4119.8863,4174.7700,4117.8295,4174.7700
2023-03-24,4170.7080,4173.4780,4151.9380,4162.3256
2023-03-27,4158.4496,4158.4496,4120.9612,4147.2661
2023-03-28,4150.5943,4158.9457,4128.7855,4133.8605
2023-03-29,4148.4134,4152.7235,4126.7907,4140.7132
2023-03-30,4144.2481,4176.2274,4117.7261,4174.1912
2023-03-31,4181.3437,4200.0724,4175.6693,4187.0078
2023-04-03,4195.9897,4232.4961,4195.4109,4227.9793
2023-04-04,4226.6563,4240.9922,4217.1266,4240.9406
2023-04-06,4221.3230,4236.5168,4215.4005,4234.2532
2023-04-07,4234.5220,4270.0879,4229.6434,4261.7881
2023-04-10,4270.8114,4271.1111,4236.7442,4242.6977
2023-04-11,4246.5220,4254.3876,4220.6615,4237.8811
2023-04-12,4240.2067,4246.2532,4227.6796,4234.9251
2023-04-13,4218.4910,4226.2326,4195.9380,4205.6641
2023-04-14,4215.9897,4235.8863,4212.0930,4229.4574
2023-04-17,4227.4625,4288.7649,4226.8837,4288.7649
2023-04-18,4278.3566,4309.7364,4277.4780,4301.8398
2023-04-19,4299.1111,4299.1111,4256.9819,4263.1111
2023-04-20,4261.4470,4264.4134,4231.5245,4251.1835
2023-04-21,4252.4651,4252.4651,4167.3488,4168.0310
2023-04-24,4166.7183,4169.1370,4101.1990,4116.4238
2023-04-25,4118.9767,4125.7778,4057.3023,4095.7829
2023-04-26,4082.9561,4109.2093,4066.8320,4092.2274
2023-04-27,4080.6512,4133.4677,4075.2661,4122.3979
2023-04-28,4127.4005,4165.8398,4127.4005,4164.4341
2023-05-04,4148.2894,4171.3488,4135.5349,4165.6331
2023-05-05,4166.5013,4183.5659,4132.7028,4151.8140
2023-05-08,4163.4212,4207.5142,4153.9638,4199.1318
2023-05-09,4202.0052,4230.3359,4161.6434,4163.1835
2023-05-10,4152.9096,4154.0672,4118.4806,4131.1318
2023-05-11,4140.3411,4153.0336,4122.4599,4124.7132
2023-05-12,4121.7261,4133.7261,4069.7984,4070.0362
2023-05-15,4071.1421,4133.2196,4054.8114,4133.2196
2023-05-16,4136.9716,4139.5556,4100.2481,4111.8450
2023-05-17,4105.1163,4116.3824,4078.2532,4093.1990
2023-05-18,4098.7287,4116.5065,4071.8863,4088.9612
2023-05-19,4078.7804,4100.5478,4060.2791,4077.0439
2023-05-22,4073.3850,4119.2765,4068.0103,4102.6667
2023-05-23,4101.5297,4105.3643,4044.6408,4044.6408
2023-05-24,4034.9147,4034.9147,3988.7235,3988.7235
2023-05-25,3980.7855,3991.0904,3946.0879,3979.8450
2023-05-26,3977.6951,3989.2817,3943.7416,3980.3101
2023-05-29,3991.8140,3996.6098,3947.4729,3962.7287
2023-05-30,3956.3721,3973.1370,3916.5581,3966.6667
2023-05-31,3955.7209,3955.7209,3908.4238,3926.1395
2023-06-01,3915.8553,3960.9406,3913.9328,3934.7494
2023-06-02,3949.9948,3995.1214,3949.9948,3991.5556
2023-06-05,3990.2429,3990.2429,3961.1990,3973.3850
2023-06-06,3969.4677,3997.7778,3930.5840,3936.0827
2023-06-07,3943.6486,3951.5349,3907.0801,3916.6305
2023-06-08,3918.4289,3963.1938,3904.6822,3948.5168
2023-06-09,3950.8114,3965.5814,3939.2455,3965.5814
2023-06-12,3955.8966,3989.3747,3941.9742,3973.5711
2023-06-13,3967.0594,3997.2093,3962.2326,3994.7390
2023-06-14,4002.8114,4022.3979,3991.7933,3993.8191
2023-06-15,4001.8295,4057.3643,4001.8295,4057.3643
2023-06-16,4064.2997,4101.3023,4060.5065,4096.4858
2023-06-19,4089.9535,4089.9535,4054.2326,4062.9561
2023-06-20,4057.9742,4069.7571,4050.0982,4056.0620
2023-06-21,4040.4134,4051.8140,3993.8295,3993.8295
2023-06-26,3962.2119,3970.3256,3928.7339,3937.6744
2023-06-27,3939.7313,3981.2920,3934.1809,3974.6047
2023-06-28,3965.4884,3976.0724,3936.0827,3969.8191
2023-06-29,3965.6124,3969.7261,3945.6124,3950.2222
2023-06-30,3944.5271,3989.6951,3941.6537,3971.5245
2023-07-03,3982.7287,4028.2481,3982.7287,4023.6486
2023-07-04,4018.6357,4030.9871,4008.6822,4029.9845
2023-07-05,4026.0362,4030.5116,3993.9328,3998.7700
2023-07-06,3986.5943,4007.1214,3965.3333,3971.8346
2023-07-07,3960.3101,3973.9948,3947.3695,3954.2119
2023-07-10,3970.6047,3995.3075,3960.6408,3973.4677
2023-07-11,3983.2558,4000.6718,3973.6641,3999.4729
2023-07-12,3994.4186,4004.1757,3967.5039,3972.5478
2023-07-13,3985.1783,4032.1447,3985.1783,4029.3747
2023-07-14,4035.7623,4039.7829,4024.5891,4030.0775
2023-07-17,4012.0103,4012.0103,3981.6641,3997.0749
2023-07-18,4001.0749,4001.0749,3973.6537,3984.4341
2023-07-19,3977.7571,3989.6744,3959.0801,3980.2274
2023-07-20,3987.3592,4005.8088,3946.9871,3952.1344
2023-07-21,3945.1990,3978.8217,3936.7442,3950.2946
2023-07-24,3931.1111,3957.4057,3926.4083,3933.0439
2023-07-25,3996.5271,4047.3488,3996.5271,4046.6357
2023-07-26,4039.4522,4044.4238,4024.1860,4038.2532
2023-07-27,4045.7158,4067.5556,4025.5194,4033.4367
2023-07-28,4020.4548,4135.3178,4017.1059,4126.8630
2023-07-31,4153.8915,4200.8889,4136.5168,4149.4884
2023-08-01,4143.8553,4167.1318,4116.8269,4132.2997
2023-08-02,4119.5866,4142.9767,4091.4832,4103.2558
2023-08-03,4095.2248,4139.5349,4095.2248,4139.5142
2023-08-04,4169.2196,4194.5633,4146.3773,4155.6382
2023-08-07,4137.4367,4137.4367,4110.6150,4124.1860
2023-08-08,4113.7364,4136.7339,4096.5995,4113.4160
2023-08-09,4100.6305,4115.8760,4094.9251,4100.8475
2023-08-10,4095.9793,4110.0362,4077.9225,4109.2713
2023-08-11,4111.6072,4111.6072,4014.7287,4014.7287
2023-08-14,3969.9121,3989.1163,3942.1912,3985.4367
2023-08-15,3987.9793,3995.1214,3939.7209,3975.7519
2023-08-16,3959.5142,3981.8295,3945.8708,3946.5943
2023-08-17,3928.8889,3965.0129,3909.5607,3959.7933
2023-08-18,3961.1990,3973.3333,3911.1111,3911.1111
2023-08-21,3899.9793,3909.1576,3854.8424,3854.8424
2023-08-22,3873.9742,3896.7028,3829.1266,3884.4755
2023-08-23,3877.7984,3882.3463,3819.1525,3820.8062
2023-08-24,3836.2171,3874.7907,3825.9121,3848.5065
2023-08-25,3827.9173,3859.6589,3819.9897,3833.7468
2023-08-28,4042.9457,4042.9457,3866.1809,3878.6770
2023-08-29,3868.7855,3938.3773,3867.7829,3917.4264
2023-08-30,3930.8734,3941.8088,3907.2248,3915.7726
2023-08-31,3914.1395,3921.4470,3888.3721,3891.7519
2023-09-01,3905.8501,3936.4651,3905.8501,3918.8527
2023-09-04,3941.0749,3983.7313,3932.3928,3978.2429
2023-09-05,3968.5581,3968.5581,3942.4599,3948.6512
2023-09-06,3936.0207,3945.7571,3918.2326,3940.0827
2023-09-07,3929.9535,3929.9535,3883.0491,3884.7235
2023-09-08,3873.5401,3879.3385,3850.1189,3865.6227
2023-09-11,3866.2326,3915.5762,3860.1757,3894.0982
2023-09-12,3890.7804,3901.9018,3881.5711,3886.9251
2023-09-13,3885.9018,3895.4212,3844.0413,3862.1705
2023-09-14,3862.4703,3874.7494,3842.1809,3858.9251
2023-09-15,3866.4496,3874.9561,3823.6486,3833.3643
2023-09-18,3823.1835,3863.0801,3815.1008,3852.9302
2023-09-19,3848.4961,3849.1680,3827.0698,3845.4780
2023-09-20,3840.7855,3843.4315,3829.5917,3830.1705
2023-09-21,3822.5426,3833.0336,3795.8036,3795.8036
2023-09-22,3796.0103,3866.0672,3787.8760,3864.5271
2023-09-25,3863.6279,3863.6279,3835.8656,3839.3798
2023-09-26,3836.3928,3848.9406,3816.6615,3816.9406
2023-09-27,3819.0801,3856.4755,3818.4910,3824.8062
2023-09-28,3835.8760,3840.8889,3809.0956,3813.4574
2023-10-09,3802.5116,3818.2636,3764.3411,3808.5065
2023-10-10,3820.4134,3825.5917,3778.3876,3779.9793
2023-10-11,3798.1912,3813.4677,3781.2506,3790.7494
2023-10-12,3822.1499,3836.1757,3806.5530,3826.7494
2023-10-13,3801.5090,3801.7468,3774.9974,3786.4703
2023-10-16,3787.1214,3787.1214,3737.2300,3748.4238
2023-10-17,3757.4160,3768.0310,3740.7028,3761.6537
2023-10-18,3753.0439,3754.0672,3730.2119,3731.8656
2023-10-19,3709.0646,3709.0646,3650.9664,3652.2377
2023-10-20,3636.5375,3654.4289,3619.3592,3628.5168
2023-10-23,3617.7778,3623.1008,3566.5633,3590.9457
2023-10-24,3598.7183,3612.4031,3569.0956,3604.2687
2023-10-25,3642.6873,3650.4703,3618.5220,3622.1809
2023-10-26,3601.8398,3633.6641,3594.8837,3632.1860
2023-10-27,3618.7804,3696.7339,3611.9380,3682.0568
2023-10-30,3673.4987,3713.4057,3673.4057,3704.1550
2023-10-31,3701.9948,3701.9948,3673.9845,3692.5168
2023-11-01,3726.8837,3727.5556,3684.3824,3690.9871
2023-11-02,3700.3307,3718.0052,3673.1163,3673.5814
2023-11-03,3678.0672,3716.8992,3678.0672,3704.5375
2023-11-06,3729.5297,3757.9225,3721.5814,3754.6357
2023-11-07,3745.5090,3750.3463,3727.4419,3741.3540
2023-11-08,3731.9276,3748.8889,3712.4755,3732.3721
2023-11-09,3724.1447,3746.1602,3722.3463,3734.1912
2023-11-10,3716.8682,3720.3618,3696.2274,3706.9664
2023-11-13,3714.6357,3720.2997,3682.4496,3699.6486
2023-11-14,3701.3953,3721.0853,3688.7649,3702.3876
2023-11-15,3738.3773,3742.2222,3717.7468,3728.4238
2023-11-16,3721.9432,3726.3979,3692.3618,3692.3618
2023-11-17,3680.9406,3693.7261,3666.1809,3687.9276
2023-11-20,3689.6434,3707.4625,3664.1860,3696.4548
2023-11-21,3708.4031,3736.4961,3695.7933,3701.3643
2023-11-22,3689.3437,3694.4496,3663.4832,3663.4832
2023-11-23,3660.4031,3681.7261,3648.5168,3681.1576
2023-11-24,3680.2584,3680.2584,3652.7132,3656.8579
2023-11-27,3653.1680,3653.1680,3610.1912,3629.9121
2023-11-28,3628.5891,3639.3282,3618.7183,3636.7132
2023-11-29,3637.0853,3637.4160,3599.2145,3605.4884
2023-11-30,3602.6047,3622.8734,3598.3979,3613.6434
2023-12-01,3611.5969,3611.5969,3568.1344,3599.8760
2023-12-04,3597.9742,3605.3023,3575.8243,3576.3721
2023-12-05,3565.9845,3565.9845,3507.8140,3508.2791
2023-12-06,3501.6848,3535.1731,3496.5891,3513.7984
2023-12-07,3508.3307,3518.7700,3482.9664,3505.1990
2023-12-08,3505.7984,3523.9070,3497.1059,3513.6537
2023-12-11,3491.5245,3541.7158,3459.3178,3534.3152
2023-12-12,3524.5478,3542.6873,3520.5168,3541.9121
2023-12-13,3533.4780,3533.4780,3482.8010,3482.8010
2023-12-14,3501.1680,3513.3230,3463.3178,3464.5581
2023-12-15,3479.0078,3502.3256,3451.7003,3453.7984
2023-12-18,3441.0233,3464.9612,3426.2636,3441.2093
2023-12-19,3437.3747,3458.1705,3424.4858,3446.0362
2023-12-20,3446.3359,3450.6873,3408.1344,3408.2687
2023-12-21,3395.9690,3451.5349,3394.3049,3442.7597
2023-12-22,3441.3127,3471.8966,3427.2868,3449.3333
2023-12-25,3442.2016,3461.3747,3442.2016,3459.8966
2023-12-26,3457.7778,3457.7984,3427.3282,3436.4755
2023-12-27,3438.6873,3453.5090,3420.8475,3448.4341
2023-12-28,3447.6072,3538.3979,3443.1111,3529.2403
2023-12-29,3525.6951,3547.8450,3524.1137,3546.3669
2024-01-02,3541.3643,3541.3643,3500.1034,3500.1034
2024-01-03,3493.2817,3506.8217,3475.6176,3491.7829
2024-01-04,3488.3928,3488.3928,3435.5142,3459.4832
2024-01-05,3453.5504,3485.8295,3424.8579,3440.9406
2024-01-08,3434.2222,3445.4987,3393.6331,3396.4444
2024-01-09,3397.1163,3415.6072,3383.8140,3403.1008
2024-01-10,3391.9070,3424.2067,3378.0362,3387.2145
2024-01-11,3385.3333,3422.3359,3376.5271,3406.3773
2024-01-12,3394.6873,3421.6744,3389.8708,3394.4910
2024-01-15,3379.9483,3418.0052,3370.8217,3391.1318
2024-01-16,3382.5013,3411.7623,3369.9638,3411.7623
2024-01-17,3401.6951,3401.6951,3337.5504,3337.5504
2024-01-18,3322.2532,3389.4057,3278.1705,3384.7339
2024-01-19,3370.7907,3397.3540,3361.0439,3379.6176
2024-01-22,3372.0620,3391.6486,3300.4444,3327.0284
2024-01-23,3316.2067,3358.6873,3295.2248,3340.4961
2024-01-24,3354.9974,3391.7209,3297.6434,3387.1938
2024-01-25,3384.3307,3456.5788,3379.6279,3455.2145
2024-01-26,3438.3979,3464.5685,3426.4910,3445.8088
2024-01-29,3447.4315,3463.9483,3414.9457,3414.9457
2024-01-30,3394.2119,3411.0594,3353.9742,3354.0465
2024-01-31,3340.0930,3361.3953,3309.4884,3323.3592
2024-02-01,3309.8295,3360.9922,3299.1214,3325.7984
2024-02-02,3328.0310,3344.0930,3212.7649,3286.4393
2024-02-05,3270.5426,3342.4806,3216.0413,3307.9276
2024-02-06,3292.2481,3425.8501,3289.7364,3422.9354
2024-02-07,3425.3540,3455.9483,3400.1757,3455.9483
2024-02-08,3463.9897,3480.3204,3449.0749,3477.9638
2024-02-19,3507.1731,3518.1499,3477.1473,3518.1499
2024-02-20,3509.2403,3530.6357,3493.6434,3525.4264
2024-02-21,3504.2481,3617.7054,3497.3540,3572.9922
2024-02-22,3566.2532,3603.8036,3564.2481,3603.7933
2024-02-23,3608.6202,3625.3850,3589.6331,3606.9664
2024-02-26,3602.6253,3609.9328,3561.1266,3569.3643
2024-02-27,3555.6072,3612.1860,3552.9096,3612.1860
2024-02-28,3617.3953,3639.9587,3566.1602,3566.1602
2024-02-29,3553.3850,3634.1912,3553.3850,3634.1912
2024-03-01,3633.1370,3663.4212,3621.1473,3656.6408
2024-03-04,3657.2300,3667.8966,3637.9948,3659.8140
2024-03-05,3643.3695,3690.6357,3637.2920,3685.2817
2024-03-06,3676.0000,3697.5607,3664.1860,3670.3359
2024-03-07,3667.2868,3689.8398,3641.2403,3648.2894
2024-03-08,3648.1137,3667.7106,3629.5401,3663.9897
2024-03-11,3665.0543,3709.8295,3661.2713,3709.8295
2024-03-12,3713.2610,3726.8217,3694.2739,3718.3359
2024-03-13,3715.1628,3715.1628,3683.0698,3692.3618
2024-03-14,3691.7726,3718.3049,3664.7132,3681.8811
2024-03-15,3674.3256,3692.8269,3652.3824,3689.9121
2024-03-18,3697.2196,3725.1163,3693.4367,3724.5788
2024-03-19,3714.0465,3732.0310,3697.3540,3697.8088
2024-03-20,3688.5995,3710.1292,3688.2997,3705.8191
2024-03-21,3713.7674,3722.0775,3695.1214,3701.3850
2024-03-22,3691.2351,3695.8346,3641.1783,3664.0827
2024-03-25,3655.5142,3684.7132,3644.1964,3644.1964
2024-03-26,3645.1473,3666.8217,3636.7959,3662.7907
2024-03-27,3657.5917,3661.9742,3620.4548,3620.4548
2024-03-28,3616.0000,3670.5013,3606.6047,3639.2351
2024-03-29,3635.0181,3657.0956,3635.0181,3656.3101
2024-04-01,3670.8837,3721.8811,3670.8837,3716.4341
2024-04-02,3713.9225,3716.9922,3688.6305,3700.9612
2024-04-03,3698.8941,3702.7700,3678.4186,3687.6486
2024-04-08,3672.9302,3687.6693,3654.5426,3655.2041
2024-04-09,3652.0724,3662.7494,3637.0646,3652.1860
2024-04-10,3647.5142,3649.8501,3607.2868,3622.4393
2024-04-11,3602.0982,3638.8527,3601.9948,3621.9535
2024-04-12,3623.5142,3634.8320,3586.6253,3592.5995
2024-04-15,3590.1809,3671.7416,3590.1809,3668.2997
2024-04-16,3652.0517,3664.5995,3621.3127,3629.0543
2024-04-17,3627.0078,3685.7261,3615.5349,3685.1680
2024-04-18,3669.8295,3723.8140,3666.7700,3689.7158
2024-04-19,3669.8811,3680.5685,3647.8760,3660.6305
2024-04-22,3654.9664,3677.6848,3646.5323,3649.5090
2024-04-23,3644.1034,3652.4651,3617.5504,3624.0000
2024-04-24,3632.0517,3642.9354,3613.0749,3639.9173
2024-04-25,3628.5685,3663.0181,3622.9457,3648.8682
2024-04-26,3650.6047,3708.9406,3650.6047,3704.6718
2024-04-29,3704.9509,3768.2894,3698.9767,3745.6434
2024-04-30,3740.8372,3752.6718,3725.4677,3725.4677
2024-05-06,3776.7959,3791.4832,3768.2067,3780.7545
2024-05-07,3779.8450,3788.8165,3770.9354,3781.9225
2024-05-08,3773.3850,3773.5814,3750.5943,3752.1654
2024-05-09,3752.3618,3793.0336,3752.3618,3787.6589
2024-05-10,3792.3411,3798.0465,3764.0930,3789.4367
2024-05-13,3768.8372,3797.0233,3756.6925,3787.7933
2024-05-14,3791.4522,3799.2558,3769.2093,3779.8966
2024-05-15,3773.6951,3779.3592,3745.7364,3747.8656
2024-05-16,3758.7597,3780.3411,3748.1447,3762.6460
2024-05-17,3760.7855,3801.5194,3749.3023,3801.5194
2024-05-20,3805.7468,3827.4212,3800.9716,3814.9457
2024-05-21,3805.9845,3808.3824,3788.2687,3799.6486
2024-05-22,3799.1214,3815.8966,3790.2739,3808.2171
2024-05-23,3796.2171,3797.7984,3755.5659,3764.1240
2024-05-24,3752.7959,3773.5090,3720.5891,3722.4599
2024-05-27,3727.8036,3760.3618,3724.7649,3757.8398
2024-05-28,3755.2972,3761.2093,3727.0491,3730.4083
2024-05-29,3730.3049,3755.2455,3723.8450,3734.9044
2024-05-30,3728.2171,3745.7778,3707.2351,3715.0491
2024-05-31,3720.7442,3736.0620,3700.1757,3700.1757
2024-06-03,3697.5504,3721.5504,3687.7209,3709.3023
2024-06-04,3704.1964,3744.1860,3700.5478,3737.1266
2024-06-05,3731.6382,3745.0336,3714.8424,3715.5452
2024-06-06,3723.1628,3746.7804,3704.5685,3712.9199
2024-06-07,3715.3798,3724.1034,3671.4109,3694.1705
2024-06-11,3675.2661,3685.0749,3644.3307,3661.8915
2024-06-12,3657.9742,3670.4599,3650.2016,3663.1731
2024-06-13,3667.4109,3670.3669,3638.4289,3644.5788
2024-06-14,3632.8682,3666.3049,3621.2093,3660.4961
2024-06-17,3639.7313,3659.7313,3639.0078,3654.9871
2024-06-18,3652.1860,3671.0181,3651.4522,3664.6925
2024-06-19,3662.3876,3662.3876,3643.2455,3647.2868
2024-06-20,3643.5866,3652.7028,3617.7054,3620.9612
2024-06-21,3613.7881,3623.2661,3590.5220,3613.0439
2024-06-24,3590.3256,3623.5452,3587.8243,3593.6021
2024-06-25,3591.8966,3600.2274,3556.2274,3574.0568
2024-06-26,3567.4832,3604.5478,3557.9328,3597.1680
2024-06-27,3583.7623,3587.7416,3568.5581,3570.1499
2024-06-28,3559.3488,3601.7364,3559.3488,3577.9432
2024-07-01,3574.4289,3596.8475,3559.4935,3595.0181
2024-07-02,3589.0956,3605.4987,3580.8992,3588.4134
2024-07-03,3588.1757,3595.5556,3571.0491,3579.7519
2024-07-04,3584.8062,3600.3204,3560.6512,3561.5607
2024-07-05,3559.0284,3566.9664,3513.8708,3546.3152
2024-07-08,3535.7106,3543.1938,3509.9845,3516.0310
2024-07-09,3510.9044,3564.7855,3498.5116,3555.3592
2024-07-10,3540.9612,3563.3178,3538.6563,3544.1550
2024-07-11,3566.9664,3590.6770,3553.6124,3584.6718
2024-07-12,3576.1860,3595.9690,3573.4987,3589.0439
2024-07-15,3578.9251,3598.4083,3577.0439,3593.0233
2024-07-16,3583.3075,3617.8708,3580.7442,3615.7933
2024-07-17,3611.5866,3632.5375,3603.3282,3619.2041
2024-07-18,3600.3101,3641.1370,3592.4755,3639.2041
2024-07-19,3618.4083,3664.4341,3610.4083,3657.9018
2024-07-22,3657.2610,3659.1111,3611.3798,3632.9922
2024-07-23,3627.6899,3627.6899,3555.4315,3555.4315
2024-07-24,3547.6486,3567.3592,3522.9044,3532.9922
2024-07-25,3518.9767,3530.6047,3497.4677,3513.4574
2024-07-26,3518.0465,3535.7313,3502.4910,3523.8140
2024-07-29,3518.7287,3522.9974,3502.6770,3504.6408
2024-07-30,3494.2532,3494.2532,3465.4264,3482.5633
2024-07-31,3477.0336,3560.7235,3477.0336,3557.7054
2024-08-01,3558.8010,3564.1757,3534.0465,3534.1292
2024-08-02,3507.9276,3533.9535,3494.5323,3498.0775
2024-08-05,3475.0491,3523.5452,3455.6279,3455.6279
2024-08-06,3480.4651,3490.2326,3430.1085,3455.2765
2024-08-07,3450.7390,3475.3282,3441.8295,3453.7364
2024-08-08,3444.3721,3477.8191,3432.3928,3455.2351
2024-08-09,3470.9354,3479.7623,3443.5452,3443.5452
2024-08-12,3439.3385,3450.2119,3431.4109,3437.5814
2024-08-13,3439.8036,3447.0388,3421.3850,3446.3979
2024-08-14,3444.7442,3444.7442,3420.2584,3420.4031
2024-08-15,3412.3514,3469.5194,3408.7545,3454.2119
2024-08-16,3454.2946,3469.6744,3447.6693,3458.0155
2024-08-19,3456.5995,3489.3643,3456.0310,3469.7364
2024-08-20,3474.5633,3475.2765,3433.2196,3444.6512
2024-08-21,3434.5323,3451.6176,3419.1111,3433.2196
2024-08-22,3434.4910,3439.4832,3416.2791,3424.4341
2024-08-23,3416.9819,3448.3101,3416.6822,3438.9561
2024-08-26,3442.6047,3448.6098,3422.8114,3435.8863
2024-08-27,3427.0698,3432.1137,3410.3979,3416.3618
2024-08-28,3409.7261,3416.3824,3384.5891,3396.8992
2024-08-29,3383.5039,3401.3333,3379.3592,3387.7829
2024-08-30,3383.7209,3464.2171,3383.6176,3433.0026
2024-09-02,3418.6460,3418.8734,3374.4289,3374.6873
2024-09-03,3371.3075,3391.8243,3370.7390,3383.3902
2024-09-04,3363.2041,3382.9354,3359.1525,3361.4057
2024-09-05,3362.2326,3376.6202,3356.2481,3367.1938
2024-09-06,3370.6977,3384.8165,3339.6072,3339.8966
2024-09-09,3322.7907,3331.1938,3287.7829,3300.2067
2024-09-10,3300.7339,3312.7649,3278.3359,3303.1111
2024-09-11,3294.1085,3304.7442,3280.6512,3293.1576
2024-09-12,3296.5685,3309.0956,3278.4289,3279.0388
2024-09-13,3280.6512,3296.0310,3265.3747,3265.3747
2024-09-18,3264.9302,3286.7183,3251.4625,3277.5297
2024-09-19,3285.1680,3321.7984,3255.5969,3303.4005
2024-09-20,3299.6693,3315.7519,3279.8140,3308.5788
2024-09-23,3308.3928,3338.6667,3305.4470,3320.6822
2024-09-24,3353.6434,3464.5685,3330.7390,3464.5065
2024-09-25,3518.0362,3581.9018,3507.4315,3515.7933
2024-09-26,3513.5090,3664.4134,3505.6124,3664.4134
2024-09-27,3739.4522,3833.0749,3717.3953,3828.0930
2024-09-30,3975.8656,4174.3669,3924.0310,4152.8165
2024-10-08,4599.8656,4599.8656,4231.8863,4399.0698
2024-10-09,4308.8786,4338.6047,4074.9457,4088.8682
2024-10-10,4113.2920,4236.1757,4044.2067,4132.0827
2024-10-11,4103.1111,4111.8760,3976.3514,4017.7468
2024-10-14,4046.7390,4113.2196,3998.7390,4094.4083
2024-10-15,4074.9664,4101.1576,3985.5194,3985.5194
2024-10-16,3933.9948,4008.0103,3932.9096,3960.2997
2024-10-17,3983.2972,4012.4755,3914.9871,3915.4729
2024-10-18,3907.2972,4132.5168,3891.6382,4057.0853
2024-10-21,4079.4832,4112.9302,4027.0491,4067.3902
2024-10-22,4055.5452,4099.1318,4049.1163,4090.7287
2024-10-23,4088.1860,4146.9561,4071.4212,4106.6770
2024-10-24,4083.6176,4090.9354,4045.5711,4060.8062
2024-10-25,4063.3798,4127.0181,4053.6848,4089.3230
2024-10-28,4085.9018,4097.3230,4048.7855,4097.3230
2024-10-29,4103.3695,4125.3850,4053.3127,4056.4858
2024-10-30,4035.3075,4057.9432,3994.1189,4020.1034
2024-10-31,4019.0388,4055.7106,3988.7442,4021.7468
2024-11-01,4012.8786,4065.3437,4010.2946,4020.6925
2024-11-04,4028.6408,4077.2713,4021.9225,4077.2713
2024-11-05,4069.8915,4182.6357,4057.2713,4180.4341
2024-11-06,4187.3798,4229.1473,4136.9509,4159.4625
2024-11-07,4121.2093,4285.4264,4118.5220,4284.9612
2024-11-08,4332.8992,4342.0258,4231.6899,4241.9121
2024-11-11,4203.5452,4271.3282,4184.0207,4269.9018
2024-11-12,4272.1964,4322.1809,4197.1990,4222.9871
2024-11-13,4195.9587,4259.5039,4195.9587,4248.9819
2024-11-14,4238.9871,4256.5065,4170.4806,4175.3178
2024-11-15,4160.8786,4185.0853,4102.1499,4102.1499
2024-11-18,4115.8656,4169.5711,4063.2455,4083.0801
2024-11-19,4087.4419,4112.8165,4027.6486,4110.4806
2024-11-20,4099.3488,4135.4832,4091.3075,4119.6589
2024-11-21,4113.1370,4133.9225,4099.2972,4123.3075
2024-11-22,4118.0775,4124.2997,3995.5556,3995.5556
2024-11-25,4005.7984,4020.3721,3940.3824,3977.3540
2024-11-26,3965.1266,4005.4057,3962.0465,3969.1783
2024-11-27,3957.9742,4038.4083,3946.1602,4038.2842
2024-11-28,4035.4005,4039.6796,3995.8760,4002.6357
2024-11-29,3999.8863,4095.8140,3999.8863,4048.1447
2024-12-02,4041.0336,4087.9897,4033.2506,4080.2377
2024-12-03,4079.2765,4097.1059,4054.6150,4084.6408
2024-12-04,4080.7545,4090.3049,4049.3540,4062.5943
2024-12-05,4048.1240,4068.5685,4041.4264,4053.3230
2024-12-06,4055.7106,4129.3230,4055.7106,4106.6047
2024-12-09,4104.0413,4129.7261,4081.0543,4099.8140
2024-12-10,4231.5762,4236.0517,4122.9664,4129.8605
2024-12-11,4121.9845,4139.8760,4110.9561,4122.8217
2024-12-12,4121.0853,4167.1731,4115.0904,4163.8243
2024-12-13,4135.3902,4135.3902,4063.8140,4065.3023
2024-12-16,4062.8217,4071.0698,4032.7132,4043.2455
2024-12-17,4039.4109,4088.8372,4039.4109,4053.7778
2024-12-18,4066.7080,4089.0336,4066.1189,4074.3049
2024-12-19,4043.2972,4087.1835,4030.7494,4077.9948
2024-12-20,4069.7364,4091.6072,4055.0491,4059.6796
2024-12-23,4060.1034,4099.0698,4060.1034,4065.7054
2024-12-24,4067.1214,4119.7519,4066.9044,4117.5090
2024-12-25,4121.9225,4142.3876,4102.8217,4119.5142
2024-12-26,4115.4832,4125.6124,4098.7597,4121.4264
2024-12-27,4120.9509,4141.7364,4104.3307,4114.7597
2024-12-30,4110.2842,4140.3411,4110.2842,4133.3850
2024-12-31,4130.0982,4138.8630,4067.0904,4067.0904
2025-01-02,4063.8966,4066.3566,3923.8656,3948.7339
2025-01-03,3953.7364,3964.7959,3894.2326,3901.9742
2025-01-06,3902.8320,3916.1240,3868.8062,3895.5762
2025-01-07,3887.2041,3925.1680,3874.9974,3923.6279
2025-01-08,3908.2791,3938.7494,3856.5271,3916.5065
2025-01-09,3907.7313,3922.7494,3895.2765,3906.8527
2025-01-10,3905.8295,3914.0155,3857.8605,3857.8605
2025-01-13,3828.8786,3863.4522,3828.5375,3847.5556
2025-01-14,3853.8088,3955.1835,3843.8036,3948.8786
2025-01-15,3938.0258,3945.0439,3917.4884,3923.5452
2025-01-16,3940.2481,3972.0413,3903.1421,3928.0413
2025-01-17,3915.6279,3960.3514,3907.1938,3940.4031
2025-01-20,3964.1344,3988.2894,3950.3669,3958.3256
2025-01-21,3979.7003,3980.2687,3945.3437,3961.3540
2025-01-22,3952.3928,3952.3928,3910.2222,3924.5685
2025-01-23,3957.6744,3994.0672,3929.5607,3931.5142
2025-01-24,3921.2920,3976.8475,3920.9096,3961.6124
2025-01-27,3965.8501,3981.3953,3945.3023,3945.3023
2025-02-05,3973.8501,3973.8501,3912.3101,3922.5633
2025-02-06,3916.9096,3972.5995,3915.5762,3971.9173
2025-02-07,3973.1886,4051.0078,3962.6563,4023.4625
2025-02-10,4029.0439,4037.5917,4009.1266,4032.1034
2025-02-11,4036.3411,4036.3411,4003.0078,4013.5814
2025-02-12,4006.1602,4052.4238,3997.2610,4051.5349
2025-02-13,4045.3747,4071.5245,4036.1550,4036.3204
2025-02-14,4031.8656,4074.4599,4031.8656,4071.3282
2025-02-17,4087.2455,4088.7855,4053.4367,4080.0000
2025-02-18,4075.0181,4098.6253,4032.9406,4044.2171
2025-02-19,4037.4367,4076.1447,4035.2972,4072.5168
2025-02-20,4066.8217,4073.0543,4047.7313,4060.8786
2025-02-21,4070.3359,4114.7804,4059.7313,4112.0827
2025-02-24,4105.9225,4130.1809,4081.8915,4103.0698
2025-02-25,4065.7778,4088.2997,4047.1835,4057.5194
2025-02-26,4063.9173,4093.3643,4057.2300,4092.9612
2025-02-27,4094.1189,4107.4212,4065.5917,4101.4160
2025-02-28,4082.8837,4105.9225,4016.9509,4020.7235
2025-03-03,4030.6977,4062.0155,4002.6770,4019.0904
2025-03-04,3995.8553,4021.1059,3985.2506,4015.7313
2025-03-05,4018.3979,4037.6434,4007.2558,4033.6641
2025-03-06,4055.1731,4097.6641,4048.6615,4089.1370
2025-03-07,4077.4264,4100.3307,4067.2351,4076.4961
2025-03-10,4078.1189,4081.7984,4036.3101,4060.7752
2025-03-11,4021.1163,4073.8191,4020.0827,4073.8191
2025-03-12,4079.4419,4086.4186,4053.1990,4059.1525
2025-03-13,4057.6124,4071.6176,4028.2997,4042.9767
2025-03-14,4051.2868,4149.0026,4051.2868,4141.1473
2025-03-17,4155.7003,4156.8269,4126.3669,4131.0491
2025-03-18,4146.5426,4151.8036,4130.1912,4142.3463
2025-03-19,4139.3592,4160.5168,4123.5245,4144.8786
2025-03-20,4145.7984,4146.8114,4103.2868,4108.5168
2025-03-21,4099.7519,4116.9509,4035.9380,4046.2016
2025-03-24,4047.6589,4070.4703,4038.4496,4067.0284
2025-03-25,4070.1809,4078.9251,4053.2610,4064.3928
2025-03-26,4062.2326,4074.4496,4048.4341,4051.0181
2025-03-27,4042.7700,4085.7778,4034.7804,4064.5065
2025-03-28,4062.8217,4066.3876,4038.6357,4046.6873
2025-03-31,4037.1886,4060.4134,4002.4806,4017.8915
2025-04-01,4023.5452,4036.4444,4012.8165,4018.2739
2025-04-02,4014.9044,4031.5142,4007.4005,4014.8734
2025-04-03,3972.5271,4014.1602,3972.5271,3991.2145
2025-04-07,3798.6563,3832.3307,3632.1654,3710.0155
2025-04-08,3718.8527,3773.3953,3704.2584,3773.3953
2025-04-09,3727.2351,3810.6357,3707.8450,3810.6357
2025-04-10,3875.0698,3882.3152,3833.4057,3860.5891
2025-04-11,3855.6176,3888.7545,3833.0336,3876.5065
2025-04-14,3898.7494,3903.4935,3880.1344,3885.4160
2025-04-15,3882.6667,3890.9457,3863.4109,3887.5762
2025-04-16,3884.1137,3901.9845,3846.6150,3899.5556
2025-04-17,3881.2300,3906.0775,3875.4522,3898.9354
2025-04-18,3886.3463,3909.0853,3880.5271,3899.2455
2025-04-21,3894.7183,3917.4987,3889.5504,3912.0207
2025-04-22,3907.0904,3926.8527,3904.9922,3911.0594
2025-04-23,3931.1938,3935.8656,3907.5142,3914.0879
2025-04-24,3914.6873,3935.1525,3902.0258,3911.4832
2025-04-25,3919.4625,3929.2817,3907.7829,3914.2016
2025-04-28,3913.5814,3919.3902,3899.5349,3908.6512
2025-04-29,3902.8424,3912.4755,3894.6047,3901.8915
2025-04-30,3902.6667,3914.7907,3895.3592,3897.2300
2025-05-06,3921.8398,3937.0439,3909.8501,3936.4755
2025-05-07,3991.2972,3993.4677,3943.1421,3960.3411
2025-05-08,3948.8889,3997.2403,3944.4548,3982.3256
2025-05-09,3977.9018,3983.1111,3965.4057,3975.3592
2025-05-12,3996.4134,4021.4264,3988.6615,4021.3023
2025-05-13,4047.1214,4047.1214,4021.3850,4027.1421
2025-05-14,4025.6744,4093.5607,4021.3437,4075.6693
2025-05-15,4066.1809,4068.7028,4036.0827,4038.4496
2025-05-16,4029.6331,4034.9871,4005.0233,4019.7313
2025-05-19,4012.9922,4016.1137,3996.4548,4007.3902
2025-05-20,4013.5401,4042.8630,4012.1344,4029.1163
2025-05-21,4030.4289,4060.5995,4030.4289,4047.9380
2025-05-22,4044.0310,4054.8010,4034.2016,4045.3437
2025-05-23,4041.7261,4063.6176,4012.6822,4012.6822
2025-05-26,4005.9845,4015.0284,3978.3359,3989.7778
2025-05-27,3987.2145,3995.2765,3963.6693,3968.3721
2025-05-28,3972.1654,3979.0594,3962.7494,3965.1059
2025-05-29,3966.9354,3999.7829,3960.1654,3988.3204
2025-05-30,3979.8346,3988.2274,3957.8811,3969.2300
2025-06-03,3962.2326,3993.0749,3961.4677,3981.4057
2025-06-04,3985.0026,4006.0568,3985.0026,3998.6977
2025-06-05,4002.7287,4013.5711,3990.9767,4007.8140
2025-06-06,4008.3721,4020.1137,3999.3695,4004.1137
2025-06-09,4008.0620,4025.4780,4002.0568,4015.7623
2025-06-10,4018.1395,4028.3824,3979.8140,3995.3178
2025-06-11,4000.6925,4043.0078,4000.6925,4025.4574
2025-06-12,4016.0413,4031.0491,4000.3928,4022.9457
2025-06-13,4011.8760,4019.8036,3983.2765,3993.9845
2025-06-16,3983.0698,4006.3773,3983.0698,4003.9276
2025-06-17,4005.3540,4010.7700,3990.0879,4000.3928
2025-06-18,4001.7054,4011.7313,3984.1447,4005.1370
2025-06-19,4000.0517,4003.0388,3963.7726,3972.1860
2025-06-20,3968.7649,3986.0258,3968.7649,3975.8553
2025-06-23,3959.8656,3997.5090,3955.6382,3987.4935
2025-06-24,3992.1344,4045.6434,3992.1344,4035.1731
2025-06-25,4038.3152,4096.1654,4033.2610,4093.0956
2025-06-26,4085.9535,4097.6537,4077.7881,4078.5736
2025-06-27,4082.4703,4102.5943,4049.8191,4053.4987
2025-06-30,4052.0000,4072.7235,4042.9974,4068.2997
2025-07-01,4068.1240,4078.8114,4056.5581,4075.2041
2025-07-02,4075.7829,4084.8992,4061.7054,4076.1550
2025-07-03,4082.0672,4105.0336,4077.6641,4101.3643
2025-07-04,4100.7339,4148.6822,4091.3488,4115.9690
2025-07-07,4110.8941,4113.4367,4089.4780,4098.3669
2025-07-08,4098.6357,4136.7132,4098.6357,4132.7649
2025-07-09,4131.7829,4151.6693,4121.3747,4125.4780
2025-07-10,4127.5659,4168.4548,4126.6357,4144.7235
2025-07-11,4146.2222,4202.5220,4144.8165,4149.6744
2025-07-14,4156.2894,4170.4599,4152.6305,4152.6305
2025-07-15,4159.1628,4178.4599,4128.4341,4154.0672
2025-07-16,4154.4083,4163.1628,4128.0827,4141.8088
2025-07-17,4139.6072,4170.1189,4139.6072,4170.0155
2025-07-18,4175.5762,4201.1783,4175.0078,4194.8837
2025-07-21,4206.4806,4223.3798,4199.9380,4222.8527
2025-07-22,4224.6408,4257.5711,4205.0026,4257.3230
2025-07-23,4267.8553,4295.2765,4252.1034,4258.1602
2025-07-24,4255.1214,4291.9173,4250.0052,4288.4134
2025-07-25,4284.5685,4289.9225,4256.1240,4265.7984
2025-07-28,4266.8734,4285.3953,4251.1318,4274.7494
2025-07-29,4271.5039,4292.8475,4255.8966,4291.4935
2025-07-30,4288.3101,4325.7984,4266.0775,4290.6873
2025-07-31,4280.6822,4280.9509,4200.1757,4212.4961
2025-08-01,4206.6460,4222.5840,4176.1860,4191.1421
2025-08-04,4173.5814,4207.4419,4173.5814,4207.4419
2025-08-05,4217.4574,4244.2377,4212.4858,4241.2920
2025-08-06,4238.1705,4254.9974,4236.0207,4251.6693
2025-08-07,4258.6873,4268.4651,4232.3721,4252.8889
2025-08-08,4247.3075,4260.6822,4235.0594,4242.8630
2025-08-11,4248.3618,4273.1266,4241.4574,4260.9922
2025-08-12,4262.0982,4292.8062,4259.6589,4283.0284
2025-08-13,4289.9225,4327.3902,4286.5116,4316.8786
2025-08-14,4320.3824,4362.0775,4305.8811,4313.4987
2025-08-15,4302.2429,4356.3101,4297.1576,4343.5142
2025-08-18,4359.9483,4416.4961,4344.6202,4381.8191
2025-08-19,4384.2584,4407.4729,4356.8062,4365.2403
2025-08-20,4349.7674,4415.6589,4331.3282,4414.8837
2025-08-21,4428.2894,4453.1783,4417.2093,4432.1137
2025-08-22,4431.3798,4525.4677,4431.3798,4525.0646
2025-08-25,4564.6408,4622.8941,4552.7442,4619.3488
2025-08-26,4602.9457,4627.1835,4584.5271,4602.1602
2025-08-27,4608.6202,4645.9018,4533.4677,4533.4677
2025-08-28,4525.1059,4614.7804,4510.7700,4613.7261
2025-08-29,4605.4780,4668.5685,4601.9225,4647.8140
2025-09-01,4668.6098,4680.2377,4638.2739,4675.6693
2025-09-02,4673.8811,4701.6951,4604.0517,4641.2920
2025-09-03,4652.5478,4662.2532,4576.2481,4609.6434
2025-09-04,4611.1111,4615.5039,4472.8786,4511.8450
2025-09-05,4512.2584,4616.5995,4496.4341,4610.1499
2025-09-08,4617.2300,4633.3437,4587.1525,4617.6434
2025-09-09,4598.1809,4622.3152,4560.9199,4585.2817
2025-09-10,4587.3902,4616.6718,4562.8837,4594.6873
2025-09-11,4587.9483,4700.8062,4576.6615,4700.8062
2025-09-12,4697.2506,4718.0052,4669.5504,4673.9018
2025-09-15,4687.2248,4720.3204,4674.4186,4685.3333
2025-09-16,4692.4238,4705.3437,4645.7778,4675.2868
2025-09-17,4669.0336,4709.0749,4655.0904,4703.8966
2025-09-18,4698.7390,4727.4729,4604.6408,4649.2093
2025-09-19,4650.2222,4685.3643,4642.7287,4653.1473
2025-09-22,4663.5969,4675.8346,4637.8605,4674.5323
2025-09-23,4689.1576,4713.9328,4609.5401,4671.6072
2025-09-24,4646.2739,4720.9199,4645.0749,4719.4522
2025-09-25,4717.2920,4768.9406,4711.9793,4747.7933
2025-09-26,4730.6563,4752.2997,4702.8941,4702.8941
2025-09-29,4708.0413,4803.6899,4693.9845,4775.2455
2025-09-30,4785.4264,4803.6176,4771.2868,4796.5788
2025-10-09,4818.7183,4885.1059,4808.2584,4867.6796
2025-10-10,4836.6925,4850.2222,4755.5142,4771.9173
2025-10-13,4641.7261,4756.3928,4641.7261,4748.2997
2025-10-14,4789.7158,4797.3643,4672.7959,4691.5349
2025-10-15,4696.8889,4763.6382,4678.8941,4761.0233
2025-10-16,4743.0698,4801.1370,4740.3411,4773.5607
2025-10-17,4765.5814,4773.7054,4660.8062,4665.8708
2025-10-20,4711.3592,4723.9690,4672.3514,4690.6667
2025-10-21,4709.1680,4770.5013,4700.7028,4762.6563
2025-10-22,4729.7468,4758.1292,4720.6615,4746.8424
2025-10-23,4732.5065,4766.2429,4694.2532,4761.0749
2025-10-24,4778.0775,4817.2403,4778.0775,4817.2403
2025-10-27,4857.2403,4878.9974,4845.1576,4874.4393
2025-10-28,4855.5349,4893.3540,4836.4134,4849.5814
2025-10-29,4858.9561,4907.3282,4855.0594,4907.3282
2025-10-30,4895.0698,4921.7881,4864.5478,4868.1240
2025-10-31,4860.4548,4864.2274,4796.5581,4796.5581
2025-11-03,4792.4858,4809.7158,4750.1085,4809.7158
2025-11-04,4805.5297,4822.0362,4749.4264,4773.8501
2025-11-05,4715.3592,4798.5633,4711.8966,4782.6977
2025-11-06,4797.9432,4855.9070,4797.9432,4851.0594
2025-11-07,4830.7597,4859.2972,4822.7804,4835.9587
2025-11-10,4845.6021,4852.8992,4810.5530,4852.7649
2025-11-11,4864.4341,4865.2506,4804.6408,4808.4444
2025-11-12,4799.5452,4826.4703,4776.2171,4801.9742
2025-11-13,4799.7829,4861.4884,4799.7829,4860.0207
2025-11-14,4819.9690,4841.6124,4783.4832,4783.6072
2025-11-17,4771.8966,4780.2584,4734.1189,4752.5065
2025-11-18,4738.8010,4761.3643,4705.7364,4721.6434
2025-11-19,4721.4884,4762.6460,4721.4884,4742.4186
2025-11-20,4774.7183,4775.8656,4713.3643,4718.2946
2025-11-21,4665.0026,4679.1111,4602.7700,4603.2145
2025-11-24,4623.4212,4629.2610,4570.3463,4597.4677
2025-11-25,4626.1912,4662.2946,4617.4160,4641.2403
2025-11-26,4641.0336,4690.5840,4636.3824,4669.3850
2025-11-27,4671.8450,4712.3721,4661.3540,4667.0801
2025-11-28,4663.0491,4683.9483,4643.3385,4678.7183
2025-12-01,4691.6693,4730.7183,4683.5039,4730.2222
2025-12-02,4725.4884,4729.1886,4691.9173,4707.3178
2025-12-03,4707.5866,4723.3282,4675.4522,4683.2558
2025-12-04,4685.8915,4710.5116,4665.8295,4699.2972
2025-12-05,4700.6822,4748.1447,4687.3592,4738.5426
2025-12-08,4747.4315,4796.5168,4747.0181,4777.0026
2025-12-09,4766.2842,4784.1860,4738.2429,4752.6822
2025-12-10,4740.3101,4753.0129,4701.8915,4746.0775
2025-12-11,4751.6176,4765.1473,4699.8863,4705.0956
2025-12-12,4711.8760,4737.6537,4682.9767,4734.8320
2025-12-15,4702.8424,4749.4057,4701.2300,4704.9716
2025-12-16,4695.0078,4706.0258,4634.9044,4648.6305
2025-12-17,4650.9251,4749.0026,4650.0568,4733.7261
2025-12-18,4706.9561,4725.5504,4696.7855,4705.7261
2025-12-19,4714.5943,4745.3127,4699.5866,4721.6331
2025-12-22,4741.7778,4770.9251,4741.7778,4766.5323
2025-12-23,4771.0904,4800.5478,4762.5840,4775.9483
2025-12-24,4778.9974,4795.2765,4756.7339,4789.7261
2025-12-25,4784.8269,4807.3902,4777.1783,4798.4910
2025-12-26,4795.6486,4833.2093,4790.8114,4813.6848
2025-12-29,4814.7494,4828.9819,4784.5581,4795.2145
2025-12-30,4772.4238,4821.0129,4771.7106,4807.5245
2025-12-31,4812.8992,4823.8243,4777.3643,4785.4677
2026-01-05,4818.2119,4880.2481,4818.2119,4876.2274
2026-01-06,4877.7364,4951.6176,4876.4961,4951.6176
2026-01-07,4958.0672,4963.9276,4910.6667,4937.1266
2026-01-08,4920.9406,4925.5711,4875.4625,4896.7959
2026-01-09,4884.7132,4931.7106,4877.6537,4918.7804
2026-01-12,4929.8708,4957.0336,4896.7132,4950.8217
2026-01-13,4959.2248,4999.4315,4904.9302,4920.9612
2026-01-14,4927.8553,4979.9483,4878.8114,4901.2196
2026-01-15,4880.4134,4929.7674,4879.5245,4911.0388
2026-01-16,4938.9457,4953.5401,4873.7571,4890.8217
2026-01-19,4878.7494,4921.5814,4873.4780,4893.4987
2026-01-20,4896.0310,4907.7313,4842.3463,4877.3953
2026-01-21,4872.9199,4918.1189,4872.5995,4881.7261
2026-01-22,4901.0336,4917.5814,4858.3463,4882.3876
2026-01-23,4888.4651,4893.8398,4841.9845,4860.4651
2026-01-26,4873.7778,4913.8811,4850.8114,4865.0749
2026-01-27,4863.2248,4896.1137,4832.7028,4863.7623
2026-01-28,4884.3411,4898.8424,4855.7209,4876.4755
2026-01-29,4892.0827,4931.2248,4853.7984,4913.5607
2026-01-30,4881.7364,4898.0568,4801.5194,4864.4341
2026-02-02,4831.2972,4875.0491,4756.3411,4760.7028
2026-02-03,4804.5065,4818.7390,4732.0000,4816.6512
2026-02-04,4804.1034,4859.4109,4797.7674,4856.5168
2026-02-05,4821.4470,4844.4651,4795.2765,4827.3075
2026-02-06,4778.2636,4835.4109,4761.3850,4799.5866
2026-02-09,4851.3385,4878.5116,4837.1059,4877.5814
2026-02-10,4876.7545,4891.0491,4872.2171,4882.9974
2026-02-11,4874.0775,4882.3773,4861.6951,4872.1654
2026-02-12,4878.5633,4884.7959,4865.8811,4878.1189
2026-02-13,4851.0698,4861.6331,4814.8837,4816.9612
2026-02-24,4886.0982,4886.1705,4856.1757,4865.6744
2026-02-25,4871.9173,4926.6770,4871.6693,4894.9767
2026-02-26,4900.6615,4901.4470,4864.7959,4885.6537
2026-02-27,4856.1240,4879.5969,4850.5323,4868.8889
2026-03-02,4838.2532,4894.4806,4824.0620,4887.5142
2026-03-03,4896.4548,4903.9793,4807.6486,4812.2997
2026-03-04,4764.0207,4795.2661,4729.5297,4757.2300
2026-03-05,4808.2067,4828.4548,4785.8398,4803.8140
2026-03-06,4776.7339,4828.6408,4767.7416,4816.9922
2026-03-09,4754.7804,4781.3747,4701.7778,4770.5013
2026-03-10,4804.9509,4834.7287,4804.9509,4831.7933
2026-03-11,4838.2739,4870.1499,4831.7416,4862.5323
2026-03-12,4858.6253,4862.4083,4810.6563,4845.0233
2026-03-13,4825.9018,4865.5504,4816.0207,4825.9845
2026-03-16,4826.0672,4830.6873,4777.0646,4828.4858
2026-03-17,4842.9664,4879.4419,4793.1473,4793.2196
2026-03-18,4804.9096,4818.9044,4759.1938,4814.8114
2026-03-19,4766.3463,4790.2326,4723.9173,4737.2093
2026-03-20,4757.4367,4784.1964,4716.3514,4720.4341
2026-03-23,4650.2326,4666.3773,4545.2920,4566.4083
2026-03-24,4608.6925,4625.1473,4541.9018,4625.0336
2026-03-25,4658.0052,4694.7597,4653.2610,4689.8915
2026-03-26,4677.3437,4693.5917,4619.0801,4627.9380
2026-03-27,4580.3618,4671.7209,4580.2791,4653.8191
2026-03-30,4611.6176,4647.4522,4596.5271,4642.8424
2026-03-31,4642.8114,4675.1111,4599.5349,4599.5349
2026-04-01,4669.0129,4684.3514,4642.9457,4678.1085
2026-04-02,4666.0879,4671.5142,4609.4160,4629.3643
2026-04-03,4643.7726,4645.4367,4586.6667,4589.9638
2026-04-07,4595.2041,4608.7132,4569.1886,4589.7881
2026-04-08,4669.0853,4749.9328,4665.3953,4749.9328
2026-04-09,4715.9380,4733.0233,4705.3437,4719.6072
2026-04-10,4749.3023,4811.4729,4744.2997,4792.3204
2026-04-13,4770.1602,4809.7158,4770.1602,4802.2222
2026-04-14,4833.1990,4859.2041,4811.2145,4859.2041
2026-04-15,4885.4160,4890.2016,4829.5194,4842.6357
2026-04-16,4852.1240,4898.4186,4846.9354,4895.7209
2026-04-17,4887.8553,4897.4884,4872.8372,4887.5142
2026-04-20,4885.9638,4923.0388,4879.2661,4917.2506
2026-04-21,4910.0879,4937.2920,4880.6305,4928.1654
2026-04-22,4910.8837,4962.7390,4909.9225,4960.8579
2026-04-23,4977.8088,4985.4987,4919.7519,4947.1111
2026-04-24,4932.0207,4947.2248,4894.6873,4929.5814
2026-04-27,4936.7855,4956.2481,4922.6253,4931.2145
2026-04-28,4916.8786,4938.6977,4902.7804,4918.0465
2026-04-29,4896.7235,4975.3075,4896.2377,4971.9380
2026-04-30,4982.9147,4991.4935,4958.6977,4968.7959
2026-05-06,5020.8269,5057.1576,4996.6718,5040.9199
2026-05-07,5060.2584,5066.5220,5030.3566,5065.1266
2026-05-08,5034.7494,5051.3798,5012.9096,5035.5659
2026-05-11,5066.9561,5127.0284,5053.8191,5118.1809
2026-05-12,5131.8036,5138.2946,5092.2894,5114.2636
2026-05-13,5084.6718,5169.1163,5084.6718,5166.2429
2026-05-14,5196.5271,5199.5039,5078.6563,5079.6899
2026-05-15,5076.6098,5101.4160,4995.0284,5022.8320
2026-05-18,4998.7907,5032.1447,4967.5969,4995.8863
2026-05-19,4980.5788,5017.5917,4933.8811,5015.8966
2026-05-20,4991.8450,5029.6744,4987.7416,5013.6434
2026-05-21,5050.3773,5103.8036,4941.3023,4943.7726
2026-05-22,4980.7132,5014.3152,4946.0982,5007.8553
2026-05-25,5036.8992,5087.7933,5020.2894,5086.9251
2026-05-26,5064.7235,5119.1111,5057.0336,5114.0568
2026-05-27,5106.9251,5141.3023,5055.6486,5073.0439
2026-05-28,5053.5090,5087.6796,5005.9225,5079.2868
2026-05-29,5103.3695,5120.4858,5042.6770,5056.4548
2026-06-01,5062.4289,5084.0207,4999.1628,5006.9871
2026-06-02,5023.8863,5095.8966,4994.3152,5079.6486
2026-06-03,5086.6563,5159.5349,5069.6641,5104.7132
2026-06-04,5061.8295,5104.6822,5054.0052,5069.5090
2026-06-05,5051.1214,5089.7571,4960.1137,4978.7287
2026-06-08,4861.7778,4940.4238,4834.6977,4871.9793
2026-06-09,4902.7907,4963.8243,4873.7881,4963.1111
2026-06-10,4912.7855,4947.3075,4877.5090,4908.1034
2026-06-11,4888.9612,4926.2739,4842.8941,4881.0439
2026-06-12,4945.3643,4971.4315,4917.3747,4937.7984
2026-06-15,4991.5142,5056.8992,4964.5271,5056.0310
2026-06-16,5059.3075,5073.1576,5029.5194,5048.2997
2026-06-17,5022.9457,5099.6693,5022.9457,5097.0439
2026-06-18,5081.1783,5144.0724,5081.1783,5107.5969
2026-06-22,5115.6072,5231.5349,5094.0155,5229.6227
2026-06-23,5217.6021,5234.3876,5056.4238,5084.6408
2026-06-24,5064.9922,5119.6176,5056.6098,5109.0646
2026-06-25,5117.2920,5201.0336,5110.9871,5188.7339
2026-06-26,5149.1783,5149.3333,5007.9483,5031.7519
2026-06-29,5029.4987,5094.1602,4989.3023,5092.4238
2026-06-30,5079.5762,5155.1008,5079.5762,5146.6977
2026-07-01,5139.7313,5185.9225,5091.0904,5125.5607
2026-07-02,5028.5995,5061.4884,4961.7364,4973.9535
2026-07-03,4971.0594,5055.2661,4971.0594,5004.8269
2026-07-06,5032.0827,5042.1912,4950.6977,5004.6512
2026-07-07,4975.5762,5002.0775,4916.5168,4953.2403
2026-07-08,4965.8708,4992.2997,4911.0078,4915.2765
2026-07-09,4934.7804,5046.8734,4893.9225,5040.1137
2026-07-10,5051.7209,5071.3075,4941.3437,4941.3850
2026-07-13,4904.8475,4935.6486,4827.1318,4853.1059
2026-07-14,4848.7028,4957.6227,4805.2093,4957.6227
2026-07-15,4959.1111,4989.0026,4932.3411,4947.5762
2026-07-16,4869.7984,4931.3282,4830.3359,4856.2584
2026-07-17,4818.2119,4820.1860,4642.9871,4681.2403
2026-07-20,4729.3747,4784.2894,4673.0543,4752.7855
2026-07-21,4786.4083,4898.4289,4719.6693,4898.4289
2026-07-22,4868.8992,4932.3824,4850.4703,4875.7003
2026-07-23,4894.2326,4896.6512,4856.7132,4886.8217
2026-07-24,4842.8010,4862.0982,4798.9044,4805.3643
2026-07-27,4812.4341,4860.4858,4770.5736,4860.3928
2026-07-28,4779.1214,4802.5736,4705.1473,4723.0181
2026-07-29,4736.0103,4782.1292,4668.0310,4754.7907
2026-07-30,4719.4315,4750.6047,4628.6408,4702.5530
2026-07-31,4779.1731,4791.3075,4742.3256,4742.3256
2026-08-03,4715.0594,4726.1912,4681.3333,4695.7933
2026-08-04,4720.3514,4768.6718,4708.2687,4755.4832
2026-08-05,4703.0388,4837.0646,4703.0388,4814.6253
2026-08-06,4777.0543,4832.7132,4765.9638,4807.5556
2026-08-07,4812.5065,4864.8372,4805.7674,4852.1344
2026-08-10,4856.6615,4872.8269,4815.9897,4859.9690
2026-08-11,4846.9767,4874.2946,4817.0233,4820.4548
2026-08-12,4817.0233,4858.3256,4814.1499,4848.4961
2026-08-13,4875.4212,4886.0258,4818.4806,4820.6202
2026-08-14,4829.9535,4833.8088,4792.8992,4822.6150
2026-08-17,4829.2300,4901.7054,4819.3488,4900.3618
2026-08-18,4893.0956,4903.3695,4844.9922,4884.5581
2026-08-19,4816.5995,4831.4005,4721.5194,4742.8424
2026-08-20,4768.2687,4786.6977,4722.7183,4747.0284
2026-08-21,4739.4729,4784.4961,4733.0853,4774.0568
2026-08-24,4776.1757,4776.6305,4679.5762,4716.4134
2026-08-25,4694.8217,4727.0078,4674.9561,4704.9406
2026-08-26,4702.2532,4766.9664,4695.4419,4745.0026
2026-08-27,4748.8165,4786.9251,4739.0078,4785.8191
2026-08-28,4770.8941,4799.3178,4763.2661,4764.0103
2026-08-31,4715.2351,4780.4548,4710.4393,4780.4548
2026-09-01,4773.8811,4795.9483,4759.4522,4766.3463
2026-09-02,4735.4109,4737.2300,4686.7080,4700.7339
2026-09-03,4724.4548,4740.0413,4689.3230,4705.5090
2026-09-04,4729.0129,4756.7959,4682.9561,4700.8269
2026-09-07,4721.3333,4734.5736,4698.0982,4728.7028
2026-09-08,4729.7054,4741.8398,4699.0284,4711.8760
2026-09-09,4732.3101,4735.8140,4701.1473,4726.2016
