Date,MA20,MA50,MA100,MA200
2005-09-16,,,,
2005-09-19,,,,
2005-09-20,,,,
2005-09-21,,,,
2005-09-22,,,,
2005-09-23,,,,
2005-09-26,,,,
2005-09-27,,,,
2005-09-28,,,,
2005-09-29,,,,
2005-09-30,,,,
2005-10-10,,,,
2005-10-11,,,,
2005-10-12,,,,
2005-10-13,,,,
2005-10-14,,,,
2005-10-17,,,,
2005-10-18,,,,
2005-10-19,,,,
2005-10-20,951.6636,,,
2005-10-21,948.4031,,,
2005-10-24,945.0703,,,
2005-10-25,941.5742,,,
2005-10-26,938.0295,,,
2005-10-27,935.5788,,,
2005-10-28,933.0765,,,
2005-10-31,930.8951,,,
2005-11-01,929.2755,,,
2005-11-02,928.1778,,,
2005-11-03,926.0382,,,
2005-11-04,924.0212,,,
2005-11-07,922.4687,,,
2005-11-08,920.4946,,,
2005-11-09,918.2083,,,
2005-11-10,915.4419,,,
2005-11-11,913.3726,,,
2005-11-14,911.5395,,,
2005-11-15,909.1762,,,
2005-11-16,907.3354,,,
2005-11-17,905.4098,,,
2005-11-18,904.2641,,,
2005-11-21,903.0868,,,
2005-11-22,901.8129,,,
2005-11-23,901.8341,,,
2005-11-24,902.1256,,,
2005-11-25,902.9721,,,
2005-11-28,903.1731,,,
2005-11-29,903.0925,,,
2005-11-30,902.6455,,,
2005-12-01,902.5674,924.2441,,
2005-12-02,902.1323,922.2274,,
2005-12-05,901.2191,919.9219,,
2005-12-06,900.4212,917.9407,,
2005-12-07,900.1416,916.4819,,
2005-12-08,900.7147,915.4646,,
2005-12-09,901.8811,914.8695,,
2005-12-12,903.2439,914.2499,,
2005-12-13,904.9214,913.9376,,
2005-12-14,906.7318,913.8224,,
2005-12-15,908.4770,913.4183,,
2005-12-16,909.5271,913.1117,,
2005-12-19,910.5111,913.0206,,
2005-12-20,912.4594,912.7642,,
2005-12-21,913.8501,912.3436,,
2005-12-22,915.2589,912.1834,,
2005-12-23,916.9013,912.4120,,
2005-12-26,919.0827,912.9238,,
2005-12-27,921.5659,913.2750,,
2005-12-28,923.9995,913.7335,,
2005-12-29,927.0465,914.3973,,
2005-12-30,929.8119,914.7909,,
2006-01-04,934.0403,915.5099,,
2006-01-05,938.8491,916.8506,,
2006-01-06,943.8202,918.7981,,
2006-01-09,949.0496,920.8529,,
2006-01-10,953.7416,923.1355,,
2006-01-11,958.1323,925.1448,,
2006-01-12,963.0222,927.4363,,
2006-01-13,967.1907,929.4276,,
2006-01-16,970.5504,931.2232,,
2006-01-17,973.7406,932.9995,,
2006-01-18,977.9116,935.1977,,
2006-01-19,982.2475,937.4654,,
2006-01-20,986.9090,939.8239,,
2006-01-23,991.4264,942.5772,,
2006-01-24,995.7261,945.3534,,
2006-01-25,1000.2336,948.4014,,
2006-02-06,1006.1183,952.0519,,
2006-02-07,1011.7525,955.5004,,
2006-02-08,1016.9742,959.0230,,
2006-02-09,1021.9432,961.8625,,
2006-02-10,1026.6413,964.9317,,
2006-02-13,1030.3871,968.2803,,
2006-02-14,1033.9271,971.6353,,
2006-02-15,1037.3592,974.9464,,
2006-02-16,1039.5282,977.7579,,
2006-02-17,1041.9514,980.6561,,
2006-02-20,1043.9111,983.7637,,
2006-02-21,1047.0124,987.1744,,
2006-02-22,1050.9633,990.5815,957.4128,
2006-02-23,1054.9468,994.1253,958.1763,
2006-02-24,1058.3483,998.0494,958.9856,
2006-02-27,1061.2749,1001.8069,959.8738,
2006-02-28,1064.3587,1005.5107,960.9963,
2006-03-01,1067.4832,1009.2845,962.3746,
2006-03-02,1069.5287,1012.4124,963.6409,
2006-03-03,1071.1866,1015.5785,964.9142,
2006-03-06,1071.4780,1018.6745,966.3060,
2006-03-07,1070.7044,1021.0894,967.4559,
2006-03-08,1069.4744,1023.4220,968.4202,
2006-03-09,1068.6858,1025.5260,969.3189,
2006-03-10,1067.4744,1027.7170,970.3688,
2006-03-13,1066.8672,1030.0434,971.4038,
2006-03-14,1065.8202,1032.4234,972.3835,
2006-03-15,1065.1638,1034.9083,973.5458,
2006-03-16,1065.5514,1037.2180,974.8150,
2006-03-17,1065.7401,1039.3191,976.1214,
2006-03-20,1066.5680,1041.7645,977.5198,
2006-03-21,1066.6682,1044.2419,978.9877,
2006-03-22,1067.1736,1046.6324,980.5148,
2006-03-23,1067.5442,1049.2182,982.0045,
2006-03-24,1067.1907,1051.3096,983.4097,
2006-03-27,1067.3385,1053.2027,985.0267,
2006-03-28,1067.4920,1054.9794,986.8888,
2006-03-29,1067.9401,1056.8407,988.8468,
2006-03-30,1068.8165,1058.4424,990.7889,
2006-03-31,1069.8196,1060.2534,992.6991,
2006-04-03,1071.9101,1062.2297,994.8330,
2006-04-04,1075.7550,1064.5151,996.9714,
2006-04-05,1080.4424,1067.3788,999.3010,
2006-04-06,1085.5535,1070.2512,1001.6253,
2006-04-07,1090.4243,1072.7221,1003.9599,
2006-04-10,1095.4915,1075.3410,1006.4032,
2006-04-11,1100.9199,1078.0277,1008.9258,
2006-04-12,1105.4734,1080.5271,1011.5521,
2006-04-13,1108.9003,1082.4876,1013.9205,
2006-04-14,1113.7886,1084.7411,1016.5713,
2006-04-17,1118.2718,1086.6259,1019.3389,
2006-04-18,1122.9499,1088.7208,1022.1106,
2006-04-19,1127.6305,1090.8949,1024.9590,
2006-04-20,1132.0667,1093.2676,1027.5651,
2006-04-21,1137.5736,1095.6825,1030.3071,
2006-04-24,1142.3276,1097.9789,1033.1296,
2006-04-25,1146.7695,1100.1164,1035.8759,
2006-04-26,1151.4434,1102.4744,1038.7104,
2006-04-27,1156.5928,1105.2682,1041.5131,
2006-04-28,1162.3426,1108.4099,1044.5330,
2006-05-08,1169.5328,1112.4783,1048.1210,
2006-05-09,1177.9173,1116.8771,1052.0257,
2006-05-10,1186.4941,1121.5911,1056.0863,
2006-05-11,1194.3390,1126.0081,1060.0667,
2006-05-12,1204.3189,1131.1103,1064.5798,
2006-05-15,1216.4248,1137.4009,1069.6039,
2006-05-16,1227.1649,1143.1502,1074.3304,
2006-05-17,1238.4543,1148.9156,1079.1001,
2006-05-18,1250.7163,1154.9627,1083.6875,
2006-05-19,1263.5065,1161.6690,1088.6238,
2006-05-22,1276.3881,1168.5900,1093.6322,
2006-05-23,1286.0196,1174.8469,1097.9682,
2006-05-24,1294.8052,1181.0272,1102.2246,
2006-05-25,1303.7623,1187.2982,1106.4121,
2006-05-26,1313.1607,1193.9570,1110.8370,
2006-05-29,1324.7158,1201.1183,1115.5809,
2006-05-30,1336.9550,1208.5703,1120.4968,
2006-05-31,1347.7933,1215.5262,1125.2173,
2006-06-01,1360.5897,1223.2835,1130.2507,
2006-06-02,1371.8439,1230.8515,1135.0853,
2006-06-05,1381.3897,1238.4070,1140.0858,
2006-06-06,1389.0140,1245.8154,1145.0286,
2006-06-07,1391.8202,1251.4497,1149.0410,
2006-06-08,1395.4863,1257.1849,1153.2016,
2006-06-09,1395.3793,1262.3857,1156.8476,
2006-06-12,1392.5633,1267.4909,1160.3468,
2006-06-13,1390.8656,1272.4996,1163.7395,
2006-06-14,1388.1969,1277.0183,1166.9295,
2006-06-15,1385.8295,1281.7679,1170.1051,
2006-06-16,1383.3442,1287.0789,1173.6661,
2006-06-19,1381.3401,1292.3620,1177.2958,
2006-06-20,1382.4031,1297.5061,1181.0106,
2006-06-21,1383.7101,1302.3343,1184.8565,
2006-06-22,1384.9426,1307.0539,1188.6525,
2006-06-23,1385.3783,1311.9386,1192.3303,
2006-06-26,1385.2295,1317.0135,1196.1773,
2006-06-27,1384.4615,1321.9870,1200.0073,
2006-06-28,1384.3292,1327.0685,1203.7978,
2006-06-29,1383.9282,1333.2947,1207.8912,
2006-06-30,1384.1266,1338.9867,1211.8639,
2006-07-03,1385.0140,1345.1039,1215.8649,
2006-07-04,1385.6274,1350.8864,1219.8036,
2006-07-05,1389.3886,1356.1530,1223.5239,
2006-07-06,1394.1793,1362.0300,1227.6488,
2006-07-07,1400.1866,1367.4309,1231.5567,
2006-07-10,1406.1013,1373.0003,1235.4896,
2006-07-11,1412.3183,1378.7192,1239.4178,
2006-07-12,1419.3116,1384.1656,1243.3200,
2006-07-13,1422.4486,1388.1102,1246.6892,
2006-07-14,1424.4703,1391.9299,1250.1699,
2006-07-17,1426.4010,1395.1093,1253.7938,
2006-07-18,1428.2202,1397.6273,1257.2522,
2006-07-19,1428.3809,1399.0890,1260.3401,1108.8764
2006-07-20,1429.0858,1400.9526,1263.4803,1110.8283
2006-07-21,1429.9426,1402.1881,1266.6492,1112.8174
2006-07-24,1429.6693,1402.3113,1269.8561,1114.8650
2006-07-25,1430.2000,1403.2010,1273.1756,1117.0859
2006-07-26,1430.6346,1403.9407,1276.4281,1119.4013
2006-07-27,1428.5897,1404.4440,1279.7034,1121.6721
2006-07-28,1425.8729,1403.9332,1282.8011,1123.8577
2006-07-31,1419.3612,1402.2931,1285.4416,1125.8738
2006-08-01,1412.6972,1401.5574,1288.2022,1127.8290
2006-08-02,1406.6031,1400.8721,1290.9497,1129.6849
2006-08-03,1399.0093,1400.1288,1293.7135,1131.5162
2006-08-04,1390.3003,1398.2867,1296.1219,1133.2453
2006-08-07,1380.5835,1395.3474,1298.2329,1134.8183
2006-08-08,1371.9948,1392.7351,1300.6527,1136.5181
2006-08-09,1363.3178,1390.3754,1302.9508,1138.2483
2006-08-10,1359.4615,1387.6589,1305.4712,1140.1431
2006-08-11,1355.2506,1385.2926,1308.0720,1142.0967
2006-08-14,1348.7116,1382.0380,1310.2225,1143.8712
2006-08-15,1343.1530,1379.2829,1312.5491,1145.7684
2006-08-16,1340.4103,1378.5251,1314.9874,1147.7511
2006-08-17,1336.6088,1377.4016,1317.2932,1149.6489
2006-08-18,1332.0527,1376.8575,1319.6216,1151.5157
2006-08-21,1327.5276,1376.2971,1321.8940,1153.4603
2006-08-22,1322.9333,1376.0281,1324.2639,1155.5763
2006-08-23,1318.5085,1376.0653,1326.5418,1157.6943
2006-08-24,1315.2450,1376.2102,1328.9890,1159.8890
2006-08-25,1312.8703,1375.7437,1331.4113,1162.0552
2006-08-28,1314.5013,1375.5576,1333.9598,1164.3964
2006-08-29,1316.9871,1375.3910,1336.4486,1166.7100
2006-08-30,1320.0661,1375.4146,1338.8744,1169.0877
2006-08-31,1323.5261,1375.5622,1341.3080,1171.4667
2006-09-01,1327.4636,1375.1208,1343.5297,1173.7448
2006-09-04,1333.3106,1374.5798,1345.7967,1176.0999
2006-09-05,1337.8734,1374.0998,1348.0434,1178.4846
2006-09-06,1342.7866,1373.7583,1350.4134,1180.9828
2006-09-07,1345.7276,1372.3787,1352.8367,1183.3786
2006-09-08,1348.6475,1371.1010,1355.0438,1185.8075
2006-09-11,1353.4558,1369.4148,1357.2593,1188.2991
2006-09-12,1357.6822,1368.1048,1359.4956,1190.8031
2006-09-13,1360.5152,1366.9757,1361.5643,1193.2617
2006-09-14,1363.9597,1365.3137,1363.6718,1195.6184
2006-09-15,1368.8408,1364.3192,1365.8750,1198.0911
2006-09-18,1374.2672,1363.5634,1368.2819,1200.7057
2006-09-19,1379.0755,1362.7310,1370.7251,1203.3005
2006-09-20,1383.8703,1361.8888,1373.0272,1205.8688
2006-09-21,1388.7783,1362.7421,1375.4261,1208.4696
2006-09-22,1392.8822,1363.1084,1377.5192,1211.0261
2006-09-25,1395.2858,1363.1115,1379.1104,1213.6157
2006-09-26,1396.7065,1362.7855,1380.2064,1216.1161
2006-09-27,1398.5902,1363.4983,1381.2936,1218.6900
2006-09-28,1401.0868,1364.3626,1382.6576,1221.3621
2006-09-29,1405.4884,1365.3391,1383.7636,1224.1717
2006-10-09,1410.5959,1366.9505,1384.6309,1227.1174
2006-10-10,1415.5866,1368.2545,1385.7278,1230.0291
2006-10-11,1420.2140,1369.5901,1386.7654,1232.9327
2006-10-12,1425.2848,1371.0567,1387.7504,1235.7190
2006-10-13,1430.3871,1372.9067,1388.4199,1238.5219
2006-10-16,1434.5090,1375.4739,1388.8835,1241.2579
2006-10-17,1437.9618,1378.2106,1389.8840,1243.9261
2006-10-18,1443.0884,1381.5698,1391.2210,1246.7228
2006-10-19,1448.3132,1385.0352,1392.5820,1249.4971
2006-10-20,1452.3370,1389.1339,1393.7103,1252.2736
2006-10-23,1454.0506,1392.9503,1394.1488,1254.8649
2006-10-24,1457.2413,1396.8296,1394.7823,1257.6396
2006-10-25,1460.7747,1400.8715,1395.6235,1260.4204
2006-10-26,1464.3266,1404.6882,1396.1735,1263.2121
2006-10-27,1467.6444,1408.0659,1396.6793,1265.8823
2006-10-30,1471.4605,1412.2111,1397.1245,1268.6052
2006-10-31,1476.9809,1416.3167,1397.7998,1271.4142
2006-11-01,1482.5773,1420.3651,1399.4451,1274.2430
2006-11-02,1487.3659,1424.6654,1401.0335,1277.1175
2006-11-03,1491.7597,1429.2219,1403.0397,1279.9437
2006-11-06,1495.4713,1434.1280,1405.2125,1282.7796
2006-11-07,1499.5463,1438.8996,1407.4639,1285.6017
2006-11-08,1502.7638,1443.2922,1409.6788,1288.3041
2006-11-09,1507.8393,1448.0945,1412.1524,1291.1287
2006-11-10,1511.6212,1452.4070,1414.0753,1293.8707
2006-11-13,1514.5804,1455.5055,1415.5316,1296.4137
2006-11-14,1518.6801,1458.8879,1417.1394,1299.0750
2006-11-15,1523.7018,1463.0241,1419.2193,1302.0379
2006-11-16,1528.5550,1467.0468,1421.3045,1304.9785
2006-11-17,1534.8548,1472.0903,1423.6056,1307.9680
2006-11-20,1544.3866,1477.3807,1425.9803,1311.0788
2006-11-21,1553.2858,1482.9945,1428.5472,1314.2773
2006-11-22,1562.4434,1488.7343,1431.2463,1317.5221
2006-11-23,1571.6842,1495.0708,1433.7248,1320.8080
2006-11-24,1581.8925,1501.3639,1436.2325,1324.0482
2006-11-27,1592.5158,1507.8350,1438.6249,1327.2449
2006-11-28,1601.7943,1513.9616,1441.0332,1330.4184
2006-11-29,1611.4961,1520.7574,1443.8666,1333.6952
2006-11-30,1623.6253,1528.5317,1446.9227,1337.2857
2006-12-01,1636.0765,1536.1162,1450.2177,1340.8872
2006-12-04,1650.1773,1544.4920,1454.0277,1344.7587
2006-12-05,1664.5509,1553.0898,1457.9104,1348.6641
2006-12-06,1679.0853,1561.3782,1461.6335,1352.4767
2006-12-07,1692.0568,1569.4059,1466.0740,1356.3816
2006-12-08,1702.7814,1576.3667,1469.7376,1359.9537
2006-12-11,1719.0160,1584.9976,1474.0546,1363.9242
2006-12-12,1734.9855,1594.1995,1478.4925,1367.8724
2006-12-13,1748.8925,1603.1450,1483.3217,1371.8309
2006-12-14,1764.5437,1612.4296,1488.3961,1375.9382
2006-12-15,1780.3349,1622.0289,1493.6840,1380.1666
2006-12-18,1797.0248,1631.9522,1499.4514,1384.6537
2006-12-19,1813.0036,1641.9613,1505.1079,1389.1418
2006-12-20,1829.1545,1652.3105,1510.9503,1393.6892
2006-12-21,1843.3189,1662.2844,1516.6706,1398.1870
2006-12-22,1856.7070,1671.8919,1522.3993,1402.6002
2006-12-25,1871.5545,1682.6532,1529.0636,1407.2526
2006-12-26,1886.7602,1693.4809,1535.8458,1412.0240
2006-12-27,1903.0775,1704.7531,1543.1614,1417.0556
2006-12-28,1916.8021,1715.9272,1550.4812,1422.0974
2006-12-29,1932.9173,1728.3483,1558.7411,1427.4315
2007-01-04,1947.7158,1741.9580,1567.4542,1432.8435
2007-01-05,1962.1163,1755.0398,1575.9347,1438.2937
2007-01-08,1980.3152,1769.1944,1585.0330,1443.9919
2007-01-09,2002.2470,1784.5741,1594.6311,1450.0512
2007-01-10,2030.3809,1801.4613,1604.7636,1456.4178
2007-01-11,2053.2083,1817.6967,1614.9539,1462.5882
2007-01-12,2072.3793,1832.3589,1624.3378,1468.4435
2007-01-15,2097.3654,1849.0603,1634.7127,1474.8500
2007-01-16,2124.1214,1867.1318,1645.8986,1481.5959
2007-01-17,2146.9271,1884.0959,1656.6589,1488.1403
2007-01-18,2167.6501,1900.8238,1667.4759,1494.6849
2007-01-19,2192.1798,1919.0148,1678.9572,1501.6105
2007-01-22,2220.8496,1939.5448,1691.4185,1508.9802
2007-01-23,2251.8129,1959.8739,1703.9842,1516.4866
2007-01-24,2284.9287,1981.2149,1716.8110,1524.1111
2007-01-25,2311.4780,2001.4123,1728.4589,1531.2094
2007-01-26,2341.1773,2022.4798,1740.6838,1538.5662
2007-01-29,2371.8770,2044.0232,1753.5236,1546.1990
2007-01-30,2401.4351,2065.0793,1766.0630,1553.6855
2007-01-31,2419.2279,2082.0976,1777.0940,1560.3118
2007-02-01,2436.1829,2098.6766,1788.0286,1566.9127
2007-02-02,2447.8171,2112.8523,1797.9234,1572.9834
2007-02-05,2455.0646,2126.2429,1807.4886,1578.9510
2007-02-06,2461.0568,2140.3231,1817.6970,1585.2668
2007-02-07,2466.9390,2155.4799,1828.4219,1591.7329
2007-02-08,2476.1881,2171.1657,1839.5004,1598.3798
2007-02-09,2487.7385,2186.7365,1850.3490,1604.9223
2007-02-12,2497.9736,2203.6513,1862.2043,1611.8843
2007-02-13,2506.6951,2220.3597,1874.4457,1619.0588
2007-02-14,2521.1354,2238.1195,1887.1178,1626.4964
2007-02-15,2539.3023,2256.4738,1900.4829,1634.3824
2007-02-16,2553.8062,2274.7169,1913.9034,1642.3142
2007-02-26,2564.9881,2293.9059,1927.6421,1650.3346
2007-02-27,2562.3711,2307.9996,1938.7027,1657.0644
2007-02-28,2562.7917,2325.2190,1950.7929,1664.1560
2007-03-01,2563.8620,2339.3507,1962.1742,1670.6423
2007-03-02,2563.6455,2353.9438,1974.0716,1677.1390
2007-03-05,2558.4098,2367.8301,1985.4875,1683.3906
2007-03-06,2556.7773,2381.9727,1997.2011,1689.9294
2007-03-07,2567.3251,2396.8936,2009.4613,1696.6125
2007-03-08,2579.3385,2411.6021,2021.7772,1703.2040
2007-03-09,2595.5344,2425.8646,2033.9130,1709.8204
2007-03-12,2613.3313,2439.9136,2046.1120,1716.4387
2007-03-13,2630.0822,2455.0284,2058.6564,1723.2034
2007-03-14,2641.8429,2469.5343,2070.7131,1729.5665
2007-03-15,2653.9850,2484.1379,2083.3956,1736.1395
2007-03-16,2664.6817,2497.9051,2095.6930,1742.7885
2007-03-19,2673.6749,2511.8902,2108.3217,1749.7713
2007-03-20,2681.4341,2526.2125,2121.0699,1756.8259
2007-03-21,2687.3385,2539.8880,2134.1181,1763.9142
2007-03-22,2689.5447,2553.2054,2147.5817,1770.8653
2007-03-23,2691.5876,2566.5054,2160.7726,1777.7775
2007-03-26,2694.4997,2579.5797,2174.3871,1785.0053
2007-03-27,2711.3747,2591.6506,2188.1124,1792.1429
2007-03-28,2724.4537,2602.8482,2202.1547,1799.4170
2007-03-29,2740.4625,2614.2524,2215.9746,1806.5496
2007-03-30,2754.5736,2626.8215,2229.5902,1813.6950
2007-04-02,2773.9276,2638.4550,2243.7576,1821.6013
2007-04-03,2792.9370,2649.4989,2258.3153,1829.6744
2007-04-04,2809.5974,2661.9618,2273.0288,1838.0343
2007-04-05,2826.0016,2674.9426,2287.8832,1846.5479
2007-04-06,2844.6382,2686.8480,2302.9314,1855.1976
2007-04-09,2866.4470,2698.1526,2318.8487,1864.2637
2007-04-10,2889.2584,2710.0066,2334.9403,1873.5463
2007-04-11,2916.3364,2722.0974,2351.6561,1882.8657
2007-04-12,2943.7726,2737.0557,2369.2340,1892.3828
2007-04-13,2972.9716,2750.6228,2386.5513,1901.8454
2007-04-16,3003.8031,2764.6607,2404.3419,1911.7806
2007-04-17,3035.3705,2779.7867,2422.4330,1921.8687
2007-04-18,3066.4765,2798.7874,2440.4425,1932.0240
2007-04-19,3089.1628,2814.3973,2456.5370,1941.2586
2007-04-20,3118.7757,2834.8889,2473.8706,1951.2089
2007-04-23,3153.2610,2858.8583,2492.5506,1961.8984
2007-04-24,3187.4305,2882.2001,2511.2616,1972.4932
2007-04-25,3221.0548,2904.4945,2529.9872,1983.1098
2007-04-26,3257.7612,2926.8817,2549.0237,1993.8243
2007-04-27,3293.3550,2949.0681,2567.9023,2004.4678
2007-04-30,3329.9752,2971.2556,2587.4534,2015.6600
2007-05-08,3371.2109,2995.3052,2607.8325,2027.3776
2007-05-09,3412.0098,3018.3115,2628.2155,2039.2166
2007-05-10,3452.2920,3040.1385,2648.3061,2051.1669
2007-05-11,3490.0491,3061.3451,2668.0310,2062.9707
2007-05-14,3526.0310,3082.5697,2688.2378,2074.9357
2007-05-15,3553.0630,3106.2834,2707.1415,2086.6078
2007-05-16,3582.9840,3130.1743,2727.6966,2098.7171
2007-05-17,3614.1039,3157.1525,2748.2516,2111.1531
2007-05-18,3645.4941,3183.3623,2768.6530,2123.5728
2007-05-21,3675.2326,3211.3898,2789.6099,2136.4658
2007-05-22,3705.5628,3239.3009,2810.6368,2149.5164
2007-05-23,3738.3509,3267.1977,2832.0457,2162.8649
2007-05-24,3778.1158,3293.9082,2852.7551,2176.1033
2007-05-25,3814.0832,3322.3084,2874.0865,2189.5972
2007-05-28,3847.2233,3352.4151,2896.1643,2203.5573
2007-05-29,3884.5922,3384.0041,2919.5163,2218.0934
2007-05-30,3907.2372,3410.6522,2940.0932,2231.2463
2007-05-31,3929.6853,3437.1618,2960.6498,2244.8567
2007-06-01,3946.9168,3461.9622,2979.9336,2257.8897
2007-06-04,3944.4734,3479.5750,2995.7326,2269.4470
2007-06-05,3941.8171,3499.4584,3012.8355,2281.6583
2007-06-06,3940.5922,3519.6130,3029.7505,2294.2458
2007-06-07,3944.6124,3542.1656,3047.6855,2307.5698
2007-06-08,3951.6026,3565.3511,3065.9283,2320.9315
2007-06-11,3961.8062,3589.4923,3084.5360,2334.7845
2007-06-12,3984.1044,3615.3753,3103.5130,2349.0720
2007-06-13,4005.7054,3642.6749,3122.7616,2363.7626
2007-06-14,4021.0651,3669.3935,3141.8229,2378.3884
2007-06-15,4037.7447,3696.6307,3161.7261,2393.0319
2007-06-18,4058.2165,3725.1053,3181.7802,2408.2464
2007-06-19,4077.9845,3753.3199,3201.4094,2423.6540
2007-06-20,4089.2842,3779.0725,3220.5171,2438.5880
2007-06-21,4103.6269,3804.9583,3239.9505,2453.7132
2007-06-22,4107.0470,3827.2719,3257.0599,2468.0086
2007-06-25,4096.9700,3844.6243,3271.3884,2481.4035
2007-06-26,4084.5628,3862.1259,3286.0663,2495.0252
2007-06-27,4092.5225,3881.1266,3301.6120,2509.2115
2007-06-28,4088.9344,3895.2265,3316.1411,2522.3000
2007-06-29,4086.8739,3907.5231,3329.0730,2534.8784
2007-07-02,4099.5990,3917.8933,3341.2770,2547.4003
2007-07-03,4109.8109,3929.2345,3354.5106,2560.2868
2007-07-04,4113.2217,3938.3111,3368.5493,2572.8216
2007-07-05,4099.5339,3946.3140,3380.3557,2584.1921
2007-07-06,4092.9401,3955.0168,3394.9529,2596.4381
2007-07-09,4087.2264,3963.0784,3410.9684,2609.2285
2007-07-10,4073.7643,3969.9088,3426.0545,2621.8757
2007-07-11,4056.7928,3976.9701,3440.7323,2634.5771
2007-07-12,4043.4129,3983.6542,3455.2679,2647.3841
2007-07-13,4028.9809,3990.8810,3469.9746,2660.1618
2007-07-16,4001.6114,3993.7598,3482.5077,2672.3560
2007-07-17,3977.6656,3995.9018,3495.6035,2685.0246
2007-07-18,3959.5762,3998.0990,3508.2053,2697.6616
2007-07-19,3939.4067,3999.8042,3519.9714,2710.2271
2007-07-20,3935.2956,4005.3705,3533.3578,2723.6306
2007-07-23,3949.7209,4014.1003,3548.3350,2737.9885
2007-07-24,3961.7695,4025.6085,3565.9459,2752.3243
2007-07-25,3972.8796,4037.0849,3583.6296,2767.2112
2007-07-26,3995.8599,4047.9289,3602.5407,2782.3574
2007-07-27,4023.9251,4058.8955,3621.1289,2797.6003
2007-07-30,4057.6532,4070.8616,3641.1257,2813.3066
2007-07-31,4090.1251,4083.0594,3661.1802,2829.1906
2007-08-01,4118.3886,4090.3262,3678.7620,2844.1116
2007-08-02,4164.8357,4101.0020,3697.4551,2859.6161
2007-08-03,4210.7323,4113.6765,3717.9925,2875.9527
2007-08-06,4256.3488,4126.7287,3739.5719,2892.8420
2007-08-07,4305.3891,4138.2276,3761.1159,2909.8861
2007-08-08,4350.7752,4154.3853,3782.5188,2926.6159
2007-08-09,4400.4067,4171.9427,3804.5522,2943.9739
2007-08-10,4447.2574,4191.0173,3826.4897,2961.0914
2007-08-13,4500.1370,4216.0252,3847.8001,2978.0609
2007-08-14,4552.1225,4240.0240,3869.7412,2995.4055
2007-08-15,4603.3463,4263.2006,3891.4068,3012.7625
2007-08-16,4650.6300,4282.2113,3912.1884,3029.8851
2007-08-17,4684.4646,4298.5153,3931.9332,3046.3529
2007-08-20,4722.1240,4318.2274,3953.8598,3064.1235
2007-08-21,4764.0548,4337.5886,3976.4820,3082.2972
2007-08-22,4805.2036,4356.8841,3999.7795,3100.9671
2007-08-23,4848.2393,4378.7986,4024.0960,3120.0353
2007-08-24,4895.2904,4401.9138,4049.2722,3139.4312
2007-08-27,4938.3318,4422.9077,4074.0065,3158.8821
2007-08-28,4979.2212,4443.5541,4098.4370,3178.3762
2007-08-29,5024.7685,4464.5199,4121.7962,3197.4125
2007-08-30,5066.3726,4486.1003,4145.5293,3216.7063
2007-08-31,5102.4672,4511.8445,4169.5582,3236.2448
2007-09-03,5139.4279,4543.7118,4194.1681,3256.5084
2007-09-04,5172.2848,4573.3164,4217.7211,3276.3307
2007-09-05,5208.2103,4600.6605,4240.8935,3296.2748
2007-09-06,5241.0140,4632.7746,4264.0005,3316.6173
2007-09-07,5270.3742,4664.4174,4285.9702,3336.2608
2007-09-10,5304.2775,4697.8966,4307.8950,3356.1184
2007-09-11,5321.2553,4724.6018,4326.9181,3374.6756
2007-09-12,5342.1395,4754.7678,4346.5394,3393.4910
2007-09-13,5374.5959,4792.2361,4369.2750,3412.9060
2007-09-14,5414.4253,4827.1095,4391.0632,3432.4669
2007-09-17,5446.1297,4861.7887,4412.4336,3452.4921
2007-09-18,5472.1829,4896.9561,4433.4325,3472.3470
2007-09-19,5491.1793,4930.6388,4453.8044,3491.8958
2007-09-20,5509.7318,4965.3261,4474.4901,3511.7569
2007-09-21,5522.6786,4999.3929,4495.1370,3531.5196
2007-09-24,5536.6708,5036.9315,4515.3456,3551.3995
2007-09-25,5547.1540,5071.3495,4533.6256,3570.7290
2007-09-26,5556.9318,5103.4621,4550.7806,3589.4980
2007-09-27,5566.5664,5136.9641,4568.3842,3608.3452
2007-09-28,5581.2434,5170.2237,4587.7971,3627.9141
2007-10-08,5593.3349,5201.1574,4607.6288,3647.9333
2007-10-09,5609.6450,5232.4666,4629.0375,3668.0895
2007-10-10,5626.3121,5262.0335,4649.5592,3688.6279
2007-10-11,5644.2987,5292.1501,4670.0395,3709.1455
2007-10-12,5667.1628,5321.7125,4690.3040,3729.4785
2007-10-15,5690.1204,5350.8835,4710.8726,3750.2412
2007-10-16,5729.0408,5380.1681,4731.6137,3771.1253
2007-10-17,5761.1473,5411.8712,4751.0987,3791.5722
2007-10-18,5774.8827,5436.2549,4768.6284,3810.6918
2007-10-19,5786.0858,5457.2509,4785.4637,3829.7751
2007-10-22,5784.7302,5473.1413,4799.9350,3848.0497
2007-10-23,5787.9990,5490.0000,4814.1138,3866.8150
2007-10-24,5796.7194,5509.0164,4831.7009,3885.8971
2007-10-25,5788.3922,5520.5203,4846.2315,3903.4407
2007-10-26,5784.6047,5534.3318,4862.6745,3921.3041
2007-10-29,5784.3183,5550.6040,4883.3146,3939.5236
2007-10-30,5791.6284,5567.1518,4903.5879,3958.2117
2007-10-31,5808.5545,5585.5454,4924.3730,3977.0618
2007-11-01,5817.7313,5603.8047,4943.0080,3995.3467
2007-11-02,5812.1561,5621.3003,4959.9078,4012.9180
2007-11-05,5797.0227,5631.1169,4974.6721,4029.6041
2007-11-06,5778.5018,5638.2454,4987.9170,4045.7150
2007-11-07,5761.1824,5644.4250,5000.6546,4061.7081
2007-11-08,5726.7426,5643.5514,5011.1750,4076.4990
2007-11-09,5690.7380,5639.8915,5020.9026,4091.3144
2007-11-12,5647.1618,5634.4155,5028.6616,4105.2209
2007-11-13,5598.6884,5627.9549,5035.7545,4118.5820
2007-11-14,5563.6377,5627.4189,5045.9694,4133.2433
2007-11-15,5536.0078,5624.1089,5055.1046,4147.5275
2007-11-16,5504.6693,5618.1317,5064.9881,4161.0240
2007-11-19,5479.9530,5609.3513,5076.5316,4173.9600
2007-11-20,5455.6269,5603.3368,5088.3266,4187.1964
2007-11-21,5425.1158,5595.7786,5098.2195,4199.9158
2007-11-22,5396.1147,5582.5606,5107.6676,4211.9043
2007-11-23,5368.2775,5573.4931,5118.9552,4224.0141
2007-11-26,5331.6739,5561.5626,5129.7296,4235.5033
2007-11-27,5285.9416,5553.0264,5138.8141,4246.6623
2007-11-28,5232.2057,5541.5719,5148.1698,4258.3595
2007-11-29,5192.7659,5531.0727,5161.6544,4271.0050
2007-11-30,5154.7545,5517.4319,5172.2707,4283.6118
2007-12-03,5124.3855,5502.4192,5182.1040,4296.5362
2007-12-04,5099.1483,5489.0315,5192.9938,4309.5241
2007-12-05,5079.2682,5479.6606,5205.1497,4322.9410
2007-12-06,5072.9318,5468.8314,5217.0788,4336.1733
2007-12-07,5072.9742,5460.0097,5229.7013,4349.8379
2007-12-10,5081.0005,5452.1474,5244.5394,4363.5236
2007-12-11,5091.3757,5445.6436,5258.4965,4377.0500
2007-12-12,5087.8357,5439.7805,5271.6213,4389.9133
2007-12-13,5077.6646,5428.5482,5282.7562,4401.3638
2007-12-14,5076.1137,5416.0798,5293.1517,4413.2548
2007-12-17,5069.0269,5399.6281,5300.3928,4424.3639
2007-12-18,5056.6512,5382.1393,5307.3029,4436.6244
2007-12-19,5053.9984,5366.8531,5314.4433,4449.0364
2007-12-20,5067.6718,5351.9099,5322.0300,4462.2853
2007-12-21,5080.3690,5338.7756,5330.2440,4475.6865
2007-12-24,5101.4052,5326.0765,5338.4800,4489.8028
2007-12-25,5127.5375,5312.4250,5346.2965,4503.7383
2007-12-26,5159.3866,5300.8676,5356.3694,4517.5657
2007-12-27,5186.5421,5295.7364,5365.9957,4531.7254
2007-12-28,5217.5948,5290.0356,5373.6432,4545.8178
2008-01-02,5249.2450,5288.2251,5380.6832,4560.1275
2008-01-03,5279.8817,5285.7846,5387.8923,4574.5041
2008-01-04,5306.6362,5283.6273,5396.3219,4589.4203
2008-01-07,5336.8961,5288.2330,5404.3766,4604.4644
2008-01-08,5362.0486,5290.9873,5412.6595,4619.5746
2008-01-09,5386.8651,5293.1661,5421.8851,4634.8426
2008-01-10,5414.3664,5294.7388,5430.9453,4650.3433
2008-01-11,5446.4987,5294.9581,5440.2518,4665.8293
2008-01-14,5490.2951,5297.5737,5450.6892,4681.4388
2008-01-15,5527.4424,5302.1943,5461.7473,4696.8403
2008-01-16,5560.9530,5305.2002,5468.1586,4711.0092
2008-01-17,5588.6382,5306.1939,5472.2196,4724.3508
2008-01-18,5612.8336,5307.5136,5475.9693,4737.8744
2008-01-21,5618.4424,5308.5898,5476.0706,4750.0833
2008-01-22,5600.4589,5302.6640,5471.2777,4760.2750
2008-01-23,5588.4682,5302.5991,5468.5073,4771.2569
2008-01-24,5578.6698,5304.4176,5466.1863,4782.3116
2008-01-25,5568.9747,5303.0024,5465.2106,4793.5034
2008-01-28,5536.1245,5295.7832,5459.9460,4802.7377
2008-01-29,5506.3468,5290.7066,5454.4191,4811.9887
2008-01-30,5471.4915,5284.8405,5447.0959,4820.6320
2008-01-31,5430.0636,5275.5593,5439.4481,4828.5846
2008-02-01,5382.9473,5266.7599,5431.2693,4836.0814
2008-02-04,5351.6052,5270.4291,5426.4949,4845.2477
2008-02-05,5320.2760,5271.7867,5422.6399,4854.3051
2008-02-13,5279.0522,5272.1174,5416.8400,4862.3675
2008-02-14,5238.1271,5275.6130,5414.3197,4870.6189
2008-02-15,5192.3473,5279.0148,5410.2933,4878.4164
2008-02-18,5149.9302,5280.4395,5405.7561,4887.5156
2008-02-19,5115.0103,5286.2966,5401.8643,4896.4637
2008-02-20,5084.1576,5289.1090,5395.7641,4904.0989
2008-02-21,5058.8558,5290.0769,5389.5542,4911.4933
2008-02-22,5022.0481,5284.6255,5382.1430,4917.9737
2008-02-25,4989.6992,5275.2967,5372.0641,4923.2771
2008-02-26,4977.3819,5264.4271,5362.2184,4928.6777
2008-02-27,4960.0517,5254.2195,5353.1835,4934.2645
2008-02-28,4939.1137,5243.5128,5344.5782,4939.1019
2008-02-29,4918.2930,5235.1853,5337.4829,4944.1317
2008-03-03,4921.3349,5233.2513,5330.8997,4949.6420
2008-03-04,4916.6357,5226.9153,5321.4976,4954.6473
2008-03-05,4912.4016,5222.1904,5310.9093,4959.2690
2008-03-06,4915.7416,5219.1955,5300.6674,4964.8525
2008-03-07,4918.3121,5212.4854,5289.6693,4969.6142
2008-03-10,4891.5147,5199.9663,5275.9381,4972.9888
2008-03-11,4866.6749,5186.3090,5262.5423,4976.4232
2008-03-12,4840.5028,5167.7565,5246.9165,4978.8945
2008-03-13,4805.2941,5146.7157,5229.5703,4980.5920
2008-03-14,4771.4212,5123.8286,5212.3481,4981.7234
2008-03-17,4722.5473,5094.8416,5195.2890,4981.9587
2008-03-18,4657.5964,5062.2973,5176.1664,4980.8150
2008-03-19,4604.8904,5031.3672,5159.7962,4979.8656
2008-03-20,4559.7121,5002.0091,5143.8968,4979.0053
2008-03-21,4525.3757,4972.1213,5127.8743,4979.7876
2008-03-24,4491.1282,4936.9896,5112.6113,4979.4214
2008-03-25,4459.6160,4903.4541,5097.2207,4979.9476
2008-03-26,4422.1276,4868.3245,5080.7453,4982.0300
2008-03-27,4377.0041,4828.5679,5061.6533,4982.6206
2008-03-28,4337.9142,4791.7515,5043.3548,4983.8639
2008-03-31,4286.2238,4751.6227,5024.5982,4983.8031
2008-04-01,4229.9814,4707.9310,5005.0626,4982.4852
2008-04-02,4174.1292,4667.4609,4986.3305,4980.5013
2008-04-03,4120.6755,4632.0103,4969.1021,4978.5096
2008-04-07,4080.5788,4599.5835,4953.5485,4977.1016
2008-04-08,4052.6444,4573.6471,4941.1184,4976.1467
2008-04-09,4013.7271,4551.6163,4927.1402,4974.0214
2008-04-10,3985.0486,4526.3886,4914.4939,4971.5777
2008-04-11,3963.5897,4500.6836,4902.5506,4969.1526
2008-04-14,3931.4687,4468.8263,4885.9143,4965.9419
2008-04-15,3911.7282,4445.0830,4870.4331,4962.7688
2008-04-16,3897.7783,4418.8699,4854.7882,4959.8882
2008-04-17,3871.8233,4391.4999,4838.1702,4957.3509
2008-04-18,3834.1318,4363.6364,4819.5978,4953.9622
2008-04-21,3794.3240,4336.6720,4801.7160,4949.9678
2008-04-22,3765.3416,4302.4841,4786.4566,4947.0621
2008-04-23,3741.9804,4272.1358,4771.9612,4945.4582
2008-04-24,3734.7519,4250.6044,4761.3609,4945.5453
2008-04-25,3737.5504,4228.3372,4751.9751,4945.3946
2008-04-28,3727.7824,4205.9256,4742.4702,4945.3200
2008-04-29,3727.0801,4182.4827,4731.4611,4946.5577
2008-04-30,3746.5251,4160.5368,4723.4167,4947.8437
2008-05-05,3772.7680,4142.9050,4716.0070,4949.0555
2008-05-06,3791.3824,4125.0210,4707.5489,4950.2714
2008-05-07,3790.1163,4106.8107,4695.7181,4950.4339
2008-05-08,3791.8724,4094.5164,4684.9066,4950.9927
2008-05-09,3801.7323,4081.3565,4672.8918,4951.2965
2008-05-12,3809.4946,4066.1658,4660.1927,4952.3660
2008-05-13,3813.0067,4050.2408,4646.8768,4952.6867
2008-05-14,3835.7173,4035.7960,4635.4906,4953.5560
2008-05-15,3854.5695,4018.3768,4625.8141,4954.2851
2008-05-16,3877.4171,4003.1824,4615.0489,4954.1003
2008-05-19,3904.6749,3988.4093,4605.2998,4952.8463
2008-05-20,3927.3271,3968.2706,4593.7330,4950.5180
2008-05-21,3953.9680,3950.9344,4581.7099,4948.0766
2008-05-22,3975.4233,3936.0475,4568.0069,4945.0184
2008-05-23,3986.8661,3920.2123,4553.2607,4941.7524
2008-05-26,3975.7406,3904.6995,4536.2280,4937.3540
2008-05-27,3964.0160,3891.8259,4519.2708,4932.7837
2008-05-28,3961.2811,3881.8696,4502.8491,4929.6093
2008-05-29,3951.1483,3873.9231,4484.3823,4925.1890
2008-05-30,3933.1747,3870.7682,4466.5327,4920.0880
2008-06-02,3910.9550,3865.3309,4448.3490,4914.5161
2008-06-03,3890.4496,3857.3160,4429.6625,4908.7774
2008-06-04,3876.2687,3847.1680,4409.6447,4902.9833
2008-06-05,3854.9302,3840.0372,4388.5134,4896.4450
2008-06-06,3834.8052,3831.4321,4367.4431,4890.0513
2008-06-10,3798.7142,3816.8004,4342.5625,4882.2238
2008-06-11,3761.9499,3804.2191,4316.3935,4873.6694
2008-06-12,3715.8956,3786.9885,4289.3700,4864.8109
2008-06-13,3665.8196,3770.2152,4260.9190,4855.8041
2008-06-16,3614.9731,3757.1791,4232.5550,4847.1512
2008-06-17,3559.6041,3742.5993,4205.0301,4836.5943
2008-06-18,3522.4181,3728.9676,4180.4890,4826.3543
2008-06-19,3470.2233,3706.7921,4153.1878,4814.5786
2008-06-20,3425.6873,3685.2647,4129.4559,4802.7633
2008-06-23,3379.9401,3666.6975,4109.1569,4790.2173
2008-06-24,3343.3871,3648.0349,4087.2118,4777.8595
2008-06-25,3312.0351,3631.2041,4065.9439,4766.0651
2008-06-26,3276.1013,3619.7226,4044.2744,4754.7425
2008-06-27,3236.5742,3603.8615,4024.4722,4742.2091
2008-06-30,3194.2222,3589.3457,4004.1078,4729.2635
2008-07-01,3146.2904,3575.1177,3983.3088,4715.2024
2008-07-02,3099.0289,3563.2748,3963.4556,4701.4518
2008-07-03,3058.3928,3552.7955,3944.7337,4688.0015
2008-07-04,3018.5845,3541.3344,3921.9093,4674.2021
2008-07-07,2987.2284,3529.5314,3900.8336,4661.7367
2008-07-08,2971.4806,3511.4919,3881.0482,4648.9441
2008-07-09,2965.0119,3495.2037,3861.7704,4638.0451
2008-07-10,2959.2806,3479.5878,3842.7567,4626.5250
2008-07-11,2957.9566,3462.5658,3822.5242,4614.1402
2008-07-14,2959.1778,3442.2402,3801.3885,4601.6264
2008-07-15,2959.7101,3417.3761,3780.1406,4587.9524
2008-07-16,2947.0140,3391.2203,3758.1206,4573.8374
2008-07-17,2944.1711,3368.4141,3737.6124,4559.8777
2008-07-18,2942.4031,3345.4770,3719.9967,4546.0304
2008-07-21,2948.6620,3325.4694,3703.4129,4532.8157
2008-07-22,2951.3917,3304.7938,3685.4798,4519.3316
2008-07-23,2946.9359,3284.7758,3667.5083,4506.0433
2008-07-24,2946.7525,3264.1366,3649.9663,4493.7246
2008-07-25,2953.1183,3243.2810,3630.8289,4480.8643
2008-07-28,2961.8537,3223.1204,3613.1514,4467.3245
2008-07-29,2972.5659,3202.2741,3595.3417,4453.1255
2008-07-30,2982.1152,3185.1901,3576.7303,4438.6989
2008-07-31,2984.4202,3164.9763,3557.9553,4423.8123
2008-08-01,2989.5333,3146.9784,3541.5130,4408.7255
2008-08-04,2983.8687,3128.3324,3524.2724,4393.4073
2008-08-05,2973.5969,3110.6344,3507.6670,4377.2917
2008-08-06,2958.4320,3092.9701,3492.3980,4360.9842
2008-08-07,2945.3421,3073.2122,3477.5409,4344.9445
2008-08-08,2926.6320,3052.7593,3463.3412,4329.3151
2008-08-11,2899.8072,3028.8932,3449.8307,4312.9986
2008-08-12,2878.6796,3004.4659,3434.8984,4297.3473
2008-08-13,2863.1276,2980.2915,3418.8037,4281.3503
2008-08-14,2848.9385,2957.4820,3402.3250,4265.0996
2008-08-15,2829.9287,2935.4764,3387.7568,4250.1840
2008-08-18,2799.0424,2911.1642,3371.2982,4234.2594
2008-08-19,2770.2946,2893.4259,3355.1132,4217.9293
2008-08-20,2752.1871,2880.8707,3342.5449,4202.0991
2008-08-21,2724.6222,2867.6273,3327.3079,4185.3314
2008-08-22,2697.0114,2855.7577,3312.9865,4168.7924
2008-08-25,2668.0553,2844.3533,3300.7662,4152.9144
2008-08-26,2638.3860,2833.7869,3288.1931,4137.2618
2008-08-27,2609.4925,2820.0198,3274.4937,4121.7979
2008-08-28,2585.2372,2810.9819,3258.8870,4106.2178
2008-08-29,2562.0253,2801.5136,3243.3891,4092.2538
2008-09-01,2538.0470,2791.5752,3229.1363,4078.1382
2008-09-02,2516.4620,2779.8644,3213.9497,4064.2218
2008-09-03,2491.8765,2764.9067,3198.0554,4050.3030
2008-09-04,2467.6238,2749.8212,3184.7719,4035.3431
2008-09-05,2446.5370,2736.7444,3170.3029,4020.3680
2008-09-08,2429.4677,2722.9914,3156.1686,4005.4784
2008-09-09,2413.7049,2711.4317,3143.2747,3990.7225
2008-09-10,2398.1240,2699.9295,3131.6022,3975.6000
2008-09-11,2378.9313,2685.6974,3119.2464,3960.4812
2008-09-12,2359.8217,2671.9713,3106.6528,3946.5547
2008-09-16,2343.6589,2653.7364,3091.6339,3931.7976
2008-09-17,2321.9881,2633.6289,3072.5604,3916.9607
2008-09-18,2289.0708,2610.4943,3052.8490,3902.4120
2008-09-19,2269.9044,2591.8768,3035.7323,3889.1012
2008-09-22,2259.7070,2576.4579,3019.5118,3875.4865
2008-09-23,2245.3881,2558.8374,3000.5388,3861.9778
2008-09-24,2235.4305,2544.0750,2980.7256,3848.3663
2008-09-25,2230.1716,2533.2829,2962.2516,3834.9003
2008-09-26,2225.4062,2523.4760,2945.9450,3820.8316
2008-10-06,2211.8176,2509.2794,2927.3782,3806.1424
2008-10-07,2201.1344,2492.5641,2909.0167,3790.9543
2008-10-08,2187.5669,2474.3345,2889.5641,3774.8784
2008-10-09,2174.6129,2455.9775,2870.3766,3758.6267
2008-10-10,2156.8253,2433.8503,2848.9935,3742.2421
2008-10-13,2146.5959,2414.1354,2828.7082,3727.2611
2008-10-14,2136.6786,2392.9213,2808.0209,3711.5349
2008-10-15,2125.0615,2372.4300,2787.3520,3696.3259
2008-10-16,2108.4062,2350.4459,2767.8180,3680.7755
2008-10-17,2096.0615,2330.3539,2747.6651,3664.6875
2008-10-20,2086.7013,2310.8384,2728.9084,3648.4577
2008-10-21,2080.5390,2292.4045,2710.3685,3631.8146
2008-10-22,2075.5871,2274.4250,2692.5297,3614.3789
2008-10-23,2072.4238,2256.0910,2674.5305,3596.9007
2008-10-24,2057.3587,2236.6834,2654.9478,3578.8984
2008-10-27,2028.7829,2217.3182,2635.0388,3559.7105
2008-10-28,2007.1984,2201.7939,2615.3436,3540.9381
2008-10-29,1982.3597,2185.5471,2595.0065,3521.6778
2008-10-30,1955.1829,2170.1050,2575.1982,3502.4304
2008-10-31,1925.2088,2153.9841,2555.7330,3482.6888
2008-11-03,1900.6527,2137.5690,2536.5227,3462.5180
2008-11-04,1876.1209,2123.3956,2517.2799,3442.3615
2008-11-05,1858.9912,2109.8131,2501.6195,3422.0910
2008-11-06,1841.1349,2091.5566,2486.2136,3401.3036
2008-11-07,1829.2935,2075.7189,2471.6731,3380.5216
2008-11-10,1819.7938,2063.2484,2459.5030,3360.2110
2008-11-11,1811.8734,2050.4486,2447.4009,3339.9780
2008-11-12,1806.0574,2039.4985,2436.6427,3320.8364
2008-11-13,1808.8057,2030.1712,2425.0955,3302.7922
2008-11-14,1814.5106,2022.0633,2416.5226,3284.8552
2008-11-17,1819.1876,2013.7034,2407.6085,3268.5322
2008-11-18,1817.0382,2004.0010,2397.7881,3253.4725
2008-11-19,1823.2315,1997.1328,2388.4986,3237.8552
2008-11-20,1828.2780,1990.6516,2377.7791,3221.8615
2008-11-21,1835.4687,1983.8214,2366.8213,3205.5479
2008-11-24,1844.9245,1976.6733,2356.7088,3190.5905
2008-11-25,1851.5638,1970.6324,2346.8119,3175.4598
2008-11-26,1861.1390,1964.5207,2337.9762,3160.6425
2008-11-27,1870.0698,1958.8833,2329.4064,3146.4310
2008-11-28,1878.6620,1953.8764,2319.7869,3132.2603
2008-12-01,1889.5494,1949.4601,2310.7157,3116.3125
2008-12-02,1901.9974,1946.7310,2300.2337,3100.5336
2008-12-03,1915.4987,1947.2174,2290.4232,3085.7357
2008-12-04,1932.7158,1949.0146,2279.7544,3070.7624
2008-12-05,1950.0465,1947.7757,2269.8263,3056.2915
2008-12-08,1965.2078,1945.4487,2260.9533,3041.7388
2008-12-09,1978.6181,1943.7406,2251.2890,3026.3388
2008-12-10,1993.8413,1942.8628,2243.4689,3011.8048
2008-12-11,2002.7437,1939.2000,2236.2414,2997.1810
2008-12-12,2003.6083,1933.3441,2228.4100,2983.0112
2008-12-15,2002.9778,1930.1674,2219.7234,2969.8601
2008-12-16,2010.9690,1927.9349,2210.2495,2956.8312
2008-12-17,2013.4630,1927.4913,2200.9129,2943.1963
2008-12-18,2019.2858,1928.5207,2192.2491,2929.8787
2008-12-19,2026.0749,1931.5212,2182.6858,2916.3260
2008-12-22,2035.3726,1932.1840,2173.1597,2901.9943
2008-12-23,2039.7483,1931.8603,2162.3908,2887.7711
2008-12-24,2042.0005,1931.2963,2151.8632,2873.6024
2008-12-25,2042.0160,1932.3272,2141.3866,2859.0584
2008-12-26,2043.6791,1932.9234,2131.6387,2844.7970
2008-12-29,2043.1907,1932.0558,2121.4471,2831.4801
2008-12-30,2041.3721,1931.0642,2111.7344,2818.0034
2008-12-31,2034.3979,1930.7417,2102.5834,2805.1252
2009-01-05,2029.2315,1931.7377,2093.9143,2793.1562
2009-01-06,2025.5943,1935.0700,2085.8767,2781.7088
2009-01-07,2017.1261,1940.7859,2079.0521,2771.1966
2009-01-08,2009.2264,1944.5517,2073.1728,2761.5018
2009-01-09,2000.0264,1949.9295,2067.7383,2751.3183
2009-01-12,1993.5328,1954.5399,2062.3225,2740.5631
2009-01-13,1989.1819,1958.9333,2056.4587,2729.3918
2009-01-14,1988.1592,1965.1700,2051.3695,2719.5632
2009-01-15,1986.1137,1971.9320,2047.6638,2709.4810
2009-01-16,1985.5344,1978.1085,2043.9608,2699.5370
2009-01-19,1983.8481,1985.6060,2038.5813,2690.5631
2009-01-20,1982.4568,1992.7866,2034.2527,2680.7803
2009-01-21,1982.6718,1997.3352,2030.2918,2671.6391
2009-01-22,1989.1623,2002.7758,2026.6122,2663.6892
2009-01-23,1996.6868,2007.5481,2023.5233,2655.8582
2009-02-02,2006.3142,2011.3306,2020.7509,2647.6223
2009-02-03,2019.0693,2014.7469,2018.4051,2638.6460
2009-02-04,2035.1752,2018.4509,2016.0771,2629.7331
2009-02-05,2051.5850,2024.8829,2014.4420,2621.7891
2009-02-06,2073.2677,2030.7562,2013.9445,2613.9471
2009-02-09,2094.6481,2038.2857,2014.4686,2606.2620
2009-02-10,2114.4910,2046.6789,2015.2501,2600.0110
2009-02-11,2135.1607,2056.8804,2016.7768,2593.5399
2009-02-12,2157.4010,2066.8866,2018.7595,2587.4640
2009-02-13,2182.2434,2078.3713,2021.4460,2582.3604
2009-02-16,2210.2310,2090.6044,2024.7439,2578.1730
2009-02-17,2236.5411,2102.0850,2027.9807,2573.6135
2009-02-18,2253.1096,2110.5941,2030.0271,2568.3399
2009-02-19,2270.8636,2119.4784,2033.1047,2562.3693
2009-02-20,2289.1638,2127.5746,2037.3960,2554.9782
2009-02-23,2309.7328,2136.4128,2042.7137,2547.7813
2009-02-24,2324.0305,2142.3802,2045.0779,2540.4051
2009-02-25,2338.6320,2146.7049,2046.0768,2532.7943
2009-02-26,2346.1587,2149.7920,2046.7663,2523.6526
2009-02-27,2351.7302,2150.7037,2046.7833,2513.7544
2009-03-02,2357.2915,2153.1498,2046.1749,2504.2132
2009-03-03,2359.0093,2156.9073,2045.1257,2495.5353
2009-03-04,2365.1457,2163.3180,2046.7427,2487.0605
2009-03-05,2373.1018,2169.7360,2048.8355,2478.9261
2009-03-06,2375.6496,2175.6308,2051.5610,2470.5626
2009-03-09,2370.7845,2178.8852,2053.7029,2462.0398
2009-03-10,2366.3411,2182.7853,2057.1533,2453.0734
2009-03-11,2360.6171,2186.9782,2059.5811,2444.1447
2009-03-12,2355.3127,2193.1124,2062.4863,2435.2536
2009-03-13,2345.3049,2199.6930,2065.4947,2426.4234
2009-03-16,2333.9023,2207.3590,2069.8431,2418.8305
2009-03-17,2330.6522,2216.8742,2074.8988,2411.2820
2009-03-18,2333.5881,2226.7531,2079.4044,2404.1564
2009-03-19,2337.9370,2238.1044,2084.5843,2397.4764
2009-03-20,2339.7726,2249.7244,2090.2331,2391.3814
2009-03-23,2341.2672,2261.2271,2096.4824,2385.5065
2009-03-24,2349.0155,2271.7486,2103.4093,2379.1786
2009-03-25,2354.0326,2281.4675,2111.1267,2373.0827
2009-03-26,2368.9990,2293.7011,2119.1264,2367.2350
2009-03-27,2387.5230,2305.7023,2127.8159,2361.4112
2009-03-30,2404.0512,2317.3571,2135.9485,2355.5734
2009-03-31,2422.9473,2330.4134,2144.6734,2350.2032
2009-04-01,2436.5426,2342.6714,2153.9207,2345.2217
2009-04-02,2450.5726,2355.5196,2163.7258,2340.5028
2009-04-03,2465.2455,2367.5152,2172.8119,2337.2157
2009-04-07,2484.5953,2379.1841,2182.3950,2334.3043
2009-04-08,2496.9245,2388.5724,2190.6795,2331.1763
2009-04-09,2512.2884,2398.8248,2198.0800,2328.7915
2009-04-10,2531.9178,2410.2146,2206.4952,2326.9481
2009-04-13,2555.2305,2423.1105,2215.3293,2325.9860
2009-04-14,2577.7245,2435.9231,2223.6269,2324.3612
2009-04-15,2596.5664,2447.8731,2231.3100,2323.9163
2009-04-16,2614.8848,2458.6369,2238.5439,2323.0762
2009-04-17,2628.7416,2468.9670,2246.9250,2322.3565
2009-04-20,2645.6837,2478.6909,2254.7235,2321.6111
2009-04-21,2657.8822,2486.5207,2262.4032,2320.0912
2009-04-22,2664.3163,2491.6788,2269.1788,2318.0001
2009-04-23,2674.2506,2497.1035,2276.9919,2316.8504
2009-04-24,2679.0620,2502.3655,2284.6260,2315.7190
2009-04-27,2679.8041,2504.7266,2291.5489,2314.7626
2009-04-28,2681.5633,2505.8900,2298.2472,2313.8268
2009-04-29,2686.6062,2510.4395,2306.2622,2313.0245
2009-04-30,2690.4672,2517.6145,2314.1043,2312.4100
2009-05-04,2697.5938,2526.2117,2322.8451,2311.5394
2009-05-05,2705.6822,2534.1226,2330.8486,2310.6359
2009-05-06,2715.3995,2541.4507,2338.9318,2309.3431
2009-05-07,2730.2693,2551.0679,2346.7240,2308.2751
2009-05-08,2744.3028,2561.0931,2353.8990,2307.4261
2009-05-11,2751.0103,2572.1552,2360.9736,2306.1313
2009-05-12,2757.8341,2585.5520,2368.1279,2305.7984
2009-05-13,2764.9214,2598.9751,2376.0624,2306.1519
2009-05-14,2770.3793,2612.4211,2384.6642,2306.5371
2009-05-15,2776.0129,2622.9838,2393.1509,2306.4372
2009-05-18,2784.2755,2633.4365,2401.5863,2305.9179
2009-05-19,2791.1183,2644.8783,2410.2546,2305.5837
2009-05-20,2798.2207,2657.4952,2418.1902,2305.2196
2009-05-21,2807.1990,2668.0219,2425.4036,2304.0447
2009-05-22,2814.8021,2678.7775,2432.8778,2303.0188
2009-05-25,2824.0956,2689.8787,2441.4955,2301.9432
2009-05-26,2834.7659,2700.5110,2450.1020,2300.9826
2009-05-27,2847.2300,2711.2211,2459.2900,2300.3383
2009-06-01,2860.3034,2722.2999,2469.5871,2300.6129
2009-06-02,2872.8186,2733.3067,2480.0299,2300.7385
2009-06-03,2884.4512,2744.8174,2491.4609,2301.5976
2009-06-04,2896.1690,2756.6811,2503.2028,2302.8931
2009-06-05,2905.1783,2767.0152,2514.1211,2304.0177
2009-06-08,2914.5530,2777.2829,2524.5158,2305.1962
2009-06-09,2923.4078,2788.8432,2535.1553,2307.1037
2009-06-10,2937.0656,2799.3819,2546.5415,2309.8572
2009-06-11,2946.0098,2808.9468,2557.3245,2312.5314
2009-06-12,2950.7788,2817.6661,2567.5116,2314.9171
2009-06-15,2959.7499,2827.1421,2578.7778,2317.6182
2009-06-16,2968.2822,2835.6796,2589.1755,2320.2725
2009-06-17,2978.6191,2844.6551,2600.0873,2323.8756
2009-06-18,2989.8517,2854.7208,2611.1180,2327.5394
2009-06-19,3003.6568,2865.1198,2622.1519,2330.3666
2009-06-22,3020.8429,2877.5893,2633.0808,2333.6668
2009-06-23,3038.5804,2889.2943,2644.0595,2337.1757
2009-06-24,3057.5990,2900.1511,2655.1828,2340.8975
2009-06-25,3078.1757,2909.6891,2666.3998,2344.9616
2009-06-26,3097.2305,2919.0235,2677.4733,2349.1121
2009-06-29,3113.8522,2929.2143,2688.5437,2353.4744
2009-06-30,3129.4269,2939.1235,2698.8802,2357.4787
2009-07-01,3144.8537,2951.2622,2710.1146,2362.2783
2009-07-02,3161.8362,2963.1421,2720.9165,2367.4305
2009-07-03,3181.8791,2976.6140,2731.5673,2373.0180
2009-07-06,3203.9085,2993.1198,2742.3993,2378.8247
2009-07-07,3223.5432,3008.5602,2752.8318,2384.8043
2009-07-08,3242.2858,3024.6714,2763.5184,2391.1390
2009-07-09,3264.7494,3042.9249,2773.8257,2397.6359
2009-07-10,3290.1767,3061.1115,2783.5008,2404.1223
2009-07-13,3310.5809,3076.7320,2793.5857,2410.7832
2009-07-14,3336.0863,3093.9272,2805.7709,2417.8990
2009-07-15,3361.0331,3110.0308,2818.1212,2425.6130
2009-07-16,3383.9690,3126.0356,2830.0791,2433.7375
2009-07-17,3406.6982,3141.6393,2841.5450,2442.1294
2009-07-20,3432.9804,3158.6737,2854.8708,2449.9744
2009-07-21,3456.5426,3174.1902,2867.6417,2456.8592
2009-07-22,3481.6687,3192.4145,2882.2849,2464.5256
2009-07-23,3509.2682,3210.2627,2897.9074,2472.3453
2009-07-24,3537.1307,3227.9072,2913.4411,2479.8080
2009-07-27,3566.2605,3247.5667,2929.9939,2487.5598
2009-07-28,3596.7178,3267.4055,2945.1946,2495.9687
2009-07-29,3613.2868,3282.8668,2958.1516,2503.4935
2009-07-30,3631.5018,3299.2955,2972.0869,2511.8240
2009-07-31,3652.5602,3318.3498,2987.9225,2520.8127
2009-08-03,3673.8667,3339.7869,3003.9044,2530.5288
2009-08-04,3696.9225,3361.4084,3020.0929,2539.8370
2009-08-05,3717.0088,3381.8367,3035.8577,2549.1720
2009-08-06,3730.7979,3401.3377,3050.9243,2558.2095
2009-08-07,3738.9008,3417.7798,3064.5005,2567.1718
2009-08-10,3748.3855,3431.9649,3077.1324,2576.0156
2009-08-11,3753.6377,3446.2549,3089.7808,2584.5926
2009-08-12,3748.6811,3455.7228,3100.2701,2592.4272
2009-08-13,3745.5587,3465.7914,3111.2363,2600.7347
2009-08-14,3736.4966,3474.1666,3120.5909,2608.5366
2009-08-17,3713.1969,3478.1313,3127.7071,2615.5582
2009-08-18,3694.1871,3482.5019,3135.6726,2623.3996
2009-08-19,3663.5747,3483.0181,3141.2000,2630.1632
2009-08-20,3637.3432,3486.7961,3147.8714,2637.8437
2009-08-21,3613.3669,3492.9424,3155.3043,2645.6264
2009-08-24,3586.8021,3498.3876,3162.7649,2653.7191
2009-08-25,3553.4176,3501.4596,3168.5696,2661.2452
2009-08-26,3533.4630,3504.8043,3174.7297,2669.2278
2009-08-27,3508.7333,3506.8482,3180.7845,2676.7982
2009-08-28,3473.1860,3506.1614,3185.6406,2684.0178
2009-08-31,3423.7411,3500.9461,3189.2677,2689.9736
2009-09-01,3375.0114,3495.9808,3192.6375,2695.3588
2009-09-02,3331.0832,3491.2304,3195.6907,2701.0930
2009-09-03,3299.4987,3489.8669,3199.7780,2707.5536
2009-09-04,3274.7979,3488.8068,3203.9151,2713.7710
2009-09-07,3252.0419,3487.2407,3208.2275,2719.7687
2009-09-08,3232.1240,3487.3337,3213.2286,2725.8863
2009-09-09,3221.6594,3486.4451,3218.8536,2732.8893
2009-09-10,3207.2972,3483.9758,3223.5590,2739.1412
2009-09-11,3201.8021,3482.1358,3229.3749,2745.8890
2009-09-14,3209.7152,3480.4540,3236.7869,2752.9828
2009-09-15,3216.4672,3479.6715,3244.1159,2760.5539
2009-09-16,3229.0599,3477.7278,3251.1996,2767.9128
2009-09-17,3238.1406,3476.1526,3259.5387,2775.5438
2009-09-18,3237.9375,3472.0467,3266.5791,2782.4132
2009-09-21,3236.8522,3468.8961,3272.8141,2789.5381
2009-09-22,3237.9478,3462.2042,3278.0657,2796.0850
2009-09-23,3232.1432,3453.2484,3281.6396,2802.2423
2009-09-24,3228.2481,3444.5598,3285.2977,2808.0731
2009-09-25,3228.8553,3435.0243,3288.3318,2813.6318
2009-09-28,3236.2129,3422.2392,3290.4564,2818.5902
2009-09-29,3242.8584,3410.5071,3292.3486,2823.1238
2009-09-30,3248.7437,3398.0604,3295.2374,2828.1055
2009-10-09,3254.5189,3387.9671,3299.1149,2833.6214
2009-10-12,3258.3685,3377.3019,3302.6045,2839.3335
2009-10-13,3263.2424,3366.0335,3306.8001,2845.7321
2009-10-14,3266.1587,3355.1101,3311.2578,2852.2043
2009-10-15,3268.4703,3348.5184,3315.6926,2858.6394
2009-10-16,3272.5426,3340.3921,3319.8438,2865.0492
2009-10-19,3277.2470,3332.0105,3325.1802,2871.6852
2009-10-20,3281.5974,3323.5463,3331.6666,2878.5351
2009-10-21,3285.0419,3314.9193,3338.1638,2885.5208
2009-10-22,3289.6455,3306.7824,3344.3096,2892.9025
2009-10-23,3294.4594,3301.6172,3351.4774,2900.7897
2009-10-26,3305.5473,3298.7053,3358.2426,2908.7663
2009-10-27,3311.0315,3293.9545,3362.9597,2916.2734
2009-10-28,3321.2796,3289.2610,3367.7579,2923.8939
2009-10-29,3330.9426,3286.1530,3370.9379,2931.1994
2009-10-30,3341.2496,3282.8362,3374.3138,2938.7583
2009-11-02,3358.5245,3283.8355,3379.0010,2946.5611
2009-11-03,3382.4413,3289.9370,3384.0341,2954.2749
2009-11-04,3407.3302,3295.7643,3389.1331,2962.1442
2009-11-05,3431.0775,3305.0615,3394.0398,2970.2906
2009-11-06,3447.5793,3312.0616,3399.4288,2978.3767
2009-11-09,3465.3654,3318.1013,3405.5219,2986.5167
2009-11-10,3481.1411,3323.7691,3411.0783,2994.9281
2009-11-11,3495.0052,3331.7451,3416.6024,3002.8889
2009-11-12,3508.4599,3338.5172,3421.6608,3010.8741
2009-11-13,3522.7757,3346.0091,3426.4286,3018.7733
2009-11-16,3538.1059,3357.9785,3432.0700,3027.1110
2009-11-17,3551.0661,3374.4763,3437.7112,3035.3960
2009-11-18,3564.5514,3390.7353,3443.3580,3043.7088
2009-11-19,3579.8031,3406.2704,3448.7504,3051.9666
2009-11-20,3591.0568,3418.2404,3454.0536,3060.2267
2009-11-23,3604.0424,3430.4031,3459.6050,3068.5391
2009-11-24,3616.1023,3439.5787,3463.4097,3075.9767
2009-11-25,3631.6217,3449.0601,3468.1969,3083.5386
2009-11-26,3643.9587,3455.0727,3470.7589,3090.4367
2009-11-27,3649.2372,3459.6122,3471.7940,3096.3552
2009-11-30,3655.3804,3465.2668,3473.7013,3102.6343
2009-12-01,3661.8610,3470.7952,3475.6246,3109.0119
2009-12-02,3669.2739,3476.8870,3478.2793,3115.5556
2009-12-03,3675.8145,3483.7633,3480.7455,3122.1320
2009-12-04,3684.1075,3490.4484,3483.3005,3128.5631
2009-12-07,3693.0501,3500.1464,3486.0965,3134.7987
2009-12-08,3699.2641,3508.7339,3488.8150,3141.2004
2009-12-09,3702.3034,3517.4873,3489.8458,3147.8083
2009-12-10,3706.2956,3528.1782,3490.7133,3154.4173
2009-12-11,3709.2052,3538.3919,3491.4759,3160.7775
2009-12-14,3708.5307,3549.8487,3492.4365,3166.9907
2009-12-15,3706.2047,3562.4730,3492.3561,3173.6134
2009-12-16,3702.6124,3574.6369,3492.5720,3180.1068
2009-12-17,3694.2253,3584.4630,3491.2617,3186.7733
2009-12-18,3681.8599,3589.1768,3488.5720,3193.2397
2009-12-21,3667.9638,3594.2412,3485.7716,3199.6064
2009-12-22,3655.4295,3596.4535,3481.2435,3205.6187
2009-12-23,3640.2796,3598.7084,3476.9093,3211.0519
2009-12-24,3637.8532,3602.8258,3475.6721,3216.9119
2009-12-25,3640.0377,3606.6102,3473.5012,3222.7941
2009-12-28,3638.3199,3609.6959,3470.8532,3229.3879
2009-12-29,3635.2145,3612.2421,3467.8942,3235.8993
2009-12-30,3633.2264,3616.1608,3465.5401,3242.8165
2009-12-31,3632.4408,3620.8814,3463.8319,3249.8448
2010-01-04,3626.8460,3623.4030,3462.5101,3256.7172
2010-01-05,3621.4305,3626.4996,3462.6025,3263.5515
2010-01-06,3617.1778,3631.1924,3462.5734,3269.8529
2010-01-07,3612.8873,3634.1304,3461.6957,3275.7382
2010-01-08,3607.8687,3638.9486,3462.5508,3281.4104
2010-01-11,3603.0641,3643.1177,3462.9770,3287.1066
2010-01-12,3599.0419,3646.0556,3464.9455,3292.7682
2010-01-13,3590.6594,3645.7602,3467.8486,3297.7778
2010-01-14,3585.9220,3646.0736,3470.9190,3303.2958
2010-01-15,3586.0558,3646.4544,3475.7579,3308.4790
2010-01-18,3591.6858,3646.8194,3479.4405,3313.6560
2010-01-19,3597.4150,3647.0611,3482.5812,3318.9427
2010-01-20,3602.0088,3644.8006,3484.2849,3323.5249
2010-01-21,3605.7344,3643.0001,3487.3726,3327.9711
2010-01-22,3601.9814,3640.2344,3489.3758,3332.0528
2010-01-25,3596.9804,3636.2921,3491.1506,3335.9675
2010-01-26,3584.8031,3628.3748,3493.1766,3339.4086
2010-01-27,3569.1871,3619.4904,3496.9834,3343.1255
2010-01-28,3550.9809,3610.7326,3500.7340,3346.6857
2010-01-29,3531.7809,3601.6726,3503.9715,3349.8311
2010-02-01,3512.0124,3591.7852,3505.0128,3352.3954
2010-02-02,3490.4181,3581.0499,3505.7265,3354.8208
2010-02-03,3474.3452,3574.4895,3507.0341,3357.6308
2010-02-04,3461.2879,3565.9969,3507.5285,3360.3786
2010-02-05,3444.3866,3559.1198,3507.0962,3362.9749
2010-02-08,3427.2775,3554.3339,3506.9730,3365.2660
2010-02-09,3408.3767,3547.2542,3506.2605,3367.8177
2010-02-10,3397.6786,3540.0872,3505.4412,3371.1141
2010-02-11,3384.8284,3532.2954,3504.5912,3374.3535
2010-02-12,3372.8667,3525.2752,3504.5193,3377.8594
2010-02-22,3359.0512,3516.7969,3503.6226,3381.5807
2010-02-23,3343.0899,3507.0770,3503.6117,3385.0954
2010-02-24,3335.3406,3499.2312,3503.9825,3388.3983
2010-02-25,3329.3230,3493.8080,3505.6476,3391.8567
2010-02-26,3324.9545,3487.6980,3507.9381,3394.7888
2010-03-01,3324.7690,3482.5176,3510.4548,3397.8762
2010-03-02,3328.3059,3476.2849,3513.0668,3400.6993
2010-03-03,3335.3607,3471.1529,3516.8129,3403.6347
2010-03-04,3337.6346,3464.7415,3519.6892,3406.0189
2010-03-05,3340.5080,3460.1856,3522.3243,3408.7809
2010-03-08,3347.4057,3458.0035,3523.5902,3411.3526
2010-03-09,3355.6574,3456.1273,3525.1843,3413.8944
2010-03-10,3358.1881,3455.5930,3526.0233,3416.4117
2010-03-11,3361.1809,3454.3574,3526.5329,3418.8953
2010-03-12,3365.3173,3450.1054,3526.4656,3421.0791
2010-03-15,3366.9809,3445.1111,3525.8607,3422.8522
2010-03-16,3368.7783,3439.4375,3524.5667,3424.8734
2010-03-17,3371.8682,3434.7487,3523.4954,3427.5810
2010-03-18,3374.3054,3428.7270,3522.4439,3430.3039
2010-03-19,3376.5065,3422.9015,3521.8915,3433.1005
2010-03-22,3380.0868,3418.0932,3520.7481,3436.1128
2010-03-23,3384.0630,3412.1300,3519.3148,3438.7787
2010-03-24,3385.7266,3406.6507,3518.9216,3440.9406
2010-03-25,3382.4708,3401.6413,3517.8859,3442.8219
2010-03-26,3382.1261,3397.4009,3518.1748,3444.5563
2010-03-29,3383.8894,3394.8478,3518.9827,3446.6483
2010-03-30,3386.7561,3391.3705,3518.7131,3448.8571
2010-03-31,3387.3003,3389.8092,3517.7847,3450.9094
2010-04-01,3394.6062,3388.2152,3517.1444,3453.1388
2010-04-02,3402.2336,3386.6567,3516.5556,3455.2977
2010-04-06,3408.3819,3384.6820,3515.7507,3457.5898
2010-04-07,3412.5726,3382.1904,3514.6257,3460.0738
2010-04-08,3416.0377,3381.2045,3513.0026,3462.0405
2010-04-09,3421.3328,3380.5968,3511.7984,3464.2004
2010-04-12,3427.4491,3380.2925,3510.2635,3465.9621
2010-04-13,3438.2264,3381.6095,3508.9508,3467.6897
2010-04-14,3448.5488,3384.9358,3506.6553,3469.3626
2010-04-15,3454.7840,3388.9875,3504.2390,3470.9751
2010-04-16,3459.3716,3392.0833,3501.4080,3472.3830
2010-04-19,3453.3018,3391.5099,3496.5912,3472.6708
2010-04-20,3446.6217,3391.9370,3491.8611,3472.9574
2010-04-21,3444.6119,3393.8075,3487.4287,3473.5168
2010-04-22,3440.7292,3393.2043,3483.8469,3473.6283
2010-04-23,3438.7070,3392.6090,3479.3029,3473.7499
2010-04-26,3433.3840,3392.9999,3476.0598,3473.4094
2010-04-27,3420.4574,3392.1197,3473.2268,3472.5104
2010-04-28,3406.5370,3390.6346,3468.9444,3471.3228
2010-04-29,3391.7798,3387.4497,3463.7685,3469.6965
2010-04-30,3375.0062,3384.2863,3458.2909,3468.2851
2010-05-04,3354.9597,3379.4940,3452.3846,3466.5651
2010-05-05,3335.9023,3375.4224,3446.1097,3464.7051
2010-05-06,3310.5747,3369.1843,3438.1306,3462.1136
2010-05-07,3284.2207,3360.7566,3429.9939,3459.4044
2010-05-10,3257.2987,3351.7871,3422.7975,3456.3217
2010-05-11,3228.8408,3341.8470,3414.7725,3452.7429
2010-05-12,3199.1995,3331.3817,3406.9497,3449.2128
2010-05-13,3172.4915,3322.6100,3399.4474,3445.9420
2010-05-14,3145.2796,3312.9550,3392.0540,3442.2050
2010-05-17,3112.1214,3301.8780,3383.3098,3437.9409
2010-05-18,3091.1876,3291.7817,3375.9837,3433.6227
2010-05-19,3069.9370,3280.9495,3369.4765,3429.0242
2010-05-20,3043.5463,3268.9631,3362.5452,3424.1584
2010-05-21,3021.1819,3258.4019,3356.9974,3419.1205
2010-05-24,3004.8238,3250.0661,3352.2118,3414.5605
2010-05-25,2986.3194,3241.4007,3345.7531,3410.7126
2010-05-26,2971.1013,3233.7679,3339.4395,3406.4703
2010-05-27,2958.8341,3226.6570,3333.0472,3401.9502
2010-05-28,2947.9938,3217.8999,3326.3243,3397.1093
2010-05-31,2932.7943,3207.6819,3318.2044,3391.8722
2010-06-01,2918.5674,3196.3183,3309.6099,3386.7209
2010-06-02,2904.1561,3185.0501,3301.5717,3382.0409
2010-06-03,2895.8470,3173.8979,3293.0140,3377.8082
2010-06-04,2891.0718,3162.8947,3284.7727,3373.6731
2010-06-07,2882.6734,3151.8681,3276.7547,3369.2252
2010-06-08,2877.4289,3139.9682,3268.6845,3365.6177
2010-06-09,2875.5669,3128.0527,3261.4502,3362.2136
2010-06-10,2868.4925,3115.3046,3253.3376,3359.1416
2010-06-11,2862.8517,3103.1756,3246.4924,3357.1705
2010-06-17,2864.2992,3089.7552,3238.9852,3354.9521
2010-06-18,2860.4140,3075.0539,3230.8553,3353.3066
2010-06-21,2861.3695,3062.1445,3223.4132,3351.4269
2010-06-22,2864.3514,3049.6746,3215.9325,3349.2568
2010-06-23,2863.8196,3037.5146,3209.3596,3346.8222
2010-06-24,2857.8264,3024.6636,3202.6302,3345.0014
2010-06-25,2853.8134,3011.9465,3196.1195,3342.7476
2010-06-28,2848.7922,2997.9942,3189.8019,3340.4762
2010-06-29,2834.9442,2981.2151,3183.0755,3338.1260
2010-06-30,2820.1003,2964.0265,3176.5070,3336.7452
2010-07-01,2807.3256,2946.8635,3169.4734,3335.1037
2010-07-02,2796.4703,2933.5857,3162.5478,3333.2596
2010-07-05,2783.8150,2919.9274,3155.9322,3330.4725
2010-07-06,2774.8651,2905.9992,3149.9034,3327.8149
2010-07-07,2766.3943,2893.1607,3143.1825,3325.1083
2010-07-08,2760.2031,2880.4666,3136.5378,3322.0331
2010-07-09,2757.5034,2869.6159,3131.3079,3319.2021
2010-07-12,2752.0300,2860.6818,3126.4007,3316.6869
2010-07-13,2746.0646,2851.1157,3120.8751,3313.5678
2010-07-14,2740.6248,2842.7136,3115.0817,3310.2614
2010-07-15,2733.6889,2833.2283,3108.7573,3306.6743
2010-07-16,2729.5525,2824.8910,3102.1925,3303.3559
2010-07-19,2724.4780,2817.5748,3096.4986,3300.0606
2010-07-20,2722.2961,2814.3632,3091.7737,3297.6927
2010-07-21,2721.7194,2812.5141,3086.6353,3295.3089
2010-07-22,2722.9488,2810.9236,3081.3553,3293.5015
2010-07-23,2725.8837,2810.7636,3076.3053,3292.1217
2010-07-26,2730.7561,2810.6168,3070.9993,3290.7270
2010-07-27,2741.2832,2808.7318,3065.6709,3289.3688
2010-07-28,2756.8207,2808.6429,3060.7990,3288.8059
2010-07-29,2775.0072,2812.0178,3056.9479,3288.3186
2010-07-30,2792.3065,2814.0333,3052.9075,3287.6159
2010-08-02,2813.2176,2817.2397,3049.0946,3286.3424
2010-08-03,2828.8801,2820.1327,3044.5479,3284.8661
2010-08-04,2844.1747,2822.3578,3040.3798,3283.2016
2010-08-05,2858.3819,2821.8898,3035.9780,3281.2555
2010-08-06,2871.3307,2823.6205,3032.5106,3279.4881
2010-08-09,2883.8382,2825.7765,3029.7722,3277.8164
2010-08-10,2894.0734,2825.2114,3025.9342,3275.2504
2010-08-11,2904.2336,2825.2095,3021.5547,3272.5251
2010-08-12,2914.9762,2826.1011,3016.8915,3269.6677
2010-08-13,2927.3494,2828.4037,3012.3610,3267.1263
2010-08-16,2939.7323,2831.8053,3008.4277,3264.5879
2010-08-17,2950.1090,2836.0680,3004.9829,3262.1489
2010-08-18,2959.9292,2840.0571,3001.4759,3260.1987
2010-08-19,2968.9271,2845.4251,2998.6466,3258.2663
2010-08-20,2974.3664,2849.5386,2994.7534,3256.4641
2010-08-23,2978.7659,2851.8964,2989.9746,3254.4787
2010-08-24,2984.7664,2855.2413,2985.2730,3251.9930
2010-08-25,2983.6966,2856.9809,2980.0782,3248.9315
2010-08-26,2982.2553,2859.2002,2974.4777,3245.8111
2010-08-27,2981.7240,2862.5573,2968.8056,3242.6806
2010-08-30,2981.6067,2865.3346,2963.7395,3239.7451
2010-08-31,2983.5302,2867.8042,2958.7394,3236.6826
2010-09-01,2983.9235,2870.3994,2953.9570,3233.4798
2010-09-02,2987.5700,2873.7873,2949.2254,3230.5119
2010-09-03,2988.7354,2877.5893,2944.7679,3227.5157
2010-09-06,2991.6734,2882.9290,2940.4616,3224.7062
2010-09-07,2999.4496,2891.0135,2936.1143,3221.3848
2010-09-08,3006.2072,2899.6523,2931.8394,3218.0392
2010-09-09,3011.8956,2907.9291,2927.3963,3214.4021
2010-09-10,3015.8749,2916.1656,2924.8757,3210.7334
2010-09-13,3017.9545,2925.4611,2922.6943,3207.2777
2010-09-14,3019.1287,2933.7734,2919.8863,3203.6575
2010-09-15,3017.8796,2940.6512,2916.9059,3200.3764
2010-09-16,3012.8351,2946.4779,2913.4722,3196.3876
2010-09-17,3010.9251,2950.9073,2910.2616,3193.1607
2010-09-20,3008.5292,2954.4961,2907.5889,3190.4079
2010-09-21,3005.7204,2959.1037,2905.1097,3187.0270
2010-09-27,3008.9251,2964.3010,2903.5073,3183.6379
2010-09-28,3010.5178,2969.9318,2901.5801,3179.9355
2010-09-29,3011.3571,2975.2792,2900.0851,3176.2348
2010-09-30,3012.4196,2980.5112,2899.0430,3172.5763
2010-10-08,3019.7085,2986.7692,2900.5662,3169.3484
2010-10-11,3032.5695,2994.7394,2903.6268,3166.8103
2010-10-12,3045.5587,3002.8312,2906.8774,3164.8375
2010-10-13,3060.9266,3011.6064,2911.1850,3162.9788
2010-10-14,3073.7974,3020.1455,2915.3812,3161.1654
2010-10-15,3091.6047,3031.1421,2919.9370,3159.6922
2010-10-18,3108.4103,3040.2882,2924.4655,3158.2597
2010-10-19,3131.6253,3050.5763,2931.2971,3157.3034
2010-10-20,3155.6217,3061.4917,2937.7625,3156.8731
2010-10-21,3176.9328,3070.9472,2944.0934,3156.7850
2010-10-22,3198.3101,3081.5454,2950.8391,3156.6921
2010-10-25,3227.6584,3094.0447,2958.2012,3157.5993
2010-10-26,3259.0946,3106.7630,2964.3264,3158.2691
2010-10-27,3287.1307,3117.2273,2970.4239,3158.0885
2010-10-28,3315.4439,3127.1384,2976.4575,3157.9485
2010-10-29,3342.4465,3138.4529,2981.8321,3157.4397
2010-11-01,3371.7990,3151.3271,2988.2683,3157.2963
2010-11-02,3401.8879,3164.6964,2995.3988,3156.8016
2010-11-03,3430.0806,3176.3717,3002.3877,3155.9988
2010-11-04,3458.2429,3187.9155,3009.8604,3155.7160
2010-11-05,3482.8718,3199.8743,3017.9712,3155.4926
2010-11-08,3504.3535,3212.5091,3026.2831,3155.5279
2010-11-09,3522.5044,3224.2621,3034.8436,3155.7992
2010-11-10,3537.0537,3236.6813,3043.1100,3155.8973
2010-11-11,3551.8258,3249.3695,3050.6330,3156.0416
2010-11-12,3549.9731,3257.2248,3056.2331,3154.7853
2010-11-15,3550.4243,3266.9792,3061.9801,3154.2362
2010-11-16,3539.7716,3273.5828,3066.3915,3152.6884
2010-11-17,3524.6310,3278.6545,3070.6059,3150.7306
2010-11-18,3512.9137,3283.4700,3074.4023,3148.9078
2010-11-19,3502.5876,3289.1684,3078.4863,3147.2094
2010-11-22,3486.6114,3295.1198,3082.7596,3146.0596
2010-11-23,3468.0636,3298.9604,3086.3739,3144.5020
2010-11-24,3456.3411,3304.2696,3090.9294,3143.5244
2010-11-25,3447.3380,3309.4042,3096.1666,3142.9842
2010-11-26,3437.7705,3313.7813,3102.3974,3142.7364
2010-11-29,3423.1478,3318.1034,3108.8778,3142.6924
2010-11-30,3406.2930,3322.4554,3115.1922,3142.3328
2010-12-01,3391.5995,3326.6615,3121.4135,3141.9807
2010-12-02,3374.7804,3330.6458,3128.0534,3141.9928
2010-12-03,3356.0393,3334.6386,3134.2060,3142.0547
2010-12-06,3336.2460,3339.8557,3140.2534,3141.7180
2010-12-07,3319.5220,3346.9368,3146.7074,3141.6226
2010-12-08,3302.6109,3353.3557,3152.1315,3141.7197
2010-12-09,3282.6310,3359.0102,3156.7532,3141.5770
2010-12-10,3275.9204,3365.3048,3162.2042,3141.5397
2010-12-13,3273.1385,3372.6646,3168.4828,3141.7822
2010-12-14,3278.3028,3380.6968,3175.3143,3142.0358
2010-12-15,3285.7307,3388.4039,3181.8416,3142.0170
2010-12-16,3290.0052,3394.5042,3187.5077,3142.0032
2010-12-17,3292.4243,3398.2547,3192.5119,3142.1428
2010-12-20,3292.7716,3399.2006,3196.9700,3141.8027
2010-12-21,3300.1271,3400.7878,3201.8095,3141.5824
2010-12-22,3302.1121,3400.7438,3206.1751,3141.2402
2010-12-23,3300.3101,3400.0093,3210.0774,3140.5383
2010-12-24,3298.6620,3396.6042,3213.8732,3139.7720
2010-12-27,3293.9933,3392.3365,3216.3124,3138.5557
2010-12-28,3289.2357,3385.4995,3218.0379,3137.4929
2010-12-29,3285.4016,3378.5734,3220.0326,3136.4700
2010-12-30,3280.7008,3372.1530,3221.5501,3135.3223
2010-12-31,3279.1556,3366.9767,3224.2611,3134.4045
2011-01-04,3280.4016,3360.9530,3227.4988,3133.9393
2011-01-05,3279.1261,3354.9495,3230.8562,3133.4171
2011-01-06,3278.4935,3349.9008,3233.5640,3133.0373
2011-01-07,3280.7287,3345.1241,3236.1313,3132.9517
2011-01-10,3277.9488,3339.5057,3238.9793,3132.4567
2011-01-11,3270.9132,3332.3103,3241.8187,3131.6867
2011-01-12,3264.3432,3325.6790,3245.1877,3131.0396
2011-01-13,3258.8465,3319.9103,3248.1410,3130.2510
2011-01-14,3251.6729,3311.8762,3249.8958,3129.1618
2011-01-17,3238.6853,3300.5801,3250.2272,3127.6051
2011-01-18,3228.2972,3288.7781,3250.6436,3126.0597
2011-01-19,3217.7204,3278.8742,3251.5682,3125.1074
2011-01-20,3203.7287,3267.4137,3252.0475,3123.4005
2011-01-21,3193.1266,3256.5296,3252.9496,3121.4621
2011-01-24,3182.3395,3249.5508,3253.3878,3119.3304
2011-01-25,3174.0160,3241.7732,3254.3762,3117.2272
2011-01-26,3170.5793,3237.8226,3255.7027,3115.0902
2011-01-27,3168.7519,3236.2218,3257.4381,3113.1219
2011-01-28,3167.3380,3233.9227,3258.6963,3111.2179
2011-01-31,3164.6636,3231.8071,3260.4878,3109.6136
2011-02-01,3158.8548,3229.8503,3262.4851,3108.2210
2011-02-09,3151.8930,3228.4812,3263.7208,3106.4731
2011-02-10,3149.0258,3226.9747,3265.6221,3105.1950
2011-02-11,3146.6661,3224.8554,3267.1298,3103.7957
2011-02-14,3152.4000,3225.3575,3269.5694,3102.8419
2011-02-15,3157.1933,3225.9285,3272.0159,3101.9276
2011-02-16,3162.6811,3228.2342,3275.3448,3101.3705
2011-02-17,3168.0884,3230.5058,3278.5837,3101.7297
2011-02-18,3174.2910,3231.6804,3281.1631,3101.9287
2011-02-21,3188.9452,3233.7424,3284.1905,3102.0384
2011-02-22,3198.5540,3233.7013,3286.7785,3101.8422
2011-02-23,3205.2667,3233.1721,3290.0545,3101.7634
2011-02-24,3217.9917,3233.5661,3293.4609,3101.8612
2011-02-25,3229.0594,3235.1010,3297.0556,3102.3223
2011-02-28,3243.8052,3236.7047,3301.0048,3103.0572
2011-03-01,3260.1483,3236.5772,3304.6209,3104.0641
2011-03-02,3273.8367,3236.0362,3308.3665,3104.9733
2011-03-03,3283.9271,3235.5004,3311.9521,3106.0186
2011-03-04,3296.0165,3236.3272,3315.4157,3107.2294
2011-03-07,3309.3499,3238.5774,3318.4160,3109.4911
2011-03-08,3322.7959,3241.8601,3320.5303,3112.0786
2011-03-09,3338.1917,3243.7071,3322.2474,3114.5624
2011-03-10,3347.2925,3245.0468,3322.8953,3117.0402
2011-03-11,3353.8258,3246.2617,3323.1355,3119.2583
2011-03-14,3356.0884,3248.3281,3322.4661,3121.2016
2011-03-15,3355.3798,3250.4831,3321.4098,3122.9377
2011-03-16,3355.3628,3254.6851,3320.0923,3125.6947
2011-03-17,3352.8403,3257.4813,3318.0274,3127.8949
2011-03-18,3353.0372,3260.6150,3316.3840,3130.2387
2011-03-21,3350.4119,3262.2450,3314.6109,3132.7250
2011-03-22,3353.4806,3262.9329,3311.9429,3135.0721
2011-03-23,3358.1416,3264.7783,3309.8639,3137.0951
2011-03-24,3361.2641,3266.6743,3308.2875,3139.3557
2011-03-25,3366.2698,3269.3174,3307.2208,3141.8391
2011-03-28,3368.9059,3273.0875,3306.2966,3144.0644
2011-03-29,3369.0656,3275.8381,3304.0742,3146.1713
2011-03-30,3369.7261,3278.1894,3301.9342,3148.6665
2011-03-31,3369.8072,3279.8847,3299.8975,3151.1426
2011-04-01,3369.9137,3283.6236,3297.7499,3153.8051
2011-04-06,3368.7023,3290.5842,3295.5821,3156.7766
2011-04-07,3368.0284,3297.7526,3293.2653,3159.7742
2011-04-08,3368.7778,3304.1300,3291.5021,3163.1729
2011-04-11,3371.5256,3312.1656,3289.7897,3166.4498
2011-04-12,3375.6284,3319.2624,3287.8960,3169.2645
2011-04-13,3381.2672,3327.8991,3288.7250,3172.4790
2011-04-14,3388.9984,3336.4761,3289.1247,3175.5524
2011-04-15,3394.7214,3344.3419,3291.0823,3178.7369
2011-04-18,3403.1111,3351.2250,3293.7234,3182.1647
2011-04-19,3407.2517,3356.5805,3295.2516,3184.8269
2011-04-20,3411.8331,3361.1128,3296.4599,3187.4731
2011-04-21,3416.7121,3366.0759,3297.9631,3190.3613
2011-04-22,3418.5214,3371.4297,3299.9555,3193.1647
2011-04-25,3418.4289,3374.4356,3300.7051,3195.8173
2011-04-26,3415.1463,3376.7095,3300.7824,3198.4745
2011-04-27,3410.9566,3376.5102,3300.9339,3201.6656
2011-04-28,3405.9850,3375.3548,3300.6417,3204.7597
2011-04-29,3402.7106,3374.2011,3301.2177,3208.2050
2011-05-03,3402.0822,3373.4822,3301.9940,3211.7038
2011-05-04,3394.6558,3371.7695,3301.7250,3214.8892
2011-05-05,3385.0977,3369.0452,3301.3938,3217.7999
2011-05-06,3374.6057,3368.1732,3300.9373,3220.5953
2011-05-09,3363.0501,3367.2434,3300.2078,3223.4576
2011-05-10,3353.7370,3366.4637,3300.0149,3226.0732
2011-05-11,3344.3478,3365.3778,3300.2394,3228.4963
2011-05-12,3330.3721,3362.5259,3299.6153,3230.9098
2011-05-13,3318.7199,3359.9047,3298.2409,3233.3619
2011-05-16,3305.3618,3356.9519,3296.4941,3235.9042
2011-05-17,3292.7824,3354.7671,3295.1337,3238.4876
2011-05-18,3284.6982,3352.0531,3294.1902,3240.8489
2011-05-19,3275.6481,3347.6320,3293.1047,3242.8083
2011-05-20,3265.5307,3343.1698,3292.5149,3244.7425
2011-05-23,3251.2176,3336.6400,3290.1735,3245.9915
2011-05-24,3239.6749,3331.3885,3288.2177,3247.1964
2011-05-25,3227.2398,3326.0750,3286.1684,3248.1229
2011-05-26,3215.2956,3320.1931,3284.2606,3249.0669
2011-05-27,3205.0388,3315.2184,3282.8507,3249.5816
2011-05-30,3192.7282,3309.1473,3281.9162,3249.9771
2011-05-31,3181.8977,3305.1051,3281.2932,3250.6629
2011-06-01,3175.4450,3300.7326,3280.6738,3251.1119
2011-06-02,3166.6382,3295.5357,3278.8903,3251.5757
2011-06-03,3159.6589,3290.6445,3276.7887,3252.1438
2011-06-07,3153.1731,3285.2560,3275.0172,3252.9367
2011-06-08,3145.7018,3280.2388,3273.4565,3253.5103
2011-06-09,3135.7173,3273.1568,3271.2371,3253.6842
2011-06-10,3128.4992,3266.3632,3269.7254,3254.3524
2011-06-13,3119.3137,3260.0039,3267.9210,3254.8699
2011-06-14,3113.7891,3254.5772,3266.3833,3255.7855
2011-06-15,3105.8868,3249.1990,3264.5418,3256.3414
2011-06-16,3094.4243,3241.8574,3262.7405,3256.3181
2011-06-17,3082.6165,3233.1977,3261.8910,3256.0591
2011-06-20,3069.8672,3223.9053,3260.8289,3255.7363
2011-06-21,3063.9804,3214.7210,3259.4255,3255.4968
2011-06-22,3057.9008,3205.9386,3259.0521,3255.5498
2011-06-23,3056.2103,3198.3078,3258.7851,3255.8673
2011-06-24,3058.7473,3191.1851,3259.5421,3256.4650
2011-06-27,3062.5292,3184.6307,3260.5534,3257.4648
2011-06-28,3067.0367,3178.0734,3261.2076,3258.4552
2011-06-29,3066.9649,3170.6466,3260.9358,3259.1870
2011-06-30,3069.0279,3165.4431,3261.0118,3259.8541
2011-07-01,3073.8879,3160.3576,3260.7352,3260.6115
2011-07-04,3080.8972,3156.3186,3261.1972,3261.8411
2011-07-05,3087.0078,3152.6505,3262.0401,3262.8805
2011-07-06,3092.4372,3149.8421,3262.1388,3263.8805
2011-07-07,3100.1783,3147.1696,3261.9395,3264.5347
2011-07-08,3107.7881,3145.0958,3260.8030,3265.1862
2011-07-11,3116.2047,3144.0918,3259.7233,3265.8696
2011-07-12,3119.4786,3141.2843,3257.7427,3266.5438
2011-07-13,3126.8755,3139.1163,3256.2992,3267.4414
2011-07-14,3137.1168,3138.8418,3255.3056,3268.2344
2011-07-15,3149.3509,3138.8990,3253.9721,3269.0813
2011-07-18,3162.1519,3138.9238,3253.5485,3270.1635
2011-07-19,3171.7674,3138.2080,3252.7257,3271.3901
2011-07-20,3181.2243,3136.9335,3251.6986,3272.5797
2011-07-21,3186.4703,3135.1568,3250.2673,3273.6614
2011-07-22,3188.5643,3134.4620,3248.4940,3274.7494
2011-07-25,3185.0398,3131.1587,3245.5317,3275.0763
2011-07-26,3181.7344,3128.6224,3242.7872,3275.5768
2011-07-27,3181.7282,3126.2249,3240.4960,3276.2241
2011-07-28,3178.4677,3122.9509,3237.5020,3276.4589
2011-07-29,3174.4537,3119.8799,3233.7560,3276.0860
2011-08-01,3166.9984,3116.9056,3230.0377,3275.2840
2011-08-02,3158.4134,3115.5289,3226.0844,3274.1659
2011-08-03,3150.2047,3114.0540,3222.7212,3272.8083
2011-08-04,3142.8987,3113.4332,3219.7541,3271.4448
2011-08-05,3131.9550,3111.7596,3215.9763,3269.2212
2011-08-08,3115.4532,3108.2576,3211.7380,3266.5739
2011-08-09,3102.0827,3105.0261,3207.0867,3263.5895
2011-08-10,3087.5023,3101.3581,3203.2316,3260.6295
2011-08-11,3074.6429,3098.5209,3199.6268,3258.0054
2011-08-12,3061.5411,3096.8602,3196.1979,3255.4044
2011-08-15,3050.9612,3095.4448,3193.0447,3252.4938
2011-08-16,3040.7519,3093.2395,3189.2478,3249.5558
2011-08-17,3030.1287,3090.7043,3185.4715,3246.8795
2011-08-18,3018.5065,3088.2725,3180.7146,3243.9677
2011-08-19,3005.0527,3085.0834,3175.7233,3241.0100
2011-08-22,2995.2078,3081.5163,3170.7601,3237.4172
2011-08-23,2987.1059,3077.9491,3166.2632,3234.0987
2011-08-24,2977.2853,3074.7843,3161.9916,3230.9445
2011-08-25,2973.2977,3074.5003,3158.1788,3227.9643
2011-08-26,2969.6357,3074.6875,3153.9426,3224.7624
2011-08-29,2963.1804,3074.2309,3149.0681,3221.1667
2011-08-30,2957.2558,3072.8391,3143.7801,3217.6411
2011-08-31,2951.6698,3071.5616,3138.7501,3214.2699
2011-09-01,2945.1700,3069.0171,3133.6624,3210.7792
2011-09-02,2940.3344,3064.3944,3127.7898,3208.2574
2011-09-05,2937.7463,3058.3444,3121.4875,3205.3061
2011-09-06,2933.8760,3051.7619,3114.9176,3202.9999
2011-09-07,2931.5488,3047.1917,3108.9192,3201.3213
2011-09-08,2925.8222,3041.2387,3103.3409,3199.2962
2011-09-09,2919.4000,3035.0650,3097.7113,3197.0856
2011-09-13,2909.1881,3026.7611,3091.5398,3194.7515
2011-09-14,2900.6884,3018.7117,3085.6811,3192.8183
2011-09-15,2892.5767,3010.7601,3080.3011,3190.5031
2011-09-16,2887.3953,3003.1593,3075.1644,3187.9734
2011-09-19,2880.7602,2994.2722,3069.6840,3185.3089
2011-09-20,2876.2155,2985.5206,3064.8062,3182.7239
2011-09-21,2873.6320,2979.6105,3060.4474,3180.8326
2011-09-22,2867.2067,2970.9168,3055.0165,3178.5053
2011-09-23,2855.0951,2961.6916,3050.2667,3175.9958
2011-09-26,2840.0925,2950.9842,3044.9416,3173.1677
2011-09-27,2828.9850,2940.9641,3039.9440,3170.4406
2011-09-28,2817.0393,2930.9478,3034.5779,3167.3928
2011-09-29,2803.6755,2920.5420,3028.7378,3164.3763
2011-09-30,2790.5907,2910.6652,3022.9110,3161.5752
2011-10-10,2777.8377,2900.1038,3017.2829,3158.4491
2011-10-11,2767.9240,2891.4981,3011.3284,3154.7847
2011-10-12,2763.8651,2884.6142,3006.6183,3151.5562
2011-10-13,2757.8450,2877.6384,3001.9317,3148.5327
2011-10-14,2752.5566,2870.8742,2996.9126,3145.5514
2011-10-17,2748.2078,2864.5666,2992.2233,3142.6640
2011-10-18,2741.5891,2856.5974,2986.7515,3139.6332
2011-10-19,2733.8357,2848.8806,2982.2048,3136.1891
2011-10-20,2723.0594,2839.9020,2976.9780,3132.5978
2011-10-21,2711.3742,2830.5495,2971.9913,3129.0798
2011-10-24,2706.0718,2823.9190,2967.8393,3126.0499
2011-10-25,2702.7426,2820.4364,2964.3470,3123.5989
2011-10-26,2696.5742,2817.4071,2961.2166,3121.5664
2011-10-27,2695.1163,2813.9624,2957.6603,3119.4767
2011-10-28,2697.1597,2810.6983,2954.6096,3117.6417
2011-10-31,2701.5209,2806.9761,2951.9181,3115.4042
2011-11-01,2704.6036,2802.4211,2948.9329,3112.8608
2011-11-02,2711.4150,2799.2130,2946.2263,3110.6217
2011-11-03,2719.4827,2796.2836,2943.4940,3108.4752
2011-11-04,2728.9090,2794.8263,2941.5494,3106.3932
2011-11-07,2738.1685,2793.3501,2939.2167,3104.4711
2011-11-08,2747.2496,2792.3148,2936.9156,3102.4183
2011-11-09,2752.7736,2790.8812,2934.4152,3100.3992
2011-11-10,2754.6853,2788.5984,2931.6914,3098.1166
2011-11-11,2756.8155,2784.2813,2929.3908,3096.0656
2011-11-14,2761.1178,2781.1595,2927.9235,3094.9072
2011-11-15,2768.9974,2778.9242,2926.5776,3093.7033
2011-11-16,2773.4956,2775.3765,2924.1078,3091.7667
2011-11-17,2780.8078,2771.5572,2921.5594,3090.3057
2011-11-18,2785.9044,2766.8432,2917.9301,3088.3576
2011-11-21,2787.6109,2762.8296,2913.6120,3086.5771
2011-11-22,2786.7866,2760.0525,2909.1984,3084.8759
2011-11-23,2783.2910,2757.1731,2904.4675,3082.8376
2011-11-24,2779.7478,2753.2420,2900.2168,3080.5763
2011-11-25,2772.5618,2749.3941,2895.3164,3078.1641
2011-11-28,2766.2574,2745.7191,2890.3920,3075.5636
2011-11-29,2761.6599,2743.4098,2885.0855,3073.1413
2011-11-30,2750.2455,2739.0359,2878.8738,3070.4570
2011-12-01,2741.9411,2736.0294,2873.3947,3067.7668
2011-12-02,2731.2724,2732.3771,2867.7682,3064.8539
2011-12-05,2720.1685,2729.1134,2861.6928,3061.2479
2011-12-06,2709.2450,2725.5266,2855.5236,3057.6235
2011-12-07,2697.6987,2720.5079,2850.0592,3053.9010
2011-12-08,2688.6760,2717.1861,2844.0515,3050.1753
2011-12-09,2678.7773,2713.7542,2837.7229,3046.5143
2011-12-12,2664.6941,2711.0001,2830.9921,3042.4821
2011-12-13,2648.0145,2706.5360,2823.7501,3038.6493
2011-12-14,2633.9245,2702.1306,2816.5392,3034.6325
2011-12-15,2617.3235,2697.0164,2808.7792,3030.2389
2011-12-16,2606.1416,2693.0636,2801.8644,3026.0658
2011-12-19,2594.4992,2689.4942,2794.7990,3021.6465
2011-12-20,2582.4884,2685.8782,2788.6882,3017.1099
2011-12-21,2569.8320,2679.5599,2782.0870,3012.4371
2011-12-22,2557.0372,2672.9189,2775.2787,3007.8873
2011-12-23,2546.1426,2666.8285,2768.8514,3003.1767
2011-12-26,2533.8625,2659.9810,2762.2738,2998.0149
2011-12-27,2518.1762,2654.0447,2755.3210,2992.6794
2011-12-28,2507.1380,2648.3568,2748.6187,2987.3516
2011-12-29,2493.0682,2644.0329,2741.9674,2982.3443
2011-12-30,2482.1344,2640.6811,2735.6153,2977.6847
2012-01-04,2470.6284,2634.9360,2729.4275,2972.7019
2012-01-05,2458.2279,2627.7207,2724.0786,2967.9083
2012-01-06,2445.9473,2620.2572,2718.8321,2962.9594
2012-01-09,2437.8630,2614.2849,2714.1236,2958.6776
2012-01-10,2434.9633,2608.8757,2709.7870,2954.7069
2012-01-11,2432.7886,2603.5072,2705.2417,2950.7198
2012-01-12,2433.4755,2598.0848,2700.2529,2946.6488
2012-01-13,2433.3127,2590.8897,2695.0514,2942.1496
2012-01-16,2433.5638,2582.6489,2689.4663,2937.4689
2012-01-17,2437.2057,2576.3822,2685.6042,2933.1594
2012-01-18,2439.1581,2569.8900,2681.6201,2928.6717
2012-01-19,2443.8755,2564.5286,2678.4217,2924.5909
2012-01-20,2452.4016,2559.4111,2675.1461,2920.7047
2012-01-30,2458.5711,2554.4732,2671.5358,2916.7637
2012-01-31,2464.0026,2549.7034,2666.9924,2912.5856
2012-02-01,2468.8238,2543.0634,2662.1114,2908.0270
2012-02-02,2478.1881,2537.7209,2658.3226,2903.6953
2012-02-03,2488.4289,2534.3301,2654.8533,2899.3167
2012-02-06,2498.4010,2531.0702,2651.3137,2895.0319
2012-02-07,2504.2000,2527.9994,2647.4213,2890.5419
2012-02-08,2516.0599,2526.3157,2644.5726,2886.1812
2012-02-09,2529.1266,2524.6567,2642.3546,2881.9211
2012-02-10,2541.6858,2523.6151,2640.3941,2877.6559
2012-02-13,2550.1307,2522.4380,2637.8400,2873.3796
2012-02-14,2553.9943,2521.4487,2635.4214,2869.3811
2012-02-15,2559.8858,2520.9586,2633.3388,2865.5251
2012-02-16,2565.0977,2519.4598,2631.4348,2861.4873
2012-02-17,2572.4755,2519.7817,2629.4088,2857.5450
2012-02-20,2582.5561,2518.8949,2627.4621,2853.8816
2012-02-21,2587.8196,2519.0011,2625.6891,2850.4268
2012-02-22,2596.8786,2520.5741,2624.8437,2847.2639
2012-02-23,2604.0057,2522.4329,2623.9797,2844.3930
2012-02-24,2611.4439,2524.9091,2622.7085,2841.5780
2012-02-27,2621.5654,2527.6289,2622.4075,2838.7120
2012-02-28,2631.8083,2530.9158,2622.3350,2836.3008
2012-02-29,2642.4103,2534.1499,2622.5750,2833.7583
2012-03-01,2650.0129,2538.5203,2622.5282,2831.2361
2012-03-02,2658.9969,2544.3591,2623.2449,2828.9114
2012-03-05,2667.1819,2551.0135,2624.0150,2826.3764
2012-03-06,2675.6109,2555.7871,2624.4253,2823.6682
2012-03-07,2679.4749,2560.3059,2624.9001,2821.0915
2012-03-08,2684.9819,2565.6542,2625.7662,2818.5473
2012-03-09,2691.7354,2572.3764,2625.9682,2816.2932
2012-03-12,2698.0620,2578.8480,2625.8834,2813.9075
2012-03-13,2706.2770,2585.5024,2626.1655,2811.5390
2012-03-14,2709.1452,2591.0716,2625.5263,2808.8748
2012-03-15,2711.7023,2596.8703,2625.4575,2806.1045
2012-03-16,2716.1690,2603.3941,2625.8755,2804.0401
2012-03-19,2720.7840,2609.9812,2627.0070,2801.9925
2012-03-20,2721.9209,2614.9158,2627.7984,2799.8949
2012-03-21,2721.4202,2620.8907,2627.9134,2797.8763
2012-03-22,2720.2568,2627.2444,2627.4826,2795.9148
2012-03-23,2715.3432,2632.6675,2626.4623,2793.8395
2012-03-26,2710.1168,2636.5304,2625.4076,2791.5340
2012-03-27,2704.1571,2638.5933,2623.7345,2789.1720
2012-03-28,2695.9276,2639.4055,2621.4563,2786.6872
2012-03-29,2686.0966,2639.5688,2618.8268,2783.8798
2012-03-30,2674.4672,2640.8209,2615.8553,2781.0408
2012-04-05,2666.7220,2644.2768,2613.4628,2778.4784
2012-04-06,2661.4910,2645.5012,2610.9417,2776.2455
2012-04-09,2655.9168,2647.0094,2608.4497,2773.8332
2012-04-10,2649.9220,2648.0728,2606.3007,2771.6081
2012-04-11,2642.4667,2648.4025,2603.9068,2769.1610
2012-04-12,2638.1276,2650.6706,2602.5719,2767.1316
2012-04-13,2632.9276,2653.0725,2601.3879,2765.3894
2012-04-16,2631.3220,2656.0709,2599.5671,2763.7453
2012-04-17,2629.0651,2657.2211,2597.4710,2762.0243
2012-04-18,2627.8450,2659.1605,2596.7453,2760.4266
2012-04-19,2626.0904,2661.0570,2596.0636,2758.8115
2012-04-20,2628.2811,2664.5482,2596.2738,2757.1020
2012-04-23,2629.2243,2666.1565,2596.2361,2754.9240
2012-04-24,2630.3158,2667.7201,2596.1884,2752.6934
2012-04-25,2634.0910,2669.6296,2596.6223,2750.5449
2012-04-26,2638.0212,2671.6866,2597.0623,2748.6396
2012-04-27,2642.1049,2673.8375,2597.6431,2746.4797
2012-05-02,2652.8848,2676.6051,2598.7818,2744.5869
2012-05-03,2665.7220,2679.8185,2599.6392,2742.3623
2012-05-04,2679.2093,2683.5144,2601.6481,2740.2609
2012-05-07,2689.8010,2687.1748,2603.0348,2738.2148
2012-05-08,2699.5835,2690.2067,2604.6039,2736.1860
2012-05-09,2707.9742,2691.4476,2606.0109,2733.8518
2012-05-10,2715.0760,2692.5009,2607.4669,2731.4952
2012-05-11,2721.1163,2692.2714,2608.5903,2729.3248
2012-05-14,2723.4465,2691.4230,2609.5260,2726.7887
2012-05-15,2725.3545,2690.4910,2610.7034,2724.2131
2012-05-16,2725.3860,2689.2612,2611.7055,2721.3488
2012-05-17,2729.1101,2688.8599,2613.6901,2718.7201
2012-05-18,2727.7700,2686.6698,2615.5144,2716.0268
2012-05-21,2727.3137,2685.1097,2618.0616,2713.4204
2012-05-22,2727.3494,2685.2436,2620.5153,2711.1899
2012-05-23,2727.9090,2685.5301,2622.9180,2708.8585
2012-05-24,2727.4124,2684.6923,2625.1732,2706.9307
2012-05-25,2724.6791,2682.8070,2627.5917,2704.8394
2012-05-28,2723.8109,2681.9861,2630.4171,2702.8479
2012-05-29,2725.0868,2681.3614,2633.4319,2701.1417
2012-05-30,2722.9561,2682.1294,2636.6005,2699.4372
2012-05-31,2719.8822,2683.0904,2639.9804,2697.6507
2012-06-01,2715.5990,2683.2864,2643.3403,2695.9795
2012-06-04,2707.3948,2681.8191,2645.9002,2693.9338
2012-06-05,2699.6284,2681.2897,2648.1027,2691.8590
2012-06-06,2694.4548,2680.6615,2650.7761,2690.1018
2012-06-07,2688.5101,2679.8022,2653.5233,2688.8009
2012-06-08,2682.6915,2679.2107,2655.9391,2687.3856
2012-06-11,2679.7323,2679.2693,2657.8998,2686.0117
2012-06-12,2675.7432,2679.1254,2658.8593,2684.3232
2012-06-13,2676.0527,2681.3112,2660.3583,2682.8000
2012-06-14,2673.2868,2683.7360,2661.6524,2680.9527
2012-06-15,2672.9804,2686.0750,2663.4480,2679.2497
2012-06-18,2672.6693,2687.4886,2665.8827,2677.6745
2012-06-19,2669.1080,2688.2904,2666.8958,2676.2500
2012-06-20,2665.7871,2689.4782,2668.2438,2674.9319
2012-06-21,2661.4941,2689.3211,2668.6970,2673.5593
2012-06-25,2655.4693,2688.0081,2668.2053,2671.6757
2012-06-26,2647.2124,2685.6201,2668.1453,2669.8406
2012-06-27,2636.6879,2682.8655,2667.9690,2667.4807
2012-06-28,2625.4977,2679.7997,2667.9353,2665.0234
2012-06-29,2616.6899,2678.1404,2667.6807,2663.0017
2012-07-02,2608.0202,2675.3565,2667.2585,2661.0559
2012-07-03,2603.3530,2672.7241,2666.8905,2659.1021
2012-07-04,2598.4992,2669.3770,2666.9626,2657.1919
2012-07-05,2591.9344,2665.7455,2665.9510,2655.2618
2012-07-06,2588.3390,2663.0115,2665.3658,2653.8602
2012-07-09,2582.7426,2658.6714,2664.1505,2652.2723
2012-07-10,2574.9101,2654.0248,2662.8557,2650.3479
2012-07-11,2568.9871,2649.8782,2661.8579,2648.6396
2012-07-12,2562.1933,2645.0346,2660.8198,2647.0793
2012-07-13,2556.5194,2640.0550,2659.9367,2645.6858
2012-07-16,2547.8207,2633.5196,2658.5170,2643.9629
2012-07-17,2539.1897,2627.2440,2657.2094,2642.3358
2012-07-18,2531.7333,2621.1504,2655.6786,2640.6838
2012-07-19,2525.1034,2616.3299,2653.8888,2639.3663
2012-07-20,2519.2258,2610.9811,2651.7410,2637.8604
2012-07-23,2514.5183,2605.3689,2648.8202,2635.7643
2012-07-24,2510.4393,2600.4172,2645.9201,2634.1638
2012-07-25,2505.9370,2595.0985,2642.7947,2632.5649
2012-07-26,2501.8935,2590.4027,2639.8319,2631.2035
2012-07-27,2496.0796,2584.9282,2636.8941,2629.7111
2012-07-30,2489.3897,2580.0043,2633.3371,2628.2910
2012-07-31,2482.3716,2574.7473,2629.9285,2626.9717
2012-08-01,2476.8796,2569.1890,2627.2163,2625.8208
2012-08-02,2471.9447,2563.3598,2624.4450,2624.6725
2012-08-03,2465.8016,2558.3671,2621.5297,2623.6480
2012-08-06,2464.2289,2554.4914,2618.6492,2622.3087
2012-08-07,2463.3070,2549.8233,2615.9047,2620.8941
2012-08-08,2461.4584,2544.4269,2612.8942,2619.5298
2012-08-09,2459.5214,2539.6608,2610.8951,2618.2107
2012-08-10,2456.8920,2534.8589,2608.9747,2617.2161
2012-08-13,2454.4217,2529.0487,2606.1675,2616.0215
2012-08-14,2451.4667,2524.8728,2603.3459,2615.1765
2012-08-15,2447.1917,2520.1757,2600.7327,2614.2656
2012-08-16,2441.7835,2515.2614,2597.9614,2612.9374
2012-08-17,2437.3917,2510.5337,2595.1680,2611.3253
2012-08-20,2434.1028,2505.9334,2592.5721,2609.5172
2012-08-21,2430.8837,2500.8777,2590.0735,2607.7406
2012-08-22,2427.5509,2495.8216,2587.4735,2605.6040
2012-08-23,2425.2103,2490.0657,2585.6885,2603.5724
2012-08-24,2421.4155,2484.1796,2583.9578,2601.3923
2012-08-27,2415.8553,2477.1543,2581.6147,2598.7350
2012-08-28,2410.9711,2470.0680,2578.7783,2596.1206
2012-08-29,2403.5375,2462.9608,2575.6256,2593.2837
2012-08-30,2397.1545,2455.9068,2572.6925,2590.5711
2012-08-31,2389.4610,2449.5539,2569.4375,2587.8691
2012-09-03,2381.3349,2444.8376,2566.4228,2585.1648
2012-09-04,2371.8021,2439.6591,2562.6396,2582.6057
2012-09-05,2361.9871,2434.5466,2558.7060,2580.0470
2012-09-06,2351.9674,2430.2487,2555.0242,2577.2957
2012-09-07,2347.7003,2427.2630,2552.7017,2575.0864
2012-09-10,2346.3948,2424.3986,2549.8775,2573.3114
2012-09-11,2344.0625,2421.1566,2546.9404,2571.5020
2012-09-12,2343.4656,2418.1623,2543.7696,2570.0217
2012-09-13,2342.3695,2415.4355,2540.5905,2568.4133
2012-09-14,2342.4760,2412.1885,2537.6000,2566.8942
2012-09-17,2340.2496,2408.9362,2533.8038,2565.2131
2012-09-18,2336.1948,2405.3916,2529.7082,2563.3853
2012-09-19,2333.6444,2401.6845,2525.7814,2561.7122
2012-09-20,2328.1535,2396.4498,2520.7422,2559.7620
2012-09-21,2324.1938,2391.2494,2515.6522,2557.6457
2012-09-24,2323.5385,2387.4414,2510.4805,2556.0643
2012-09-25,2322.0780,2383.2234,2505.2337,2554.1343
2012-09-26,2320.5318,2378.4802,2499.8153,2552.2096
2012-09-27,2322.6171,2374.9122,2495.6211,2550.8160
2012-09-28,2327.1773,2372.7345,2491.8578,2549.6623
2012-10-08,2329.3313,2370.7628,2488.0658,2548.3281
2012-10-09,2335.3132,2369.6087,2485.0129,2547.2695
2012-10-10,2341.7339,2368.8653,2481.9819,2546.3426
2012-10-11,2346.1116,2367.9359,2479.1693,2545.4374
2012-10-12,2345.4579,2367.0144,2475.9713,2544.8307
2012-10-15,2343.8140,2366.1683,2473.0863,2544.3004
2012-10-16,2343.1044,2365.4497,2470.0985,2544.0801
2012-10-17,2342.1085,2364.2539,2466.7214,2543.6184
2012-10-18,2344.0527,2364.2787,2463.8192,2543.3686
2012-10-19,2344.9276,2363.8390,2461.1030,2543.1381
2012-10-22,2349.2109,2362.9290,2458.7102,2543.1510
2012-10-23,2353.1819,2361.3416,2455.5824,2542.9997
2012-10-24,2356.3623,2359.6461,2452.0365,2542.7342
2012-10-25,2361.2868,2357.1560,2448.4084,2542.5044
2012-10-26,2363.8114,2354.0172,2444.4380,2542.2092
2012-10-29,2364.8620,2351.6176,2440.3331,2541.8367
2012-10-30,2366.3984,2349.1961,2437.0344,2541.4673
2012-10-31,2370.0124,2347.6085,2433.8921,2540.9974
2012-11-01,2372.3979,2347.1580,2431.2097,2540.9929
2012-11-02,2373.1039,2347.0193,2428.7765,2541.1499
2012-11-05,2374.7488,2347.0212,2426.4773,2541.2082
2012-11-06,2373.3044,2346.5770,2423.7273,2540.8136
2012-11-07,2371.4124,2346.4099,2421.1158,2539.9875
2012-11-08,2368.4605,2345.2360,2417.6509,2539.0046
2012-11-09,2365.1731,2344.5174,2414.3485,2538.0005
2012-11-12,2362.9504,2345.0063,2411.0803,2537.2641
2012-11-13,2358.5204,2344.4695,2407.2687,2536.5757
2012-11-14,2354.5054,2344.6410,2403.8009,2535.3484
2012-11-15,2347.1432,2344.2741,2400.0904,2534.1671
2012-11-16,2339.1209,2343.7029,2396.6284,2532.6627
2012-11-19,2330.5111,2342.5995,2393.7186,2530.9619
2012-11-20,2322.9039,2341.7823,2390.7207,2529.4330
2012-11-21,2317.0703,2341.6794,2388.1130,2528.0410
2012-11-22,2311.1948,2340.8469,2385.5478,2526.7416
2012-11-23,2308.3406,2338.2733,2382.7682,2525.2244
2012-11-26,2305.2269,2335.1504,2379.7745,2523.5165
2012-11-27,2300.6150,2331.8171,2376.4868,2521.6887
2012-11-28,2294.1209,2327.8706,2373.0164,2519.9895
2012-11-29,2284.7049,2324.0922,2369.7638,2517.8574
2012-11-30,2276.0687,2320.4564,2366.3225,2515.8441
2012-12-03,2266.0930,2317.3586,2363.1474,2513.6489
2012-12-04,2257.7860,2315.2134,2360.3025,2511.5791
2012-12-05,2253.6708,2314.4205,2358.0525,2509.9552
2012-12-06,2251.5101,2314.5786,2355.5142,2508.1670
2012-12-07,2251.8119,2315.5647,2353.4070,2506.6719
2012-12-10,2252.8041,2316.7126,2352.0770,2505.2970
2012-12-11,2255.1845,2317.7120,2350.4677,2503.8386
2012-12-12,2257.4925,2319.4253,2348.9528,2502.3157
2012-12-13,2260.0258,2319.2376,2347.0749,2500.4819
2012-12-14,2269.2574,2320.5350,2346.6347,2499.1879
2012-12-17,2279.1649,2322.5329,2346.6479,2497.7340
2012-12-18,2289.6682,2323.5243,2346.5665,2496.2433
2012-12-19,2298.7747,2324.4957,2346.6805,2494.7376
2012-12-20,2309.4863,2326.1968,2347.0664,2493.4491
2012-12-21,2318.7535,2327.5915,2347.3029,2492.0985
2012-12-24,2329.3798,2329.3767,2347.7725,2490.5548
2012-12-25,2344.7680,2332.4825,2348.9661,2489.4473
2012-12-26,2361.7426,2335.7242,2349.9890,2488.6027
2012-12-27,2378.7406,2337.9673,2351.1230,2487.7840
2012-12-28,2396.3318,2341.0181,2352.4285,2486.9791
2012-12-31,2417.7323,2344.7671,2353.8481,2486.2486
2013-01-04,2438.0393,2349.1564,2355.2490,2485.5768
2013-01-07,2454.9959,2353.8739,2356.7600,2484.8271
2013-01-08,2471.6227,2358.7130,2357.9345,2484.4148
2013-01-09,2486.0605,2364.4643,2359.2407,2484.1077
2013-01-10,2499.4724,2370.5567,2361.0871,2483.6273
2013-01-11,2511.0863,2375.5872,2362.3916,2482.8688
2013-01-14,2527.1049,2382.2623,2364.9354,2482.8341
2013-01-15,2545.3592,2388.4221,2367.7901,2482.8758
2013-01-16,2556.7917,2394.0101,2370.5147,2482.8413
2013-01-17,2566.4072,2399.1963,2373.1087,2482.8404
2013-01-18,2578.1550,2405.4646,2376.0208,2483.0471
2013-01-21,2590.5473,2412.1497,2379.2798,2483.3766
2013-01-22,2601.5075,2419.4156,2382.3258,2484.0071
2013-01-23,2613.6760,2426.9927,2385.7550,2484.8564
2013-01-24,2624.0915,2433.8332,2389.4197,2485.5172
2013-01-25,2630.4620,2441.2591,2392.8643,2485.8213
2013-01-28,2640.5003,2450.1222,2397.3816,2486.5036
2013-01-29,2652.4527,2460.0912,2402.1826,2487.4376
2013-01-30,2663.2362,2470.6642,2407.1836,2488.3105
2013-01-31,2671.7080,2481.2459,2411.9227,2489.1728
2013-02-01,2683.0212,2493.2033,2417.4928,2490.0662
2013-02-04,2693.9793,2504.6375,2423.1584,2490.9322
2013-02-05,2706.7106,2516.9193,2428.8831,2491.9536
2013-02-06,2719.6155,2528.9743,2433.6238,2493.1627
2013-02-07,2731.4656,2541.0522,2438.1013,2493.9894
2013-02-08,2746.3752,2553.8913,2442.8542,2494.8973
2013-02-18,2754.6305,2566.4661,2447.1684,2495.4690
2013-02-19,2759.2687,2578.2476,2451.1699,2495.8802
2013-02-20,2765.7571,2589.8855,2455.1710,2496.3855
2013-02-21,2768.7437,2600.2565,2458.8075,2496.3057
2013-02-22,2768.8036,2609.8716,2462.5425,2496.1254
2013-02-25,2768.4966,2618.0800,2466.2502,2496.0158
2013-02-26,2766.9824,2625.6045,2470.0916,2495.4169
2013-02-27,2766.3220,2632.7967,2474.1807,2494.9164
2013-02-28,2771.0026,2641.1126,2478.9126,2494.6965
2013-03-01,2776.0243,2649.5950,2483.6535,2494.4436
2013-03-04,2770.5390,2655.3408,2487.3830,2493.5992
2013-03-05,2767.7969,2663.1996,2491.2186,2493.4198
2013-03-06,2765.8067,2669.2839,2494.9095,2493.3836
2013-03-07,2762.3235,2674.5094,2498.5211,2493.2935
2013-03-08,2755.2749,2679.4460,2501.4852,2493.2490
2013-03-11,2747.2305,2684.0198,2504.2578,2493.1198
2013-03-12,2736.0646,2687.5506,2506.8737,2493.0215
2013-03-13,2723.2300,2690.7649,2509.1782,2492.5747
2013-03-14,2711.5711,2693.9287,2511.6527,2492.3695
2013-03-15,2699.5886,2695.8195,2514.1510,2492.1248
2013-03-18,2687.4450,2696.7471,2516.2357,2491.4786
2013-03-19,2679.1499,2698.4114,2518.1894,2491.0043
2013-03-20,2674.3711,2701.1012,2521.0596,2491.0813
2013-03-21,2674.6005,2703.0038,2523.8855,2491.2978
2013-03-22,2675.7225,2704.9449,2527.0506,2491.3165
2013-03-25,2676.1432,2706.5389,2530.2064,2491.1214
2013-03-26,2676.5282,2707.5667,2533.1398,2490.7741
2013-03-27,2675.9519,2708.7533,2536.6088,2490.5234
2013-03-28,2666.9581,2708.1069,2539.3318,2489.8325
2013-03-29,2657.9783,2708.3518,2541.9695,2489.5020
2013-04-01,2655.2636,2706.6042,2544.4333,2489.1627
2013-04-02,2648.2134,2704.3413,2546.3817,2488.7957
2013-04-03,2639.6010,2702.4076,2548.2089,2488.4927
2013-04-08,2631.9948,2700.7444,2549.9703,2488.2238
2013-04-09,2625.9225,2698.5530,2552.0088,2487.8681
2013-04-10,2620.3897,2695.9568,2554.0532,2487.5845
2013-04-11,2616.3721,2693.4964,2556.4560,2487.0534
2013-04-12,2612.9933,2690.4918,2558.7422,2486.5454
2013-04-15,2607.9571,2687.4749,2560.6541,2485.8672
2013-04-16,2603.8083,2685.1580,2563.2086,2485.2387
2013-04-17,2601.5333,2681.1603,2565.6412,2484.7211
2013-04-18,2598.4196,2676.7981,2568.4447,2484.2675
2013-04-19,2594.4744,2673.5965,2572.1303,2484.3794
2013-04-22,2590.1168,2670.3673,2575.8066,2484.7626
2013-04-23,2581.3912,2664.2929,2578.7481,2484.7344
2013-04-24,2575.3178,2659.0743,2581.8559,2484.9844
2013-04-25,2569.7793,2652.7942,2584.8567,2485.2023
2013-04-26,2562.7395,2646.0029,2587.4886,2485.1284
2013-05-02,2560.1731,2639.5899,2590.3210,2485.0478
2013-05-03,2560.0610,2633.8261,2593.8587,2485.1728
2013-05-06,2561.7556,2629.4543,2597.9602,2485.4883
2013-05-07,2564.0062,2626.2363,2602.2420,2486.0029
2013-05-08,2567.0682,2622.9321,2606.4088,2486.3656
2013-05-09,2569.9359,2621.2213,2610.7389,2486.9432
2013-05-10,2572.5928,2620.0686,2614.9701,2487.6363
2013-05-13,2574.9421,2618.5350,2618.3075,2488.1800
2013-05-14,2575.7411,2616.9999,2621.3022,2488.4082
2013-05-15,2578.0574,2615.1859,2623.9913,2488.6992
2013-05-16,2584.0465,2612.6925,2626.9025,2489.4898
2013-05-17,2590.8920,2611.1051,2630.3501,2490.4089
2013-05-20,2598.7028,2612.4258,2633.8833,2491.4180
2013-05-21,2606.4548,2612.2613,2637.7304,2492.4027
2013-05-22,2610.8062,2611.5963,2640.4401,2493.5374
2013-05-23,2613.5028,2610.8391,2642.6742,2494.6610
2013-05-24,2621.1390,2610.6386,2645.0423,2495.8044
2013-05-27,2626.5142,2610.7878,2647.4038,2497.0422
2013-05-28,2635.6346,2612.6222,2650.0864,2498.5764
2013-05-29,2645.7251,2615.0009,2652.8829,2500.0929
2013-05-30,2655.2693,2617.0691,2655.4989,2501.6357
2013-05-31,2661.1359,2618.4451,2657.1323,2503.0492
2013-06-03,2665.0966,2620.5149,2658.6310,2504.3100
2013-06-04,2666.9432,2621.3536,2659.8825,2505.5027
2013-06-05,2667.8599,2620.3276,2660.7144,2506.5715
2013-06-06,2667.8630,2618.5263,2660.7651,2507.3066
2013-06-07,2664.9339,2615.7532,2660.3490,2507.7990
2013-06-13,2658.1726,2611.3468,2658.9428,2507.8514
2013-06-14,2654.2155,2608.0748,2657.8208,2507.8776
2013-06-17,2648.8879,2604.3603,2656.5568,2507.8988
2013-06-18,2641.9649,2602.6952,2655.4010,2508.2441
2013-06-19,2632.0796,2600.7456,2654.5487,2508.4702
2013-06-20,2617.1886,2597.1959,2651.9001,2508.4177
2013-06-21,2601.8160,2593.7023,2649.0218,2508.4059
2013-06-24,2578.7245,2587.2457,2644.8267,2507.6707
2013-06-25,2557.1519,2580.9019,2640.8232,2506.9659
2013-06-26,2534.9850,2574.2636,2636.4083,2506.2145
2013-06-27,2512.3054,2567.5541,2631.7555,2505.5176
2013-06-28,2489.3742,2561.8230,2627.6597,2504.9928
2013-07-01,2467.1912,2556.6801,2623.5859,2504.6705
2013-07-02,2445.8817,2552.2390,2619.8570,2504.6383
2013-07-03,2425.0755,2546.9519,2616.0550,2504.4596
2013-07-04,2405.4041,2542.0633,2611.6118,2504.4967
2013-07-05,2387.8941,2537.1434,2606.9707,2504.5767
2013-07-08,2367.3814,2529.4904,2601.5435,2504.3635
2013-07-09,2348.5090,2521.8832,2596.1253,2504.0240
2013-07-10,2335.0677,2517.2238,2590.7583,2504.1256
2013-07-11,2331.2822,2513.7325,2586.4034,2504.7809
2013-07-12,2323.9747,2509.7530,2581.2736,2505.0783
2013-07-15,2318.9855,2506.8587,2576.4308,2505.0273
2013-07-16,2313.7711,2504.1344,2571.8621,2504.9817
2013-07-17,2307.6765,2499.7918,2566.8090,2504.8316
2013-07-18,2303.7416,2493.9903,2561.7223,2504.4453
2013-07-19,2297.1829,2486.9730,2556.6047,2503.8873
2013-07-22,2298.7840,2479.9320,2551.4320,2503.3015
2013-07-23,2303.9742,2474.5172,2547.8693,2503.3384
2013-07-24,2308.1525,2468.4874,2544.2780,2503.4103
2013-07-25,2312.1287,2462.4287,2540.4819,2503.3660
2013-07-26,2313.3364,2456.8612,2536.9305,2503.5111
2013-07-29,2311.4062,2450.0196,2532.6028,2503.3917
2013-07-30,2309.7220,2442.5091,2527.6008,2503.2567
2013-07-31,2309.1633,2434.2605,2522.6828,2503.1682
2013-08-01,2310.3716,2426.7307,2519.5783,2503.4807
2013-08-02,2311.4264,2419.1320,2515.6966,2503.4576
2013-08-05,2317.3545,2412.1098,2511.8530,2503.3812
2013-08-06,2324.1230,2406.1313,2508.4852,2503.5032
2013-08-07,2327.0455,2399.5864,2505.1125,2503.2988
2013-08-08,2324.4661,2392.9133,2501.8505,2503.0542
2013-08-09,2325.0160,2385.5055,2499.0639,2502.9688
2013-08-12,2327.3669,2379.5155,2497.2582,2503.2182
2013-08-13,2329.4972,2373.8255,2495.4473,2503.5500
2013-08-14,2332.9204,2368.5056,2493.4753,2503.8132
2013-08-15,2336.8610,2362.6960,2491.6055,2503.9206
2013-08-16,2342.7349,2357.2897,2489.3217,2503.7555
2013-08-19,2349.4140,2352.5536,2486.4406,2503.7501
2013-08-20,2351.8233,2348.1013,2483.3138,2503.5996
2013-08-21,2354.8951,2344.4719,2480.1126,2503.5816
2013-08-22,2358.3189,2342.4872,2476.9170,2503.5617
2013-08-23,2361.5705,2339.8032,2473.9390,2503.5394
2013-08-26,2369.8212,2338.3930,2471.3766,2503.9927
2013-08-27,2377.6501,2336.7833,2469.7392,2504.5355
2013-08-28,2384.6289,2335.2802,2468.0129,2504.9912
2013-08-29,2388.3990,2335.2149,2466.2054,2505.3193
2013-08-30,2391.8434,2335.1429,2464.4226,2505.4022
2013-09-02,2394.0145,2338.2257,2462.7357,2505.4723
2013-09-03,2397.1597,2342.1344,2461.5181,2505.7442
2013-09-04,2400.7814,2345.9049,2460.0842,2506.0465
2013-09-05,2404.1385,2349.6465,2458.6003,2506.3268
2013-09-06,2407.8475,2352.8949,2457.3590,2506.9075
2013-09-09,2412.3860,2357.5934,2457.1367,2507.9395
2013-09-10,2418.3716,2362.8215,2457.5302,2509.0921
2013-09-11,2425.2868,2368.5902,2457.7711,2510.4898
2013-09-12,2434.8930,2374.4916,2458.2774,2511.9593
2013-09-13,2444.4413,2379.9086,2458.5260,2513.4853
2013-09-16,2452.0362,2386.4155,2457.9530,2515.0417
2013-09-17,2457.9716,2391.8863,2456.8848,2516.3457
2013-09-18,2464.3757,2396.1951,2456.7095,2517.7288
2013-09-23,2473.0765,2399.2050,2456.4687,2519.1623
2013-09-24,2481.1881,2402.6886,2456.2208,2520.5388
2013-09-25,2486.0155,2405.2050,2456.0318,2521.7602
2013-09-26,2488.2667,2406.5815,2455.3579,2522.8395
2013-09-27,2491.7245,2408.8994,2454.3456,2524.1022
2013-09-30,2496.4134,2412.2836,2453.1370,2525.5486
2013-10-08,2503.0233,2417.4791,2452.2260,2527.2340
2013-10-09,2509.9090,2422.6758,2451.3039,2528.8563
2013-10-10,2513.7757,2426.0550,2450.2861,2530.5125
2013-10-11,2519.8641,2430.5896,2449.5385,2532.2543
2013-10-14,2526.6238,2435.4445,2448.9366,2533.6221
2013-10-15,2532.2951,2440.4783,2448.6698,2534.9860
2013-10-16,2531.3008,2445.5512,2447.7854,2535.8884
2013-10-17,2528.1194,2450.1805,2446.3448,2536.6237
2013-10-18,2525.1819,2454.9976,2444.6290,2537.4896
2013-10-21,2523.3142,2459.6686,2443.1997,2538.5415
2013-10-22,2521.0915,2463.7747,2441.4533,2539.5919
2013-10-23,2517.9959,2466.6720,2439.3909,2539.9155
2013-10-24,2516.6103,2468.8812,2437.5063,2540.0902
2013-10-25,2513.3054,2470.6991,2435.1427,2540.0925
2013-10-28,2507.8098,2472.5424,2432.7279,2540.0658
2013-10-29,2504.0972,2474.3210,2429.9133,2539.9998
2013-10-30,2502.9829,2475.4514,2427.4834,2540.1832
2013-10-31,2502.4289,2475.7542,2424.7899,2540.1444
2013-11-01,2501.9116,2476.4959,2422.5008,2539.8165
2013-11-04,2500.4341,2477.7129,2420.2044,2539.4177
2013-11-05,2497.4346,2479.3590,2418.3243,2539.1034
2013-11-06,2492.2661,2479.8166,2416.1851,2538.4498
2013-11-07,2487.6786,2480.3971,2414.2492,2537.5071
2013-11-08,2479.3809,2480.3839,2412.4279,2536.3885
2013-11-11,2471.2853,2480.6311,2411.5592,2535.2510
2013-11-12,2464.6951,2481.7282,2410.7657,2534.2932
2013-11-13,2457.8088,2480.7463,2409.5696,2533.0632
2013-11-14,2452.1845,2479.9942,2408.3887,2531.8949
2013-11-15,2448.2920,2480.4628,2407.8715,2531.2101
2013-11-18,2446.0997,2482.7489,2408.9819,2530.4410
2013-11-19,2444.3566,2484.7799,2409.9614,2529.4916
2013-11-20,2444.6853,2486.9404,2412.5830,2528.7049
2013-11-21,2445.1752,2488.0874,2415.1109,2527.9670
2013-11-22,2446.6946,2489.0644,2417.4847,2526.9465
2013-11-25,2447.8667,2490.0337,2419.8401,2525.7978
2013-11-26,2448.6610,2490.6464,2421.7706,2524.7152
2013-11-27,2449.0233,2490.1063,2423.8498,2523.7179
2013-11-28,2452.4243,2489.3753,2426.0984,2522.9777
2013-11-29,2455.2140,2488.4668,2428.5285,2522.2917
2013-12-02,2457.1953,2486.6338,2430.5627,2521.0872
2013-12-03,2460.2450,2485.6804,2432.7945,2519.8826
2013-12-04,2466.5276,2485.6132,2436.0144,2518.7789
2013-12-05,2473.1245,2486.4583,2439.1723,2517.6488
2013-12-06,2480.5840,2486.8672,2441.5312,2516.1448
2013-12-09,2487.5597,2486.4244,2442.8147,2514.6090
2013-12-10,2493.4160,2486.6193,2444.6540,2512.9638
2013-12-11,2499.8574,2486.2830,2445.7440,2511.0874
2013-12-12,2505.3106,2486.8118,2446.6966,2509.2794
2013-12-13,2508.2000,2487.0530,2447.9762,2507.3926
2013-12-16,2505.0486,2486.2030,2449.2433,2505.4828
2013-12-17,2502.1659,2484.4370,2450.9580,2503.7813
2013-12-18,2498.6713,2482.4453,2452.5605,2501.9963
2013-12-19,2494.6620,2480.4420,2453.2485,2500.5589
2013-12-20,2488.4698,2476.5067,2453.5481,2498.9131
2013-12-23,2483.0935,2472.6216,2454.0331,2497.2575
2013-12-24,2477.9685,2468.9158,2454.6971,2495.8138
2013-12-25,2472.3163,2466.5125,2456.0318,2494.3173
2013-12-26,2463.3137,2463.4530,2456.8167,2492.2088
2013-12-27,2456.3132,2460.9193,2457.9584,2490.3206
2013-12-30,2450.1463,2457.3666,2458.5176,2489.0480
2013-12-31,2444.3194,2454.9716,2459.3731,2487.5349
2014-01-02,2436.4041,2452.9765,2459.8243,2485.8387
2014-01-03,2427.2351,2450.7082,2459.7947,2484.1399
2014-01-06,2416.1938,2448.0225,2459.3608,2482.2366
2014-01-07,2405.1928,2445.3776,2458.9600,2480.4053
2014-01-08,2394.2672,2442.6873,2458.5042,2478.7840
2014-01-09,2384.4202,2438.8579,2457.1546,2477.2064
2014-01-10,2373.8171,2435.3670,2455.5606,2475.5040
2014-01-13,2362.8114,2431.4129,2453.9544,2473.7149
2014-01-14,2354.7974,2427.9483,2452.8306,2472.2180
2014-01-15,2347.1778,2424.3343,2451.8466,2470.5841
2014-01-16,2339.6641,2421.4044,2450.6105,2468.5256
2014-01-17,2331.7096,2418.0544,2449.2257,2466.2698
2014-01-20,2325.9137,2415.1198,2447.7518,2463.9322
2014-01-21,2320.8910,2412.4639,2446.5475,2461.7322
2014-01-22,2318.5938,2410.4752,2446.1017,2460.0204
2014-01-23,2314.8098,2409.3129,2445.0296,2458.2031
2014-01-24,2313.7943,2408.0970,2444.0456,2456.8924
2014-01-27,2309.2693,2405.3102,2442.8865,2455.4497
2014-01-28,2305.1556,2400.9889,2441.8689,2454.0372
2014-01-29,2299.8713,2397.1775,2440.9787,2452.7007
2014-01-30,2293.6941,2392.5801,2439.7602,2451.2480
2014-02-07,2289.6475,2388.4972,2438.2923,2449.9052
2014-02-10,2291.1406,2385.8009,2437.4327,2448.7584
2014-02-11,2293.5984,2383.6703,2436.8520,2447.7261
2014-02-12,2296.1483,2381.6823,2436.1643,2446.7617
2014-02-13,2299.1111,2378.8930,2434.4996,2445.8182
2014-02-14,2303.8000,2375.9173,2432.6463,2445.0883
2014-02-17,2309.8966,2373.2860,2430.8764,2444.3237
2014-02-18,2313.4930,2370.4674,2428.5506,2443.4140
2014-02-19,2318.6465,2367.6949,2426.6876,2442.6068
2014-02-20,2322.5535,2363.8148,2424.7140,2441.3335
2014-02-21,2326.9876,2359.5996,2423.0289,2439.9568
2014-02-24,2329.4951,2354.6842,2420.7757,2438.7426
2014-02-25,2327.9705,2348.6282,2417.5263,2436.9975
2014-02-26,2323.8160,2342.6352,2414.6273,2435.4240
2014-02-27,2319.7964,2337.2885,2411.7857,2433.9088
2014-02-28,2316.3488,2332.5122,2409.6620,2432.5100
2014-03-03,2315.0284,2328.0416,2407.5473,2430.9465
2014-03-04,2313.1891,2324.2452,2405.2241,2429.1805
2014-03-05,2309.8920,2320.2679,2402.3525,2427.2893
2014-03-06,2308.4026,2316.4726,2399.4589,2425.3814
2014-03-07,2306.1225,2313.0813,2396.7617,2423.5239
2014-03-10,2297.3504,2309.3532,2392.9299,2421.2342
2014-03-11,2288.2083,2305.7162,2389.1689,2419.0528
2014-03-12,2279.0548,2302.1168,2385.5163,2417.0930
2014-03-13,2271.8599,2298.7105,2382.6115,2415.1984
2014-03-14,2262.9328,2295.7650,2379.6090,2412.9769
2014-03-17,2254.2191,2292.4484,2376.6838,2410.6564
2014-03-18,2246.7612,2289.1134,2373.2400,2408.2198
2014-03-19,2237.0563,2284.7897,2369.8806,2405.6670
2014-03-20,2226.6961,2279.9316,2366.4541,2402.9225
2014-03-21,2221.2444,2277.2033,2363.9558,2400.7310
2014-03-24,2219.2827,2275.9198,2361.9712,2398.5570
2014-03-25,2220.1370,2274.6059,2359.9917,2396.3598
2014-03-26,2220.5318,2273.1411,2357.9142,2393.9137
2014-03-27,2220.6145,2271.7662,2355.3120,2391.3977
2014-03-28,2219.2191,2270.6731,2353.0201,2388.9050
2014-03-31,2216.9421,2269.6939,2350.5534,2386.5271
2014-04-01,2215.8491,2268.6658,2348.3071,2384.2558
2014-04-02,2216.7147,2268.0827,2346.2085,2382.2664
2014-04-03,2216.2693,2267.1146,2344.2595,2380.2223
2014-04-04,2217.1535,2267.2589,2342.6566,2378.4529
2014-04-08,2224.3643,2268.7334,2341.9266,2377.1773
2014-04-09,2231.0806,2269.7920,2341.1280,2376.3436
2014-04-10,2239.3302,2270.4114,2340.4433,2375.6045
2014-04-11,2246.0661,2271.2130,2340.2629,2374.9163
2014-04-14,2253.5995,2271.6870,2339.8920,2374.1404
2014-04-15,2258.0656,2271.9669,2338.6386,2373.2550
2014-04-16,2262.9442,2272.2288,2336.6089,2372.7954
2014-04-17,2268.3152,2272.1672,2334.6724,2372.3169
2014-04-18,2275.4217,2272.6226,2332.6013,2372.5922
2014-04-21,2276.8920,2272.1011,2330.2991,2372.7050
2014-04-22,2277.9385,2270.6390,2328.2199,2372.8523
2014-04-23,2278.9840,2268.7601,2326.2152,2373.0276
2014-04-24,2279.9876,2266.6768,2324.1795,2372.9751
2014-04-25,2280.6140,2264.3673,2321.6302,2372.7400
2014-04-28,2279.7354,2261.0472,2318.4823,2372.2903
2014-04-29,2280.3638,2257.8807,2315.5834,2372.0559
2014-04-30,2280.1333,2255.3220,2312.8947,2371.7287
2014-05-05,2278.8796,2252.1759,2309.9354,2371.3650
2014-05-06,2278.4827,2249.4863,2306.6505,2371.3325
2014-05-07,2275.9943,2246.8616,2303.2306,2371.2014
2014-05-08,2270.7323,2245.2283,2299.9563,2370.7437
2014-05-09,2265.3209,2244.7322,2296.6802,2369.7474
2014-05-12,2260.4780,2245.0762,2293.8557,2369.2548
2014-05-13,2255.5261,2245.5049,2291.3967,2368.5703
2014-05-14,2250.5525,2245.3685,2288.9404,2367.8185
2014-05-15,2246.1401,2244.4116,2286.2266,2367.1014
2014-05-16,2241.6656,2243.6194,2283.9323,2366.5878
2014-05-19,2235.9984,2242.6098,2281.4389,2366.1984
2014-05-20,2230.3804,2241.4137,2278.9432,2365.7518
2014-05-21,2227.7271,2240.7429,2276.9121,2365.0803
2014-05-22,2224.3199,2241.4268,2275.3900,2364.4690
2014-05-23,2221.9292,2242.2485,2273.9823,2364.0077
2014-05-26,2220.1468,2243.1136,2272.6152,2363.6561
2014-05-27,2219.0848,2243.2573,2270.9839,2363.5079
2014-05-28,2220.8615,2244.2187,2269.9918,2363.4043
2014-05-29,2220.6904,2244.4693,2268.4588,2363.2086
2014-05-30,2220.5767,2244.8482,2266.9808,2362.7492
2014-06-03,2220.2382,2245.4487,2265.1192,2362.2461
2014-06-04,2218.7364,2246.3024,2263.1170,2361.4706
2014-06-05,2219.4227,2246.1329,2261.6681,2360.7314
2014-06-06,2219.3824,2245.2682,2260.5940,2359.9774
2014-06-09,2219.4016,2244.4380,2259.5220,2359.2410
2014-06-10,2218.4310,2244.2359,2258.6885,2358.5963
2014-06-11,2217.7034,2244.3405,2258.0533,2357.6040
2014-06-12,2216.7235,2244.3702,2257.5217,2356.5411
2014-06-13,2218.3855,2244.9889,2257.3414,2355.6479
2014-06-16,2220.7581,2245.5830,2257.1244,2354.9775
2014-06-17,2223.5762,2245.3544,2256.7186,2354.2826
2014-06-18,2225.8744,2245.2558,2256.1852,2353.3979
2014-06-19,2225.4093,2244.0453,2255.6521,2352.4389
2014-06-20,2225.7121,2241.9659,2255.3497,2351.5507
2014-06-23,2224.9731,2239.8055,2254.7988,2350.6731
2014-06-24,2224.3964,2237.1401,2253.7757,2349.9387
2014-06-25,2223.6775,2234.3018,2252.7574,2348.8935
2014-06-26,2222.6300,2231.8309,2251.7590,2347.9023
2014-06-27,2222.3767,2230.1937,2251.0803,2346.9834
2014-06-30,2222.8243,2228.8002,2250.5145,2346.1917
2014-07-01,2223.5809,2227.5549,2249.8611,2345.4199
2014-07-02,2225.7824,2226.4467,2249.5347,2344.6474
2014-07-03,2227.3116,2226.3008,2249.2009,2343.7466
2014-07-04,2229.5845,2225.9266,2248.2828,2342.8577
2014-07-07,2231.7556,2225.5467,2247.1534,2342.0027
2014-07-08,2232.7478,2225.3399,2246.0084,2341.0864
2014-07-09,2232.1245,2224.9447,2244.6560,2339.5778
2014-07-10,2231.5788,2225.1076,2243.0774,2337.8619
2014-07-11,2230.1199,2224.8914,2241.3860,2336.1312
2014-07-14,2229.0811,2225.1622,2240.2421,2334.3963
2014-07-15,2229.3556,2225.5448,2238.8604,2332.7740
2014-07-16,2229.9049,2225.8247,2237.6555,2331.1848
2014-07-17,2231.4636,2226.2330,2236.5473,2329.7881
2014-07-18,2232.8801,2226.8250,2236.0267,2328.4012
2014-07-21,2234.5437,2227.4946,2236.1134,2326.8198
2014-07-22,2237.0181,2227.7561,2236.4161,2325.5217
2014-07-23,2240.3494,2228.2311,2236.8680,2324.3269
2014-07-24,2244.8941,2229.5675,2237.4680,2323.5650
2014-07-25,2250.5886,2231.9731,2238.1924,2322.8698
2014-07-28,2258.7943,2235.6517,2239.6356,2322.4298
2014-07-29,2267.4150,2240.1216,2241.3657,2321.8591
2014-07-30,2275.2258,2244.3849,2242.8993,2321.1791
2014-07-31,2284.0145,2248.8157,2244.7793,2320.7705
2014-08-01,2291.8026,2252.9197,2247.1732,2320.0516
2014-08-04,2302.1039,2257.6165,2249.9325,2319.5507
2014-08-05,2311.8651,2262.0273,2252.5704,2319.0434
2014-08-06,2322.9509,2266.4912,2254.8742,2318.7428
2014-08-07,2332.4915,2269.7596,2256.9891,2318.2991
2014-08-08,2341.9550,2273.3972,2258.9332,2317.8085
2014-08-11,2351.9597,2277.7153,2261.2818,2317.2609
2014-08-12,2361.3690,2281.9971,2263.7229,2316.8018
2014-08-13,2371.0863,2286.7647,2266.5335,2316.4938
2014-08-14,2380.3307,2290.5962,2268.3645,2316.1602
2014-08-15,2390.4858,2295.2664,2270.2673,2316.1192
2014-08-18,2401.2486,2300.2334,2272.3357,2316.1637
2014-08-19,2410.6579,2304.6468,2274.4413,2316.1778
2014-08-20,2419.3561,2308.8922,2276.6163,2315.9642
2014-08-21,2425.4140,2313.0437,2278.7070,2315.8635
2014-08-22,2430.8357,2316.9532,2280.9711,2315.7622
2014-08-25,2431.8155,2320.0746,2282.8288,2315.5680
2014-08-26,2431.4393,2323.2668,2284.3106,2315.2595
2014-08-27,2431.7282,2326.7264,2285.9911,2315.1253
2014-08-28,2429.7142,2330.5377,2287.2915,2314.9741
2014-08-29,2430.1736,2334.7043,2288.3351,2315.1309
2014-09-01,2429.1245,2339.2771,2289.5413,2315.3346
2014-09-02,2430.0088,2344.2722,2290.7061,2315.5747
2014-09-03,2432.3664,2349.9667,2292.1343,2316.1986
2014-09-04,2437.4703,2355.6957,2293.7633,2316.8276
2014-09-05,2443.5752,2361.8766,2296.0351,2317.3368
2014-09-09,2447.7028,2367.6668,2298.2335,2317.4212
2014-09-10,2451.5984,2373.2041,2300.3795,2317.5259
2014-09-11,2454.9344,2378.4254,2302.4361,2317.5187
2014-09-12,2460.2269,2383.7623,2305.0315,2317.6653
2014-09-15,2464.1829,2389.1057,2307.5162,2317.8681
2014-09-16,2464.9173,2393.4981,2309.5224,2317.8688
2014-09-17,2466.2899,2398.0637,2311.7018,2317.9407
2014-09-18,2468.4873,2403.4373,2314.1910,2317.9106
2014-09-19,2472.1550,2409.2742,2317.1909,2317.8366
2014-09-22,2472.8558,2414.0475,2319.4695,2317.5264
2014-09-23,2475.7809,2418.7545,2321.9583,2317.4265
2014-09-24,2481.8672,2424.2714,2324.9081,2317.4218
2014-09-25,2487.5194,2429.7722,2327.7984,2317.2245
2014-09-26,2494.0269,2435.5630,2330.8980,2317.0643
2014-09-29,2499.6863,2441.4268,2334.1259,2317.0411
2014-09-30,2504.6305,2447.3118,2337.4032,2317.0417
2014-10-08,2509.3809,2453.2174,2340.4867,2317.1712
2014-10-09,2513.1597,2459.0909,2343.6610,2317.5288
2014-10-10,2515.2563,2463.8406,2346.7041,2317.8222
2014-10-13,2515.5504,2467.8613,2349.9172,2318.0719
2014-10-14,2515.6196,2470.3969,2353.0243,2318.4783
2014-10-15,2517.2444,2473.1359,2356.6287,2319.0338
2014-10-16,2518.3271,2475.6659,2360.0254,2319.4843
2014-10-17,2518.5013,2477.5570,2363.1864,2320.0493
2014-10-20,2519.4067,2480.1474,2366.5335,2320.9618
2014-10-21,2521.7127,2481.3416,2369.4791,2321.7307
2014-10-22,2522.6072,2482.3605,2372.1939,2322.4045
2014-10-23,2521.9499,2483.0369,2374.7640,2322.8740
2014-10-24,2520.1669,2484.3444,2377.0520,2323.5219
2014-10-27,2519.6455,2485.1237,2379.2605,2323.8596
2014-10-28,2520.5339,2486.1842,2381.9498,2324.4653
2014-10-29,2521.0258,2488.1342,2385.0656,2325.0924
2014-10-30,2522.6775,2490.4087,2388.5867,2325.8518
2014-10-31,2526.3535,2493.9721,2392.2841,2326.9761
2014-11-03,2529.6997,2497.1124,2396.1894,2328.3917
2014-11-04,2532.9132,2499.9777,2400.1055,2329.8137
2014-11-05,2534.2088,2502.6377,2403.6423,2331.1654
2014-11-06,2535.4548,2505.5303,2407.2113,2332.6323
2014-11-07,2537.2822,2508.5879,2410.8158,2334.1687
2014-11-10,2543.0072,2512.7299,2414.8416,2336.0915
2014-11-11,2548.7979,2517.1899,2418.6322,2337.8783
2014-11-12,2555.5395,2522.7760,2423.0214,2339.8700
2014-11-13,2562.5344,2527.9884,2427.3574,2341.7713
2014-11-14,2569.7364,2533.5659,2432.0518,2343.8519
2014-11-17,2575.5447,2538.2958,2436.5001,2345.9249
2014-11-18,2581.1276,2542.1428,2440.7100,2347.7544
2014-11-19,2587.2558,2545.2593,2444.7658,2349.2707
2014-11-20,2594.5509,2547.9107,2448.9387,2350.8481
2014-11-21,2604.5121,2551.1611,2453.4284,2352.5937
2014-11-24,2619.0047,2555.2955,2458.5860,2354.8332
2014-11-25,2632.9018,2560.2638,2463.9653,2357.2399
2014-11-26,2646.9401,2566.2708,2469.7375,2359.7993
2014-11-27,2661.6977,2573.1140,2475.7697,2362.6522
2014-11-28,2677.2269,2580.7721,2482.2672,2365.7341
2014-12-01,2693.1059,2588.6816,2488.8936,2368.5882
2014-12-02,2714.3344,2599.7445,2496.6213,2371.8873
2014-12-03,2738.3189,2611.4493,2504.7565,2375.3824
2014-12-04,2769.2377,2625.8305,2514.6339,2379.6450
2014-12-05,2801.4207,2640.2942,2524.7842,2383.9308
2014-12-08,2836.9323,2658.3605,2536.2040,2388.7950
2014-12-09,2865.2682,2672.9848,2545.8697,2393.0559
2014-12-10,2897.6832,2689.1024,2556.6869,2397.7736
2014-12-11,2928.8594,2704.5244,2567.1483,2402.4019
2014-12-12,2960.4946,2720.1530,2577.8580,2407.2026
2014-12-15,2994.0930,2736.0585,2588.7426,2412.3847
2014-12-16,3033.4718,2753.6794,2600.4956,2418.3045
2014-12-17,3076.0238,2771.9165,2612.5669,2424.4915
2014-12-18,3117.8238,2789.7763,2624.4336,2430.6508
2014-12-19,3159.1525,2808.7196,2636.2801,2436.8741
2014-12-22,3197.6651,2828.1414,2648.0013,2443.0968
2014-12-23,3230.7070,2846.2987,2658.3478,2448.9917
2014-12-24,3256.9276,2862.1441,2667.6400,2454.5028
2014-12-25,3286.9499,2880.5631,2678.1145,2460.5069
2014-12-26,3319.8708,2901.3199,2689.4384,2467.1089
2014-12-29,3352.7209,2922.0072,2701.0773,2474.1253
2014-12-30,3380.2977,2943.1785,2712.2601,2481.0963
2014-12-31,3409.5566,2966.2290,2724.2948,2488.4326
2015-01-05,3437.3183,2991.9779,2737.5074,2496.1908
2015-01-06,3463.9938,3017.8249,2751.0847,2504.0369
2015-01-07,3484.1959,3044.1807,2764.6522,2511.7927
2015-01-08,3507.5731,3067.8005,2776.9924,2519.1371
2015-01-09,3524.3778,3090.4432,2789.2887,2526.5058
2015-01-12,3541.4615,3112.0380,2801.2234,2533.8784
2015-01-13,3558.0408,3132.8279,2813.4000,2540.8823
2015-01-14,3572.7793,3153.2903,2825.2013,2547.7343
2015-01-15,3588.3204,3175.8423,2837.9100,2555.1228
2015-01-16,3602.5090,3199.2366,2850.9372,2562.6893
2015-01-19,3602.9860,3216.7888,2861.1596,2568.8880
2015-01-20,3603.6605,3235.2709,2871.9294,2575.3182
2015-01-21,3611.6403,3255.5946,2884.1623,2582.5667
2015-01-22,3624.1824,3276.4525,2896.8212,2589.8250
2015-01-23,3641.8227,3296.6574,2909.7167,2597.0136
2015-01-26,3655.9090,3317.9130,2922.9507,2604.4709
2015-01-27,3662.5804,3338.4575,2936.0117,2611.6516
2015-01-28,3666.1907,3358.2656,2948.2807,2618.3079
2015-01-29,3667.4439,3377.7050,2959.9239,2624.7326
2015-01-30,3662.3111,3396.2512,2970.7552,2630.7307
2015-02-02,3647.4491,3413.1372,2980.5239,2636.3291
2015-02-03,3636.9266,3430.7907,2990.9759,2642.3696
2015-02-04,3624.4191,3446.3465,3000.8210,2648.4281
2015-02-05,3614.4806,3460.4320,3010.3479,2654.2907
2015-02-06,3602.3721,3472.6160,3019.4434,2659.9115
2015-02-09,3593.7075,3484.8420,3028.9780,2665.7070
2015-02-10,3588.1726,3497.2062,3038.9891,2672.0103
2015-02-11,3584.6429,3509.9051,3049.2933,2678.4048
2015-02-12,3576.3096,3520.6324,3060.1884,2684.8554
2015-02-13,3567.7659,3531.0154,3071.2324,2691.4671
2015-02-16,3575.2243,3539.1835,3082.5070,2698.3490
2015-02-17,3581.7411,3547.3991,3093.8466,2705.5188
2015-02-25,3578.1152,3552.0678,3105.2142,2712.3418
2015-02-26,3578.0475,3561.5642,3117.2745,2719.6164
2015-02-27,3578.1049,3568.8260,3128.9642,2726.9362
2015-03-02,3577.7576,3577.4722,3140.9983,2734.3984
2015-03-03,3574.2935,3583.9771,3152.0650,2741.4815
2015-03-04,3574.5778,3590.4595,3163.2590,2748.6925
2015-03-05,3575.3292,3594.4480,3174.0637,2755.7334
2015-03-06,3577.6098,3596.8856,3184.4010,2762.4439
2015-03-09,3587.1080,3600.8509,3195.3136,2769.4873
2015-03-10,3591.4057,3603.6920,3206.2058,2776.4549
2015-03-11,3597.7561,3606.3828,3217.2621,2783.5897
2015-03-12,3609.4300,3611.9212,3229.1100,2791.0671
2015-03-13,3625.2047,3619.9268,3241.0355,2798.8321
2015-03-16,3643.7964,3627.5806,3254.0718,2807.0486
2015-03-17,3661.8935,3634.0153,3267.6676,2815.4270
2015-03-18,3683.1824,3642.0897,3282.0485,2824.2910
2015-03-19,3703.6925,3649.9903,3296.5844,2833.0317
2015-03-20,3725.5395,3657.4086,3311.8188,2842.0064
2015-03-23,3749.9623,3664.2410,3328.1095,2851.4367
2015-03-24,3773.2558,3671.1039,3344.4644,2860.7582
2015-03-25,3797.1152,3677.2356,3360.7081,2869.9843
2015-03-26,3816.9447,3685.3129,3376.5567,2879.2532
2015-03-27,3837.5576,3694.0980,3392.2706,2888.6681
2015-03-30,3862.7209,3705.9760,3409.0070,2898.7968
2015-03-31,3890.7984,3717.0801,3424.9540,2908.6191
2015-04-01,3921.4486,3729.9272,3441.6088,2918.8991
2015-04-02,3953.9261,3740.6902,3458.2663,2929.1859
2015-04-03,3989.6894,3751.7577,3475.4972,2939.5697
2015-04-07,4027.0171,3770.4633,3493.6260,2950.4187
2015-04-08,4067.0786,3789.0592,3512.1651,2961.4904
2015-04-09,4105.1917,3803.8034,3529.6990,2972.2703
2015-04-10,4144.0331,3819.8615,3548.1570,2983.3946
2015-04-13,4185.5530,3837.4189,3567.0381,2995.0298
2015-04-14,4223.4088,3854.5805,3586.2467,3006.8021
2015-04-15,4255.6253,3871.2333,3604.8454,3018.4486
2015-04-16,4290.1209,3891.6618,3624.9637,3030.7319
2015-04-17,4329.2114,3914.6973,3646.2011,3043.4556
2015-04-20,4361.7359,3937.1785,3666.7148,3055.7403
2015-04-21,4395.1778,3963.3325,3688.2348,3068.5868
2015-04-22,4434.8036,3990.2547,3710.5227,3081.9756
2015-04-23,4476.1721,4017.9367,3732.1416,3095.3638
2015-04-24,4515.0682,4045.5479,3752.9900,3108.4776
2015-04-27,4558.2667,4076.4558,3774.5359,3122.1367
2015-04-28,4592.0486,4105.3125,3795.0772,3135.4235
2015-04-29,4629.4196,4133.5789,3815.3926,3148.8299
2015-04-30,4661.7705,4160.7783,3835.3417,3162.1177
2015-05-04,4696.0320,4188.5792,3854.6058,3175.6135
2015-05-05,4718.0630,4211.8766,3871.4460,3188.1012
2015-05-06,4733.2202,4233.6616,3886.4225,3200.5282
2015-05-07,4742.2274,4253.2537,3900.3264,3212.5553
2015-05-08,4757.5380,4275.5725,3913.8202,3225.0121
2015-05-11,4775.4248,4298.8124,3930.1883,3238.0290
2015-05-12,4792.2904,4323.0931,3945.9596,3251.3233
2015-05-13,4806.7742,4346.1871,3961.8297,3264.4890
2015-05-14,4823.3256,4370.8461,3977.4116,3277.6348
2015-05-15,4828.6961,4393.3091,3991.8843,3290.3135
2015-05-18,4827.6109,4415.6099,4005.0289,3302.7623
2015-05-19,4838.4274,4441.5055,4019.1956,3315.8812
2015-05-20,4845.4434,4466.6667,4033.7588,3329.0962
2015-05-21,4850.6718,4493.9611,4048.8266,3342.5533
2015-05-22,4861.5478,4523.4534,4064.9181,3356.4597
2015-05-25,4882.0574,4554.5989,4083.2601,3370.8039
2015-05-26,4902.2811,4587.2864,4103.6066,3385.6233
2015-05-27,4924.9979,4617.7931,4122.6868,3400.4007
2015-05-28,4928.0822,4640.0544,4137.0348,3413.2366
2015-05-29,4932.7819,4660.6181,4151.3539,3426.2156
2015-06-01,4947.6884,4686.1776,4168.0839,3440.1720
2015-06-02,4976.8889,4712.4163,4184.9125,3454.6036
2015-06-03,5007.3933,4736.6340,4200.4375,3468.9725
2015-06-04,5044.1545,4761.6132,4216.3586,3483.7216
2015-06-05,5078.8910,4788.2828,4232.7592,3498.7057
2015-06-08,5113.1659,4817.3009,4251.3069,3514.1496
2015-06-09,5142.6253,4845.1202,4269.6091,3529.4489
2015-06-10,5173.1509,4870.3591,4288.1675,3544.6955
2015-06-11,5204.4589,4896.3103,4306.6952,3560.0476
2015-06-12,5241.5468,4921.3484,4325.6378,3575.4196
2015-06-15,5274.9333,4944.0128,4342.3515,3590.1307
2015-06-16,5292.1736,4962.4992,4357.1285,3604.0328
2015-06-17,5312.0140,4980.6654,4375.5643,3618.3620
2015-06-18,5316.6429,4993.7869,4391.4230,3631.6762
2015-06-19,5300.4005,5001.5370,4402.6702,3643.4162
2015-06-23,5284.2036,5010.6671,4415.2643,3656.0427
2015-06-24,5267.7287,5020.1567,4428.7878,3669.2522
2015-06-25,5243.1855,5025.7038,4440.1421,3681.5464
2015-06-26,5217.4584,5024.7876,4448.0104,3692.0111
2015-06-29,5183.9039,5018.1313,4454.8965,3701.5886
2015-06-30,5152.7318,5015.5857,4465.1415,3712.5327
2015-07-01,5105.7628,5010.0271,4473.6028,3722.1790
2015-07-02,5052.2439,4999.4605,4481.3965,3730.9602
2015-07-03,4985.2930,4981.8090,4486.0318,3738.5039
2015-07-06,4921.6233,4966.4633,4492.2000,3746.5105
2015-07-07,4847.9411,4950.4500,4497.9990,3754.1734
2015-07-08,4762.4413,4926.7901,4501.6229,3760.5332
2015-07-09,4689.4966,4909.3383,4507.3254,3768.1517
2015-07-10,4627.4796,4895.5343,4514.5566,3776.7729
2015-07-13,4569.4274,4884.4112,4522.5947,3785.9440
2015-07-14,4512.1137,4870.4455,4529.5124,3794.8504
2015-07-15,4455.3664,4857.4206,4534.6486,3802.9405
2015-07-16,4396.3757,4845.9276,4539.7946,3811.1508
2015-07-17,4356.1147,4839.3418,4546.2978,3820.0722
2015-07-20,4331.4925,4831.1188,4553.3456,3829.2799
2015-07-21,4299.4470,4820.2760,4559.5442,3838.4094
2015-07-22,4262.0842,4808.0742,4565.5837,3847.2740
2015-07-23,4238.5333,4798.4074,4572.2973,3856.6478
2015-07-24,4230.2693,4787.5651,4579.2056,3865.6353
2015-07-27,4211.0021,4771.0536,4582.1814,3872.7202
2015-07-28,4176.7948,4755.2593,4585.4346,3879.7491
2015-07-29,4160.1209,4738.7045,4590.1050,3887.2530
2015-07-30,4145.0000,4719.2831,4592.9749,3894.1442
2015-07-31,4141.4227,4698.1094,4596.0352,3901.1205
2015-08-03,4132.6734,4674.9135,4599.1835,3908.2228
2015-08-04,4133.7152,4651.1132,4602.8560,3915.9830
2015-08-05,4144.2506,4623.5779,4605.4321,3923.2338
2015-08-06,4140.8512,4595.6796,4606.7363,3930.4041
2015-08-07,4130.5349,4576.5153,4608.2849,3937.9762
2015-08-10,4123.9483,4560.8777,4610.7479,3946.3982
2015-08-11,4121.5979,4540.0093,4613.0934,3954.8389
2015-08-12,4124.1494,4516.3248,4614.3705,3963.0947
2015-08-13,4128.1855,4494.2445,4615.4393,3971.7744
2015-08-14,4124.1566,4471.3426,4616.4779,3980.4712
2015-08-17,4119.8806,4447.5146,4617.8987,3989.3034
2015-08-18,4102.2786,4415.9210,4616.6110,3996.5838
2015-08-19,4088.2724,4386.3330,4615.7266,4003.9986
2015-08-20,4062.9824,4354.3401,4612.3496,4010.6783
2015-08-21,4032.6599,4318.8455,4607.5779,4016.2659
2015-08-24,4004.5876,4276.2700,4598.8092,4020.2090
2015-08-25,3964.8894,4231.2418,4587.6273,4022.9468
2015-08-26,3918.1354,4189.0892,4575.7942,4025.6457
2015-08-27,3886.6227,4149.1266,4564.8960,4029.2610
2015-08-28,3862.1054,4116.2944,4555.0406,4033.6028
2015-08-31,3838.1933,4090.0306,4545.7838,4037.7414
2015-09-01,3807.9049,4060.5937,4535.6304,4041.8937
2015-09-02,3782.0098,4029.2903,4524.7235,4045.8808
2015-09-07,3751.9654,3999.1915,4512.4476,4049.3472
2015-09-08,3722.3571,3978.4748,4501.6312,4053.2383
2015-09-09,3686.9540,3962.0978,4490.1145,4057.5391
2015-09-10,3650.3075,3939.0396,4477.3127,4061.7569
2015-09-11,3615.7370,3920.3144,4465.1707,4065.9428
2015-09-14,3574.6863,3903.2215,4451.3410,4069.7879
2015-09-15,3527.0734,3888.0548,4434.9319,4072.7273
2015-09-16,3487.3514,3873.8059,4420.1346,4076.1381
2015-09-17,3456.9426,3859.5217,4404.9858,4078.9879
2015-09-18,3424.1328,3851.0096,4388.8998,4081.7179
2015-09-21,3400.7116,3838.8260,4374.0822,4084.5797
2015-09-22,3387.7654,3822.9598,4359.2470,4087.3198
2015-09-23,3387.1194,3803.3468,4343.8790,4089.6103
2015-09-24,3399.6295,3786.2481,4328.3468,4091.4763
2015-09-25,3410.2889,3771.0582,4314.2394,4092.8427
2015-09-28,3412.2067,3755.4590,4300.6933,4093.5579
2015-09-29,3403.7602,3735.3526,4287.3472,4093.8368
2015-09-30,3395.3059,3715.5560,4273.3374,4093.5788
2015-10-08,3391.9158,3697.5812,4258.9286,4094.5584
2015-10-09,3390.5871,3680.6915,4244.3828,4095.1712
2015-10-12,3400.7783,3664.0895,4231.2485,4096.5391
2015-10-13,3406.5158,3648.9734,4218.2693,4097.8404
2015-10-14,3406.8672,3640.4438,4205.7487,4098.8165
2015-10-15,3413.5473,3633.7406,4194.4999,4099.7644
2015-10-16,3423.2052,3625.5481,4182.1263,4100.6609
2015-10-19,3436.2827,3619.7346,4169.5088,4101.6338
2015-10-20,3458.2708,3614.7940,4156.4517,4102.6391
2015-10-21,3466.7463,3607.4350,4141.1743,4103.0462
2015-10-22,3481.6057,3598.6778,4124.8955,4104.0778
2015-10-23,3498.1416,3592.5660,4108.0719,4105.8393
2015-10-26,3512.6641,3587.5512,4091.6154,4107.1511
2015-10-27,3525.7829,3581.0590,4078.7872,4107.9110
2015-10-28,3539.3173,3569.4944,4065.1860,4108.2700
2015-10-29,3552.1499,3558.4688,4049.2391,4108.6615
2015-10-30,3567.7638,3548.5040,4032.4144,4108.6634
2015-11-02,3579.8160,3536.1112,4015.1779,4107.8077
2015-11-03,3594.6295,3523.5417,3997.4422,4106.9004
2015-11-04,3616.6238,3514.2532,3980.8839,4106.8216
2015-11-05,3637.7860,3511.7842,3963.8526,4107.5797
2015-11-06,3661.2098,3509.8665,3948.0997,4108.8544
2015-11-09,3681.5023,3511.4975,3932.9188,4110.5432
2015-11-10,3701.5643,3516.5352,3917.6903,4112.1928
2015-11-11,3723.6594,3528.0726,3902.1713,4113.9045
2015-11-12,3739.6026,3543.6258,3887.4338,4114.8927
2015-11-13,3750.5674,3558.5209,3873.8051,4115.4668
2015-11-16,3762.4512,3570.0659,3859.5963,4117.5803
2015-11-17,3771.7891,3578.6675,3847.4809,4119.4520
2015-11-18,3784.3127,3585.8828,3837.9567,4120.3134
2015-11-19,3797.2553,3594.4180,3827.5058,4121.3851
2015-11-20,3807.7535,3602.8635,3816.0769,4122.4324
2015-11-23,3816.2331,3613.2583,3806.2249,4123.1835
2015-11-24,3824.5540,3621.9378,3800.2063,4124.1084
2015-11-25,3837.8196,3629.8406,3795.9692,4125.4329
2015-11-26,3849.5054,3638.1480,3788.5938,4126.8676
2015-11-27,3850.6894,3642.4850,3781.3997,4127.5012
2015-11-30,3855.3638,3648.3822,3775.8019,4128.5992
2015-12-01,3861.8863,3657.4669,3772.7608,4129.3963
2015-12-02,3866.7137,3665.9981,3769.9020,4131.0510
2015-12-03,3868.9530,3676.5883,3768.0550,4133.0270
2015-12-04,3862.9695,3685.4011,3768.2054,4134.9142
2015-12-07,3855.0760,3693.2432,3766.0346,4136.6800
2015-12-08,3844.2119,3699.1138,3761.0368,4137.7967
2015-12-09,3833.9943,3706.8225,3755.0847,4138.8397
2015-12-10,3825.0930,3713.8113,3750.0297,4139.7710
2015-12-11,3817.9519,3721.5861,3746.3222,4140.4854
2015-12-14,3815.2227,3731.2724,3743.3657,4141.5802
2015-12-15,3811.9152,3741.9295,3738.6410,4142.4694
2015-12-16,3810.3576,3751.9035,3733.7297,4143.5377
2015-12-17,3809.3716,3761.4003,3729.4907,4144.5175
2015-12-18,3809.0372,3770.2435,3725.4675,4145.5256
2015-12-21,3814.8574,3778.8899,3721.4897,4146.8935
2015-12-22,3821.2057,3787.8137,3718.3936,4148.7996
2015-12-23,3825.5866,3797.3284,3718.8861,4150.5337
2015-12-24,3829.2026,3804.4101,3719.0753,4152.2550
2015-12-25,3843.7354,3810.6971,3718.1226,4154.1138
2015-12-28,3852.0672,3814.6960,3717.2153,4155.0951
2015-12-29,3860.8615,3818.5032,3716.6486,4156.3419
2015-12-30,3863.0956,3824.5379,3715.9865,4157.5850
2015-12-31,3862.1499,3828.8060,3713.7419,4158.2990
2016-01-04,3851.3736,3826.6940,3709.6300,4157.5311
2016-01-05,3840.5814,3824.4101,3705.9807,4156.3585
2016-01-06,3836.2811,3823.3131,3702.1860,4155.2355
2016-01-07,3818.6295,3818.5474,3694.0209,4152.3844
2016-01-08,3805.1142,3814.9970,3686.7329,4149.9132
2016-01-11,3783.6357,3807.9349,3678.2194,4146.2950
2016-01-12,3758.0227,3802.5550,3669.3331,4142.3862
2016-01-13,3730.1928,3796.1548,3659.8483,4138.1631
2016-01-14,3706.2202,3787.7420,3650.9976,4134.4482
2016-01-15,3673.2920,3775.6027,3643.6934,4130.1522
2016-01-18,3640.3628,3761.9047,3635.8856,4125.8061
2016-01-19,3607.1416,3749.1456,3630.3216,4121.3356
2016-01-20,3570.8444,3735.5258,3626.0305,4116.8042
2016-01-21,3530.2744,3719.9744,3624.0235,4111.4163
2016-01-22,3493.2749,3705.8791,3624.7525,4106.1899
2016-01-25,3456.6181,3693.1173,3625.8191,4100.8067
2016-01-26,3415.9401,3676.0916,3623.0788,4093.9874
2016-01-27,3372.9674,3658.9745,3618.8210,4086.9308
2016-01-28,3325.8656,3641.1591,3613.5209,4079.6524
2016-01-29,3285.3018,3624.0246,3609.2213,4072.4258
2016-02-01,3255.9468,3605.9713,3604.4174,4064.5704
2016-02-02,3229.2052,3589.5990,3601.4286,4056.9381
2016-02-03,3198.6537,3572.9530,3597.4454,4049.5383
2016-02-04,3182.6527,3556.4806,3593.1606,4041.6376
2016-02-05,3162.0961,3540.0333,3589.0906,4033.2017
2016-02-15,3149.3964,3527.4177,3584.9513,4025.0610
2016-02-16,3140.1628,3516.4746,3582.4284,4016.8847
2016-02-17,3135.3793,3505.5520,3581.5095,4008.2207
2016-02-18,3126.7039,3491.7381,3578.8681,3999.5013
2016-02-19,3123.2341,3477.3151,3576.9517,3990.9688
2016-02-22,3122.6212,3465.7654,3575.5833,3982.2416
2016-02-23,3115.7080,3453.3984,3573.3208,3973.7015
2016-02-24,3112.3576,3442.7841,3570.9489,3965.0980
2016-02-25,3103.9545,3427.9584,3567.3905,3955.6347
2016-02-26,3095.4052,3414.0039,3563.9076,3946.1272
2016-02-29,3082.4119,3398.9013,3560.2437,3937.2416
2016-03-01,3081.9044,3382.7642,3557.0183,3928.8558
2016-03-02,3088.1566,3369.4710,3555.7003,3921.5237
2016-03-03,3098.7333,3356.5094,3554.2064,3913.7719
2016-03-04,3106.3716,3342.8246,3552.1125,3905.5205
2016-03-07,3116.9034,3329.1177,3549.6806,3897.0317
2016-03-08,3124.4661,3313.4425,3546.1662,3888.7073
2016-03-09,3130.8367,3296.8054,3542.3096,3880.2894
2016-03-10,3132.3039,3279.1675,3538.2480,3871.9983
2016-03-11,3135.1199,3262.4002,3533.4052,3863.9526
2016-03-14,3141.2687,3246.4310,3528.5640,3855.3452
2016-03-15,3143.2191,3232.9354,3523.8157,3846.6623
2016-03-16,3144.5995,3219.0472,3518.7752,3837.6134
2016-03-17,3148.2429,3205.7970,3515.1674,3828.1709
2016-03-18,3154.4636,3194.2406,3511.5233,3818.2094
2016-03-21,3161.2114,3189.7005,3508.1972,3808.1346
2016-03-22,3168.2620,3184.4707,3504.4404,3798.0279
2016-03-23,3174.8016,3178.1922,3500.7527,3789.7699
2016-03-24,3188.3984,3175.8660,3497.2067,3781.1964
2016-03-25,3201.3075,3172.4812,3493.7391,3771.4891
2016-03-28,3216.4114,3172.0116,3489.9732,3761.1938
2016-03-29,3226.9912,3170.3516,3486.4533,3750.8156
2016-03-30,3235.5158,3171.6002,3483.8775,3740.6598
2016-03-31,3243.7674,3171.5283,3479.6351,3730.2595
2016-04-01,3250.3824,3173.6608,3474.6317,3719.2422
2016-04-05,3258.6331,3176.4258,3469.1653,3708.6325
2016-04-06,3266.3778,3177.1370,3463.1413,3698.0300
2016-04-07,3273.4775,3177.8586,3456.6922,3687.1913
2016-04-08,3282.3964,3180.0163,3449.9953,3676.0833
2016-04-11,3293.3432,3182.4275,3444.1533,3665.7935
2016-04-12,3301.2377,3184.2789,3438.6981,3656.2516
2016-04-13,3310.8811,3190.9118,3433.5017,3646.5490
2016-04-14,3320.4832,3198.0535,3428.5140,3637.9975
2016-04-15,3328.1323,3206.7037,3423.9314,3630.9440
2016-04-18,3331.0517,3212.5406,3418.2826,3622.8942
2016-04-19,3330.4760,3219.5121,3412.7417,3614.4093
2016-04-20,3328.1628,3224.0537,3406.8264,3606.5256
2016-04-21,3324.2615,3228.4353,3400.6942,3600.4502
2016-04-22,3323.9023,3232.3659,3394.4233,3595.1962
2016-04-25,3322.0527,3236.4639,3388.2486,3588.4212
2016-04-26,3322.5401,3241.2690,3384.3434,3582.8715
2016-04-27,3324.1168,3243.9332,3380.2039,3578.0029
2016-04-28,3321.2382,3245.9438,3375.7479,3574.2544
2016-04-29,3318.0682,3248.0740,3369.9060,3569.9040
2016-05-03,3317.6367,3251.4218,3364.3685,3566.2117
2016-05-04,3314.7928,3253.2945,3359.5299,3563.8676
2016-05-05,3312.5390,3255.8694,3354.6339,3560.3343
2016-05-06,3308.4594,3256.2993,3349.5417,3555.2893
2016-05-09,3302.2522,3259.3354,3343.6469,3549.3658
2016-05-10,3293.9323,3261.8383,3337.9211,3543.9754
2016-05-11,3286.9225,3266.0831,3332.4922,3539.4072
2016-05-12,3278.0729,3269.3792,3326.0717,3534.7187
2016-05-13,3267.6910,3269.8673,3319.6691,3529.1551
2016-05-16,3258.5488,3270.6299,3313.5696,3523.6497
2016-05-17,3251.1881,3270.4672,3306.6459,3518.0683
2016-05-18,3242.3891,3269.7065,3299.4121,3512.4398
2016-05-19,3236.2636,3268.7727,3291.1076,3506.2987
2016-05-20,3232.0062,3268.9032,3282.8543,3500.6239
2016-05-23,3227.4749,3270.4343,3274.8009,3496.8435
2016-05-24,3222.3860,3271.3703,3266.8853,3492.9803
2016-05-25,3216.1881,3271.2368,3258.8339,3488.4782
2016-05-26,3210.9318,3271.0183,3251.9768,3484.5961
2016-05-27,3205.8630,3270.4492,3244.7482,3480.6984
2016-05-30,3201.2098,3269.2608,3237.5289,3476.7577
2016-05-31,3198.9370,3269.2112,3231.7259,3472.7339
2016-06-01,3196.4093,3267.3736,3228.5371,3469.0835
2016-06-02,3193.9897,3266.1604,3225.3156,3465.6481
2016-06-03,3197.0377,3265.1938,3221.6930,3461.9395
2016-06-06,3202.8863,3265.1305,3220.4983,3457.2596
2016-06-07,3208.4646,3264.7012,3218.5912,3452.6621
2016-06-08,3212.6599,3264.5825,3218.2971,3448.2582
2016-06-13,3211.4300,3263.1547,3216.7532,3443.0432
2016-06-14,3211.4837,3260.2545,3215.9273,3437.8878
2016-06-15,3212.5721,3258.1517,3214.8400,3432.9188
2016-06-16,3213.0191,3255.5219,3214.5913,3429.1424
2016-06-17,3215.2062,3252.3357,3214.3808,3425.1332
2016-06-20,3217.7990,3249.3412,3213.2391,3421.7803
2016-06-21,3219.2512,3247.2126,3212.5356,3419.2830
2016-06-22,3221.6667,3246.1424,3213.0794,3418.5514
2016-06-23,3224.4450,3243.8111,3213.1193,3418.9359
2016-06-24,3225.3716,3240.8903,3212.5846,3419.2019
2016-06-27,3228.2827,3237.9789,3214.4454,3418.7621
2016-06-28,3232.1018,3235.0966,3216.5751,3417.6980
2016-06-29,3236.4780,3232.5991,3219.6514,3416.5861
2016-06-30,3235.6698,3231.0584,3221.7995,3415.5104
2016-07-01,3235.3416,3229.3199,3224.4160,3414.4167
2016-07-04,3237.2848,3229.8092,3226.9315,3414.1801
2016-07-05,3238.2176,3230.7762,3229.6058,3413.5256
2016-07-06,3240.1819,3231.6424,3232.0041,3412.5824
2016-07-07,3241.8822,3232.6330,3234.5484,3411.8195
2016-07-08,3243.3442,3232.9042,3237.0866,3411.0190
2016-07-11,3250.4238,3233.6775,3238.8054,3410.6169
2016-07-12,3260.6150,3236.0052,3240.9745,3411.2420
2016-07-13,3269.2196,3238.6123,3243.3432,3411.1056
2016-07-14,3278.6300,3239.9192,3245.6705,3411.3111
2016-07-15,3287.2047,3241.3005,3247.2975,3411.4404
2016-07-18,3294.9230,3242.2948,3249.0821,3411.2014
2016-07-19,3302.2568,3244.7316,3250.5155,3410.7322
2016-07-20,3307.6134,3248.2869,3253.8112,3410.6008
2016-07-21,3314.6005,3252.0783,3256.9583,3410.4330
2016-07-22,3322.2491,3255.0210,3260.5520,3410.3979
2016-07-25,3327.9519,3257.9305,3263.6549,3410.3366
2016-07-26,3334.8351,3261.9543,3265.9108,3410.8055
2016-07-27,3338.2899,3264.4955,3267.5627,3410.8845
2016-07-28,3341.7638,3267.2887,3268.8779,3410.4952
2016-07-29,3344.3339,3270.0978,3269.9021,3409.7914
2016-08-01,3342.8925,3272.4608,3270.6167,3408.3915
2016-08-02,3341.9452,3274.7518,3271.8275,3407.0685
2016-08-03,3340.7416,3276.9490,3273.6917,3405.9698
2016-08-04,3340.2941,3279.7962,3275.5833,3404.4942
2016-08-05,3340.9571,3282.8118,3277.0243,3402.7942
2016-08-08,3342.5514,3286.3254,3278.6718,3401.2438
2016-08-09,3341.7142,3290.3456,3280.3974,3399.5863
2016-08-10,3339.6713,3293.9969,3281.6288,3398.3981
2016-08-11,3337.4284,3295.3158,3282.2635,3396.8934
2016-08-12,3338.3561,3298.0792,3282.7264,3395.4618
2016-08-15,3345.1468,3302.7576,3284.4590,3394.4497
2016-08-16,3351.8661,3306.6629,3285.9284,3393.3405
2016-08-17,3358.8656,3310.6787,3287.9046,3392.5557
2016-08-18,3364.6522,3314.5534,3289.6273,3391.6832
2016-08-19,3371.8801,3318.7090,3291.6458,3390.8095
2016-08-22,3377.3530,3324.2997,3293.7272,3390.0903
2016-08-23,3381.0863,3329.7953,3295.0249,3389.4512
2016-08-24,3386.8548,3334.2086,3296.1802,3387.9076
2016-08-25,3391.3938,3338.6386,3297.0802,3385.8560
2016-08-26,3396.7251,3342.7053,3297.5205,3383.3429
2016-08-29,3403.4935,3346.7386,3298.0399,3380.5906
2016-08-30,3409.8470,3350.9902,3299.1014,3377.8968
2016-08-31,3416.7866,3354.9970,3300.5697,3375.2825
2016-09-01,3421.9695,3358.8060,3301.3085,3372.7309
2016-09-02,3427.6026,3363.7042,3302.2973,3370.4977
2016-09-05,3432.0212,3367.8208,3302.8998,3368.2008
2016-09-06,3436.4475,3372.0839,3303.5903,3366.0521
2016-09-07,3441.4853,3375.9998,3304.2994,3364.1154
2016-09-08,3446.9736,3379.8373,3305.4479,3361.8652
2016-09-09,3448.2041,3383.2242,3306.2720,3359.5069
2016-09-12,3441.4434,3384.4211,3307.1151,3356.9707
2016-09-13,3435.3494,3385.5157,3308.1459,3354.4201
2016-09-14,3428.4078,3385.9690,3308.8057,3351.6145
2016-09-19,3423.1690,3387.0681,3309.8505,3349.0496
2016-09-20,3417.6072,3388.4143,3310.6592,3347.5013
2016-09-21,3413.9819,3389.7230,3311.7003,3345.9521
2016-09-22,3411.3612,3390.0939,3313.0495,3344.3987
2016-09-23,3408.5607,3389.9450,3314.2787,3342.0924
2016-09-26,3403.9773,3388.7775,3314.3483,3339.3584
2016-09-27,3400.5488,3388.0430,3314.6717,3337.1008
2016-09-28,3396.5752,3387.3995,3314.8471,3334.7405
2016-09-29,3393.0817,3387.3201,3316.0258,3332.7838
2016-09-30,3389.2310,3387.6440,3317.9655,3330.8062
2016-10-10,3388.8326,3388.4988,3320.2886,3329.1049
2016-10-11,3388.4424,3390.1815,3322.6012,3327.5467
2016-10-12,3387.4258,3391.6103,3324.7704,3325.4211
2016-10-13,3385.3597,3392.2937,3327.1240,3323.3966
2016-10-14,3383.5525,3394.1048,3329.3002,3321.4349
2016-10-17,3380.3649,3395.2777,3331.2832,3318.9645
2016-10-18,3380.5349,3397.7046,3333.9012,3316.6566
2016-10-19,3383.3070,3400.5869,3336.5238,3313.8157
2016-10-20,3386.3183,3403.2649,3339.0084,3310.9313
2016-10-21,3390.9183,3406.0397,3341.4944,3308.1476
2016-10-24,3396.3168,3409.4772,3344.6367,3305.7610
2016-10-25,3402.0041,3412.8331,3347.8224,3303.3282
2016-10-26,3406.5602,3415.3265,3350.8259,3301.4014
2016-10-27,3409.3809,3417.1605,3353.7531,3299.2506
2016-10-28,3412.7121,3419.1613,3356.5791,3297.0540
2016-10-31,3418.7070,3421.2889,3358.3023,3295.0141
2016-11-01,3424.8207,3422.6288,3360.3540,3294.4455
2016-11-02,3430.1158,3421.3871,3362.0724,3293.6940
2016-11-03,3436.3535,3421.1150,3363.8890,3292.7910
2016-11-04,3441.5674,3420.7248,3365.7017,3293.1000
2016-11-07,3444.8088,3420.5614,3367.5574,3293.0743
2016-11-08,3448.1452,3420.6875,3369.6983,3293.9977
2016-11-09,3450.8863,3421.0237,3372.6617,3294.7074
2016-11-10,3455.4320,3422.0320,3375.9137,3295.9205
2016-11-11,3461.1876,3423.8379,3379.0233,3296.9316
2016-11-14,3469.0620,3426.3450,3382.4918,3298.5416
2016-11-15,3474.6713,3428.8831,3385.7942,3300.0875
2016-11-16,3480.5292,3431.4011,3389.0699,3301.1545
2016-11-17,3486.6243,3433.9758,3392.4830,3302.5093
2016-11-18,3491.2610,3435.8295,3395.4132,3304.2463
2016-11-21,3495.0610,3438.7138,3398.7599,3305.9396
2016-11-22,3500.2760,3441.9024,3402.8033,3307.6940
2016-11-23,3506.4739,3445.1076,3406.4642,3310.4548
2016-11-24,3513.8661,3448.1280,3410.1059,3313.3405
2016-11-25,3523.2289,3451.8588,3413.9293,3316.7903
2016-11-28,3533.5028,3455.9006,3417.8689,3319.8342
2016-11-29,3544.0966,3460.9858,3422.1050,3323.2605
2016-11-30,3554.6729,3466.6789,3425.5500,3326.2407
2016-12-01,3565.0062,3472.9778,3429.2467,3329.4263
2016-12-02,3574.0388,3478.9772,3432.4731,3332.2386
2016-12-05,3579.8693,3483.2416,3435.1548,3334.8516
2016-12-06,3584.4186,3487.4121,3437.9132,3337.4999
2016-12-07,3590.7597,3491.7348,3440.7289,3339.7671
2016-12-08,3594.8698,3495.4355,3442.7647,3341.8696
2016-12-09,3598.8222,3499.9425,3444.9438,3344.1435
2016-12-12,3597.7333,3503.8474,3446.3125,3345.9915
2016-12-13,3596.4501,3507.2436,3447.6433,3347.4704
2016-12-14,3593.8331,3510.3043,3448.8519,3348.9670
2016-12-15,3588.8661,3512.2896,3449.8049,3350.1602
2016-12-16,3585.1747,3514.2069,3450.9255,3352.3683
2016-12-19,3579.3798,3514.9327,3451.7158,3354.3371
2016-12-20,3571.1473,3514.9844,3452.5829,3356.5675
2016-12-21,3564.1090,3515.7809,3453.6956,3358.6752
2016-12-22,3556.1984,3516.4635,3454.3786,3360.1447
2016-12-23,3545.1545,3516.4996,3455.3022,3361.4325
2016-12-26,3534.1633,3517.4199,3456.3488,3362.6134
2016-12-27,3521.3649,3517.3178,3457.5112,3363.7067
2016-12-28,3509.1628,3517.0212,3458.8040,3364.7104
2016-12-29,3495.3499,3516.5904,3459.9276,3365.8776
2016-12-30,3484.0388,3516.2253,3461.1325,3367.4121
2017-01-03,3477.4661,3515.7013,3462.5893,3369.0863
2017-01-04,3472.7716,3515.7191,3464.2761,3370.6502
2017-01-05,3467.1922,3515.9876,3465.6571,3372.1644
2017-01-06,3460.8630,3516.0283,3466.5944,3373.4959
2017-01-09,3454.1550,3516.5197,3467.8405,3374.7347
2017-01-10,3451.5240,3516.9743,3469.1316,3375.6975
2017-01-11,3447.8786,3516.4668,3469.5478,3376.1371
2017-01-12,3444.7090,3516.1416,3468.7643,3376.6117
2017-01-13,3443.6486,3515.2076,3468.1613,3377.0449
2017-01-16,3442.2749,3514.4899,3467.6073,3377.7560
2017-01-17,3442.1395,3513.8650,3467.2132,3378.4203
2017-01-18,3443.7059,3513.2087,3466.9481,3379.2970
2017-01-19,3443.2279,3512.7175,3466.8706,3380.2989
2017-01-20,3444.2212,3511.9791,3467.0056,3381.0152
2017-01-23,3447.1401,3510.8806,3467.3593,3381.7697
2017-01-24,3449.3132,3509.5204,3467.9327,3382.5065
2017-01-25,3452.3886,3508.4048,3468.6439,3383.0822
2017-01-26,3456.8367,3507.5442,3469.4727,3383.7563
2017-02-03,3460.2853,3506.0548,3470.0153,3384.5583
2017-02-06,3463.5478,3505.1401,3470.4848,3385.5272
2017-02-07,3464.7597,3503.5808,3471.1473,3386.2279
2017-02-08,3465.5339,3501.8222,3471.8623,3387.0798
2017-02-09,3467.0067,3500.2007,3472.6542,3387.7770
2017-02-10,3470.4083,3498.6452,3473.3866,3388.4884
2017-02-13,3474.1488,3496.8876,3474.3732,3389.3363
2017-02-14,3478.1556,3494.8353,3475.3680,3390.4079
2017-02-15,3482.6625,3491.8931,3476.4395,3391.3558
2017-02-16,3489.0351,3489.8865,3478.2827,3392.6989
2017-02-17,3494.2822,3486.9180,3479.9479,3394.0469
2017-02-20,3502.1344,3485.7282,3482.3527,3395.5792
2017-02-21,3510.2202,3486.0054,3484.6235,3397.2370
2017-02-22,3517.9922,3486.6381,3487.0251,3398.8422
2017-02-23,3525.4357,3486.5879,3489.1613,3400.4308
2017-02-24,3531.5835,3486.6646,3491.0500,3402.0498
2017-02-27,3535.8284,3485.6831,3492.8128,3403.5457
2017-02-28,3540.3948,3486.5850,3495.2162,3404.7823
2017-03-01,3544.6605,3487.6889,3497.4663,3406.0690
2017-03-02,3547.0966,3488.8496,3499.5770,3407.2120
2017-03-03,3550.3716,3490.6570,3501.4733,3408.7496
2017-03-06,3554.1581,3492.7334,3503.4702,3410.7178
2017-03-07,3558.7204,3495.3170,3505.1249,3412.7067
2017-03-08,3562.1023,3498.2042,3506.5943,3414.5978
2017-03-09,3563.6863,3500.0316,3507.9063,3416.3383
2017-03-10,3564.4305,3501.9380,3509.2007,3418.1624
2017-03-13,3565.5581,3505.0491,3510.7744,3420.0373
2017-03-14,3566.6377,3507.8251,3512.6225,3421.9529
2017-03-15,3568.8047,3510.8690,3514.0934,3423.9973
2017-03-16,3570.9018,3514.5821,3515.8017,3426.1627
2017-03-17,3572.1612,3517.6426,3517.1165,3428.0624
2017-03-20,3571.0357,3520.5269,3518.3761,3429.9352
2017-03-21,3570.1845,3523.0927,3519.3970,3432.0168
2017-03-22,3568.1323,3524.7824,3520.2507,3434.0366
2017-03-23,3567.5463,3526.7295,3521.3586,3436.0922
2017-03-24,3568.3602,3529.6635,3522.8459,3438.2995
2017-03-27,3570.0047,3532.0229,3524.2713,3440.4252
2017-03-28,3570.8832,3534.3287,3525.6515,3441.9769
2017-03-29,3571.2320,3537.0303,3526.7485,3443.5513
2017-03-30,3571.3178,3539.4931,3527.8174,3444.9449
2017-03-31,3572.7747,3542.3074,3528.7575,3446.3233
2017-04-05,3575.7416,3546.1201,3530.3050,3448.0034
2017-04-06,3578.8470,3550.0000,3531.9325,3449.7450
2017-04-07,3582.3990,3553.6814,3533.4451,3451.5717
2017-04-10,3586.4403,3557.3166,3535.0171,3453.8394
2017-04-11,3591.0625,3560.6745,3536.3268,3456.1203
2017-04-12,3593.7158,3563.6794,3537.2800,3458.1516
2017-04-13,3596.7070,3566.7826,3538.1515,3460.3217
2017-04-14,3597.8884,3569.0689,3538.7368,3462.2655
2017-04-17,3597.8072,3570.9703,3539.2573,3464.1636
2017-04-18,3598.6822,3573.0013,3539.5281,3466.0055
2017-04-19,3598.4894,3574.5036,3539.8218,3467.6175
2017-04-20,3598.2413,3576.4854,3540.0331,3469.3965
2017-04-21,3599.1065,3578.2115,3540.0168,3471.4101
2017-04-24,3597.5189,3578.9344,3539.5675,3473.0159
2017-04-25,3595.0057,3579.5024,3539.0738,3474.5899
2017-04-26,3593.3075,3579.6864,3538.2870,3476.1082
2017-04-27,3592.1142,3579.9121,3537.3737,3477.6213
2017-04-28,3590.7995,3580.2851,3536.0891,3479.0971
2017-05-02,3590.2734,3579.9884,3534.9375,3480.2437
2017-05-03,3588.0553,3579.8166,3533.3673,3481.3070
2017-05-04,3582.9132,3578.4316,3532.0799,3482.2765
2017-05-05,3576.1173,3576.3589,3531.1821,3483.1685
2017-05-08,3567.9183,3573.6519,3530.1450,3484.0291
2017-05-09,3560.0315,3571.1549,3528.8714,3484.8002
2017-05-10,3550.7483,3568.3405,3527.5025,3485.1336
2017-05-11,3542.8522,3566.4889,3526.0860,3485.5149
2017-05-12,3536.1757,3565.0950,3525.8400,3486.0762
2017-05-15,3531.6636,3563.8702,3525.7795,3486.7114
2017-05-16,3529.0129,3563.7368,3526.2932,3487.5726
2017-05-17,3526.2858,3563.3670,3527.0120,3488.4084
2017-05-18,3523.8171,3562.3671,3527.5503,3489.2379
2017-05-19,3520.8351,3561.3313,3528.3241,3490.0199
2017-05-22,3517.9643,3560.5563,3529.3803,3490.9816
2017-05-23,3517.5990,3560.4994,3530.2655,3491.9806
2017-05-24,3516.7307,3560.4225,3531.1803,3492.7794
2017-05-25,3518.8227,3560.9922,3533.0207,3494.1614
2017-05-26,3520.5649,3561.4830,3534.6541,3495.5014
2017-05-31,3523.3106,3562.0874,3536.4782,3496.9947
2017-06-01,3526.9881,3562.4229,3538.5025,3498.6533
2017-06-02,3530.7804,3563.2643,3540.4534,3500.1905
2017-06-05,3534.1065,3563.6599,3542.0934,3501.6130
2017-06-06,3539.8083,3564.2084,3543.6505,3503.1199
2017-06-07,3548.8553,3565.9411,3545.3618,3504.8189
2017-06-08,3559.6279,3567.9876,3547.3586,3506.5078
2017-06-09,3571.9519,3569.7772,3549.7203,3508.1574
2017-06-12,3583.2047,3571.7689,3551.8959,3509.8682
2017-06-13,3593.3798,3574.0936,3554.2112,3511.6714
2017-06-14,3600.4140,3575.5429,3556.2866,3512.9172
2017-06-15,3605.5891,3577.4454,3558.4693,3513.6168
2017-06-16,3611.2114,3578.7417,3560.5245,3514.3429
2017-06-19,3619.2506,3579.7707,3562.9454,3515.2764
2017-06-20,3626.6222,3580.4413,3565.2207,3516.2170
2017-06-21,3635.7550,3581.8987,3567.7901,3517.3691
2017-06-22,3644.3416,3583.6599,3570.4883,3518.6794
2017-06-23,3654.6109,3585.8419,3573.2582,3520.1319
2017-06-26,3664.0388,3589.1214,3576.4004,3521.8798
2017-06-27,3674.0796,3592.4320,3579.6073,3523.7700
2017-06-28,3682.0016,3595.7327,3582.4008,3525.5224
2017-06-29,3690.8434,3599.6374,3585.3039,3527.3883
2017-06-30,3700.1607,3603.8557,3588.4285,3529.2219
2017-07-03,3709.5716,3608.0928,3591.2982,3530.8915
2017-07-04,3716.1401,3611.3679,3593.9266,3532.5370
2017-07-05,3722.6419,3615.3552,3596.7834,3534.3228
2017-07-06,3727.7643,3620.0858,3599.5101,3536.0821
2017-07-07,3731.8863,3624.5294,3602.0159,3537.7012
2017-07-10,3735.9845,3628.8397,3604.2630,3539.3181
2017-07-11,3740.5602,3633.4720,3606.6921,3541.0300
2017-07-12,3746.9437,3638.0006,3609.1428,3542.7912
2017-07-13,3755.1158,3643.3823,3611.6854,3544.9840
2017-07-14,3764.6419,3649.3763,3614.5965,3547.2722
2017-07-17,3770.3209,3654.7339,3616.5827,3549.4677
2017-07-18,3776.5581,3660.6177,3618.4883,3551.5559
2017-07-19,3783.8858,3668.2857,3620.9688,3553.9970
2017-07-20,3792.0274,3676.4583,3623.8066,3556.4840
2017-07-21,3797.4910,3684.5389,3626.4397,3558.7449
2017-07-24,3801.3866,3692.5352,3629.5120,3561.1624
2017-07-25,3803.7039,3699.4433,3632.2691,3563.7427
2017-07-26,3806.7643,3705.7730,3634.8216,3566.1439
2017-07-27,3809.0052,3711.6343,3637.6856,3568.6313
2017-07-28,3811.8522,3718.0823,3640.7247,3571.0990
2017-07-31,3816.3494,3725.1057,3643.7364,3573.6033
2017-08-01,3824.1220,3732.6826,3647.0069,3576.0659
2017-08-02,3829.3504,3739.9097,3650.2330,3578.4136
2017-08-03,3832.8506,3746.1865,3653.3429,3580.6246
2017-08-04,3835.5199,3752.0451,3656.2338,3582.7173
2017-08-07,3839.2977,3757.0297,3659.0110,3584.8927
2017-08-08,3842.4708,3762.2344,3661.8587,3587.2406
2017-08-09,3846.2031,3767.1576,3664.6225,3589.3580
2017-08-10,3847.7018,3771.6678,3667.0454,3591.4235
2017-08-11,3844.8212,3774.9927,3669.1285,3593.1225
2017-08-14,3846.4295,3779.6630,3671.6615,3595.0188
2017-08-15,3848.4388,3784.0699,3674.1391,3596.7681
2017-08-16,3846.9747,3787.5334,3676.7373,3598.4940
2017-08-17,3845.6000,3790.8471,3679.4174,3600.3880
2017-08-18,3845.3969,3793.9169,3681.8470,3602.3465
2017-08-21,3845.2687,3797.3608,3684.5649,3604.4181
2017-08-22,3846.9607,3800.8757,3687.4847,3606.5681
2017-08-23,3849.5809,3805.4398,3690.4914,3608.6199
2017-08-24,3850.7416,3809.6953,3693.5703,3610.6939
2017-08-25,3854.5587,3815.4212,3697.0814,3612.9195
2017-08-28,3859.9767,3821.3962,3700.5835,3615.4442
2017-08-29,3863.2925,3827.3507,3703.8960,3617.9143
2017-08-30,3867.0884,3832.4430,3707.1709,3620.3080
2017-08-31,3871.9597,3837.2337,3710.4468,3622.7319
2017-09-01,3878.3142,3841.5264,3713.6841,3625.0055
2017-09-04,3884.4553,3845.1963,3717.1589,3627.2194
2017-09-05,3890.9070,3848.9654,3720.6987,3629.4251
2017-09-06,3897.0264,3853.1675,3724.4501,3631.5935
2017-09-07,3902.9152,3856.4965,3728.0670,3633.6621
2017-09-08,3912.1473,3859.7873,3731.8215,3635.6748
2017-09-11,3918.9158,3863.4007,3735.7468,3637.7843
2017-09-12,3925.7307,3867.9061,3739.6370,3639.8350
2017-09-13,3933.0274,3871.6876,3743.5214,3641.7691
2017-09-14,3938.6439,3875.1990,3747.6424,3643.6050
2017-09-15,3944.1545,3878.8242,3751.6768,3645.3753
2017-09-18,3949.4336,3882.7405,3755.7901,3647.0386
2017-09-19,3953.5587,3886.0750,3759.7735,3648.5736
2017-09-20,3958.0212,3889.8708,3763.9357,3650.0124
2017-09-21,3963.3530,3892.9902,3768.1863,3651.5619
2017-09-22,3965.5225,3895.7734,3772.5749,3652.9711
2017-09-25,3964.2346,3898.9617,3776.8478,3654.4638
2017-09-26,3963.5235,3902.1368,3781.3773,3656.2797
2017-09-27,3962.8465,3904.0273,3786.1565,3658.1507
2017-09-28,3962.8698,3905.5706,3791.0145,3659.9429
2017-09-29,3963.1778,3907.8011,3796.1700,3661.8363
2017-10-09,3965.0687,3910.6691,3801.6022,3663.8441
2017-10-10,3966.7643,3914.1896,3806.8164,3666.3282
2017-10-11,3969.5158,3918.2681,3812.0206,3668.9001
2017-10-12,3973.8093,3922.4182,3817.0263,3671.6597
2017-10-13,3978.7194,3926.5342,3822.3082,3674.6601
2017-10-16,3983.2568,3930.1637,3827.6347,3677.5925
2017-10-17,3987.1401,3933.1134,3832.8980,3680.6111
2017-10-18,3992.3881,3936.9027,3838.4062,3683.8932
2017-10-19,3997.6227,3941.1078,3843.6471,3686.9563
2017-10-20,4002.5607,3945.6405,3848.8428,3690.0115
2017-10-23,4007.0910,3949.8578,3853.4437,3693.2322
2017-10-24,4013.6687,3954.5542,3858.3943,3696.5242
2017-10-25,4020.6202,3959.6376,3863.3976,3699.9379
2017-10-26,4028.6698,3965.3774,3868.5226,3703.5126
2017-10-27,4038.1912,3973.1214,3874.0571,3707.2552
2017-10-30,4048.1101,3979.6339,3879.6485,3710.8710
2017-10-31,4057.7194,3985.8491,3884.9595,3714.3050
2017-11-01,4066.7850,3991.9514,3889.7424,3717.5521
2017-11-02,4075.8078,3997.6537,3894.2504,3720.8045
2017-11-03,4083.8801,4003.1944,3898.5557,3724.1380
2017-11-06,4091.0470,4008.9805,3903.1706,3727.5333
2017-11-07,4099.5426,4015.2223,3908.0490,3731.1301
2017-11-08,4107.0527,4021.2568,3913.3483,3734.8175
2017-11-09,4115.4739,4028.3111,3919.0032,3738.7362
2017-11-10,4125.3401,4034.8467,3925.1340,3742.8293
2017-11-13,4136.4315,4040.7456,3931.0709,3747.0082
2017-11-14,4146.0584,4046.2197,3936.7852,3751.0029
2017-11-15,4152.7514,4051.1680,3941.8055,3754.7978
2017-11-16,4161.7313,4057.0164,3947.1251,3758.8067
2017-11-17,4171.7571,4063.0177,3952.2720,3762.7651
2017-11-20,4182.7664,4069.1822,3957.1893,3766.7948
2017-11-21,4196.1152,4076.6375,3962.8014,3771.2044
2017-11-22,4209.0672,4084.4540,3968.8107,3775.6058
2017-11-23,4214.6910,4090.0876,3973.2921,3779.2980
2017-11-24,4218.9406,4095.8388,3977.8130,3783.1208
2017-11-27,4221.0196,4100.4755,3981.9381,3786.6181
2017-11-28,4223.5571,4104.9796,3986.4429,3790.1848
2017-11-29,4226.5096,4109.3443,3990.5160,3793.6497
2017-11-30,4226.9731,4112.9854,3994.0922,3796.8011
2017-12-01,4227.2543,4116.4343,3997.6293,3799.8226
2017-12-04,4227.1494,4120.0668,4001.4036,3802.8333
2017-12-05,4226.4217,4124.3675,4005.2213,3805.9567
2017-12-06,4224.7581,4127.9516,4008.9112,3809.0270
2017-12-07,4219.3401,4130.7059,4011.8481,3811.7667
2017-12-08,4213.7313,4134.1302,4014.9518,3814.7742
2017-12-11,4210.7044,4139.3335,4019.1476,3817.8652
2017-12-12,4206.3979,4143.3695,4022.7532,3820.6207
2017-12-13,4205.1793,4148.1011,4026.0642,3823.5165
2017-12-14,4201.1039,4152.3101,4028.9404,3826.3735
2017-12-15,4193.8693,4155.2943,4031.5477,3828.9937
2017-12-18,4185.6760,4157.4251,4034.0471,3831.7796
2017-12-19,4176.2512,4160.4322,4037.3109,3834.7900
2017-12-20,4166.0661,4163.0741,4040.6711,3837.7464
2017-12-21,4164.2806,4166.2762,4044.3472,3841.0164
2017-12-22,4161.7173,4169.0379,4047.7860,3844.2553
2017-12-25,4161.2827,4171.6858,4050.9248,3847.3306
2017-12-26,4161.1690,4174.5912,4053.8523,3850.4296
2017-12-27,4157.9370,4175.5638,4056.2333,3853.2331
2017-12-28,4158.5984,4177.3757,4059.2418,3856.2924
2017-12-29,4160.2889,4179.5256,4062.5830,3859.4084
2018-01-02,4163.8310,4182.7628,4066.3103,3862.6606
2018-01-03,4167.5116,4185.9047,4070.2295,3866.0441
2018-01-04,4173.3509,4189.0439,4074.3408,3869.4817
2018-01-05,4182.0171,4192.0449,4078.7111,3872.8782
2018-01-08,4190.1194,4194.9015,4084.0115,3876.5700
2018-01-09,4196.3106,4198.6137,4089.1238,3880.3927
2018-01-10,4206.2222,4202.7706,4094.3099,3884.2245
2018-01-11,4214.2584,4207.0904,4099.5209,3888.1291
2018-01-12,4224.5349,4211.8009,4104.7273,3892.0724
2018-01-15,4237.1643,4216.6080,4109.9012,3895.8741
2018-01-16,4251.2822,4221.5192,4115.2498,3899.9073
2018-01-17,4262.2791,4225.5268,4120.3746,3903.9296
2018-01-18,4274.7302,4230.1451,4125.7010,3908.0962
2018-01-19,4285.9731,4234.4759,4131.3935,3912.4819
2018-01-22,4300.5468,4239.1206,4136.9837,3917.0326
2018-01-23,4318.1731,4244.3824,4142.5640,3921.5737
2018-01-24,4335.5514,4250.3884,4148.3041,3926.1001
2018-01-25,4354.8729,4256.4124,4153.7902,3930.4805
2018-01-26,4373.6016,4262.1238,4159.5701,3935.0085
2018-01-29,4387.6155,4265.8689,4164.4433,3939.0637
2018-01-30,4396.3339,4268.1898,4168.6860,3942.9224
2018-01-31,4404.8357,4269.3929,4173.0152,3946.8570
2018-02-01,4410.8868,4269.7718,4177.1129,3950.7815
2018-02-02,4417.7333,4273.2618,4181.6747,3954.8709
2018-02-05,4423.6243,4276.7750,4186.3069,3959.0642
2018-02-06,4421.5359,4278.8203,4189.6479,3962.6973
2018-02-07,4413.4062,4278.7103,4191.8450,3965.7410
2018-02-08,4403.4041,4277.8483,4193.5963,3968.5589
2018-02-09,4383.5411,4274.4281,4193.7068,3970.6746
2018-02-12,4366.2212,4272.1947,4194.3145,3972.9957
2018-02-13,4349.5370,4270.4742,4195.2705,3975.5303
2018-02-14,4335.0067,4268.9608,4196.6642,3978.2189
2018-02-22,4323.7049,4269.7238,4198.8377,3981.3867
2018-02-23,4312.6295,4271.7916,4201.2488,3984.7175
2018-02-26,4301.3540,4274.1697,4204.1500,3988.3624
2018-02-27,4284.6289,4273.9522,4206.6429,3991.7453
2018-02-28,4265.7013,4274.1098,4208.7396,3995.0584
2018-03-01,4249.3711,4274.0891,4211.0951,3998.6258
2018-03-02,4230.5163,4273.8888,4213.0994,4002.0570
2018-03-05,4215.8434,4274.6586,4214.9764,4005.5732
2018-03-06,4206.0481,4276.3386,4216.8819,4009.2420
2018-03-07,4193.6837,4276.3659,4218.3991,4012.6078
2018-03-08,4184.9860,4277.3397,4220.2069,4016.1137
2018-03-09,4176.5953,4278.1877,4222.2319,4019.6291
2018-03-12,4169.0253,4279.6982,4224.3681,4023.3381
2018-03-13,4166.0465,4280.7258,4226.2058,4026.9203
2018-03-14,4167.2269,4281.1334,4227.8623,4030.3802
2018-03-15,4171.5736,4283.3029,4229.4334,4033.9198
2018-03-16,4182.7245,4284.0786,4230.7271,4037.1871
2018-03-19,4192.2413,4284.9757,4232.2506,4040.5467
2018-03-20,4199.5835,4284.7752,4233.7690,4043.6064
2018-03-21,4204.4460,4283.7346,4234.8196,4046.6070
2018-03-22,4202.7726,4281.4925,4235.2682,4049.3329
2018-03-23,4194.1860,4276.6592,4234.3520,4051.4373
2018-03-26,4181.8589,4270.8655,4232.8835,4053.4703
2018-03-27,4174.3287,4265.1595,4231.8866,4055.7675
2018-03-28,4164.9788,4257.6124,4230.1915,4057.5755
2018-03-29,4156.9664,4251.1723,4229.1314,4059.4369
2018-03-30,4150.8703,4244.4229,4228.1119,4061.1812
2018-04-02,4144.0910,4237.4293,4227.0186,4062.7871
2018-04-03,4133.5442,4229.2434,4225.3813,4064.2760
2018-04-04,4124.1494,4221.1140,4223.3204,4065.6847
2018-04-09,4112.5385,4212.4630,4221.3041,4067.3262
2018-04-10,4103.1483,4205.0578,4219.7668,4069.3850
2018-04-11,4093.3638,4196.8250,4217.9728,4071.5534
2018-04-12,4083.4098,4186.8205,4215.6014,4073.3362
2018-04-13,4072.9602,4176.0970,4213.2427,4075.0140
2018-04-16,4058.1127,4164.5989,4210.5056,4076.1556
2018-04-17,4042.2067,4151.5206,4206.8222,4076.9736
2018-04-18,4026.2910,4140.4459,4203.1574,4077.7147
2018-04-19,4012.5514,4131.2622,4199.7260,4078.4576
2018-04-20,3997.0372,4120.6152,4195.0040,4078.9027
2018-04-23,3983.9096,4110.7016,4190.2367,4079.5237
2018-04-24,3980.7339,4101.8594,4187.5606,4080.4264
2018-04-25,3978.0884,4092.6512,4184.7131,4081.2630
2018-04-26,3969.9344,4084.5189,4181.6696,4081.8038
2018-04-27,3965.4982,4078.4492,4178.5797,4082.5113
2018-05-02,3958.7592,4073.3143,4175.5813,4083.0486
2018-05-03,3953.3070,4072.3293,4173.3787,4083.7355
2018-05-04,3947.5023,4069.9417,4171.0682,4084.3487
2018-05-07,3946.0403,4067.8448,4169.1595,4085.2816
2018-05-08,3947.2713,4066.0198,4167.4903,4086.3558
2018-05-09,3948.2372,4062.2760,4165.9999,4087.4556
2018-05-10,3946.4744,4058.5958,4165.1937,4088.5209
2018-05-11,3943.0894,4053.5192,4163.8444,4089.3981
2018-05-14,3943.6398,4050.4248,4162.1885,4090.6681
2018-05-15,3946.3767,4048.3671,4161.2384,4091.9958
2018-05-16,3950.7168,4045.1372,4159.6131,4092.8387
2018-05-17,3956.6811,4041.9866,4157.9377,4093.4390
2018-05-18,3963.7499,4039.6085,4157.1335,4094.3406
2018-05-21,3969.4036,4036.6044,4156.4715,4095.2593
2018-05-22,3976.9158,4033.9080,4155.1370,4096.2239
2018-05-23,3981.4765,4029.2978,4153.3188,4096.9949
2018-05-24,3980.6357,4023.4756,4150.8316,4097.5894
2018-05-25,3980.0052,4017.0431,4148.3706,4098.0783
2018-05-28,3984.0243,4011.7100,4146.2179,4098.5713
2018-05-29,3986.4599,4006.1424,4143.6379,4098.7451
2018-05-30,3984.3783,3998.4362,4140.8696,4098.5514
2018-05-31,3984.8630,3993.1847,4138.6316,4098.9367
2018-06-01,3984.6558,3986.9075,4135.9416,4099.2623
2018-06-04,3983.2806,3981.3236,4133.0494,4099.6798
2018-06-05,3981.5566,3976.8641,4130.2993,4100.2644
2018-06-06,3979.7855,3973.0811,4127.2868,4100.8138
2018-06-07,3976.5788,3971.5529,4124.1060,4101.4086
2018-06-08,3971.7612,3969.4801,4120.1728,4102.0921
2018-06-11,3965.0786,3966.7248,4115.9421,4102.5330
2018-06-12,3960.0062,3966.3781,4111.9952,4103.1526
2018-06-13,3954.6057,3964.1929,4107.6826,4103.6018
2018-06-14,3949.9194,3961.6062,4103.0146,4103.8710
2018-06-15,3942.1866,3958.8467,4098.1380,4104.0196
2018-06-19,3926.6765,3953.8574,4091.5504,4103.4001
2018-06-20,3912.6832,3949.3216,4085.2178,4102.7962
2018-06-21,3899.1633,3943.9477,4078.2054,4101.9532
2018-06-22,3887.8806,3937.3685,4071.2131,4101.3033
2018-06-25,3874.6496,3929.5574,4063.1912,4100.0874
2018-06-26,3859.0346,3921.9599,4054.3902,4098.4771
2018-06-27,3841.2181,3913.4456,4044.7713,4096.5377
2018-06-28,3825.7225,3905.4801,4035.0395,4094.4148
2018-06-29,3810.6630,3900.5672,4026.0439,4092.8070
2018-07-02,3791.9225,3893.1601,4016.8030,4090.6232
2018-07-03,3771.3385,3884.8384,4008.0503,4088.3682
2018-07-04,3746.4512,3876.6297,3998.6224,4085.8188
2018-07-05,3720.8744,3867.8671,3989.2843,4083.1986
2018-07-06,3696.7974,3857.9783,3979.9189,4080.7968
2018-07-09,3680.2372,3850.3396,3971.4954,4078.9011
2018-07-10,3664.0894,3844.3868,3964.4528,4077.0503
2018-07-11,3642.4656,3837.1651,3957.8071,4074.8260
2018-07-12,3626.5855,3831.3234,3952.3189,4072.9576
2018-07-13,3612.0801,3825.1155,3948.7224,4071.2146
2018-07-16,3597.5406,3818.8620,3944.4019,4069.3582
2018-07-17,3588.6651,3810.9073,3939.3760,4067.3233
2018-07-18,3578.1163,3801.6595,3933.8397,4065.2519
2018-07-19,3569.6083,3792.4961,3927.3860,4063.1119
2018-07-20,3563.6129,3784.2239,3921.4098,4061.3293
2018-07-23,3561.8181,3777.0489,3915.2840,4059.7170
2018-07-24,3564.4331,3770.2772,3910.3510,4058.4970
2018-07-25,3570.5566,3763.1175,3905.7423,4057.2410
2018-07-26,3576.3819,3755.7461,3900.4417,4055.7684
2018-07-27,3576.9116,3748.6594,3895.3230,4054.2112
2018-07-30,3582.4475,3740.6392,3890.1238,4052.5501
2018-07-31,3588.0486,3732.2964,3884.4504,4050.6661
2018-08-01,3592.3711,3722.8118,3878.3599,4048.3795
2018-08-02,3593.8450,3712.8145,3871.0561,4045.6315
2018-08-03,3591.2693,3702.2317,3862.8536,4042.5428
2018-08-06,3581.6615,3691.0022,3854.0226,4039.1953
2018-08-07,3576.5633,3681.4024,3846.5562,4036.3810
2018-08-08,3571.7561,3671.2835,3838.7130,4033.2876
2018-08-09,3567.4393,3664.5478,3831.4920,4030.4627
2018-08-10,3562.9085,3656.3336,3824.7592,4027.7432
2018-08-13,3558.6837,3648.4732,3817.6903,4024.9705
2018-08-14,3554.7318,3639.4878,3810.4057,4022.0873
2018-08-15,3547.5307,3628.0492,3802.4566,4018.6381
2018-08-16,3539.6956,3616.4602,3794.7706,4015.0194
2018-08-17,3526.0899,3604.0283,3787.7906,4011.0713
2018-08-20,3512.7307,3593.4367,3781.4584,4007.1710
2018-08-21,3499.5494,3584.0655,3775.3951,4003.6409
2018-08-22,3485.6062,3573.3575,3769.8678,4000.0297
2018-08-23,3474.4320,3563.6767,3763.9348,3996.5331
2018-08-24,3464.3080,3554.4149,3758.0105,3993.0612
2018-08-27,3458.7003,3547.2447,3753.0457,3990.0321
2018-08-28,3452.6284,3542.6772,3748.2673,3986.8243
2018-08-29,3449.4853,3537.5326,3743.4271,3983.3737
2018-08-30,3448.4584,3532.5325,3738.2401,3979.7721
2018-08-31,3449.4517,3526.8602,3732.1143,3975.9406
2018-09-03,3451.9607,3521.9266,3725.7420,3971.8574
2018-09-04,3451.7039,3518.4701,3720.2150,3967.9082
2018-09-05,3450.8579,3515.1394,3714.2925,3963.7676
2018-09-06,3443.8992,3511.8185,3708.6493,3959.5775
2018-09-07,3437.3163,3506.9949,3703.7811,3955.3017
2018-09-10,3429.0336,3503.3176,3698.2389,3950.6981
2018-09-11,3421.3488,3499.4919,3692.1652,3945.9456
2018-09-12,3416.6997,3496.1486,3686.3891,3940.6966
2018-09-13,3414.6243,3493.9601,3680.9136,3935.5751
2018-09-14,3415.2687,3491.4168,3674.6976,3931.1291
2018-09-17,3412.0475,3486.1608,3668.2502,3926.4817
2018-09-18,3409.0904,3482.0659,3663.2264,3922.4480
2018-09-19,3409.3245,3480.1011,3658.6331,3918.6064
2018-09-20,3408.8129,3476.5676,3653.9455,3914.7634
2018-09-21,3413.2140,3474.8684,3649.9919,3911.6853
2018-09-25,3411.8305,3472.9606,3645.9113,3908.4898
2018-09-26,3412.7127,3472.2962,3641.6018,3905.3806
2018-09-27,3413.5922,3471.7230,3636.6913,3902.0908
2018-09-28,3418.1282,3471.9405,3632.2183,3899.1091
2018-10-08,3415.8749,3467.7650,3625.9944,3895.5941
2018-10-09,3414.1628,3462.8645,3619.9567,3891.9006
2018-10-10,3409.9096,3456.6607,3613.4689,3887.8287
2018-10-11,3400.9158,3447.2831,3605.2003,3883.2194
2018-10-12,3396.1535,3439.7271,3597.7366,3878.6749
2018-10-15,3388.3401,3431.5663,3590.1129,3874.0253
2018-10-16,3381.6682,3423.0059,3581.8225,3869.4780
2018-10-17,3376.1922,3414.7494,3573.5229,3864.9972
2018-10-18,3368.0460,3406.4186,3564.6152,3859.8761
2018-10-19,3362.7943,3401.5398,3557.1772,3855.2480
2018-10-22,3364.2506,3400.6094,3551.4206,3851.1261
2018-10-23,3363.1401,3398.7522,3544.8772,3846.6239
2018-10-24,3358.9421,3395.0175,3538.2099,3842.2139
2018-10-25,3352.8351,3392.5327,3531.9081,3837.7730
2018-10-26,3345.7814,3387.9045,3526.2261,3833.5479
2018-10-29,3328.5411,3381.1214,3518.7275,3828.6796
2018-10-30,3314.6114,3375.3317,3511.9024,3823.9220
2018-10-31,3300.9979,3370.8027,3505.1452,3819.0973
2018-11-01,3289.2894,3368.4265,3498.2378,3814.2686
2018-11-02,3281.6093,3368.7059,3492.5830,3809.9349
2018-11-05,3280.1592,3369.3927,3486.7105,3805.4083
2018-11-06,3277.8057,3368.8945,3481.1656,3800.6692
2018-11-07,3274.7209,3366.7293,3475.3974,3795.6698
2018-11-08,3279.3028,3364.7618,3469.0596,3790.5274
2018-11-09,3279.1328,3361.6074,3462.6421,3785.1623
2018-11-12,3283.1995,3359.1229,3456.7689,3779.8917
2018-11-13,3290.2491,3355.6254,3451.4350,3774.7865
2018-11-14,3294.7292,3351.5897,3447.1334,3769.3419
2018-11-15,3304.9607,3348.6088,3443.0707,3764.1442
2018-11-16,3311.3028,3346.6776,3439.6051,3758.9052
2018-11-19,3312.5602,3345.8528,3436.3565,3753.7848
2018-11-20,3314.3680,3343.7151,3432.8209,3748.0060
2018-11-21,3316.3468,3340.8746,3429.6724,3742.0313
2018-11-22,3317.3866,3339.1442,3427.1418,3735.9565
2018-11-23,3315.8279,3336.6760,3424.2472,3729.6434
2018-11-26,3319.1535,3333.8563,3420.4256,3723.2348
2018-11-27,3320.5478,3331.9374,3417.6275,3717.2152
2018-11-28,3321.8455,3331.0013,3415.2466,3711.6485
2018-11-29,3319.8103,3329.6707,3412.9097,3705.7660
2018-11-30,3313.7349,3328.3502,3411.1551,3700.2197
2018-12-03,3313.6372,3328.7401,3410.0784,3694.9987
2018-12-04,3314.9065,3330.0380,3408.0994,3689.7974
2018-12-05,3316.4615,3329.6777,3405.8718,3685.1623
2018-12-06,3314.8543,3326.9736,3403.5374,3680.6722
2018-12-07,3315.5840,3324.3159,3400.4418,3676.3803
2018-12-10,3312.4636,3318.8227,3396.8456,3672.7840
2018-12-11,3308.4553,3314.2753,3393.6180,3669.0099
2018-12-12,3306.6811,3309.1771,3390.7366,3665.0563
2018-12-13,3305.5090,3305.3755,3388.5493,3661.1945
2018-12-14,3300.7669,3299.7331,3385.8368,3656.6114
2018-12-17,3293.8729,3297.0520,3382.4085,3651.9091
2018-12-18,3289.2227,3293.7391,3378.3018,3646.7929
2018-12-19,3282.2274,3289.8018,3373.2312,3641.7911
2018-12-20,3274.6300,3288.6299,3367.9565,3636.8494
2018-12-21,3268.7344,3285.7083,3362.7177,3631.5797
2018-12-24,3263.4093,3283.8840,3357.7252,3626.5241
2018-12-25,3257.2098,3282.1540,3352.5799,3621.3519
2018-12-26,3248.0677,3279.7515,3347.2504,3615.8504
2018-12-27,3240.4636,3278.6377,3342.5282,3610.4440
2018-12-28,3232.0894,3276.0682,3338.8040,3604.9301
2019-01-02,3217.0295,3269.8516,3335.2305,3599.0421
2019-01-03,3201.3773,3265.3329,3332.0426,3593.0326
2019-01-04,3190.2078,3262.1840,3328.6007,3587.5784
2019-01-07,3183.6253,3259.2897,3325.9112,3582.3121
2019-01-08,3176.7075,3256.6863,3322.2954,3576.8937
2019-01-09,3173.2822,3256.7192,3318.9203,3571.8397
2019-01-10,3168.7793,3255.9425,3315.6371,3566.6637
2019-01-11,3164.8605,3254.7221,3312.7624,3561.5840
2019-01-14,3157.0098,3252.4637,3310.4451,3556.4509
2019-01-15,3155.0501,3249.1095,3308.9077,3551.8392
2019-01-16,3153.3680,3246.3355,3307.8641,3547.8273
2019-01-17,3152.4889,3243.6124,3306.2534,3543.8559
2019-01-18,3156.4703,3242.5015,3304.6154,3540.0053
2019-01-21,3162.5798,3241.9407,3303.3512,3536.6095
2019-01-22,3168.4672,3241.4421,3301.5248,3532.7298
2019-01-23,3173.7824,3240.1172,3299.6201,3528.8153
2019-01-24,3181.0951,3238.4924,3297.0589,3525.0523
2019-01-25,3190.5235,3238.0693,3294.8295,3521.5484
2019-01-28,3200.5116,3236.8581,3292.7334,3518.0803
2019-01-29,3209.9855,3235.5413,3291.1095,3514.6748
2019-01-30,3220.2667,3232.9342,3289.3935,3510.7539
2019-01-31,3232.5039,3232.5873,3288.1512,3506.9466
2019-02-01,3243.4357,3233.0195,3286.9471,3503.5810
2019-02-11,3256.4677,3234.9222,3287.0332,3500.6628
2019-02-12,3271.0744,3238.7849,3287.7304,3498.1899
2019-02-13,3287.5370,3244.0726,3288.9644,3496.3728
2019-02-14,3304.5628,3249.5485,3290.7429,3494.4909
2019-02-15,3317.1685,3252.8513,3291.9263,3492.0457
2019-02-18,3336.7013,3259.2201,3294.4454,3490.4173
2019-02-19,3352.8057,3264.7378,3296.5440,3488.7288
2019-02-20,3369.5127,3268.6857,3298.7129,3486.7052
2019-02-21,3386.6336,3272.3033,3301.1706,3484.7104
2019-02-22,3404.8222,3277.8458,3303.7618,3483.4941
2019-02-25,3432.9276,3289.1700,3308.0718,3483.3525
2019-02-26,3460.9054,3299.5706,3311.9433,3482.9444
2019-02-27,3488.6749,3310.6018,3314.7122,3482.3521
2019-02-28,3515.0620,3321.1351,3317.7052,3481.8083
2019-03-01,3544.2734,3333.1061,3321.1416,3481.3717
2019-03-04,3575.8145,3344.9803,3325.1779,3480.9346
2019-03-05,3607.9612,3358.4190,3329.0761,3480.6472
2019-03-06,3643.0832,3372.6183,3334.8351,3480.4148
2019-03-07,3674.4641,3386.6838,3340.2115,3480.0841
2019-03-08,3695.6620,3398.3934,3344.0976,3478.7833
2019-03-11,3717.5473,3412.0891,3350.3595,3477.7799
2019-03-12,3739.5116,3427.0958,3356.4021,3477.0694
2019-03-13,3756.4191,3441.2765,3362.5803,3476.3466
2019-03-14,3771.7344,3455.3583,3368.7562,3475.2894
2019-03-15,3792.7323,3470.7171,3375.2343,3474.3786
2019-03-18,3813.7147,3488.5205,3383.5791,3474.0972
2019-03-19,3834.0946,3505.5398,3390.8040,3473.9906
2019-03-20,3853.9142,3523.4396,3396.6456,3474.0331
2019-03-21,3874.2853,3541.4665,3403.3997,3474.1384
2019-03-22,3890.4961,3557.9611,3410.0726,3474.1412
2019-03-25,3891.1860,3572.1943,3415.7420,3473.8251
2019-03-26,3892.0000,3585.6876,3421.1870,3473.7066
2019-03-27,3895.3592,3599.4326,3428.0759,3473.4017
2019-03-28,3898.4098,3612.9873,3434.4649,3473.1837
2019-03-29,3904.7473,3629.0609,3441.8915,3473.5183
2019-04-01,3914.0408,3647.7927,3450.1282,3474.1830
2019-04-02,3922.0656,3665.2252,3457.1673,3474.8752
2019-04-03,3931.0615,3683.6957,3465.0156,3475.8630
2019-04-04,3944.1561,3703.3507,3473.4816,3477.3236
2019-04-08,3964.8098,3721.7292,3482.1153,3478.7564
2019-04-09,3982.6641,3740.1228,3491.0317,3480.0457
2019-04-10,3999.7442,3759.6066,3500.5243,3481.5832
2019-04-11,4013.8729,3777.3127,3508.7149,3482.7419
2019-04-12,4028.8667,3794.4670,3516.4797,3483.9574
2019-04-15,4040.7793,3810.8194,3524.4443,3485.7889
2019-04-16,4052.8744,3829.4656,3533.1619,3488.1163
2019-04-17,4065.9638,3847.9312,3541.7362,3490.6706
2019-04-18,4078.1933,3866.6102,3549.7722,3493.0643
2019-04-19,4092.8558,3885.6072,3559.0973,3495.9591
2019-04-22,4102.7685,3901.6943,3567.3569,3498.5146
2019-04-23,4117.0413,3916.4238,3575.6730,3501.4074
2019-04-24,4134.0775,3930.8889,3584.8369,3504.5421
2019-04-25,4144.3323,3942.1507,3593.1116,3506.7686
2019-04-26,4152.6460,3952.2206,3600.8845,3509.2560
2019-04-29,4154.0925,3963.8305,3608.3409,3511.7937
2019-04-30,4150.9545,3973.4940,3616.3570,3514.6333
2019-05-06,4136.1395,3978.5588,3621.6483,3516.4017
2019-05-07,4120.5587,3984.1141,3626.3999,3518.2392
2019-05-08,4100.1571,3988.7601,3630.5317,3519.3156
2019-05-09,4076.5121,3990.4052,3634.1255,3519.9987
2019-05-10,4058.6837,3990.4252,3639.7976,3521.6675
2019-05-13,4037.1271,3990.0953,3644.8330,3522.6374
2019-05-14,4018.9137,3989.4082,3650.0050,3523.4253
2019-05-15,4005.3979,3990.6013,3655.8682,3524.7431
2019-05-16,3993.4310,3990.4825,3661.7943,3526.2655
2019-05-17,3970.8455,3987.4780,3666.2291,3527.3892
2019-05-20,3946.5845,3983.3805,3670.8997,3528.3683
2019-05-21,3925.6388,3979.6325,3676.1254,3529.2669
2019-05-22,3901.2858,3976.3359,3681.5099,3529.9058
2019-05-23,3878.4615,3974.8141,3686.6037,3529.9175
2019-05-24,3856.4925,3972.0019,3692.0455,3530.0010
2019-05-27,3836.1881,3969.5595,3698.3276,3530.5227
2019-05-28,3822.2574,3968.4860,3704.8812,3531.3032
2019-05-29,3810.6109,3967.7712,3711.5648,3532.0724
2019-05-30,3797.2181,3965.6248,3718.1710,3532.7107
2019-05-31,3782.5711,3961.0365,3724.7785,3533.6533
2019-06-03,3779.8522,3956.8618,3731.2008,3535.0024
2019-06-04,3773.5370,3951.9632,3737.7014,3536.4659
2019-06-05,3769.9013,3947.0065,3744.2365,3538.1395
2019-06-06,3768.0915,3941.4433,3749.7022,3539.1515
2019-06-10,3761.9049,3938.7128,3755.4535,3540.6824
2019-06-11,3764.5173,3939.1022,3762.3949,3542.3452
2019-06-12,3766.8920,3938.0213,3768.7269,3543.8236
2019-06-13,3764.7370,3937.1322,3775.0597,3545.3484
2019-06-14,3760.1333,3932.6369,3780.8489,3546.8056
2019-06-17,3760.4465,3926.0403,3786.9165,3548.6808
2019-06-18,3763.0217,3919.7629,3792.4941,3550.7009
2019-06-19,3765.5623,3913.4328,3798.5642,3553.2142
2019-06-20,3774.8202,3908.6016,3805.9761,3556.1148
2019-06-21,3787.7390,3903.9857,3812.8575,3558.7364
2019-06-24,3800.5225,3899.1452,3819.6340,3561.4926
2019-06-25,3809.0036,3893.2633,3826.4349,3563.9798
2019-06-26,3815.3121,3889.0617,3833.1872,3566.4036
2019-06-27,3824.1447,3885.8824,3840.1747,3568.6168
2019-06-28,3833.6749,3882.7830,3846.8012,3570.8153
2019-07-01,3849.4899,3879.6827,3854.5742,3573.6538
2019-07-02,3865.2605,3876.5805,3862.2558,3576.6826
2019-07-03,3880.5090,3872.8895,3869.7499,3579.5717
2019-07-04,3894.7721,3867.7730,3876.6901,3582.4207
2019-07-05,3911.7499,3865.0359,3883.3651,3585.1561
2019-07-08,3921.6749,3860.5662,3888.4950,3587.7641
2019-07-09,3925.4915,3855.6678,3893.2783,3590.5044
2019-07-10,3930.4341,3852.4620,3897.3064,3593.1354
2019-07-11,3935.5933,3850.3111,3901.2658,3596.0044
2019-07-12,3943.5442,3848.4176,3906.1240,3599.0252
2019-07-15,3952.2972,3846.5774,3910.0357,3602.2405
2019-07-16,3959.4920,3849.1039,3913.8313,3605.1876
2019-07-17,3964.0760,3850.8397,3917.4769,3608.0949
2019-07-18,3960.9690,3852.9263,3920.8432,3611.0069
2019-07-19,3959.6264,3857.2314,3923.8183,3613.7900
2019-07-22,3956.5468,3858.2904,3924.3578,3616.2148
2019-07-23,3955.9576,3860.7955,3925.4454,3618.6943
2019-07-24,3957.2755,3864.4064,3926.9073,3620.8098
2019-07-25,3958.1152,3866.9693,3928.7853,3623.2453
2019-07-26,3959.8196,3869.3385,3929.9105,3625.5260
2019-07-29,3955.6057,3873.5868,3930.5324,3627.8551
2019-07-30,3952.1509,3878.8070,3931.0937,3630.0849
2019-07-31,3949.1447,3882.2919,3930.9622,3632.8987
2019-08-01,3945.5463,3885.4772,3930.9066,3635.5590
2019-08-02,3938.0134,3888.8566,3931.8353,3637.9665
2019-08-05,3931.4450,3890.5472,3931.2745,3640.8170
2019-08-06,3923.3416,3890.5292,3930.0443,3643.2232
2019-08-07,3914.7984,3889.4784,3928.9822,3645.7812
2019-08-08,3908.8072,3889.5897,3928.6804,3648.7183
2019-08-09,3899.7530,3889.4315,3927.5282,3651.3812
2019-08-12,3893.2884,3890.8643,3925.9504,3654.7648
2019-08-13,3885.9969,3891.5618,3924.2118,3657.5079
2019-08-14,3879.6796,3893.2967,3922.6300,3659.6378
2019-08-15,3875.8346,3895.2996,3921.1531,3662.2764
2019-08-16,3870.8000,3898.3148,3919.8791,3664.9758
2019-08-19,3871.2863,3902.0430,3920.3779,3668.0599
2019-08-20,3871.1736,3903.4580,3921.2801,3671.2335
2019-08-21,3869.2062,3905.3321,3921.6767,3674.8763
2019-08-22,3866.2315,3907.5671,3922.3497,3678.4073
2019-08-23,3864.2827,3910.9982,3921.8176,3681.8545
2019-08-26,3859.7163,3913.2947,3919.6675,3684.8978
2019-08-27,3856.9581,3916.3816,3918.0722,3687.6198
2019-08-28,3855.2641,3918.1726,3915.8027,3690.4091
2019-08-29,3854.5778,3917.3803,3912.9909,3693.2362
2019-08-30,3857.2729,3916.6702,3910.3280,3696.2217
2019-09-02,3866.1943,3916.8159,3907.9806,3699.5061
2019-09-03,3877.4233,3917.8971,3905.5802,3703.0522
2019-09-04,3891.0961,3919.7920,3904.4269,3706.5709
2019-09-05,3904.3276,3921.6628,3903.7726,3710.1261
2019-09-06,3920.6057,3924.2038,3903.4934,3713.9689
2019-09-09,3934.7581,3924.9716,3902.3271,3717.7445
2019-09-10,3949.9271,3925.4284,3901.0044,3721.3703
2019-09-11,3962.7282,3926.1844,3899.5370,3724.6546
2019-09-12,3977.1147,3928.2367,3898.0049,3728.5511
2019-09-16,3989.8889,3929.5704,3897.3032,3732.3300
2019-09-17,3995.0636,3931.3984,3895.9823,3735.8276
2019-09-18,4001.3866,3933.8160,3894.7419,3739.7894
2019-09-19,4008.7571,3936.6613,3894.5617,3743.8366
2019-09-20,4016.1028,3939.7710,3895.0410,3747.9628
2019-09-23,4019.7101,3941.4646,3894.9411,3751.6410
2019-09-24,4026.6956,3943.0541,3894.8157,3755.5864
2019-09-25,4029.4879,3944.3799,3896.7419,3759.1951
2019-09-26,4031.4806,3945.1345,3897.9871,3762.1935
2019-09-27,4034.7085,3946.8761,3899.9012,3765.2164
2019-09-30,4035.4806,3947.0119,3902.1217,3768.1236
2019-10-08,4034.9307,3948.1695,3903.2300,3771.5138
2019-10-09,4034.3948,3949.2719,3905.0337,3774.9333
2019-10-10,4033.8078,3950.4050,3907.4057,3778.7053
2019-10-11,4033.1054,3951.6589,3909.3141,3782.5912
2019-10-14,4033.3499,3953.6159,3911.4772,3786.6358
2019-10-15,4031.4532,3955.3106,3914.4487,3790.3389
2019-10-16,4029.5628,3956.3932,3917.6001,3794.2499
2019-10-17,4029.3106,3958.2507,3920.2713,3798.1983
2019-10-18,4023.9876,3959.6132,3922.5452,3802.0275
2019-10-21,4020.0145,3962.3709,3925.6137,3806.1087
2019-10-22,4020.2553,3966.9226,3928.7349,3810.3902
2019-10-23,4018.2398,3971.7753,3931.1522,3814.7399
2019-10-24,4015.4641,3976.9275,3933.2030,3819.0421
2019-10-25,4013.4558,3981.6304,3935.6100,3823.5874
2019-10-28,4015.3127,3987.6885,3938.5600,3828.3655
2019-10-29,4015.7855,3992.0529,3941.4586,3833.1186
2019-10-30,4016.8320,3996.7140,3944.1379,3837.6694
2019-10-31,4019.1891,4000.9383,3947.1175,3842.4095
2019-11-01,4024.3437,4006.2797,3950.7897,3847.5131
2019-11-04,4032.7979,4011.8111,3955.0629,3852.3826
2019-11-05,4041.3318,4016.1877,3959.1153,3857.2844
2019-11-06,4048.6517,4020.2632,3961.8606,3862.1278
2019-11-07,4054.7101,4024.6065,3964.9693,3866.8481
2019-11-08,4057.8770,4028.3171,3967.9421,3871.5009
2019-11-11,4055.2796,4030.0147,3970.5065,3875.6777
2019-11-12,4053.5969,4032.8628,3973.0788,3879.9976
2019-11-13,4052.4233,4034.5792,3975.4804,3883.9872
2019-11-14,4051.4227,4036.7142,3977.4434,3888.0038
2019-11-15,4051.8212,4038.5106,3977.9454,3891.9608
2019-11-18,4053.2212,4040.7502,3978.7102,3895.7838
2019-11-19,4055.8651,4042.7909,3979.8034,3899.7187
2019-11-20,4057.7659,4043.9124,3980.9047,3903.6698
2019-11-21,4058.7442,4043.9868,3981.8894,3907.5383
2019-11-22,4056.3256,4042.4296,3982.0462,3911.1104
2019-11-25,4053.8253,4040.9763,3982.5901,3914.6957
2019-11-26,4052.8651,4039.2957,3982.1336,3918.3539
2019-11-27,4052.0584,4037.5665,3981.4975,3921.8766
2019-11-28,4050.7948,4036.1650,3981.1747,3925.4623
2019-11-29,4044.4010,4033.1942,3980.7155,3928.7028
2019-12-02,4037.0594,4030.6793,3980.1249,3931.7450
2019-12-03,4029.2186,4029.8497,3980.6241,3934.5595
2019-12-04,4022.2388,4028.6040,3981.2100,3937.2442
2019-12-05,4016.4243,4027.6734,3982.1673,3939.7368
2019-12-06,4012.7747,4026.9858,3983.3784,3942.3221
2019-12-09,4012.3855,4027.0849,3984.2747,3945.1994
2019-12-10,4012.2145,4027.0704,3985.0622,3947.5489
2019-12-11,4012.3576,4027.7271,3986.0535,3949.9424
2019-12-12,4011.5907,4028.7582,3986.9464,3952.2116
2019-12-13,4016.3003,4031.1473,3989.0117,3954.9274
2019-12-16,4020.4150,4034.7239,3990.8679,3957.3431
2019-12-17,4025.3121,4038.9435,3993.5565,3958.9572
2019-12-18,4031.7680,4042.8616,3996.0668,3960.7561
2019-12-19,4038.8765,4046.0143,3998.2096,3962.5584
2019-12-20,4047.5204,4048.1956,3999.9272,3964.3563
2019-12-23,4052.1142,4048.4821,4001.0490,3965.4797
2019-12-24,4057.3499,4049.6544,4002.4825,3966.5074
2019-12-25,4063.3059,4051.0638,4003.7285,3967.4111
2019-12-26,4071.7654,4053.1469,4005.6988,3968.3305
2019-12-27,4081.7581,4056.3024,4007.9578,3969.4322
2019-12-30,4094.4491,4060.4531,4011.4120,3971.6237
2019-12-31,4107.1359,4064.6020,4015.7623,3973.5184
2020-01-02,4122.7649,4070.4141,4021.0947,3975.5695
2020-01-03,4136.4910,4076.0841,4026.5058,3977.7440
2020-01-06,4148.2176,4080.8905,4031.2605,3979.9704
2020-01-07,4161.9013,4085.7203,4036.7044,3982.1163
2020-01-08,4172.8543,4089.8979,4040.9754,3983.4629
2020-01-09,4186.3747,4095.5442,4046.1291,3985.1704
2020-01-10,4200.4398,4101.2585,4051.0984,3986.8642
2020-01-13,4212.6243,4106.4595,4056.3696,3988.7613
2020-01-14,4223.0811,4110.8372,4061.3241,3990.6016
2020-01-15,4229.5375,4114.2257,4065.2067,3992.7923
2020-01-16,4235.5457,4117.6192,4068.9412,3995.1106
2020-01-17,4242.1452,4120.9883,4072.7974,3997.2371
2020-01-20,4250.8574,4125.3877,4076.8524,3999.6010
2020-01-21,4258.4651,4129.7563,4079.8855,4000.8515
2020-01-22,4265.6470,4134.4744,4083.6686,4001.6681
2020-01-23,4266.3204,4136.6226,4085.6009,4001.8366
2020-02-03,4248.8718,4132.1265,4084.4204,4000.1115
2020-02-04,4236.6553,4130.2361,4084.3733,3998.6821
2020-02-05,4223.5752,4128.5947,4084.6725,3997.5002
2020-02-06,4213.4047,4127.6178,4085.2043,3996.5925
2020-02-07,4200.3623,4127.4526,4085.6825,3995.6313
2020-02-10,4188.5302,4127.9986,4085.9927,3995.2098
2020-02-11,4179.3912,4130.1168,4086.2732,3995.0229
2020-02-12,4170.3059,4132.3126,4086.6444,3995.0689
2020-02-13,4162.4300,4133.7238,4086.5098,3994.4184
2020-02-14,4153.3013,4136.0413,4086.8039,3993.9042
2020-02-17,4148.8693,4140.4883,4088.3266,3993.9318
2020-02-18,4141.2992,4145.2188,4089.2065,3993.6057
2020-02-19,4134.1375,4149.6684,4090.1739,3993.7385
2020-02-20,4132.9969,4155.7371,4092.7934,3994.3879
2020-02-21,4133.0202,4161.9318,4095.2679,3995.0049
2020-02-24,4131.8827,4167.1717,4097.4225,3995.9921
2020-02-25,4128.6796,4171.7497,4099.3678,3997.2044
2020-02-26,4126.5457,4175.4204,4101.2526,3998.0968
2020-02-27,4124.1142,4179.2343,4103.1524,3998.9840
2020-02-28,4120.8145,4180.0054,4103.8663,4000.3041
2020-03-02,4140.5204,4183.6984,4106.2283,4002.1077
2020-03-03,4156.3199,4186.2439,4108.6956,4004.2984
2020-03-04,4171.1271,4188.8796,4111.8018,4006.9617
2020-03-05,4186.9902,4192.2890,4115.6162,4009.4231
2020-03-06,4199.3230,4194.4746,4118.6681,4011.8509
2020-03-09,4203.5152,4193.8541,4119.9342,4013.6699
2020-03-10,4210.2475,4195.2076,4121.7016,4015.5079
2020-03-11,4212.5214,4196.4755,4122.4788,4016.9780
2020-03-12,4212.0558,4195.6062,4122.6303,4018.5395
2020-03-13,4207.2796,4193.6308,4122.3473,4019.9737
2020-03-16,4189.2134,4187.4675,4120.3072,4020.2893
2020-03-17,4171.2377,4181.0106,4118.6565,4020.6009
2020-03-18,4149.7881,4171.8040,4116.1286,4020.8712
2020-03-19,4121.0765,4161.3133,4112.9576,4020.8463
2020-03-20,4095.4295,4150.9976,4110.7058,4020.9290
2020-03-23,4064.2910,4138.2917,4107.1879,4020.1955
2020-03-24,4038.5163,4127.8691,4104.3798,4019.9949
2020-03-25,4020.4026,4118.8209,4102.2706,4020.4153
2020-03-26,4000.4114,4110.2572,4100.0775,4020.7681
2020-03-27,3988.5256,4100.8657,4098.2050,4021.1714
2020-03-30,3968.0832,4090.7558,4096.0071,4021.5623
2020-03-31,3947.1426,4080.0513,4093.2554,4022.0225
2020-04-01,3924.4052,4069.4092,4090.1232,4022.5931
2020-04-02,3900.0021,4060.4748,4087.3503,4023.2328
2020-04-03,3878.0233,4051.4656,4084.5424,4023.2015
2020-04-07,3867.7333,4044.0893,4082.5388,4023.7541
2020-04-08,3852.1059,4035.7071,4080.5474,4024.2448
2020-04-09,3839.9292,4029.0611,4079.4087,4024.9576
2020-04-10,3830.5375,4021.5624,4078.0184,4025.5486
2020-04-13,3823.1964,4016.3812,4076.5019,4025.9912
2020-04-14,3828.2537,4019.2203,4075.6734,4026.5584
2020-04-15,3832.7850,4019.4625,4074.8493,4026.3974
2020-04-16,3841.3700,4018.9220,4073.7583,4026.2343
2020-04-17,3854.3106,4017.6757,4072.6467,4026.2251
2020-04-20,3864.6589,4016.7163,4072.0844,4026.4946
2020-04-21,3879.0124,4014.4845,4071.2416,4026.5655
2020-04-22,3890.0858,4012.1470,4071.1319,4026.5890
2020-04-23,3895.6274,4008.9495,4070.6310,4026.6105
2020-04-24,3900.7395,4005.5810,4069.6524,4025.8930
2020-04-27,3906.5643,4002.1710,4069.1061,4025.3018
2020-04-28,3915.6103,3997.4522,4068.9702,4025.0725
2020-04-29,3924.9576,3993.5146,4069.3667,4025.0411
2020-04-30,3937.2315,3990.6468,4070.1576,4025.1412
2020-05-06,3947.6563,3986.3386,4071.0378,4025.8310
2020-05-07,3958.5953,3981.6957,4071.8137,4026.5119
2020-05-08,3967.1535,3978.1976,4072.6847,4027.4260
2020-05-11,3976.4475,3974.8143,4073.2820,4028.3302
2020-05-12,3985.1003,3972.4829,4073.9516,4029.1132
2020-05-13,3995.3881,3970.0719,4074.6531,4029.8577
2020-05-14,4004.2749,3969.7654,4074.8854,4030.4695
2020-05-15,4008.7773,3966.5230,4075.1107,4031.0285
2020-05-18,4015.2656,3963.0408,4074.6424,4031.8270
2020-05-19,4023.2176,3959.7581,4074.3189,4032.5934
2020-05-20,4028.1649,3954.1455,4073.2173,4033.3869
2020-05-21,4031.2827,3949.5002,4071.9874,4034.0271
2020-05-22,4032.1101,3945.9225,4069.8883,4034.0489
2020-05-25,4031.5902,3940.6840,4067.9458,4033.9365
2020-05-26,4033.8134,3937.4663,4066.9709,4034.0099
2020-05-27,4036.3271,3935.2895,4065.4479,4033.9652
2020-05-28,4038.0770,3934.4899,4064.0604,4033.8944
2020-05-29,4039.0005,3937.3670,4062.4173,4034.0580
2020-06-01,4044.3912,3942.7760,4061.8933,4034.9256
2020-06-02,4048.0599,3949.9556,4060.8798,4036.1459
2020-06-03,4050.5096,3958.1118,4059.7126,4037.7374
2020-06-04,4053.4708,3964.9122,4057.9549,4039.5248
2020-06-05,4055.4155,3974.6474,4056.4696,4041.4877
2020-06-08,4058.6078,3982.8509,4055.3600,4043.3102
2020-06-09,4063.0930,3989.5591,4054.1900,4045.4472
2020-06-10,4066.7860,3996.6218,4053.4395,4047.2074
2020-06-11,4070.4377,4002.5302,4051.6980,4048.9135
2020-06-12,4075.1023,4009.3306,4050.0432,4050.5708
2020-06-15,4076.7602,4014.8879,4047.4696,4051.9196
2020-06-16,4079.7742,4021.9057,4045.6575,4053.4908
2020-06-17,4084.0310,4027.7571,4044.1160,4054.6613
2020-06-18,4090.7798,4034.6028,4043.0342,4055.9877
2020-06-19,4104.9736,4040.8186,4042.4540,4057.6257
2020-06-22,4119.0682,4047.4689,4041.5880,4059.2202
2020-06-23,4131.9375,4054.2696,4041.6653,4060.7754
2020-06-24,4147.0992,4061.9142,4041.7383,4062.7035
2020-06-29,4160.1788,4069.2829,4042.8320,4064.2165
2020-06-30,4175.5245,4076.2753,4047.7478,4066.0841
2020-07-01,4189.8109,4085.5864,4052.5244,4068.4489
2020-07-02,4208.0160,4096.6140,4057.7680,4071.2202
2020-07-03,4230.5457,4108.6059,4063.1408,4074.1726
2020-07-06,4266.0961,4125.4871,4071.1017,4078.3921
2020-07-07,4302.1106,4143.8867,4079.1856,4082.5891
2020-07-08,4340.9762,4163.2070,4087.6770,4086.9751
2020-07-09,4381.9964,4184.1067,4096.5281,4091.5863
2020-07-10,4418.8656,4203.8722,4104.7266,4095.6182
2020-07-13,4463.1592,4225.1682,4113.6696,4100.2367
2020-07-14,4504.6894,4244.9623,4121.2072,4104.7669
2020-07-15,4545.4894,4263.1006,4128.3076,4108.7571
2020-07-16,4571.4160,4275.5795,4133.1132,4111.6435
2020-07-17,4598.6568,4288.1573,4137.2480,4115.0207
2020-07-20,4631.5209,4303.7730,4142.7344,4119.0011
2020-07-21,4662.1323,4318.8101,4148.5039,4122.9632
2020-07-22,4693.7809,4334.4023,4154.6083,4126.9880
2020-07-23,4724.3054,4349.9516,4161.2173,4131.2349
2020-07-24,4743.2512,4361.0594,4165.5657,4134.3590
2020-07-27,4764.8910,4373.5293,4171.6473,4137.7568
2020-07-28,4785.7850,4387.0784,4176.8007,4141.5145
2020-07-29,4808.0708,4402.7084,4182.8746,4145.7851
2020-07-30,4824.6243,4417.1766,4188.4674,4150.1346
2020-07-31,4838.8594,4432.8837,4193.5146,4154.5654
2020-08-03,4844.0904,4450.6102,4200.0552,4159.3617
2020-08-04,4848.1044,4470.2844,4208.1035,4164.0188
2020-08-05,4848.2651,4489.8770,4215.2805,4168.4911
2020-08-06,4844.2336,4508.2747,4222.8705,4172.6746
2020-08-07,4841.8977,4526.1005,4230.6950,4176.6626
2020-08-10,4835.2780,4544.0486,4239.2693,4180.8083
2020-08-11,4828.8227,4560.8912,4249.1291,4184.7181
2020-08-12,4823.8186,4574.8715,4258.8238,4188.7402
2020-08-13,4829.9922,4588.3525,4269.1540,4192.6413
2020-08-14,4838.2574,4603.2564,4280.6841,4196.8209
2020-08-17,4845.2305,4620.4769,4292.6946,4201.7002
2020-08-18,4851.5209,4637.2523,4305.9499,4206.5689
2020-08-19,4852.8765,4652.1098,4317.4803,4210.9301
2020-08-20,4851.1561,4665.1768,4327.3680,4214.8193
2020-08-21,4862.1767,4679.2157,4337.9188,4218.9981
2020-08-24,4873.9287,4694.9257,4348.7280,4223.4665
2020-08-25,4883.9385,4710.6129,4359.9718,4227.9895
2020-08-26,4885.3401,4726.1404,4370.5141,4231.8848
2020-08-27,4889.2264,4740.9575,4381.4316,4235.7774
2020-08-28,4896.9380,4758.0465,4392.9018,4240.1260
2020-08-31,4899.2589,4774.0019,4404.3023,4244.4224
2020-09-01,4902.6863,4789.3695,4415.0941,4248.8164
2020-09-02,4906.1375,4804.7047,4426.0868,4253.3171
2020-09-03,4908.9457,4819.0780,4436.6738,4258.0412
2020-09-04,4912.1649,4832.1267,4447.0205,4262.5194
2020-09-07,4909.2966,4843.6957,4456.4893,4266.4956
2020-09-08,4909.9483,4854.6607,4465.4680,4270.5707
2020-09-09,4906.6899,4861.6232,4473.6048,4274.2270
2020-09-10,4903.9132,4866.7113,4481.6626,4277.7105
2020-09-11,4899.9158,4871.0044,4489.8052,4281.2259
2020-09-14,4891.4310,4870.6109,4498.0490,4285.0667
2020-09-15,4885.0083,4870.4114,4507.1490,4289.1953
2020-09-16,4880.7023,4868.0002,4515.6036,4293.3678
2020-09-17,4878.3023,4863.6992,4523.9029,4297.2670
2020-09-18,4879.2455,4863.3676,4533.6199,4301.6362
2020-09-21,4875.9163,4860.0285,4542.5983,4305.8522
2020-09-22,4869.3948,4856.4951,4550.7287,4309.8495
2020-09-23,4866.6145,4854.5904,4558.8455,4314.1061
2020-09-24,4857.9178,4855.5582,4565.5689,4317.8633
2020-09-25,4843.7447,4856.0817,4572.1195,4321.5787
2020-09-28,4831.6357,4854.0478,4578.9104,4325.3621
2020-09-29,4818.6992,4851.9963,4585.4032,4329.0439
2020-09-30,4805.4439,4849.3699,4591.8861,4332.5840
2020-10-09,4798.4176,4848.7229,4599.3373,4336.6444
2020-10-12,4801.1535,4855.2876,4608.1735,4341.4133
2020-10-13,4809.9302,4861.7114,4617.6204,4346.2529
2020-10-14,4815.7550,4866.6487,4626.8636,4350.9871
2020-10-15,4826.8222,4869.1237,4635.9161,4355.2792
2020-10-16,4837.6594,4871.9254,4644.5510,4359.4349
2020-10-19,4844.2853,4873.1748,4653.0293,4363.1233
2020-10-20,4851.6455,4873.6329,4662.1216,4367.0545
2020-10-21,4857.0382,4873.9849,4672.1347,4371.0115
2020-10-22,4863.2718,4874.0029,4681.9399,4374.9429
2020-10-23,4867.7049,4873.0878,4690.6812,4378.8260
2020-10-26,4865.3354,4872.7427,4699.4216,4382.4347
2020-10-27,4865.7411,4872.2137,4708.1312,4386.0958
2020-10-28,4870.9871,4873.3608,4717.1260,4389.7716
2020-10-29,4877.2191,4875.9506,4725.4111,4393.6522
2020-10-30,4884.0543,4877.1830,4732.7678,4396.8238
2020-11-02,4891.8481,4877.5179,4740.3872,4400.0499
2020-11-03,4901.9592,4876.7392,4748.6081,4403.2815
2020-11-04,4913.4248,4876.7578,4757.0051,4406.7373
2020-11-05,4928.8103,4879.7435,4765.9266,4410.6433
2020-11-06,4939.3829,4884.0136,4774.5952,4414.3926
2020-11-09,4947.5581,4889.4402,4784.3280,4418.8837
2020-11-10,4953.4848,4893.5339,4794.2298,4422.9639
2020-11-11,4958.5390,4896.4889,4803.5509,4426.7971
2020-11-12,4964.2093,4900.6714,4813.4059,4430.4377
2020-11-13,4967.5773,4903.2657,4822.1116,4433.8845
2020-11-16,4975.2610,4904.5040,4831.2752,4437.6956
2020-11-17,4980.4972,4906.1282,4840.0650,4441.5496
2020-11-18,4985.6052,4907.1525,4848.2610,4445.3575
2020-11-19,4993.3576,4908.8910,4856.7978,4449.1929
2020-11-20,5004.9752,4911.4995,4865.2888,4453.4771
2020-11-23,5021.1917,4916.3535,4874.2401,4457.9892
2020-11-24,5035.4041,4922.6567,4883.1762,4463.0041
2020-11-25,5044.3669,4927.1283,4890.8945,4469.3211
2020-11-26,5051.9468,4934.0533,4897.8382,4475.1813
2020-11-27,5066.6982,4942.2971,4904.5042,4481.1361
2020-11-30,5079.0713,4949.1802,4910.0923,4486.6165
2020-12-01,5094.0346,4957.7807,4914.1958,4492.6487
2020-12-02,5107.1344,4965.6083,4918.0098,4498.5977
2020-12-03,5116.0207,4973.8708,4920.9355,4504.3063
2020-12-04,5125.3333,4982.8260,4923.2626,4509.8953
2020-12-07,5127.4465,4988.7206,4926.0441,4515.3854
2020-12-08,5130.3406,4995.3036,4927.6660,4520.6678
2020-12-09,5132.2941,5001.6486,4929.0718,4525.1395
2020-12-10,5133.9509,5007.6060,4931.0982,4529.7029
2020-12-11,5135.6450,5014.3566,4934.9574,4534.0353
2020-12-14,5137.2300,5021.8981,4938.9899,4538.1189
2020-12-15,5139.8300,5029.4059,4941.7268,4542.2306
2020-12-16,5143.0444,5036.8905,4944.4434,4546.4736
2020-12-17,5147.6693,5045.7811,4947.5755,4551.0919
2020-12-18,5150.5984,5052.3719,4950.5474,4555.8823
2020-12-21,5152.7592,5056.9958,4956.1417,4560.8537
2020-12-22,5152.2672,5059.5915,4960.6515,4566.1494
2020-12-23,5157.2501,5063.7263,4965.1875,4570.9941
2020-12-24,5161.4067,5067.8871,4968.5054,4575.6900
2020-12-25,5164.5716,5073.0619,4972.4936,4580.4805
2020-12-28,5169.9545,5079.4479,4976.3113,4584.9130
2020-12-29,5168.7059,5084.6049,4979.1189,4589.5870
2020-12-30,5171.1127,5091.2380,4982.6115,4595.3575
2020-12-31,5179.0832,5100.1953,4987.0991,4601.1898
2021-01-04,5189.5121,5111.5489,4992.3183,4607.5944
2021-01-05,5207.4067,5125.5491,4999.1459,4614.9205
2021-01-06,5228.4811,5140.3996,5006.3067,4622.7880
2021-01-07,5257.9881,5156.4490,5014.9049,4632.0170
2021-01-08,5286.6656,5171.3846,5023.6676,4641.2457
2021-01-11,5315.1685,5186.8023,5031.9927,4650.5733
2021-01-12,5349.3550,5204.9009,5041.2094,4660.9468
2021-01-13,5382.0615,5221.4468,5049.0930,4670.8938
2021-01-14,5408.7587,5235.0241,5055.8910,4680.9204
2021-01-15,5431.5287,5246.8684,5063.3059,4690.3931
2021-01-18,5458.3271,5259.9496,5071.9816,4699.6748
2021-01-19,5478.5173,5269.3794,5079.4098,4708.6643
2021-01-20,5504.9597,5280.1815,5086.8577,4717.7928
2021-01-21,5533.7891,5293.8264,5095.1576,4727.5647
2021-01-22,5563.2341,5307.4971,5104.0842,4737.2992
2021-01-25,5593.4103,5323.3951,5113.3304,4747.3810
2021-01-26,5616.5917,5335.9802,5120.2421,4756.5719
2021-01-27,5641.6594,5349.0698,5127.5990,4765.9506
2021-01-28,5655.2734,5359.1053,5133.1289,4774.1115
2021-01-29,5662.5432,5367.8696,5138.3803,4782.2335
2021-02-01,5670.2915,5377.6755,5144.5875,4790.6306
2021-02-02,5677.1437,5387.9299,5152.1417,4799.5811
2021-02-03,5680.6336,5398.4914,5160.5741,4808.5317
2021-02-04,5678.5814,5410.1348,5168.6315,4817.0498
2021-02-05,5677.9602,5421.7900,5177.9217,4825.7632
2021-02-08,5684.3375,5433.8580,5188.0775,4834.8701
2021-02-09,5688.9835,5448.8657,5199.0229,4844.4141
2021-02-10,5700.8568,5464.1757,5210.9782,4854.5136
2021-02-18,5716.2532,5478.6716,5222.1399,4864.6445
2021-02-19,5732.8300,5493.5921,5233.7315,4874.6675
2021-02-22,5736.9028,5504.5774,5243.7017,4883.8023
2021-02-23,5744.2491,5516.1005,5252.4105,4893.0152
2021-02-24,5742.2408,5524.9416,5260.1226,4901.3605
2021-02-25,5737.3101,5535.8328,5268.7407,4909.7347
2021-02-26,5725.2677,5544.0238,5275.8149,4917.3302
2021-03-01,5714.5628,5554.9623,5284.6594,4925.1142
2021-03-02,5706.1214,5563.5367,5292.7174,4932.4184
2021-03-03,5702.2047,5574.0196,5301.7128,4940.3116
2021-03-04,5697.2212,5580.7760,5308.8333,4947.1182
2021-03-05,5692.6134,5585.8472,5315.8142,4953.8501
2021-03-08,5675.1649,5587.5020,5319.9370,4959.6371
2021-03-09,5647.7700,5585.9343,5321.4650,4964.8193
2021-03-10,5622.8817,5586.7372,5323.1643,4970.3924
2021-03-11,5605.0145,5589.2405,5326.4834,4976.6735
2021-03-12,5587.5969,5592.2660,5330.0766,4982.9963
2021-03-15,5560.2574,5592.1323,5332.5971,4988.5741
2021-03-16,5528.8935,5592.4413,5335.9446,4994.4869
2021-03-17,5492.3633,5593.6387,5339.1218,5000.6217
2021-03-18,5459.9804,5594.2187,5342.7284,5007.4315
2021-03-19,5420.0966,5589.9975,5345.0964,5013.5182
2021-03-22,5392.1804,5585.6447,5348.5968,5019.6390
2021-03-23,5362.7013,5578.2183,5351.8837,5025.6527
2021-03-24,5336.4026,5568.1102,5354.2549,5031.1930
2021-03-25,5308.3297,5555.9694,5356.2092,5036.6676
2021-03-26,5292.8894,5546.5133,5358.9489,5042.1800
2021-03-29,5273.6698,5538.3628,5362.5825,5047.6751
2021-03-30,5260.4966,5527.9934,5366.4471,5053.4172
2021-03-31,5239.6258,5517.0454,5369.2461,5058.9271
2021-04-01,5230.8439,5509.6101,5372.3171,5064.6611
2021-04-02,5225.6119,5503.4805,5375.1745,5070.5505
2021-04-06,5228.7292,5495.6628,5377.8062,5076.2007
2021-04-07,5235.5891,5488.7630,5379.0712,5081.6996
2021-04-08,5241.2016,5481.2339,5380.7077,5087.4687
2021-04-09,5236.4016,5470.2855,5382.0559,5092.8034
2021-04-12,5226.1364,5457.4270,5382.4620,5097.9340
2021-04-13,5221.1804,5443.2403,5383.3177,5102.7147
2021-04-14,5216.0780,5432.2359,5384.1080,5107.6916
2021-04-15,5208.2284,5420.2663,5384.6680,5112.3665
2021-04-16,5199.1540,5411.7710,5385.4381,5116.8496
2021-04-19,5203.2848,5406.2942,5387.0819,5121.9398
2021-04-20,5204.6398,5399.3840,5388.5297,5126.9093
2021-04-21,5209.2646,5391.0667,5389.4983,5131.8692
2021-04-22,5217.5618,5382.8814,5390.6864,5136.9313
2021-04-23,5228.3680,5375.8840,5393.0094,5141.9519
2021-04-26,5230.3964,5367.4878,5394.6389,5146.2386
2021-04-27,5232.6517,5357.6885,5395.7732,5150.1387
2021-04-28,5233.9183,5345.9673,5397.4165,5153.7544
2021-04-29,5239.9034,5332.6640,5398.4198,5156.3078
2021-04-30,5240.5602,5319.3329,5399.0023,5158.5060
2021-05-06,5235.3695,5304.4963,5399.0442,5159.9899
2021-05-07,5227.9127,5292.0668,5398.3221,5160.7924
2021-05-10,5222.1597,5279.9272,5398.0139,5162.0290
2021-05-11,5217.5525,5271.3586,5398.1501,5162.9081
2021-05-12,5218.0284,5262.5728,5399.2028,5164.1373
2021-05-13,5220.3654,5255.4660,5399.7449,5165.4216
2021-05-14,5229.2000,5249.0952,5402.0287,5168.4931
2021-05-17,5239.7612,5245.6918,5404.6143,5171.8021
2021-05-18,5252.0935,5240.2218,5407.1207,5174.4238
2021-05-19,5262.7442,5237.9802,5409.3781,5176.9107
2021-05-20,5267.8806,5236.4010,5411.1241,5179.3498
2021-05-21,5270.5049,5237.5200,5412.5110,5181.5292
2021-05-24,5273.4429,5241.3358,5413.6350,5184.8884
2021-05-25,5285.2899,5247.8448,5417.2910,5188.9712
2021-05-26,5294.8579,5251.8214,5420.5310,5192.8592
2021-05-27,5308.3457,5255.7873,5424.0267,5196.2660
2021-05-28,5320.2615,5261.6901,5426.9112,5199.7024
2021-05-31,5331.2346,5266.9038,5429.6726,5202.9919
2021-06-01,5340.4083,5271.8820,5432.7603,5205.9396
2021-06-02,5349.0119,5274.9455,5434.5821,5208.5968
2021-06-03,5359.0465,5280.0763,5435.0369,5211.0680
2021-06-04,5373.8388,5284.7301,5435.1874,5213.7529
2021-06-07,5388.5783,5290.2780,5434.2482,5216.6971
2021-06-08,5399.3824,5296.5505,5432.3303,5219.3185
2021-06-09,5409.2997,5302.9608,5429.4651,5222.1850
2021-06-10,5423.6925,5307.7873,5427.1503,5225.4089
2021-06-11,5429.5897,5311.4632,5424.9130,5228.4528
2021-06-15,5428.6372,5312.9480,5420.4707,5230.8401
2021-06-16,5423.1018,5313.6122,5415.3288,5232.2109
2021-06-17,5419.4646,5313.4284,5411.5193,5233.7051
2021-06-18,5415.1266,5312.2069,5407.8437,5235.5748
2021-06-21,5412.8651,5311.1744,5403.4186,5237.7001
2021-06-22,5411.1375,5311.5551,5400.1591,5239.7844
2021-06-23,5402.2956,5312.2824,5396.7581,5241.8079
2021-06-24,5393.7881,5314.7760,5392.5307,5243.8442
2021-06-25,5388.7101,5320.8167,5389.1219,5246.6030
2021-06-28,5385.1271,5327.2688,5385.2546,5249.2925
2021-06-29,5377.8388,5331.6081,5381.9220,5251.0820
2021-06-30,5371.7592,5337.2943,5378.7803,5253.1896
2021-07-01,5368.6424,5342.7409,5377.2559,5255.1924
2021-07-02,5359.6413,5342.6189,5374.4565,5256.4184
2021-07-05,5349.4868,5342.6689,5371.0265,5257.8070
2021-07-06,5339.4336,5342.3456,5366.7061,5259.4239
2021-07-07,5334.6982,5343.4051,5363.1433,5261.8587
2021-07-08,5327.0398,5342.4296,5359.1568,5263.8942
2021-07-09,5316.5990,5342.2683,5354.8780,5266.3998
2021-07-12,5311.8450,5343.1405,5350.4145,5269.2460
2021-07-13,5310.5809,5343.6130,5344.7902,5271.9066
2021-07-14,5310.7147,5341.9367,5337.3004,5274.1393
2021-07-15,5313.2765,5342.5149,5330.9239,5276.5319
2021-07-16,5312.8786,5343.2105,5323.8534,5278.7925
2021-07-19,5314.0724,5345.6382,5318.8525,5281.2771
2021-07-20,5313.3917,5348.0480,5313.9876,5283.1991
2021-07-21,5313.2186,5350.5488,5310.9537,5285.5381
2021-07-22,5313.0005,5352.7649,5307.6688,5288.2048
2021-07-23,5305.2103,5354.7547,5305.1104,5290.4626
2021-07-26,5288.3390,5350.9244,5300.0098,5292.3346
2021-07-27,5265.6398,5341.9595,5293.8256,5293.2715
2021-07-28,5241.6832,5333.1301,5286.6760,5294.1944
2021-07-29,5222.0765,5326.4738,5282.2270,5295.5301
2021-07-30,5208.1256,5318.7169,5277.5590,5296.6866
2021-08-02,5200.2677,5314.5741,5276.0470,5297.9920
2021-08-03,5192.5860,5310.0029,5275.6694,5298.5672
2021-08-04,5184.2326,5302.9821,5275.4134,5299.2889
2021-08-05,5177.0186,5295.2939,5273.5576,5300.0205
2021-08-06,5169.3762,5286.6805,5271.2339,5300.6552
2021-08-09,5161.7716,5279.7445,5270.7173,5301.6572
2021-08-10,5156.6579,5273.7823,5270.3430,5303.1438
2021-08-11,5153.1571,5267.0363,5269.4591,5304.2904
2021-08-12,5143.9525,5260.4912,5267.7183,5305.2234
2021-08-13,5136.2630,5254.0972,5267.0867,5306.0916
2021-08-16,5127.3525,5247.0437,5265.8869,5307.2419
2021-08-17,5113.3168,5237.9434,5264.1107,5307.9972
2021-08-18,5100.4072,5230.9588,5263.7546,5309.0048
2021-08-19,5085.4403,5223.2211,5263.0910,5309.6501
2021-08-20,5068.9049,5212.8397,5260.3135,5309.6312
2021-08-23,5064.2837,5204.8021,5258.1326,5310.3576
2021-08-24,5071.3680,5199.0518,5255.9999,5311.2235
2021-08-25,5078.4832,5195.2827,5254.4474,5311.8468
2021-08-26,5075.9685,5189.0753,5251.2519,5311.7845
2021-08-27,5076.7886,5183.3817,5247.7943,5311.4844
2021-08-30,5070.5628,5177.6531,5244.4137,5311.1100
2021-08-31,5063.9039,5171.1095,5241.3323,5310.2018
2021-09-01,5058.2506,5165.3641,5238.8233,5309.7655
2021-09-02,5054.1545,5159.4404,5237.1082,5309.5821
2021-09-03,5050.0977,5151.2356,5236.0261,5309.2441
2021-09-06,5047.4191,5144.6613,5235.9651,5309.6414
2021-09-07,5044.8186,5140.5743,5236.0912,5310.0996
2021-09-08,5042.5855,5135.3668,5236.3305,5310.4993
2021-09-09,5042.4129,5129.9994,5236.3701,5310.9041
2021-09-10,5045.9034,5128.6020,5235.6104,5311.3461
2021-09-13,5048.5178,5126.6561,5234.6625,5311.5961
2021-09-14,5052.6398,5123.2258,5232.7857,5311.1420
2021-09-15,5051.2486,5117.5789,5230.4920,5310.5892
2021-09-16,5048.4351,5111.7792,5227.1044,5310.0569
2021-09-17,5052.9142,5107.3658,5224.8171,5309.7280
2021-09-22,5052.1850,5100.9381,5222.0393,5308.9063
2021-09-23,5050.3664,5094.9660,5219.2895,5308.3530
2021-09-24,5047.8481,5090.1360,5216.0364,5307.2281
2021-09-27,5051.7633,5084.4701,5213.4925,5306.2474
2021-09-28,5054.6982,5080.1096,5211.6601,5305.3521
2021-09-29,5055.7659,5074.3305,5209.9844,5304.1532
2021-09-30,5058.9065,5069.3153,5208.6817,5303.3478
2021-10-08,5062.0320,5064.8895,5207.7192,5302.9346
2021-10-11,5065.4832,5060.4335,5206.5992,5302.9010
2021-10-12,5067.5907,5056.1877,5205.4712,5302.6081
2021-10-13,5067.9204,5056.4939,5203.7091,5302.8689
2021-10-14,5063.8264,5059.8489,5200.9042,5302.7592
2021-10-15,5061.7581,5063.3968,5198.2635,5302.6921
2021-10-18,5056.8367,5063.9035,5195.1886,5302.2834
2021-10-19,5052.1442,5066.2094,5192.4632,5301.7936
2021-10-20,5047.9333,5065.7224,5190.1482,5301.3296
2021-10-21,5048.4946,5065.5893,5187.7961,5300.7156
2021-10-22,5053.2703,5065.1940,5184.0881,5300.6895
2021-10-25,5062.1499,5065.8317,5180.5628,5300.5469
2021-10-26,5067.6879,5066.6904,5176.6855,5300.3561
2021-10-27,5071.6357,5064.8837,5172.3141,5299.6127
2021-10-28,5072.2010,5061.1833,5167.4828,5298.5777
2021-10-29,5075.2677,5058.9803,5163.0083,5297.8843
2021-11-01,5075.9561,5057.2715,5158.8813,5296.7317
2021-11-02,5073.6832,5055.0776,5154.5874,5294.8121
2021-11-03,5073.0207,5052.5978,5149.8208,5292.5041
2021-11-04,5073.1426,5053.2457,5145.5945,5289.9213
2021-11-05,5068.6160,5052.1730,5141.5659,5286.9481
2021-11-08,5064.0677,5051.8844,5137.5528,5283.5089
2021-11-09,5062.1504,5053.4859,5133.1628,5280.1565
2021-11-10,5056.0047,5053.1822,5128.9921,5276.9526
2021-11-11,5055.2315,5053.3943,5126.2230,5273.3469
2021-11-12,5052.9711,5053.1919,5124.2373,5269.7830
2021-11-15,5053.3638,5054.8616,5121.9685,5266.7439
2021-11-16,5051.3276,5056.0250,5119.7034,5263.7735
2021-11-17,5050.0651,5057.5233,5117.5882,5260.5034
2021-11-18,5045.3933,5058.1850,5114.6472,5257.4032
2021-11-19,5041.7928,5058.6109,5111.9875,5254.3728
2021-11-22,5038.3240,5059.4995,5109.4700,5251.0004
2021-11-23,5035.7530,5060.9526,5106.0941,5247.6080
2021-11-24,5036.7090,5060.5997,5102.6305,5243.9425
2021-11-25,5038.3783,5058.6071,5099.5907,5240.7563
2021-11-26,5035.8646,5056.2919,5095.8294,5237.3048
2021-11-29,5033.8351,5053.8404,5091.9199,5234.5879
2021-11-30,5033.4310,5050.0887,5089.3453,5231.9009
2021-12-01,5034.6062,5047.0332,5086.8447,5228.9356
2021-12-02,5033.9561,5045.7722,5084.4990,5225.6026
2021-12-03,5036.9881,5046.4688,5082.0239,5222.5836
2021-12-06,5039.2848,5048.2243,5080.0018,5219.5793
2021-12-07,5043.1793,5049.5919,5078.4789,5216.6784
2021-12-08,5052.2098,5053.1921,5077.0651,5213.7398
2021-12-09,5061.5142,5057.8534,5076.4097,5210.5999
2021-12-10,5070.1318,5062.1054,5076.1207,5206.7105
2021-12-13,5080.5411,5066.3727,5075.4214,5203.1727
2021-12-14,5089.1395,5069.8016,5074.9556,5199.4045
2021-12-15,5095.3488,5073.3565,5073.8435,5196.3480
2021-12-16,5105.5354,5076.8366,5073.0760,5193.5318
2021-12-17,5108.8791,5077.3497,5071.1196,5191.0366
2021-12-20,5107.2264,5076.1968,5068.3151,5187.9920
2021-12-21,5107.2336,5076.8097,5066.4987,5185.8045
2021-12-22,5107.1194,5076.2793,5066.3866,5183.1982
2021-12-23,5109.8222,5077.0055,5068.4272,5181.1264
2021-12-24,5112.9855,5076.7828,5070.0898,5178.3829
2021-12-27,5116.4946,5077.7036,5070.8035,5176.5152
2021-12-28,5122.8992,5078.3907,5072.3001,5174.9295
2021-12-29,5124.9473,5077.8388,5071.7806,5173.9138
2021-12-30,5128.3245,5077.7042,5071.6467,5173.6580
2021-12-31,5130.3581,5077.3040,5071.2490,5173.3312
2022-01-04,5131.6579,5076.0275,5070.9296,5172.2436
2022-01-05,5128.8682,5074.0641,5070.3773,5170.8056
2022-01-06,5119.6848,5072.4118,5068.6478,5169.6825
2022-01-07,5106.4382,5071.5483,5066.3658,5168.3544
2022-01-10,5095.5302,5070.2104,5064.5953,5167.0272
2022-01-11,5080.7483,5068.2896,5062.7806,5165.2495
2022-01-12,5070.1995,5068.4081,5061.7428,5164.4148
2022-01-13,5057.7974,5067.2672,5059.9325,5162.9097
2022-01-14,5041.8801,5064.3316,5058.7886,5161.4497
2022-01-17,5032.1912,5062.7797,5057.4764,5160.6155
2022-01-18,5028.7251,5062.0597,5056.9721,5160.0315
2022-01-19,5021.8460,5060.6880,5057.0869,5158.7002
2022-01-20,5017.1463,5060.7359,5056.9591,5157.5458
2022-01-21,5008.3902,5058.2689,5055.8316,5155.9158
2022-01-24,5001.4341,5056.1681,5054.6800,5154.5637
2022-01-25,4988.9860,5051.9525,5053.4070,5152.3295
2022-01-26,4976.3943,5048.4174,5052.2212,5150.0078
2022-01-27,4962.7716,5042.9213,5050.2223,5147.3180
2022-01-28,4944.2837,5037.2604,5047.7227,5144.5275
2022-02-07,4928.4553,5031.9690,5045.2899,5142.0566
2022-02-08,4912.4863,5025.6924,5042.5960,5139.8521
2022-02-09,4901.3204,5020.2911,5040.6218,5138.3240
2022-02-10,4892.1023,5014.5691,5037.5844,5136.7747
2022-02-11,4880.6827,5008.4701,5033.5386,5134.8149
2022-02-14,4865.5736,5002.0941,5029.1930,5132.7618
2022-02-15,4855.3581,4996.8988,5025.3696,5130.8699
2022-02-16,4843.5964,4992.4742,5021.2814,5128.4459
2022-02-17,4836.5287,4988.0362,5017.5347,5126.0986
2022-02-18,4832.6274,4983.8001,5014.7861,5123.7859
2022-02-21,4825.7556,4978.2867,5012.3778,5121.4349
2022-02-22,4813.3938,4971.7034,5009.9638,5118.5341
2022-02-23,4805.2630,4965.5214,5007.5567,5116.1869
2022-02-24,4790.0594,4955.8758,5004.5340,5113.2866
2022-02-25,4779.4191,4945.4309,5001.6422,5110.4658
2022-02-28,4768.8202,4935.6434,4998.8744,5107.4554
2022-03-01,4765.7835,4926.0494,4996.2111,5104.8518
2022-03-02,4758.8734,4916.3109,4993.0562,5102.3581
2022-03-03,4755.3463,4906.9203,4990.1384,5100.0614
2022-03-04,4751.8661,4895.7927,4986.3146,5097.4981
2022-03-07,4737.3282,4883.3486,4980.3491,5094.0342
2022-03-08,4719.5824,4870.6348,4973.4158,5090.0075
2022-03-09,4697.5819,4856.4304,4966.6201,5086.0456
2022-03-10,4679.6481,4843.5806,4959.9299,5081.8195
2022-03-11,4664.4088,4830.3047,4953.6551,5077.2796
2022-03-14,4644.9292,4814.8715,4945.8272,5072.0453
2022-03-15,4613.0796,4795.5328,4936.6182,5065.9034
2022-03-16,4589.2083,4778.9978,4928.6943,5060.5787
2022-03-17,4568.9778,4765.6484,4921.7436,5055.9459
2022-03-18,4549.0636,4752.0957,4914.8999,5051.3480
2022-03-21,4529.6548,4738.0054,4907.6547,5045.8714
2022-03-22,4513.1767,4724.3109,4900.1692,5040.3660
2022-03-23,4495.2682,4712.0814,4893.0728,5034.8791
2022-03-24,4480.9008,4700.3622,4886.3870,5029.3505
2022-03-25,4460.2884,4686.9710,4879.2596,5023.3712
2022-03-28,4437.9018,4672.5920,4871.4012,5017.2048
2022-03-29,4412.8088,4658.8736,4863.5816,5011.2315
2022-03-30,4396.0388,4646.6466,4857.5273,5006.0574
2022-03-31,4379.0346,4635.4152,4851.3412,5000.5810
2022-04-01,4367.6512,4626.1011,4845.2163,4995.4054
2022-04-06,4363.0548,4615.6941,4839.2369,4990.4014
2022-04-07,4360.1457,4603.2031,4832.6314,4985.0921
2022-04-08,4360.3742,4591.8417,4826.2648,4979.7138
2022-04-11,4350.4119,4576.8868,4818.8114,4973.9018
2022-04-12,4343.8718,4564.4974,4811.3832,4968.8031
2022-04-13,4342.0620,4551.1227,4803.6454,4963.9413
2022-04-14,4352.7990,4541.0580,4796.5052,4959.2368
2022-04-15,4354.4873,4530.2350,4789.3262,4954.5148
2022-04-18,4350.8016,4520.8604,4781.8909,4949.7395
2022-04-19,4344.0315,4511.9948,4774.6276,4944.6374
2022-04-20,4334.3178,4500.3504,4766.1597,4939.0736
2022-04-21,4320.9085,4487.6798,4756.6861,4933.0780
2022-04-22,4307.3028,4474.4744,4747.3827,4926.7384
2022-04-25,4284.7499,4457.4212,4735.9951,4919.3128
2022-04-26,4264.5716,4440.5265,4724.4983,4912.0445
2022-04-27,4251.5003,4426.9627,4714.5284,4905.1789
2022-04-28,4240.4910,4412.9267,4704.9128,4898.4163
2022-04-29,4228.1984,4400.4874,4696.4808,4892.9131
2022-05-05,4217.2222,4387.6926,4687.8644,4887.3545
2022-05-06,4198.2382,4372.3454,4678.0728,4881.2859
2022-05-09,4178.2693,4356.6995,4667.4931,4874.7585
2022-05-10,4163.3220,4343.1744,4657.4389,4868.7203
2022-05-11,4150.1773,4329.8073,4647.6644,4863.0716
2022-05-12,4142.8734,4318.0124,4636.9441,4857.0046
2022-05-13,4132.9835,4305.9231,4625.6770,4851.0434
2022-05-16,4123.5158,4293.0009,4614.3222,4845.2214
2022-05-17,4113.9199,4280.3126,4603.1810,4839.3012
2022-05-18,4103.7473,4268.1846,4592.2478,4833.6017
2022-05-19,4095.1282,4256.7731,4581.8467,4827.8451
2022-05-20,4092.1669,4248.1151,4571.9539,4822.5149
2022-05-23,4091.2982,4241.9384,4562.6435,4816.8816
2022-05-24,4089.4026,4235.6079,4553.1213,4810.7182
2022-05-25,4087.8486,4230.5811,4543.5057,4805.0022
2022-05-26,4097.0543,4224.3837,4533.9821,4800.1843
2022-05-27,4108.2780,4218.0742,4524.1895,4796.3083
2022-05-30,4115.1762,4215.0615,4514.9665,4792.5282
2022-05-31,4123.9829,4217.2881,4506.4104,4788.6070
2022-06-01,4127.4424,4215.7811,4497.3895,4784.8448
2022-06-02,4131.5437,4212.7190,4489.1837,4780.4821
2022-06-06,4144.8393,4210.6557,4481.3757,4776.5112
2022-06-07,4160.4305,4209.0098,4473.5076,4772.3783
2022-06-08,4175.9313,4208.2762,4466.2935,4768.6116
2022-06-09,4186.2284,4206.1914,4459.1364,4764.7568
2022-06-10,4200.7116,4205.9367,4453.1495,4760.8986
2022-06-13,4211.0863,4206.2423,4446.6066,4756.4862
2022-06-14,4224.8212,4207.7687,4440.1804,4752.3879
2022-06-15,4238.8951,4210.7471,4434.8103,4748.7955
2022-06-16,4252.2362,4210.6636,4428.6551,4745.1990
2022-06-17,4268.2279,4212.4504,4423.9328,4741.9327
2022-06-20,4281.2941,4213.5723,4419.8367,4739.3127
2022-06-21,4295.3297,4214.8484,4415.2712,4736.3738
2022-06-22,4311.4264,4216.1201,4409.6616,4733.3168
2022-06-23,4330.0672,4218.4583,4405.1500,4731.1184
2022-06-24,4350.8284,4224.5503,4400.7186,4728.8388
2022-06-27,4373.7204,4230.0136,4397.2555,4726.5436
2022-06-28,4397.5705,4237.2649,4394.1938,4724.4369
2022-06-29,4414.6165,4242.0151,4391.5365,4722.4718
2022-06-30,4435.3829,4248.1393,4389.1872,4720.7042
2022-07-01,4454.8739,4254.3479,4387.6041,4718.9132
2022-07-04,4471.9251,4261.8131,4386.9040,4717.3133
2022-07-05,4487.9669,4270.4695,4385.4099,4715.3499
2022-07-06,4498.5178,4279.3199,4383.4998,4713.0479
2022-07-07,4512.3576,4288.2133,4381.3439,4710.9828
2022-07-08,4522.1659,4300.9032,4379.1622,4708.3733
2022-07-11,4530.7070,4312.6964,4376.6115,4705.0750
2022-07-12,4535.4258,4321.3389,4374.1508,4701.6719
2022-07-13,4537.6605,4329.6149,4371.2708,4698.3202
2022-07-14,4541.3819,4335.9370,4368.2122,4694.7468
2022-07-15,4538.2548,4340.8635,4364.2780,4690.9064
2022-07-18,4536.2992,4348.7967,4360.5711,4687.6786
2022-07-19,4533.3933,4356.8980,4356.7988,4684.5883
2022-07-20,4534.0744,4364.4211,4353.7977,4681.8808
2022-07-21,4528.5023,4369.7883,4349.7978,4678.6773
2022-07-22,4520.4124,4375.5659,4346.7891,4675.6616
2022-07-25,4508.4424,4380.1972,4343.0602,4672.3512
2022-07-26,4495.8047,4386.1805,4339.5907,4669.2326
2022-07-27,4485.6589,4390.7107,4335.5116,4665.8613
2022-07-28,4472.2563,4395.5429,4331.8638,4662.4600
2022-07-29,4456.9271,4399.0675,4327.9203,4659.0294
2022-08-01,4441.0434,4401.3637,4324.7394,4655.5270
2022-08-02,4421.2749,4402.4602,4322.1993,4651.2742
2022-08-03,4402.8258,4404.6892,4320.1485,4646.7822
2022-08-04,4385.1550,4407.1359,4318.8585,4642.7393
2022-08-05,4371.1049,4410.5234,4317.4535,4638.6917
2022-08-08,4360.4305,4413.5574,4315.8158,4634.7355
2022-08-09,4352.2997,4416.1883,4315.6249,4630.7260
2022-08-10,4341.3581,4416.5650,4316.9265,4626.7724
2022-08-11,4334.7158,4418.8463,4317.3137,4623.0040
2022-08-12,4331.7504,4420.9461,4316.8326,4619.2881
2022-08-15,4326.2253,4421.3511,4316.0034,4615.4517
2022-08-16,4321.4966,4421.3244,4315.1671,4611.4109
2022-08-17,4318.0424,4421.2655,4314.7709,4607.4700
2022-08-18,4315.1504,4421.3571,4313.7743,4603.4235
2022-08-19,4310.6460,4419.5396,4312.7382,4599.5626
2022-08-22,4309.0315,4419.3753,4312.8088,4596.0342
2022-08-23,4304.6439,4418.1096,4312.9391,4592.1702
2022-08-24,4297.2734,4414.0620,4312.4045,4587.9931
2022-08-25,4291.6181,4411.2957,4310.9796,4584.2535
2022-08-26,4288.3855,4407.1305,4309.7905,4580.5658
2022-08-29,4283.2610,4402.1505,4307.8614,4576.5389
2022-08-30,4281.6470,4396.9871,4305.9177,4572.5773
2022-08-31,4282.2599,4393.0226,4304.5714,4568.6014
2022-09-01,4279.2729,4386.8182,4302.6382,4564.4515
2022-09-02,4272.3840,4379.1456,4301.8480,4560.3297
2022-09-05,4265.5292,4370.2809,4300.1473,4555.7652
2022-09-06,4260.1540,4361.2217,4299.2433,4551.4443
2022-09-07,4257.3240,4353.6480,4297.8315,4547.1684
2022-09-08,4249.2693,4344.4008,4296.2701,4542.7981
2022-09-09,4244.2377,4336.6917,4295.5198,4538.7053
2022-09-13,4240.3840,4328.7347,4295.2739,4534.9507
2022-09-14,4234.5711,4319.9661,4295.2178,4530.6887
2022-09-15,4224.7602,4311.7625,4295.5412,4526.1136
2022-09-16,4211.9736,4301.2035,4294.7084,4521.0456
2022-09-19,4200.4455,4290.8515,4295.8773,4515.9362
2022-09-20,4187.6000,4282.1325,4297.4145,4510.9564
2022-09-21,4174.3003,4273.6593,4297.4991,4506.0137
2022-09-22,4163.2884,4264.3132,4296.9640,4500.9384
2022-09-23,4149.8403,4254.6791,4295.3080,4495.8944
2022-09-26,4135.8419,4246.1654,4293.5144,4490.6894
2022-09-27,4125.6496,4237.8906,4293.3437,4485.7082
2022-09-28,4112.8806,4228.7820,4292.8400,4480.1666
2022-09-29,4099.8729,4219.3420,4291.8816,4474.6602
2022-09-30,4087.5292,4210.4289,4290.1086,4468.8865
2022-10-10,4071.8873,4199.7356,4287.6507,4462.2974
2022-10-11,4057.0171,4189.7108,4284.9540,4455.3155
2022-10-12,4043.1685,4180.1672,4283.1739,4448.7480
2022-10-13,4027.5452,4170.4025,4280.5566,4441.8688
2022-10-14,4017.4568,4162.4810,4279.0120,4435.6299
2022-10-17,4004.6724,4155.7898,4277.4286,4429.6377
2022-10-18,3990.5721,4148.5461,4274.9549,4423.4544
2022-10-19,3975.6455,4141.7143,4272.0872,4417.3654
2022-10-20,3961.5788,4135.2637,4269.9764,4411.5489
2022-10-21,3951.7705,4127.8497,4267.4928,4405.4993
2022-10-24,3936.5442,4117.0272,4263.7753,4398.8787
2022-10-25,3920.7618,4106.2650,4259.9112,4392.0503
2022-10-26,3908.0057,4095.9417,4256.0650,4385.5158
2022-10-27,3895.6956,4086.0482,4251.3066,4378.8585
2022-10-28,3879.4326,4072.5658,4245.7060,4371.5478
2022-10-31,3862.4827,4058.4583,4239.7022,4364.4429
2022-11-01,3849.1426,4047.0576,4234.2043,4357.7900
2022-11-02,3841.3442,4036.7210,4229.0227,4351.2652
2022-11-03,3832.0811,4024.9575,4223.1115,4344.7025
2022-11-04,3830.1318,4016.4215,4218.8893,4339.0129
2022-11-07,3832.9411,4008.6536,4214.0966,4333.6230
2022-11-08,3834.0594,3999.7220,4209.5486,4328.0776
2022-11-09,3830.4398,3990.4856,4204.2976,4322.2390
2022-11-10,3826.9783,3982.2844,4198.1732,4316.4918
2022-11-11,3824.1860,3975.5082,4193.4020,4311.0285
2022-11-14,3821.4786,3969.0270,4188.0788,4306.0058
2022-11-15,3822.9101,3964.4058,4183.2781,4301.5574
2022-11-16,3825.9003,3959.4156,4178.2013,4296.7363
2022-11-17,3829.1938,3954.0372,4173.5299,4291.5958
2022-11-18,3832.2264,3949.0311,4167.9247,4286.5373
2022-11-21,3839.2424,3943.7705,4161.4581,4281.0883
2022-11-22,3846.5871,3938.6882,4154.4845,4275.8700
2022-11-23,3852.6145,3932.9259,4147.0738,4270.6338
2022-11-24,3859.1090,3926.7622,4140.2051,4265.8708
2022-11-25,3871.2253,3921.3482,4132.8745,4261.0309
2022-11-28,3882.8295,3913.8950,4125.2933,4256.4487
2022-11-29,3893.9018,3908.4647,4118.5997,4252.7518
2022-11-30,3902.9576,3904.0757,4112.0209,4248.7154
2022-12-01,3915.7158,3901.3397,4106.5511,4245.0255
2022-12-02,3921.0791,3900.0637,4100.6336,4240.9887
2022-12-05,3929.9463,3900.4540,4095.6527,4237.4074
2022-12-06,3941.2574,3901.1849,4091.6587,4234.1351
2022-12-07,3953.8760,3902.3159,4087.9876,4231.0692
2022-12-08,3968.0098,3904.1730,4084.2431,4227.7570
2022-12-09,3978.8522,3907.1130,4080.8960,4224.5541
2022-12-12,3987.0910,3909.5266,4077.8460,4221.0620
2022-12-13,3991.2103,3910.6301,4074.2604,4217.4157
2022-12-14,3997.4377,3913.2384,4071.0102,4213.9045
2022-12-15,4004.3282,3915.8193,4067.5807,4210.6892
2022-12-16,4012.2176,3918.9065,4064.6677,4207.2328
2022-12-19,4018.6305,3922.4678,4061.1017,4203.9454
2022-12-20,4021.7028,3924.5625,4057.1366,4200.0984
2022-12-21,4024.6491,3925.5181,4052.8427,4196.2167
2022-12-22,4028.7432,3927.2413,4048.8219,4192.1668
2022-12-23,4031.4532,3926.9468,4044.7139,4188.2888
2022-12-26,4037.1509,3926.8864,4041.3381,4184.6292
2022-12-27,4039.1886,3927.9113,4038.2287,4181.4841
2022-12-28,4040.1302,3929.8696,4035.7919,4178.9956
2022-12-29,4038.1628,3931.9733,4033.6185,4176.8835
2022-12-30,4038.1979,3934.6346,4031.2422,4175.0503
2023-01-03,4035.1499,3939.8962,4028.4617,4172.9576
2023-01-04,4031.2610,3945.3846,4025.8248,4170.8203
2023-01-05,4031.7850,3951.8276,4023.8847,4169.7548
2023-01-06,4032.9070,3959.0576,4022.5529,4169.7397
2023-01-09,4033.6760,3968.8103,4020.6881,4169.0009
2023-01-10,4036.9850,3979.3275,4018.8929,4167.8627
2023-01-11,4040.3106,3987.0973,4017.0774,4166.5404
2023-01-12,4043.5654,3994.1269,4015.4240,4165.2956
2023-01-13,4049.8904,4002.9430,4013.9503,4164.3606
2023-01-16,4059.3855,4010.6080,4013.5147,4163.6445
2023-01-17,4071.9964,4018.0899,4013.3718,4163.0550
2023-01-18,4087.5669,4025.9655,4012.8437,4162.8263
2023-01-19,4104.3871,4035.0971,4012.7913,4162.8652
2023-01-20,4122.2424,4045.3470,4013.8157,4163.1101
2023-01-30,4141.5256,4053.8826,4014.6954,4162.8375
2023-01-31,4157.7204,4061.3832,4015.2051,4162.4978
2023-02-01,4173.6419,4068.2040,4016.3049,4162.0832
2023-02-02,4189.6568,4075.3722,4017.3939,4161.6558
2023-02-03,4204.3819,4082.0486,4018.0429,4161.3071
2023-02-06,4215.5059,4087.9465,4018.4888,4160.5635
2023-02-07,4226.1690,4094.6669,4019.2187,4160.5333
2023-02-08,4235.6362,4101.0042,4019.8462,4159.9967
2023-02-09,4244.0227,4108.3909,4020.6584,4159.9509
2023-02-10,4250.5044,4115.6157,4021.1889,4159.5102
2023-02-13,4257.2460,4123.2186,4022.2834,4159.2767
2023-02-14,4263.8517,4131.7364,4022.8157,4159.1678
2023-02-15,4269.7256,4137.4268,4022.9457,4159.1098
2023-02-16,4273.6336,4142.3973,4023.2365,4159.2271
2023-02-17,4271.5731,4145.2860,4023.3129,4159.4270
2023-02-20,4271.3421,4150.7132,4025.3884,4160.0484
2023-02-21,4271.7096,4154.7952,4027.6246,4161.7510
2023-02-22,4270.5023,4157.6635,4029.4242,4163.4193
2023-02-23,4267.7964,4160.6652,4031.4905,4164.4948
2023-02-24,4261.5700,4162.7711,4033.4720,4165.2180
2023-02-27,4253.4300,4163.7137,4035.4133,4165.3607
2023-02-28,4248.9132,4166.1120,4037.8193,4165.6669
2023-03-01,4245.3478,4169.8590,4040.2445,4166.7941
2023-03-02,4242.0708,4173.2254,4043.2319,4168.0360
2023-03-03,4241.4982,4176.9166,4046.3680,4169.1248
2023-03-06,4242.6419,4180.1162,4049.5113,4169.8100
2023-03-07,4240.2966,4183.3333,4052.9006,4170.2757
2023-03-08,4238.1245,4187.5729,4056.0677,4170.5109
2023-03-09,4232.3876,4191.4863,4058.5022,4170.8380
2023-03-10,4225.1953,4194.1966,4060.7190,4170.6378
2023-03-13,4218.2248,4197.9272,4062.4370,4170.7245
2023-03-14,4209.9256,4200.8463,4063.8664,4170.6475
2023-03-15,4202.8563,4202.8939,4065.4026,4170.1788
2023-03-16,4194.8801,4204.2973,4067.0834,4169.5853
2023-03-17,4190.9685,4206.4083,4069.1908,4169.5836
2023-03-20,4180.9214,4207.8026,4071.2186,4169.3557
2023-03-21,4172.5509,4209.7557,4074.8259,4169.3006
2023-03-22,4166.9948,4211.9570,4078.6708,4169.2910
2023-03-23,4163.6584,4213.4146,4082.6211,4169.3430
2023-03-24,4161.9013,4214.3688,4086.7132,4169.0099
2023-03-27,4160.2806,4214.3556,4091.5829,4168.6445
2023-03-28,4156.6656,4213.9843,4096.6559,4168.1791
2023-03-29,4150.4227,4213.9039,4100.5006,4167.3525
2023-03-30,4146.3292,4214.3310,4104.2289,4166.6258
2023-03-31,4142.2145,4213.8462,4108.3946,4165.7531
2023-04-03,4141.2615,4212.8666,4111.7373,4165.3133
2023-04-04,4144.0656,4212.1610,4115.1255,4164.6111
2023-04-06,4147.2972,4211.4650,4118.7152,4164.1319
2023-04-07,4152.6424,4210.7884,4122.9427,4163.6202
2023-04-10,4159.7571,4209.2025,4127.2747,4162.7240
2023-04-11,4164.4837,4207.1105,4130.4965,4161.9493
2023-04-12,4170.3023,4205.8791,4133.6311,4160.8549
2023-04-13,4174.5442,4203.2548,4135.7294,4159.5038
2023-04-14,4182.4434,4201.4119,4138.3920,4158.2967
2023-04-17,4192.2915,4201.5721,4141.8103,4157.6701
2023-04-18,4203.8134,4203.1256,4145.5360,4156.7303
2023-04-19,4211.1612,4203.7526,4149.2097,4155.3339
2023-04-20,4217.0310,4204.5149,4152.7596,4153.6221
2023-04-21,4216.6941,4202.4831,4155.4370,4151.2554
2023-04-24,4214.3990,4199.9266,4157.7712,4148.9881
2023-04-25,4211.8248,4196.1871,4159.7028,4146.2887
2023-04-26,4209.7432,4192.3409,4162.0387,4143.6660
2023-04-27,4208.8274,4189.5446,4163.4857,4141.0427
2023-04-28,4208.3395,4188.2133,4165.3053,4138.6631
2023-05-04,4207.2708,4188.1253,4166.7056,4136.6284
2023-05-05,4203.4625,4185.7147,4168.2140,4134.4238
2023-05-08,4201.3721,4184.0260,4169.4106,4132.5317
2023-05-09,4197.8186,4182.3915,4170.0275,4130.8431
2023-05-10,4191.2858,4180.1842,4170.4247,4129.2061
2023-05-11,4185.3866,4178.7291,4170.7501,4127.4966
2023-05-12,4176.9943,4176.5362,4170.1250,4125.5105
2023-05-15,4171.9090,4175.0774,4170.5947,4124.2204
2023-05-16,4167.2181,4172.0029,4170.9310,4122.5957
2023-05-17,4160.4052,4168.7456,4170.9855,4120.9979
2023-05-18,4150.4150,4165.1388,4171.0277,4119.3042
2023-05-19,4139.1752,4161.7389,4170.9275,4117.7976
2023-05-22,4131.1530,4160.0951,4171.7142,4116.4080
2023-05-23,4120.8258,4157.5955,4172.5842,4114.8604
2023-05-24,4111.8605,4154.2722,4172.8793,4112.8610
2023-05-25,4105.0315,4151.8611,4173.0288,4110.9254
2023-05-26,4099.2579,4148.6003,4173.2638,4108.9888
2023-05-29,4092.7829,4145.4838,4173.1651,4107.2516
2023-05-30,4084.9964,4142.4006,4172.6472,4105.4380
2023-05-31,4073.0817,4139.4940,4171.8956,4103.8438
2023-06-01,4061.5375,4136.3529,4171.3806,4102.4995
2023-06-02,4053.5245,4134.7560,4171.2793,4101.2607
2023-06-05,4042.2372,4131.9006,4170.8281,4099.6449
2023-06-06,4030.8822,4127.9465,4169.9517,4097.8883
2023-06-07,4020.1571,4122.7837,4168.0991,4095.9919
2023-06-08,4011.3473,4118.5075,4166.4381,4094.4955
2023-06-09,4006.1245,4114.8738,4164.6147,4092.6514
2023-06-12,3998.1421,4111.6680,4162.8261,4090.8595
2023-06-13,3992.2868,4108.7485,4161.3262,4089.2018
2023-06-14,3987.3178,4105.1411,4159.7360,4087.5800
2023-06-15,3985.7380,4102.5482,4158.1972,4086.0737
2023-06-16,3986.7101,4099.9183,4156.3925,4084.9536
2023-06-19,3984.7245,4096.3587,4154.2598,4083.8158
2023-06-20,3985.2956,4092.7948,4152.1299,4082.4868
2023-06-21,3985.5509,4087.4357,4149.1120,4080.9517
2023-06-26,3983.4424,4081.3352,4145.2688,4079.5423
2023-06-27,3983.1571,4076.0697,4141.5901,4078.1427
2023-06-28,3983.5116,4070.7675,4138.3233,4076.7642
2023-06-29,3982.6894,4065.6587,4134.4567,4075.3808
2023-06-30,3984.9587,4060.5001,4130.9560,4074.1749
2023-07-03,3989.4036,4055.1977,4128.3849,4073.2139
2023-07-04,3991.3251,4049.7606,4126.4431,4072.4659
2023-07-05,3992.5943,4044.4738,4124.1132,4071.6659
2023-07-06,3994.3819,4038.8868,4121.7009,4070.7735
2023-07-07,3996.2610,4034.6104,4118.5468,4069.6026
2023-07-10,3997.5085,4031.7513,4115.8390,4068.5140
2023-07-11,3999.2031,4029.8251,4113.0061,4067.6448
2023-07-12,3999.1519,4027.4315,4109.8862,4066.3510
2023-07-13,4000.8837,4025.5711,4107.5578,4065.2518
2023-07-14,4002.6966,4022.8839,4105.5486,4064.3926
2023-07-17,3999.6822,4019.5128,4103.8190,4063.5659
2023-07-18,3994.0796,4016.1652,4100.9399,4063.1642
2023-07-19,3989.9432,4011.7871,4097.9066,4062.7656
2023-07-20,3984.7468,4007.5661,4094.9788,4062.2015
2023-07-21,3982.5700,4003.9494,4092.0668,4061.7787
2023-07-24,3982.3385,4000.1160,4089.4225,4061.4473
2023-07-25,3985.9401,3999.6480,4088.0921,4061.7527
2023-07-26,3989.3618,3997.7486,4086.4130,4062.1162
2023-07-27,3993.5225,3996.1805,4084.0917,4062.1681
2023-07-28,4001.2894,3996.8537,4082.7997,4063.0158
2023-07-31,4007.5814,3998.0643,4081.6016,4063.9848
2023-08-01,4012.6972,3999.1694,4080.4542,4064.9827
2023-08-02,4017.9214,3999.1812,4079.6381,4066.2694
2023-08-03,4026.3054,4001.0787,4079.3371,4067.7024
2023-08-04,4036.3767,4004.4170,4079.3446,4068.9234
2023-08-07,4043.9127,4007.3038,4079.5824,4070.1507
2023-08-08,4049.6098,4009.9659,4079.2831,4070.8601
2023-08-09,4056.0248,4012.7283,4079.1060,4071.4862
2023-08-10,4060.0196,4015.5804,4078.9905,4072.1965
2023-08-11,4059.2522,4017.3521,4078.4230,4072.7532
2023-08-14,4058.6703,4018.3659,4077.3594,4073.2751
2023-08-15,4058.2362,4018.0498,4076.4029,4073.8107
2023-08-16,4056.5545,4017.5140,4074.7073,4074.7666
2023-08-17,4056.9375,4017.9882,4072.9673,4075.8191
2023-08-18,4054.9783,4017.8778,4070.3307,4076.4759
2023-08-21,4051.0682,4016.0043,4067.2559,4076.9845
2023-08-22,4042.9602,4014.3822,4064.6280,4078.1055
2023-08-23,4032.0879,4011.3269,4061.4975,4079.0767
2023-08-24,4022.8413,4008.4023,4058.5754,4079.5380
2023-08-25,4008.1855,4005.2008,4055.1710,4079.6999
2023-08-28,3994.6450,4001.6271,4052.0876,4080.2411
2023-08-29,3983.9013,3998.0459,4048.9821,4080.3597
2023-08-30,3974.5271,3995.1022,4045.7304,4080.4280
2023-08-31,3962.1390,3991.8160,4042.3054,4080.5103
2023-09-01,3950.2997,3990.3165,4038.8761,4080.9094
2023-09-04,3943.0026,3991.1279,4036.2315,4081.7531
2023-09-05,3934.7643,3990.6088,4033.3392,4081.9179
2023-09-06,3926.7261,3990.0141,4030.3908,4082.0110
2023-09-07,3915.4987,3988.7041,4027.1814,4081.4554
2023-09-08,3908.0434,3986.5860,4023.5430,4080.9675
2023-09-11,3903.4765,3983.9950,4019.5964,4080.7034
2023-09-12,3899.0351,3981.1339,4015.4472,4080.4916
2023-09-13,3894.8140,3978.4019,4011.4378,4080.3238
2023-09-14,3889.7705,3976.1437,4007.5152,4080.1374
2023-09-15,3885.8832,3973.7267,4004.1686,4079.8028
2023-09-18,3885.7876,3971.3160,4001.5336,4079.6524
2023-09-19,3883.8377,3968.2361,3999.0306,4079.3667
2023-09-20,3884.3059,3965.3885,3996.4100,4079.2243
2023-09-21,3881.6708,3960.7171,3993.1441,4078.3149
2023-09-22,3883.2098,3957.4061,3990.1450,4077.7252
2023-09-25,3881.2450,3954.2522,3986.8825,4076.7941
2023-09-26,3876.2207,3950.9023,3983.5337,4075.8739
2023-09-27,3871.6724,3947.7939,3979.7905,4074.6006
2023-09-28,3867.7576,3945.0204,3976.2932,4073.1604
2023-10-09,3862.2403,3942.1846,3973.0670,4071.7458
2023-10-10,3852.3271,3939.1233,3969.6196,4070.1849
2023-10-11,3844.4320,3934.0056,3966.8268,4068.4759
2023-10-12,3838.7654,3929.7755,3963.7621,4067.1784
2023-10-13,3833.8527,3924.8362,3960.5083,4065.7196
2023-10-16,3827.9928,3917.2674,3957.0606,4064.0230
2023-10-17,3821.3705,3909.5107,3953.7875,4062.4076
2023-10-18,3813.6176,3901.5020,3950.3357,4060.6316
2023-10-19,3803.1209,3892.4817,3945.8314,4058.7728
2023-10-20,3791.6005,3882.2617,3941.6702,4057.1272
2023-10-23,3779.4796,3870.9679,3937.6924,4055.2858
2023-10-24,3767.0465,3860.5695,3933.9366,4053.4827
2023-10-25,3755.8817,3850.7448,3930.3553,4051.8096
2023-10-26,3745.9824,3841.3716,3927.0499,4050.1075
2023-10-27,3740.2951,3832.8273,3924.2038,4048.4255
2023-10-30,3732.2765,3826.6158,3921.9840,4046.9398
2023-10-31,3724.9333,3820.7574,3919.5617,4045.4711
2023-11-01,3718.6357,3815.0621,3916.5560,4043.9176
2023-11-02,3711.0744,3809.6019,3913.5579,4042.1930
2023-11-03,3705.6284,3804.4967,3911.2425,4040.5971
2023-11-06,3702.9349,3801.3672,3909.6225,4038.8608
2023-11-07,3701.0036,3799.0975,3907.5509,4036.9945
2023-11-08,3698.0848,3796.0554,3905.2188,4034.9167
2023-11-09,3693.4568,3794.3231,3902.8250,4032.8256
2023-11-10,3689.4817,3791.4923,3899.9473,4030.6367
2023-11-13,3687.0429,3788.8103,3897.0056,4028.3708
2023-11-14,3684.0796,3785.2845,3893.4558,4025.8265
2023-11-15,3683.9075,3781.5045,3889.7752,4023.0838
2023-11-16,3685.9137,3777.0363,3886.0693,4020.1645
2023-11-17,3688.8842,3772.9598,3882.3879,4017.2589
2023-11-20,3694.1597,3768.5118,3879.4142,4014.2631
2023-11-21,3699.0145,3762.9743,3877.0511,4011.1599
2023-11-22,3701.0796,3757.2709,3873.9398,4007.7650
2023-11-23,3703.5282,3752.0924,3871.0532,4004.6883
2023-11-24,3702.2682,3747.5351,3868.1196,4001.2882
2023-11-27,3698.5561,3742.8209,3864.7035,3997.8297
2023-11-28,3695.7659,3737.6732,3860.8341,3994.6095
2023-11-29,3691.4910,3732.0444,3856.5891,3991.5161
2023-11-30,3688.4941,3727.0739,3852.7379,3988.4255
2023-12-01,3683.2610,3721.8929,3849.0183,3985.3596
2023-12-04,3674.3478,3716.7531,3845.2399,3981.8933
2023-12-05,3662.6941,3709.8601,3840.5880,3978.2135
2023-12-06,3651.7654,3703.2265,3835.7313,3974.3687
2023-12-07,3640.3158,3696.7270,3831.0578,3970.4720
2023-12-08,3630.6501,3691.0840,3825.9006,3966.7292
2023-12-11,3622.3835,3684.4798,3820.9429,3963.2458
2023-12-12,3614.3597,3678.5304,3816.3913,3960.1052
2023-12-13,3602.0786,3671.8476,3811.3750,3956.1575
2023-12-14,3590.6884,3664.6427,3806.2183,3952.0624
2023-12-15,3578.9819,3657.4495,3801.2349,3948.1069
2023-12-18,3566.2196,3650.1036,3796.1441,3944.1054
2023-12-19,3553.4532,3643.4247,3791.2740,3940.3483
2023-12-20,3540.6925,3635.7751,3784.8903,3936.4912
2023-12-21,3528.7726,3628.0953,3778.9354,3932.6742
2023-12-22,3518.3964,3621.3526,3773.0944,3928.5930
2023-12-25,3509.8956,3615.5820,3766.4247,3924.6122
2023-12-26,3499.8837,3609.0784,3759.2946,3920.4481
2023-12-27,3492.0310,3603.4098,3752.4559,3916.4550
2023-12-28,3487.8109,3600.9499,3746.7158,3913.1770
2023-12-29,3485.1354,3599.3069,3740.7843,3910.0607
2024-01-02,3481.3220,3597.4900,3734.2289,3906.7868
2024-01-03,3480.4972,3595.2403,3727.9049,3903.7437
2024-01-04,3477.7814,3591.9864,3721.3656,3900.3243
2024-01-05,3474.5685,3588.1614,3714.7665,3896.9363
2024-01-08,3468.7080,3582.4492,3707.6382,3893.3144
2024-01-09,3462.1473,3576.4281,3701.5220,3889.9725
2024-01-10,3454.4124,3570.3221,3695.5397,3886.4496
2024-01-11,3450.5912,3564.6299,3689.8460,3883.1244
2024-01-12,3447.0879,3559.0481,3684.3250,3879.5161
2024-01-15,3443.9545,3552.7799,3678.6383,3875.8028
2024-01-16,3442.4822,3545.9225,3673.6449,3871.9878
2024-01-17,3437.0579,3537.8464,3668.4719,3867.8639
2024-01-18,3435.8811,3530.8936,3663.4745,3864.0513
2024-01-19,3432.7240,3523.8022,3659.0626,3860.2801
2024-01-22,3426.6088,3516.2034,3653.8479,3856.2116
2024-01-23,3420.6388,3509.0204,3648.9153,3852.0432
2024-01-24,3418.1747,3502.7165,3644.0005,3848.0441
2024-01-25,3418.5137,3497.2523,3639.3784,3844.1803
2024-01-26,3414.3421,3492.3212,3634.6788,3840.2046
2024-01-29,3407.7711,3486.8616,3629.9107,3836.1081
2024-01-30,3400.4682,3480.0134,3624.2626,3831.5694
2024-01-31,3392.0470,3472.4533,3617.7138,3826.9727
2024-02-01,3385.3628,3465.6996,3611.4853,3822.4122
2024-02-02,3377.6377,3457.8053,3604.9488,3817.6698
2024-02-05,3373.2119,3450.8267,3599.1809,3813.1811
2024-02-06,3374.2036,3446.6871,3594.7540,3809.1485
2024-02-07,3377.6403,3443.0718,3590.3725,3804.9844
2024-02-08,3381.2196,3440.5213,3586.2829,3800.8651
2024-02-19,3387.4026,3438.6115,3582.8427,3797.1403
2024-02-20,3394.1173,3437.1225,3579.5077,3793.5115
2024-02-21,3402.1788,3437.0549,3576.9040,3790.5363
2024-02-22,3415.4910,3438.9652,3574.4126,3787.9731
2024-02-23,3426.6026,3440.8285,3572.0275,3785.5290
2024-02-26,3436.0899,3442.1118,3569.4194,3782.9147
2024-02-27,3450.3478,3444.0825,3567.5833,3780.3637
2024-02-28,3461.6310,3444.7194,3564.5996,3777.3723
2024-02-29,3473.9809,3446.5650,3562.5477,3774.7151
2024-03-01,3484.0522,3450.0418,3560.9447,3772.2392
2024-03-04,3494.7525,3453.9469,3559.2948,3769.5426
2024-03-05,3508.2693,3458.5765,3558.0130,3767.1531
2024-03-06,3524.0837,3463.1591,3556.6313,3764.8491
2024-03-07,3540.3302,3467.2041,3555.3144,3762.4670
2024-03-08,3557.2398,3472.3186,3554.0468,3760.4368
2024-03-11,3578.4093,3477.6599,3552.8776,3758.3198
2024-03-12,3598.9297,3483.0400,3552.1963,3756.3523
2024-03-13,3612.4010,3487.6893,3551.6357,3754.3481
2024-03-14,3623.6977,3492.5974,3550.8379,3752.3127
2024-03-15,3634.2951,3497.4270,3550.4184,3750.3771
2024-03-18,3644.6165,3501.3337,3551.1418,3748.4866
2024-03-19,3653.2357,3504.3626,3551.8347,3746.7525
2024-03-20,3659.8770,3508.4769,3552.9835,3745.3379
2024-03-21,3664.7566,3512.6689,3553.9546,3743.9456
2024-03-22,3667.6124,3516.7609,3554.3736,3742.3645
2024-03-25,3671.3540,3520.8260,3554.4937,3740.7718
2024-03-26,3673.8842,3526.1530,3554.3011,3739.2525
2024-03-27,3676.5990,3530.5001,3553.4641,3737.7240
2024-03-28,3676.8512,3535.5405,3552.9313,3736.2465
2024-03-29,3676.8346,3540.5391,3552.5845,3734.5702
2024-04-01,3679.6656,3546.9780,3553.0130,3733.2855
2024-04-02,3680.4496,3553.1746,3552.9773,3732.1099
2024-04-03,3681.3152,3558.6923,3552.3074,3730.9650
2024-04-08,3681.6610,3565.0454,3551.4459,3729.4984
2024-04-09,3681.0708,3570.3944,3550.6440,3727.9314
2024-04-10,3676.7013,3575.2509,3549.5265,3726.1758
2024-04-11,3671.8822,3581.1494,3548.6764,3724.3118
2024-04-12,3666.8941,3586.1914,3547.6059,3722.3057
2024-04-15,3666.2150,3591.8135,3547.2650,3720.3604
2024-04-16,3663.1721,3595.2903,3546.2713,3718.0233
2024-04-17,3661.2016,3600.0775,3546.1994,3716.1343
2024-04-18,3660.7969,3605.5729,3546.2173,3714.3026
2024-04-19,3658.5375,3611.7046,3545.8590,3712.6366
2024-04-22,3655.9437,3618.2276,3545.3405,3711.1958
2024-04-23,3653.9395,3624.1916,3544.9456,3709.4427
2024-04-24,3653.7256,3631.2612,3544.5332,3707.7932
2024-04-25,3653.0295,3638.0800,3544.4533,3706.2865
2024-04-26,3657.2403,3643.7147,3545.2009,3704.9522
2024-04-29,3662.5607,3649.5086,3546.2902,3703.5622
2024-04-30,3666.0186,3654.4587,3547.4900,3702.0396
2024-05-06,3669.2346,3659.7108,3549.1611,3700.9495
2024-05-07,3673.2827,3664.8407,3550.9816,3699.9999
2024-05-08,3676.5085,3668.4242,3552.7395,3698.9897
2024-05-09,3683.1313,3672.1015,3555.5333,3698.0607
2024-05-10,3689.9938,3675.7509,3558.2897,3697.0105
2024-05-13,3698.2615,3680.1195,3561.1157,3696.0867
2024-05-14,3706.1587,3683.4737,3563.7781,3694.8393
2024-05-15,3713.9220,3687.1078,3565.9136,3693.4283
2024-05-16,3718.6393,3689.6769,3568.1209,3692.2561
2024-05-17,3727.2625,3692.5745,3571.3081,3691.3416
2024-05-20,3733.7514,3695.6771,3574.8120,3690.5151
2024-05-21,3739.2481,3697.9644,3578.2705,3689.7527
2024-05-22,3746.6274,3700.7221,3581.9406,3689.0423
2024-05-23,3752.3581,3703.0388,3585.1214,3688.1977
2024-05-24,3757.2811,3704.2082,3588.2634,3686.5768
2024-05-27,3763.1773,3705.1684,3591.4142,3685.1748
2024-05-28,3767.2543,3705.4098,3594.2249,3683.6596
2024-05-29,3768.7659,3706.2607,3596.9750,3681.6998
2024-05-30,3767.2362,3706.9240,3599.7607,3679.5276
2024-05-31,3765.9716,3707.1293,3602.2781,3677.3670
2024-06-03,3762.3990,3706.8238,3604.0788,3675.3973
2024-06-04,3760.1592,3707.6101,3605.9864,3673.3853
2024-06-05,3758.3282,3707.8047,3608.1408,3671.1849
2024-06-06,3754.5912,3708.0353,3610.3521,3669.1285
2024-06-07,3749.8279,3708.6371,3612.6990,3667.0323
2024-06-11,3743.5328,3708.9910,3614.9085,3664.8375
2024-06-12,3737.6966,3708.9987,3617.5758,3662.6070
2024-06-13,3732.5323,3709.4811,3619.9906,3660.7563
2024-06-14,3727.4248,3709.9064,3622.7234,3659.1316
2024-06-17,3720.0982,3709.8799,3625.2095,3657.5278
2024-06-18,3712.5855,3708.8451,3627.9115,3656.1182
2024-06-19,3704.9674,3707.7716,3630.4731,3654.5557
2024-06-20,3695.6047,3706.4378,3632.5651,3653.1050
2024-06-21,3688.0506,3705.5946,3635.3200,3651.8960
2024-06-24,3681.6078,3704.4229,3637.4087,3650.4416
2024-06-25,3672.4186,3703.4553,3639.3531,3649.2079
2024-06-26,3665.7566,3702.9596,3642.0545,3647.9512
2024-06-27,3657.5189,3702.5106,3644.3510,3646.6332
2024-06-28,3650.6636,3700.7035,3646.2585,3645.1295
2024-07-01,3645.4057,3700.0227,3647.6565,3643.5175
2024-07-02,3639.3612,3698.0876,3649.0826,3641.8807
2024-07-03,3631.4925,3695.8884,3650.7306,3640.3207
2024-07-04,3623.7933,3693.9070,3652.8058,3638.5342
2024-07-05,3615.4630,3691.8431,3655.0353,3636.3746
2024-07-08,3606.5561,3689.6837,3656.9377,3634.2115
2024-07-09,3601.2295,3687.9926,3659.6269,3632.2879
2024-07-10,3595.2786,3685.8983,3661.9891,3630.5850
2024-07-11,3592.2832,3683.4983,3663.6065,3629.1803
2024-07-12,3588.7106,3680.3663,3664.9375,3627.6550
2024-07-15,3585.6124,3677.7174,3666.0881,3626.1855
2024-07-16,3583.1674,3674.4182,3667.0645,3624.9536
2024-07-17,3581.7633,3671.1638,3668.0023,3623.7550
2024-07-18,3582.6755,3668.9046,3668.6644,3622.7842
2024-07-19,3584.9183,3666.3095,3669.2055,3621.8090
2024-07-22,3586.8879,3663.1806,3669.4657,3620.7466
2024-07-23,3585.9566,3658.5333,3669.3264,3619.3729
2024-07-24,3582.7478,3653.5952,3668.5345,3618.0589
2024-07-25,3579.9132,3648.9071,3668.0074,3616.3035
2024-07-26,3577.2067,3644.1304,3666.9037,3614.7257
2024-07-29,3572.6879,3638.1929,3665.3837,3613.1642
2024-07-30,3567.3953,3631.5452,3663.6112,3611.4530
2024-07-31,3566.2930,3626.7064,3662.3354,3610.1742
2024-08-01,3564.9214,3621.2246,3660.9733,3608.8023
2024-08-02,3562.5096,3615.9037,3659.4712,3607.3928
2024-08-05,3559.4894,3610.5670,3657.3876,3605.7172
2024-08-06,3554.4853,3604.5158,3654.8421,3603.8598
2024-08-07,3549.9643,3598.9823,3652.1961,3602.1962
2024-08-08,3543.4925,3593.3889,3649.8248,3600.7302
2024-08-09,3536.2176,3587.9589,3647.4414,3599.1397
2024-08-12,3528.4455,3582.7070,3644.9181,3597.6683
2024-08-13,3519.9757,3577.4489,3642.1363,3596.6391
2024-08-14,3510.0357,3571.1144,3639.3623,3595.5985
2024-08-15,3500.7860,3565.8878,3636.8462,3594.9148
2024-08-16,3490.7917,3560.7897,3634.4125,3594.1836
2024-08-19,3482.6289,3556.3010,3632.4690,3593.4213
2024-08-20,3477.0899,3551.9562,3630.4736,3592.4837
2024-08-21,3472.1013,3547.3571,3628.1779,3591.2395
2024-08-22,3467.6501,3542.9542,3626.2177,3589.8409
2024-08-23,3463.4072,3538.5234,3624.2149,3588.5731
2024-08-26,3459.9695,3534.1414,3622.0106,3587.2976
2024-08-27,3456.6594,3529.1748,3619.0099,3586.0115
2024-08-28,3448.6191,3524.1670,3615.9693,3584.4733
2024-08-29,3441.3018,3519.5035,3612.9706,3582.6390
2024-08-30,3438.0481,3515.9026,3610.7486,3581.0973
2024-09-02,3434.0010,3511.5243,3607.9736,3579.3088
2024-09-03,3430.4067,3507.7110,3605.5832,3577.5548
2024-09-04,3425.7902,3502.9958,3602.9777,3575.8270
2024-09-05,3421.3881,3498.9366,3600.7236,3574.1648
2024-09-06,3416.2057,3494.1757,3597.4396,3572.3523
2024-09-09,3409.3370,3488.2795,3594.1511,3570.2112
2024-09-10,3402.1726,3482.5734,3590.3305,3568.2650
2024-09-11,3395.8103,3476.8416,3586.3650,3566.2911
2024-09-12,3387.0517,3471.1911,3582.5490,3564.2040
2024-09-13,3377.4196,3465.5723,3578.7077,3562.0241
2024-09-18,3367.8093,3460.8023,3575.2430,3560.0943
2024-09-19,3360.7468,3455.7631,3571.8778,3558.2055
2024-09-20,3354.5147,3451.0516,3568.4749,3556.4641
2024-09-23,3349.3271,3445.7718,3564.6350,3554.9180
2024-09-24,3350.6047,3443.2810,3561.8237,3554.0570
2024-09-25,3354.6000,3441.7364,3559.7269,3553.6085
2024-09-26,3367.0026,3442.7088,3558.5635,3553.8623
2024-09-27,3388.5623,3446.8866,3559.0252,3555.0034
2024-09-30,3426.8140,3457.1589,3563.0317,3557.8856
2024-10-08,3475.1173,3471.9822,3569.1458,3562.3396
2024-10-09,3510.8264,3481.0997,3572.1402,3565.2149
2024-10-10,3548.2610,3492.6328,3575.5830,3568.3494
2024-10-11,3581.0780,3502.3279,3577.9616,3570.8698
2024-10-14,3617.4388,3513.9469,3581.4270,3573.6703
2024-10-15,3649.7199,3523.1810,3583.6557,3575.8883
2024-10-16,3682.7245,3532.2942,3585.2435,3578.2758
2024-10-17,3713.3426,3540.9524,3586.2488,3580.5304
2024-10-18,3751.5390,3550.9399,3588.8232,3583.5468
2024-10-21,3790.9566,3561.6052,3591.4149,3586.6777
2024-10-22,3832.2243,3573.4582,3594.6809,3589.9012
2024-10-23,3873.6817,3586.4792,3598.5231,3593.3932
2024-10-24,3911.5519,3598.5898,3601.5528,3596.4835
2024-10-25,3950.5891,3611.3015,3605.1419,3599.6834
2024-10-28,3989.4212,3624.1433,3608.7661,3602.8705
2024-10-29,4019.0202,3636.4021,3612.1805,3605.9706
2024-10-30,4044.2357,3648.0525,3615.3797,3608.8289
2024-10-31,4062.1023,3659.5595,3618.5042,3611.2915
2024-11-01,4071.7323,3671.5653,3621.3398,3613.6631
2024-11-04,4067.9550,3684.0265,3624.9571,3616.5489
2024-11-05,4057.0233,3698.4748,3629.6322,3619.9922
2024-11-06,4060.5530,3712.2694,3634.2852,3623.4921
2024-11-07,4068.1969,3729.0756,3640.5159,3627.7122
2024-11-08,4079.4052,3745.2494,3646.3033,3631.9395
2024-11-11,4088.1798,3762.1588,3652.5565,3636.2735
2024-11-12,4100.0532,3777.8394,3658.1814,3640.4524
2024-11-13,4114.4873,3794.1013,3664.1213,3644.6654
2024-11-14,4127.4796,3809.2804,3669.2276,3648.5696
2024-11-15,4129.7328,3823.3854,3673.7762,3652.1247
2024-11-18,4130.5173,3837.2914,3678.3974,3655.4812
2024-11-19,4131.5049,3850.8409,3683.3718,3659.3459
2024-11-20,4132.1540,3865.7404,3688.6324,3663.0205
2024-11-21,4135.2791,3880.5387,3694.1249,3666.7390
2024-11-22,4130.5907,3893.2217,3698.1087,3670.0816
2024-11-25,4124.5922,3905.4249,3702.1808,3673.2659
2024-11-26,4120.2269,3918.0105,3706.0931,3676.1758
2024-11-27,4121.1359,3932.7721,3710.5258,3679.0912
2024-11-28,4120.1804,3946.7626,3714.6680,3681.8753
2024-11-29,4121.5530,3961.8623,3719.3519,3685.0413
2024-12-02,4121.7013,3977.8863,3724.5387,3688.6722
2024-12-03,4116.9116,3994.2716,3729.9220,3692.4787
2024-12-04,4112.0682,4009.9729,3735.3876,3696.1626
2024-12-05,4100.4863,4024.9714,3740.3672,3699.9971
2024-12-06,4093.7209,4040.9319,3745.9917,3703.9904
2024-12-09,4085.2165,4056.5145,3751.1432,3707.3748
2024-12-10,4080.5602,4069.8216,3756.5513,3710.7444
2024-12-11,4074.2522,4081.9622,3761.8493,3713.9687
2024-12-12,4073.6775,4091.9504,3767.3296,3717.1971
2024-12-13,4071.8351,4096.6946,3771.7906,3719.8964
2024-12-16,4069.8434,4094.5032,3775.8310,3722.2477
2024-12-17,4067.0083,4087.5973,3779.7898,3724.4976
2024-12-18,4064.7406,4087.3060,3784.2029,3726.8343
2024-12-19,4062.4749,4086.2243,3789.4285,3729.3775
2024-12-20,4065.6811,4087.0629,3794.6954,3731.6149
2024-12-23,4070.0987,4086.4889,3800.2179,3734.1127
2024-12-24,4077.5152,4089.1287,3806.1548,3736.5293
2024-12-25,4081.5767,4092.3130,3812.3036,3738.8436
2024-12-26,4087.5163,4096.4320,3818.6922,3741.1517
2024-12-27,4090.8470,4097.5855,3824.2627,3743.2991
2024-12-30,4093.5044,4098.9054,3830.2553,3745.6143
2024-12-31,4092.6269,4098.4327,3835.9454,3747.7083
2025-01-02,4086.9339,4095.2738,3840.8765,3749.1320
2025-01-03,4079.3664,4092.0972,3845.3435,3750.0928
2025-01-06,4068.8150,4088.2222,3849.7619,3750.9790
2025-01-07,4060.0057,4084.7483,3854.4458,3752.1353
2025-01-08,4049.3380,4081.9487,3859.1754,3753.3084
2025-01-09,4038.5395,4079.6837,3863.8681,3754.3931
2025-01-10,4023.2413,4076.4060,3867.9827,3755.0595
2025-01-13,4012.3540,4072.9433,3872.2543,3755.8083
2025-01-14,4007.6357,4070.3754,3877.2009,3757.0236
2025-01-15,4001.1240,4065.2376,3881.8562,3758.1344
2025-01-16,3993.8109,4060.6092,3886.4393,3759.4542
2025-01-17,3986.9313,4053.7180,3891.3968,3760.9352
2025-01-20,3981.8636,4048.0463,3896.6479,3762.4129
2025-01-21,3976.6460,4041.8753,3902.0171,3764.1174
2025-01-22,3966.9990,4035.9070,3906.8732,3765.5440
2025-01-23,3957.5990,4029.5576,3911.8295,3766.9201
2025-01-24,3949.6083,4025.2835,3917.2820,3768.1459
2025-01-27,3941.1354,4022.1466,3922.7660,3769.3676
2025-02-05,3930.5943,4018.9362,3928.1138,3770.5422
2025-02-06,3925.8357,4016.1650,3933.5029,3772.1258
2025-02-07,3929.5721,4014.2410,3939.9907,3773.9822
2025-02-10,3936.0786,4012.4170,3946.4778,3776.0305
2025-02-11,3941.9788,4012.7775,3952.9996,3777.9886
2025-02-12,3948.3742,4014.2611,3959.8430,3780.2833
2025-02-13,3954.3649,4015.6039,3966.8072,3782.1234
2025-02-14,3962.5886,4016.2648,3974.5184,3784.3348
2025-02-17,3973.6956,4017.8121,3982.2873,3786.3089
2025-02-18,3983.5287,4017.7335,3989.7979,3788.0814
2025-02-19,3989.7106,4017.5791,3997.7327,3790.1409
2025-02-20,3996.5773,4017.1039,4005.6878,3792.1977
2025-02-21,4005.7793,4018.0936,4014.0333,3794.6381
2025-02-24,4013.9127,4019.0886,4022.0300,3796.9539
2025-02-25,4018.8724,4018.1069,4029.5194,3798.9972
2025-02-26,4025.4527,4017.9698,4037.2422,3800.9386
2025-02-27,4034.2951,4017.4009,4043.6113,3802.7175
2025-02-28,4038.7556,4015.3590,4048.6606,3804.1937
2025-03-03,4041.6295,4012.4643,4052.2073,3805.3854
2025-03-04,4045.1509,4011.4729,4054.0837,3806.5545
2025-03-05,4050.7059,4011.2812,4052.8922,3807.9620
2025-03-06,4056.5669,4011.9884,4049.7929,3809.4694
2025-03-07,4059.2186,4012.0322,4049.6691,3810.9047
2025-03-10,4060.6522,4011.6879,4048.9561,3812.2696
2025-03-11,4063.6641,4011.9706,4049.5168,3813.7392
2025-03-12,4064.0450,4011.8396,4049.1642,3815.2956
2025-03-13,4064.3778,4010.3489,4049.7388,3816.6973
2025-03-14,4067.8687,4010.7816,4051.5473,3818.3954
2025-03-17,4070.4212,4010.9741,4053.7030,3819.9759
2025-03-18,4075.3276,4011.5258,4054.5557,3821.6894
2025-03-19,4078.9457,4011.7557,4055.3305,3823.3727
2025-03-20,4081.3276,4012.5842,4055.5084,3825.0947
2025-03-21,4078.0336,4014.5335,4054.9037,3826.7134
2025-03-24,4076.2315,4017.8346,4054.9659,3828.2593
2025-03-25,4076.5752,4021.2110,4054.7166,3829.9293
2025-03-26,4074.4780,4023.7588,4054.2535,3831.5098
2025-03-27,4072.6326,4026.7188,4054.3337,3833.2571
2025-03-28,4073.9307,4029.5155,4054.5996,3834.9897
2025-03-31,4073.8708,4032.7161,4054.5610,3836.5326
2025-04-01,4073.9979,4036.1304,4054.5368,3837.9383
2025-04-02,4073.0584,4037.4503,4053.9129,3839.4350
2025-04-03,4068.1623,4038.8037,4052.0207,3840.8265
2025-04-07,4049.8382,4034.4432,4047.5262,3840.9057
2025-04-08,4035.4693,4031.1030,4042.4105,3841.4632
2025-04-09,4022.3101,4028.1493,4038.0978,3842.2005
2025-04-10,4012.3819,4026.1340,4034.0047,3843.2806
2025-04-11,4004.0584,4025.1727,4030.5398,3844.3606
2025-04-14,3991.2718,4024.2507,4026.9042,3845.5128
2025-04-15,3979.0982,4022.7700,4024.0268,3846.6272
2025-04-16,3966.9587,4021.8551,4022.0008,3847.8885
2025-04-17,3954.6615,4021.3825,4020.1594,3849.2784
2025-04-18,3944.1979,4019.9291,4018.0470,3850.7094
2025-04-21,3937.4889,4017.7003,4015.9706,3852.3015
2025-04-22,3929.6904,4015.2794,4013.8482,3853.9865
2025-04-23,3922.1752,4013.2895,4013.0335,3855.5711
2025-04-24,3915.1984,4010.4885,4012.3748,3857.2778
2025-04-25,3907.6832,4008.0461,4011.8250,3858.9591
2025-04-28,3900.7814,4004.7926,4010.5287,3860.5272
2025-04-29,3894.9814,4001.2304,4009.5212,3862.0946
2025-04-30,3888.9292,3998.2906,4008.0121,3863.6820
2025-05-06,3885.0093,3995.5698,4006.5745,3865.5566
2025-05-07,3883.4656,3993.5591,4005.3315,3867.6267
2025-05-08,3897.0811,3990.9639,4004.5288,3869.9582
2025-05-09,3907.1793,3988.4097,4003.7491,3872.0582
2025-05-12,3917.7127,3987.6854,4002.8961,3874.4439
2025-05-13,3926.0403,3986.3690,4002.1694,3876.6563
2025-05-14,3935.9984,3985.8541,4001.6275,3879.0894
2025-05-15,3943.6501,3986.2086,4000.7838,3881.3165
2025-05-16,3950.2579,3986.2214,3999.3428,3883.3362
2025-05-19,3955.6496,3986.0546,3998.7637,3885.2772
2025-05-20,3962.1587,3985.9636,3998.6224,3887.2267
2025-05-21,3969.5933,3985.1396,3998.5640,3889.1769
2025-05-22,3976.2594,3984.5166,3998.2744,3891.2387
2025-05-23,3981.3406,3983.5547,3997.6213,3893.5249
2025-05-26,3985.1251,3981.8739,3996.9223,3895.8088
2025-05-27,3987.9695,3980.0583,3995.9489,3898.0834
2025-05-28,3990.5147,3978.5009,3994.4249,3900.2899
2025-05-29,3994.4982,3975.4443,3993.1130,3902.7083
2025-05-30,3997.8651,3972.2080,3991.5910,3905.1416
2025-06-03,4002.0739,3968.9891,3990.2575,3907.2601
2025-06-04,4005.1850,3966.0655,3988.9106,3909.5829
2025-06-05,4007.5587,3964.0515,3988.3178,3912.1316
2025-06-06,4008.6481,3963.2097,3988.8716,3914.8741
2025-06-09,4010.6682,3962.1844,3990.0095,3917.6765
2025-06-10,4009.3690,3960.8029,3991.0069,3920.3844
2025-06-11,4009.2848,3960.2917,3992.0252,3923.2355
2025-06-12,4006.6486,3959.4605,3993.0896,3926.1325
2025-06-13,4004.4253,3958.4064,3993.9609,3928.9145
2025-06-16,4003.6351,3958.1271,3995.4216,3931.7022
2025-06-17,4003.2853,3957.7695,3996.9500,3934.6021
2025-06-18,4002.0863,3957.5748,3997.5126,3937.3567
2025-06-19,3998.2987,3957.1942,3997.9990,3939.9276
2025-06-20,3994.8243,3962.5110,3998.4771,3942.4582
2025-06-23,3993.5649,3966.7930,3998.9480,3945.1724
2025-06-24,3995.8346,3971.2837,3999.7165,3948.1822
2025-06-25,4002.0708,3975.9339,4001.0339,3951.5255
2025-06-26,4007.7442,3979.9752,4002.5740,3954.7236
2025-06-27,4011.0031,3983.3368,4003.7938,3957.8116
2025-06-30,4015.9566,3986.9513,4004.8607,3961.0713
2025-07-01,4020.6465,3990.4643,4006.1597,3964.4628
2025-07-02,4024.5194,3994.0087,4007.6956,3967.9047
2025-07-03,4029.1969,3998.0511,4008.9901,3971.2465
2025-07-04,4034.7897,4002.1300,4009.9151,3974.9529
2025-07-07,4038.9199,4005.8762,4010.5778,3978.5278
2025-07-08,4045.7922,4010.2497,4011.7696,3982.3846
2025-07-09,4050.7933,4014.5296,4012.5090,3986.1760
2025-07-10,4056.8822,4019.1401,4013.5931,3990.2002
2025-07-11,4064.6667,4023.9605,4014.3765,3994.4475
2025-07-14,4072.1018,4028.9753,4015.1028,3998.6951
2025-07-15,4079.7855,4034.1120,4016.2013,4002.9996
2025-07-16,4086.6191,4038.2187,4016.8943,4007.3135
2025-07-17,4096.5106,4042.4122,4017.9856,4011.8367
2025-07-18,4107.4620,4046.6634,4018.8136,4016.4235
2025-07-21,4119.2300,4051.6132,4020.0115,4021.0207
2025-07-22,4130.3375,4056.3336,4022.0095,4025.7644
2025-07-23,4138.5907,4060.9540,4023.6615,4030.4518
2025-07-24,4149.0827,4065.2089,4025.5315,4034.5714
2025-07-25,4159.6977,4069.7559,4027.9822,4038.3214
2025-07-28,4170.0202,4074.8562,4030.5388,4041.3731
2025-07-29,4180.8346,4080.5383,4033.2964,4043.6901
2025-07-30,4191.5612,4085.7697,4035.8667,4044.3794
2025-07-31,4197.1178,4089.0609,4037.1003,4043.4466
2025-08-01,4200.8765,4091.9768,4038.2467,4043.9579
2025-08-04,4206.3302,4095.8720,4039.7134,4044.3347
2025-08-05,4211.7566,4100.9023,4041.3881,4045.4525
2025-08-06,4218.0661,4106.5683,4043.3133,4046.2388
2025-08-07,4223.4744,4112.3239,4045.4124,4047.5756
2025-08-08,4228.1339,4117.4148,4046.4296,4048.9884
2025-08-11,4233.5519,4123.2500,4047.7290,4050.7160
2025-08-12,4240.0000,4129.2825,4049.1358,4051.8457
2025-08-13,4248.7535,4135.6461,4050.8558,4053.0932
2025-08-14,4255.9276,4141.7598,4052.9056,4054.2070
2025-08-15,4263.3592,4148.5478,4055.8788,4055.3912
2025-08-18,4271.3075,4155.8689,4059.0267,4056.9963
2025-08-19,4276.7034,4163.2674,4062.0351,4058.3759
2025-08-20,4284.5395,4171.0559,4065.6738,4059.9637
2025-08-21,4291.7245,4179.2393,4069.3499,4061.8418
2025-08-22,4304.6879,4189.8609,4074.1336,4064.3666
2025-08-25,4321.9178,4202.1693,4080.1482,4067.3546
2025-08-26,4337.4512,4214.2047,4085.9871,4070.2620
2025-08-27,4349.5902,4224.7713,4091.1730,4072.5429
2025-08-28,4369.6517,4237.6021,4097.3981,4074.7094
2025-08-29,4392.4853,4251.0412,4106.7761,4077.1512
2025-09-01,4415.8966,4264.8048,4115.7989,4079.1047
2025-09-02,4435.8966,4276.9271,4124.1054,4081.1016
2025-09-03,4453.7953,4287.2581,4131.5960,4082.8003
2025-09-04,4466.7432,4295.9235,4137.9494,4084.2446
2025-09-05,4485.1075,4307.0565,4145.1967,4086.0504
2025-09-08,4502.9401,4318.0434,4152.4974,4088.2621
2025-09-09,4518.0527,4328.2450,4159.3546,4090.6777
2025-09-10,4531.9432,4338.6156,4166.3121,4093.2358
2025-09-11,4551.3085,4350.6044,4174.3278,4096.1874
2025-09-12,4567.8279,4361.7631,4181.9466,4098.9586
2025-09-15,4583.0036,4373.5024,4189.6893,4101.7687
2025-09-16,4598.5059,4384.3529,4197.3013,4105.1674
2025-09-17,4612.9566,4395.9212,4205.2254,4108.8001
2025-09-18,4623.8114,4406.0110,4212.5755,4112.2003
2025-09-19,4630.2155,4416.0804,4220.0205,4115.2746
2025-09-22,4632.9747,4426.5184,4227.7469,4118.6341
2025-09-23,4636.4470,4436.8693,4235.4906,4121.7514
2025-09-24,4645.7463,4448.4221,4243.3204,4124.9474
2025-09-25,4652.4496,4459.9777,4251.1949,4128.2632
2025-09-26,4655.2036,4470.1379,4258.4006,4131.4647
2025-09-29,4660.1824,4481.1857,4266.3995,4135.0743
2025-09-30,4667.9468,4491.9709,4274.1522,4138.5242
2025-10-09,4680.8486,4504.1612,4282.5576,4142.3635
2025-10-10,4693.8522,4513.8313,4289.5201,4145.5738
2025-10-13,4700.7597,4523.4813,4296.6186,4148.7012
2025-10-14,4704.4543,4531.8171,4303.3366,4151.3397
2025-10-15,4713.2413,4541.2076,4310.8730,4154.8183
2025-10-16,4722.1850,4550.8651,4318.3174,4158.4699
2025-10-17,4720.4382,4559.9326,4324.4967,4161.5304
2025-10-20,4721.2765,4569.9231,4330.9500,4164.6122
2025-10-21,4725.1426,4581.0274,4338.4497,4168.0355
2025-10-22,4728.7204,4591.1384,4346.0204,4171.4713
2025-10-23,4731.5793,4601.3265,4353.9474,4174.9482
2025-10-24,4739.9809,4612.6135,4362.4687,4178.4468
2025-10-27,4751.0455,4625.2451,4371.3299,4182.2214
2025-10-28,4759.7979,4637.0168,4380.1334,4185.8622
2025-10-29,4771.5840,4649.5028,4389.3927,4189.8251
2025-10-30,4779.0176,4660.5278,4398.0869,4193.4988
2025-10-31,4781.4558,4670.1889,4405.9744,4197.1461
2025-11-03,4786.7969,4679.5130,4414.0304,4201.4510
2025-11-04,4786.7271,4687.3536,4421.6113,4205.8104
2025-11-05,4786.0331,4695.7027,4429.4851,4210.2460
2025-11-06,4785.2021,4704.4263,4437.7411,4214.8832
2025-11-07,4788.4041,4712.5032,4445.8712,4219.4804
2025-11-10,4793.6274,4719.0572,4454.4590,4224.2100
2025-11-11,4799.4729,4722.8391,4462.5042,4228.9629
2025-11-12,4801.5204,4726.8353,4470.5200,4233.7350
2025-11-13,4805.8434,4733.3664,4479.0688,4238.2907
2025-11-14,4811.7302,4736.7640,4487.1830,4242.5910
2025-11-17,4814.8222,4738.8579,4494.9496,4246.7133
2025-11-18,4812.7716,4739.7774,4502.2911,4250.6195
2025-11-19,4812.5504,4741.7999,4509.3635,4254.5400
2025-11-20,4810.4114,4743.9729,4515.6155,4258.3247
2025-11-21,4799.7101,4745.8003,4520.8619,4261.7179
2025-11-24,4785.8615,4745.5467,4526.3016,4265.0477
2025-11-25,4775.4444,4746.0186,4532.0310,4268.4458
2025-11-26,4763.5473,4747.7007,4537.9728,4272.0663
2025-11-27,4753.4951,4749.1485,4543.8821,4275.7888
2025-11-28,4747.6031,4748.7068,4549.6556,4279.3228
2025-12-01,4743.6284,4749.8332,4555.7981,4282.8566
2025-12-02,4740.3018,4750.2729,4561.8876,4286.2327
2025-12-03,4735.3297,4750.4322,4567.3926,4289.5811
2025-12-04,4727.7416,4750.3403,4573.1307,4292.8199
2025-12-05,4722.8708,4752.1269,4579.0689,4296.3310
2025-12-08,4719.0827,4754.6040,4585.3422,4299.8594
2025-12-09,4716.2946,4756.1670,4591.3427,4303.2228
2025-12-10,4713.4997,4757.6564,4597.2628,4306.7321
2025-12-11,4705.7535,4757.3693,4602.8957,4309.8950
2025-12-12,4703.3147,4757.1101,4608.5439,4313.2648
2025-12-15,4700.9380,4757.1516,4613.6448,4316.2292
2025-12-16,4697.2873,4754.6193,4617.9025,4318.9570
2025-12-17,4696.8527,4753.3623,4622.6666,4322.3380
2025-12-18,4696.2243,4750.1232,4627.1422,4325.4019
2025-12-19,4702.1452,4749.1175,4631.4744,4328.5029
2025-12-22,4710.5984,4749.4822,4636.4818,4332.2320
2025-12-23,4717.3339,4751.1704,4641.4937,4336.0163
2025-12-24,4723.3509,4751.7445,4646.4761,4339.8863
2025-12-25,4729.9214,4752.2431,4651.5541,4343.7104
2025-12-26,4736.6698,4755.1994,4657.5660,4347.3331
2025-12-29,4739.9194,4757.2903,4663.6067,4350.9267
2025-12-30,4744.9297,4758.1877,4669.6075,4354.6605
2025-12-31,4750.0403,4758.9602,4675.0493,4358.2187
2026-01-05,4758.8868,4761.2633,4681.2949,4362.3041
2026-01-06,4769.5406,4763.9508,4688.2822,4366.8473
2026-01-07,4777.5468,4765.2045,4695.2248,4370.8272
2026-01-08,4784.7525,4766.1488,4701.5828,4374.6559
2026-01-09,4793.3876,4766.3779,4707.9404,4378.5381
2026-01-12,4805.6739,4768.0318,4714.2798,4382.5678
2026-01-13,4814.9804,4770.5199,4720.3544,4386.6300
2026-01-14,4824.7928,4772.3500,4725.9315,4390.9051
2026-01-15,4837.9132,4775.0937,4731.2237,4395.1252
2026-01-16,4845.7680,4777.2562,4736.4795,4399.2573
2026-01-19,4855.1566,4778.1050,4741.2656,4403.4697
2026-01-20,4862.9447,4778.9337,4745.7184,4407.5342
2026-01-21,4868.7044,4779.5130,4749.2851,4411.7094
2026-01-22,4874.0264,4780.9918,4751.9155,4416.0318
2026-01-23,4877.5633,4782.1617,4754.4985,4420.2428
2026-01-26,4880.8925,4782.2627,4757.8146,4424.4938
2026-01-27,4883.3964,4783.8658,4760.3149,4428.8565
2026-01-28,4887.4594,4786.3452,4762.6016,4434.6888
2026-01-29,4892.7612,4790.1836,4764.9805,4440.3897
2026-01-30,4896.7096,4792.6239,4767.2119,4445.6587
2026-02-02,4890.9333,4793.4720,4768.7225,4450.1592
2026-02-03,4884.1850,4797.7408,4771.7705,4454.8599
2026-02-04,4880.1545,4802.9218,4774.2342,4459.7155
2026-02-05,4876.6801,4806.6431,4776.3309,4464.4141
2026-02-06,4870.7204,4809.2471,4778.4739,4468.9143
2026-02-09,4867.0584,4813.4572,4781.3028,4473.8075
2026-02-10,4865.1602,4817.5427,4783.1248,4478.7263
2026-02-11,4863.7075,4820.3816,4785.1074,4483.5270
2026-02-12,4862.0615,4823.7976,4787.0352,4488.3623
2026-02-13,4858.3685,4826.4717,4788.4520,4492.8766
2026-02-24,4856.9773,4829.7993,4790.0698,4497.6476
2026-02-25,4857.8563,4832.9280,4792.5274,4502.5515
2026-02-26,4858.0527,4835.1010,4794.8525,4507.4365
2026-02-27,4857.3778,4837.4251,4796.7961,4512.2715
2026-03-02,4858.7302,4840.2539,4798.9551,4517.2229
2026-03-03,4856.0915,4842.3979,4799.8836,4521.6020
2026-03-04,4850.7649,4842.8459,4799.9780,4525.5865
2026-03-05,4847.1318,4844.8227,4800.9872,4529.6939
2026-03-06,4842.3034,4848.1900,4801.4047,4533.9021
2026-03-09,4837.6067,4848.9255,4801.1439,4537.6481
2026-03-10,4841.1612,4851.4468,4800.7850,4541.6713
2026-03-11,4843.4553,4854.2648,4801.6912,4545.6056
2026-03-12,4842.8806,4855.8346,4802.6584,4549.6385
2026-03-13,4842.8145,4856.8353,4804.0029,4553.6698
2026-03-16,4844.2594,4857.6105,4804.6775,4557.7752
2026-03-17,4840.0413,4857.5051,4804.8741,4561.5958
2026-03-18,4836.6320,4857.5276,4806.3635,4565.4301
2026-03-19,4829.8842,4856.3675,4806.8289,4568.8895
2026-03-20,4822.0000,4854.6257,4806.4067,4572.4282
2026-03-23,4809.4724,4850.2445,4804.6024,4575.3114
2026-03-24,4797.4403,4845.2207,4803.2420,4578.5947
2026-03-25,4787.1860,4839.9861,4801.9685,4582.2186
2026-03-26,4774.3003,4833.8024,4799.5035,4585.4167
2026-03-27,4763.5468,4828.9428,4797.5458,4588.8396
2026-03-30,4751.3132,4823.4241,4794.9010,4592.1468
2026-03-31,4740.6749,4816.3983,4792.2151,4595.1510
2026-04-01,4736.7189,4811.5413,4791.0306,4598.5025
2026-04-02,4727.9964,4806.1042,4789.2271,4601.6287
2026-04-03,4716.6450,4799.6827,4787.3882,4604.4997
2026-04-07,4707.6093,4793.6620,4785.4591,4607.4721
2026-04-08,4703.5163,4790.7907,4784.4479,4611.0945
2026-04-09,4696.3700,4787.6349,4783.2843,4614.5778
2026-04-10,4693.7349,4785.8468,4782.6799,4618.5695
2026-04-13,4692.5468,4784.2435,4782.6177,4622.5609
2026-04-14,4694.0827,4784.2183,4783.1900,4626.8550
2026-04-15,4696.5535,4783.7695,4783.0161,4631.0425
2026-04-16,4700.5990,4784.4087,4784.1373,4635.6602
2026-04-17,4708.1142,4784.6295,4785.4873,4640.2184
2026-04-20,4717.9550,4784.7033,4787.4434,4644.8672
2026-04-21,4736.0429,4785.9779,4789.3009,4649.3322
2026-04-22,4752.8341,4789.9810,4791.7265,4653.6710
2026-04-23,4765.6951,4792.5902,4795.1655,4658.0137
2026-04-24,4780.7773,4794.0515,4798.4866,4662.3941
2026-04-27,4794.6470,4796.1296,4801.3864,4666.7087
2026-04-28,4808.4072,4798.4988,4803.8730,4670.9229
2026-04-29,4827.0274,4800.3859,4806.9216,4675.4018
2026-04-30,4841.5618,4802.1019,4809.8223,4679.7390
2026-05-06,4862.1395,4805.4770,4812.9293,4684.3637
2026-05-07,4885.8977,4809.2172,4816.5074,4689.1975
2026-05-08,4908.1866,4813.5893,4820.0305,4693.7115
2026-05-11,4926.5990,4818.6394,4824.2193,4698.6750
2026-05-12,4946.3318,4823.0251,4827.9765,4703.5227
2026-05-13,4965.0279,4828.6369,4831.8689,4708.6056
2026-05-14,4978.9013,4832.8529,4835.1390,4713.2409
2026-05-15,4987.0827,4835.5593,4837.9066,4717.5847
2026-05-18,4994.7452,4839.2310,4840.8145,4721.8551
2026-05-19,5000.7540,4844.4043,4843.6251,4726.0845
2026-05-20,5007.0605,4848.6009,4846.7118,4730.1783
2026-05-21,5008.3866,4851.1365,4849.6633,4733.7829
2026-05-22,5012.3711,4855.8836,4852.4045,4737.5356
2026-05-25,5018.6744,4860.9863,4856.2165,4741.6794
2026-05-26,5027.0217,4866.0167,4860.1408,4745.8076
2026-05-27,5034.1948,4870.5772,4863.2059,4749.8438
2026-05-28,5041.5984,4875.6432,4866.2393,4753.8665
2026-05-29,5048.5189,4880.2026,4868.9066,4757.6913
2026-06-01,5050.2713,4884.4779,4870.9915,4761.2728
2026-06-02,5055.8140,4889.7747,4873.6512,4765.6086
2026-06-03,5059.0036,4897.1248,4876.7461,4770.1764
2026-06-04,5059.2227,4904.1063,4879.3660,4774.4868
2026-06-05,5056.3809,4912.3527,4881.2986,4778.1740
2026-06-08,5044.0708,4917.2916,4881.2561,4781.2755
2026-06-09,5036.5132,4922.7560,4881.3711,4784.8266
2026-06-10,5023.6062,4928.3593,4881.0808,4788.1528
2026-06-11,5013.6739,4932.9038,4880.9233,4791.2531
2026-06-12,5009.4222,4938.8029,4881.1135,4794.5269
2026-06-15,5012.4295,4947.9328,4882.1656,4798.2227
2026-06-16,5014.0496,4955.3366,4883.4390,4801.8967
2026-06-17,5018.2196,4964.6902,4885.3972,4805.6643
2026-06-18,5026.4109,4975.0429,4887.3628,4809.2932
2026-06-22,5037.4992,4987.8396,4890.7508,4813.6151
2026-06-23,5037.3850,4994.5337,4892.6622,4816.9639
2026-06-24,5037.1354,5002.3229,4894.9789,4820.3487
2026-06-25,5042.9199,5010.2512,4898.0490,4823.6670
2026-06-26,5040.5432,5014.8418,4899.5426,4825.7290
2026-06-29,5042.3416,5019.5061,4901.8622,4828.1804
2026-06-30,5049.3271,5025.5874,4904.6784,4831.2465
2026-07-01,5051.6227,5030.1842,4907.2964,4833.8057
2026-07-02,5045.0848,5031.9130,4908.2712,4835.4364
2026-07-03,5041.8506,5033.6645,4909.1839,4837.0822
2026-07-06,5043.1468,5035.1942,4910.5860,4838.8990
2026-07-07,5047.2098,5035.0419,4912.5114,4840.6170
2026-07-08,5044.8181,5034.4052,4913.4977,4842.6341
2026-07-09,5051.4186,5036.6158,4915.3336,4844.7839
2026-07-10,5054.4357,5036.8192,4916.4744,4846.4026
2026-07-13,5050.2010,5035.5204,4917.0096,4847.7418
2026-07-14,5045.2806,5035.2341,4917.8100,4849.5564
2026-07-15,5040.2444,5034.8097,4918.4558,4850.7903
2026-07-16,5028.2052,5031.1165,4918.2967,4851.7021
2026-07-17,5006.8873,5023.4388,4916.3280,4851.6816
2026-07-20,4983.0455,5017.7832,4915.6862,4852.0691
2026-07-21,4973.7349,5013.3881,4916.0137,4853.0418
2026-07-22,4962.0667,5008.6168,4915.8210,4854.1742
2026-07-23,4946.9711,5003.0284,4915.8327,4855.3426
2026-07-24,4935.6517,4997.5419,4915.1974,4855.9967
2026-07-27,4924.0501,4994.2931,4914.9262,4856.9407
2026-07-28,4902.8661,4988.8358,4914.0334,4856.9585
2026-07-29,4884.3276,4983.6136,4914.0090,4856.9935
2026-07-30,4870.7576,4977.3918,4912.9964,4856.9918
2026-07-31,4857.6326,4973.3629,4912.2497,4856.8272
2026-08-03,4842.1897,4967.1217,4911.5026,4856.3233
2026-08-04,4832.3018,4960.4928,4910.7395,4855.7623
2026-08-05,4827.2693,4954.5042,4910.2605,4855.9758
2026-08-06,4815.6413,4949.1944,4909.8858,4856.2721
2026-08-07,4811.1788,4944.6514,4910.1473,4857.0751
2026-08-10,4811.5220,4940.7217,4910.4621,4857.5698
2026-08-11,4804.6636,4936.9910,4910.7345,4857.8043
2026-08-12,4799.7096,4932.3680,4911.0713,4858.7174
2026-08-13,4797.9276,4926.6861,4911.9054,4859.3672
2026-08-14,4804.9964,4921.7482,4912.9272,4859.6670
2026-08-17,4812.3752,4920.1809,4916.2668,4860.4346
2026-08-18,4811.6817,4920.4325,4918.8620,4861.0520
2026-08-19,4805.0388,4916.0271,4919.3915,4860.6800
2026-08-20,4798.0491,4912.8056,4920.5824,4860.0429
2026-08-21,4796.4837,4910.6658,4921.7848,4859.6653
2026-08-24,4789.2848,4906.2381,4922.5205,4858.7107
2026-08-25,4788.3809,4899.2163,4923.5746,4857.8948
2026-08-26,4787.8915,4893.1504,4924.2435,4857.6371
2026-08-27,4792.0548,4886.9259,4925.8081,4857.5176
2026-08-28,4793.1390,4880.0542,4927.5485,4857.4684
2026-08-31,4797.3721,4871.0708,4929.4552,4857.4572
2026-09-01,4797.9152,4864.7049,4929.6193,4857.0336
2026-09-02,4792.2207,4856.5383,4929.4306,4856.3575
2026-09-03,4787.1183,4846.8738,4928.5625,4855.6212
2026-09-04,4779.5530,4840.2553,4927.5485,4855.0831
2026-09-07,4772.9897,4832.9809,4926.2435,4854.7167
2026-09-08,4767.5607,4824.2844,4924.9359,4853.9760
2026-09-09,4761.4460,4816.2973,4923.2407,4853.6890
