Date,CSI300,CSI300_SP_FV_SPMO,CSI300_SP_FV_SPMO_Net,CSI300_TR,CSI300_SP_FV_SPMO_TR,CSI300_SP_FV_SPMO_TR_Net
2005-09-16,100.000000,100.000000,99.719000,100.000000,100.000000,99.719000
2005-09-19,100.376227,99.640675,99.360685,100.376719,99.640675,99.360685
2005-09-20,99.423256,98.818202,98.540523,99.424202,98.818202,98.540523
2005-09-21,97.613437,97.004398,96.731815,97.614113,97.004398,96.731815
2005-09-22,95.428424,95.791371,95.522198,95.429347,95.791371,95.522198
2005-09-23,94.692506,95.469127,95.200859,94.693265,95.469127,95.200859
2005-09-26,94.934367,95.864881,95.595501,94.934202,95.864881,95.595501
2005-09-27,93.458398,95.174836,94.907394,93.458974,95.174836,94.907394
2005-09-28,93.407752,95.397450,95.129384,93.407928,95.397450,95.129384
2005-09-29,94.674935,96.638262,96.366708,94.674888,96.638262,96.366708
2005-09-30,94.820672,97.005534,96.732949,94.820880,97.005534,96.732949
2005-10-10,93.779845,96.340693,96.069975,93.780564,96.372475,96.101668
2005-10-11,95.061499,97.228020,96.954809,95.061817,97.260170,96.986869
2005-10-12,95.451163,97.552719,97.278596,95.450787,97.584796,97.310582
2005-10-13,94.728682,96.399569,96.128686,94.728997,96.431130,96.160158
2005-10-14,93.522481,94.876240,94.609638,93.522271,94.907396,94.640706
2005-10-17,92.777261,94.268914,94.004018,92.778022,94.298891,94.033911
2005-10-18,93.268217,94.680607,94.414554,93.268063,94.710952,94.444815
2005-10-19,92.893023,94.659902,94.393907,92.893385,94.689585,94.423507
2005-10-20,93.014987,95.084523,94.817336,93.014875,95.114722,94.847449
2005-10-21,93.479070,95.318570,95.050725,93.472246,95.349394,95.081463
2005-10-24,93.710594,95.484320,95.216009,93.573317,95.515145,95.246747
2005-10-25,92.431008,94.249151,93.984311,92.298190,94.279975,94.015049
2005-10-26,90.524031,92.776348,92.515646,90.324754,92.807172,92.546384
2005-10-27,90.527132,93.039613,92.778171,90.283917,93.070437,92.808909
2005-10-28,89.687855,92.410890,92.151216,89.402865,92.441715,92.181954
2005-10-31,90.571576,93.673869,93.410646,90.261457,93.704694,93.441383
2005-11-01,90.219121,93.404961,93.142493,89.892906,93.435785,93.173231
2005-11-02,91.212403,93.669942,93.406729,90.875029,93.700766,93.437467
2005-11-03,90.395866,92.440775,92.181016,90.053190,92.469868,92.210028
2005-11-04,90.786563,92.806858,92.546071,90.442160,92.835878,92.575010
2005-11-07,90.674935,92.063831,91.805132,90.282897,92.092446,91.833666
2005-11-08,91.113178,92.213848,91.954727,90.703515,92.241836,91.982637
2005-11-09,90.878553,92.520092,92.260110,90.470746,92.548117,92.288057
2005-11-10,89.195866,91.349731,91.093038,88.783167,91.377535,91.120764
2005-11-11,89.383979,91.653423,91.395877,88.969995,91.681338,91.423713
2005-11-14,89.111111,90.556237,90.301774,88.664741,90.626614,90.371953
2005-11-15,88.541602,89.777702,89.525426,88.098131,89.846144,89.593676
2005-11-16,89.211370,89.737730,89.485567,88.764791,89.807458,89.555099
2005-11-17,89.163824,89.645031,89.393129,88.712724,89.713688,89.461593
2005-11-18,91.187597,91.381728,91.124945,90.731080,91.451027,91.194050
2005-11-21,91.356072,91.855029,91.596916,90.784168,91.924328,91.666021
2005-11-22,89.883204,91.195948,90.939687,89.320170,91.264818,91.008364
2005-11-23,90.566408,91.839297,91.581228,89.999081,91.908382,91.650119
2005-11-24,91.110078,91.947245,91.688873,90.540168,92.016973,91.758405
2005-11-25,91.380879,92.067457,91.808748,90.813774,92.137399,91.878493
2005-11-28,90.973643,91.823881,91.565856,90.415616,91.893394,91.635174
2005-11-29,90.057881,90.834416,90.579172,89.505977,90.903716,90.648276
2005-11-30,90.318346,90.178939,89.925536,89.750998,90.248238,89.994641
2005-12-01,90.239793,89.812389,89.560017,89.681575,89.881260,89.628694
2005-12-02,89.916279,89.285823,89.034929,89.373258,89.354693,89.103607
2005-12-05,88.848579,88.636290,88.387222,88.310482,88.704947,88.455686
2005-12-06,89.517313,89.114181,88.863770,88.976121,89.183052,88.932447
2005-12-07,90.319380,90.068357,89.815265,89.773458,90.137228,89.883942
2005-12-08,90.342119,90.260411,90.006779,89.795918,90.329496,90.075670
2005-12-09,91.716796,91.324432,91.067810,91.178242,91.389091,91.132287
2005-12-12,91.836693,91.034677,90.778869,91.311983,91.099600,90.843610
2005-12-13,91.896641,90.822004,90.566794,91.381405,90.886965,90.631572
2005-12-14,92.832041,92.111560,91.852726,92.312483,92.176949,91.917932
2005-12-15,92.654264,92.153417,91.894466,92.141989,92.219944,91.960805
2005-12-16,93.287855,92.979028,92.717757,92.786189,93.046235,92.784775
2005-12-19,93.324031,92.806097,92.545312,92.860716,92.874937,92.613958
2005-12-20,93.779845,93.167950,92.906148,93.309920,93.236472,92.974477
2005-12-21,93.347804,93.161413,92.899630,92.905636,93.230377,92.968400
2005-12-22,93.927649,94.024731,93.760522,93.488581,94.093451,93.829048
2005-12-23,94.665633,95.029221,94.762189,94.222622,95.099143,94.831914
2005-12-26,95.336434,95.105099,94.837853,94.890302,95.175425,94.907982
2005-12-27,95.024289,94.459456,94.194025,94.600361,94.529746,94.264117
2005-12-28,95.185530,94.965519,94.698666,94.760646,95.037596,94.770540
2005-12-29,96.333850,96.343069,96.072345,96.294065,96.415729,96.144801
2005-12-30,95.447028,95.241692,94.974063,94.276730,95.313156,95.045326
2006-01-04,97.305426,97.362074,97.088486,96.112342,97.434371,97.160581
2006-01-05,99.134884,100.216563,99.934955,97.919368,100.289467,100.007653
2006-01-06,100.261499,100.631480,100.348706,99.032169,100.705572,100.422590
2006-01-09,100.801034,100.848470,100.565086,99.565089,100.923395,100.639801
2006-01-10,101.100775,101.009584,100.725747,99.861155,101.086304,100.802251
2006-01-11,100.618088,100.743695,100.460605,99.384386,100.821783,100.538474
2006-01-12,101.676486,101.072113,100.788100,100.429807,101.150563,100.866330
2006-01-13,101.168992,100.418732,100.136555,99.928536,100.495528,100.213136
2006-01-16,99.373643,98.920504,98.642537,98.155200,98.996607,98.718427
2006-01-17,99.668217,99.295088,99.016069,98.446162,99.373230,99.093991
2006-01-18,101.666150,100.837280,100.553928,100.419598,100.918552,100.634971
2006-01-19,102.451680,101.110260,100.826140,101.195496,101.193637,100.909283
2006-01-20,102.670801,100.927549,100.643943,101.411930,101.011642,100.727800
2006-01-23,102.962274,100.600605,100.317917,101.699830,100.684698,100.401774
2006-01-24,103.265116,101.335977,101.051223,101.998959,101.420659,101.135667
2006-01-25,104.351421,103.324419,103.034077,103.071944,103.409138,103.118558
2006-02-06,106.793798,105.520549,105.224037,105.484375,105.605637,105.308885
2006-02-07,106.453747,105.168045,104.872522,105.148493,105.253132,104.957371
2006-02-08,106.777261,104.817984,104.523446,105.468040,104.903624,104.608845
2006-02-09,105.385013,103.639894,103.348666,104.092863,103.724835,103.433368
2006-02-10,106.701809,105.224890,104.929208,105.393513,105.310236,105.014314
2006-02-13,106.626357,106.090341,105.792227,105.318986,106.179104,105.880741
2006-02-14,107.341602,106.954547,106.654004,106.025462,107.042881,106.742091
2006-02-15,107.665116,106.841465,106.541241,106.345009,106.928936,106.628466
2006-02-16,105.438760,105.104632,104.809288,104.145951,105.188574,104.892995
2006-02-17,105.464599,105.040697,104.745533,104.171473,105.122853,104.827458
2006-02-20,105.595866,104.716656,104.422403,104.301130,104.801346,104.506854
2006-02-21,107.371576,105.789749,105.492480,106.055068,105.876624,105.579111
2006-02-22,107.275452,105.478533,105.182138,105.960123,105.565555,105.268916
2006-02-23,107.635142,105.609463,105.312701,106.315403,105.697697,105.400687
2006-02-24,108.469251,106.704302,106.404463,107.139284,106.793540,106.493450
2006-02-27,108.304910,104.981848,104.686849,106.976958,105.069469,104.774224
2006-02-28,108.838243,105.676577,105.379626,107.503752,105.765367,105.468166
2006-03-01,109.211370,106.503172,106.203898,107.872303,106.592048,106.292525
2006-03-02,107.356072,103.388455,103.097934,106.039755,103.474527,103.183764
2006-03-03,107.667183,103.619078,103.327908,106.347051,103.706317,103.414903
2006-03-06,107.376744,103.312327,103.022019,106.060173,103.399071,103.108519
2006-03-07,104.906460,101.415035,101.130059,103.620177,101.500113,101.214897
2006-03-08,104.317313,100.741475,100.458392,103.038254,100.824661,100.541344
2006-03-09,103.807752,100.742857,100.459769,102.534941,100.828081,100.544754
2006-03-10,104.279070,101.328563,101.043829,103.000480,101.414524,101.129549
2006-03-13,105.411886,102.646316,102.357880,104.119407,102.732793,102.444114
2006-03-14,105.247545,102.490473,102.202475,103.957081,102.576729,102.288488
2006-03-15,106.352455,103.338187,103.047807,105.048443,103.424590,103.133967
2006-03-16,106.213953,103.524345,103.233441,104.911639,103.610969,103.319822
2006-03-17,105.841860,102.501239,101.966528,104.544109,102.587642,102.052725
2006-03-20,107.251680,103.960180,103.417859,105.936642,104.047813,103.505283
2006-03-21,107.572093,104.593656,104.048030,106.253127,104.681823,104.135987
2006-03-22,108.286305,105.526564,104.976071,106.958581,105.615517,105.064813
2006-03-23,108.376227,105.940962,105.388308,107.047401,106.030265,105.477398
2006-03-24,107.762274,105.738461,105.186863,106.440976,105.827593,105.275782
2006-03-27,108.600517,106.617672,106.061487,107.268941,106.707544,106.151146
2006-03-28,109.145220,107.142058,106.583138,107.806965,107.232373,106.673238
2006-03-29,110.107494,107.943201,107.380102,108.757440,108.034191,107.470875
2006-03-30,109.109044,107.179088,106.619975,107.771233,107.269434,106.710106
2006-03-31,109.673385,107.689414,107.127638,108.328654,107.780190,107.218198
2006-04-03,111.557623,110.143386,109.568810,110.189789,110.236231,109.661434
2006-04-04,112.596382,110.557305,109.980569,111.244398,110.650499,110.073541
2006-04-05,113.691990,112.053637,111.469095,112.345969,112.148092,111.563325
2006-04-06,114.029974,112.948351,112.359142,112.679809,113.114132,112.524328
2006-04-07,114.020672,112.516770,111.929813,112.671642,112.680709,112.093165
2006-04-10,115.546253,112.769157,112.180882,114.178518,112.934293,112.345427
2006-04-11,116.104393,112.947921,112.358714,114.729814,113.113331,112.523531
2006-04-12,115.459432,111.949895,111.365895,114.092761,112.112617,111.528035
2006-04-13,113.067700,109.595562,109.023843,111.728313,109.754821,109.182534
2006-04-14,115.618605,111.680675,111.098079,114.274484,111.844524,111.261340
2006-04-17,116.218088,112.093869,111.509117,114.867638,112.258313,111.672972
2006-04-18,116.928165,113.460215,112.868335,115.577176,113.625811,113.033339
2006-04-19,117.647545,115.412946,114.810880,116.287736,115.580188,114.977525
2006-04-20,117.248579,115.599651,114.996611,115.897745,115.781844,115.178130
2006-04-21,118.776227,118.395672,117.778047,117.426060,118.580443,117.962136
2006-04-24,118.108527,120.353658,119.725819,116.766547,120.541576,119.913044
2006-04-25,118.028941,121.403526,120.770210,116.707333,121.593144,120.959128
2006-04-26,119.455297,121.694844,121.060008,118.117222,121.882979,121.247452
2006-04-27,119.407752,121.810700,121.175259,118.080469,121.998834,121.362703
2006-04-28,121.173127,124.454112,123.804881,119.822156,124.697536,124.047334
2006-05-08,125.937984,129.672883,128.996429,124.533695,129.923277,129.245826
2006-05-09,129.365375,132.220225,131.530482,127.924166,132.473883,131.783133
2006-05-10,130.845478,133.301488,132.606105,129.404498,133.557345,132.860946
2006-05-11,129.719897,132.203967,131.514309,128.290676,132.458803,131.768131
2006-05-12,133.980362,135.941812,135.232655,132.504007,136.202188,135.491998
2006-05-15,139.758140,141.773432,141.033853,138.281386,142.109308,141.368316
2006-05-16,137.584496,138.367937,137.646124,136.132352,138.695001,137.971812
2006-05-17,138.038243,137.228509,136.512640,136.666292,137.566960,136.849653
2006-05-18,137.591731,136.686116,135.973076,136.247716,137.028684,136.314183
2006-05-19,141.198966,139.507774,138.780014,139.846454,139.918909,139.189339
2006-05-22,141.981395,137.194814,136.479121,140.638687,137.602023,136.884533
2006-05-23,136.191214,132.188226,131.498650,134.903166,132.577224,131.885935
2006-05-24,135.218605,133.564558,132.867802,133.964942,133.955482,133.257006
2006-05-25,135.162791,132.050820,131.361960,134.174230,132.533966,131.842902
2006-05-26,137.573127,134.069411,133.370021,136.567263,134.560480,133.858849
2006-05-29,141.218605,137.277421,136.561296,140.220110,137.779688,137.061272
2006-05-30,142.507494,139.335323,138.608463,141.499321,139.846654,139.117460
2006-05-31,141.131783,137.530985,136.813538,140.191524,138.034872,137.315126
2006-06-01,145.000517,140.607845,139.874346,144.079182,141.120136,140.384302
2006-06-02,143.681654,137.200691,136.484967,142.826515,137.775178,137.056785
2006-06-05,145.029457,137.315915,136.599590,144.177191,137.916209,137.197081
2006-06-06,144.613953,133.852380,133.154122,143.791283,134.432640,133.731677
2006-06-07,136.457881,127.335752,126.671489,135.762779,127.862619,127.195913
2006-06-08,137.052196,127.718774,127.052513,136.353891,128.245804,127.577100
2006-06-09,133.766408,125.189331,124.536266,133.236006,125.700989,125.045555
2006-06-12,134.126098,126.713907,126.052888,133.650499,127.261021,126.597452
2006-06-13,134.189147,127.050580,126.387805,133.715838,127.608298,126.942918
2006-06-14,132.700775,125.422726,124.768442,132.251840,125.967964,125.311137
2006-06-15,132.856848,125.933564,125.276616,132.420292,126.481850,125.822344
2006-06-16,136.228424,130.295671,129.615967,135.869976,130.998021,130.314966
2006-06-19,137.973127,131.990504,131.301959,137.672918,132.816931,132.124392
2006-06-20,138.317313,132.296791,131.606648,138.031261,133.163708,132.469361
2006-06-21,137.832558,131.387354,130.701955,137.547345,132.254042,131.564438
2006-06-22,137.627907,130.976641,130.293386,137.356433,131.842324,131.154867
2006-06-23,138.444444,131.474782,130.788928,138.348766,132.342367,131.652302
2006-06-26,140.920930,133.682923,132.985549,140.915356,134.569773,133.868095
2006-06-27,140.971576,133.953195,133.254411,141.026636,134.840711,134.137620
2006-06-28,140.867183,133.139871,132.445330,140.994987,134.020922,133.322106
2006-06-29,144.198450,135.903541,135.194584,144.377291,136.971768,136.257565
2006-06-30,144.078553,135.927704,135.218621,144.262948,136.997028,136.282693
2006-07-03,146.804134,138.887506,138.162982,147.007177,140.052343,139.322076
2006-07-04,145.840827,138.263548,137.542279,146.052618,139.449532,138.722409
2006-07-05,143.980362,135.695488,134.987616,144.197609,136.850721,136.137149
2006-07-06,146.633592,137.694231,136.975932,146.897939,138.873225,138.149107
2006-07-07,145.780879,136.964152,136.249662,146.065890,138.138940,137.418650
2006-07-10,145.955556,137.472948,136.755803,146.252718,138.653140,137.930170
2006-07-11,146.623256,137.953102,137.233453,146.952047,139.196048,138.470247
2006-07-12,146.687339,138.693077,137.969567,147.056181,139.993461,139.263501
2006-07-13,139.130749,132.159373,131.469947,139.490153,133.395295,132.699740
2006-07-14,140.271835,133.273055,132.577819,140.729548,134.560305,133.858675
2006-07-17,141.834625,134.464486,133.763035,142.317077,135.764901,135.056990
2006-07-18,141.955556,133.898693,133.200194,142.461026,135.194860,134.489922
2006-07-19,138.154005,130.070675,129.392145,138.664230,131.360268,130.675325
2006-07-20,139.037726,130.781025,130.098790,139.562638,132.075042,131.386372
2006-07-21,140.158140,132.693432,132.001220,140.762218,134.207821,133.508030
2006-07-24,140.374160,133.682127,132.984758,140.982736,135.199491,134.494529
2006-07-25,142.033075,135.041158,134.336699,142.648875,136.570643,135.858531
2006-07-26,141.736434,133.863603,133.165287,142.358935,135.384261,134.678336
2006-07-27,140.108527,131.849578,131.161769,140.724444,133.345813,132.650516
2006-07-28,138.644961,130.271872,129.592293,139.258405,131.754021,131.067025
2006-07-31,133.780879,125.699580,125.043852,134.382497,127.128932,126.466051
2006-08-01,132.512661,124.975348,124.323398,133.119621,126.396710,125.737648
2006-08-02,131.792248,123.924425,123.277957,132.396811,125.336018,124.682486
2006-08-03,131.445995,123.255035,122.612060,132.050719,124.667781,124.017733
2006-08-04,128.362791,120.686974,120.057395,128.952231,122.072463,121.435948
2006-08-07,126.521964,119.806127,119.181144,127.126829,121.177017,120.545171
2006-08-08,129.445995,122.403663,121.765129,130.064012,123.806059,123.160505
2006-08-09,129.333333,122.198586,121.561122,129.951711,123.592648,122.948207
2006-08-10,131.418088,124.396109,123.747181,132.054803,125.823302,125.167229
2006-08-11,131.850129,124.584043,123.934135,132.489714,126.011203,125.354151
2006-08-14,128.756589,121.848523,121.212885,129.387143,123.245275,122.602645
2006-08-15,130.838243,123.866957,123.220790,131.500444,125.293447,124.640137
2006-08-16,132.668734,125.847773,125.191273,133.340139,127.300568,126.636793
2006-08-17,131.434625,124.611190,123.961141,132.119121,126.070016,125.412657
2006-08-18,131.045995,124.531915,123.882278,131.728109,125.987159,125.330232
2006-08-21,131.324031,125.216512,124.563305,132.028259,126.678003,126.017474
2006-08-22,132.844444,127.077652,126.414736,133.558616,128.563111,127.892753
2006-08-23,132.886822,127.221795,126.558127,133.607620,128.737597,128.066329
2006-08-24,133.581395,127.836507,127.169632,134.306949,129.360532,128.686016
2006-08-25,133.895607,127.980108,127.312484,134.622413,129.506826,128.831547
2006-08-28,137.042894,131.348531,130.663335,137.788282,132.922197,132.229110
2006-08-29,137.484238,132.248268,131.558379,138.231361,133.821203,133.123428
2006-08-30,137.950388,132.619871,131.928043,138.699962,134.205584,133.505804
2006-08-31,138.365891,133.175084,132.480360,139.118539,134.769729,134.067007
2006-09-01,136.237726,131.429933,130.744312,136.977673,133.002533,132.309026
2006-09-04,138.216021,133.651547,132.954337,138.967443,135.258240,134.552971
2006-09-05,138.571576,133.839641,133.141450,139.326806,135.450443,134.744172
2006-09-06,139.159690,134.486849,133.785282,139.917918,136.105184,135.395499
2006-09-07,137.300258,133.112072,132.417676,138.048616,134.714569,134.012135
2006-09-08,137.689922,133.800602,133.102614,138.440649,135.410324,134.704262
2006-09-11,138.373127,134.382824,133.681799,139.126706,136.006412,135.297242
2006-09-12,139.290956,134.903891,134.200148,140.049617,136.533368,135.821451
2006-09-13,138.334884,133.853558,133.155294,139.088932,135.475277,134.768877
2006-09-14,138.323514,134.003951,133.304902,139.091995,135.674356,134.966918
2006-09-15,140.808269,135.494830,134.301555,141.591204,137.189331,135.981052
2006-09-18,142.176744,137.543204,136.331890,142.967402,139.263322,138.036776
2006-09-19,142.460982,138.246854,137.029343,143.252238,139.975772,138.742952
2006-09-20,142.476486,138.578405,137.357974,143.268573,140.311469,139.075692
2006-09-21,143.397416,140.005055,138.772060,144.308889,141.755961,140.507462
2006-09-22,142.103359,139.974479,138.741753,143.007218,141.725002,140.476776
2006-09-25,141.850129,139.604581,138.375113,142.751988,141.360418,140.115403
2006-09-26,140.325581,137.037468,135.830608,141.217548,138.760466,137.538350
2006-09-27,141.717829,137.764060,136.550801,142.618248,139.496263,138.267666
2006-09-28,143.359173,140.975142,139.733603,144.270094,142.747568,141.490336
2006-09-29,145.040827,142.722491,141.465564,145.961756,144.517084,143.244267
2006-10-09,148.431008,146.188466,144.901015,149.374687,148.026550,146.722823
2006-10-10,148.552972,146.079821,144.793326,149.496177,147.916388,146.613631
2006-10-11,148.414470,145.672778,144.389868,149.357332,147.504215,146.205089
2006-10-12,147.441860,142.624002,141.367942,148.379292,144.417128,143.145191
2006-10-13,147.894574,142.284656,141.031585,148.834621,144.073590,142.804679
2006-10-16,146.617054,139.917146,138.684925,147.548264,141.676236,140.428439
2006-10-17,146.196382,140.860772,139.620241,147.125604,142.631664,141.375452
2006-10-18,148.588114,142.698469,141.441754,149.532930,144.492513,143.219912
2006-10-19,148.773127,143.383967,142.121214,149.718737,145.186675,143.907960
2006-10-20,148.855814,143.462271,142.198829,149.802452,145.265828,143.986416
2006-10-23,145.604134,140.082715,138.849036,146.529387,141.843732,140.594459
2006-10-24,148.842377,143.012065,141.752588,149.789180,144.809900,143.534504
2006-10-25,149.543152,145.412430,144.131813,150.493614,147.240126,145.943326
2006-10-26,150.501292,145.118091,143.840066,151.457361,146.942499,145.648320
2006-10-27,148.739018,142.245127,140.992404,149.684026,144.033475,142.764917
2006-10-30,149.482171,141.979026,140.728647,150.432359,143.764112,142.497926
2006-10-31,151.366408,142.681921,141.425351,152.329226,144.475627,143.203174
2006-11-01,152.910594,144.603814,143.330319,153.882043,146.421988,145.132393
2006-11-02,152.936434,144.340311,143.069136,153.907566,146.155412,144.868165
2006-11-03,153.828424,144.934868,143.658457,154.805974,146.757261,145.464714
2006-11-06,155.854264,144.802513,143.527268,156.844749,146.623238,145.331871
2006-11-07,156.702842,144.585981,143.312642,157.699258,146.404076,145.114639
2006-11-08,154.849612,144.512178,143.239490,155.834039,146.329036,145.040260
2006-11-09,157.592765,145.328408,144.048531,158.594603,147.155512,145.859457
2006-11-10,155.458398,143.352388,142.089913,156.446591,145.154466,143.876034
2006-11-13,152.535401,141.077245,139.834807,153.505324,142.850411,141.592272
2006-11-14,154.395866,143.124622,141.864154,155.376668,144.923628,143.647230
2006-11-15,158.631525,146.621338,145.330075,159.640024,148.464088,147.156507
2006-11-16,158.479587,147.618511,146.318466,159.486886,149.473587,148.157115
2006-11-17,161.455297,148.214313,146.909020,162.482262,150.076997,148.755211
2006-11-20,164.667700,149.297903,147.983068,165.714490,151.174467,149.843015
2006-11-21,166.640827,151.738989,150.402656,167.700177,153.646462,152.293238
2006-11-22,167.858398,154.200270,152.842261,168.925279,156.138602,154.763429
2006-11-23,168.982946,154.392065,153.032367,170.057478,156.332612,154.955730
2006-11-24,169.155556,156.568888,155.190019,170.231034,158.536658,157.140365
2006-11-27,170.728682,159.628205,158.222393,171.814479,161.635009,160.211427
2006-11-28,169.923514,159.256062,157.853527,171.003869,161.258447,159.838182
2006-11-29,172.314212,164.425706,162.977643,173.410174,166.492822,165.026455
2006-11-30,177.194832,168.787724,167.301246,178.320793,170.909378,169.404113
2006-12-01,178.730749,172.531615,171.012166,179.881778,174.789476,173.250038
2006-12-04,184.055814,175.662570,174.115546,185.240579,177.958300,176.390953
2006-12-05,185.450129,176.865284,175.307669,186.644343,179.176914,177.598834
2006-12-06,183.918346,174.478575,172.941979,185.102755,176.757101,175.200333
2006-12-07,183.535917,171.237227,169.729177,184.730120,173.474033,171.946180
2006-12-08,176.907494,166.120211,164.657225,178.058417,168.291854,166.809643
2006-12-11,185.004651,173.206644,171.681250,186.208410,175.468898,173.923476
2006-12-12,186.334884,173.792455,172.261901,187.546835,176.062235,174.511587
2006-12-13,186.445478,174.746033,173.207082,187.658115,177.027229,175.468082
2006-12-14,189.781912,181.067929,179.473302,191.016937,183.431875,181.816320
2006-12-15,193.037726,186.534424,184.891655,194.293065,188.968970,187.304648
2006-12-18,198.047545,194.228641,192.518110,199.335382,196.763346,195.030376
2006-12-19,198.598450,192.836216,191.137948,199.890762,195.354898,193.634333
2006-12-20,200.160207,195.430743,193.709625,201.461955,197.980725,196.237033
2006-12-21,197.311628,191.745955,190.057288,198.594195,194.252913,192.542052
2006-12-22,195.931783,189.189586,187.523433,197.206767,191.663711,189.975655
2006-12-25,200.423773,192.669196,190.972399,201.735562,195.187040,193.467953
2006-12-26,200.334884,191.900548,190.210520,201.645721,194.405635,192.693430
2006-12-27,204.948837,196.680245,194.948124,206.288859,199.247122,197.492276
2006-12-28,204.643928,197.919383,196.176349,205.982583,200.502058,198.736160
2006-12-29,210.961240,202.883346,201.096595,212.340864,205.530322,203.720137
2007-01-04,213.652713,201.735622,199.958979,215.050382,204.363182,202.563277
2007-01-05,214.251163,202.298181,200.516583,215.652724,204.930811,203.125906
2007-01-08,220.316279,206.286678,204.469955,221.756797,208.972005,207.131508
2007-01-09,227.399483,212.681829,210.808785,228.886892,215.450089,213.552537
2007-01-10,233.175194,220.122493,218.183920,234.700003,222.981273,221.017391
2007-01-11,230.659432,220.573926,218.631378,232.168125,223.439247,221.471331
2007-01-12,224.677003,220.280691,218.340726,226.146747,223.139354,221.174080
2007-01-15,236.417571,232.624286,230.575613,237.964901,235.643298,233.567897
2007-01-16,243.294057,242.787915,240.649733,244.885708,245.944383,243.778257
2007-01-17,238.649096,236.602067,234.518362,240.210922,239.686413,237.575403
2007-01-18,239.493540,243.740091,241.593523,241.059305,246.918453,244.743747
2007-01-19,247.657881,253.087442,250.858554,249.278721,256.391482,254.133343
2007-01-22,257.499742,261.862883,259.556711,259.184694,265.279416,262.942998
2007-01-23,259.238243,257.026984,254.763402,260.934549,260.379060,258.085802
2007-01-24,262.163307,261.980084,259.672880,263.877857,265.381585,263.044268
2007-01-25,253.522481,254.483798,252.242612,255.180652,257.792623,255.522144
2007-01-26,259.733333,259.672977,257.386092,261.432757,263.043239,260.726516
2007-01-29,266.348320,262.604600,260.291897,268.090168,266.007813,263.664980
2007-01-30,263.760207,260.581736,258.286847,265.485804,263.957278,261.632505
2007-01-31,246.546770,242.101497,239.969360,248.158773,245.240524,243.080596
2007-02-01,247.562791,245.572217,243.409514,249.182755,248.756541,246.565646
2007-02-02,237.519380,236.543557,234.460368,239.073618,239.610415,237.500074
2007-02-05,234.811370,234.682520,232.615720,236.346745,237.726135,235.632390
2007-02-06,239.383979,234.696975,232.630048,240.950067,237.739715,235.645850
2007-02-07,244.939535,239.402573,237.294204,246.541638,242.507740,240.371881
2007-02-08,249.157623,243.373769,241.230428,250.787639,246.527040,244.355781
2007-02-09,247.777778,242.850303,240.711571,249.398168,245.994751,243.828181
2007-02-12,256.887855,253.127552,250.898310,258.568060,256.402453,254.144218
2007-02-13,260.736951,255.680812,253.429084,262.442446,258.993439,256.712384
2007-02-14,267.529716,262.350178,260.039715,269.279538,265.746479,263.405947
2007-02-15,275.827390,271.922041,269.527281,277.633715,275.439190,273.013291
2007-02-16,276.665633,269.127287,266.757140,278.475973,272.611824,270.210827
2007-02-26,279.863566,269.241494,266.870340,281.694929,272.727465,270.325449
2007-02-27,254.004134,243.712783,241.566456,255.666609,246.867600,244.693343
2007-02-28,263.004651,251.235951,249.023368,264.726241,254.486963,252.245599
2007-03-01,255.663049,243.951160,241.802733,257.336832,247.108671,244.932290
2007-03-02,259.300258,248.516986,246.328349,260.997846,251.730825,249.513735
2007-03-05,255.877003,243.647430,241.501678,257.551225,246.798475,244.624826
2007-03-06,260.495090,249.609419,247.411161,262.200488,252.836841,250.610010
2007-03-07,267.642377,260.482480,258.188466,269.393881,263.848358,261.524544
2007-03-08,271.589664,266.970079,264.618930,273.367296,270.418903,268.037219
2007-03-09,269.911111,263.133326,260.815966,271.678696,266.532323,264.184870
2007-03-12,270.405168,263.025711,260.709298,272.175884,266.424480,264.077977
2007-03-13,272.885788,264.507228,262.177768,274.672030,267.925912,265.566185
2007-03-14,268.460982,259.470046,257.184948,270.217762,262.822678,260.507898
2007-03-15,273.441860,265.044609,262.710416,275.231493,268.467102,266.102609
2007-03-16,269.171059,262.668415,259.471621,270.932405,266.063404,262.825133
2007-03-19,274.874419,269.195602,265.919369,276.674051,272.674955,269.356214
2007-03-20,276.255297,267.065308,263.815001,278.063522,270.537554,267.244828
2007-03-21,279.338501,269.503171,266.223194,281.167114,273.007515,269.684727
2007-03-22,280.239793,269.683256,266.401088,282.074711,273.189253,269.864253
2007-03-23,280.751421,268.915842,265.643013,282.589254,272.412236,269.096693
2007-03-26,285.687855,272.347676,269.033081,287.558065,275.887727,272.529884
2007-03-27,287.754005,271.863726,268.555020,289.637676,275.397466,272.045589
2007-03-28,289.162791,274.739070,271.395369,291.055732,278.309459,274.922141
2007-03-29,287.680620,278.161119,274.775771,289.563149,281.775733,278.346226
2007-03-30,287.522481,277.562619,274.184555,289.404907,281.170023,277.747889
2007-04-02,294.585013,285.662213,282.185573,296.513563,289.373834,285.851850
2007-04-03,298.513695,290.160893,286.629503,300.467581,293.930697,290.353252
2007-04-04,300.963307,294.275692,290.694222,302.934120,298.099354,294.471172
2007-04-05,304.397933,297.083433,293.467791,306.406264,301.008541,297.344951
2007-04-06,307.184496,298.522902,294.889742,309.211749,302.465071,298.783753
2007-04-09,314.022739,304.951653,301.240252,316.094782,308.979997,305.219386
2007-04-10,318.508527,310.438559,306.660380,320.610305,314.537071,310.708825
2007-04-11,322.617054,314.558583,310.730261,324.746046,318.709377,314.830349
2007-04-12,328.314212,319.393006,315.505847,330.481567,323.704343,319.764521
2007-04-13,327.568992,320.623657,316.721521,329.732213,324.946561,320.991620
2007-04-16,336.537468,329.467013,325.457248,338.772447,333.907176,329.843175
2007-04-17,339.390181,327.576429,323.589674,341.686149,331.991154,327.950473
2007-04-18,341.550388,327.914817,323.923944,343.860706,332.340147,328.295219
2007-04-19,325.612403,313.415638,309.601226,327.814928,317.641865,313.775830
2007-04-20,339.977261,325.674209,321.710604,342.288491,330.068086,326.050811
2007-04-23,354.658398,335.357348,331.275896,357.069351,339.875782,335.739136
2007-04-24,356.093023,333.746953,329.685100,358.523139,338.269912,334.152812
2007-04-25,356.411370,334.635445,330.562778,358.844728,339.164060,335.036077
2007-04-26,361.093540,340.555849,336.411129,363.580770,345.187963,340.986663
2007-04-27,358.710078,336.776250,332.677529,361.180590,341.357158,337.202483
2007-04-30,367.825323,346.034798,341.823396,370.376004,350.741792,346.472896
2007-05-08,380.985013,357.438483,353.088293,383.626507,362.315574,357.905813
2007-05-09,382.561240,359.230324,354.858326,385.214036,364.122812,359.691055
2007-05-10,384.962274,358.415679,354.053597,387.649947,363.296012,358.874319
2007-05-11,382.698708,360.253622,355.869171,385.387592,365.163305,360.718884
2007-05-14,385.986563,370.181458,365.676180,388.708640,375.218865,370.652057
2007-05-15,372.572610,357.058466,352.712901,375.199845,361.921154,357.516193
2007-05-16,382.458915,366.015827,361.561247,385.160948,371.223744,366.705561
2007-05-17,390.554005,375.971178,371.395437,393.316046,381.326387,376.685245
2007-05-18,390.349354,373.535394,368.989297,393.110841,378.855009,374.243946
2007-05-21,396.014470,374.710784,370.150382,398.882094,380.249581,375.621545
2007-05-22,400.050646,375.972243,371.396488,402.981082,381.643951,376.998944
2007-05-23,407.126615,382.067732,377.417793,410.109136,387.842656,383.122204
2007-05-24,405.142119,384.594543,379.913852,408.149993,390.412640,385.660908
2007-05-25,411.912145,394.881498,390.075610,415.020776,400.843593,395.964905
2007-05-28,420.938501,403.224278,398.316854,424.125328,409.310651,404.328911
2007-05-29,430.831008,411.909755,406.896625,434.295719,418.613088,413.518127
2007-05-30,401.701292,383.128524,378.465675,404.933079,389.350094,384.611295
2007-05-31,405.989664,390.100493,385.352792,409.274025,396.454504,391.629236
2007-06-01,393.173127,385.589348,380.896549,396.365530,391.964030,387.193416
2007-06-04,362.938501,359.150058,354.779037,366.009535,365.112547,360.668744
2007-06-05,375.672351,374.940034,370.376842,378.864943,381.160506,376.521382
2007-06-06,380.111628,377.819146,373.220914,383.373319,384.094559,379.419725
2007-06-07,393.002584,389.539223,384.798353,396.386969,396.021530,391.201532
2007-06-08,396.679070,394.606060,389.803524,400.104134,401.179966,396.297184
2007-06-11,406.393798,403.779073,398.864897,410.049923,410.492707,405.496580
2007-06-12,417.168992,411.163214,406.159170,420.966606,418.021588,412.933827
2007-06-13,425.660982,418.249054,413.158772,429.588264,425.261251,420.085375
2007-06-14,421.273385,413.998763,408.960209,425.180958,420.918557,415.795536
2007-06-15,423.708527,415.222986,410.169532,427.692418,422.153874,417.015818
2007-06-18,436.958140,427.840219,422.633208,441.192025,434.973546,429.679461
2007-06-19,439.586563,428.033028,422.823670,443.954630,435.175460,429.878918
2007-06-20,429.726098,419.456321,414.351346,434.017009,426.450236,421.259889
2007-06-21,433.827390,426.402423,421.212911,438.191545,433.504472,428.228268
2007-06-22,418.752455,414.304921,409.262640,423.150351,421.420466,416.291337
2007-06-25,400.784496,401.365117,396.480320,405.025982,408.257041,403.288124
2007-06-26,406.016537,403.545132,398.633803,410.453186,410.529603,405.533026
2007-06-27,417.620672,414.774048,409.726058,422.259089,421.947272,416.811731
2007-06-28,398.813437,397.384200,392.547853,403.246521,404.278002,399.357514
2007-06-29,389.052196,388.867359,384.134665,393.416096,395.738838,390.922281
2007-07-02,388.388630,385.618978,380.925819,392.775980,392.493424,387.716367
2007-07-03,396.096124,393.150314,388.365495,400.598258,400.170709,395.300211
2007-07-04,386.933333,386.528002,381.823779,391.414074,393.595296,388.804828
2007-07-05,365.626873,369.989985,365.487038,369.913528,376.737410,372.152120
2007-07-06,383.491473,388.350424,383.624022,388.020541,395.421955,390.609255
2007-07-09,394.966408,400.803479,395.925517,399.651867,408.093765,403.126835
2007-07-10,390.244961,401.394801,396.509643,394.889281,408.685588,403.711455
2007-07-11,391.717829,400.725714,395.848698,396.428827,408.038686,403.072427
2007-07-12,394.513695,403.728525,398.814964,399.280252,411.111041,406.107388
2007-07-13,394.844444,403.264321,398.356410,399.657992,410.752482,405.753193
2007-07-16,382.219121,388.889971,384.157002,386.922032,396.130597,391.309272
2007-07-17,391.695090,402.486269,397.587827,396.514584,409.961480,404.971818
2007-07-18,393.547287,403.494725,398.584010,398.443099,410.972994,405.971021
2007-07-19,393.488372,403.878145,398.962763,398.440036,411.378778,406.371866
2007-07-20,410.530233,423.994031,418.833829,415.709896,431.849242,426.593183
2007-07-23,429.635142,443.672960,438.273257,435.055283,451.928023,446.427584
2007-07-24,430.113695,445.620464,440.197060,435.566763,453.948395,448.423366
2007-07-25,439.840827,452.029761,446.528352,445.419649,460.480347,454.875817
2007-07-26,444.774160,459.366389,453.775690,450.418066,467.940298,462.244973
2007-07-27,445.182429,456.430467,450.875500,450.840726,464.980072,459.320776
2007-07-30,455.844961,467.313407,461.625989,461.637962,476.128124,470.333145
2007-07-31,461.039793,471.536068,465.797258,466.899776,480.428616,474.581295
2007-08-01,443.460465,456.988600,451.426839,449.123541,465.618177,459.951115
2007-08-02,458.520930,474.061361,468.291817,464.379128,483.032408,477.153396
2007-08-03,475.284755,501.153631,495.054362,481.369256,510.606274,504.391660
2007-08-06,486.199483,510.681149,504.465926,492.438056,520.362031,514.028679
2007-08-07,488.325581,512.913648,506.671254,494.590152,522.659099,516.297789
2007-08-08,482.489922,510.098945,503.890807,488.680054,519.755098,513.429133
2007-08-09,493.776744,527.440458,521.021266,500.144970,537.484974,530.943218
2007-08-10,488.545736,514.409122,508.148528,494.857633,524.215309,517.835058
2007-08-13,487.978295,509.166835,502.970041,494.290002,518.844266,512.529386
2007-08-14,495.666150,518.777595,512.463834,502.077569,528.604730,522.171055
2007-08-15,495.994832,521.423922,515.077955,502.413452,531.304641,524.838106
2007-08-16,488.055814,512.978855,506.735668,494.379843,522.672488,516.311015
2007-08-17,478.199483,500.302708,494.213796,484.395259,509.738886,503.534829
2007-08-20,504.954005,534.305935,527.803187,511.505753,544.412383,537.786312
2007-08-21,513.975194,545.567830,538.928020,520.650121,555.882429,549.116756
2007-08-22,522.138501,553.627611,546.889710,528.942022,564.069366,557.204049
2007-08-23,530.845478,565.480676,558.598517,537.785219,576.214502,569.201366
2007-08-24,539.284755,572.325843,565.360376,546.339496,583.257387,576.158532
2007-08-27,541.927649,571.032073,564.082351,549.017366,581.991241,574.907797
2007-08-28,542.818605,565.775761,558.890011,549.922921,576.664157,569.645549
2007-08-29,534.555039,555.836050,549.071271,541.551388,566.503353,559.608412
2007-08-30,541.729199,562.706882,555.858482,548.818287,573.481699,566.501824
2007-08-31,547.473902,566.080931,559.191467,554.639565,576.966618,569.944329
2007-09-03,560.120930,575.187636,568.187339,567.470470,586.318882,579.182766
2007-09-04,554.039276,567.500906,560.594161,561.309226,578.483575,571.442822
2007-09-05,554.341085,563.609336,556.749952,561.614481,574.544939,567.552124
2007-09-06,559.383979,567.451277,560.545136,566.723157,578.467096,571.426544
2007-09-07,547.266150,551.705337,544.990831,554.446611,562.404644,555.559589
2007-09-10,555.785013,558.571618,551.773546,563.077457,569.417012,562.486609
2007-09-11,529.621705,531.350125,524.883351,536.571347,541.668969,535.076289
2007-09-12,537.763307,536.820086,530.286740,544.819348,547.225160,540.564855
2007-09-13,552.968475,552.960665,546.230881,560.223990,563.684043,556.823416
2007-09-14,557.858398,557.134683,550.354099,565.178508,568.004991,561.091773
2007-09-17,568.362791,562.737952,555.889174,575.820563,573.773721,566.790292
2007-09-18,566.081654,556.050072,549.282688,573.509204,566.907126,560.007271
2007-09-19,560.131266,548.077289,541.406938,567.498035,558.759519,551.958829
2007-09-20,567.950388,554.423333,547.675748,575.419342,565.233015,558.353536
2007-09-21,565.178295,552.129209,543.325652,572.611816,562.861329,553.883611
2007-09-24,569.912145,562.289979,553.324411,577.407071,573.219601,564.076667
2007-09-25,563.785013,559.536389,550.614726,571.199886,570.412487,561.314328
2007-09-26,554.110594,553.103327,544.284238,561.398046,563.854381,554.860824
2007-09-27,560.998450,558.123659,549.224522,568.376025,568.972297,559.897109
2007-09-28,576.827907,574.801359,565.636300,584.414656,585.974173,576.627802
2007-10-08,584.303876,594.019335,584.547850,591.987831,605.565702,595.906844
2007-10-09,586.659432,593.247782,583.788599,594.374738,604.779151,595.132839
2007-10-10,587.675452,592.255139,582.811784,595.404845,603.767214,594.137042
2007-10-11,595.357106,601.503074,591.912263,603.187308,613.194907,603.414362
2007-10-12,592.994315,596.983015,587.464276,600.793254,608.586989,598.879941
2007-10-15,601.700258,596.822478,587.306298,609.613991,608.423331,598.718893
2007-10-16,607.462532,610.797524,601.058515,615.452624,622.670020,612.738345
2007-10-17,601.976227,602.295324,592.691881,609.893722,614.002557,604.209130
2007-10-18,580.439276,583.214848,573.915638,588.072608,594.551200,585.068025
2007-10-19,580.264599,587.343113,577.978079,587.895989,598.759710,589.209408
2007-10-22,565.651680,580.288920,571.036364,573.090627,591.568400,582.132801
2007-10-23,572.619121,586.135459,576.789681,580.150279,597.528582,587.997917
2007-10-24,577.572093,594.962402,585.475881,585.192596,606.527100,596.852908
2007-10-25,551.296124,578.973046,569.741471,558.570101,590.226948,580.812745
2007-10-26,557.603101,594.180370,584.706318,564.966157,605.729867,596.068391
2007-10-29,569.339535,601.920626,592.323158,576.857817,613.620576,603.833241
2007-10-30,578.405168,608.283441,598.584519,586.043022,620.107069,610.216274
2007-10-31,587.962791,623.440739,613.500138,595.727456,635.558990,625.421735
2007-11-01,579.351938,615.947331,606.126211,587.002685,627.919928,617.904517
2007-11-02,565.677519,603.529581,593.906459,573.147798,615.260806,605.447309
2007-11-05,554.037209,581.063328,571.798424,561.353126,592.357860,582.909669
2007-11-06,549.617571,579.632778,570.390684,556.875376,590.899504,581.474574
2007-11-07,553.036693,584.542113,575.221740,560.339353,595.904264,586.399507
2007-11-08,526.477519,554.305128,545.466876,533.429980,565.079542,556.066444
2007-11-09,520.985013,547.246005,538.520310,527.863932,557.883207,548.984891
2007-11-12,514.547804,548.675097,539.926615,521.342304,559.340076,550.418523
2007-11-13,510.515762,537.554346,528.983182,517.257608,548.003164,539.262437
2007-11-14,531.874935,557.746145,548.853027,538.898020,568.587445,559.518395
2007-11-15,525.179328,551.740739,542.943376,532.115037,562.465307,553.493907
2007-11-16,517.587597,539.842351,531.234704,524.422415,550.335642,541.557711
2007-11-19,516.219121,530.513557,522.054656,523.034987,540.825518,532.199275
2007-11-20,523.966925,538.301106,529.718034,530.885851,548.764439,540.011569
2007-11-21,516.549871,531.289211,522.817942,523.370869,541.616249,532.977394
2007-11-22,493.294057,504.607413,496.561579,499.807046,514.415819,506.210814
2007-11-23,501.928682,514.432408,506.229917,508.556319,524.431789,516.067028
2007-11-26,496.132300,507.474647,499.383095,502.683995,517.338784,509.087158
2007-11-27,486.940568,493.813316,485.939591,493.371175,503.411909,495.382418
2007-11-28,480.490956,488.348026,480.561443,486.836275,497.840386,489.899762
2007-11-29,500.472351,511.821275,503.660417,507.081092,521.769901,513.447597
2007-11-30,489.654780,501.949594,493.946138,496.120509,511.706338,503.544550
2007-12-03,493.299225,509.496112,501.372328,499.813172,519.399542,511.115046
2007-12-04,499.143152,515.758205,507.534574,505.734500,525.783356,517.397038
2007-12-05,513.276486,531.058017,522.590435,520.053905,541.380561,532.745465
2007-12-06,513.804651,532.358702,523.870381,520.588866,542.706529,534.050283
2007-12-07,521.069767,538.732262,530.142316,527.950710,549.203976,540.444095
2007-12-10,530.600517,542.866941,534.211068,537.606558,553.419023,544.591912
2007-12-11,531.266150,539.479656,530.877793,538.281386,549.965897,541.193864
2007-12-12,524.794832,526.349673,517.957164,531.724025,536.580698,528.022160
2007-12-13,504.837209,502.523733,494.511122,511.502690,512.291636,504.120512
2007-12-14,514.485788,512.264228,504.096307,521.280028,522.221464,513.891958
2007-12-17,502.045478,490.931945,483.104162,508.674746,500.474531,492.491892
2007-12-18,499.215504,489.545715,481.740035,505.806985,499.061355,491.101257
2007-12-19,511.244444,500.560789,492.579477,517.994712,510.290537,502.151331
2007-12-20,520.640827,511.854229,503.692846,527.514778,521.803496,513.480657
2007-12-21,527.322997,516.669441,508.431280,534.286531,526.712304,518.311169
2007-12-24,538.204651,531.010668,522.543840,545.311431,541.332292,532.697965
2007-12-25,539.205168,529.829821,521.381822,546.325203,540.128492,531.513366
2007-12-26,544.189147,532.071176,523.587439,551.374667,542.413413,533.761843
2007-12-27,554.783463,545.147671,536.455432,562.109626,555.744085,546.879889
2007-12-28,551.760207,544.662297,535.977798,559.045849,555.249277,546.392973
2008-01-02,556.599483,545.370871,536.675074,563.949322,555.971624,547.103798
2008-01-03,560.416537,540.038700,531.427923,567.816561,550.535808,541.754684
2008-01-04,566.785530,550.671494,541.891180,574.269788,561.375279,552.421264
2008-01-07,574.324548,563.673584,554.685955,581.908301,574.630100,565.464669
2008-01-08,571.374677,562.947779,553.971722,578.920072,573.890186,564.736557
2008-01-09,580.233592,571.583407,562.469657,587.894968,582.693671,573.399625
2008-01-10,586.268734,579.171379,569.936641,594.010270,590.429136,581.011708
2008-01-11,589.059432,591.906591,582.468794,596.837194,603.411891,593.787387
2008-01-14,592.429974,595.210848,585.720365,600.252167,606.780375,597.102142
2008-01-15,588.780362,586.772805,577.416864,596.554400,598.178316,588.637287
2008-01-16,569.066667,560.648421,551.709028,576.580127,571.546135,562.429893
2008-01-17,554.586047,549.403370,540.643275,561.909526,560.082505,551.149110
2008-01-18,559.635142,553.609587,544.782425,567.024328,564.370481,555.368693
2008-01-21,531.858398,522.597471,514.264789,538.881686,532.755561,524.258035
2008-01-22,491.356072,483.243692,475.538497,497.843820,492.636836,484.779209
2008-01-23,514.223256,506.350936,498.277301,521.013568,516.193231,507.959876
2008-01-24,519.608269,508.985628,500.869984,526.469357,518.879136,510.602941
2008-01-25,524.798966,520.993082,512.685982,531.728109,531.119987,522.648548
2008-01-28,489.083204,486.201094,478.448744,495.541648,495.651723,487.746008
2008-01-29,492.204651,488.491365,480.702497,498.704454,497.986512,490.043557
2008-01-30,486.888889,479.942569,472.290009,493.318088,489.271547,481.467597
2008-01-31,477.560724,472.963718,465.422434,483.866423,482.157043,474.466570
2008-02-01,472.552972,475.778792,468.192623,478.792457,485.026836,477.290589
2008-02-04,511.640310,516.807343,508.566983,518.396954,526.852886,518.449509
2008-02-05,508.716279,511.904029,503.741851,515.433227,521.854263,513.530614
2008-02-13,497.786047,497.313898,489.384357,504.359323,506.980534,498.894123
2008-02-14,504.418605,505.100166,497.046475,511.079009,514.918149,506.705132
2008-02-15,497.499742,495.155936,487.260803,504.069382,504.780626,496.729304
2008-02-18,507.595866,504.939472,496.888343,514.298986,514.754331,506.543927
2008-02-19,518.940568,516.828063,508.587373,525.793509,526.874009,518.470294
2008-02-20,507.361240,498.155071,490.212117,514.060091,507.838057,499.737969
2008-02-21,503.982429,491.157769,483.326385,510.636951,500.704744,492.718432
2008-02-22,486.019638,468.575751,461.104432,492.437035,477.683783,470.064660
2008-02-25,467.160724,448.032500,440.888737,473.329522,456.741219,449.456132
2008-02-26,466.721447,450.503424,443.320264,472.884401,459.260172,451.934908
2008-02-27,479.562791,465.803010,458.375902,485.894988,474.857147,467.283109
2008-02-28,477.732300,465.954873,458.525343,484.039979,475.011962,467.435454
2008-02-29,483.157623,471.362518,463.846764,489.537626,480.698770,473.031557
2008-03-03,495.166925,483.695460,475.983061,501.705955,493.273425,485.405645
2008-03-04,482.806202,465.143692,457.727097,489.181325,474.353595,466.787589
2008-03-05,478.420672,462.297272,454.926062,484.743392,471.467947,463.947967
2008-03-06,484.240827,468.971363,461.493736,490.640218,478.274214,470.645673
2008-03-07,477.694057,463.598512,456.206553,484.006289,472.795932,465.254770
2008-03-10,458.045478,441.904765,434.858708,464.098376,450.672553,443.484263
2008-03-11,459.036693,440.862171,433.832738,465.102960,449.625445,442.453856
2008-03-12,445.441860,425.209765,418.429905,451.327705,433.658480,426.741566
2008-03-13,434.001034,414.880412,408.265251,439.736195,423.115400,416.366650
2008-03-14,429.754005,409.432395,402.904101,435.433023,417.561880,410.901709
2008-03-17,409.848062,395.722868,389.413170,415.263754,403.574361,397.137293
2008-03-18,389.038760,379.360908,373.312096,394.179743,386.881812,380.710993
2008-03-19,401.949354,392.498533,386.240245,407.260773,400.282814,393.898247
2008-03-20,413.625840,405.925719,399.453338,419.092199,413.974575,407.371622
2008-03-21,417.346770,408.314327,398.891873,422.861431,416.411384,406.799555
2008-03-24,398.665633,393.411585,384.333034,403.933599,401.213114,391.952100
2008-03-25,403.697158,397.786930,388.607411,409.032067,405.675224,396.311213
2008-03-26,404.586047,401.174980,391.917277,409.932517,409.130461,399.686694
2008-03-27,387.485271,385.912036,377.006548,392.605486,393.564846,384.480373
2008-03-28,404.977778,398.039859,388.854504,410.342927,405.933169,396.563204
2008-03-31,391.786047,385.404402,376.510628,396.976039,393.047146,383.974622
2008-04-01,370.321447,361.539198,353.196149,375.227410,368.708684,360.197954
2008-04-02,366.716279,348.020025,339.988951,371.574563,354.921419,346.728935
2008-04-03,377.333333,359.047425,350.761878,382.331982,366.167498,357.715425
2008-04-07,397.500775,381.704081,372.895698,402.766689,389.273445,380.288029
2008-04-08,402.176744,389.892803,380.895453,407.504773,397.624553,388.446372
2008-04-09,381.202067,370.900182,362.341115,386.251289,378.255300,369.524210
2008-04-10,388.084755,380.936285,372.145620,393.225184,388.490424,379.523081
2008-04-11,391.083204,383.157558,374.315634,396.264459,390.755746,381.736114
2008-04-14,365.512145,359.287030,350.995953,370.382130,366.411854,357.954141
2008-04-15,370.366925,367.716090,359.230501,375.301937,375.008067,366.351931
2008-04-16,361.139018,360.226923,351.914157,365.955427,367.370386,358.890547
2008-04-17,350.039276,349.358539,341.296577,354.742677,356.347326,348.121928
2008-04-18,338.242894,336.991579,329.215002,342.787720,343.734797,335.800528
2008-04-21,337.731266,332.570074,324.895530,342.269094,339.225471,331.395288
2008-04-22,340.700775,329.790460,322.180060,345.277741,336.389562,328.624839
2008-04-23,356.974677,346.906259,338.900887,361.783953,353.966682,345.796235
2008-04-24,390.129199,375.712610,367.042489,395.418117,383.380509,374.531116
2008-04-25,393.082171,377.750409,369.033263,398.410430,385.454737,376.557466
2008-04-28,385.441860,373.230484,364.617641,390.691264,380.866863,372.075491
2008-04-29,390.381395,378.979699,370.234185,395.698870,386.751756,377.824546
2008-04-30,409.211370,392.905246,383.838379,414.793111,400.963686,391.708429
2008-05-05,419.202067,407.180608,397.784316,424.919603,415.534230,405.942648
2008-05-06,414.562274,407.083413,397.689364,420.237670,415.431744,405.842528
2008-05-07,394.968475,390.631222,381.616831,400.394075,398.645974,389.444216
2008-05-08,405.688889,406.341745,396.964811,411.262774,414.685636,405.113642
2008-05-09,400.921964,407.997817,398.582667,406.458331,416.383839,406.772646
2008-05-12,403.609302,408.431282,399.006129,409.189289,416.824745,407.203375
2008-05-13,398.107494,406.911635,397.521550,403.787608,415.274689,405.689098
2008-05-14,410.933333,417.773654,408.132912,416.804321,426.363679,416.522126
2008-05-15,408.071318,413.932570,404.380466,413.912058,422.442618,412.691573
2008-05-16,406.834109,410.852580,401.371552,412.677767,419.409597,409.728562
2008-05-19,404.555039,413.497262,403.955204,410.367429,422.113873,412.370416
2008-05-20,383.547287,391.171042,382.144195,389.069024,399.319283,390.101983
2008-05-21,391.012920,399.778069,390.552602,396.667722,408.171682,398.750046
2008-05-22,383.611370,395.212088,386.091988,389.209911,403.604140,394.287935
2008-05-23,379.860465,387.090251,378.157574,385.461098,395.392975,386.266304
2008-05-26,367.878036,371.060798,362.498024,373.303999,379.018888,370.270173
2008-05-27,369.633075,371.760364,363.181446,375.120213,379.752079,370.986440
2008-05-28,379.972093,379.891405,371.124852,385.677533,388.054891,379.097602
2008-05-29,370.115762,369.548603,361.020726,375.733785,377.495854,368.782294
2008-05-30,373.264083,368.607523,360.101362,378.937428,376.529441,367.838188
2008-06-02,374.762791,370.976973,362.416133,380.464722,378.948690,370.201595
2008-06-03,373.551421,371.384110,362.813876,379.261059,379.619295,370.856720
2008-06-04,366.606718,364.045597,355.644709,372.262662,372.113600,363.524276
2008-06-05,363.011886,357.141531,348.899964,368.639422,365.049592,356.623323
2008-06-06,360.671835,356.271658,348.050165,366.386254,364.546540,356.131883
2008-06-10,331.427390,334.624505,326.902552,336.714276,342.409564,334.505884
2008-06-11,324.578811,325.426892,317.917187,329.774071,333.002340,325.315803
2008-06-12,318.824806,319.315316,311.946645,324.036508,326.746364,319.204231
2008-06-13,307.919380,305.644624,298.591425,313.065717,312.763045,305.543682
2008-06-16,305.141085,296.337998,289.499563,310.315362,303.226181,296.226953
2008-06-17,293.817054,283.792016,277.243097,298.845341,290.502786,283.797246
2008-06-18,309.175194,302.720344,295.734626,314.620576,309.892851,302.739739
2008-06-19,286.623256,284.341629,277.780027,291.713204,291.254930,284.532029
2008-06-20,294.539535,291.352952,284.629553,299.838695,298.420334,291.532037
2008-06-23,288.365891,286.984632,280.362039,293.701953,293.930855,287.146186
2008-06-24,294.772093,296.953826,290.101180,300.250125,304.205186,297.183361
2008-06-25,306.929199,308.469333,301.350949,312.744127,316.125201,308.828231
2008-06-26,308.104393,310.937841,303.762493,313.984543,318.676877,311.321008
2008-06-27,291.061499,296.036714,289.205231,296.761646,303.393470,296.390381
2008-06-30,288.560207,294.589008,287.790933,294.272647,301.911375,294.942497
2008-07-01,278.899225,288.161066,281.511325,284.516748,295.318825,288.502119
2008-07-02,279.028424,290.227470,283.530044,284.648447,297.437015,290.571416
2008-07-03,285.334367,297.517553,290.651897,291.093506,305.058983,298.017449
2008-07-04,283.395349,290.597482,283.891518,289.115987,297.927885,291.050955
2008-07-07,297.959690,302.657923,295.673646,304.026503,310.376497,303.212221
2008-07-08,299.931783,309.497305,302.355199,306.038734,317.405525,310.079002
2008-07-09,311.641344,318.189066,310.846385,318.000837,326.352712,318.819666
2008-07-10,307.362274,315.211764,307.937789,313.672142,323.352221,315.888433
2008-07-11,305.271318,315.378586,308.100761,311.553736,323.531249,316.063328
2008-07-14,307.583463,318.092813,310.752354,313.957999,326.416680,318.882157
2008-07-15,294.881654,307.551364,300.454164,300.999479,315.644399,308.358527
2008-07-16,283.782946,294.252396,287.462089,289.672387,302.010437,295.039271
2008-07-17,280.937468,287.958917,281.313842,286.799522,295.542906,288.721027
2008-07-18,291.003618,295.760163,288.935062,297.080173,303.544024,296.537459
2008-07-21,300.883721,305.354403,298.307901,307.181142,313.391348,306.157482
2008-07-22,300.231525,304.646612,297.616443,306.624741,312.667131,305.449982
2008-07-23,298.017571,298.007884,291.130913,304.363406,305.846630,298.786916
2008-07-24,307.737468,303.994069,296.978959,314.314300,311.990677,304.789142
2008-07-25,303.793282,298.870462,291.973586,310.285755,306.721988,299.642068
2008-07-28,306.031008,301.655270,294.694130,312.760462,309.777042,302.626603
2008-07-29,300.323514,300.125939,293.200091,306.927954,308.199706,301.085676
2008-07-30,298.127132,295.764652,288.939447,304.695205,303.719943,296.709317
2008-07-31,289.944186,286.621691,280.007474,296.335923,294.326626,287.532822
2008-08-01,293.621705,285.344999,278.760243,300.094945,292.995794,286.232709
2008-08-04,286.630491,276.690688,270.305643,292.975059,284.095001,277.537369
2008-08-05,279.388114,262.208513,256.157665,285.578504,269.215817,263.001635
2008-08-06,281.311628,261.539498,255.504089,287.544793,268.532655,262.334242
2008-08-07,281.182429,261.305571,255.275561,287.414115,268.290952,262.098118
2008-08-08,267.851163,248.294964,242.565193,273.797103,254.913533,249.029484
2008-08-11,253.933850,232.675235,227.305912,259.582853,238.867292,233.353630
2008-08-12,252.626357,231.282786,225.945595,258.247491,237.453428,231.972402
2008-08-13,252.679070,232.522377,227.156580,258.301600,238.743636,233.232829
2008-08-14,252.559173,232.193726,226.835515,258.179090,238.414183,232.910980
2008-08-15,252.983979,229.519118,224.222626,258.620126,235.664997,230.225252
2008-08-18,239.111111,213.173611,208.254317,244.438546,218.871411,213.819305
2008-08-19,242.735917,215.096398,210.132732,248.147543,220.856386,215.758461
2008-08-20,261.802584,231.834862,226.484932,267.649131,238.053544,232.558665
2008-08-21,252.607752,223.320478,218.167029,258.250554,229.289169,223.996594
2008-08-22,248.571576,219.977243,214.900944,254.124001,225.851966,220.638731
2008-08-25,248.118863,216.633928,211.634781,253.661525,222.413958,217.280081
2008-08-26,240.985013,206.139580,201.382606,246.384417,211.641299,206.756082
2008-08-27,240.340052,204.597553,199.876163,245.724903,210.058310,205.209633
2008-08-28,241.433592,205.637974,200.892575,246.848935,211.128291,206.254915
2008-08-29,247.197933,210.951020,206.083014,252.742698,216.579876,211.580664
2008-09-01,238.673902,203.641336,198.942012,244.027116,209.070982,204.245095
2008-09-02,236.218088,201.614210,196.961665,241.516677,206.987748,202.209947
2008-09-03,232.140568,196.742664,192.202537,237.348266,201.971156,197.309150
2008-09-04,232.677003,196.451877,191.918461,237.895478,201.674602,197.019442
2008-09-05,225.677519,189.217235,184.850769,230.739860,194.242725,189.759111
2008-09-08,219.795349,181.758729,177.564379,224.725628,186.585502,182.278636
2008-09-09,221.100775,182.126226,177.923395,226.059969,186.962649,182.647077
2008-09-10,221.517313,180.605578,176.437839,226.485692,185.402886,181.123318
2008-09-11,214.173643,175.187106,171.144406,218.976835,179.834985,175.683938
2008-09-12,214.764858,175.515611,171.465330,219.581219,180.204437,176.044863
2008-09-16,206.785530,171.921854,167.954504,211.424079,176.508438,172.434177
2008-09-17,199.394315,170.973586,167.028119,203.866219,175.536904,171.485068
2008-09-18,195.967959,168.979257,165.079812,200.363447,173.493428,169.488760
2008-09-19,214.274935,182.657437,177.922669,219.126910,187.543536,182.680347
2008-09-22,228.176744,191.770399,186.799409,233.353411,196.900271,191.794453
2008-09-23,219.481137,184.132102,179.359109,224.460189,189.091690,184.188356
2008-09-24,221.069767,186.964450,182.118038,226.085492,191.998159,187.019457
2008-09-25,229.822222,192.564320,187.572750,235.054262,197.749853,192.622004
2008-09-26,231.902842,195.123119,190.065221,237.181856,200.378821,195.182801
2008-10-06,220.020672,185.910094,181.091012,225.072740,190.915752,185.965118
2008-10-07,217.307494,182.759292,178.021884,222.297884,187.678141,182.811461
2008-10-08,209.083204,177.171036,172.578485,213.884493,181.938181,177.220344
2008-10-09,206.232558,173.696968,169.194469,210.967729,178.370721,173.745393
2008-10-10,197.101809,166.074996,161.770071,201.628365,170.542146,166.119820
2008-10-13,205.218605,166.856587,162.531401,209.930475,171.345179,166.902030
2008-10-14,199.960724,162.922892,158.699674,204.552276,167.304116,162.965755
2008-10-15,197.866667,159.121768,154.997082,202.410389,163.402001,159.164826
2008-10-16,188.206718,151.521242,147.593573,192.528918,155.595904,151.561148
2008-10-17,189.484238,152.725825,148.766931,193.835693,156.833168,152.766329
2008-10-20,196.044444,157.499812,153.417169,200.547212,161.735318,157.541362
2008-10-21,194.460982,157.720631,153.632264,198.925994,161.961891,157.762060
2008-10-22,189.490439,155.065677,151.046131,193.841819,159.235879,155.106736
2008-10-23,189.641344,157.164279,153.090334,193.995978,161.390771,157.205750
2008-10-24,184.144703,154.684321,150.674661,188.372758,158.843442,154.724475
2008-10-27,171.025323,144.739186,140.987319,174.952783,148.630132,144.776006
2008-10-28,176.312145,148.937810,145.077108,180.360588,152.942293,148.976349
2008-10-29,171.392248,145.359527,141.591580,175.328481,149.267717,145.397058
2008-10-30,175.468734,148.352936,144.507394,179.497912,152.360616,148.409755
2008-10-31,171.954522,145.844836,142.064308,175.903258,149.784362,145.900306
2008-11-03,170.908527,145.083520,141.322727,174.833335,149.002532,145.138749
2008-11-04,168.243928,142.375092,138.684505,172.107482,146.220614,142.428969
2008-11-05,174.823773,146.745979,142.942093,178.838399,150.709774,146.801721
2008-11-06,170.519897,142.775437,139.074473,174.435177,146.632034,142.829721
2008-11-07,173.419121,143.270615,139.556815,177.400945,147.141204,143.325688
2008-11-10,186.219121,152.399171,148.448745,190.495248,156.517135,152.458491
2008-11-11,184.119897,150.788317,146.879647,188.348256,154.864002,150.848226
2008-11-12,186.234625,152.553001,148.598588,190.511582,156.678162,152.615342
2008-11-13,193.703359,159.144339,155.019068,198.151116,163.449054,159.210659
2008-11-14,200.894057,166.940057,162.612708,205.507856,171.457450,167.011389
2008-11-17,205.398450,172.911421,168.429285,210.194893,177.589471,172.984401
2008-11-18,190.162274,162.950451,158.726519,194.603424,167.356824,163.017097
2008-11-19,201.877003,173.676117,169.174159,206.592072,178.372616,173.747238
2008-11-20,199.734367,172.572008,168.098670,204.399138,177.238454,172.642487
2008-11-21,198.526098,169.710722,165.311553,203.161785,174.299111,169.779363
2008-11-24,189.936951,163.529457,159.290517,194.372697,167.950214,163.595099
2008-11-25,189.590698,163.509852,159.271419,194.019459,167.929322,163.574749
2008-11-26,190.542636,163.813089,159.566796,194.992394,168.240981,163.878326
2008-11-27,193.330233,165.989207,161.686506,197.845862,170.475618,166.055018
2008-11-28,189.139018,163.257910,159.026008,193.556983,167.669309,163.321479
2008-12-01,192.683204,167.767449,163.418653,197.182265,172.300066,167.832155
2008-12-02,193.140052,169.930918,165.526042,197.650866,174.522427,169.996888
2008-12-03,201.826357,177.220036,172.626214,206.540005,182.010813,177.291093
2008-12-04,204.954005,179.075906,174.433977,209.740585,183.915300,179.146195
2008-12-05,208.080620,182.845034,178.105403,212.939123,187.786653,182.917160
2008-12-08,216.541602,189.101728,184.199914,221.598554,194.215758,189.179552
2008-12-09,210.940568,185.707625,180.893792,215.866096,190.731618,185.785759
2008-12-10,216.681137,189.355806,184.447406,221.745567,194.478073,189.435065
2008-12-11,211.508010,185.625753,180.814042,216.451083,190.645606,185.701977
2008-12-12,202.623256,179.612598,174.956757,207.359802,184.467681,179.684252
2008-12-15,204.137468,182.026402,177.307992,208.909557,186.947660,182.099923
2008-12-16,206.144703,184.176269,179.402131,210.963645,189.154852,184.249880
2008-12-17,206.865116,186.049313,181.226622,211.708916,191.078209,186.123362
2008-12-18,211.379845,188.907808,184.011021,216.329593,194.014199,188.983219
2008-12-19,212.104393,189.957779,185.033775,217.070780,195.093885,190.034908
2008-12-22,208.532300,189.068239,184.167293,213.414871,194.182612,189.147266
2008-12-23,198.342119,180.576705,175.895873,202.985166,185.460852,180.651670
2008-12-24,195.047028,178.068484,173.452669,199.613072,182.887482,178.145029
2008-12-25,193.361240,175.831936,171.274095,197.887719,180.590051,175.907173
2008-12-26,192.465116,173.739161,169.235569,196.970934,178.646494,174.014015
2008-12-29,191.706460,171.693814,167.243240,196.195036,176.527679,171.950143
2008-12-30,189.502842,170.753847,166.327638,193.938806,175.542137,170.990156
2008-12-31,187.878036,168.841873,164.465227,192.276751,173.560398,169.059806
2009-01-05,194.621189,172.786476,168.307579,199.178161,177.596707,172.991450
2009-01-06,200.806202,177.264297,172.669328,205.506835,182.184409,177.460187
2009-01-07,199.605168,175.746860,171.191225,204.278670,180.614389,175.930880
2009-01-08,195.141085,172.269551,167.804053,199.710059,177.034571,172.443890
2009-01-09,198.281137,175.287209,170.743489,202.922890,180.137066,175.465934
2009-01-12,198.520930,174.939815,170.405100,203.168931,179.780020,175.118147
2009-01-13,193.921447,170.109282,165.699782,198.461476,174.817417,170.284229
2009-01-14,202.091990,176.964685,172.377482,206.823820,181.861648,177.145797
2009-01-15,202.053747,177.611280,173.007317,206.785025,182.521772,177.788802
2009-01-16,205.706460,179.932265,175.268138,210.522608,184.906331,180.111528
2009-01-19,208.007235,180.690479,176.006698,212.876847,185.689392,180.874283
2009-01-20,209.321964,181.509686,176.804670,214.222417,186.528840,181.691964
2009-01-21,208.962274,179.884098,175.221220,213.854887,184.857973,180.064424
2009-01-22,211.322997,184.041583,179.270936,216.270380,189.129298,184.224988
2009-01-23,210.096124,183.955283,179.186873,215.015671,189.039118,184.137147
2009-02-02,212.616021,186.319289,181.489600,217.594512,191.473976,186.508867
2009-02-03,217.975194,191.053328,186.100925,223.078886,196.347724,191.256234
2009-02-04,223.918346,194.602874,189.558461,229.161520,199.995122,194.809051
2009-02-05,222.322481,192.992070,187.989412,227.528050,198.341804,193.198606
2009-02-06,231.243411,200.627710,195.427124,236.657104,206.194932,200.848094
2009-02-09,237.381912,208.849199,203.435500,242.939837,214.655293,209.089070
2009-02-10,240.491990,212.011373,206.515705,246.122041,217.915984,212.265208
2009-02-11,240.944703,212.414336,206.908222,246.585538,218.320673,212.659403
2009-02-12,239.621705,212.068809,206.571652,245.231800,217.959673,212.307764
2009-02-13,247.965891,218.215734,212.559239,253.770763,224.278487,218.462725
2009-02-16,254.496124,222.085686,216.328875,260.453696,228.255696,222.336801
2009-02-17,246.541602,216.310238,210.703137,252.313912,222.323860,216.558783
2009-02-18,235.228941,207.049208,201.682167,240.736695,212.806206,207.287931
2009-02-19,237.561757,210.429093,204.974440,243.123603,216.276955,210.668680
2009-02-20,242.306977,216.015578,210.416115,247.980113,222.027288,216.269902
2009-02-23,249.145220,222.025771,216.270513,254.978510,228.205587,222.287991
2009-02-24,237.917313,213.656037,208.117737,243.487050,219.593764,213.899481
2009-02-25,238.165375,210.074690,204.629224,243.741258,215.913468,210.314619
2009-02-26,226.376227,196.784578,191.683612,231.676042,202.252757,197.008143
2009-02-27,221.239276,190.626498,185.685159,226.419332,195.923247,190.842764
2009-03-02,223.738501,193.923478,188.896676,228.976733,199.314534,194.146112
2009-03-03,221.410853,191.830956,186.858396,226.594930,197.161860,192.049259
2009-03-04,236.191214,204.904482,199.593035,241.720860,210.602924,205.141782
2009-03-05,238.234625,204.995856,199.682041,243.811702,210.696580,205.233009
2009-03-06,236.339018,202.294901,197.051099,241.871956,207.919392,202.527837
2009-03-09,227.651680,196.146841,191.062407,232.980776,201.595967,196.368385
2009-03-10,231.605168,199.862053,194.681314,237.027698,205.418860,200.092147
2009-03-11,229.496641,198.486252,193.341176,234.869476,204.007442,198.717328
2009-03-12,229.012920,197.148618,192.038216,234.374330,202.638767,197.384144
2009-03-13,227.950388,196.277420,191.189601,233.287052,201.741112,196.509766
2009-03-16,231.690956,198.065674,192.931500,237.115497,203.577955,198.298978
2009-03-17,240.041344,205.438128,200.112848,245.661606,211.154036,205.678604
2009-03-18,241.100775,208.472292,203.068363,246.745822,214.280232,208.723735
2009-03-19,246.259432,214.630401,209.066843,252.024992,220.606404,214.885862
2009-03-20,245.978295,217.441730,211.083156,251.737093,223.505123,216.967018
2009-03-23,252.134367,223.360215,216.828568,258.037182,229.588646,222.872581
2009-03-24,253.413953,224.942826,218.364899,259.347020,231.215388,224.451737
2009-03-25,248.199483,219.338085,212.924056,254.009658,225.454358,218.859232
2009-03-26,256.309044,225.286894,218.698906,262.309726,231.569051,224.795054
2009-03-27,258.287339,229.313244,222.607514,264.334208,235.707675,228.812613
2009-03-30,256.794832,230.318795,223.583660,262.806914,236.741266,229.815969
2009-03-31,259.203101,235.990772,229.089774,265.271411,242.571408,235.475564
2009-04-01,263.381912,238.324833,231.355581,269.548039,244.970554,237.804529
2009-04-02,266.294574,239.026932,232.037148,272.534226,245.710670,238.522995
2009-04-03,265.684755,236.027861,229.125778,271.910445,242.627624,235.530135
2009-04-07,266.351421,236.605845,229.686861,272.592419,243.221293,236.106438
2009-04-08,256.263566,228.094635,221.424541,262.267869,234.472465,227.613536
2009-04-09,260.224289,231.872613,225.092041,266.321936,238.356215,231.383676
2009-04-10,268.271835,241.305395,234.248984,274.557687,248.052756,240.796568
2009-04-13,274.575711,245.641232,238.458029,281.008872,252.509477,245.122918
2009-04-14,276.679070,247.815064,240.568292,283.200784,254.805503,247.351780
2009-04-15,277.725065,249.087251,241.803277,284.275811,256.114351,248.622341
2009-04-16,277.737468,247.887399,240.638511,284.288062,254.877606,247.421774
2009-04-17,273.973127,246.505733,239.297250,280.435116,253.457320,246.043035
2009-04-20,279.862532,249.424792,242.130947,286.463640,256.458459,248.956383
2009-04-21,276.531266,246.059627,238.864189,283.053772,253.004290,245.603257
2009-04-22,266.282171,236.132425,229.227285,272.562812,242.794887,235.692506
2009-04-23,268.068217,238.201662,231.236012,274.391277,244.923161,237.758522
2009-04-24,265.931783,235.333658,228.451876,272.203449,242.011489,234.932024
2009-04-27,259.771576,229.798409,223.078492,265.907444,236.316455,229.403585
2009-04-28,260.313178,233.338393,226.514958,266.465886,239.954766,232.935466
2009-04-29,269.288889,239.236592,232.240677,275.666405,246.021930,238.825150
2009-04-30,271.103876,242.224171,235.140892,277.535707,249.139521,241.851543
2009-05-04,280.547804,248.855215,241.578026,287.203806,255.959325,248.471850
2009-05-05,281.861499,251.073803,243.731737,288.549377,258.245464,250.691114
2009-05-06,285.786047,254.376516,246.937870,292.567712,261.659188,254.004977
2009-05-07,286.003101,251.171501,243.826578,292.798440,258.380628,250.822323
2009-05-08,288.291473,249.707710,242.405592,295.157783,256.874494,249.360248
2009-05-11,281.686822,241.495004,234.433047,288.415636,248.423251,241.156225
2009-05-12,288.223256,247.027673,239.803927,295.108779,254.123678,246.689901
2009-05-13,290.853747,249.050898,241.767987,297.806046,256.204151,248.709514
2009-05-14,288.640827,249.794252,242.489604,295.556962,256.968630,249.451630
2009-05-15,289.004651,250.581294,243.253630,295.944911,257.780220,250.239478
2009-05-18,290.498191,250.532493,243.206256,297.498749,257.729640,250.190379
2009-05-19,293.548320,251.818838,244.454985,300.638074,259.180116,251.598424
2009-05-20,290.735917,250.730314,243.398293,297.765209,258.058346,250.509469
2009-05-21,284.238760,247.127335,239.900675,291.143531,254.402233,246.960307
2009-05-22,283.274419,246.005744,238.811882,290.155282,253.248947,245.840757
2009-05-25,284.518863,247.659619,240.417393,291.434493,254.951923,247.493917
2009-05-26,281.112145,246.044417,238.849423,288.056273,253.289019,245.879657
2009-05-27,285.241344,246.277932,239.076110,292.473788,253.686955,246.265953
2009-06-01,295.435659,252.736773,245.346078,302.969852,260.343216,252.727500
2009-06-02,296.134367,252.584378,245.198139,303.697767,260.228834,252.616465
2009-06-03,303.812920,254.694218,247.246281,311.595594,262.481802,254.803527
2009-06-04,305.297158,252.938636,245.542037,313.291340,260.672330,253.046987
2009-06-05,303.804651,250.829223,243.494309,311.791610,258.504513,250.942584
2009-06-08,304.752455,248.472993,241.206981,312.830905,256.321703,248.823628
2009-06-09,306.001034,250.923482,243.585811,314.128493,258.880243,251.307323
2009-06-10,309.002584,253.170249,245.766877,317.214730,261.201974,253.561138
2009-06-11,306.111628,251.606578,244.248933,314.565446,260.082288,252.474206
2009-06-12,300.391731,247.674189,240.431537,308.796235,256.203979,248.709347
2009-06-15,306.582946,249.181134,241.894414,315.264775,257.762433,250.222212
2009-06-16,306.069251,250.264057,242.945670,314.789027,258.887213,251.314090
2009-06-17,311.172093,254.490483,247.048504,320.045737,263.261861,255.560768
2009-06-18,316.013437,257.012130,249.496411,325.054364,265.894478,258.116374
2009-06-19,318.346253,257.754145,250.216728,327.454544,266.674478,258.873557
2009-06-22,318.610853,255.403920,247.935230,327.900685,264.243557,256.513747
2009-06-23,318.749354,253.551535,246.137014,328.123245,262.320244,254.646696
2009-06-24,322.556072,259.527585,251.938308,332.110953,268.493960,260.639814
2009-06-25,322.265633,258.418479,250.861635,331.828159,267.338788,259.518434
2009-06-26,323.350904,259.408528,251.822732,333.121663,268.472385,260.618871
2009-06-29,328.679070,263.267732,255.569083,338.628498,272.464189,264.493903
2009-06-30,327.283721,261.145098,253.508520,337.226777,270.278837,262.372479
2009-07-01,334.666667,266.615939,258.819379,345.013323,275.948431,267.876223
2009-07-02,339.262016,268.745259,260.886432,349.773867,278.222562,270.083829
2009-07-03,343.890439,272.285936,264.323571,354.574226,281.941198,273.693685
2009-07-06,348.811370,274.870873,266.832917,359.666568,284.635431,276.309105
2009-07-07,345.270284,272.011049,264.056722,356.014742,281.671802,273.432170
2009-07-08,346.487855,276.768854,268.675396,357.283744,286.623110,278.238639
2009-07-09,351.038760,281.380798,273.152474,361.996304,291.388251,282.864387
2009-07-10,351.246512,281.288675,273.063046,362.221927,291.310764,282.789167
2009-07-13,347.391214,282.284345,274.029600,358.318955,292.318879,283.767792
2009-07-14,357.080103,289.130540,280.675594,368.341314,299.415066,290.656398
2009-07-15,361.065633,290.384846,281.893221,372.461741,300.723745,291.926794
2009-07-16,361.885271,288.438375,280.003670,373.330543,298.717137,289.978884
2009-07-17,363.804651,290.337296,281.847061,375.311125,300.674435,291.878926
2009-07-20,371.175194,294.270635,285.665379,382.970056,304.758147,295.843180
2009-07-21,365.873902,289.133420,280.678389,377.516309,299.472704,290.712350
2009-07-22,372.808269,294.619378,286.003924,384.670907,305.174678,296.247526
2009-07-23,377.464599,296.211694,287.549676,389.497810,306.835091,297.859367
2009-07-24,379.075969,293.801064,285.209539,391.174159,304.343457,295.440620
2009-07-27,386.938501,298.824390,290.085969,399.332319,309.760140,300.698851
2009-07-28,388.198450,302.444201,293.599928,400.632970,313.508434,304.337498
2009-07-29,367.804651,283.481620,275.191863,379.587753,293.859253,285.263106
2009-07-30,375.691990,287.135852,278.739235,387.727537,297.653847,288.946698
2009-07-31,386.007235,294.961021,286.335576,398.388990,305.852312,296.905338
2009-08-03,391.424289,298.398756,289.672782,403.979541,309.412568,300.361447
2009-08-04,391.381912,303.491792,294.616885,403.935641,314.703620,305.497722
2009-08-05,386.660465,299.955037,291.183554,399.068922,311.041840,301.943058
2009-08-06,378.617054,296.967305,288.283191,390.777021,307.919437,298.911993
2009-08-07,367.452196,290.171774,281.686379,379.311084,300.872504,292.071202
2009-08-10,366.360724,290.925353,282.417922,378.198283,301.681350,292.856387
2009-08-11,367.584496,293.775580,285.184800,379.461159,304.627960,295.716801
2009-08-12,351.152455,279.381180,271.211331,362.502680,289.691766,281.217529
2009-08-13,355.640310,279.461622,271.289420,367.135609,289.784265,281.307322
2009-08-14,345.680620,272.679426,264.705554,356.854958,282.769015,274.497287
2009-08-17,324.575711,256.725110,249.217785,335.067534,266.212572,258.425162
2009-08-18,327.854264,257.385447,249.858811,338.451879,266.893904,259.086564
2009-08-19,311.583463,244.788046,237.629792,321.660830,253.844587,246.418973
2009-08-20,325.001550,254.150376,246.718343,335.513675,263.559136,255.849347
2009-08-21,331.123514,259.730556,252.135344,341.857664,269.496379,261.612910
2009-08-24,333.808786,263.498810,255.793404,344.629458,273.406240,265.408397
2009-08-25,321.429457,256.845302,249.334462,331.861849,266.492311,258.696718
2009-08-26,327.895607,264.709718,256.968901,338.537636,274.633699,266.599950
2009-08-27,326.232558,264.757099,257.014897,336.820451,274.683337,266.648136
2009-08-28,314.912661,256.628297,249.123803,325.132975,266.242376,258.454095
2009-08-31,292.534367,238.163120,231.198596,302.028565,247.084667,239.856798
2009-09-01,293.922481,236.578535,229.660349,303.491542,245.440325,238.260557
2009-09-02,298.804134,238.095442,231.132898,308.531817,247.015148,239.789313
2009-09-03,315.448062,251.401406,244.049759,325.717961,260.816415,253.186857
2009-09-04,318.050646,254.816287,247.364780,328.411144,264.350125,256.617197
2009-09-07,320.848579,256.291154,248.796519,331.300344,265.877634,258.100022
2009-09-08,327.748837,261.768546,254.113738,338.424314,271.556560,263.612825
2009-09-09,330.223256,265.559702,257.794030,340.979674,275.479643,267.421148
2009-09-10,326.915762,262.830353,255.144494,337.565722,272.651872,264.676096
2009-09-11,334.690439,267.255633,259.440367,345.593205,277.244657,269.134530
2009-09-14,340.402067,274.178294,266.160591,351.491052,284.424945,276.104777
2009-09-15,341.358140,274.369382,266.346091,352.478280,284.626282,276.300223
2009-09-16,336.768992,272.023391,264.068703,347.739176,282.195219,273.940276
2009-09-17,343.162791,276.824945,268.729847,354.372084,287.166671,278.766300
2009-09-18,330.717313,268.320260,259.661026,341.520760,278.343287,269.358638
2009-09-21,331.638243,268.795771,260.121192,342.596809,278.836562,269.835990
2009-09-22,323.620672,262.867685,254.384416,334.333493,272.687033,263.884963
2009-09-23,316.286305,256.097503,247.832722,326.756235,265.663953,257.088581
2009-09-24,318.442377,258.733854,250.383992,328.983880,268.398784,259.735134
2009-09-25,316.127132,255.021309,246.791259,326.591867,264.547559,256.008222
2009-09-28,307.249612,245.852856,237.918690,317.420955,255.036620,246.804288
2009-09-29,307.213437,247.604213,239.613528,317.383181,256.853399,248.562422
2009-09-30,310.574677,251.964354,243.832958,320.858388,261.376412,252.939437
2009-10-09,326.998450,267.633844,258.996762,337.826056,277.631230,268.669566
2009-10-12,325.749871,268.498120,259.833146,336.536636,278.527792,269.537187
2009-10-13,330.596382,272.951064,264.142385,341.543221,283.147074,274.007364
2009-10-14,333.581395,277.210645,268.264500,344.626395,287.565770,278.283429
2009-10-15,334.846512,278.699894,269.705689,345.934192,289.110650,279.778441
2009-10-16,335.060465,280.687253,271.628911,346.154710,291.172246,281.773491
2009-10-19,344.099225,290.674421,281.293773,355.493053,301.532482,291.799309
2009-10-20,349.102842,293.103798,283.644749,360.662985,304.052608,294.238087
2009-10-21,348.247028,291.712048,282.297914,359.777848,302.608869,292.840951
2009-10-22,345.976227,289.603971,280.257869,357.434840,300.422045,290.724716
2009-10-23,352.790698,295.895547,286.346403,364.475095,306.948642,297.040640
2009-10-26,352.893023,295.280638,285.751339,364.580249,306.310763,296.423352
2009-10-27,342.606718,286.255363,277.017327,353.953507,296.948352,287.363149
2009-10-28,344.116796,288.236128,278.934169,355.513471,299.003108,289.351580
2009-10-29,335.612403,280.179708,271.137746,346.727445,290.645742,281.263982
2009-10-30,339.056331,282.641712,273.520296,350.285347,293.199714,283.735514
2009-11-02,350.677003,293.854390,284.371118,362.291350,304.831238,294.991584
2009-11-03,355.083204,297.038931,287.452888,366.842605,308.134737,298.188449
2009-11-04,356.991214,297.007190,287.422171,368.813999,308.101810,298.156585
2009-11-05,358.069251,297.690032,288.082977,369.927821,308.810160,298.842070
2009-11-06,360.002067,300.366794,290.673354,371.924738,311.586911,301.529191
2009-11-09,361.321964,300.725444,291.020430,373.288685,311.958958,301.889228
2009-11-10,362.147804,303.189729,293.405187,374.141152,314.515296,304.363050
2009-11-11,361.309561,301.411876,291.684709,373.275413,312.671032,302.578317
2009-11-12,361.756072,301.167146,291.447877,373.736868,312.417160,302.332639
2009-11-13,363.691990,301.922432,292.178789,375.736848,313.200660,303.090849
2009-11-16,374.759690,313.382257,303.268782,387.171137,325.088563,314.595022
2009-11-17,375.023256,312.838339,302.742417,387.443722,324.524327,314.049000
2009-11-18,375.217571,311.308257,301.261714,387.643822,322.937089,312.512996
2009-11-19,376.479587,311.889406,301.824108,388.947535,323.539946,313.096394
2009-11-20,375.298191,311.405559,301.355875,387.727537,323.038025,312.610674
2009-11-23,378.864083,314.726393,304.569540,391.411012,326.482909,315.944360
2009-11-24,366.726615,305.455218,295.597564,378.872089,316.865411,306.637306
2009-11-25,375.155556,312.897543,302.799711,387.580525,324.585743,314.108433
2009-11-26,360.286305,301.816024,292.075814,372.218762,313.090276,302.984029
2009-11-27,349.613437,289.642575,280.295227,361.191820,300.462092,290.763469
2009-11-30,362.963307,301.496201,291.766313,374.983410,312.758507,302.662969
2009-12-01,368.044444,304.277207,294.457570,380.233995,315.643396,305.454736
2009-12-02,371.817054,309.555060,299.565096,384.130841,321.118402,310.753014
2009-12-03,371.150388,308.009861,298.069764,383.441721,319.515483,309.201836
2009-12-04,376.588114,311.699330,301.640167,389.059836,323.342771,312.905583
2009-12-07,379.207235,313.871307,303.742049,391.766291,325.595881,315.085965
2009-12-08,374.575711,310.588061,300.564760,386.981246,322.189990,311.790013
2009-12-09,367.388114,305.196799,295.347485,379.555084,316.597339,306.377887
2009-12-10,369.740568,306.600357,296.705747,381.985891,318.053327,307.786876
2009-12-11,369.511111,305.517577,295.657910,381.749038,316.930100,306.699906
2009-12-14,373.410853,306.563165,296.669756,385.777583,318.014746,307.749541
2009-12-15,370.371059,303.180218,293.395983,382.640300,314.505430,304.353502
2009-12-16,368.033075,301.155604,291.436707,380.224806,312.405186,302.321053
2009-12-17,359.705426,294.346931,284.847764,371.621525,305.342178,295.486031
2009-12-18,350.567442,282.967454,273.835526,362.180070,293.537624,284.062517
2009-12-21,351.071835,284.932058,275.736728,362.701759,295.575615,286.034723
2009-12-22,341.657881,275.291196,266.406996,352.975467,285.574621,276.356552
2009-12-23,344.855814,277.438036,268.484553,356.279160,287.801655,278.511700
2009-12-24,355.433592,287.758372,278.471832,367.207073,298.507505,288.871975
2009-12-25,353.982429,286.329767,277.089330,365.708364,297.025535,287.437842
2009-12-28,359.527649,291.191799,281.794455,371.437760,302.069187,292.318689
2009-12-29,361.833592,291.872401,282.453092,373.819563,302.775213,293.001925
2009-12-30,367.840827,295.326496,285.795716,380.025727,306.358334,296.469386
2009-12-31,369.579328,296.293993,286.731990,381.822544,307.361971,297.440627
2010-01-04,365.398450,291.646662,282.234638,377.502016,302.541041,292.775312
2010-01-05,368.376227,292.035305,282.610739,380.579065,302.944202,293.165460
2010-01-06,366.070284,290.661059,281.280842,378.196241,301.518621,291.785895
2010-01-07,358.807235,286.342421,277.101576,370.692489,297.038662,287.450545
2010-01-08,359.703359,287.070154,277.805824,371.618462,297.793579,288.181094
2010-01-11,359.901809,285.008458,275.810662,371.823667,295.654869,286.111419
2010-01-12,365.366408,288.081179,278.784221,377.469347,298.842370,289.196031
2010-01-13,353.606202,276.648921,267.720904,365.320415,286.983063,277.719531
2010-01-14,358.558140,280.800021,271.738040,370.435218,291.289227,281.886695
2010-01-15,359.973127,282.667369,273.545125,371.897173,293.226329,283.761270
2010-01-18,361.827390,282.684647,273.561846,373.813437,293.244253,283.778615
2010-01-19,362.530233,283.706673,274.550889,374.539310,294.304456,284.804596
2010-01-20,350.845478,274.673324,265.809064,362.467969,284.933668,275.736288
2010-01-21,352.306977,274.274758,265.423361,363.977907,284.520215,275.336181
2010-01-22,347.927649,268.627433,259.958286,359.453196,278.661935,269.667001
2010-01-25,343.980362,266.163385,257.573758,355.127564,276.105844,267.193417
2010-01-26,335.173127,256.414625,248.139610,346.276199,265.992921,257.406930
2010-01-27,330.601550,253.697243,245.509923,341.552409,263.174032,254.679032
2010-01-28,331.428424,255.205491,246.969497,342.406918,264.738620,256.193116
2010-01-29,331.179328,254.408749,246.198467,342.149646,263.912116,255.393291
2010-02-01,325.861499,249.774368,241.713647,336.656083,259.104619,250.740975
2010-02-02,325.187597,249.994336,241.926517,335.959817,259.332804,250.961795
2010-02-03,333.924548,258.808984,250.456698,344.985758,268.476720,259.810554
2010-02-04,332.692506,257.593350,249.280295,343.713694,267.215677,258.590216
2010-02-05,325.900775,250.967020,242.867809,336.695899,260.341822,251.938243
2010-02-08,325.683721,251.021406,242.920441,336.472318,260.398240,251.992840
2010-02-09,327.564858,251.604694,243.484905,338.416147,261.003317,252.578385
2010-02-10,332.209819,255.516529,247.270498,343.214464,265.061277,256.505359
2010-02-11,332.857881,256.535934,248.257004,343.884187,266.118761,257.528708
2010-02-12,336.049612,258.946435,250.589713,347.181754,268.619306,259.948538
2010-02-22,334.196382,257.427627,249.119920,345.266511,267.043764,258.423852
2010-02-23,330.607752,255.104126,246.871404,341.559555,264.633469,256.091360
2010-02-24,335.346770,259.231753,250.865823,346.455881,268.915282,260.234960
2010-02-25,340.271835,263.959222,255.440727,351.543118,273.819344,264.980724
2010-02-26,339.190698,263.381199,254.881358,350.426234,273.219729,264.400464
2010-03-01,343.609302,266.661600,258.055894,354.991782,276.622669,267.693560
2010-03-02,342.247028,264.778260,256.233334,353.583935,274.668978,265.802932
2010-03-03,344.711111,266.141755,257.552826,356.130106,276.083405,267.171703
2010-03-04,335.976227,258.611287,250.265381,347.106206,268.271639,259.612093
2010-03-05,336.926098,259.974244,251.584352,348.087309,269.685508,260.980324
2010-03-08,339.656848,263.571730,255.065740,350.908107,273.417377,264.591732
2010-03-09,341.690956,266.872690,258.260172,353.010179,276.841644,267.905467
2010-03-10,338.986047,263.586911,255.080432,350.215924,273.433126,264.606973
2010-03-11,338.678036,262.397143,253.929060,349.896377,272.198915,263.412600
2010-03-12,334.173643,258.582278,250.237308,345.243030,268.241546,259.582971
2010-03-15,329.010853,255.582054,247.333907,339.909751,265.129249,256.571137
2010-03-16,331.159690,258.047849,249.720126,342.129228,267.687154,259.046474
2010-03-17,338.389664,263.927416,255.409948,349.598269,273.786350,264.948795
2010-03-18,337.732300,264.161337,255.636319,348.920379,274.029009,265.183621
2010-03-19,340.451680,266.452344,257.060442,351.730968,276.405597,266.660931
2010-03-22,341.357106,266.956657,257.546979,352.666129,276.928748,267.165638
2010-03-23,338.560207,265.805824,256.436711,349.776929,275.734926,266.013904
2010-03-24,338.673902,267.218001,257.799111,349.894335,277.199854,267.427186
2010-03-25,333.760207,263.063753,253.791292,344.835683,272.890426,263.269687
2010-03-26,338.501292,266.211229,256.827826,349.735072,276.155474,266.419626
2010-03-29,347.135917,272.381355,262.780468,358.655859,282.556084,272.594583
2010-03-30,347.980362,274.005835,264.347688,359.527723,284.241245,274.220334
2010-03-31,345.799483,271.243649,261.682864,357.274556,281.375880,271.455987
2010-04-01,350.588114,275.473546,265.763665,362.221927,285.763783,275.689194
2010-04-02,352.180879,277.472165,267.691837,363.867648,287.837060,277.689378
2010-04-06,351.953488,277.552862,267.769689,363.632837,287.920771,277.770138
2010-04-07,350.072351,277.475946,267.695485,361.690029,287.840982,277.693162
2010-04-08,345.916279,274.008672,264.350425,357.396045,284.244188,274.223173
2010-04-09,349.268217,277.873716,268.079234,360.859001,288.253610,278.091243
2010-04-12,346.406202,277.179620,267.409603,358.042286,287.533586,277.396604
2010-04-13,350.565375,278.492851,268.676546,362.341375,288.895873,278.710863
2010-04-14,351.804651,282.367590,272.414708,363.622628,292.915352,282.588635
2010-04-15,350.859948,282.075281,272.132702,362.646629,292.612123,282.296097
2010-04-16,346.907494,279.879129,270.013960,358.560913,290.333935,280.098226
2010-04-19,328.312145,266.481054,257.088140,339.341099,276.435379,266.689663
2010-04-20,327.996899,267.539919,258.109683,339.026656,277.533798,267.749357
2010-04-21,334.540568,274.874206,265.185450,345.808619,285.223282,275.167749
2010-04-22,330.908527,274.193074,264.528327,342.054701,284.515169,274.484601
2010-04-23,329.715762,273.149108,263.521158,340.826536,283.440666,273.447979
2010-04-26,327.855297,273.386246,263.749938,338.902104,283.688870,273.687433
2010-04-27,321.282687,269.669233,260.163943,332.107891,279.830711,269.965292
2010-04-28,320.139535,268.749683,259.276804,330.938939,278.875496,269.043754
2010-04-29,316.285271,261.610173,252.388948,326.956335,271.468088,261.897494
2010-04-30,317.040827,259.409472,250.265817,327.777154,269.186128,259.695984
2010-05-04,312.087855,258.803372,249.681081,322.664393,268.554537,259.086660
2010-05-05,313.838760,260.403212,251.224530,324.490817,270.287050,260.758093
2010-05-06,299.417054,248.671395,239.906236,309.705873,258.115094,249.015258
2010-05-07,293.208269,241.926274,233.398866,303.290421,251.109793,242.256929
2010-05-10,295.424289,241.886311,233.360312,305.595655,251.068557,242.217147
2010-05-11,289.490439,237.740657,229.360783,299.456871,246.763830,238.064183
2010-05-12,291.282687,236.469571,228.134500,301.336382,245.500611,236.845499
2010-05-13,298.388630,245.284668,236.638884,308.688017,254.654384,245.676556
2010-05-14,296.436176,244.305357,235.694091,306.700289,253.807952,244.859965
2010-05-17,280.591214,231.133690,222.986699,290.321691,240.132283,231.666431
2010-05-18,286.444444,235.519391,227.217813,296.460475,244.686081,236.059685
2010-05-19,285.495607,236.107494,227.785186,295.491623,245.295641,236.647755
2010-05-20,281.759173,233.109010,224.892392,291.657053,242.201867,233.663052
2010-05-21,286.179845,237.433638,229.064586,296.233831,246.696647,237.999369
2010-05-24,296.999483,247.726787,238.994923,307.525191,257.425726,248.350195
2010-05-25,290.846512,243.641427,235.053563,301.164868,253.215834,244.288722
2010-05-26,290.846512,242.742985,234.186790,301.167931,252.345158,243.448742
2010-05-27,295.605168,247.516868,238.792403,306.273545,257.373025,248.299351
2010-05-28,294.604651,248.221340,239.472044,305.260794,258.184373,249.082096
2010-05-31,286.641860,241.961574,233.432921,297.021980,251.671018,242.798368
2010-06-01,283.634109,238.813219,230.395540,293.909199,248.393953,239.636836
2010-06-02,285.016021,241.402187,232.893252,295.351758,251.122884,242.269559
2010-06-03,282.798966,239.838504,231.384686,293.094506,249.493559,240.697676
2010-06-04,283.657881,239.798590,231.346178,294.061316,249.456544,240.661965
2010-06-07,278.627390,235.225719,226.934492,288.861778,244.702805,236.075819
2010-06-08,279.001550,237.451918,229.082222,289.268103,247.193721,238.478919
2010-06-09,287.558656,243.697380,235.107544,298.205225,253.699256,244.755101
2010-06-10,284.239793,241.874631,233.349043,294.838235,251.902400,243.021594
2010-06-11,285.154522,242.566177,234.016213,295.805045,252.620711,243.714580
2010-06-17,283.486305,239.268780,230.835044,294.107258,249.185228,240.400214
2010-06-18,278.673902,232.643430,224.443223,289.188472,242.346472,233.802559
2010-06-21,287.406718,238.808601,230.391085,298.285878,248.815735,240.043748
2010-06-22,287.722997,238.971822,230.548553,298.649325,249.020970,240.241747
2010-06-23,285.116279,237.451082,229.081416,295.970434,247.431222,238.708046
2010-06-24,285.012920,236.458044,228.123380,296.022501,246.568168,237.875420
2010-06-25,282.820672,234.321352,226.062002,293.787710,244.436852,235.819243
2010-06-28,280.804134,231.528172,223.367276,291.698911,241.514795,233.000203
2010-06-29,267.909044,221.216288,213.418865,278.375923,230.759098,222.623698
2010-06-30,264.916796,219.300793,211.570887,275.286623,228.755990,220.691208
2010-07-01,261.092506,215.896438,208.286529,271.477576,225.209668,217.269913
2010-07-02,261.923514,213.375835,205.854771,272.446427,222.586166,214.738902
2010-07-05,259.705426,210.781896,203.352264,270.291268,219.878606,212.126796
2010-07-06,264.899225,216.714843,209.076087,275.745015,226.066103,218.096153
2010-07-07,266.716279,219.364315,211.632170,277.638819,228.831846,220.764391
2010-07-08,266.244961,220.080045,212.322672,277.289665,229.573355,221.479758
2010-07-09,273.602067,228.448102,220.395772,284.951660,238.306501,229.905017
2010-07-12,276.611886,230.820073,222.684136,288.101193,240.804765,232.315204
2010-07-13,272.309044,228.419203,220.367892,283.744934,238.489756,230.081811
2010-07-14,274.274935,229.312668,221.229864,285.820461,239.426858,230.985875
2010-07-15,269.614470,225.660420,217.706350,280.981307,235.607677,227.301340
2010-07-16,270.401034,228.004549,219.967854,281.821523,238.075652,229.682307
2010-07-19,277.257881,234.922682,226.642136,289.000623,245.308881,236.660528
2010-07-20,283.359173,240.964544,232.471035,295.466100,251.643281,242.771609
2010-07-21,283.962791,241.542206,233.028336,296.094986,252.245164,243.352273
2010-07-22,287.471835,244.567718,235.947204,299.771314,255.445858,246.440126
2010-07-23,288.690439,245.472252,236.819856,301.062776,256.393692,247.354545
2010-07-26,290.548837,248.787403,240.018154,303.000480,259.941159,250.776946
2010-07-27,288.963307,247.258549,238.543189,301.371094,258.542515,249.427611
2010-07-28,295.991731,252.917628,244.002797,308.704352,264.472199,255.148244
2010-07-29,297.465633,253.939578,244.988725,310.283713,265.609566,256.245514
2010-07-30,296.521964,252.577349,243.674512,309.329154,264.182599,254.868854
2010-08-02,301.527649,258.394848,249.286957,314.551153,270.269790,260.741442
2010-08-03,296.224289,255.152371,246.158770,309.019816,266.883362,257.474402
2010-08-04,297.305426,257.711046,248.627257,310.150994,269.554980,260.051832
2010-08-05,294.659432,258.122156,249.023876,307.389409,269.973407,260.455508
2010-08-06,299.499742,261.472325,252.255958,312.449082,273.521607,263.878616
2010-08-09,301.626873,264.990095,255.649734,314.678768,277.195365,267.422856
2010-08-10,292.779328,257.308837,248.239225,305.447622,269.158830,259.669648
2010-08-11,294.595349,259.423166,250.279028,307.343468,271.369640,261.802516
2010-08-12,291.099742,256.258450,247.225862,303.695725,268.054143,258.603907
2010-08-13,295.147287,260.243126,251.070087,307.918245,272.219615,262.622526
2010-08-16,302.023773,266.547362,257.152111,315.093261,278.813635,268.984074
2010-08-17,304.112661,268.849171,259.372786,317.271901,281.224705,271.310141
2010-08-18,303.603101,269.912765,260.398890,316.742044,282.335441,272.381719
2010-08-19,305.467700,271.201085,261.641800,318.701187,283.680991,273.679831
2010-08-20,299.568992,263.790964,254.492870,312.548111,275.929243,266.201371
2010-08-23,299.347804,264.260885,254.946228,312.327592,276.420716,266.675517
2010-08-24,300.964341,266.656151,257.257065,314.013129,278.927422,269.093849
2010-08-25,293.852196,261.282874,252.073185,306.593092,273.298961,263.663819
2010-08-26,294.582946,262.186067,252.944542,307.357761,274.279216,264.609515
2010-08-27,295.459432,264.242756,254.928737,308.273525,276.427887,266.682435
2010-08-30,301.293023,271.410301,261.843641,314.361262,283.923243,273.913543
2010-08-31,300.071318,271.804506,262.223951,313.086135,284.327764,274.303802
2010-09-01,298.091990,269.344082,259.850253,311.021837,281.754198,271.820968
2010-09-02,301.952455,275.636932,265.921292,315.049361,288.336062,278.170788
2010-09-03,301.830491,276.923807,267.162807,314.921747,289.694700,279.481527
2010-09-06,307.502842,279.577713,269.723169,320.840012,292.468837,282.157862
2010-09-07,308.331783,281.295971,271.380861,321.704730,294.263804,283.889548
2010-09-08,308.110594,284.542338,274.512801,321.474002,297.647135,287.153600
2010-09-09,302.476486,279.122120,269.283634,315.627201,291.969763,281.676383
2010-09-10,303.105943,282.624930,272.662978,316.284673,295.619075,285.197038
2010-09-13,306.182946,285.909262,275.831544,319.651663,299.055268,288.512089
2010-09-14,306.460982,287.261173,277.135802,319.947729,300.513506,289.918917
2010-09-15,301.104910,281.204316,271.292438,314.357179,294.170917,283.799936
2010-09-16,295.378811,275.156878,265.458159,308.416453,287.841720,277.693874
2010-09-17,295.748837,277.895355,267.426465,308.805423,290.692721,279.738888
2010-09-20,294.556072,276.386710,265.974654,307.559902,289.114602,278.220236
2010-09-21,295.346770,277.966408,267.494842,308.385826,290.767047,279.810413
2010-09-27,300.261499,285.545977,274.788873,313.517983,298.695663,287.440265
2010-09-28,297.768475,287.074789,276.260092,310.914641,300.294879,288.979219
2010-09-29,297.137984,284.333241,273.621823,310.256148,297.427079,286.219483
2010-09-30,303.418088,288.042766,277.191602,316.814530,301.307431,289.953616
2010-10-08,314.649096,298.106141,286.875869,328.540801,311.834235,300.083751
2010-10-11,323.813953,294.712907,283.610466,338.108850,308.287596,296.670756
2010-10-12,327.930749,295.630931,284.493906,342.407939,309.247851,297.594826
2010-10-13,332.566408,294.836901,283.729788,347.248114,308.417135,296.795413
2010-10-14,333.244444,287.905003,277.059030,347.956631,301.166006,289.817520
2010-10-15,343.946253,293.058312,282.018203,359.131607,306.556795,295.005174
2010-10-18,341.721964,290.713261,279.761495,356.809017,304.103676,292.644493
2010-10-19,348.906460,299.829846,288.534639,364.310727,313.640343,301.821802
2010-10-20,351.098708,305.956335,294.430330,366.599626,320.049091,307.989057
2010-10-21,348.805168,308.492868,296.871308,364.203530,322.702463,310.542445
2010-10-22,349.215504,311.047007,299.329227,364.632316,325.374219,313.113524
2010-10-25,359.801550,318.991923,306.974841,375.686823,333.685159,321.111292
2010-10-26,358.251163,319.806536,307.758766,374.067646,334.537290,321.931314
2010-10-27,351.821189,313.311029,301.507958,367.354085,327.742567,315.392628
2010-10-28,351.182429,312.821288,301.036667,366.686404,327.230239,314.899605
2010-10-29,349.351938,315.123419,303.252071,364.775245,329.638401,317.217024
2010-11-01,358.966408,323.527957,311.339993,374.813938,338.429902,325.677245
2010-11-02,357.946253,319.187822,307.163361,373.749119,333.889879,321.308298
2010-11-03,353.523514,313.602413,301.788365,369.131505,328.047151,315.685735
2010-11-04,359.742636,322.067780,309.934825,375.624547,336.902558,324.207454
2010-11-05,363.906977,324.421575,312.199947,379.972639,339.364747,326.576863
2010-11-08,366.777261,327.459445,315.123375,382.970056,342.542441,329.634816
2010-11-09,364.232558,331.580721,319.089394,380.313626,346.853514,333.783439
2010-11-10,361.665116,335.836933,323.185265,377.631673,351.305725,338.067884
2010-11-11,362.788630,331.300968,318.820179,378.804708,346.560559,333.501524
2010-11-12,340.240827,310.927195,299.213928,355.262325,325.248269,312.992320
2010-11-15,342.624289,321.819327,309.695731,357.751325,336.641739,323.956463
2010-11-16,327.601034,311.519293,299.783721,342.063889,325.867493,313.588211
2010-11-17,320.817571,296.784305,285.603829,334.980756,310.453702,298.755239
2010-11-18,325.370543,301.053391,289.712090,339.735174,314.919404,303.052665
2010-11-19,328.563307,307.700053,296.108359,343.068473,321.872100,309.743371
2010-11-22,327.849096,310.417633,298.723563,342.323202,324.714841,312.478992
2010-11-23,321.155556,306.283710,294.745373,335.333994,320.390421,308.317524
2010-11-24,328.376227,316.183290,304.272015,342.873478,330.745938,318.282826
2010-11-25,333.176227,319.025550,307.007201,347.886188,333.719288,321.144135
2010-11-26,330.217054,318.175934,306.189592,344.795867,332.830553,320.288889
2010-11-29,329.720930,321.923633,309.796108,344.277241,336.750849,324.061462
2010-11-30,324.236693,314.865343,303.003718,338.550908,329.367447,316.956280
2010-12-01,324.136434,311.771571,300.026495,338.446774,326.131161,313.841942
2010-12-02,326.104393,312.170585,300.410477,340.500863,326.548544,314.243598
2010-12-03,326.424806,309.686292,298.019772,340.838787,323.949773,311.742754
2010-12-06,327.190698,306.960703,295.396862,341.638166,321.098755,308.999167
2010-12-07,330.784496,311.951610,300.199751,345.391063,326.319501,314.023185
2010-12-08,327.842894,311.329310,299.600895,342.320140,325.668513,313.396729
2010-12-09,322.828941,303.640699,292.201929,337.083848,317.625740,305.657021
2010-12-10,326.819638,306.392091,294.849671,341.250217,320.503864,308.426693
2010-12-13,337.060465,314.234080,302.396236,351.944340,328.707025,316.320743
2010-12-14,337.929716,315.546408,303.659126,352.851936,330.079784,317.641774
2010-12-15,335.673385,313.774727,301.954187,350.495656,328.226565,315.858388
2010-12-16,333.919380,313.798636,301.977196,348.664128,328.251534,315.882416
2010-12-17,333.401550,313.188265,301.389818,348.124062,327.613041,315.267982
2010-12-20,328.543669,306.327604,294.787613,343.051117,320.436498,308.361865
2010-12-21,335.866667,307.373203,295.793822,350.697798,321.530204,309.414358
2010-12-22,332.346253,305.415773,293.910133,347.022491,319.482644,307.443954
2010-12-23,329.572093,302.233358,290.847606,344.125124,316.153615,304.240369
2010-12-24,326.920930,297.678260,286.464108,341.356392,311.388707,299.655011
2010-12-27,320.383463,289.825932,278.907593,334.530531,303.174615,291.750442
2010-12-28,314.721447,285.392332,274.641016,328.618391,298.536714,287.287305
2010-12-29,316.468217,290.475910,279.533085,330.442772,303.854422,292.404632
2010-12-30,316.702842,292.838286,281.806465,330.686772,306.325575,294.782667
2010-12-31,323.334367,298.723986,287.470439,337.611663,312.482358,300.707452
2011-01-04,329.682687,300.814396,289.482099,344.240488,314.669105,302.811798
2011-01-05,328.233592,296.799767,285.618709,342.727486,310.469615,298.770552
2011-01-06,326.577778,296.379793,285.214557,340.999071,310.030307,298.347798
2011-01-07,327.299225,295.236893,284.114712,341.752509,308.834773,297.197314
2011-01-10,321.259948,288.139843,277.285022,335.445274,301.410896,290.053183
2011-01-11,322.989147,286.385791,275.597049,337.251279,299.575963,288.287394
2011-01-12,324.789664,287.700368,276.862103,339.130790,300.951102,289.610714
2011-01-13,324.680103,290.177380,279.245801,339.017468,303.542168,292.104144
2011-01-14,319.572093,287.153219,276.335566,333.683168,300.378694,289.059876
2011-01-17,307.426357,274.902446,264.546305,321.001317,287.563608,276.727685
2011-01-18,307.767442,276.969467,266.535458,321.357618,289.725837,278.808438
2011-01-19,314.713178,282.504492,271.861967,328.610223,295.515819,284.380243
2011-01-20,304.362791,271.815707,261.575850,317.802779,284.334736,273.620484
2011-01-21,308.367959,270.973677,260.765541,321.984462,283.453957,272.772894
2011-01-24,305.346770,264.916812,254.936851,318.829823,277.118170,266.675851
2011-01-25,303.736434,263.222775,253.306632,317.149391,275.346090,264.970546
2011-01-26,307.848062,267.617297,257.535603,321.441333,279.943031,269.394266
2011-01-27,312.813437,272.204087,261.949599,326.625558,284.741061,274.011497
2011-01-28,313.874935,276.752186,266.326362,327.734275,289.498696,278.589856
2011-01-31,317.985530,279.656225,269.120999,332.026217,292.536492,281.513183
2011-02-01,318.065116,280.239225,269.682037,332.109933,293.146337,282.100047
2011-02-09,314.310078,276.382261,265.970373,328.188584,289.111804,278.217543
2011-02-10,320.843411,285.747791,274.983084,335.011383,298.908739,287.645312
2011-02-11,322.579845,289.084135,278.193741,336.823514,302.398725,291.003789
2011-02-14,332.727649,296.432976,285.265736,347.429837,310.086065,298.401455
2011-02-15,332.575711,297.555654,286.346120,347.270574,311.260524,299.531658
2011-02-16,335.765375,301.522979,290.163988,350.600811,315.410563,303.525316
2011-02-17,335.494574,300.541751,289.219725,350.318016,314.384189,302.537618
2011-02-18,331.977261,297.803068,286.584214,346.645772,311.519343,299.780725
2011-02-21,336.734884,302.454364,291.060286,351.613562,316.384827,304.462868
2011-02-22,326.985013,293.586699,282.526684,341.432961,307.108675,295.536259
2011-02-23,328.138501,295.694069,284.554665,342.637645,309.313236,297.657748
2011-02-24,329.812920,296.949251,285.762562,344.385458,310.626256,298.921291
2011-02-25,330.503359,296.603464,285.429802,345.106227,310.264565,298.573229
2011-02-28,334.838243,300.795180,289.463607,349.632980,314.649446,302.792880
2011-03-01,336.422739,301.874658,290.502419,351.287889,315.778652,303.879536
2011-03-02,335.224806,300.509629,289.188813,350.036243,314.350753,302.505443
2011-03-03,332.994315,295.489126,284.357443,347.707527,309.099048,297.451631
2011-03-04,338.053747,298.411087,287.169328,352.990781,312.155618,300.393024
2011-03-07,344.652196,302.509753,291.113589,359.880961,316.443069,304.518916
2011-03-08,344.957106,303.910874,292.461926,360.198467,317.908662,305.929283
2011-03-09,345.101809,302.909757,291.498523,360.350583,316.861446,304.921527
2011-03-10,339.044961,301.090125,289.747440,354.025993,314.957989,303.089797
2011-03-11,335.646512,299.053096,287.787151,350.477279,312.827071,301.039175
2011-03-14,337.252713,302.365216,290.974496,352.154649,316.291874,304.373418
2011-03-15,331.158656,296.679221,285.502705,345.791263,310.343969,298.649641
2011-03-16,335.731266,299.385049,288.106599,350.565078,313.174429,301.373444
2011-03-17,330.449612,293.693004,282.628985,345.051097,307.220197,295.643578
2011-03-18,332.371059,294.746650,282.818164,347.056181,308.322364,295.841460
2011-03-21,331.484238,293.293147,281.423485,346.131229,306.801915,294.382559
2011-03-22,333.122481,294.018376,282.119364,347.841268,307.560547,295.110482
2011-03-23,337.460465,299.082894,286.978918,352.371084,312.858331,300.193811
2011-03-24,336.057881,298.467795,286.388713,350.907086,312.214902,299.576428
2011-03-25,340.514729,301.543206,289.339661,355.560433,315.449545,302.680133
2011-03-28,340.110594,299.575786,287.451863,355.138794,313.391158,300.705069
2011-03-29,336.742119,291.771761,279.963669,351.621729,305.226987,292.871384
2011-03-30,336.545736,294.225171,282.317789,351.416525,307.804469,295.344530
2011-03-31,333.156589,291.968637,280.152577,347.926004,305.443333,293.078973
2011-04-01,338.266667,294.471242,282.553901,353.262345,308.061193,295.590861
2011-04-06,342.229457,294.834859,282.902803,357.401150,308.441767,295.956030
2011-04-07,343.609302,297.651037,285.605010,358.842687,311.387774,298.782783
2011-04-08,346.600517,302.380050,290.142637,361.965677,316.336118,303.530817
2011-04-11,344.540568,301.471730,289.271077,359.814601,315.385956,302.619118
2011-04-12,343.852196,298.981615,286.881739,359.095874,312.781151,300.119755
2011-04-13,348.530233,301.277653,289.084855,363.980970,315.183270,302.424636
2011-04-14,346.621189,298.146962,286.080864,361.994262,311.908545,299.282473
2011-04-15,347.177261,296.589458,284.586393,362.575165,310.279649,297.719515
2011-04-18,347.228941,293.661120,281.776565,362.634378,307.216044,294.779924
2011-04-19,340.652196,288.674239,276.991505,355.776868,301.998876,289.773947
2011-04-20,340.647028,290.477856,278.722129,355.770743,303.887103,291.585739
2011-04-21,342.880620,294.439872,282.523802,358.140295,308.031471,295.562343
2011-04-22,341.079070,295.108010,283.164900,356.260783,308.794511,296.294495
2011-04-25,335.872868,288.815744,277.127283,350.823371,302.209148,289.975708
2011-04-26,333.949354,286.256319,274.671440,348.813182,299.529730,287.404752
2011-04-27,331.731266,283.622872,272.144568,346.496718,296.774591,284.761142
2011-04-28,326.798966,274.917271,263.791286,341.344141,287.666674,276.021914
2011-04-29,329.996899,281.079537,269.704163,344.705006,294.132369,282.225877
2011-05-03,331.899742,282.797933,271.353015,346.692734,295.935857,283.956360
2011-05-04,323.413953,275.623385,264.468823,337.835244,288.428544,276.752943
2011-05-05,323.113178,274.450649,263.343548,337.523864,287.200622,275.574728
2011-05-06,322.625323,275.844217,264.680718,337.026677,288.658743,276.973824
2011-05-09,323.489406,278.545098,267.272293,337.935294,291.530216,279.729059
2011-05-10,325.914212,279.643866,268.326594,340.468193,292.679868,280.832174
2011-05-11,325.073902,279.599514,268.284037,339.626956,292.645810,280.799494
2011-05-12,320.578811,274.704309,263.586943,334.953191,287.535162,275.895725
2011-05-13,323.316796,275.791980,264.630595,337.848516,288.729729,277.041936
2011-05-16,320.460982,272.174278,261.159303,334.879685,285.000639,273.463799
2011-05-17,322.070284,272.971661,261.924415,336.589723,285.832600,274.262083
2011-05-18,324.483721,274.989840,263.860918,339.123643,287.944963,276.288938
2011-05-19,322.546770,273.855757,262.772732,337.108350,286.759500,275.151462
2011-05-20,322.645995,273.417121,262.351848,337.220651,286.324573,274.734141
2011-05-23,312.452713,264.636488,253.926570,326.574512,277.144778,265.925944
2011-05-24,312.787597,266.830348,256.031643,326.938980,279.440273,268.128518
2011-05-25,309.079070,264.808294,254.091422,323.071740,277.345559,266.118598
2011-05-26,307.842894,262.531036,251.906325,321.795592,274.958275,263.827951
2011-05-27,306.285271,259.144709,248.657044,320.228482,271.489388,260.499485
2011-05-30,305.375711,256.745173,246.354619,319.322927,268.975939,258.087780
2011-05-31,310.238760,263.697452,253.025536,324.467336,276.260399,265.077365
2011-06-01,310.508527,265.461556,254.718247,324.823636,278.241963,266.978715
2011-06-02,305.499742,263.199642,252.547873,319.603679,275.867311,264.700189
2011-06-03,308.666667,266.865092,256.064981,323.104409,279.801074,268.474714
2011-06-07,310.517829,268.962924,258.077913,325.080908,282.045604,270.628385
2011-06-08,310.971576,269.687472,258.773138,325.556656,282.808895,271.360778
2011-06-09,305.104910,263.718378,253.045616,319.693520,276.652994,265.454067
2011-06-10,306.142636,264.507195,253.802509,321.099325,277.482911,266.250390
2011-06-13,304.945736,263.533408,252.868131,320.171310,276.457962,265.266930
2011-06-14,309.411886,268.506760,257.640210,324.873661,281.671949,270.269856
2011-06-15,306.265633,265.309333,254.572184,321.768027,278.317159,267.050867
2011-06-16,301.558656,260.498850,249.956383,317.085073,273.429262,262.360833
2011-06-17,298.931266,255.485108,245.145549,314.368409,268.168561,257.313085
2011-06-20,297.147287,253.491796,243.232907,312.581801,266.099448,255.327730
2011-06-21,300.679070,258.140700,247.693668,316.371451,270.990307,260.020607
2011-06-22,300.628424,258.856831,248.380816,316.381660,271.839148,260.835086
2011-06-23,305.698191,266.441467,255.658500,321.899725,279.844338,268.516226
2011-06-24,312.916796,272.407387,261.382977,329.735276,286.187075,274.602209
2011-06-27,313.849096,273.347108,262.284668,330.717400,287.178876,275.553862
2011-06-28,314.390698,276.138304,264.962904,331.316679,290.110790,278.367092
2011-06-29,310.095090,272.526315,261.497093,326.927750,286.314373,274.724354
2011-06-30,314.634625,276.096058,264.922367,331.713816,290.071333,278.329232
2011-07-01,315.219638,276.722987,265.523924,332.448877,290.771439,279.000998
2011-07-04,322.685271,284.248353,272.744736,340.380394,298.681242,286.590611
2011-07-05,322.739018,285.932495,274.360721,340.531490,300.450478,288.288229
2011-07-06,321.830491,287.014953,275.399371,339.604496,301.587711,289.379426
2011-07-07,320.587080,285.006507,273.472208,338.322222,299.479462,287.356520
2011-07-08,321.362274,285.157095,273.616701,339.201233,299.685907,287.554607
2011-07-11,321.778811,288.240468,276.575289,339.656563,302.922507,290.660190
2011-07-12,315.959690,284.175183,272.674527,333.536156,298.670371,286.580180
2011-07-13,321.059432,289.244389,277.538581,338.944983,304.024202,291.717288
2011-07-14,322.041344,290.753979,278.987077,340.027156,305.606833,293.235854
2011-07-15,323.399483,293.053537,281.193572,341.518719,308.255214,295.777029
2011-07-18,322.749354,291.800186,279.990944,340.862268,306.936113,294.511325
2011-07-19,319.910078,288.556652,276.878677,337.907729,303.534197,291.247119
2011-07-20,319.542119,287.985409,276.330553,337.519780,302.938198,290.675245
2011-07-21,316.190181,285.681891,274.120258,334.058866,300.521468,288.356345
2011-07-22,317.104910,287.463674,275.829932,335.038948,302.391259,290.150446
2011-07-25,306.800000,278.391927,267.125322,324.154935,292.837754,280.983668
2011-07-26,307.779845,278.752913,267.471698,325.194230,293.211297,281.342090
2011-07-27,310.082687,281.826146,270.420557,327.629121,296.442314,284.442316
2011-07-28,308.113695,280.596542,269.240715,325.556656,295.140660,283.193352
2011-07-29,307.191731,277.166920,265.949891,324.602097,291.540202,279.738641
2011-08-01,307.774677,278.073365,266.819652,325.247318,292.559966,280.717125
2011-08-02,305.568992,276.704567,265.506249,322.916560,291.114364,279.330041
2011-08-03,305.412920,277.228937,266.009398,322.753213,291.669106,279.862327
2011-08-04,305.975194,279.063589,267.769801,323.347388,293.599444,281.714524
2011-08-05,299.474935,274.805462,263.684002,316.477627,289.113664,277.410330
2011-08-08,288.775194,265.036539,254.310430,305.184225,278.818532,267.531945
2011-08-09,289.218605,265.563331,254.815903,305.652826,279.368408,268.059562
2011-08-10,291.898708,268.270379,257.413395,308.484855,282.214850,270.790779
2011-08-11,296.322481,271.975271,260.968349,313.160662,286.109470,274.527746
2011-08-12,297.195866,274.137767,263.043328,314.099907,288.441306,276.765188
2011-08-15,301.589664,278.814728,267.531011,318.752233,293.364454,281.489047
2011-08-16,299.491473,276.664053,265.467375,316.533777,291.096821,279.313208
2011-08-17,298.295607,274.599804,263.486667,315.278047,288.925663,277.229938
2011-08-18,292.945736,269.406206,258.503255,309.624200,283.459670,271.985209
2011-08-19,290.197416,266.558333,255.770637,306.718665,280.455275,269.102432
2011-08-22,287.110078,261.704523,251.113262,303.454789,275.355061,264.208675
2011-08-23,291.576227,265.281671,254.545641,308.212269,279.121105,267.822270
2011-08-24,290.441344,265.097667,254.369084,307.021878,278.926954,267.635977
2011-08-25,300.138501,271.374935,260.392309,317.272922,285.537962,273.979372
2011-08-26,299.867700,271.434346,260.449316,316.986044,285.593731,274.032883
2011-08-29,294.864083,268.773035,257.895709,311.697686,282.786480,271.339270
2011-08-30,293.719897,266.594223,255.805074,310.487897,280.494683,269.140245
2011-08-31,294.240827,266.743709,255.948510,311.038172,280.653208,269.292353
2011-09-01,292.975711,264.420685,253.719500,309.700769,278.209829,266.947882
2011-09-02,289.803618,262.176720,251.566349,306.377679,275.846208,264.679940
2011-09-05,283.598966,254.354347,244.060549,299.817256,267.606347,256.773630
2011-09-06,281.478036,250.000709,239.883105,297.576339,263.024854,252.377596
2011-09-07,287.244444,255.381035,245.045687,303.672244,268.685305,257.808911
2011-09-08,284.869251,252.796259,242.565518,301.159764,265.961992,255.195838
2011-09-09,284.351421,251.184705,241.019184,300.612551,264.267087,253.569543
2011-09-13,281.165891,246.610178,236.629790,297.245562,259.456651,248.953833
2011-09-14,282.491990,247.143185,237.141225,298.647283,260.021191,249.495521
2011-09-15,282.072351,247.400121,237.387763,298.238915,260.289711,249.753172
2011-09-16,282.582946,247.933449,237.326910,298.778981,260.852983,249.690903
2011-09-19,276.927132,242.969916,232.575716,292.822942,255.630805,244.692186
2011-09-20,278.020672,244.103747,233.661042,293.988831,256.865860,245.874392
2011-09-21,286.409302,252.860188,242.042885,302.859593,266.080154,254.694399
2011-09-22,277.590698,244.732704,234.263093,293.534522,257.527525,246.507744
2011-09-23,275.915245,242.487270,232.113718,291.765270,255.165252,244.246554
2011-09-26,269.862532,237.847374,227.672315,285.365132,250.282836,239.573060
2011-09-27,272.649096,240.459037,230.172252,288.312524,253.030590,242.203236
2011-09-28,269.828424,238.453582,228.252590,285.329399,250.920347,240.183292
2011-09-29,267.513178,234.740659,224.698505,282.881237,247.012570,236.442731
2011-09-30,266.806202,234.239559,224.218842,282.133924,246.485022,235.937757
2011-10-10,264.297674,230.984571,221.103102,279.481578,243.058705,232.658055
2011-10-11,263.771576,226.696032,216.998026,278.925177,238.543956,228.336495
2011-10-12,273.360207,233.733284,223.734225,289.063920,245.948818,235.424498
2011-10-13,275.204134,236.050181,225.952006,291.013874,248.386682,237.758043
2011-10-14,274.292506,234.530301,224.497146,290.050127,246.787721,236.227503
2011-10-17,275.653747,236.915742,226.780539,291.489622,249.297666,238.630046
2011-10-18,267.928682,229.257764,219.450167,283.320232,241.238807,230.916031
2011-10-19,266.985013,227.153540,217.435961,282.326878,239.024094,228.796087
2011-10-20,260.519897,219.331031,209.948098,275.489786,230.791189,220.915474
2011-10-21,259.212403,216.776771,207.503108,274.106441,228.104165,218.343430
2011-10-24,266.322481,222.415845,212.900944,281.625507,234.037875,224.023233
2011-10-25,271.362274,228.405024,218.633907,286.954702,240.340706,230.056361
2011-10-26,274.072351,231.530504,221.625680,289.822462,243.629422,233.204350
2011-10-27,274.674935,231.369839,221.471888,290.459515,243.459948,233.042128
2011-10-28,280.002067,237.469718,227.310815,296.092944,249.879029,239.186533
2011-10-31,278.585013,236.371290,226.259378,294.594236,248.723734,238.080673
2011-11-01,278.814470,235.657715,225.576329,294.837215,247.972857,237.361927
2011-11-02,283.451163,237.471934,227.312937,299.740687,249.881580,239.188974
2011-11-03,283.648579,239.136915,228.906690,299.948954,251.634195,240.866593
2011-11-04,285.658915,240.851653,230.548072,302.074507,253.438891,242.594065
2011-11-07,282.816537,239.443976,229.200615,299.068922,251.956584,241.175187
2011-11-08,281.933850,239.071048,228.843641,298.135803,251.563483,240.798907
2011-11-09,284.408269,241.316526,230.993058,300.752417,253.926509,243.060818
2011-11-10,279.027390,236.810673,226.679964,295.061817,249.184835,238.522044
2011-11-11,278.552972,235.957501,225.863291,294.568713,248.286735,237.662374
2011-11-14,284.258398,240.915952,230.609620,300.601321,253.503565,242.655972
2011-11-15,283.687855,240.036299,229.767599,299.998979,252.580411,241.772320
2011-11-16,275.981395,233.914572,223.907758,291.848986,246.138528,235.606090
2011-11-17,275.144186,233.497352,223.508387,290.963849,245.700593,235.186894
2011-11-18,269.405685,227.408161,217.679689,284.894488,239.293360,229.053832
2011-11-21,269.735401,227.571715,217.836246,285.243642,239.465101,229.218223
2011-11-22,269.713695,228.500465,218.725265,285.220161,240.442164,230.153477
2011-11-23,267.081137,227.288237,217.564896,282.437137,239.166011,228.931932
2011-11-24,267.588630,226.996370,217.285515,282.973119,238.857960,228.637063
2011-11-25,265.629974,227.228937,217.508132,280.902696,239.102746,228.871374
2011-11-28,265.976227,227.613022,217.875787,281.283499,239.505603,229.256992
2011-11-29,269.619638,230.038708,220.197702,285.136446,242.059739,231.701835
2011-11-30,260.622222,222.166463,212.662230,275.621484,233.775330,223.771921
2011-12-01,267.039793,226.703832,217.005491,282.408551,238.550245,228.342515
2011-12-02,264.321447,223.616639,214.050368,279.533644,235.301141,225.232442
2011-12-05,260.608786,217.100349,207.812843,275.607191,228.443764,218.668497
2011-12-06,260.086822,217.264847,207.970304,275.055895,228.617203,218.834515
2011-12-07,261.315762,218.006780,208.680497,276.354504,229.397999,219.581900
2011-12-08,260.981912,217.167519,207.877140,276.002287,228.515258,218.736932
2011-12-09,258.755556,213.510917,204.376967,273.648049,224.667459,215.053783
2011-12-12,256.091990,210.741886,201.726394,270.831334,221.753548,212.264561
2011-12-13,250.328682,205.079825,196.306555,264.735429,215.795654,206.561608
2011-12-14,247.801550,202.254876,193.602457,262.063685,212.822744,203.715911
2011-12-15,241.942119,195.562815,187.196681,255.866709,205.780454,196.974966
2011-12-16,247.041860,200.407493,191.834104,261.259201,210.878591,201.854950
2011-12-19,246.450646,198.566470,190.071840,260.634399,208.941920,200.001151
2011-12-20,245.691990,198.374016,189.887619,259.842166,208.739151,199.807059
2011-12-21,241.768475,194.230101,185.920980,255.692132,204.378395,195.632902
2011-12-22,241.998966,196.109525,187.720002,255.936131,206.356072,197.525953
2011-12-23,243.840827,198.622360,190.125339,257.884044,209.000672,200.057389
2011-12-26,241.416021,196.046670,187.659836,255.319496,206.290480,197.463168
2011-12-27,238.247028,191.971221,183.758734,251.967821,202.001572,193.357785
2011-12-28,238.545736,192.856456,184.606099,252.284305,202.932263,194.248651
2011-12-29,238.900258,193.153786,184.890709,252.658983,203.244632,194.547654
2011-12-30,242.453747,196.692457,188.277997,256.416984,206.968372,198.112052
2012-01-04,237.596899,190.992849,182.822217,251.280742,200.970587,192.370917
2012-01-05,235.285788,187.485441,179.464855,248.835642,197.280328,188.838566
2012-01-06,236.754522,189.032405,180.945640,250.389480,198.907365,190.395981
2012-01-09,244.813437,196.769800,188.352031,258.913130,207.049089,198.189315
2012-01-10,252.956072,205.860818,197.054137,267.523558,216.615663,207.346529
2012-01-11,251.742636,205.911741,197.102881,266.240263,216.669861,207.398407
2012-01-12,251.702326,205.449348,196.660270,266.198405,216.183289,206.932656
2012-01-13,247.475969,202.497038,193.834259,261.728824,213.076045,203.958374
2012-01-16,242.444444,194.264758,185.954154,256.406775,204.414084,195.667064
2012-01-17,254.325581,206.112123,197.294691,268.972241,216.881390,207.600885
2012-01-18,250.355556,202.998203,194.313984,264.774224,213.605477,204.465150
2012-01-19,255.126615,207.384162,198.512313,269.819604,218.221143,208.883309
2012-01-20,258.820672,210.403341,201.402332,273.725638,221.398202,211.924420
2012-01-30,254.337984,207.894170,199.000503,268.985513,218.757475,209.396691
2012-01-31,254.703876,209.294267,200.340704,269.372441,220.230731,210.806906
2012-02-01,251.058398,205.256652,196.475818,265.517453,215.981645,206.739641
2012-02-02,256.975711,209.115340,200.169432,271.774663,220.042178,210.626421
2012-02-03,259.027390,209.981261,200.998308,273.945136,220.953221,211.498479
2012-02-06,258.844444,211.447750,202.402062,273.752182,222.497220,212.976410
2012-02-07,254.051680,207.615536,198.733789,268.683321,218.463683,209.115470
2012-02-08,261.316796,215.419624,206.204020,276.365734,226.675425,216.975827
2012-02-09,261.419121,215.760780,206.530581,276.474972,227.034257,217.319304
2012-02-10,261.872868,216.248122,206.997075,276.954804,227.546994,217.810101
2012-02-13,261.703359,216.844506,207.567945,276.775122,228.174354,218.410615
2012-02-14,260.683204,215.925251,206.688016,275.696011,227.207030,217.484683
2012-02-15,263.525581,218.391054,209.048333,278.701596,229.802281,219.968883
2012-02-16,262.126098,216.144045,206.897450,277.222285,227.437696,217.705479
2012-02-17,262.231525,215.980253,206.740665,277.333565,227.264949,217.540124
2012-02-20,262.605685,216.149113,206.902301,277.728660,227.442540,217.710116
2012-02-21,264.852713,218.109537,208.778859,280.106380,229.505691,219.684984
2012-02-22,268.473385,221.190627,211.728141,283.934825,232.749082,222.789587
2012-02-23,269.380879,223.445671,213.886714,284.894488,235.121768,225.060745
2012-02-24,273.697158,227.444819,217.714779,289.459015,239.330298,229.089189
2012-02-27,274.580879,228.349128,218.580402,290.394177,240.281478,229.999667
2012-02-28,275.189664,228.595617,218.816347,291.038376,240.540106,230.247228
2012-02-29,272.262532,228.638959,218.857834,287.942951,240.584798,230.290008
2012-03-01,272.180879,227.878421,218.129832,287.855152,239.784696,229.524143
2012-03-02,276.995349,231.171024,221.281578,292.948515,243.249461,232.840648
2012-03-05,275.214470,230.987354,221.105766,291.063899,243.055431,232.654921
2012-03-06,270.909561,226.056588,216.385937,286.511623,237.867140,227.688640
2012-03-07,269.044961,222.674695,213.148721,284.539208,234.308466,224.282244
2012-03-08,272.433075,225.854800,216.192781,288.122633,237.654635,227.485229
2012-03-09,275.379845,231.505214,221.601472,291.239497,243.600242,233.176419
2012-03-12,274.356589,231.954041,222.031098,290.157324,244.072810,233.628765
2012-03-13,277.113178,233.296839,223.316452,293.075109,245.486320,234.981790
2012-03-14,269.262016,227.718830,217.977069,284.770957,239.616117,229.362778
2012-03-15,267.240310,226.327251,216.645020,282.633153,238.151100,227.960449
2012-03-16,271.164858,231.718726,221.126288,286.783188,243.824140,232.675682
2012-03-19,271.835659,231.230692,220.660564,287.493747,243.310611,232.185633
2012-03-20,267.126615,228.708707,218.253865,282.512685,240.656873,229.653233
2012-03-21,267.471835,228.464486,218.020808,282.878174,240.399893,229.408003
2012-03-22,267.054264,228.730341,218.274510,282.436116,240.679637,229.674956
2012-03-23,263.869767,227.828667,217.414053,279.068105,239.730857,228.769557
2012-03-26,264.128165,229.221365,218.743088,279.351921,241.196313,230.168007
2012-03-27,263.270284,227.189998,216.804580,278.444324,239.058824,228.128252
2012-03-28,255.803618,222.804251,212.619316,270.547519,234.443957,223.724392
2012-03-29,252.518863,221.088862,210.982342,267.083542,232.638953,222.001919
2012-03-30,253.736434,222.101199,211.948403,268.370920,233.704177,223.018437
2012-04-05,259.724031,225.839166,215.515498,274.707762,237.637422,226.771841
2012-04-06,260.447545,226.379228,216.030872,275.472430,238.205697,227.314133
2012-04-09,257.896641,224.838331,214.560413,272.774142,236.584301,225.766872
2012-04-10,260.443411,226.334416,215.988109,275.468346,238.158545,227.269136
2012-04-11,260.469251,226.593163,216.235028,275.502037,238.430809,227.528951
2012-04-12,265.678553,230.702828,220.156830,281.035416,242.792023,231.690757
2012-04-13,266.713178,231.143936,220.577774,282.129840,243.256495,232.133991
2012-04-16,266.050646,230.368051,219.837356,281.429490,242.439901,231.354734
2012-04-17,262.726615,227.655861,217.249147,277.913447,239.585430,228.630780
2012-04-18,268.724548,231.942147,221.339497,284.264581,244.095863,232.934981
2012-04-19,268.326615,231.358752,220.782770,283.859277,243.480633,232.347881
2012-04-20,271.508010,234.190256,223.484838,287.225245,246.460395,235.191398
2012-04-23,269.358140,232.635198,222.000866,284.950639,244.824226,233.630040
2012-04-24,269.237209,233.418978,222.748818,284.859777,245.720137,234.484988
2012-04-25,271.420155,234.755897,224.024623,287.169095,247.128261,235.828727
2012-04-26,271.988630,235.133049,224.384535,287.785730,247.523785,236.206166
2012-04-27,271.437726,236.400347,225.593901,287.202785,248.857692,237.479083
2012-05-02,277.363307,240.470283,229.477790,293.472246,253.142683,241.568150
2012-05-03,278.193282,240.184857,229.205412,294.351257,252.843361,241.282513
2012-05-04,280.711111,242.874022,231.771648,297.042399,255.696775,244.005460
2012-05-07,280.907494,242.540184,231.453071,297.418097,255.597556,243.910777
2012-05-08,280.012403,242.218930,231.146502,296.470684,255.260511,243.589143
2012-05-09,274.678036,238.542969,227.638578,290.840318,251.398690,239.903898
2012-05-10,274.647028,238.094995,227.211082,290.832151,250.926451,239.453251
2012-05-11,272.549871,236.380562,225.575020,288.631050,249.148168,237.756277
2012-05-14,270.339018,233.834626,223.145465,286.303356,246.464069,235.194904
2012-05-15,270.529199,233.868502,223.177793,286.522853,246.500253,235.229434
2012-05-16,266.113695,230.202856,219.679713,281.909322,242.739512,231.640647
2012-05-17,270.174677,232.613653,221.980306,286.216578,245.283854,234.068652
2012-05-18,266.044444,229.403520,218.916916,281.896050,242.009033,230.943567
2012-05-21,267.413953,231.729488,221.136558,283.358006,244.500199,233.320829
2012-05-22,271.579328,234.958953,224.218397,287.778583,247.906758,236.571629
2012-05-23,270.477519,233.551936,222.875698,286.614736,246.417183,235.150162
2012-05-24,268.243928,230.837722,220.285557,284.271728,243.564854,232.428251
2012-05-25,265.953488,229.371180,218.886054,281.868485,242.016828,230.951006
2012-05-28,270.252196,232.642175,222.007525,286.501414,245.477294,234.253248
2012-05-29,273.989664,234.958773,224.218225,290.471766,247.925572,236.589582
2012-05-30,273.101809,234.342236,223.629871,289.529459,247.272227,235.966110
2012-05-31,272.045478,233.799511,223.111955,288.678012,246.907904,235.618446
2012-06-01,272.144703,234.279596,223.570095,288.838297,247.504308,236.187580
2012-06-04,264.499225,228.721643,218.266209,280.746496,241.634311,230.585979
2012-06-05,264.479587,230.000247,219.486366,280.760789,242.985884,231.875753
2012-06-06,264.330749,229.514149,219.022488,280.635216,242.475448,231.388656
2012-06-07,262.757623,228.183232,217.752411,279.328440,241.679058,230.628679
2012-06-08,260.912661,225.757625,215.437684,277.497933,239.113191,228.180133
2012-06-11,264.420672,226.293866,215.949412,281.521373,240.441468,229.447677
2012-06-12,262.550904,225.103744,214.813693,279.685761,239.167482,228.231941
2012-06-13,266.732817,228.193808,217.762504,284.207410,242.441263,231.356034
2012-06-14,264.642894,226.430336,216.079644,282.220702,241.670269,230.620293
2012-06-15,265.431525,227.346341,216.953776,283.149738,242.742807,231.643791
2012-06-18,266.791731,228.313481,217.876705,284.696430,243.976418,232.820997
2012-06-19,264.456848,226.719917,216.355987,282.269706,242.280198,231.202334
2012-06-20,263.835659,226.472892,216.120254,281.758226,242.304065,231.225109
2012-06-21,259.657881,223.678598,213.453694,277.344795,239.312373,228.370208
2012-06-25,253.903876,220.375678,210.301759,271.437760,236.135023,225.338137
2012-06-26,253.738501,219.121707,209.105111,271.852253,235.929860,225.142354
2012-06-27,252.940568,218.877753,208.872308,271.003869,235.654835,224.879905
2012-06-28,250.721447,216.952308,207.034880,268.680258,233.617384,222.935613
2012-06-29,254.429974,220.422323,210.346272,272.667967,237.348089,226.495737
2012-07-02,254.805168,220.985359,210.883570,273.151882,237.933210,227.054105
2012-07-03,255.164858,222.933916,212.743054,273.552082,239.995777,229.022364
2012-07-04,254.772093,223.501286,213.284488,273.158008,240.634833,229.632200
2012-07-05,251.201034,221.637026,211.505448,269.559269,239.068221,228.137220
2012-07-06,255.566925,224.416962,214.158306,274.378005,242.227804,231.152336
2012-07-09,249.719897,219.142227,209.124692,268.182050,236.515272,225.701000
2012-07-10,248.755556,218.328318,208.347989,267.181550,235.647944,224.873329
2012-07-11,250.704910,220.184933,210.119734,269.348960,237.624304,226.759323
2012-07-12,253.145220,221.421996,211.300247,272.024788,239.007868,228.079625
2012-07-13,253.295090,222.780891,212.597024,272.242244,240.472726,229.477505
2012-07-16,248.034109,219.871124,209.820270,266.668028,237.364703,226.511591
2012-07-17,249.529716,219.770902,209.724629,268.314770,237.304018,226.453682
2012-07-18,249.544186,218.089270,208.119869,268.362753,235.508032,224.739814
2012-07-19,250.575711,218.208369,208.233523,269.633796,235.633538,224.859581
2012-07-20,247.902842,215.764280,205.901160,266.781350,233.001858,222.348231
2012-07-23,244.488889,212.768351,203.042182,263.111147,229.756416,219.251181
2012-07-24,245.580362,213.620099,203.854995,264.285204,230.648371,220.102353
2012-07-25,243.935917,212.986733,203.250582,262.524119,229.966333,219.451500
2012-07-26,242.634625,211.701365,202.023971,261.128523,228.605143,218.152549
2012-07-27,242.802067,212.534717,202.819228,261.321477,229.529282,219.034433
2012-07-30,241.425323,213.009506,203.272313,259.870752,230.051048,219.532342
2012-07-31,241.128682,213.808536,204.034817,259.551204,230.942104,220.382656
2012-08-01,243.788114,214.848238,205.026992,262.413860,232.056952,221.446529
2012-08-02,241.331266,213.298849,203.548430,259.952425,230.407945,219.872920
2012-08-03,243.280620,215.039697,205.209699,262.112689,232.271173,221.650956
2012-08-06,246.574677,216.980937,207.062200,265.672632,234.336322,223.621679
2012-08-07,246.911628,217.130395,207.204826,266.036079,234.486105,223.764613
2012-08-08,247.007752,217.609398,207.661933,266.194322,235.153694,224.401677
2012-08-09,249.271318,220.017955,209.960389,268.638401,237.725078,226.855489
2012-08-10,248.036176,217.688658,207.737570,267.316311,235.245056,224.488862
2012-08-13,243.093540,215.812480,205.947157,262.025911,233.246379,222.581572
2012-08-14,243.619638,216.386406,206.494847,262.592521,233.873097,223.179633
2012-08-15,240.994315,213.602838,203.838522,259.762534,230.858060,220.302455
2012-08-16,239.759173,212.220415,202.519294,258.444528,229.380059,218.892033
2012-08-17,239.119380,210.912023,201.270712,257.825852,227.999310,217.574416
2012-08-20,237.911111,210.104205,200.499820,256.533369,227.123290,216.738450
2012-08-21,239.142119,210.897113,201.256483,257.863626,227.964332,217.541037
2012-08-22,237.270284,209.256015,199.690403,255.849353,226.208249,215.865248
2012-08-23,237.953488,209.264861,199.698845,256.586456,226.220999,215.877415
2012-08-24,235.212403,208.268932,198.748443,253.630897,225.143880,214.849546
2012-08-27,230.304910,205.647679,196.247013,248.339476,222.331602,212.165855
2012-08-28,231.360207,206.302293,196.871703,249.480863,223.063232,212.864032
2012-08-29,228.920930,203.987835,194.663045,246.850977,220.588208,210.502174
2012-08-30,228.565375,203.931696,194.609472,246.467111,220.543777,210.459775
2012-08-31,227.893540,203.532129,194.228170,245.742259,220.100041,210.036328
2012-09-03,230.322481,204.411763,195.067595,248.552848,221.451724,211.326208
2012-09-04,227.845995,203.281771,193.989257,245.880083,220.204218,210.135742
2012-09-05,227.377778,201.595005,192.379598,245.374728,218.337767,208.354631
2012-09-06,229.232041,202.897822,193.622859,247.376750,219.782625,209.733426
2012-09-07,239.501809,211.267218,201.609670,258.458821,228.817050,218.354766
2012-09-10,240.482687,210.965308,201.321560,259.520577,228.480747,218.033840
2012-09-11,238.955039,209.460631,199.885666,257.871793,226.859196,216.486432
2012-09-12,239.800517,209.748581,200.160453,258.784494,227.157779,216.771362
2012-09-13,237.566925,208.334201,198.810728,256.374105,225.634365,215.317604
2012-09-14,239.332300,210.648555,201.019287,258.279140,228.144693,217.713152
2012-09-17,233.458398,206.355299,196.922286,251.962716,223.513381,213.293599
2012-09-18,231.032558,203.899900,194.579130,249.373666,220.845985,210.748165
2012-09-19,232.169509,202.771702,193.502504,250.600811,219.635839,209.593351
2012-09-20,226.971576,199.051868,189.952713,244.990863,215.629600,205.770291
2012-09-21,227.293023,199.804577,190.134308,245.337975,216.441295,205.960580
2012-09-24,228.994315,201.907822,192.135759,247.173587,218.719666,208.128626
2012-09-25,228.439276,203.231318,193.395200,246.575328,220.153363,209.492900
2012-09-26,225.828424,201.039944,191.309886,243.784137,217.839838,207.291402
2012-09-27,232.735917,207.424162,197.385116,251.240927,224.757565,213.874153
2012-09-28,237.013953,211.383395,201.152727,255.864667,229.067133,217.975039
2012-10-08,234.630491,208.383225,198.297762,253.292973,225.816046,214.881379
2012-10-09,239.809819,212.859014,202.556929,258.883523,230.666651,219.497103
2012-10-10,240.219121,212.411662,202.131228,259.324560,230.182034,219.035954
2012-10-11,237.987597,210.160481,199.989000,256.916213,227.742467,216.714517
2012-10-12,238.194315,210.114796,199.945527,257.139794,227.692721,216.667180
2012-10-15,237.194832,211.089476,200.873033,256.059662,228.748579,217.671911
2012-10-16,237.535917,211.283674,201.057833,256.429235,228.958882,217.872030
2012-10-17,237.808786,209.933264,199.772781,256.723260,227.495534,216.479541
2012-10-18,241.455297,213.008356,202.699043,260.665026,230.828322,219.650946
2012-10-19,241.082171,213.082906,202.769984,260.276056,230.909873,219.728548
2012-10-22,242.024806,213.729657,203.385433,261.293912,231.611201,220.395916
2012-10-23,238.974677,210.178881,200.006510,258.003492,227.778151,216.748474
2012-10-24,238.530233,210.215183,200.041055,257.524681,227.816721,216.785176
2012-10-25,236.820672,208.619736,198.522826,255.678860,226.086510,215.138746
2012-10-26,232.342119,205.631548,195.679262,250.842768,222.847565,212.056640
2012-10-29,231.095607,204.568093,194.667277,249.498218,221.693027,210.958008
2012-10-30,231.512145,205.138891,195.210449,249.947423,222.312377,211.547368
2012-10-31,233.056331,206.662851,196.660651,251.614583,223.963710,213.118739
2012-11-01,237.506977,211.434090,201.200969,256.420047,229.134191,218.038850
2012-11-02,238.425840,212.165692,201.897163,257.417484,229.926430,218.792727
2012-11-05,237.920413,210.817237,200.613971,256.871293,228.464959,217.402024
2012-11-06,236.920930,209.860833,199.703855,255.792182,227.429361,216.416572
2012-11-07,236.435142,209.230854,199.104366,255.267430,226.745873,215.766181
2012-11-08,232.083721,206.292225,196.307963,250.569162,223.561444,212.735951
2012-11-09,231.619638,205.086184,195.160293,250.074017,222.254956,211.492727
2012-11-12,232.749354,205.265612,195.331036,251.292993,222.449075,211.677446
2012-11-13,228.675969,202.034251,192.256070,246.894876,218.946319,208.344304
2012-11-14,229.778811,203.168148,193.335087,248.085267,220.175235,209.513712
2012-11-15,226.730749,201.420258,191.671793,244.794846,218.280939,207.711144
2012-11-16,225.037726,199.183271,189.543072,242.966381,215.856868,205.404453
2012-11-19,224.805168,196.920486,187.389803,242.715235,213.405048,203.071357
2012-11-20,223.760207,196.586890,187.072353,241.588141,213.041745,202.725646
2012-11-21,226.863049,199.412288,189.761006,244.936754,216.105267,205.640824
2012-11-22,225.069767,197.932717,188.353044,243.001092,214.502500,204.115668
2012-11-23,226.633592,199.937518,190.260815,244.689692,216.675625,206.183564
2012-11-26,224.868217,198.034887,188.450269,242.783637,214.613869,204.221644
2012-11-27,222.288372,196.656396,187.138495,239.998571,213.118948,202.799111
2012-11-28,220.068217,194.569999,185.153077,237.601454,210.857370,200.647045
2012-11-29,218.674935,193.261076,183.907504,236.096620,209.438003,199.296408
2012-11-30,221.153488,196.349632,186.846578,238.773468,212.785406,202.481720
2012-12-03,217.968992,193.942274,184.555733,235.335014,210.177722,200.000308
2012-12-04,220.306977,196.044927,186.556621,237.859746,212.457290,202.169493
2012-12-05,228.204651,202.057444,192.278139,246.385438,218.974599,208.371215
2012-12-06,227.762274,201.801529,192.034611,245.908669,218.697145,208.107196
2012-12-07,232.223256,204.465782,194.569918,250.724342,221.584068,210.854326
2012-12-10,234.733850,206.379096,196.390629,253.434881,223.658651,212.828452
2012-12-11,233.436693,205.270941,195.336108,252.035201,222.457559,211.685520
2012-12-12,234.394832,206.580375,196.582167,253.069392,223.876140,213.035409
2012-12-13,231.797416,204.934094,195.015564,250.264928,222.090863,211.336580
2012-12-14,243.500775,214.723269,204.330956,262.899817,232.702040,221.433933
2012-12-17,244.620155,214.712297,204.320515,264.109606,232.690566,221.423015
2012-12-18,244.766925,213.647205,203.306972,264.267848,231.535428,220.323812
2012-12-19,245.075969,213.849951,203.499905,264.601689,231.754251,220.532039
2012-12-20,246.493023,215.232365,204.815412,266.131025,233.253266,221.958468
2012-12-21,245.167959,214.270379,203.899985,264.700718,232.211261,220.966919
2012-12-24,246.120930,214.274677,203.904076,265.729804,232.215789,220.971228
2012-12-25,253.064599,220.163456,209.507846,273.226409,238.597776,227.044181
2012-12-26,254.017571,221.325972,210.614097,274.255495,239.858154,228.243527
2012-12-27,252.670801,220.305308,209.642832,272.801707,238.751898,227.190839
2012-12-28,256.335917,224.226319,213.374072,276.758788,243.002562,231.235674
2012-12-31,260.770026,229.228247,218.133913,281.545875,248.424315,236.394890
2013-01-04,260.920930,229.549450,218.439570,281.709222,248.775132,236.728719
2013-01-07,262.117829,230.114371,218.977150,283.000684,249.386836,237.310803
2013-01-08,261.016021,228.943899,217.863327,281.811314,248.115498,236.101027
2013-01-09,261.098708,229.186824,218.094495,281.900134,248.377874,236.350698
2013-01-10,261.557623,229.075730,217.988778,282.396300,248.258016,236.236644
2013-01-11,256.664599,225.363953,214.456646,277.113046,244.234399,232.407862
2013-01-14,266.432041,234.216372,222.880619,287.658115,253.829733,241.538562
2013-01-15,268.305943,235.013385,223.639058,289.681575,254.692966,242.359995
2013-01-16,266.365891,231.921604,220.696915,287.587671,251.341234,239.170563
2013-01-17,263.851163,230.184274,219.043669,284.872028,249.457906,237.378431
2013-01-18,268.262532,234.143429,222.811206,289.635634,253.749687,241.462392
2013-01-21,269.860465,233.651483,222.343070,291.359966,253.214936,240.953535
2013-01-22,268.413437,232.566164,221.310279,289.797960,252.039459,239.834979
2013-01-23,269.504910,234.418957,223.073400,290.976100,254.046091,241.744444
2013-01-24,266.951938,233.344796,222.051227,288.219620,252.883074,240.637743
2013-01-25,265.805685,230.649682,219.486552,286.983288,249.961566,237.857703
2013-01-28,274.094057,236.342186,224.903547,295.931639,256.131579,243.728947
2013-01-29,276.575711,238.645173,227.095073,298.610530,258.626193,246.102764
2013-01-30,277.902842,240.937039,229.276015,300.043900,261.110767,248.467027
2013-01-31,277.713695,239.457954,227.868516,299.839716,259.507840,246.941719
2013-02-01,283.547287,245.957784,234.053763,306.138784,266.553216,253.645937
2013-02-04,284.034109,244.672137,232.830340,306.663536,265.161452,252.321566
2013-02-05,286.478553,247.077757,235.119531,309.302610,267.766372,254.800348
2013-02-06,286.908527,247.889851,235.892321,309.767128,268.648527,255.639787
2013-02-07,285.257881,246.566387,234.632910,307.984605,267.215075,254.275747
2013-02-08,286.483721,246.751606,234.809165,309.307715,267.415101,254.466087
2013-02-18,282.942636,241.059327,229.392385,305.485396,261.244452,248.594239
2013-02-19,277.582429,236.724063,225.266942,299.697808,256.545784,244.123094
2013-02-20,279.342636,238.897771,227.335445,301.597738,258.900773,246.364048
2013-02-21,269.824289,232.075124,220.843005,291.321171,251.505614,239.326984
2013-02-22,268.382429,231.345160,220.148370,289.765291,250.713698,238.573414
2013-02-25,269.246512,231.034331,219.852585,290.697390,250.376437,238.252485
2013-02-26,265.385013,227.682867,216.663327,286.527958,246.743925,234.795870
2013-02-27,268.183979,230.515685,219.359041,289.549877,249.813808,237.717100
2013-02-28,276.313178,237.287055,225.802686,298.326714,257.153361,244.701250
2013-03-01,275.849096,236.145244,224.716136,297.825443,255.914376,243.522260
2013-03-04,263.123514,224.556337,213.688117,284.086941,243.352494,231.568662
2013-03-05,271.091473,230.867563,219.693888,292.689202,250.191947,238.076929
2013-03-06,273.922481,233.743918,222.431032,295.746853,253.308361,241.042437
2013-03-07,270.747287,231.600653,220.391497,292.317587,250.985332,238.831895
2013-03-08,269.450129,230.942119,219.764836,290.916887,250.272023,238.153127
2013-03-11,267.945220,229.653780,218.538851,289.292605,248.875291,236.824029
2013-03-12,264.146770,226.406770,215.448991,285.191575,245.357966,233.477023
2013-03-13,261.239276,223.830455,212.997367,282.052251,242.565712,230.819978
2013-03-14,261.940052,224.505317,213.639566,282.809772,243.296894,231.515754
2013-03-15,262.518863,223.989045,212.777657,283.434574,242.736092,230.580418
2013-03-18,258.655297,222.467570,211.332337,279.263101,241.087276,229.014170
2013-03-19,260.992248,224.447779,213.213430,281.796000,243.233220,231.052651
2013-03-20,269.785013,233.662197,221.966635,291.290543,253.218850,240.538223
2013-03-21,270.283204,234.670879,222.924830,291.837756,254.311955,241.576588
2013-03-22,270.626357,235.174451,223.403197,292.208349,254.857675,242.094979
2013-03-25,270.087855,235.085751,223.318936,291.626425,254.761551,242.003669
2013-03-26,266.155039,232.561118,220.920669,287.380425,252.025615,239.404743
2013-03-27,267.031525,234.677547,222.931164,288.326816,254.319181,241.583452
2013-03-28,258.325581,227.073194,215.707434,278.927219,246.078373,233.755325
2013-03-29,257.889406,225.074249,213.808543,278.456575,243.912124,231.697556
2013-04-01,257.694057,226.084246,214.767986,278.244224,245.006653,232.737274
2013-04-02,256.991214,223.791005,212.589530,277.485682,242.521477,230.376550
2013-04-03,256.697674,222.388342,211.257075,277.171239,241.001417,228.932611
2013-04-08,255.534884,223.413470,212.230891,275.915509,242.112344,229.987905
2013-04-09,257.305426,224.393446,213.161816,277.827689,243.174339,230.996719
2013-04-10,256.879587,222.736062,211.587389,277.368276,241.378239,229.290563
2013-04-11,256.111628,222.703966,211.556900,276.548478,241.343457,229.257522
2013-04-12,254.481654,221.615914,210.523309,274.807812,240.164339,228.137452
2013-04-15,251.867700,221.233846,210.160365,271.995181,239.778237,227.770685
2013-04-16,254.221189,224.620373,213.377385,274.540331,243.457320,231.265528
2013-04-17,254.105426,225.909809,214.602280,274.414758,244.856056,232.594219
2013-04-18,254.764858,226.994169,215.632365,275.127360,246.031044,233.710366
2013-04-19,261.894574,234.059382,222.343941,282.826107,253.688879,240.984714
2013-04-22,261.567959,233.921992,222.213427,282.487162,253.540071,240.843358
2013-04-23,253.175194,226.270152,214.944587,273.426509,245.246449,232.965062
2013-04-24,257.941085,231.934511,220.325426,278.572960,251.385885,238.797049
2013-04-25,255.078036,228.458389,217.023295,275.480597,247.618028,235.217878
2013-04-26,252.951938,226.954944,215.595103,273.190677,246.017049,233.697072
2013-05-02,253.192765,230.207342,218.684707,273.452032,249.542080,237.045577
2013-05-03,257.665116,235.081092,223.314510,278.349379,254.825571,242.064483
2013-05-06,261.083204,237.422756,225.538966,282.041021,257.364817,244.476569
2013-05-07,261.492506,237.426034,225.542080,282.488183,257.368442,244.480013
2013-05-08,262.821705,239.210644,227.237365,283.924615,259.302147,246.316882
2013-05-09,261.270284,236.701577,224.853885,282.258476,256.580890,243.731899
2013-05-10,262.619121,237.202812,225.330031,283.718390,257.124097,244.247904
2013-05-13,261.578295,234.612863,222.869718,282.597421,254.316579,241.580980
2013-05-14,257.709561,230.562971,219.022536,278.435136,249.925777,237.410060
2013-05-15,259.114212,231.677274,220.081064,279.971618,251.179651,238.601142
2013-05-16,263.845995,236.609169,224.766103,285.208931,256.834731,243.973029
2013-05-17,267.912145,239.936356,227.926752,289.621341,260.454086,247.411135
2013-05-20,269.727132,241.038749,228.973967,291.676450,261.646027,248.543386
2013-05-21,270.268734,242.199617,230.076729,292.268583,262.916922,249.750637
2013-05-22,270.597416,242.522983,230.383910,292.670825,263.335154,250.147925
2013-05-23,266.961240,240.897808,228.840081,288.834213,261.568521,248.469761
2013-05-24,268.447545,242.696038,230.548303,290.486059,263.549655,250.351685
2013-05-27,268.691473,242.836288,230.681533,290.792335,263.758091,250.549683
2013-05-28,273.318863,247.034895,234.669987,295.818317,268.356547,254.917858
2013-05-29,273.132817,247.454327,235.068425,295.621280,268.840723,255.377788
2013-05-30,272.281137,246.662396,234.316132,294.720830,268.021489,254.599579
2013-05-31,269.398450,243.191483,231.018950,291.651948,264.292230,251.057073
2013-06-03,269.004651,241.999917,229.887025,291.632551,263.228921,250.047012
2013-06-04,265.185530,238.233567,226.309194,287.536625,259.165440,246.187021
2013-06-05,264.655297,238.094036,226.176647,287.093547,259.015793,246.044868
2013-06-06,261.276486,234.721682,222.973090,283.583629,255.341399,242.554480
2013-06-07,256.760724,230.470857,218.935033,279.005829,250.861680,238.299095
2013-06-13,248.055814,223.955665,212.745947,270.050331,243.762799,231.555710
2013-06-14,249.795349,226.824684,215.471363,271.993139,246.929352,234.563689
2013-06-17,248.458915,225.579178,214.288199,270.581209,245.564139,233.266842
2013-06-18,250.000000,227.583283,216.191991,272.417842,247.750471,235.343688
2013-06-19,248.141602,225.567664,214.277261,270.511787,245.558081,233.261088
2013-06-20,239.945220,218.401456,207.469745,261.625711,237.762081,225.855494
2013-06-21,239.523514,218.526537,207.588565,261.334749,237.927710,226.012829
2013-06-24,224.414470,203.921997,193.715031,244.865290,222.036720,210.917623
2013-06-25,223.816021,203.357880,193.179150,244.253760,221.421613,210.333320
2013-06-26,224.113695,206.873391,196.518697,244.823432,225.248929,213.968972
2013-06-27,223.332300,206.535114,196.197352,244.180253,225.211165,213.933099
2013-06-28,227.456331,211.539488,200.951241,248.925483,230.717570,219.163757
2013-07-01,228.766925,214.374910,203.644741,250.508928,233.809988,222.101312
2013-07-02,229.662016,215.809220,205.007259,251.495135,235.389844,223.602054
2013-07-03,227.786047,213.687151,202.991406,249.692193,233.743515,222.038169
2013-07-04,229.662016,215.141733,204.373182,251.842248,235.347369,223.561705
2013-07-05,230.165375,216.146263,205.327432,252.508908,236.469106,224.627268
2013-07-08,223.629974,211.400413,200.819127,245.579933,231.281426,219.699375
2013-07-09,223.531783,210.482092,199.946771,245.489071,230.270374,218.738954
2013-07-10,229.878036,217.147200,206.278269,252.482364,237.593033,225.694912
2013-07-11,240.484755,227.711927,216.314197,264.644567,249.704073,237.199458
2013-07-12,235.180362,224.055199,212.840500,258.829415,245.668167,233.365661
2013-07-15,238.480620,228.562981,217.122652,262.474094,250.585352,238.036604
2013-07-16,239.571059,229.305734,217.828228,263.694092,251.406949,238.817058
2013-07-17,235.952455,225.047903,213.783515,259.774785,246.860823,234.498592
2013-07-18,232.075452,220.868860,209.813647,255.577789,242.249348,230.118049
2013-07-19,226.406202,214.037394,203.324119,249.352227,234.735846,222.980806
2013-07-22,227.616537,215.445965,204.662186,250.968341,236.420249,224.580858
2013-07-23,234.196382,222.961139,211.801201,258.225031,244.665267,232.412984
2013-07-24,232.470284,222.497588,211.360853,256.446591,244.140719,231.914704
2013-07-25,231.284755,220.524596,209.486615,255.241907,242.309488,230.175177
2013-07-26,229.871835,219.549111,208.559956,253.713591,241.293628,229.210189
2013-07-29,224.906460,214.724665,203.976990,248.245551,235.989418,224.171602
2013-07-30,226.293540,215.063694,204.299049,249.775908,236.375974,224.538800
2013-07-31,226.668734,215.741075,204.942525,250.258803,237.136565,225.261302
2013-08-01,232.078553,221.473708,210.388221,256.232198,243.416482,231.226735
2013-08-02,232.274935,222.095392,210.978788,256.457821,244.094503,231.870803
2013-08-05,235.486305,225.943587,214.634368,260.025931,248.313810,235.878816
2013-08-06,237.068734,227.951032,216.541334,261.793141,250.499599,237.955146
2013-08-07,235.722997,227.001347,215.639184,260.306684,249.471786,236.978803
2013-08-08,235.326098,226.433558,215.099814,259.981011,249.133179,236.657153
2013-08-09,236.280103,226.992886,215.631146,261.060122,249.790627,237.281677
2013-08-12,243.182429,232.478193,220.841895,268.686384,255.868899,243.055564
2013-08-13,243.831525,233.381291,221.699791,269.406132,256.883050,244.018928
2013-08-14,242.798966,232.578440,220.937124,268.265766,255.995628,243.175946
2013-08-15,239.956589,228.335358,216.906422,265.138692,251.342995,238.756306
2013-08-16,238.154005,226.589842,215.248275,263.176486,249.442947,236.951409
2013-08-19,240.974677,230.647285,219.102630,266.321936,253.959555,241.241835
2013-08-20,239.014987,228.606602,217.164090,264.166777,251.726446,239.120555
2013-08-21,238.613953,226.685890,215.339516,263.746159,249.599992,237.100589
2013-08-22,238.132300,227.100096,215.732989,263.260202,250.041944,237.520409
2013-08-23,236.375194,226.447223,215.112795,261.317393,249.289783,236.805915
2013-08-26,241.407752,231.112753,219.544800,266.880379,254.432267,241.690875
2013-08-27,241.951421,231.052215,219.487292,267.481700,254.366971,241.628849
2013-08-28,240.626357,228.101251,216.684033,266.020765,251.125407,238.549614
2013-08-29,239.618605,227.597223,216.205234,264.907964,250.577799,238.029430
2013-08-30,239.163824,226.055586,214.740761,264.404651,248.898370,236.434103
2013-09-02,239.828424,226.867645,215.512173,265.139713,249.781626,237.273128
2013-09-03,243.359173,231.549773,219.959946,269.042685,254.951413,242.184023
2013-09-04,242.966408,230.776576,219.225450,268.608794,254.106485,241.381407
2013-09-05,242.040310,229.943064,218.433657,267.583792,253.184907,240.505980
2013-09-06,243.698191,230.745818,219.196231,269.417362,254.064822,241.341831
2013-09-09,252.259432,238.036428,226.121922,278.882298,262.154305,249.026210
2013-09-10,255.802584,240.056884,228.041247,283.035395,264.752437,251.494234
2013-09-11,256.629457,239.665477,227.669432,283.949117,264.336802,251.099413
2013-09-12,259.168992,240.918986,228.860199,286.815857,265.758586,252.449997
2013-09-13,257.250646,239.579871,227.588111,284.694388,264.232006,250.999865
2013-09-16,256.164341,238.814310,226.860868,283.491746,263.379110,250.189680
2013-09-17,250.885788,235.578001,223.786547,277.650050,259.801957,246.791662
2013-09-18,251.422222,235.257061,223.084626,278.243203,259.442131,246.009990
2013-09-23,255.533850,242.883767,230.316719,282.793438,267.852883,253.985291
2013-09-24,252.598450,244.585532,231.930432,279.544874,269.729594,255.764838
2013-09-25,251.062532,242.155863,229.626477,277.846066,267.050148,253.224116
2013-09-26,246.453747,241.722295,229.215342,272.745556,266.572008,252.770731
2013-09-27,247.542119,242.952696,230.382081,273.950240,267.928897,254.057370
2013-09-30,248.996382,244.844718,232.176209,275.558187,270.015425,256.035872
2013-10-08,252.383463,246.421821,233.671711,279.310063,271.754659,257.685060
2013-10-09,253.600000,247.868474,235.043512,280.656655,273.350031,259.197834
2013-10-10,251.092506,246.713063,233.947883,277.883840,272.089447,258.002515
2013-10-11,255.143152,248.006662,235.174550,282.366694,273.515853,259.355071
2013-10-14,255.559690,247.321534,234.524872,282.828149,272.759779,258.638142
2013-10-15,255.040827,247.220690,234.429245,282.253372,272.648784,258.532893
2013-10-16,250.270801,243.056793,230.480792,276.975222,268.056854,254.178702
2013-10-17,249.439793,242.014273,229.492213,276.055375,266.907100,253.088475
2013-10-18,250.754522,242.666691,230.110875,277.515288,267.626395,253.770529
2013-10-21,255.433592,249.111227,236.221964,282.694408,274.733446,260.509626
2013-10-22,252.805168,245.892411,233.169693,279.784790,271.183435,257.143410
2013-10-23,249.973127,241.973261,229.453324,276.650570,266.860813,253.044584
2013-10-24,248.114729,239.853156,227.442915,274.593419,264.522955,250.827764
2013-10-25,244.812403,234.349855,222.224360,270.938530,258.453932,245.072954
2013-10-28,244.542636,232.321915,220.301348,270.644506,256.217845,242.952636
2013-10-29,245.173127,231.518133,219.539154,271.342814,255.331307,242.111997
2013-10-30,248.834109,234.631597,222.491524,275.393819,258.764762,245.367691
2013-10-31,245.345736,229.033461,217.183042,271.532705,252.591431,239.513973
2013-11-01,246.507494,230.259824,218.345951,272.819063,253.944029,240.796543
2013-11-04,246.041344,229.852900,217.960082,272.303499,253.495089,240.370845
2013-11-05,246.384496,230.057718,218.154302,272.683280,253.720757,240.584830
2013-11-06,243.263049,226.425260,214.709791,269.228492,249.714694,236.786174
2013-11-07,241.917313,223.231215,211.681009,267.738972,246.192130,233.445984
2013-11-08,238.547804,221.660389,210.191459,264.009556,244.459922,231.803457
2013-11-11,239.368475,225.528789,213.859704,264.918173,248.725479,235.848174
2013-11-12,241.860465,226.861576,215.123532,267.675675,250.195535,237.242120
2013-11-13,236.498191,222.715432,211.191914,261.741075,245.622702,232.906037
2013-11-14,238.191214,225.749424,214.068924,263.615481,248.968148,236.078279
2013-11-15,242.969509,229.220936,217.360816,268.903840,252.796865,239.708771
2013-11-18,251.049096,232.675479,220.636618,277.846066,256.606761,243.321417
2013-11-19,249.318863,230.260155,218.346265,275.930823,253.942919,240.795490
2013-11-20,250.630491,231.050214,219.095446,277.382569,254.814128,241.621594
2013-11-21,249.094574,229.473636,217.600442,275.682739,253.075155,239.972653
2013-11-22,247.851163,228.339412,216.524903,274.306541,251.824264,238.786525
2013-11-25,246.886822,228.114473,216.311603,273.238660,251.575888,238.551007
2013-11-26,246.761757,228.854607,217.013442,273.099815,252.392407,239.325253
2013-11-27,249.558656,231.804285,219.810500,276.196261,255.645206,242.409644
2013-11-28,252.147804,234.471680,222.339882,279.060959,258.587476,245.199584
2013-11-29,252.086822,235.748459,223.550599,278.995620,259.995398,246.534613
2013-12-02,250.004134,228.547193,216.721933,276.689365,252.054027,239.004392
2013-12-03,252.483721,232.967348,220.913385,279.434615,256.928559,243.626554
2013-12-04,255.828424,235.451969,223.269450,283.135445,259.668612,246.224745
2013-12-05,255.111111,233.786927,221.690559,282.341171,257.832312,244.483517
2013-12-06,253.466667,232.647180,220.609782,280.521894,256.575147,243.291439
2013-12-09,253.319897,233.844835,221.745470,280.359568,257.895887,244.543800
2013-12-10,253.573127,233.368961,221.294218,280.640320,257.371124,244.046206
2013-12-11,249.380879,231.468823,219.492396,276.000245,255.275469,242.059049
2013-12-12,249.097674,233.071856,221.012486,275.685802,257.043530,243.735573
2013-12-13,248.748320,233.615968,221.528445,275.299895,257.643470,244.304452
2013-12-16,244.746253,229.626377,217.745279,270.871150,253.243965,240.132723
2013-12-17,243.553488,228.851908,217.010882,269.550081,252.390538,239.323481
2013-12-18,243.641344,228.960927,217.114261,269.647068,252.510603,239.437329
2013-12-19,241.075969,226.190554,214.487229,266.808915,249.455157,236.540074
2013-12-20,235.466667,224.082864,212.488593,260.599688,247.130472,234.335745
2013-12-23,236.134367,225.873894,214.186954,261.339854,249.105214,236.208248
2013-12-24,236.511628,227.009920,215.264201,261.756388,250.357811,237.395994
2013-12-25,238.254264,229.205530,217.346207,263.685925,252.779621,239.692420
2013-12-26,234.142636,225.453096,213.787928,259.135690,248.640989,235.768057
2013-12-27,238.085788,228.240023,216.430656,263.499096,251.714463,238.682408
2013-12-30,237.670284,227.737872,215.954487,263.039683,251.160705,238.157320
2013-12-31,240.829974,229.293608,217.429728,266.536329,252.876554,239.784334
2014-01-02,239.997933,231.879410,219.881738,265.615461,255.728161,242.488305
2014-01-03,236.773127,230.565247,218.635571,262.046329,254.278548,241.113743
2014-01-06,231.383979,224.787338,213.156617,256.082123,247.906011,235.071132
2014-01-07,231.317829,225.415052,213.751852,256.008617,248.598136,235.727424
2014-01-08,231.721964,226.565860,214.843116,256.456800,249.867342,236.930919
2014-01-09,229.686822,224.412230,212.800918,254.203632,247.492422,234.678956
2014-01-10,227.891473,221.638485,210.170689,252.216925,244.433226,231.778144
2014-01-13,226.736951,220.456369,209.049737,250.938735,243.129077,230.541514
2014-01-14,228.718346,222.144673,210.650687,253.131668,244.991143,232.307176
2014-01-15,228.314212,223.725751,212.149957,252.684506,246.734949,233.960700
2014-01-16,228.613953,221.513497,210.052168,253.018346,244.303747,231.655369
2014-01-17,225.166925,217.079994,205.848059,249.203173,239.413922,227.018705
2014-01-20,223.874935,213.471873,202.426625,247.773887,235.434621,223.245425
2014-01-21,226.088889,215.208608,204.073500,250.223071,237.350294,225.061918
2014-01-22,231.917313,220.657334,209.240303,256.673235,243.360151,230.760625
2014-01-23,230.686305,221.235597,209.788647,255.313371,244.007609,231.374562
2014-01-24,232.111628,221.813413,210.336565,256.890690,244.645002,231.978956
2014-01-27,229.035659,217.167688,205.931216,253.485927,239.521841,227.121037
2014-01-28,229.442894,216.709035,205.496293,253.937173,239.015891,226.641281
2014-01-29,230.261499,216.855305,205.634995,254.843748,239.177050,226.794097
2014-01-30,227.643411,214.650761,203.544516,251.945360,236.745771,224.488692
2014-02-07,228.680103,216.356895,205.162374,253.092873,238.627789,226.273272
2014-02-10,234.370026,223.483094,211.919856,259.390920,246.487490,233.726052
2014-02-11,236.233592,223.893502,212.309029,261.453176,246.940553,234.155659
2014-02-12,236.821705,224.939634,213.301033,262.116773,248.094556,235.249916
2014-02-13,235.612403,222.499368,210.987029,260.779369,245.402075,232.696832
2014-02-14,237.269251,224.255519,212.652315,262.611918,247.339542,234.533991
2014-02-17,238.930233,224.236846,212.634608,264.450593,247.318710,234.514237
2014-02-18,235.911111,222.165384,210.670325,261.110147,245.034317,232.348115
2014-02-19,238.621189,224.299401,212.693926,264.108585,247.387912,234.579856
2014-02-20,236.427907,222.399033,210.891885,261.680840,245.291878,232.592341
2014-02-21,234.035142,221.432903,209.975744,259.033598,244.225473,231.581147
2014-02-24,228.889922,217.216346,205.977356,253.338914,239.573896,227.170396
2014-02-25,223.039793,209.405920,198.571049,246.863228,230.960146,219.002608
2014-02-26,223.608269,208.807324,198.003425,247.492113,230.299153,218.375837
2014-02-27,222.647028,204.500362,193.919309,246.428316,225.548707,213.871336
2014-02-28,225.216537,208.522104,197.732962,249.272595,229.985229,218.078166
2014-03-03,226.394832,210.869204,199.958622,250.577329,232.574652,220.533526
2014-03-04,225.764341,208.806123,198.002286,249.879021,230.299984,218.376625
2014-03-05,223.667183,206.283370,195.610063,247.557452,227.517670,215.738360
2014-03-06,224.664599,205.099913,194.487839,248.662086,226.213479,214.501691
2014-03-07,224.119897,207.135940,196.418520,248.058723,228.458171,216.630168
2014-03-10,216.825840,204.026904,193.470349,239.985299,225.028319,213.377890
2014-03-11,217.949354,206.764032,196.065855,241.229799,228.047719,216.240967
2014-03-12,218.514729,207.462827,196.728494,241.855622,228.818726,216.972056
2014-03-13,221.222739,210.075818,199.206286,244.853039,231.700467,219.704601
2014-03-14,219.414987,208.333105,197.553742,242.851017,229.778363,217.882009
2014-03-17,221.502842,210.224998,199.347747,245.162377,231.865841,219.861413
2014-03-18,220.995349,208.588293,197.795727,244.600872,230.061095,218.150104
2014-03-19,219.211370,204.169777,193.605829,242.626415,225.188376,213.529660
2014-03-20,215.707494,199.359856,189.044778,238.747945,219.883418,208.499357
2014-03-21,223.131783,204.880429,193.918439,246.965319,225.973180,213.875383
2014-03-24,224.966408,204.295922,193.365206,248.995927,225.328498,213.265215
2014-03-25,224.748320,206.838145,195.771408,248.754990,228.132446,215.919050
2014-03-26,224.397933,208.764848,197.595024,248.366020,230.257506,217.930341
2014-03-27,222.812403,204.502146,193.560395,246.637605,225.555952,213.480492
2014-03-28,222.425840,202.240801,191.420042,246.208819,223.061799,211.119867
2014-03-31,221.840827,201.155067,190.392399,245.561556,221.864286,209.986465
2014-04-01,223.578295,202.534249,191.697790,247.484967,223.385458,211.426198
2014-04-02,225.398450,201.549169,190.765415,249.500260,222.298962,210.397869
2014-04-03,223.773643,201.724479,190.931346,247.701402,222.492321,210.580877
2014-04-04,225.888372,205.456819,194.463990,250.042368,226.608911,214.477079
2014-04-08,231.247545,210.482648,199.220915,255.974926,232.152157,219.723559
2014-04-09,231.381912,211.747442,200.418037,256.123980,233.547163,221.043882
2014-04-10,235.013953,213.274839,201.863712,260.144358,235.231808,222.638337
2014-04-11,234.694574,213.191341,201.784681,259.792141,235.139714,222.551173
2014-04-14,234.481654,214.152275,202.694200,259.563455,236.199577,223.554295
2014-04-15,230.435142,212.146630,200.795867,255.084685,233.987448,221.460596
2014-04-16,230.752455,211.643913,200.320047,255.450174,233.446437,220.948548
2014-04-17,229.953488,211.411711,200.100268,254.567079,233.190512,220.706325
2014-04-18,229.920413,211.276186,199.971995,254.529305,233.040792,220.564620
2014-04-21,226.072351,208.591121,197.430592,250.269012,230.078688,217.761096
2014-04-22,227.059432,207.084513,196.004595,251.363437,228.430451,216.201100
2014-04-23,226.839276,205.450033,194.457567,251.127605,226.627081,214.494276
2014-04-24,226.405168,203.742326,192.841229,250.709028,225.039203,212.991408
2014-04-25,224.065116,200.537608,189.807977,248.128146,221.503901,209.645374
2014-04-28,220.668734,196.793420,186.264119,244.370144,217.369705,205.732507
2014-04-29,223.097674,200.558675,189.827918,247.060265,221.529310,209.669422
2014-04-30,223.117313,202.992655,192.131668,247.154189,224.206976,212.203735
2014-05-05,222.890956,204.139204,193.216873,246.904064,225.478974,213.407635
2014-05-06,222.979845,204.641533,193.692324,247.012282,226.033447,213.932424
2014-05-07,220.911628,200.610920,189.877367,244.726445,221.583902,209.721091
2014-05-08,220.723514,199.439785,188.768893,244.771365,220.288164,208.494722
2014-05-09,220.559173,198.094595,187.495676,244.589642,218.801660,207.087801
2014-05-12,225.328165,202.076523,191.264553,249.883105,223.197648,211.248443
2014-05-13,224.790698,202.078466,191.266393,249.286888,223.199464,211.250162
2014-05-14,224.534367,201.811181,191.013409,249.061265,222.965638,211.028854
2014-05-15,221.610336,198.575752,187.951089,245.822911,219.407028,207.660759
2014-05-16,221.803618,198.490020,187.869944,246.079162,219.310232,207.569145
2014-05-19,218.619121,196.018770,185.530916,242.573327,216.640421,205.042267
2014-05-20,218.684238,195.744754,185.271562,242.645813,216.330133,204.748590
2014-05-21,220.765891,197.624509,187.050741,244.971465,218.453897,206.758656
2014-05-22,220.244961,197.211989,186.660293,244.480403,218.036685,206.363779
2014-05-23,222.057881,198.990829,188.343958,246.577370,220.066346,208.284780
2014-05-26,222.840310,199.730698,189.044241,247.489051,220.903054,209.076693
2014-05-27,221.941085,198.622872,187.995688,246.518157,219.687426,207.926146
2014-05-28,224.222222,200.989831,190.236005,249.078621,222.399031,210.492581
2014-05-29,222.755556,199.654060,188.971703,247.452298,220.922319,209.094927
2014-05-30,222.889922,199.526210,188.850693,247.615645,220.782888,208.962960
2014-06-03,222.213953,198.184547,187.580816,246.909169,219.336246,207.593767
2014-06-04,219.976227,196.445470,185.934787,244.423232,217.414783,205.775172
2014-06-05,222.284238,198.081413,187.483200,247.031679,219.223657,207.487205
2014-06-06,220.642894,197.476196,186.910364,245.418628,218.553424,206.852855
2014-06-09,220.597416,195.888338,185.407463,245.379833,216.822316,205.214424
2014-06-10,223.387080,199.057248,188.406824,248.482404,220.329292,208.533648
2014-06-11,223.335401,199.405149,188.736110,248.424212,220.713745,208.897519
2014-06-12,222.574677,199.381603,188.713824,247.643209,220.738388,208.920843
2014-06-13,224.934367,200.641596,189.906402,250.354769,222.133954,210.241695
2014-06-16,226.548837,201.766647,190.971258,252.233259,223.378506,211.419619
2014-06-17,224.255297,200.040450,189.337420,249.885147,221.553054,209.691894
2014-06-18,223.280620,198.583000,187.957950,248.922420,220.269507,208.477064
2014-06-19,219.835659,194.702631,184.285197,245.118478,216.085040,204.516619
2014-06-20,220.850646,195.740736,185.267759,246.514073,217.256720,205.625571
2014-06-23,220.579845,195.748760,185.275354,246.347664,217.258785,205.627525
2014-06-24,221.686822,197.259561,186.705320,247.971945,218.984348,207.260708
2014-06-25,220.503359,196.490697,185.977593,246.895897,218.134539,206.456395
2014-06-26,222.127132,198.098630,187.499495,248.777450,219.935693,208.161121
2014-06-27,222.249096,198.458122,187.839753,249.106186,220.351549,208.554714
2014-06-30,223.785013,200.460804,189.735283,250.871354,222.579171,210.663077
2014-07-01,223.727132,200.383468,189.662085,250.880542,222.478114,210.567430
2014-07-02,224.379328,199.555644,188.878553,251.672775,221.553859,209.692657
2014-07-03,225.342636,199.961273,189.262479,252.989760,222.000357,210.115250
2014-07-04,225.188630,199.110885,188.457590,252.888689,221.166553,209.326086
2014-07-07,224.939535,197.903572,187.314874,252.645711,219.820441,208.052039
2014-07-08,225.371576,198.139773,187.538437,253.131668,220.081258,208.298893
2014-07-09,222.088889,193.882397,183.508849,249.550285,215.491048,203.954427
2014-07-10,221.483204,191.306901,181.071153,249.171525,212.649473,201.264979
2014-07-11,222.016537,192.213076,181.928844,250.614083,213.655635,202.217276
2014-07-14,224.471318,194.037378,183.655538,253.537993,215.689622,204.142370
2014-07-15,224.804134,194.684642,184.268170,253.941256,216.413221,204.827230
2014-07-16,224.379328,192.882790,182.562725,253.547182,214.651758,203.160069
2014-07-17,222.952972,191.488079,181.242638,252.225092,213.105909,201.696980
2014-07-18,223.683721,191.936921,181.667464,253.482864,213.651847,202.213690
2014-07-21,223.906977,194.100639,183.715414,253.735031,216.077786,204.509753
2014-07-22,226.635659,195.363275,184.910494,256.853937,217.497501,205.853462
2014-07-23,227.165891,193.831781,183.460941,257.467509,215.801445,204.248207
2014-07-24,231.216537,194.678297,184.262165,262.085124,216.819473,205.211733
2014-07-25,233.638243,196.543442,186.027516,264.920215,218.899227,207.180144
2014-07-28,240.196382,200.241716,189.527917,272.390277,223.020543,211.080820
2014-07-29,240.968475,202.856309,192.002617,273.318292,226.529548,214.401965
2014-07-30,240.001034,204.282658,193.352651,272.430093,228.122578,215.909710
2014-07-31,242.919897,205.914143,194.896845,275.783810,229.962165,217.650812
2014-08-01,240.764858,204.566058,193.620887,273.344836,228.507005,216.273556
2014-08-04,245.542119,206.476502,195.429115,278.767955,230.644022,218.296165
2014-08-05,244.894057,207.167565,196.083203,278.051271,231.416826,219.027596
2014-08-06,244.260465,207.198609,196.112586,277.356025,231.432641,219.042564
2014-08-07,240.564341,204.481889,193.541222,273.159028,228.397517,216.169929
2014-08-08,240.943669,205.315899,194.330609,273.695011,229.324678,217.047454
2014-08-11,244.480620,207.474655,196.373863,277.712326,231.738530,219.332076
2014-08-12,243.622739,207.382313,196.286461,276.742453,231.626135,219.225699
2014-08-13,243.813953,207.134656,196.052055,276.971139,231.362369,218.976054
2014-08-14,241.441860,205.260913,194.278565,274.274893,229.261234,216.987406
2014-08-15,243.993798,207.206632,196.120180,277.249849,231.434751,219.044560
2014-08-18,245.432558,209.462133,198.255002,278.885361,233.949459,221.424641
2014-08-19,245.454264,210.058226,198.819201,278.925177,234.611225,222.050978
2014-08-20,244.562274,209.460043,198.253024,277.956325,233.950979,221.426079
2014-08-21,243.332300,209.847998,198.620222,276.563792,234.373933,221.826390
2014-08-22,244.481654,210.830428,199.550087,277.872610,235.483713,222.876756
2014-08-25,242.156072,209.512953,198.303102,275.229451,234.001919,221.474292
2014-08-26,240.216021,207.552195,196.447254,273.028351,231.811645,219.401277
2014-08-27,240.578811,208.517698,197.361098,273.447948,232.878294,220.410822
2014-08-28,238.891990,207.239303,196.151103,271.530663,231.458867,219.067386
2014-08-29,241.683721,210.081224,198.840968,274.703678,234.630119,222.068860
2014-09-01,243.443928,212.286977,200.928704,276.704679,237.085055,224.392368
2014-09-02,246.662532,214.537860,203.059155,280.362630,239.595688,226.768590
2014-09-03,248.975711,216.685507,205.091893,282.991496,241.996383,229.040761
2014-09-04,250.772093,218.041540,206.375373,285.034354,243.520414,230.483201
2014-09-05,253.153488,221.234428,209.397428,287.740809,247.123322,233.893222
2014-09-09,252.735917,221.809806,209.942021,287.267103,247.762955,234.498611
2014-09-10,251.413953,221.068889,209.240746,285.764311,246.932790,233.712890
2014-09-11,250.485788,220.248722,208.464462,284.708681,246.016203,232.845374
2014-09-12,252.026873,220.949686,209.127921,286.520811,246.791050,233.578738
2014-09-15,251.905943,221.387456,209.542268,286.384008,247.283373,234.044704
2014-09-16,246.901292,215.354427,203.832032,280.693408,240.554145,227.675735
2014-09-17,248.199483,216.077028,204.515971,282.169656,241.358249,228.436791
2014-09-18,248.957106,217.315669,205.688339,283.032332,242.734600,229.739457
2014-09-19,250.667700,219.093308,206.777459,285.009852,244.716456,230.952425
2014-09-22,245.883204,215.010132,202.923809,279.570397,240.155748,226.648233
2014-09-23,248.006202,216.632733,204.455200,281.983849,241.968114,228.358664
2014-09-24,252.388630,220.039398,207.670367,286.993497,245.773191,231.949725
2014-09-25,251.883204,219.968787,207.603725,286.417699,245.694322,231.875292
2014-09-26,251.906977,220.158867,207.783120,286.445263,245.906632,232.075661
2014-09-29,253.002584,222.096236,209.611584,287.694868,248.070578,234.117896
2014-09-30,253.332300,222.685153,210.167396,288.069545,248.728369,234.738689
2014-10-08,256.163307,224.563832,211.940469,291.289522,250.826761,236.719058
2014-10-09,256.533333,223.503672,210.939904,291.709120,249.642615,235.601513
2014-10-10,254.965375,221.350102,208.907392,289.930680,247.237183,233.331375
2014-10-13,253.741602,220.047670,207.678174,288.538147,245.782431,231.958445
2014-10-14,252.874419,219.515372,207.175798,287.552960,245.187880,231.397335
2014-10-15,254.663566,221.490834,209.040213,289.587651,247.394373,233.479724
2014-10-16,252.651163,220.476143,208.082560,287.298751,246.261013,232.410110
2014-10-17,252.375194,220.504932,208.109731,286.985329,246.293169,232.440457
2014-10-20,253.716796,221.884362,209.411619,288.510582,247.833925,233.894553
2014-10-21,251.513178,220.208254,207.829731,286.005248,245.961795,232.127721
2014-10-22,249.988630,219.859851,207.500912,284.271728,245.572646,231.760459
2014-10-23,247.642377,218.649219,206.358333,281.603046,244.220429,230.484298
2014-10-24,247.101809,219.024068,206.712111,280.993558,244.639117,230.879437
2014-10-27,244.840310,216.506285,204.335860,278.422885,241.826878,228.225371
2014-10-28,249.782946,220.419644,208.029238,284.043042,246.197907,232.350553
2014-10-29,253.372610,223.964659,211.374977,288.125696,250.157514,236.087453
2014-10-30,255.186563,226.298740,213.577853,290.186930,252.764568,238.547873
2014-10-31,259.258915,229.799775,216.882085,294.817817,256.675052,242.238413
2014-11-03,259.695090,229.478292,216.578674,295.313984,256.315972,241.899529
2014-11-04,259.759173,227.836981,215.029625,295.387490,254.482708,240.169376
2014-11-05,258.754522,227.407865,214.624631,294.262437,254.003406,239.717033
2014-11-06,259.025323,228.191193,215.363926,294.570755,254.878345,240.542761
2014-11-07,258.620155,228.156070,215.330778,294.110320,254.839115,240.505737
2014-11-10,265.191731,233.796904,220.654524,301.583445,261.139649,246.451899
2014-11-11,264.455814,232.917695,219.824738,300.746292,260.157615,245.525100
2014-11-12,268.146770,236.406367,223.117303,304.943288,264.054292,249.202608
2014-11-13,266.640827,235.481776,222.244686,303.235291,263.021569,248.227971
2014-11-14,266.779328,235.636216,222.390444,303.392513,263.194071,248.390770
2014-11-17,265.333333,234.935749,221.729352,301.747813,262.411683,247.652388
2014-11-18,262.679070,234.462106,221.282334,298.728956,261.882647,247.153107
2014-11-19,262.244961,233.673052,220.537635,298.235853,261.001313,246.321344
2014-11-20,262.232558,234.372858,221.198103,298.221560,261.782962,247.059029
2014-11-21,267.024289,237.808502,224.440619,303.670202,265.620406,250.680637
2014-11-24,273.825323,243.466207,229.780289,311.405703,271.939785,256.644584
2014-11-25,277.577261,246.279358,232.435305,315.672122,275.081937,259.610006
2014-11-26,281.449096,249.536582,235.509431,320.075344,278.720095,263.043536
2014-11-27,284.701809,251.336913,237.208560,323.775153,280.730976,264.941316
2014-11-28,290.317313,256.321021,241.912498,330.160999,286.297981,270.195206
2014-12-01,291.453230,256.175731,241.775375,331.453482,286.135699,270.042051
2014-12-02,302.216021,266.707834,251.715439,343.692254,297.899540,281.144238
2014-12-03,306.723514,269.512987,254.362906,348.818287,301.032758,284.101227
2014-12-04,320.863049,282.024337,266.170958,364.898776,315.007321,297.289794
2014-12-05,322.986047,284.515253,268.521853,367.312228,317.789552,299.915539
2014-12-08,336.214987,295.873917,279.242014,382.357505,330.476621,311.889026
2014-12-09,321.127649,276.870061,261.306419,365.199947,309.250248,291.856527
2014-12-10,332.976744,286.575591,270.466374,378.675052,320.090848,302.087399
2014-12-11,328.993282,282.651506,266.762873,374.145236,315.707838,297.950911
2014-12-12,330.049612,282.964645,267.058409,375.345836,316.057599,298.280999
2014-12-15,332.530233,283.709248,267.761156,378.183990,316.889284,299.065907
2014-12-16,341.436693,292.077097,275.658625,388.313545,326.235760,307.886692
2014-12-17,347.348837,297.893475,281.148047,395.037315,332.732368,314.017899
2014-12-18,345.832558,295.700179,279.078043,393.312983,330.282564,311.705884
2014-12-19,349.681654,299.787709,282.935802,397.689661,334.848135,316.014665
2014-12-22,350.850646,301.181148,284.250911,399.019918,336.404537,317.483528
2014-12-23,343.660982,294.279894,277.737596,390.843381,328.696176,310.208722
2014-12-24,333.890439,283.983562,268.020049,379.730682,317.195679,299.355068
2014-12-25,344.746253,293.630764,277.124955,392.077671,327.971129,309.524455
2014-12-26,356.159173,304.463491,287.348744,405.064777,340.070753,320.943538
2014-12-29,357.153488,305.740909,288.554355,406.194934,341.497566,322.290101
2014-12-30,357.369509,306.581782,289.347960,406.441997,342.436779,323.176488
2014-12-31,365.241344,314.809231,297.112921,415.393411,351.626436,331.849274
2015-01-05,376.386563,325.384304,307.093540,428.070158,363.438272,342.996756
2015-01-06,376.336951,324.064833,305.848240,428.012986,361.964489,341.605865
2015-01-07,376.619121,323.759427,305.560002,428.334575,361.623365,341.283928
2015-01-08,367.882171,318.002335,300.126532,418.397974,355.192977,335.215215
2015-01-09,366.586047,317.663274,299.806530,417.016672,354.814261,334.857801
2015-01-12,363.160724,318.080597,300.200395,413.119825,355.280391,335.297713
2015-01-13,363.208269,319.620344,301.653589,413.173934,357.000213,336.920804
2015-01-14,362.007235,318.479942,300.577291,411.807945,355.726440,335.718674
2015-01-15,372.518863,329.356502,310.842450,423.764944,367.875023,347.183962
2015-01-16,375.726098,332.647116,313.948089,427.413707,371.550476,350.652691
2015-01-19,346.786563,305.838709,288.646657,394.492144,341.606804,322.393194
2015-01-20,351.030491,310.241506,292.801961,399.321089,346.524512,327.034306
2015-01-21,366.810336,325.838460,307.522167,417.270880,363.945542,343.475495
2015-01-22,368.745220,326.043208,307.715406,419.473002,364.174237,343.691326
2015-01-23,369.171059,327.499532,309.089865,419.956917,365.800878,345.226478
2015-01-26,372.918863,330.301241,311.734083,424.219252,368.930250,348.179838
2015-01-27,369.501809,327.474060,309.065825,420.333636,365.772428,345.199627
2015-01-28,364.374160,322.112356,304.005518,414.500107,359.783668,339.547704
2015-01-29,359.875969,318.039860,300.161948,409.383263,355.234890,335.254771
2015-01-30,354.975711,312.192517,294.643300,403.809047,348.703695,329.090922
2015-02-02,346.662532,303.103493,286.065196,394.352278,338.551702,319.509926
2015-02-03,355.291990,311.545905,294.033036,404.168411,347.981462,328.409311
2015-02-04,351.604134,308.254139,290.926309,399.973456,344.304720,324.939367
2015-02-05,348.005168,303.579610,286.514549,395.878552,339.083502,320.011815
2015-02-06,342.368992,297.890117,281.144878,389.468203,332.728617,314.014360
2015-02-09,345.831525,301.956223,284.982417,393.406908,337.270258,318.300557
2015-02-10,352.138501,308.111973,290.792135,400.581924,344.145928,324.789505
2015-02-11,354.947804,310.010566,292.584003,403.777399,346.266563,326.790866
2015-02-12,355.852196,312.045049,294.504122,404.806485,348.538980,328.935472
2015-02-13,358.638760,313.752092,296.115207,407.975416,350.445664,330.734914
2015-02-16,361.703359,315.959539,298.198568,411.462874,352.911274,333.061847
2015-02-17,364.064083,319.381592,301.428258,414.147890,356.733539,336.669129
2015-02-25,359.558656,316.710355,298.907178,409.021858,353.749898,333.853303
2015-02-26,368.609819,324.316546,306.085804,419.317822,362.245639,341.871203
2015-02-27,369.285788,323.998490,305.785627,420.087595,361.890387,341.535931
2015-03-02,372.224289,325.762887,307.450841,423.430082,363.861131,343.395831
2015-03-03,362.573643,316.508102,298.716294,412.452144,353.523991,333.640101
2015-03-04,364.942636,318.785709,300.865870,415.147370,356.067966,336.040991
2015-03-05,361.378811,315.589384,297.849220,411.093302,352.497828,332.671655
2015-03-06,359.536951,313.954441,296.306182,408.997356,350.671678,330.948216
2015-03-09,365.658915,320.359711,302.351394,415.962063,357.826050,337.700192
2015-03-10,363.887339,318.864022,300.939781,413.946769,356.155438,336.123543
2015-03-11,364.304910,319.873549,301.892560,414.421496,357.283031,337.187715
2015-03-12,371.352972,327.704121,309.282954,422.439791,366.029395,345.442141
2015-03-13,373.918346,328.537916,310.069879,425.356556,366.960703,346.321068
2015-03-16,383.014987,336.784592,317.852986,435.705608,376.171834,355.014121
2015-03-17,388.332817,340.209630,321.085493,441.755572,379.997433,358.624550
2015-03-18,397.525581,346.915701,327.414597,452.211820,387.487785,365.693608
2015-03-19,396.872351,345.238252,325.831442,451.468591,385.614157,363.925362
2015-03-20,402.332817,348.852916,328.427950,457.680881,389.651559,366.825435
2015-03-23,410.548837,357.813259,336.863675,467.027391,399.659822,376.247406
2015-03-24,410.651163,359.818184,338.751213,467.142755,401.899224,378.355621
2015-03-25,407.277519,355.170761,334.375892,463.306143,396.708281,373.468769
2015-03-26,408.268734,354.898958,334.120002,464.433237,396.404690,373.182962
2015-03-27,410.511628,356.370661,335.505539,466.984513,398.048511,374.730486
2015-03-30,422.550904,369.438768,347.808522,480.680136,412.644944,388.471848
2015-03-31,418.728682,364.436801,343.099415,476.333064,407.057993,383.212185
2015-04-01,426.242894,370.567775,348.871427,484.879174,413.905989,389.659020
2015-04-02,426.333850,368.039122,346.490824,484.983308,411.081607,387.000093
2015-04-03,431.063566,371.821437,350.051689,490.363549,415.306268,390.977269
2015-04-07,440.314212,379.358890,357.147832,500.887178,423.725232,398.903044
2015-04-08,444.010336,388.446634,365.703498,505.092342,433.875795,408.458978
2015-04-09,440.531266,385.793919,363.206097,501.175077,430.912843,405.669598
2015-04-10,449.035659,390.835139,367.952158,510.850323,436.543638,410.970536
2015-04-13,456.958140,398.951431,375.593250,519.911997,445.609137,419.504970
2015-04-14,458.726615,405.938571,382.171301,521.955876,453.413429,426.852080
2015-04-15,452.765891,404.939819,381.231024,515.230064,452.386981,425.885763
2015-04-16,466.516796,417.469735,393.027327,530.881767,466.382890,439.061779
2015-04-17,475.053230,432.645238,407.314321,540.595808,483.332849,455.018795
2015-04-20,467.381912,432.131687,406.830838,531.866954,482.755421,454.475194
2015-04-21,477.432558,431.683059,406.408476,543.304305,482.257147,454.006108
2015-04-22,489.902842,443.155218,417.208952,557.508346,495.074524,466.072633
2015-04-23,490.014470,441.458346,415.611431,557.638003,493.178427,464.287611
2015-04-24,486.060982,440.442600,414.655156,553.145961,492.042340,463.218077
2015-04-27,496.908527,455.192330,428.541304,565.489888,508.516953,478.727592
2015-04-28,490.114729,455.519573,428.849387,557.758471,508.880033,479.069403
2015-04-29,493.470801,452.899552,426.382766,561.596104,505.986383,476.345265
2015-04-30,490.944703,450.185648,423.827758,558.916193,503.139680,473.665325
2015-05-04,494.856848,454.303087,427.704126,563.392921,507.809655,478.061729
2015-05-05,475.125581,437.204045,411.606214,540.928628,488.695496,460.067293
2015-05-06,470.628424,430.583616,405.373404,535.807700,481.295749,453.101030
2015-05-07,462.024806,415.251786,390.939237,526.013007,464.172612,436.980981
2015-05-08,471.152455,423.340948,398.554787,536.461088,473.209409,445.488395
2015-05-11,484.809302,436.514782,410.957307,552.023971,487.934173,459.350569
2015-05-12,490.689406,442.610618,416.696238,558.747741,494.784810,465.799891
2015-05-13,487.694057,436.171784,410.634391,555.358291,487.591951,459.028395
2015-05-14,485.868734,433.958750,408.550927,553.322580,485.112961,456.694626
2015-05-15,477.257881,426.700890,401.718007,543.550347,476.996911,449.054022
2015-05-18,472.882687,418.725965,394.210006,538.594808,468.090460,440.669318
2015-05-19,489.014987,432.831782,407.489943,556.984615,483.892609,455.545764
2015-05-20,491.464599,432.296914,406.986391,559.868710,483.299645,454.987536
2015-05-21,500.359690,436.404433,410.853419,570.043185,487.892447,459.311288
2015-05-22,511.766408,448.162734,421.923283,583.104818,501.141112,471.783835
2015-05-25,527.080103,465.500386,438.245835,600.553338,520.529851,490.036764
2015-05-26,537.356072,471.419412,443.818308,612.290839,527.156347,496.275074
2015-05-27,535.548320,466.456711,439.146168,610.562424,521.646558,491.088054
2015-05-28,499.639276,430.825464,405.601092,569.765495,481.789701,453.566046
2015-05-29,500.344186,425.534335,400.619754,570.574063,475.879822,448.002372
2015-06-01,524.669767,445.529110,419.443855,598.335903,498.263528,469.074821
2015-06-02,533.526615,451.505437,425.070275,608.451164,504.947819,475.367541
2015-06-03,531.637209,454.819798,428.190583,606.703352,508.654529,478.857109
2015-06-04,535.547287,457.236379,430.465677,611.186205,511.358654,481.402825
2015-06-05,540.625323,466.695970,439.371419,616.999316,521.968788,491.391407
2015-06-08,553.359173,483.221607,454.929497,631.542302,540.478866,508.817149
2015-06-09,549.608269,474.668158,446.876843,627.289155,530.911576,499.810319
2015-06-10,548.745220,466.131796,438.840276,626.419332,521.653226,491.094331
2015-06-11,548.484755,463.368490,436.238759,626.219232,518.574459,488.195921
2015-06-12,551.433592,461.592513,434.566763,629.642372,516.967191,486.682809
2015-06-15,539.655814,452.034403,425.568271,616.272422,506.278115,476.619908
2015-06-16,523.495607,435.145608,409.668297,597.974497,487.735619,459.163647
2015-06-17,531.145220,443.189679,417.241396,606.738063,496.755423,467.655063
2015-06-18,509.617571,423.142832,398.368270,582.211514,474.347682,446.559986
2015-06-19,479.281654,396.724978,373.497154,547.902523,444.802369,418.745464
2015-06-23,494.686305,413.127711,388.939524,565.951343,463.172492,436.039449
2015-06-24,504.406202,419.149130,394.608395,577.101816,470.102979,442.563942
2015-06-25,486.462016,405.016165,381.302900,556.627293,454.266411,427.655094
2015-06-26,448.185013,373.887926,351.997187,512.982001,419.393581,394.825144
2015-06-29,433.235142,360.982070,339.846955,495.872426,404.915752,381.195439
2015-06-30,462.325581,386.953525,364.297809,529.286072,434.087120,408.657923
2015-07-01,439.588630,365.123859,343.746246,503.381282,409.584932,385.591094
2015-07-02,424.599483,353.254875,332.572179,486.224745,396.301998,373.086286
2015-07-03,401.645478,331.810383,312.383239,460.986616,373.656400,351.767287
2015-07-06,413.285788,347.153033,326.827593,474.448449,391.005431,368.099996
2015-07-07,405.994832,354.850014,334.073924,466.521016,399.777636,376.358318
2015-07-08,378.608786,337.314218,317.564830,435.212504,380.168351,357.897762
2015-07-09,402.855814,359.414535,338.371197,463.146880,404.990242,381.265566
2015-07-10,424.450646,379.686301,357.456073,488.224725,427.741575,402.684105
2015-07-13,435.329199,383.311256,360.868791,500.813672,431.727949,406.436954
2015-07-14,425.028424,368.568400,346.989113,488.973058,415.177352,390.855905
2015-07-15,410.001034,357.241689,336.325569,471.745056,402.566958,378.984239
2015-07-16,413.163824,358.002705,337.042029,475.445886,403.385658,379.754979
2015-07-17,429.095607,370.264995,348.586374,494.106237,417.501425,393.043832
2015-07-20,430.037209,371.627359,349.868973,495.191473,419.026227,394.479311
2015-07-21,430.595349,375.991711,353.977798,496.077631,423.898520,399.066180
2015-07-22,429.680620,370.682681,348.979605,495.252728,418.732991,394.203252
2015-07-23,439.360207,378.712545,356.539329,506.477729,427.847952,402.784251
2015-07-24,431.656848,371.094545,349.367355,497.621260,419.311454,394.747828
2015-07-27,394.700775,338.399669,318.586729,455.144919,382.491054,360.084399
2015-07-28,393.911111,332.880419,313.390625,454.247532,376.313359,354.268598
2015-07-29,406.240827,344.022323,323.880183,468.464845,388.857532,366.077923
2015-07-30,394.357623,333.122306,313.618350,454.770242,376.566871,354.507260
2015-07-31,394.490956,331.212849,311.820690,454.931547,374.423449,352.489402
2015-08-03,395.787080,329.638221,310.338255,456.425151,372.700797,350.867664
2015-08-04,408.078553,340.063502,320.153147,470.600606,384.431181,361.910871
2015-08-05,399.679587,333.728212,314.188781,460.915151,377.252568,355.152788
2015-08-06,396.056848,328.723023,309.476640,456.744699,371.620512,349.850663
2015-08-07,403.818088,335.214880,315.588406,465.740013,378.936184,356.737777
2015-08-10,422.156072,354.800468,334.027279,486.897530,401.015815,377.523964
2015-08-11,420.327649,350.819103,330.279018,484.787292,396.521927,373.293331
2015-08-12,415.103876,347.408049,327.067678,478.777144,392.661503,369.659055
2015-08-13,421.236176,352.904933,332.242725,485.851089,398.859874,375.494319
2015-08-14,421.037726,352.233240,331.610359,485.723474,398.282905,374.951150
2015-08-17,421.485271,350.272252,329.764185,486.240059,396.044435,372.843811
2015-08-18,395.391214,326.485293,307.369927,456.152566,369.198807,347.570823
2015-08-19,401.668217,329.901544,310.586160,463.392921,373.037165,351.184327
2015-08-20,388.780362,317.962614,299.346242,448.556932,359.616458,338.549816
2015-08-21,371.011886,303.044682,285.301739,428.098743,342.781881,322.701423
2015-08-24,338.556072,277.228067,260.996660,390.650427,313.562768,295.193991
2015-08-25,314.514729,256.978989,241.933143,362.913089,290.658843,273.631798
2015-08-26,312.732817,252.335200,237.561243,360.857980,285.537725,268.810679
2015-08-27,331.332300,270.136717,254.320500,382.318710,305.702163,287.793867
2015-08-28,345.456331,283.207046,266.625576,398.616655,320.426512,301.655651
2015-08-31,347.962791,287.849236,270.995970,401.507897,325.649951,306.573097
2015-09-01,347.501809,289.378773,272.435954,400.977019,327.431980,308.250733
2015-09-02,347.889406,293.442131,276.261408,401.424181,332.071286,312.618265
2015-09-07,335.967959,281.283348,264.814508,387.667303,318.259472,299.615559
2015-09-08,344.601550,287.150406,270.338056,397.630448,324.887851,305.855641
2015-09-09,351.349871,292.465489,275.341946,405.507856,330.982908,311.593645
2015-09-10,347.034625,288.657601,271.757007,400.527815,326.696401,307.558244
2015-09-11,345.962791,287.701053,270.856464,399.290462,325.595219,306.521571
2015-09-14,339.134884,284.898562,268.218055,391.411012,322.475076,303.584209
2015-09-15,325.811886,275.779766,259.633155,376.033935,312.207864,293.918459
2015-09-16,342.041344,288.481342,271.591067,394.780043,326.548968,307.419448
2015-09-17,334.573643,283.718744,267.107314,386.160427,321.128345,302.316370
2015-09-18,336.048579,284.078270,266.920903,387.876591,321.528555,302.095852
2015-09-21,341.937984,290.087057,272.566779,394.673868,328.329486,308.485745
2015-09-22,345.119380,292.427510,274.765877,398.346112,330.978483,310.974641
2015-09-23,337.264083,284.302510,267.131599,389.367133,321.782356,302.334314
2015-09-24,339.534884,286.658553,269.345345,391.993956,324.448998,304.839789
2015-09-25,334.051680,278.455592,261.637815,385.664261,315.164634,296.116557
2015-09-28,335.167959,278.869362,262.026594,386.953681,315.632951,296.556570
2015-09-29,328.563307,272.124502,255.689102,379.335586,307.998911,289.383920
2015-09-30,331.054264,274.712026,258.120347,382.211514,310.927550,292.135556
2015-10-08,340.721447,282.269046,265.220949,393.372196,319.480819,300.171878
2015-10-09,345.232041,284.593375,267.404897,398.579902,322.111567,302.643628
2015-10-12,356.350388,294.145408,276.380019,411.472063,332.922852,312.801495
2015-10-13,356.076486,294.057130,276.297073,411.159661,332.822937,312.707619
2015-10-14,352.052713,291.866166,274.238435,406.513461,330.343135,310.377693
2015-10-15,360.394832,298.355026,280.335390,416.145828,337.687427,317.278107
2015-10-16,365.278553,304.714347,286.310630,421.784362,344.885104,324.040767
2015-10-19,365.289922,304.816152,286.406286,421.798654,345.000329,324.149028
2015-10-20,369.788114,313.876287,294.919219,427.004318,355.254870,333.783799
2015-10-21,358.992248,305.515759,287.063639,414.537881,345.792166,324.893007
2015-10-22,364.292506,311.887291,293.050353,420.658288,353.003663,331.668652
2015-10-23,369.120413,312.070337,293.222343,426.232504,353.210840,331.863308
2015-10-26,370.982946,312.654200,293.770943,428.383580,353.871674,332.484202
2015-10-27,371.357106,312.316692,293.453819,428.815428,353.489672,332.125288
2015-10-28,364.332817,306.450940,287.942339,420.704230,346.850633,325.887502
2015-10-29,365.200000,307.075525,288.529201,421.705751,347.557557,326.551701
2015-10-30,365.279587,306.893335,288.358014,421.797634,347.351349,326.357956
2015-11-02,359.272351,302.749235,284.464204,414.861512,342.660929,321.951018
2015-11-03,358.190181,301.301324,283.103742,413.611908,341.022139,320.411273
2015-11-04,375.042894,312.774649,293.884117,433.081847,354.008002,332.612290
2015-11-05,383.045995,322.134824,302.678969,442.323202,364.602137,342.566132
2015-11-06,392.079587,326.283350,306.576938,452.754949,369.297567,346.977777
2015-11-09,396.935401,328.600733,308.754359,458.362855,371.920453,349.442139
2015-11-10,396.200517,326.826242,307.087041,457.513451,369.912029,347.555101
2015-11-11,396.242894,327.573485,307.789154,457.561434,370.757782,348.349739
2015-11-12,392.281137,325.315974,305.667988,452.987718,368.202661,345.949045
2015-11-13,387.208269,320.689863,301.321279,447.129687,362.966685,341.029524
2015-11-16,389.057364,321.463590,302.048275,449.264428,363.842414,341.852325
2015-11-17,388.464083,321.151453,301.754990,448.579392,363.489127,341.520391
2015-11-18,384.039276,315.322852,296.278417,443.472757,356.892136,335.322112
2015-11-19,390.177778,319.683311,300.375519,450.562016,361.827439,339.959133
2015-11-20,390.116796,319.858891,300.540494,450.491572,362.026165,340.145848
2015-11-23,387.942119,320.680053,301.312061,447.979092,362.955582,341.019092
2015-11-24,387.998966,319.274238,299.991153,448.045451,361.364438,339.524114
2015-11-25,390.864083,320.438647,301.085236,451.354249,362.682352,340.762376
2015-11-26,388.571576,317.935204,298.732992,448.707007,359.848877,338.100152
2015-11-27,367.647545,299.162303,281.093911,424.544926,338.601129,318.136585
2015-11-30,368.621189,297.057357,279.116096,425.668957,336.218686,315.898134
2015-12-01,371.235142,299.567814,281.474931,428.686792,339.060099,318.567816
2015-12-02,384.697674,306.342271,287.840233,444.234362,346.727639,325.771941
2015-12-03,387.524548,307.380438,288.815698,447.497218,347.902668,326.875953
2015-12-04,380.112661,302.691620,284.410069,438.938857,342.595719,321.889748
2015-12-07,381.148320,303.637191,285.298531,440.134353,343.665946,322.895292
2015-12-08,374.472351,298.614555,280.579245,432.425396,337.981171,317.554097
2015-12-09,375.807752,296.849882,278.921152,433.966983,335.983859,315.677500
2015-12-10,374.478553,294.435732,276.652809,432.433564,333.251450,313.110234
2015-12-11,372.926098,292.339312,274.683005,430.639810,330.878657,310.880848
2015-12-14,383.598966,300.772366,282.606732,442.965360,340.423448,319.848766
2015-12-15,381.849096,298.523541,280.493728,440.943941,337.878158,317.457310
2015-12-16,380.924031,297.497258,279.529429,439.929148,336.902481,316.540601
2015-12-17,388.205685,303.171922,284.861363,448.338455,343.327536,322.577336
2015-12-18,389.448062,303.438655,285.111985,449.773867,343.629432,322.860986
2015-12-21,399.582429,306.921731,288.384695,461.477678,347.573693,326.566861
2015-12-22,400.695607,306.964841,288.425201,462.763014,347.621338,326.611627
2015-12-23,399.625840,304.816787,286.406883,461.527703,345.191109,324.328277
2015-12-24,395.803618,300.937173,282.761584,457.113251,340.799325,320.201926
2015-12-25,396.713178,301.331116,283.131735,458.163776,341.244054,320.619777
2015-12-28,385.284755,292.882607,275.193487,444.967382,331.677037,311.630976
2015-12-29,388.823773,294.103563,276.340702,449.055140,333.059670,312.930045
2015-12-30,389.165891,293.345123,275.628069,449.449214,332.202966,312.125118
2015-12-31,385.633075,291.270789,273.679017,445.369624,329.853592,309.917737
2016-01-04,358.560207,268.562244,252.341992,414.101949,304.136873,285.755298
2016-01-05,359.563824,265.957700,249.894753,415.261712,301.185957,282.982730
2016-01-06,365.871835,272.658712,256.191047,422.546988,308.773812,290.111987
2016-01-07,340.504393,252.252504,237.017305,393.250707,285.662231,268.397235
2016-01-08,347.448062,257.190070,241.656658,401.270023,291.253589,273.650660
2016-01-11,329.968992,248.083659,233.100244,381.082378,280.946099,263.966139
2016-01-12,332.373127,250.962314,235.805038,383.859277,284.205541,267.028585
2016-01-13,326.189147,242.617908,227.964606,376.716930,274.756063,258.150220
2016-01-14,332.978811,247.804571,232.838012,384.567794,280.629214,263.668406
2016-01-15,322.349354,237.174023,222.849513,372.291248,268.590490,252.357285
2016-01-18,323.589664,239.662371,225.187573,373.723596,271.409174,255.005611
2016-01-19,333.140052,251.354897,236.173911,384.753601,284.652747,267.448763
2016-01-20,328.101292,250.873200,235.721307,378.934365,284.102814,266.932067
2016-01-21,318.485788,239.537341,225.070095,367.828812,271.265510,254.870630
2016-01-22,321.804651,242.782624,228.119374,371.662362,274.941920,258.324844
2016-01-25,323.399483,242.609097,227.956328,373.504099,274.745231,258.140042
2016-01-26,303.928682,227.198262,213.476254,351.016324,257.293304,241.742883
2016-01-27,302.878553,225.372756,211.761003,349.804494,255.226280,239.800788
2016-01-28,294.962274,215.190629,202.193842,340.661147,243.697101,228.968414
2016-01-29,304.505426,223.254058,209.770268,351.682984,252.828129,237.547577
2016-02-01,299.850129,218.541091,205.341948,346.305806,247.489544,232.531648
2016-02-02,306.080620,223.468647,209.971896,353.502261,253.069573,237.774428
2016-02-03,304.768992,222.789916,209.334158,351.987218,252.299499,237.050896
2016-02-04,308.502326,225.925481,212.280345,356.298557,255.850006,240.386817
2016-02-05,306.334884,224.257997,210.713572,353.795265,253.963701,238.614516
2016-02-15,304.569509,222.642707,209.195840,351.756490,252.132740,236.894217
2016-02-16,313.905943,230.517731,216.595239,362.539433,261.050955,245.273428
2016-02-17,316.622222,235.476433,221.254452,365.676716,266.664945,250.548117
2016-02-18,315.627907,233.901138,219.774299,364.528182,264.880687,248.871696
2016-02-19,315.409819,233.526585,219.422368,364.276016,264.456470,248.473118
2016-02-22,322.363824,237.857983,223.492165,372.307582,269.362035,253.082199
2016-02-23,319.313695,234.665362,220.492367,368.785413,265.747381,249.686008
2016-02-24,321.400517,238.404217,224.005408,371.194781,269.980423,253.663212
2016-02-25,301.679587,219.710222,206.440467,348.419108,248.811942,233.774122
2016-02-26,304.705943,220.553805,207.233100,352.008657,249.766878,234.671344
2016-02-29,297.412920,212.535747,199.699306,343.583016,240.688350,226.141508
2016-03-01,302.913695,216.985895,203.880680,349.939255,245.726600,230.875253
2016-03-02,315.382946,227.506084,213.765486,364.343396,257.638982,242.067669
2016-03-03,316.115762,227.696147,213.944069,365.190759,257.855105,242.270730
2016-03-04,319.781912,228.299309,214.510802,369.425529,258.542229,242.916325
2016-03-07,320.913695,230.133314,216.234040,370.732305,260.617439,244.866113
2016-03-08,321.206202,230.658512,216.727517,371.071250,261.212160,245.424890
2016-03-09,317.510078,228.173985,214.393047,366.800747,258.400670,242.783322
2016-03-10,311.436693,222.550697,209.109386,359.783974,252.033620,236.801087
2016-03-11,311.966925,223.249207,209.765709,360.397546,252.828519,237.547944
2016-03-14,316.867183,228.043226,214.270186,366.058539,258.255112,242.646561
2016-03-15,317.806718,227.685017,213.933611,367.143776,257.847528,242.263611
2016-03-16,319.382946,228.487624,214.687743,368.965095,258.757951,243.119009
2016-03-17,322.914729,231.524044,217.540774,373.044686,262.194952,246.348283
2016-03-18,327.851163,236.073120,221.150466,378.747537,267.344454,250.433859
2016-03-21,335.859432,240.123080,224.944421,387.998081,271.930891,254.730185
2016-03-22,333.414987,239.445128,224.309323,385.175241,271.163133,254.010992
2016-03-23,334.479587,240.108006,224.930300,386.405448,271.913820,254.714194
2016-03-24,328.873385,238.100967,223.050129,379.928740,269.640919,252.585063
2016-03-25,330.524031,238.902210,223.800724,381.834795,270.548299,253.435047
2016-03-28,327.620672,238.245722,223.185734,378.481077,269.804849,252.738624
2016-03-29,324.073385,235.772000,220.868381,374.383110,267.003447,250.114421
2016-03-30,332.432041,240.615943,225.406128,384.038958,272.489040,255.253029
2016-03-31,332.619121,240.339480,225.147141,384.255393,272.175956,254.959749
2016-04-01,333.011886,239.795735,224.637767,384.717869,271.560184,254.382927
2016-04-05,337.414987,243.278179,227.900079,389.803065,275.503929,258.077214
2016-04-06,336.695607,243.879099,228.463014,388.972037,276.184450,258.714690
2016-04-07,331.709561,240.842526,225.618389,383.214056,272.756231,255.503319
2016-04-08,329.274419,239.264300,224.139926,380.400404,270.969122,253.829252
2016-04-11,333.860465,240.622587,225.412353,385.698972,272.507433,255.270259
2016-04-12,332.656331,239.518779,224.378319,384.326857,271.261618,254.103247
2016-04-13,337.093540,240.695205,225.480380,389.453911,272.594109,255.351453
2016-04-14,338.587080,241.994453,226.697500,391.179263,274.065751,256.730007
2016-04-15,338.212920,242.057639,226.756692,390.756603,274.137007,256.796755
2016-04-18,333.689922,239.887433,224.723669,385.536646,271.679743,254.494923
2016-04-19,334.708010,240.363653,225.169786,386.716828,272.219025,255.000093
2016-04-20,328.788630,238.387813,223.318843,379.876673,269.980630,252.903286
2016-04-21,326.677003,235.899495,220.987816,377.437698,267.162270,250.263199
2016-04-22,328.155039,238.376401,223.308152,379.172239,269.967491,252.890978
2016-04-25,326.824806,237.055468,222.070718,377.638819,268.471360,251.489483
2016-04-26,328.595349,238.064295,223.015775,379.690866,269.613894,252.559747
2016-04-27,327.226873,237.909686,222.870940,378.145195,269.448859,252.405152
2016-04-28,326.674935,238.610208,223.527180,377.564292,270.242514,253.148605
2016-04-29,326.279070,238.724299,223.634059,377.174301,270.388139,253.285018
2016-05-03,332.148837,243.713636,228.308010,383.974640,276.039450,258.578862
2016-05-04,331.727132,243.553137,228.157657,383.500934,275.908641,258.456327
2016-05-05,332.188114,244.413911,228.964020,384.032833,276.884987,259.370915
2016-05-06,323.550388,239.361405,224.230893,374.291227,271.158858,254.006987
2016-05-09,316.859948,236.673373,221.712777,366.550622,268.111992,251.152847
2016-05-10,317.220672,237.352581,222.349050,366.969199,268.881363,251.873552
2016-05-11,318.636693,238.987303,223.880438,368.612878,270.731579,253.606734
2016-05-12,319.394315,238.926283,223.823275,369.491889,270.662573,253.542093
2016-05-13,317.823256,236.634478,221.676340,367.674654,268.066805,251.110518
2016-05-16,319.928682,237.749436,222.720820,370.125879,269.336054,252.299483
2016-05-17,318.968475,237.155884,222.164787,369.135588,268.663333,251.669313
2016-05-18,317.110078,235.682306,220.784356,367.064144,266.992508,250.104175
2016-05-19,316.537468,234.679242,219.844698,366.429133,265.857465,249.040928
2016-05-20,318.162274,235.481086,220.595857,368.311707,266.765977,249.891973
2016-05-23,319.092506,236.882640,221.908815,369.486784,268.354245,251.379777
2016-05-24,316.647028,235.700060,220.800989,366.661902,267.029193,250.138540
2016-05-25,316.199483,234.836290,219.991819,366.172882,266.050176,249.221449
2016-05-26,316.714212,234.431286,219.612416,366.770120,265.591699,248.791973
2016-05-27,316.537468,233.989251,219.198323,366.565936,265.109936,248.340683
2016-05-30,316.972610,234.204580,219.400040,367.087625,265.387072,248.600289
2016-05-31,327.603101,240.747901,225.529746,379.495870,272.967251,255.700991
2016-06-01,326.671835,240.937423,225.707288,378.419822,273.196233,255.915489
2016-06-02,327.348837,241.548425,226.279666,379.216139,273.921958,256.595310
2016-06-03,329.646512,244.304138,228.861185,381.915448,277.042676,259.518630
2016-06-06,328.557106,243.677664,228.274312,381.021123,276.332713,258.853575
2016-06-07,328.377261,243.780799,228.370927,380.858797,276.566293,259.072380
2016-06-08,327.027390,242.414470,227.090967,379.520372,275.015786,257.619949
2016-06-13,316.934367,236.642753,221.684092,367.819624,268.488867,251.505883
2016-06-14,317.930749,237.325948,222.324100,368.989597,269.262055,252.230164
2016-06-15,322.105426,240.315596,225.124767,373.861421,272.715529,255.465192
2016-06-16,319.862532,238.374260,223.306147,371.509224,270.604921,253.488088
2016-06-17,321.484238,239.833528,224.673171,373.576584,272.504606,255.267611
2016-06-20,321.722997,239.581754,224.437313,373.895111,272.244638,255.024087
2016-06-21,321.066667,238.614256,223.530972,373.131464,271.145580,253.994548
2016-06-22,323.923514,240.451868,225.252425,376.514788,273.243456,255.959725
2016-06-23,322.203618,238.961446,223.856216,374.824147,272.300933,255.076821
2016-06-24,318.052713,235.967996,221.051987,370.495452,268.877814,251.870227
2016-06-27,322.536434,240.244692,225.058346,375.750120,273.748834,256.433136
2016-06-28,324.175711,242.242606,226.929967,377.785832,276.018117,258.558878
2016-06-29,325.725065,242.109923,226.805671,379.607151,275.875436,258.425222
2016-06-30,325.986563,242.731936,227.388365,380.076773,276.582602,259.087657
2016-07-01,326.015504,242.685115,227.344504,380.263601,277.300236,259.759898
2016-07-04,331.235142,243.785312,228.375156,386.379925,278.579768,260.958494
2016-07-05,331.512145,242.232891,226.920866,386.916928,276.834593,259.323709
2016-07-06,332.485788,244.875827,229.396737,388.190013,279.872360,262.169325
2016-07-07,331.777778,244.358507,228.912118,388.117528,279.305987,261.638777
2016-07-08,329.951421,242.756370,227.411255,386.626987,277.495164,259.942496
2016-07-11,331.093540,242.974698,227.615782,388.086901,278.027776,260.441418
2016-07-12,338.313178,248.038229,232.359237,396.600341,283.844311,265.890035
2016-07-13,339.314729,248.424679,232.721258,398.594195,284.271957,266.290630
2016-07-14,338.683204,247.540422,231.892897,397.871385,283.260926,265.343551
2016-07-15,338.633592,247.944962,232.271865,398.064338,283.802127,265.850519
2016-07-18,337.159690,246.449164,230.870620,396.348174,282.102813,264.258693
2016-07-19,335.734367,244.105175,228.674799,394.853549,279.413895,261.739860
2016-07-20,334.636693,243.502318,228.110050,393.587610,278.725430,261.094943
2016-07-21,336.177778,244.395208,228.946499,395.410971,279.761298,262.065288
2016-07-22,333.349871,242.455559,227.129459,392.139948,277.573889,260.016241
2016-07-25,333.942119,243.314006,227.933642,392.950557,278.557722,260.937843
2016-07-26,337.942119,246.567751,230.981711,397.687619,282.283892,264.428318
2016-07-27,332.634625,242.170073,226.862019,391.497790,277.690764,260.125724
2016-07-28,332.934367,243.581586,228.184308,391.852048,279.284811,261.618941
2016-07-29,331.155556,242.007139,226.709384,390.034813,278.247866,260.647586
2016-08-01,328.352455,239.891754,224.727717,386.733162,275.823377,258.376456
2016-08-02,329.617571,240.595181,225.386679,388.223704,276.637858,259.139418
2016-08-03,330.078553,241.375663,226.117825,388.765811,277.537317,259.981983
2016-08-04,330.882687,242.902529,227.548175,389.713224,279.347286,261.677464
2016-08-05,331.277519,244.027776,228.602293,390.316587,280.693905,262.938904
2016-08-08,334.282171,246.614419,231.025429,393.856112,283.689962,265.745448
2016-08-09,336.638760,248.379976,232.679382,396.633010,285.718974,267.646118
2016-08-10,335.228941,246.620105,231.030756,394.989331,283.710754,265.764926
2016-08-11,334.197416,245.503607,229.984834,393.916346,282.434057,264.568984
2016-08-12,340.488889,250.629949,234.787129,401.432349,288.493169,270.244833
2016-08-15,350.741085,258.420341,242.085075,413.520025,297.534307,278.714084
2016-08-16,349.173127,259.479242,243.077040,411.670121,298.827567,279.925540
2016-08-17,348.635659,257.044252,240.795972,411.036130,295.948030,277.228146
2016-08-18,347.750904,256.129192,239.938754,410.012149,294.955649,276.298536
2016-08-19,347.805685,254.975679,238.858157,410.263295,293.602434,275.030917
2016-08-22,344.887855,253.657198,237.623020,406.822799,292.085575,273.610006
2016-08-23,345.408786,254.059945,238.000308,407.460873,292.534848,274.030860
2016-08-24,344.171576,252.834378,236.852212,406.109177,291.105238,272.691679
2016-08-25,342.012403,250.290698,234.469323,403.561985,288.164393,269.936854
2016-08-26,341.818088,250.117586,234.307153,403.361885,287.944692,269.731050
2016-08-29,341.889406,251.824230,235.905918,403.446621,289.894728,271.557739
2016-08-30,342.324548,251.862565,235.941829,403.959122,289.932261,271.592897
2016-08-31,343.957623,255.102701,238.977150,405.900910,293.740321,275.160083
2016-09-01,341.248579,252.082175,236.147557,402.702372,290.215961,271.858652
2016-09-02,342.543669,252.439886,236.482656,404.231708,290.648713,272.264031
2016-09-05,343.119380,252.229023,236.285123,405.008627,290.398619,272.029757
2016-09-06,345.491473,253.342177,237.327912,407.807986,291.666311,273.217262
2016-09-07,345.304393,252.283377,236.336041,407.587467,290.457327,272.084751
2016-09-08,345.174160,252.832611,236.850556,407.434329,291.102222,272.688854
2016-09-09,342.949871,250.762278,234.911094,404.809548,288.719819,270.457147
2016-09-12,337.219638,247.986113,232.310416,398.044941,285.550129,267.487953
2016-09-13,336.985013,248.033093,232.354426,397.768272,285.606193,267.540470
2016-09-14,334.752455,247.192769,231.058030,395.132260,284.642028,266.050995
2016-09-19,337.273385,249.041967,232.786527,398.109259,286.771377,268.041268
2016-09-20,336.682171,248.737458,232.501894,397.410950,286.420735,267.713528
2016-09-21,337.637209,249.413514,233.133823,398.588070,287.199213,268.441161
2016-09-22,340.167442,251.481530,235.066855,401.575277,289.580529,270.666944
2016-09-23,338.570543,250.983815,234.601627,399.689641,289.007411,270.131259
2016-09-26,332.845478,246.991014,230.869443,393.087360,284.733601,266.136588
2016-09-27,334.961240,248.369767,232.158203,395.585548,286.321495,267.620770
2016-09-28,333.942119,247.745464,231.574649,394.381885,285.600100,266.946492
2016-09-29,335.337468,249.227455,232.959908,396.049045,287.309911,268.544628
2016-09-30,336.256331,250.817648,234.446306,397.146532,289.142880,270.257880
2016-10-10,340.451680,253.659759,237.102907,402.101051,292.417917,273.319012
2016-10-11,341.763307,254.586768,237.969408,403.649784,293.484470,274.315904
2016-10-12,341.086305,253.922982,237.348949,402.850405,292.718332,273.599805
2016-10-13,341.359173,253.326555,236.791452,403.171994,292.032924,272.959164
2016-10-14,341.689922,253.154954,236.631051,403.563006,291.836390,272.775466
2016-10-17,338.798966,251.565619,235.145455,400.149054,290.004838,271.063540
2016-10-18,343.289922,254.126821,237.539483,405.453747,292.955792,273.821756
2016-10-19,342.763824,253.844974,237.276032,404.832008,292.631497,273.518642
2016-10-20,343.007752,254.138764,237.550647,405.131137,292.969070,273.834167
2016-10-21,343.952455,254.497166,237.885655,406.247001,293.382095,274.220216
2016-10-24,348.070284,257.149647,240.365003,411.109636,296.438894,277.077364
2016-10-25,348.056848,257.995245,241.155408,411.096365,297.412870,277.987725
2016-10-26,346.749354,258.365028,241.501055,409.551715,297.839268,278.386274
2016-10-27,345.808786,257.762565,240.937915,408.439934,297.135297,277.728282
2016-10-28,345.233075,258.289822,241.430758,407.760002,297.740832,278.294267
2016-10-31,344.835142,258.521606,241.647412,407.290380,298.008351,278.544314
2016-11-01,347.188630,259.926727,242.960818,410.070341,299.625880,280.056196
2016-11-02,344.532300,259.242138,242.320913,406.933058,298.835599,279.317531
2016-11-03,347.812920,260.306395,243.315705,410.814591,300.060672,280.462590
2016-11-04,346.684238,258.837496,241.942684,409.482292,298.368220,278.880678
2016-11-07,346.934367,258.226397,241.371472,409.777338,297.663430,278.221921
2016-11-08,348.436176,260.473121,243.471548,411.560882,300.252347,280.641746
2016-11-09,346.568475,259.594268,242.650060,409.355698,299.237794,279.693457
2016-11-10,350.450646,261.249642,244.197385,413.940644,301.146259,281.477273
2016-11-11,353.201034,260.865972,243.838757,417.189207,300.705405,281.065213
2016-11-14,354.547804,259.355614,242.426983,418.779798,298.964843,279.438334
2016-11-15,354.508527,259.978697,243.009396,418.733857,299.682135,280.108776
2016-11-16,354.479587,260.002338,243.031494,418.700166,299.709310,280.134177
2016-11-17,355.197933,259.834343,242.874464,419.547529,299.516116,279.953601
2016-11-18,353.225840,258.694316,241.808849,417.218813,298.201942,278.725260
2016-11-21,355.670284,259.761424,242.806305,420.105971,299.431229,279.874258
2016-11-22,358.486822,260.167201,243.185596,423.433145,299.897932,280.310479
2016-11-23,359.145220,262.523975,245.388539,424.210064,302.613460,282.848646
2016-11-24,360.593282,263.964122,246.734685,425.921124,304.275264,284.401911
2016-11-25,363.958656,265.656228,248.316344,429.895560,306.224579,286.223910
2016-11-28,365.382946,265.531411,248.199674,431.586201,306.079949,286.088725
2016-11-29,368.376227,269.041636,251.480780,435.121642,310.128493,289.872844
2016-11-30,365.684755,266.186488,248.811992,431.942502,306.838223,286.797474
2016-12-01,368.479587,267.677861,250.206021,435.243132,308.554817,288.401950
2016-12-02,364.749354,265.704305,248.361283,430.837868,306.280966,286.276613
2016-12-05,358.595349,263.416458,246.222768,423.567906,303.643121,283.811056
2016-12-06,357.534884,263.945459,246.717240,422.316260,304.252079,284.380240
2016-12-07,359.250646,264.070093,246.833739,424.350951,304.394418,284.513283
2016-12-08,358.670801,266.053260,248.687461,423.666936,306.682644,286.652057
2016-12-09,361.105943,267.427278,249.971794,426.542863,308.266335,288.132311
2016-12-12,352.370026,263.294501,246.108771,416.224439,303.503723,283.680762
2016-12-13,351.942119,262.736102,245.586820,415.727251,302.876596,283.094596
2016-12-14,349.245478,261.520212,244.450293,412.541985,301.477539,281.786916
2016-12-15,345.264083,256.037688,239.325624,407.839634,295.157496,275.879658
2016-12-16,345.842894,256.360340,239.627216,408.522629,295.527167,276.225185
2016-12-19,344.080620,255.766204,239.071861,406.441997,294.843683,275.586342
2016-12-20,342.021705,253.989174,237.410821,404.009147,292.796081,273.672477
2016-12-21,345.068734,254.937519,238.297265,407.607886,293.887835,274.692924
2016-12-22,344.772093,253.843859,237.274991,407.258731,292.627343,273.514759
2016-12-23,341.870801,251.238057,234.839274,403.830487,289.624320,270.707875
2016-12-26,343.400517,251.954574,235.509023,405.637513,290.448402,271.478133
2016-12-27,342.779328,251.786181,235.351622,404.903472,290.253822,271.296262
2016-12-28,341.280620,251.105252,234.715138,403.133199,289.467747,270.561528
2016-12-29,340.853747,251.248475,234.849012,402.629886,289.634781,270.717652
2016-12-30,342.127132,253.744563,237.182176,404.133700,292.511142,273.406148
2017-01-03,345.450129,256.042086,239.329736,408.058111,295.158058,275.880184
2017-01-04,348.145736,259.575446,242.632467,411.243377,299.226650,279.683041
2017-01-05,348.091990,258.993340,242.088355,411.179059,298.554802,279.055074
2017-01-06,346.012403,257.446291,240.642285,408.722729,296.770063,277.386903
2017-01-09,347.689922,257.965852,241.127934,410.704332,297.368759,277.946496
2017-01-10,347.108010,257.958282,241.120858,410.017254,297.361843,277.940031
2017-01-11,344.651163,255.866943,239.166024,407.114782,294.952197,275.687769
2017-01-12,342.906460,255.035934,238.389256,405.054568,293.993930,274.792089
2017-01-13,343.143152,255.607420,238.923440,405.334300,294.651634,275.406836
2017-01-16,343.095607,256.959891,240.187634,405.277128,296.210356,276.863753
2017-01-17,343.809819,258.124578,241.276299,406.120407,297.551756,278.117540
2017-01-18,345.154522,260.813723,243.789918,407.708957,300.652884,281.016122
2017-01-19,344.112661,260.199948,243.216206,406.478750,299.945534,280.354972
2017-01-20,346.758656,261.568069,244.495027,409.604802,301.523158,281.829555
2017-01-23,347.708527,261.562880,244.490177,410.726792,301.518275,281.824991
2017-01-24,347.746770,262.447911,245.317440,410.771712,302.540805,282.780736
2017-01-25,348.930233,263.071399,245.900231,412.170371,303.257765,283.450869
2017-01-26,350.176744,263.245618,246.063079,413.642536,303.457411,283.637475
2017-02-03,347.750904,261.834242,244.743826,410.776817,301.829217,282.115625
2017-02-06,348.652196,262.356866,245.232337,411.840614,302.431010,282.678112
2017-02-07,347.873902,262.205747,245.091083,410.922808,302.257203,282.515657
2017-02-08,349.694057,262.876118,245.717697,413.071842,303.029712,283.237711
2017-02-09,351.037726,263.425684,246.231392,414.659371,303.661744,283.828462
2017-02-10,352.815504,263.984555,246.753784,416.758379,304.305286,284.429972
2017-02-13,355.171059,266.633174,249.229523,419.541403,307.357321,287.282668
2017-02-14,355.121447,266.127554,248.756906,419.483211,306.775269,286.738631
2017-02-15,353.665116,265.623111,248.285388,417.762963,306.193802,286.195143
2017-02-16,355.651680,266.478292,249.084750,420.110055,307.178091,287.115144
2017-02-17,353.637209,266.259101,248.879867,417.730294,306.923940,286.877592
2017-02-20,358.800000,271.739291,254.002354,423.828241,313.239833,292.780971
2017-02-21,359.981395,271.397699,253.683058,425.223836,312.846373,292.413209
2017-02-22,360.698708,272.719015,254.918129,426.071199,314.367073,293.834587
2017-02-23,358.999483,272.017769,254.262655,424.064073,313.560194,293.080408
2017-02-24,359.054264,271.668789,253.936454,424.128391,313.157205,292.703739
2017-02-27,356.198450,269.250130,251.675665,420.755276,310.368971,290.097615
2017-02-28,356.879587,269.292626,251.715387,421.559759,310.417327,290.142813
2017-03-01,357.461499,269.316282,251.737500,422.246838,310.445048,290.168724
2017-03-02,355.049096,267.924682,250.436731,419.397454,308.840101,288.668601
2017-03-03,354.300775,267.852703,250.369451,418.514359,308.757363,288.591268
2017-03-06,356.225323,268.898238,251.346742,420.809384,309.996467,289.749441
2017-03-07,356.998450,271.064184,253.371313,421.721065,312.490273,292.080367
2017-03-08,356.457881,270.316852,252.672761,421.084011,311.628301,291.274694
2017-03-09,354.205685,268.472320,250.948624,418.423497,309.502913,289.288123
2017-03-10,354.303876,269.560762,251.966021,418.538861,310.757645,290.460904
2017-03-13,357.426357,271.867679,254.122362,422.227440,313.416458,292.946059
2017-03-14,357.280620,271.428164,253.711534,422.055926,312.909991,292.472672
2017-03-15,357.998966,271.945746,254.195333,422.912477,313.506844,293.030542
2017-03-16,359.845995,272.166372,254.401558,425.094180,313.760302,293.267446
2017-03-17,356.156072,269.897214,251.835048,420.734857,311.144858,290.309364
2017-03-20,356.548837,271.907990,253.711258,421.199375,313.462935,292.472213
2017-03-21,358.279070,275.456386,257.022187,423.243254,317.553623,296.288973
2017-03-22,356.594315,274.992423,256.589273,421.253484,317.018753,295.789920
2017-03-23,357.827390,275.682597,257.233259,422.709314,317.814404,296.532291
2017-03-24,360.682171,277.920465,259.321364,426.082429,320.394280,298.939408
2017-03-27,359.487339,275.946628,257.479621,424.670499,318.118787,296.816292
2017-03-28,358.636693,275.176455,256.760989,423.665915,317.230910,295.987870
2017-03-29,358.159173,274.993800,256.590558,423.179957,317.020341,295.791401
2017-03-30,355.220672,273.735922,255.416861,419.707813,315.570225,294.438391
2017-03-31,357.214470,275.938114,257.471676,422.063072,318.108971,296.807133
2017-04-05,362.159173,278.931866,260.265080,427.905790,321.560251,300.027301
2017-04-06,363.209302,280.395692,261.630943,429.146206,323.247790,301.601836
2017-04-07,363.561757,280.184747,261.434114,429.571929,323.004606,301.374936
2017-04-10,362.288372,278.786968,260.129879,428.078325,321.393209,299.871445
2017-04-11,363.548320,278.804894,260.146605,429.591326,321.413874,299.890726
2017-04-12,362.732817,278.154416,259.539658,428.627579,320.663985,299.191052
2017-04-13,363.263049,278.315852,259.690290,429.254423,320.850092,299.364698
2017-04-14,360.361757,276.785630,258.262474,425.827199,319.086011,297.718746
2017-04-17,359.683721,276.932835,258.399829,425.024757,319.255714,297.877085
2017-04-18,357.905943,277.499018,258.928121,422.929832,319.908425,298.486088
2017-04-19,356.163307,276.834566,258.308136,420.875744,319.154583,297.782726
2017-04-20,357.782946,280.357455,261.595264,422.789966,323.216564,301.572701
2017-04-21,358.324548,280.408277,261.642686,423.434166,323.273867,301.626167
2017-04-24,354.652196,278.091805,259.481237,419.097304,320.603341,299.134470
2017-04-25,355.655814,280.333377,261.572798,420.288716,323.187529,301.545610
2017-04-26,356.090956,279.316637,260.624100,420.807342,322.014640,300.451263
2017-04-27,356.250129,279.390948,260.693438,420.995191,322.100548,300.531417
2017-04-28,355.529716,278.069176,259.460123,420.154975,320.577055,299.109944
2017-05-02,354.168475,276.972574,258.436908,418.546008,319.313028,297.930561
2017-05-03,352.778295,277.151980,258.604308,416.908454,319.519914,298.123593
2017-05-04,351.874935,276.750765,258.229943,415.840573,319.057367,297.692020
2017-05-05,349.617571,276.099793,257.622535,413.174955,318.306893,296.991801
2017-05-08,347.163824,274.869545,256.474619,410.275546,316.888239,295.668146
2017-05-09,346.514729,274.332328,255.973353,409.667078,316.414955,295.226555
2017-05-10,344.981912,275.380081,256.950988,408.078529,318.016890,296.721218
2017-05-11,346.940568,277.824596,259.231910,410.454207,320.844256,299.359252
2017-05-12,349.910078,281.400970,262.568945,414.073363,325.181027,303.405616
2017-05-15,351.337468,283.316839,264.356599,415.808925,327.475809,305.546730
2017-05-16,354.382429,284.991858,265.919522,419.460751,329.585771,307.515400
2017-05-17,352.451680,281.767286,262.910747,417.180019,325.842945,304.023209
2017-05-18,351.225840,281.337697,262.509907,415.782381,325.430183,303.638087
2017-05-19,351.819121,282.857424,263.927929,416.498045,327.199797,305.289200
2017-05-22,352.582946,285.443646,266.341076,417.436269,330.210942,308.098708
2017-05-23,353.921447,289.832033,270.435781,419.037070,335.287310,312.835142
2017-05-24,353.919380,289.171983,269.819904,419.052383,334.516666,312.116103
2017-05-25,360.274935,293.801632,274.139725,426.697022,339.938977,317.175315
2017-05-26,359.734367,293.086472,273.472425,426.099785,339.109330,316.401224
2017-05-31,361.021189,293.737541,274.079923,427.642393,339.881495,317.121682
2017-06-01,361.523514,296.648340,276.795924,428.262090,343.254473,320.268792
2017-06-02,360.362791,294.588432,274.873870,426.895080,340.873583,318.047336
2017-06-05,358.527132,292.077314,272.530802,424.845076,338.000415,315.366567
2017-06-06,361.021189,294.868596,275.135285,427.825137,341.261693,318.409457
2017-06-07,365.257881,298.888072,278.885768,432.929730,345.926776,322.762147
2017-06-08,368.059948,301.829942,281.630761,436.296720,349.350715,325.956805
2017-06-09,369.629974,304.259137,283.897389,438.337536,352.170852,328.588095
2017-06-12,369.445995,306.023019,285.543227,438.137436,354.233042,330.512193
2017-06-13,370.260465,305.861744,285.392745,439.157334,354.042220,330.334149
2017-06-14,365.405685,300.248822,280.155453,434.235485,348.753576,325.399653
2017-06-15,364.732817,298.018555,278.074442,433.499403,346.161337,322.981001
2017-06-16,363.696124,295.945055,276.139705,432.822534,345.086068,321.977736
2017-06-19,367.304393,299.042621,279.029975,437.173689,348.778966,325.423343
2017-06-20,366.562274,297.933913,277.995464,436.294678,347.488399,324.219198
2017-06-21,370.848579,302.581448,282.331975,441.460526,353.049031,329.407468
2017-06-22,371.094574,304.244987,283.884186,441.833161,355.035100,331.260541
2017-06-23,374.457881,306.952719,286.410710,445.845372,358.219336,334.231549
2017-06-26,379.130749,310.348871,289.579584,451.437964,362.195597,337.941543
2017-06-27,379.816021,311.801511,290.935009,452.254699,363.923649,339.553878
2017-06-28,376.865116,309.201607,288.509097,448.748864,360.867966,336.702815
2017-06-29,379.207235,311.121290,290.300311,451.711570,363.236490,338.912734
2017-06-30,378.997416,310.591367,289.805851,451.563537,362.828866,338.532406
2017-07-03,377.348837,307.365763,286.796112,449.600310,359.050459,335.007017
2017-07-04,374.158140,304.407738,284.036045,445.862727,355.581937,331.770760
2017-07-05,378.261499,309.643774,288.921673,451.250115,361.714382,337.492552
2017-07-06,378.304910,310.014384,289.267481,451.529847,362.168482,337.916244
2017-07-07,377.873902,307.490037,286.912069,451.499219,359.703733,335.616544
2017-07-10,377.642377,308.418958,287.778825,451.546181,360.778401,336.619248
2017-07-11,379.411886,311.950384,291.073919,454.185256,365.294691,340.833109
2017-07-12,378.172610,309.836373,289.101383,452.875417,363.075040,338.762095
2017-07-13,381.077003,313.011850,292.064350,456.717134,366.774541,342.213863
2017-07-14,382.748320,315.287694,294.187888,459.209196,369.497406,344.754394
2017-07-17,378.662532,315.113250,294.025119,454.322059,369.284230,344.555494
2017-07-18,379.036693,314.782630,293.716624,454.929506,368.980462,344.272067
2017-07-19,385.503876,317.952790,296.674630,462.823248,373.563382,348.548096
2017-07-20,387.377778,319.875238,298.468423,465.105001,375.837792,350.670203
2017-07-21,385.385013,318.586398,297.265835,462.838562,374.352808,349.284659
2017-07-24,386.921964,319.928887,298.518482,464.722157,376.215975,351.023061
2017-07-25,384.450646,318.662545,297.336886,461.783953,374.731613,349.638098
2017-07-26,382.986047,316.279637,295.113449,460.049412,371.907154,347.002776
2017-07-27,383.688889,315.777894,294.645283,460.994783,371.401479,346.530963
2017-07-28,384.691473,317.039335,295.822305,462.202530,372.882278,347.912602
2017-07-31,386.343152,317.758445,296.493291,464.187196,373.703298,348.678643
2017-08-01,389.703359,321.484499,299.969989,468.258619,378.084385,352.766355
2017-08-02,388.718346,319.990671,298.576131,467.222387,376.526424,351.312721
2017-08-03,385.305426,315.322716,294.220567,463.125440,371.002296,346.158511
2017-08-04,383.212403,313.748234,292.751453,460.671152,369.143220,344.423926
2017-08-07,385.197933,316.063892,294.912141,463.058060,371.869383,346.967534
2017-08-08,385.758140,315.709218,294.581203,463.849272,371.524795,346.646021
2017-08-09,385.637209,317.016469,295.800970,463.722678,373.088656,348.105160
2017-08-10,384.074419,316.694945,295.500963,461.869710,372.719862,347.761062
2017-08-11,376.987080,310.975723,290.164485,453.434881,365.994693,341.486237
2017-08-14,381.879070,315.048074,293.964305,459.331707,370.794074,345.964232
2017-08-15,383.055297,316.175651,295.016422,460.745679,372.139727,347.219775
2017-08-16,382.575711,314.802769,293.735416,460.177027,370.506116,345.695557
2017-08-17,384.628424,315.309913,294.208620,462.645609,371.098985,346.248725
2017-08-18,384.978811,315.727892,294.598628,463.217323,371.594353,346.710921
2017-08-21,386.665633,317.534686,296.284506,465.246909,373.700488,348.676021
2017-08-22,387.834625,320.267687,298.834608,466.652714,376.916916,351.677064
2017-08-23,388.226357,321.499497,299.983983,467.124379,378.385757,353.047546
2017-08-24,386.010336,320.236181,298.805211,464.492450,376.931383,351.690563
2017-08-25,392.325581,325.099965,303.343499,472.159549,382.670459,357.045327
2017-08-28,397.179328,326.993529,305.110341,478.000225,384.893004,359.119042
2017-08-29,396.334884,326.303631,304.466612,477.218201,384.069918,358.351073
2017-08-30,396.310078,325.950191,304.136825,477.189615,383.642463,357.952242
2017-08-31,395.048062,323.786723,302.118142,475.669467,381.091534,355.572134
2017-09-01,395.921447,323.465936,301.818823,476.721014,380.709681,355.215851
2017-09-04,397.480103,324.991696,303.242475,478.836357,382.726923,357.098011
2017-09-05,398.661499,325.286829,303.517858,480.259518,383.105203,357.450959
2017-09-06,397.875969,323.735493,302.070341,479.313126,381.270211,355.738846
2017-09-07,395.852196,321.301421,299.799163,476.875172,378.406186,353.066607
2017-09-08,395.451163,320.351224,298.912555,476.392278,377.286745,352.022128
2017-09-11,395.416021,319.206033,297.844003,476.349399,375.945247,350.770462
2017-09-12,396.685271,321.744352,300.212452,477.879756,378.933216,353.558345
2017-09-13,397.168992,322.588066,300.999703,478.461680,379.912939,354.472461
2017-09-14,395.861499,320.598035,299.142849,476.886402,377.571514,352.287828
2017-09-15,396.000000,320.575973,298.698569,477.068126,377.561039,351.777968
2017-09-18,397.223773,320.725508,298.837899,478.543353,377.737156,351.942057
2017-09-19,396.084755,320.676131,298.791892,477.170218,377.679002,351.887875
2017-09-20,397.151421,320.423166,298.556191,478.501496,377.731386,351.936682
2017-09-21,396.673902,322.275925,300.282509,477.925698,379.914089,353.970331
2017-09-22,396.664599,322.993228,300.950861,477.915488,380.761302,354.759689
2017-09-25,394.603618,324.146746,302.025658,475.432614,382.122872,356.028280
2017-09-26,394.912661,324.520863,302.374244,475.928781,382.565294,356.440489
2017-09-27,394.956072,324.096324,301.978677,475.980848,382.062886,355.972390
2017-09-28,395.094574,325.121358,302.933759,476.148278,383.268927,357.096072
2017-09-29,396.537468,325.248285,303.052023,477.886903,383.418416,357.235353
2017-10-09,401.262016,329.062348,306.605800,483.580566,387.908658,361.418963
2017-10-10,402.052713,329.287081,306.815196,484.534104,388.172137,361.664449
2017-10-11,403.378811,331.924590,309.272711,486.131841,391.279087,364.559230
2017-10-12,404.439276,333.766151,310.988596,487.410032,393.445597,366.577793
2017-10-13,405.271318,334.476342,311.650321,488.412574,394.281430,367.356548
2017-10-16,404.490956,336.073356,313.138348,487.472308,396.162326,369.109000
2017-10-17,404.451680,336.131034,313.192090,487.424324,396.230858,369.172852
2017-10-18,407.665116,340.122904,316.911539,491.297690,400.937123,373.557734
2017-10-19,406.330749,341.838400,318.509962,489.689743,402.958764,375.441320
2017-10-20,405.875969,339.298591,316.143480,489.173158,399.991214,372.676419
2017-10-23,406.284238,339.204729,316.056024,489.665241,399.880213,372.572998
2017-10-24,409.240310,341.479030,318.175117,493.231310,402.571245,375.080264
2017-10-25,411.054264,343.260451,319.834967,495.417096,404.669359,377.035101
2017-10-26,412.773127,345.903681,322.297811,497.488540,407.782289,379.935454
2017-10-27,415.707494,353.194037,329.090645,501.028065,416.367131,387.934050
2017-10-30,414.441344,353.228573,329.122824,499.502813,416.415312,387.978941
2017-10-31,414.131266,352.597950,328.535237,499.128135,415.672566,387.286916
2017-11-01,413.087339,352.495802,328.440060,497.870364,415.561569,387.183499
2017-11-02,413.140052,352.803392,328.726659,497.934682,415.924066,387.521242
2017-11-03,412.682171,354.084127,329.919991,497.382365,417.433003,388.927135
2017-11-06,415.595866,357.396035,333.005881,500.894325,421.338627,392.566050
2017-11-07,419.043928,359.494740,334.961362,505.049464,423.815672,394.873941
2017-11-08,418.398966,357.565140,333.163445,504.271524,421.538423,392.752202
2017-11-09,421.281654,361.062869,336.422476,507.746731,425.659103,396.591487
2017-11-10,425.003618,365.257641,340.330979,512.232647,430.592483,401.187975
2017-11-13,426.673902,368.747303,343.582492,514.245898,434.704487,405.019176
2017-11-14,423.705426,366.317151,341.318184,510.667579,431.838904,402.349279
2017-11-15,421.051163,365.051505,340.138911,507.469041,430.339816,400.952561
2017-11-16,424.290439,370.338671,345.065259,511.373033,436.565709,406.753297
2017-11-17,425.927649,372.301911,346.894520,513.346469,438.882648,408.912016
2017-11-20,428.302842,374.922581,349.336345,516.211167,441.968881,411.787495
2017-11-21,435.937984,379.355890,353.467106,525.413727,447.191327,416.653309
2017-11-22,436.958140,379.589168,353.684465,526.641892,447.479081,416.921412
2017-11-23,424.020672,367.419168,342.344994,511.049402,433.140867,403.562333
2017-11-24,424.206718,366.093081,341.109405,511.277067,431.579973,402.108030
2017-11-27,418.599483,360.416826,335.820521,504.517565,424.893167,395.877855
2017-11-28,419.206202,361.894139,337.197016,505.249564,426.623894,397.490394
2017-11-29,418.992248,361.326853,336.668444,504.992292,425.957920,396.869899
2017-11-30,414.067183,356.840168,332.487949,499.055650,420.672505,391.945417
2017-12-01,413.244444,354.162634,329.993141,498.063317,417.518585,389.006873
2017-12-04,415.386047,358.096688,333.658718,500.645221,422.151062,393.323005
2017-12-05,417.588630,361.516963,336.845581,503.299609,426.185136,397.081599
2017-12-06,415.071835,357.367939,332.979702,500.267481,421.298467,392.528633
2017-12-07,410.445478,351.776311,327.769670,494.691223,414.711296,386.391290
2017-12-08,413.786047,356.017654,331.721566,498.717726,419.704209,391.043244
2017-12-11,420.620155,363.222864,338.435063,506.954498,428.190864,398.950359
2017-12-12,415.092506,358.774252,334.290043,500.291983,422.951170,394.068475
2017-12-13,418.613953,362.615339,337.868998,504.536962,427.474559,398.282969
2017-12-14,416.139535,360.496043,335.894331,501.554859,424.974254,395.953405
2017-12-15,411.458398,355.582565,331.316170,495.912242,419.184866,390.559366
2017-12-18,411.916279,358.852197,334.362669,496.464559,423.037472,394.148883
2017-12-19,417.088372,364.067224,339.221801,502.698288,429.181494,399.873340
2017-12-20,416.588114,365.340097,340.407808,502.094925,430.680640,401.270111
2017-12-21,420.449612,368.573700,343.420737,506.749293,434.490056,404.819388
2017-12-22,419.080103,367.405628,342.332378,505.098468,433.118075,403.541098
2017-12-25,417.730233,367.827049,342.725041,503.472144,433.614493,404.003616
2017-12-26,418.978811,368.480090,343.333515,504.976978,434.386672,404.723064
2017-12-27,412.528165,361.117352,336.473241,497.201662,425.717201,396.645618
2017-12-28,415.390181,367.018748,341.971901,500.651346,432.672851,403.126277
2017-12-29,416.625323,366.515720,341.503202,502.140866,432.077440,402.571526
2018-01-02,422.470284,372.317169,346.908736,509.185205,438.926096,408.952497
2018-01-03,424.949871,373.325528,347.848281,512.173434,440.119356,410.064271
2018-01-04,426.750388,376.155460,350.485087,514.343907,443.478345,413.193881
2018-01-05,427.777778,377.467286,351.707388,515.581260,445.032734,414.642122
2018-01-08,429.990698,378.879467,353.023196,518.248920,446.697303,416.193020
2018-01-09,433.002584,384.020663,357.813537,521.878286,452.748989,421.831446
2018-01-10,434.915762,387.482494,361.039118,524.185562,456.835401,425.638803
2018-01-11,434.686305,387.472743,361.030032,523.907872,456.818668,425.623213
2018-01-12,436.692506,392.166582,365.403545,526.326429,462.350810,430.777574
2018-01-15,436.717313,395.739991,368.733090,526.356035,466.567393,434.706212
2018-01-16,440.151938,396.075915,369.046090,530.495860,466.954183,435.066589
2018-01-17,439.082171,393.201776,366.368093,529.205419,463.564373,431.908264
2018-01-18,441.490439,398.474003,371.280522,532.108912,469.772096,437.692071
2018-01-19,442.935401,399.994216,372.696990,533.849578,471.564621,439.362187
2018-01-22,448.227390,406.197885,378.477295,540.228277,478.863635,446.162762
2018-01-23,452.982946,411.058073,383.005804,545.960735,484.596066,451.503734
2018-01-24,453.735401,407.949246,380.109136,546.866290,480.950774,448.107374
2018-01-25,451.171059,406.855665,379.090185,543.775970,479.658579,446.903421
2018-01-26,452.847545,409.265790,381.335834,545.885187,482.504892,449.555363
2018-01-29,444.653230,401.742892,374.326329,536.006779,473.648218,441.303498
2018-01-30,439.906977,397.379121,370.260359,530.286572,468.494180,436.501422
2018-01-31,441.953488,403.571801,376.030426,532.753111,475.779303,443.289055
2018-02-01,438.852713,404.424152,376.824609,529.014507,476.787556,444.228456
2018-02-02,441.470801,407.962743,380.121712,532.171188,480.979294,448.133946
2018-02-05,441.772610,408.683427,380.793214,532.534635,481.833700,448.930006
2018-02-06,428.825840,399.050474,371.817652,516.927852,470.473683,438.345747
2018-02-07,418.656331,384.465236,358.227770,504.668661,453.278415,422.324718
2018-02-08,414.682171,377.853796,352.067521,499.880553,445.466105,415.045899
2018-02-09,396.966408,363.710924,338.889817,478.525998,428.786027,399.504879
2018-02-12,402.077519,367.052269,342.003135,484.687242,432.717232,403.167627
2018-02-13,406.783463,373.521660,348.031028,490.360486,440.339549,410.269428
2018-02-14,410.021705,377.803352,352.020520,494.263458,445.380938,414.966548
2018-02-22,418.886822,386.780256,360.384803,504.950434,455.965470,424.828278
2018-02-23,420.784496,388.892592,362.352985,507.237292,458.459098,427.151620
2018-02-26,425.676486,392.205891,365.440171,513.134118,462.365133,430.790918
2018-02-27,419.532817,383.374683,357.211641,505.728374,451.958732,421.095155
2018-02-28,415.880103,377.747200,351.968200,501.325152,445.321952,414.911590
2018-03-01,418.510594,380.391929,354.432442,504.496126,448.435563,417.812577
2018-03-02,415.137984,376.243839,350.567435,500.430828,443.545794,413.256724
2018-03-05,415.307494,374.765159,349.189665,500.635011,441.807464,411.637101
2018-03-06,420.316279,377.647704,351.875494,506.673745,445.208156,414.805565
2018-03-07,417.224806,375.628270,349.993874,502.946371,442.827468,412.587451
2018-03-08,421.457364,379.010331,353.145130,508.048922,446.811343,416.299273
2018-03-09,424.689406,381.028338,355.025419,511.943727,449.184674,418.510533
2018-03-12,426.632558,381.989858,355.921322,514.286735,450.321698,419.569911
2018-03-13,422.868217,379.321705,353.435254,509.749773,447.173813,416.636991
2018-03-14,421.017054,378.946057,353.085242,507.518045,446.734190,416.227389
2018-03-15,423.375711,383.643536,357.462146,510.361303,452.267039,421.382408
2018-03-16,419.268217,379.314715,353.041608,505.409848,447.168291,416.175024
2018-03-19,421.111111,382.429002,355.940185,507.630346,450.839677,419.591946
2018-03-20,421.467700,382.923444,356.400380,508.061173,451.422567,420.134435
2018-03-21,419.746770,381.786074,355.341790,505.986667,450.081739,418.886541
2018-03-22,415.540052,376.407359,350.335629,500.915764,443.740854,412.985143
2018-03-23,403.611370,367.827932,342.350454,486.535104,433.626700,403.572001
2018-03-26,401.022222,361.384099,336.352950,483.415177,426.030163,396.501981
2018-03-27,404.472351,361.958497,336.887563,487.573379,426.707312,397.132197
2018-03-28,397.180362,353.708139,329.208664,478.783269,416.981093,388.080103
2018-03-29,402.485788,360.282186,335.327361,485.179324,424.731135,395.292989
2018-03-30,402.945736,358.848203,333.992703,485.741851,423.040635,393.719658
2018-04-02,401.748837,355.165083,330.564693,484.299293,418.698662,389.678627
2018-04-03,399.222739,354.222826,329.687701,481.253892,417.587849,388.644805
2018-04-04,398.435142,354.762041,330.189567,480.304438,418.223521,389.236418
2018-04-09,398.235659,353.699452,329.200578,480.063501,416.970852,388.070571
2018-04-10,405.909044,363.809027,338.609917,489.314045,428.888874,399.162555
2018-04-11,407.063566,365.562764,340.242181,490.706578,430.956327,401.086713
2018-04-12,402.960207,360.162758,335.216205,485.758185,424.590343,395.161955
2018-04-13,400.117829,356.650544,331.947264,482.333003,420.449848,391.308439
2018-04-16,393.680620,348.528136,324.387452,474.575043,410.874467,382.396728
2018-04-17,387.456331,341.869280,318.189819,467.072312,403.024443,375.090790
2018-04-18,389.279587,342.952510,319.198019,469.273412,404.301447,376.279284
2018-04-19,393.988630,349.288754,325.095386,474.949720,411.771148,383.231259
2018-04-20,388.718346,346.910331,322.881704,468.596543,408.967262,380.621711
2018-04-23,389.284755,349.511646,325.302839,469.278517,412.033911,383.475811
2018-04-24,397.259948,356.762296,332.051276,478.892507,420.581592,391.431051
2018-04-25,395.731266,355.016700,330.426588,477.060979,418.523735,389.515824
2018-04-26,388.164341,346.796784,322.776021,467.939072,408.833402,380.497129
2018-04-27,388.308010,345.312052,321.394128,468.158569,407.083074,378.868116
2018-05-02,389.007752,347.906763,323.809118,469.008994,410.141939,381.714971
2018-05-03,392.041344,349.894971,325.659614,472.666946,412.485808,383.896386
2018-05-04,390.139535,347.408547,323.345410,470.688405,409.923572,381.511739
2018-05-07,396.298708,354.013358,329.492742,478.134986,417.719270,388.767117
2018-05-08,400.897158,359.276819,334.391630,483.682658,423.935113,394.552140
2018-05-09,400.167442,358.937870,334.076159,482.881237,423.573184,394.215296
2018-05-10,402.383463,361.833987,336.771677,485.584629,426.991485,397.396674
2018-05-11,400.293540,361.228698,336.208313,483.077253,426.286383,396.740443
2018-05-14,404.060982,367.177482,341.745057,487.628508,433.315290,403.282175
2018-05-15,405.591731,367.775033,342.301219,489.490664,434.049040,403.965069
2018-05-16,402.360724,363.972668,338.762224,485.610152,429.560789,399.787899
2018-05-17,399.385013,360.452727,335.486090,482.041021,425.401102,395.916520
2018-05-18,403.417054,364.673379,339.414399,486.917949,430.383247,400.553352
2018-05-21,405.296124,365.204188,339.908442,489.226246,431.054687,401.178255
2018-05-22,403.742636,363.381469,338.211974,487.437596,429.115277,399.373266
2018-05-23,398.406202,357.449013,332.690427,480.995600,422.110122,392.853638
2018-05-24,395.578295,353.505646,329.020196,477.596962,417.463068,388.528673
2018-05-25,394.470284,352.527789,328.110070,476.571959,418.072706,389.096056
2018-05-28,396.202584,356.305405,331.626031,478.674031,422.526881,393.241512
2018-05-29,393.179328,353.599823,329.107850,475.094690,419.408771,390.339519
2018-05-30,384.844444,347.902380,323.805039,465.041705,412.666892,384.064919
2018-05-31,393.010853,356.927115,332.204678,474.994640,423.399865,394.053990
2018-06-01,389.725065,353.804513,329.298363,471.064103,419.714412,390.623975
2018-06-04,393.548320,361.340716,336.312573,475.687844,428.643727,398.934398
2018-06-05,397.449096,365.684064,340.355080,480.601525,433.781787,403.716339
2018-06-06,396.625323,364.284596,339.052546,479.616339,432.126518,402.175797
2018-06-07,395.970026,363.949005,338.740199,479.487703,432.431339,402.459491
2018-06-08,390.658398,359.689478,334.775707,473.403028,427.577728,397.942285
2018-06-11,390.695607,361.036779,336.029687,473.468367,429.199163,399.451337
2018-06-12,395.447028,366.774836,341.370300,479.235536,435.986951,405.768664
2018-06-13,391.559690,364.342663,339.106591,474.571980,433.106555,403.087908
2018-06-14,390.012403,362.343470,337.245871,472.721054,430.782198,400.924652
2018-06-15,387.951421,362.581496,337.467410,471.028371,431.888754,401.954512
2018-06-19,374.275969,354.217690,329.682920,454.480301,422.021686,392.771332
2018-06-20,375.756072,356.750935,332.040701,456.378189,425.210639,395.739259
2018-06-21,371.366408,355.147501,330.548329,451.120458,423.306759,393.967336
2018-06-22,373.012920,355.978631,331.321891,453.420588,424.485324,395.064215
2018-06-25,368.008269,351.379929,327.041716,447.372666,418.990909,389.950619
2018-06-26,364.972610,345.973576,322.009832,443.739217,412.624040,384.025038
2018-06-27,357.546253,335.589971,312.345444,434.761258,400.254559,372.512886
2018-06-28,353.853230,329.383940,306.569272,430.403977,393.148371,365.899229
2018-06-29,362.891990,339.119825,315.630804,441.781095,404.754758,376.701176
2018-07-02,352.243928,327.051773,304.398641,428.835846,390.328895,363.275170
2018-07-03,352.380362,324.523938,302.045896,429.049218,387.341358,360.494700
2018-07-04,347.674419,320.368363,298.178156,423.393329,382.427797,355.921698
2018-07-05,345.471835,321.640632,299.362302,420.900246,384.017745,357.401447
2018-07-06,347.816021,324.848603,302.348074,423.971169,388.142625,361.240431
2018-07-09,357.537984,336.825490,313.495386,435.922043,402.442556,374.549233
2018-07-10,358.400000,337.344276,313.978238,437.202275,403.246273,375.297245
2018-07-11,352.199483,333.215367,310.135316,429.713837,398.296529,370.690567
2018-07-12,359.799483,340.239129,316.672580,439.685149,407.557777,379.309917
2018-07-13,361.001550,339.776526,316.242019,441.637145,409.759179,381.358741
2018-07-16,358.872351,336.729418,313.405968,439.540178,406.220657,378.065474
2018-07-17,356.525065,333.742308,310.625759,437.192065,402.789846,374.872452
2018-07-18,354.658398,331.712585,308.736624,434.993007,400.346547,372.598499
2018-07-19,354.350388,331.381294,308.428280,434.641811,399.940226,372.220340
2018-07-20,361.022222,338.994834,315.514471,442.857143,409.232605,380.868663
2018-07-23,364.418605,340.466081,316.883812,447.052097,411.089011,382.596401
2018-07-24,370.202584,345.074532,321.173060,454.155649,416.621542,387.745472
2018-07-25,369.793282,345.152943,321.246040,453.670713,416.729037,387.845517
2018-07-26,365.503876,340.601257,317.009625,448.424212,411.246613,382.743080
2018-07-27,363.951421,339.377389,315.870528,446.671295,409.782702,381.380633
2018-07-30,363.315762,338.740301,315.277568,445.901522,409.079371,380.726049
2018-07-31,363.582429,339.454465,315.942265,446.281304,409.998933,381.581877
2018-08-01,356.319380,331.962930,308.969629,437.445253,400.959398,373.168873
2018-08-02,348.419638,323.608232,301.193617,427.748568,390.871826,363.780471
2018-08-03,342.664599,317.690244,295.685536,420.710355,383.854183,357.249222
2018-08-06,338.322481,314.636212,292.843041,415.383202,380.254143,353.898700
2018-08-07,348.203618,323.248043,300.858376,427.544384,390.639517,363.564263
2018-08-08,342.585013,317.478547,295.488502,420.848179,383.695088,357.101153
2018-08-09,351.165891,326.710369,304.080885,431.433063,394.773925,367.412115
2018-08-10,351.940052,326.921880,304.277745,432.402936,394.980311,367.604197
2018-08-13,350.422739,323.646778,301.229492,430.558136,390.987987,363.888581
2018-08-14,348.621189,321.837501,299.545534,428.344785,388.821481,361.872235
2018-08-15,340.256331,313.270140,291.571589,418.128452,378.500621,352.266715
2018-08-16,338.680103,311.902810,290.298967,416.194832,376.874667,350.753456
2018-08-17,333.810853,307.453557,286.157890,410.280651,371.540581,345.789076
2018-08-20,337.700258,311.892976,290.289814,415.060592,376.928913,350.803942
2018-08-21,343.839793,319.585980,297.449964,422.637850,386.141450,359.377958
2018-08-22,341.906977,318.014750,295.987565,420.291779,384.250327,357.617909
2018-08-23,343.155556,318.892940,296.804928,422.032445,385.675224,358.944046
2018-08-24,343.703359,319.126070,297.021910,422.876744,386.002603,359.248734
2018-08-27,352.100258,328.246815,305.510909,433.223755,396.961157,369.447750
2018-08-28,351.438760,326.995098,304.345892,432.422334,395.452948,368.044075
2018-08-29,350.033075,326.438548,303.827892,430.692897,394.779482,367.417287
2018-08-30,346.365891,323.183016,300.797853,426.180437,390.831058,363.742529
2018-08-31,344.651163,320.781250,298.562444,424.071219,388.001602,361.109182
2018-09-03,343.340568,319.648710,297.508349,422.458168,386.636790,359.838965
2018-09-04,347.689922,323.569017,301.157118,427.809823,391.362793,364.237409
2018-09-05,340.893023,316.434838,294.517085,419.446458,382.740960,356.213156
2018-09-06,337.248579,311.446243,289.874024,415.240273,377.098509,350.961783
2018-09-07,338.774160,314.483479,292.700886,417.118763,380.779114,354.387285
2018-09-10,333.857364,311.343811,289.778686,411.064716,377.031061,350.899011
2018-09-11,333.251680,310.693799,289.173697,410.319445,376.225254,350.149054
2018-09-12,330.958140,305.799894,284.618767,407.565007,370.349075,344.680154
2018-09-13,334.529199,308.905096,287.508888,411.962104,374.137787,348.206270
2018-09-14,335.099742,311.114341,289.565110,412.665516,376.799308,350.683321
2018-09-17,331.257881,308.286184,286.932845,407.936621,373.389311,347.509671
2018-09-18,337.925581,313.991367,292.242860,416.151954,380.279359,353.922169
2018-09-19,342.375194,319.058792,296.959292,421.631224,386.380992,359.600897
2018-09-20,342.132300,319.321044,297.203379,421.331074,386.708989,359.906160
2018-09-21,352.505426,332.935776,309.411841,434.130330,403.238910,374.725560
2018-09-25,349.333333,330.439920,307.092332,430.225317,400.216025,371.916426
2018-09-26,353.203101,336.847283,313.046976,434.990965,407.976376,379.128036
2018-09-27,351.792248,336.469141,312.695552,433.263571,407.518384,378.702429
2018-09-28,355.437726,339.662070,315.662881,437.768884,411.407816,382.316837
2018-10-08,340.144703,321.463284,298.749949,418.931915,389.365679,361.833317
2018-10-09,339.916279,321.211041,298.515529,418.651162,389.060061,361.549309
2018-10-10,339.183463,317.988050,295.520262,417.748670,385.156583,357.921849
2018-10-11,322.905426,305.415467,283.836009,397.700891,369.927644,343.769761
2018-10-12,327.724031,313.743752,291.575850,403.636512,380.015512,353.144308
2018-10-15,323.147287,309.504024,287.635684,398.000020,374.879865,348.371806
2018-10-16,320.513695,307.556884,285.826121,394.756562,372.521439,346.180147
2018-10-17,322.299742,306.813250,285.135030,396.955621,371.620501,345.342915
2018-10-18,314.665633,298.298428,277.221832,387.553981,361.305915,335.757681
2018-10-19,324.025840,308.544338,286.743805,399.081173,373.715891,347.290138
2018-10-22,338.012403,322.501245,299.714573,416.332656,390.620943,362.999820
2018-10-23,329.036693,310.335385,288.408305,405.310819,375.930278,349.347943
2018-10-24,329.529716,306.663944,284.996273,405.942767,371.523950,345.253190
2018-10-25,330.161240,303.337043,281.904438,406.737042,367.493830,341.508044
2018-10-26,328.024806,299.363416,278.211572,404.115323,362.680197,337.034787
2018-10-29,318.024806,282.231539,262.290166,391.795898,341.927403,317.749440
2018-10-30,321.473902,283.877286,263.819631,396.044961,343.921609,319.602634
2018-10-31,325.976227,292.903689,272.208264,401.597738,354.854363,329.762324
2018-11-01,328.375194,297.541800,276.518664,404.553297,360.473281,334.983924
2018-11-02,340.077519,313.765595,291.596149,418.969689,380.126245,353.247210
2018-11-05,337.244444,308.617257,286.811573,415.479168,373.889870,347.451814
2018-11-06,335.209302,306.067232,284.441722,412.972813,370.801335,344.581673
2018-11-07,333.013953,305.185903,283.622665,410.267379,369.733677,343.589509
2018-11-08,332.069251,305.200341,283.636083,409.104552,369.750294,343.604951
2018-11-09,327.383979,300.541127,279.306071,403.332278,364.106392,338.360135
2018-11-12,331.280620,302.338729,280.976661,408.132638,366.284649,340.384365
2018-11-13,334.612920,305.697505,284.098119,412.237752,370.353604,344.165601
2018-11-14,331.259948,301.058788,279.787155,408.107115,364.734891,338.944191
2018-11-15,335.128682,303.833926,282.366213,412.914621,368.096092,342.067719
2018-11-16,336.710078,303.685435,282.228213,414.863554,367.916697,341.901010
2018-11-19,340.527132,307.047240,285.352487,419.566926,371.988965,345.685324
2018-11-20,332.652196,299.927372,278.735681,409.863095,363.363422,337.669700
2018-11-21,333.487339,301.851517,280.523873,410.892181,365.692284,339.833886
2018-11-22,332.240827,300.702951,279.456461,409.355698,364.301524,338.541468
2018-11-23,324.907494,295.757099,274.860063,400.320568,358.308874,332.972563
2018-11-26,324.675969,295.653429,274.763718,400.035732,358.182575,332.855195
2018-11-27,324.262532,294.302714,273.508439,399.526294,356.546949,331.335226
2018-11-28,328.571576,298.864194,277.747623,404.836092,362.072808,336.470346
2018-11-29,324.304910,295.910442,275.002572,399.579382,358.494629,333.145183
2018-11-30,327.926615,300.277373,279.060952,404.040796,363.785014,338.061481
2018-12-03,337.049096,311.962168,289.920145,415.281110,377.939684,351.215263
2018-12-04,337.747804,312.193365,290.135007,416.141744,378.219917,351.475680
2018-12-05,336.124031,311.591555,289.575718,414.141765,377.490540,350.797878
2018-12-06,328.854780,302.187260,280.835894,405.185246,366.098970,340.211815
2018-12-07,328.843411,299.150024,278.013257,405.208727,362.582354,336.943862
2018-12-10,325.039793,295.076021,274.227107,400.521689,357.646268,332.356811
2018-12-11,326.596382,297.843395,276.798949,402.437954,360.996999,335.470609
2018-12-12,327.711628,299.012137,277.885113,403.813131,362.416737,336.789956
2018-12-13,332.784496,305.603926,284.011152,410.064216,370.404446,344.212847
2018-12-14,327.225840,300.767382,279.516339,403.214873,364.541668,338.764631
2018-12-17,326.739018,298.604325,277.506115,402.614573,361.923161,336.331281
2018-12-18,323.351938,295.643526,274.754514,398.441057,358.339091,333.000643
2018-12-19,319.496641,290.254665,269.746409,393.689702,351.812602,326.935648
2018-12-20,317.045995,287.286933,266.988366,390.669825,348.220830,323.597854
2018-12-21,313.116279,282.575880,262.610177,385.827608,342.516694,318.297061
2018-12-24,314.025840,285.404056,265.238525,386.948576,345.944109,321.482121
2018-12-25,311.863566,284.541156,264.436594,384.285000,344.896713,320.508788
2018-12-26,310.287339,282.377874,262.426162,382.343212,342.278287,318.075512
2018-12-27,309.096641,282.101728,262.169527,380.875131,341.943248,317.764164
2018-12-28,311.178295,284.963545,264.829139,383.447846,345.408453,320.984342
2019-01-02,306.929199,280.561623,260.738239,378.211555,340.078821,316.031573
2019-01-03,306.443411,277.031792,257.457813,377.613296,335.796633,312.052181
2019-01-04,313.785013,283.015552,263.018784,386.660677,343.050346,318.792979
2019-01-07,315.689922,284.468092,264.368693,389.007769,344.817087,320.434792
2019-01-08,315.007752,284.261683,264.176868,388.166532,344.565296,320.200805
2019-01-09,318.189147,289.743861,269.271697,392.085839,351.206911,326.372786
2019-01-10,317.590698,290.037065,269.544184,391.348736,351.562066,326.702828
2019-01-11,319.873902,292.550961,271.880458,394.162387,354.607174,329.532614
2019-01-14,317.083204,288.398058,268.020983,390.724954,349.575451,324.856688
2019-01-15,323.306460,298.509426,277.417921,398.393074,361.826424,336.241385
2019-01-16,323.374677,299.691783,278.516737,398.476789,363.259390,337.573025
2019-01-17,321.593798,298.411690,277.327091,396.281814,361.705762,336.129255
2019-01-18,327.459432,304.722158,283.191686,403.510939,369.348997,343.232030
2019-01-21,329.265116,307.113408,285.413980,405.734500,372.245472,345.923693
2019-01-22,324.890956,301.973291,280.637043,400.345070,366.018989,340.137490
2019-01-23,324.656331,301.955966,280.620943,400.056151,365.999396,340.119282
2019-01-24,326.488889,304.241250,282.744757,402.314423,368.767042,342.691226
2019-01-25,329.144186,306.786714,285.110368,405.586467,371.851709,345.557774
2019-01-28,329.072868,306.114678,284.485816,405.497647,371.035247,344.799044
2019-01-29,330.126098,308.697062,286.885739,406.796255,374.168287,347.710544
2019-01-30,327.491473,305.740060,284.137667,403.549734,370.583807,344.379526
2019-01-31,330.917829,310.349968,288.421857,407.772253,376.172360,349.572908
2019-02-01,335.648579,315.465280,293.175741,413.600678,382.370215,355.332507
2019-02-11,341.754005,324.210173,301.302754,421.124848,392.967112,365.180089
2019-02-12,344.221189,326.251052,303.199433,424.164123,395.440064,367.478177
2019-02-13,351.114212,332.128387,308.661498,432.658166,402.559889,374.094554
2019-02-14,351.642377,334.260962,310.643394,433.309512,405.146210,376.497994
2019-02-15,345.085271,326.016809,302.981741,425.229962,395.152880,367.211300
2019-02-18,356.148837,336.782738,312.986991,438.863309,408.200392,379.336212
2019-02-19,355.515245,335.049322,311.376052,438.081286,406.095219,377.379897
2019-02-20,356.788630,334.690420,311.042509,439.650437,405.658675,376.974222
2019-02-21,355.835659,333.831100,310.243904,438.476381,404.616519,376.005757
2019-02-22,363.836693,338.146389,314.254292,448.335392,409.839609,380.859518
2019-02-25,385.475969,353.229822,328.271989,475.126339,428.310586,398.024398
2019-02-26,380.846512,347.015550,322.496793,469.420424,420.771911,391.018788
2019-02-27,380.195349,346.672154,322.177659,468.616962,420.351908,390.628484
2019-02-28,379.263049,350.650542,325.874951,467.467407,425.173191,395.108851
2019-03-01,387.566925,358.978542,333.614527,477.703137,435.268213,404.490045
2019-03-04,392.155039,361.918860,336.347094,483.359026,438.842831,407.811899
2019-03-05,394.419638,361.623732,336.072818,486.150218,438.487888,407.482054
2019-03-06,397.735401,360.845040,335.349146,490.235934,437.542350,406.603377
2019-03-07,393.679587,353.257537,328.297745,485.237517,428.341871,398.053471
2019-03-08,378.044444,344.542197,320.198198,465.965636,417.774600,388.233420
2019-03-11,385.524548,350.883304,326.091267,475.186573,425.463146,395.378302
2019-03-12,388.149871,350.977298,326.178620,478.421864,425.587322,395.493698
2019-03-13,384.929199,350.028304,325.296678,474.452532,424.431420,394.419531
2019-03-14,382.272868,352.272427,327.382240,471.177425,427.151071,396.946873
2019-03-15,387.081137,357.808743,331.973162,477.103858,433.867847,402.516917
2019-03-18,398.113695,370.189778,343.460224,490.702494,448.880708,416.444962
2019-03-19,396.274935,367.506115,340.970335,488.436055,445.626581,413.425975
2019-03-20,396.427907,367.208505,340.694214,488.624925,445.265708,413.091179
2019-03-21,396.577778,367.429610,340.899353,488.809711,445.533812,413.339910
2019-03-22,396.258398,368.360751,341.763261,488.415636,446.662885,414.387397
2019-03-25,386.855814,360.362780,334.342784,476.826168,436.964793,405.390081
2019-03-26,382.474419,359.448071,333.494122,471.425509,435.855645,404.361079
2019-03-27,386.913695,366.182829,339.742596,476.897632,444.022004,411.937344
2019-03-28,385.364341,368.736902,342.112253,475.007912,447.201837,414.887405
2019-03-29,400.241860,382.531748,354.911042,493.351778,463.930028,430.406831
2019-04-01,410.742119,390.222415,362.046404,506.293963,473.255916,439.058838
2019-04-02,410.469251,388.652173,360.589541,505.957060,471.351287,437.291835
2019-04-03,415.727132,391.386152,363.126114,512.438872,474.666810,440.367782
2019-04-04,419.868734,394.710556,366.210479,517.557758,478.698598,444.108236
2019-04-08,419.351938,395.573716,367.011314,517.093240,479.742470,445.076679
2019-04-09,421.233075,395.023873,366.501173,519.413789,479.076825,444.459132
2019-04-10,422.310078,397.845697,369.119247,520.740983,482.499647,447.634625
2019-04-11,413.186563,389.423292,361.304981,509.491480,472.284656,438.157760
2019-04-12,412.260465,389.286177,361.177767,508.349072,472.119215,438.004274
2019-04-15,410.906460,385.857358,357.996526,506.680891,467.959907,434.145514
2019-04-16,422.303876,394.822227,366.314086,520.748129,478.832366,444.232338
2019-04-17,422.453747,395.788807,367.210875,520.932915,480.003988,445.319300
2019-04-18,420.886822,394.389732,365.912820,519.048300,478.307001,443.744935
2019-04-19,425.902842,397.085194,368.413656,525.242213,481.575845,446.777575
2019-04-22,416.083721,390.788391,362.571514,513.154536,474.067115,439.811420
2019-04-23,415.401550,392.570558,364.224999,512.312279,476.234890,441.822554
2019-04-24,416.546770,394.812235,366.304816,513.727272,478.952590,444.343875
2019-04-25,407.423256,390.828453,362.608683,502.474707,474.122872,439.863148
2019-04-26,401.991731,383.521626,355.829446,495.777481,465.256506,431.637458
2019-04-29,403.134884,389.232110,361.127604,497.191453,472.186704,438.066886
2019-04-30,404.466150,390.291965,362.110932,498.833090,473.480090,439.266813
2019-05-06,380.839276,372.554459,345.654163,469.697093,451.962464,419.304032
2019-05-07,384.565375,378.737927,351.391153,474.335127,460.048205,426.805505
2019-05-08,379.065633,371.382445,344.566774,467.551123,451.105087,418.508609
2019-05-09,372.062016,364.969529,338.616903,458.920276,443.304103,411.271318
2019-05-10,385.576227,379.456710,352.058037,475.599024,460.899377,427.595172
2019-05-13,379.196899,375.097085,348.013199,467.728762,455.614112,422.691816
2019-05-14,376.759690,371.537868,344.710975,464.723178,451.286769,418.677163
2019-05-15,385.228941,382.537163,354.916066,475.233535,464.690763,431.112596
2019-05-16,386.972610,383.937249,356.215058,477.390736,466.402315,432.700472
2019-05-17,377.132817,375.450445,348.341044,465.267328,456.108482,423.150463
2019-05-20,373.931783,370.331790,343.591981,461.318414,449.889798,417.381136
2019-05-21,378.995349,375.597649,348.477619,467.615440,456.278270,423.307982
2019-05-22,377.196899,375.468365,348.357670,465.398005,456.132796,423.173020
2019-05-23,370.435142,368.330104,341.734828,457.558371,447.495446,415.159798
2019-05-24,371.463566,369.389115,342.717372,458.951925,448.892706,416.456093
2019-05-27,375.937984,374.211989,347.192011,464.686425,455.001656,422.123615
2019-05-28,379.561757,381.744551,354.180684,469.318333,464.247291,430.701169
2019-05-29,378.698708,379.802941,352.379268,468.312728,461.880993,428.505857
2019-05-30,376.349354,380.029590,352.589552,465.703260,462.159371,428.764120
2019-05-31,375.172093,381.117149,353.598584,464.489388,463.478182,429.987635
2019-06-03,375.401550,381.679744,354.120556,464.950843,464.173360,430.632580
2019-06-04,371.934884,376.437464,349.256796,460.657880,457.793722,424.713928
2019-06-05,371.794315,373.571863,346.598105,460.595604,454.385484,421.551967
2019-06-06,368.442377,369.853915,343.148611,456.613000,449.862346,417.355668
2019-06-10,373.203101,376.315182,349.143343,462.529224,457.730592,424.655360
2019-06-11,384.421705,387.981708,359.967487,476.788394,471.917498,437.817133
2019-06-12,381.509044,385.969168,358.100263,473.223346,469.481029,435.556721
2019-06-13,380.918863,386.433371,358.530948,472.511766,470.049073,436.083718
2019-06-14,377.765375,384.501797,356.738844,468.758869,467.691838,433.896815
2019-06-17,377.759173,384.374949,356.621155,468.785413,467.572271,433.785888
2019-06-18,379.082171,386.450575,358.546910,470.460741,470.096106,436.127353
2019-06-19,384.076486,391.796129,363.506488,477.490786,477.211544,442.728635
2019-06-20,395.712661,403.134176,374.025872,491.984768,491.038089,455.556086
2019-06-21,396.272868,402.580183,373.511879,492.731059,490.492719,455.050124
2019-06-24,397.030491,403.972179,374.803367,493.728497,492.404562,456.823819
2019-06-25,392.900258,400.724308,371.790008,488.648406,488.458830,453.163202
2019-06-26,392.178811,400.199266,371.302876,487.909261,487.823977,452.574222
2019-06-27,396.363824,405.074976,375.826536,493.365050,493.899547,458.210777
2019-06-28,395.409819,404.041628,374.867801,492.626926,493.524677,457.862995
2019-07-01,406.802067,415.372725,385.380736,506.830967,507.366874,470.704966
2019-07-02,406.942636,415.281310,385.295922,507.008606,507.255824,470.601940
2019-07-03,402.432041,408.365102,378.879098,501.698809,499.050146,462.989198
2019-07-04,400.320413,402.583362,373.514829,499.127115,492.003787,456.452003
2019-07-05,402.397933,408.441016,378.949531,502.113302,499.187313,463.116453
2019-07-08,393.053230,399.681863,370.822833,490.582026,488.470792,453.174300
2019-07-09,392.054780,399.129937,370.310758,489.663199,487.795671,452.547962
2019-07-10,391.394315,399.495691,370.650103,489.036355,488.368629,453.079518
2019-07-11,391.237209,399.025017,370.213414,489.288522,487.980837,452.719748
2019-07-12,393.667183,400.128129,371.236876,493.172096,490.569679,455.121523
2019-07-15,395.265116,402.693265,373.616796,495.177180,493.680035,458.007127
2019-07-16,393.471835,399.617906,370.763494,492.991394,489.935368,454.533046
2019-07-17,393.244444,399.034163,370.221900,492.805586,489.368451,454.007094
2019-07-18,389.498708,396.025347,367.430336,488.337026,486.550091,451.392387
2019-07-19,393.587597,399.943387,371.065473,493.642740,491.371629,455.865524
2019-07-22,390.871318,399.354347,370.518965,490.293106,490.663974,455.209004
2019-07-23,391.721964,400.250733,371.350628,491.620300,491.876695,456.334095
2019-07-24,394.814470,402.291546,373.244084,495.540627,494.383925,458.660154
2019-07-25,398.043411,406.540544,377.186283,499.636553,499.606797,463.505626
2019-07-26,398.818605,408.791705,379.274899,500.693204,502.400448,466.097410
2019-07-29,398.374160,409.899983,380.303153,500.140887,503.763084,467.361583
2019-07-30,400.033075,409.502001,379.933908,502.262356,503.592926,467.203721
2019-07-31,396.419638,408.109936,378.642357,497.871385,501.973187,465.701022
2019-08-01,393.123514,404.708680,375.486688,493.731560,497.801379,461.830666
2019-08-02,387.332300,402.223215,373.180687,486.579004,494.737955,458.988602
2019-08-05,379.916279,394.102528,365.646354,477.313146,484.742732,449.715626
2019-08-06,375.848062,392.769001,364.409114,472.488285,483.112206,448.202920
2019-08-07,374.308010,393.618640,365.197405,470.552623,484.142666,449.158920
2019-08-08,379.254780,400.541718,371.620602,476.884361,492.670975,457.070980
2019-08-09,375.558656,397.055528,368.386133,472.276955,488.387513,453.097038
2019-08-12,382.335917,403.176083,374.064752,480.849608,495.903983,460.070374
2019-08-13,378.888889,401.457658,372.470407,476.513767,493.775296,458.095505
2019-08-14,380.609819,404.518329,375.310082,478.678115,497.527278,461.576372
2019-08-15,381.808786,406.005151,376.689548,480.468806,499.346325,463.263975
2019-08-16,383.518346,410.696598,381.042248,482.663781,505.245167,468.736572
2019-08-19,391.843928,416.235501,386.181215,493.177201,512.062493,475.061284
2019-08-20,391.496641,416.467931,386.396863,492.745352,512.340168,475.318894
2019-08-21,390.879587,415.103343,385.130805,491.976601,510.664393,473.764209
2019-08-22,392.094057,419.007624,388.753177,493.575359,515.524670,478.273286
2019-08-23,394.920930,425.705274,394.967223,497.135302,523.751251,485.905422
2019-08-26,389.241344,420.906218,390.514683,490.014395,517.826543,480.408828
2019-08-27,394.516796,426.191009,395.417886,496.685077,524.309131,486.422990
2019-08-28,393.031525,424.663238,394.000428,494.815775,522.410652,484.661694
2019-08-29,391.750904,423.932759,393.322693,493.202724,521.491333,483.808803
2019-08-30,392.722481,428.952482,397.979967,494.425784,527.648887,489.521418
2019-09-02,397.759173,432.856293,401.601903,500.767731,532.440990,493.967247
2019-09-03,398.305943,432.794296,401.544383,501.455830,532.379953,493.910621
2019-09-04,401.653747,432.865035,401.610014,505.999939,532.497042,494.019249
2019-09-05,405.717829,437.075701,405.516648,511.119846,537.680452,498.828110
2019-09-06,408.114729,438.543127,406.878119,514.138702,539.503458,500.519388
2019-09-09,410.640827,439.450533,407.720006,517.320905,540.603788,501.540209
2019-09-10,409.226873,437.329655,405.752266,515.539402,537.998330,499.123019
2019-09-11,406.211886,430.039113,398.988138,511.741585,529.070269,490.840092
2019-09-12,410.581912,433.961483,402.627293,517.246378,533.892238,495.313630
2019-09-16,409.066667,434.607724,403.226872,515.337260,534.668656,496.033944
2019-09-17,402.193282,428.443982,397.508183,506.742147,527.075866,488.989803
2019-09-18,404.142636,434.713078,403.324618,509.198477,534.774992,496.132597
2019-09-19,405.620672,434.664664,403.279700,511.060632,534.688101,496.051984
2019-09-20,406.785530,436.609940,404.190027,512.528713,537.087051,497.178348
2019-09-23,402.135401,431.215836,399.196455,506.669661,530.451601,491.035950
2019-09-24,403.212403,432.447834,400.336973,508.054027,531.967119,492.438857
2019-09-25,400.101292,430.603982,398.630034,504.134720,529.698941,490.339217
2019-09-26,397.017054,425.755640,394.141699,500.258292,523.734849,484.818292
2019-09-27,398.206718,428.834121,396.991591,501.758022,527.521782,488.323834
2019-09-30,394.266667,422.926960,391.523058,496.792274,520.255204,481.597205
2019-10-08,396.659432,427.583680,395.834000,499.808067,525.983576,486.899926
2019-10-09,397.234109,428.916579,397.067926,500.531899,527.623216,488.417731
2019-10-10,400.479587,432.586821,400.465639,504.620678,532.138090,492.597124
2019-10-11,404.313178,437.872224,405.358581,509.496585,538.763244,498.729990
2019-10-14,408.603618,441.131142,408.375512,514.903370,542.769882,502.438911
2019-10-15,406.847545,440.482186,407.774744,512.691039,541.971260,501.699631
2019-10-16,405.445995,436.641907,404.219620,510.923829,537.245767,497.325270
2019-10-17,405.707494,438.158136,405.623263,511.254607,539.110121,499.051091
2019-10-18,399.935917,432.100444,400.015378,503.980562,531.658371,492.153050
2019-10-21,401.120413,435.330763,403.005833,505.479270,535.637401,495.836415
2019-10-22,402.674935,436.513132,404.100407,507.438413,537.092126,497.183045
2019-10-23,400.111628,434.112133,401.877691,504.209247,534.139133,494.449477
2019-10-24,400.069251,433.003673,400.851538,504.155139,532.778805,493.190229
2019-10-25,402.768992,439.293052,406.673908,507.588488,540.574906,500.407034
2019-10-28,405.849096,442.475739,409.620268,511.469000,544.488506,504.029831
2019-10-29,404.158140,442.086134,409.259592,509.338343,544.010853,503.587671
2019-10-30,402.194315,441.606269,408.815360,506.863636,543.421878,503.042460
2019-10-31,401.731266,440.372299,407.673017,506.280691,541.898135,501.631940
2019-11-01,408.515762,446.735144,413.563397,514.829864,549.729182,508.881094
2019-11-04,411.175194,451.382689,417.865844,518.182561,555.445890,514.173017
2019-11-05,413.727132,455.253984,421.449681,521.398454,560.209863,518.582999
2019-11-06,411.873902,452.313097,418.727166,519.062593,556.588645,515.230859
2019-11-07,412.596382,452.645178,419.034589,519.973252,556.999498,515.611183
2019-11-08,410.647028,449.567498,416.185438,517.515901,553.210171,512.103425
2019-11-11,403.408786,444.945755,411.906877,508.393993,547.522087,506.837999
2019-11-12,403.482171,445.348847,412.280038,508.495064,548.018250,507.297295
2019-11-13,403.098708,445.694289,412.599829,508.012169,548.442403,507.689931
2019-11-14,403.706460,445.142281,412.088809,508.776837,547.761960,507.060048
2019-11-15,400.732817,441.899737,409.087037,505.030066,543.769130,503.363909
2019-11-18,403.920413,446.211258,413.078411,509.047381,549.075162,508.275672
2019-11-19,407.962791,448.981871,415.643296,514.177497,552.483272,511.430540
2019-11-20,403.913178,444.017323,411.047383,509.073925,546.373213,505.774494
2019-11-21,402.025840,441.286425,408.519265,506.694163,543.013641,502.664557
2019-11-22,397.931783,433.983659,401.758757,501.535462,534.028803,494.347345
2019-11-25,400.848579,434.687297,402.410147,505.210769,534.895347,495.149500
2019-11-26,402.237726,436.040690,403.663046,506.962665,536.561410,496.691765
2019-11-27,400.580879,435.669397,403.319322,504.873866,536.105222,496.269474
2019-11-28,399.204134,434.086388,401.853857,503.139325,534.157081,494.466091
2019-11-29,395.728165,427.633816,395.880413,498.757542,526.219696,487.118500
2019-12-02,396.491990,429.367950,397.485781,499.720268,528.355251,489.095371
2019-12-03,398.045478,430.404633,398.445486,501.678390,529.629915,490.275321
2019-12-04,397.914212,430.567362,398.596133,501.513001,529.826392,490.457197
2019-12-05,400.967442,434.968338,402.670320,505.361865,535.242993,495.471314
2019-12-06,403.347804,438.274778,405.731244,508.360303,539.310681,499.236749
2019-12-09,402.630491,435.653577,403.304677,507.468020,536.085554,496.251267
2019-12-10,403.140052,434.830384,402.542609,508.111198,535.068598,495.309877
2019-12-11,403.385013,435.438974,403.106009,508.418495,535.815357,496.001148
2019-12-12,402.172610,433.541912,401.349811,506.891201,533.483351,493.842423
2019-12-13,410.151938,443.776634,410.824567,516.975835,546.074923,505.498368
2019-12-16,412.149871,443.356162,410.435316,519.493420,545.558280,505.020115
2019-12-17,417.757106,448.803287,415.477972,526.561240,552.261925,511.225640
2019-12-18,416.824806,447.618109,414.380798,525.395351,550.802867,509.874998
2019-12-19,416.242894,445.860731,412.753912,524.662331,548.640824,507.873608
2019-12-20,415.219638,444.612268,411.598152,523.372911,547.106526,506.453317
2019-12-23,410.036176,438.806691,406.223661,516.839032,539.961797,499.839483
2019-12-24,412.709044,440.656121,407.935764,520.208063,542.237056,501.945677
2019-12-25,412.493023,439.913079,407.247895,519.935478,541.322856,501.099407
2019-12-26,416.122997,442.933209,410.043770,524.511235,545.037475,504.538009
2019-12-27,415.713695,444.376185,411.379599,523.995671,546.815103,506.183548
2019-12-30,421.873902,452.519086,418.917860,531.760778,556.833652,515.457660
2019-12-31,423.419121,454.541807,420.790386,533.708691,559.323904,517.762873
2020-01-02,429.172093,459.698189,425.563887,540.959255,565.670421,523.637806
2020-01-03,428.419638,458.196815,424.173995,540.011843,563.825352,521.929836
2020-01-06,426.801034,457.292479,423.336810,537.970005,562.711850,520.899074
2020-01-07,429.997933,461.652632,427.373206,541.999571,568.083602,525.871673
2020-01-08,425.045995,455.021988,421.234912,535.758696,559.921354,518.315929
2020-01-09,430.425840,460.245097,426.070185,542.539637,566.348106,524.265135
2020-01-10,430.302842,460.619866,426.417126,542.385478,566.804982,524.688062
2020-01-13,434.520930,467.195337,432.504344,547.701402,574.895283,532.177207
2020-01-14,433.063566,463.059201,428.675332,545.863748,569.804668,527.464854
2020-01-15,430.669767,461.690982,427.408708,542.847955,568.120336,525.905678
2020-01-16,428.841344,459.682224,425.549108,540.542720,565.647240,523.616347
2020-01-17,429.441860,459.441973,425.326696,541.300242,565.352730,523.343721
2020-01-20,432.643928,463.685735,429.255343,545.335933,570.574646,528.177618
2020-01-21,425.251680,454.906336,421.127847,536.018009,559.772460,518.178098
2020-01-22,427.072868,456.946744,423.016747,538.314055,562.278593,520.498011
2020-01-23,413.839793,442.112094,409.283625,521.633266,544.020992,503.597056
2020-02-03,381.225840,407.616046,377.349037,480.523935,501.569811,464.300246
2020-02-04,391.280620,421.252143,389.972603,493.197619,518.349439,479.833049
2020-02-05,395.713695,424.525329,393.002743,498.786128,522.379393,483.563554
2020-02-06,403.078036,432.852728,400.711801,508.068320,532.625590,493.048399
2020-02-07,403.087339,432.757027,400.623207,508.080571,532.506241,492.937918
2020-02-10,404.755556,436.204972,403.815129,510.182642,536.754801,496.870785
2020-02-11,408.522997,441.421095,408.643936,514.931956,543.172242,502.811373
2020-02-12,411.827390,443.576803,410.639574,519.097304,545.824828,505.266857
2020-02-13,409.294057,440.999257,408.253420,515.903870,542.653795,502.331449
2020-02-14,412.168475,444.996062,411.953448,519.527110,547.573447,506.885543
2020-02-17,421.438760,454.259002,420.528580,531.212545,558.973506,517.438511
2020-02-18,419.380879,451.297795,417.787253,528.618391,555.328363,514.064224
2020-02-19,418.740052,453.343020,419.680613,527.809823,557.847884,516.396530
2020-02-20,428.388630,464.634101,430.133289,539.971006,571.740121,529.256492
2020-02-21,428.887855,464.495812,430.005269,540.600913,571.569146,529.098221
2020-02-24,427.166925,461.443571,427.179668,538.431461,567.814305,525.622387
2020-02-25,426.237726,460.563946,426.365359,537.261488,566.731495,524.620036
2020-02-26,420.983979,455.717445,421.878728,530.637768,560.768995,519.100585
2020-02-27,422.209819,459.759868,425.620986,532.183439,565.743457,523.705416
2020-02-28,407.240310,443.188267,410.279889,513.314821,545.347754,504.825232
2020-03-02,420.637726,457.571697,423.595295,530.201836,563.049386,521.211529
2020-03-03,422.879587,460.129549,425.963217,533.027738,566.194817,524.123236
2020-03-04,425.328165,463.206167,428.811384,536.114996,569.982813,527.629763
2020-03-05,434.804134,476.983437,441.565641,548.057702,586.941532,543.328349
2020-03-06,427.752972,468.488557,433.701537,539.170606,576.484160,533.648021
2020-03-09,413.140052,453.438015,419.768554,520.752213,557.963677,516.503718
2020-03-10,421.987597,462.637938,428.285348,531.903707,569.280933,526.980036
2020-03-11,416.375194,458.005556,423.996938,524.828741,563.579820,521.702549
2020-03-12,408.362791,447.837734,414.584115,514.729814,551.066081,510.118654
2020-03-13,402.616021,440.583544,407.868575,507.486396,542.139468,501.855340
2020-03-16,385.306460,418.276202,387.217636,485.668344,514.691373,476.446799
2020-03-17,383.429457,413.755918,383.033001,483.302876,509.130537,471.299165
2020-03-18,375.840827,404.553809,374.514183,473.736868,497.810759,460.820513
2020-03-19,370.965375,397.147496,367.657816,467.591959,488.699323,452.386110
2020-03-20,377.593798,407.689074,376.766767,475.947157,501.668168,463.591480
2020-03-23,364.889922,392.050550,362.314390,459.933028,482.424706,445.808600
2020-03-24,374.688372,404.462945,373.785333,472.285122,497.698364,459.922985
2020-03-25,384.756589,420.400937,388.514463,484.975141,517.310327,478.046397
2020-03-26,382.227390,418.095286,386.383691,481.786812,514.473185,475.424595
2020-03-27,383.468734,418.958398,387.181338,483.351880,515.535259,476.406057
2020-03-30,379.752972,414.674505,383.222368,478.667905,510.263857,471.534755
2020-03-31,380.998450,420.519551,388.624081,480.237057,517.456284,478.181276
2020-04-01,379.853230,420.151031,388.283512,478.793478,517.002813,477.762224
2020-04-02,385.997933,432.567914,399.758603,486.547355,532.302895,491.901027
2020-04-03,383.795349,431.263185,398.552834,483.770457,530.696838,490.416870
2020-04-07,392.560207,445.177229,411.411529,494.818838,547.818971,506.239430
2020-04-08,390.732817,442.540253,408.974562,492.515646,544.573941,503.240699
2020-04-09,392.021705,443.301150,409.677746,494.139927,545.512320,504.107854
2020-04-10,389.579328,439.617136,406.273156,491.060837,540.977674,499.917389
2020-04-13,387.933850,435.643624,402.601026,488.986330,536.088601,495.399397
2020-04-14,395.421189,446.810245,412.920684,498.424723,549.829583,508.097437
2020-04-15,392.491990,445.029671,411.275163,494.733081,547.637959,506.072157
2020-04-16,393.010853,444.840851,411.100664,495.386469,547.405682,505.857511
2020-04-17,396.846512,452.683797,418.348740,500.220518,557.056726,514.776038
2020-04-20,398.290439,455.109855,420.590787,502.040816,560.042256,517.534967
2020-04-21,393.596899,448.465935,414.450794,496.124593,551.866244,509.979515
2020-04-22,396.835142,455.151292,420.629082,500.207246,560.092648,517.581534
2020-04-23,395.839793,453.149606,418.779219,498.952537,557.629178,515.305041
2020-04-24,392.451680,449.397484,415.311687,494.706537,553.011508,511.037854
2020-04-27,395.118346,453.691710,419.280206,498.080673,558.325448,515.948464
2020-04-28,397.844961,464.709061,429.461915,501.517085,571.883521,528.477478
2020-04-29,399.693023,461.667831,426.651356,503.867240,568.140868,525.018892
2020-04-30,404.401034,467.755886,432.277645,509.853907,575.742110,532.043199
2020-05-06,406.847545,475.174135,439.133237,512.939123,584.874253,540.482211
2020-05-07,405.673385,477.456498,441.242487,511.495544,587.872807,543.253175
2020-05-08,409.676486,479.972567,443.567718,517.098345,591.767000,546.851798
2020-05-11,409.320930,477.448539,441.235133,516.661392,588.721539,544.037488
2020-05-12,409.327132,481.479124,444.960006,516.680789,593.690357,548.629172
2020-05-13,410.155039,485.698091,448.858974,517.731315,598.887662,553.432000
2020-05-14,405.707494,481.228575,444.728460,512.116262,593.370933,548.333992
2020-05-15,404.425840,480.033337,443.623879,510.576717,592.034582,547.099070
2020-05-18,405.468734,480.041494,443.631417,511.893702,592.041248,547.105230
2020-05-19,408.914729,485.922989,449.066814,516.266296,599.355066,553.863929
2020-05-20,406.741085,482.640991,446.033748,513.621096,595.355153,550.167609
2020-05-21,404.526098,482.171682,445.600035,510.831947,594.773687,549.630277
2020-05-22,395.251680,467.704862,432.230491,499.187349,576.972253,533.179974
2020-05-25,395.795349,469.748014,434.118675,499.912201,579.592913,535.601726
2020-05-26,400.286305,476.548848,440.403681,505.648743,587.984065,543.355988
2020-05-27,397.479070,468.773558,433.218129,502.127594,578.400841,534.500132
2020-05-28,398.618088,469.030335,433.455430,503.696746,579.004280,535.057770
2020-05-29,399.691990,473.574628,437.655049,505.416994,584.682050,540.304597
2020-06-01,410.474419,492.044276,454.723815,519.062593,607.458399,561.352218
2020-06-02,411.738501,492.470997,455.118170,520.997233,608.042761,561.892226
2020-06-03,411.746770,494.187662,456.704630,521.116681,610.252381,563.934135
2020-06-04,411.595866,495.536571,457.951227,520.984982,612.058009,565.602716
2020-06-05,413.565891,501.248037,463.229491,523.573011,619.173537,572.178174
2020-06-08,415.705426,499.605801,461.711815,526.292738,617.166896,570.323838
2020-06-09,418.297674,504.040662,465.810302,529.579075,622.650539,575.391271
2020-06-10,417.541085,509.058861,470.447882,529.000214,628.824448,581.096580
2020-06-11,413.010853,504.096964,465.862333,523.786383,622.697115,575.434312
2020-06-12,413.755039,506.306108,467.903919,524.782800,625.461841,577.989195
2020-06-15,408.784496,497.300381,459.581256,518.646058,614.357399,567.727582
2020-06-16,414.942636,505.900463,467.529041,526.484671,624.983155,577.546841
2020-06-17,415.254780,507.630236,469.127614,526.956335,627.241586,579.633857
2020-06-18,418.023773,514.914683,475.859553,530.704128,636.897011,588.556434
2020-06-19,423.639276,526.070444,486.169174,538.078223,650.791664,601.396481
2020-06-22,423.984496,527.610490,487.592411,538.713234,653.548680,603.944239
2020-06-23,426.024806,535.316097,494.713565,541.346183,663.066907,612.740031
2020-06-24,427.802584,537.148026,496.406546,544.423232,666.098821,615.541823
2020-06-29,424.777261,534.765113,494.204372,540.596829,663.132238,612.800404
2020-06-30,430.383463,545.931770,504.524063,548.260865,676.963011,625.581419
2020-07-01,439.047028,555.904698,513.740566,559.316393,689.545010,637.208442
2020-07-02,448.148837,562.451479,519.790789,571.020204,697.719569,644.762551
2020-07-03,456.806202,564.778804,521.941591,582.119631,700.615451,647.438635
2020-07-06,482.696641,585.573421,541.158983,615.193311,726.435038,671.298511
2020-07-07,485.594832,602.332575,556.646992,618.952333,747.186578,690.475007
2020-07-08,493.436693,609.440647,563.215933,629.129871,756.010203,698.628917
2020-07-09,500.337984,618.726773,571.797727,638.068014,767.774588,709.500384
2020-07-10,491.279587,615.993988,569.272218,627.527029,764.343889,706.330075
2020-07-13,501.597933,636.175779,587.923265,641.126686,789.364210,729.451350
2020-07-14,496.815504,631.465394,583.570152,635.326847,783.521719,724.052306
2020-07-15,490.384496,628.393379,580.731143,627.837388,779.708093,720.528134
2020-07-16,466.795866,587.506962,542.945869,597.874447,729.024788,673.691699
2020-07-17,469.736434,597.783085,552.442571,602.059193,741.789084,685.487183
2020-07-20,483.751938,605.794315,559.846168,620.059009,751.787187,694.726429
2020-07-21,484.862016,612.001398,565.582457,621.492379,759.468469,701.824700
2020-07-22,487.281654,616.347104,569.598550,624.693980,765.143531,707.069025
2020-07-23,487.073902,616.947575,570.153478,624.834866,765.873016,707.743142
2020-07-24,465.694057,585.866779,541.430091,597.411971,727.323421,672.119466
2020-07-27,468.056848,589.928364,545.183613,600.478811,732.367779,676.780957
2020-07-28,472.171576,603.046196,557.306487,605.757981,748.641659,691.819647
2020-07-29,483.618605,617.080952,570.276738,620.462272,766.022375,707.881164
2020-07-30,481.255814,614.126483,567.546359,617.454646,762.376343,704.511866
2020-07-31,485.276486,621.037082,573.932804,622.630703,770.927481,712.413972
2020-08-03,493.158656,626.279577,578.777668,632.744944,777.434255,718.426881
2020-08-04,493.622739,624.683079,577.302261,633.346265,775.498909,716.638428
2020-08-05,493.758140,626.818598,579.275805,633.566783,778.142169,719.081063
2020-08-06,492.274935,617.404840,570.576060,631.672979,766.488758,708.312148
2020-08-07,486.607752,607.332576,561.267755,624.530633,754.008593,696.779230
2020-08-10,488.358656,606.118271,560.145552,626.778695,752.522450,695.405885
2020-08-11,483.904910,604.183011,558.357077,621.063593,750.123712,693.189212
2020-08-12,480.376227,601.130625,555.536208,616.678748,746.378262,689.728042
2020-08-13,479.143152,596.949701,551.672398,615.096324,741.207133,684.949403
2020-08-14,486.266667,608.237156,562.103724,624.601076,755.229190,697.907184
2020-08-17,497.698191,620.264298,573.218635,639.289032,770.201952,711.743510
2020-08-18,497.442894,621.438140,574.303443,638.987861,771.686856,713.115710
2020-08-19,489.992765,612.984428,566.490926,629.427979,761.225164,703.448062
2020-08-20,483.633075,606.989499,560.950699,621.328011,753.798603,696.585178
2020-08-21,487.735401,614.817490,568.184954,626.768486,763.491373,705.542266
2020-08-24,491.560724,627.702071,580.092269,631.727088,779.672161,720.494929
2020-08-25,492.191214,636.157874,587.906718,632.543823,790.205231,730.228538
2020-08-26,486.421705,631.962502,584.029556,625.128891,784.997077,725.415683
2020-08-27,489.028424,638.501124,590.072238,628.478525,793.110197,732.913016
2020-08-28,500.699742,649.979196,600.679724,643.477861,807.379247,746.099043
2020-08-31,497.800517,646.291257,597.271507,639.751508,802.812908,741.879290
2020-09-01,500.477519,650.692568,601.338988,643.193025,808.241852,746.896176
2020-09-02,500.660465,653.446014,603.883591,643.427836,811.655418,750.050652
2020-09-03,497.891473,648.632180,599.434876,639.868914,805.696582,744.544093
2020-09-04,493.045995,638.094183,589.696163,633.642331,792.613289,732.453824
2020-09-07,482.622222,617.523536,570.685753,620.245837,767.111722,708.887830
2020-09-08,485.208269,617.690410,570.839970,623.568927,767.327515,709.087243
2020-09-09,473.859432,601.171585,555.574061,608.984084,746.822465,690.138530
2020-09-10,473.589664,606.484524,560.484026,608.636972,753.434677,696.248874
2020-09-11,478.271835,620.386441,573.331513,614.655287,770.659806,712.166614
2020-09-14,480.728682,623.795720,576.482206,617.812988,774.932289,716.114814
2020-09-15,484.597416,625.097970,577.685683,622.784862,776.566521,717.625008
2020-09-16,481.380879,615.527707,568.841304,618.977856,765.209861,707.130320
2020-09-17,478.833075,609.137155,562.935460,615.702749,757.299581,699.820431
2020-09-18,489.621705,621.606791,573.708142,629.574992,772.834714,713.240250
2020-09-21,484.902326,613.472249,566.200417,623.507672,762.721156,703.906564
2020-09-22,479.148320,610.753459,563.691126,616.140723,759.340924,700.786987
2020-09-23,480.860982,621.895118,573.974251,618.342845,773.193187,713.571080
2020-09-24,471.635142,610.425270,563.388226,606.478750,758.932891,700.410417
2020-09-25,472.353488,613.089693,565.847339,607.417995,762.304782,703.522297
2020-09-28,473.582429,615.462607,568.037406,609.004502,765.253736,706.243853
2020-09-29,474.604651,619.097308,571.392031,610.319445,769.773919,710.415477
2020-09-30,474.149871,622.113227,574.175554,609.735480,773.526509,713.878700
2020-10-09,483.838760,640.444161,591.093976,622.194771,796.320230,734.914762
2020-10-12,498.517829,662.716700,611.650278,641.071556,824.005630,760.465299
2020-10-13,500.175711,666.108621,614.780830,643.204255,828.221614,764.356182
2020-10-14,496.857881,658.278736,607.554286,638.937836,818.484677,755.370075
2020-10-15,495.993798,653.826371,603.445004,637.825035,812.949249,750.261492
2020-10-16,495.264083,649.110922,599.092910,636.913355,807.086934,744.851229
2020-10-19,491.523514,638.750212,589.530557,632.103807,794.203404,732.961168
2020-10-20,495.449096,648.553883,598.578793,637.152250,806.391886,744.209777
2020-10-21,495.382946,642.323568,592.828563,637.066492,798.644048,737.059387
2020-10-22,493.848062,636.118225,587.101380,635.094078,790.927794,729.938145
2020-10-23,487.699225,617.954516,570.337297,627.240151,768.341918,709.093900
2020-10-26,484.882687,615.768417,568.319651,623.635287,765.674885,706.632526
2020-10-27,485.713695,624.900063,576.747647,624.745026,777.029214,717.111306
2020-10-28,489.640310,636.953617,587.872400,629.795510,792.016171,730.942596
2020-10-29,493.325065,643.886534,594.271093,634.534614,800.636511,738.898208
2020-10-30,485.305426,631.205645,582.567345,624.220273,784.871184,724.348569
2020-11-02,487.941085,635.992343,586.985198,627.609723,790.819537,729.838236
2020-11-03,493.804651,640.666039,591.298757,635.152270,796.629089,735.199804
2020-11-04,497.535917,646.753948,596.917555,639.950588,804.196876,742.184028
2020-11-05,504.920930,654.939356,604.472227,649.501281,814.377187,751.579319
2020-11-06,504.983979,647.057492,597.197709,649.581934,804.574393,742.532433
2020-11-09,514.868217,662.566586,611.511731,662.296454,823.859169,760.330131
2020-11-10,512.028941,655.806405,605.272464,658.643608,815.454686,752.573731
2020-11-11,506.966408,641.956467,592.489750,652.132189,798.232279,736.679370
2020-11-12,507.334367,645.217628,595.499618,652.782514,802.284415,740.419039
2020-11-13,502.000000,639.230314,589.973663,645.917857,794.837233,733.546122
2020-11-16,506.890956,640.288934,590.950711,652.211820,796.153804,734.761169
2020-11-17,505.921447,631.243990,582.602735,650.963237,784.905951,724.380655
2020-11-18,505.598966,621.596768,573.698891,650.548744,772.909325,713.309108
2020-11-19,509.352972,628.719819,580.273068,655.378710,781.767538,721.484250
2020-11-20,510.934367,631.223440,582.583769,657.413401,784.881579,724.358163
2020-11-23,517.315762,635.782099,586.791155,665.624649,790.548840,729.588413
2020-11-24,514.138501,631.832752,583.146129,661.535870,785.638207,725.056446
2020-11-25,507.565891,618.494916,570.836057,653.103082,769.117745,709.809902
2020-11-26,508.484755,616.299311,568.809636,654.285306,766.387652,707.290330
2020-11-27,514.808269,623.539914,575.492306,662.524119,775.391025,715.599440
2020-11-30,512.687339,622.510682,574.542382,659.795204,774.110748,714.417887
2020-12-01,523.731266,637.597148,588.466343,674.007412,792.872812,731.733180
2020-12-02,523.735401,636.296298,587.265732,674.013537,791.256646,730.241638
2020-12-03,522.693540,643.169933,593.609711,672.672050,799.803067,738.129032
2020-12-04,523.609302,653.980350,603.587118,673.850190,813.244186,750.533685
2020-12-07,519.094574,654.978872,604.508698,668.040143,814.484855,751.678685
2020-12-08,517.817054,656.479141,605.893362,666.399526,816.353256,753.403011
2020-12-09,510.873385,650.997612,600.834219,657.463426,809.536258,747.111682
2020-12-10,510.648062,654.844703,604.384867,657.174506,814.318480,751.525140
2020-12-11,505.388114,650.014947,599.927274,650.449715,808.311147,745.981041
2020-12-14,510.060982,658.210160,607.490995,656.462925,818.507218,755.390877
2020-12-15,511.121447,664.002531,612.837028,657.828914,825.708803,762.037137
2020-12-16,512.027907,668.466195,616.956739,658.994804,831.258614,767.158994
2020-12-17,518.602584,678.488545,626.206805,667.461282,843.718377,778.657966
2020-12-18,516.792765,675.503390,623.451674,665.132566,840.006303,775.232135
2020-12-21,521.637209,688.728800,635.657985,671.367316,856.456202,790.413557
2020-12-22,513.154522,687.032152,634.092075,660.450633,854.348393,788.468285
2020-12-23,517.531783,693.057992,639.653586,666.084062,861.841946,795.383998
2020-12-24,516.797933,693.238644,639.820317,665.138692,862.064503,795.589394
2020-12-25,521.137984,703.209480,649.022839,670.725158,874.462735,807.031579
2020-12-28,523.453230,704.203084,649.939879,673.705220,875.694610,808.168462
2020-12-29,521.234109,699.317053,645.430347,670.848690,869.619862,802.562148
2020-12-30,528.548837,714.081301,659.056919,680.263601,887.982088,819.508434
2020-12-31,538.634625,728.031294,671.931979,693.243561,905.328179,835.516941
2021-01-04,544.467183,738.117426,681.240912,700.750375,917.876266,847.097426
2021-01-05,554.883721,761.667155,702.975989,714.158099,947.167340,874.129821
2021-01-06,559.965891,771.797756,712.325964,720.698104,959.763576,885.754742
2021-01-07,569.887339,791.601092,730.603331,733.466733,984.386094,908.478580
2021-01-08,568.003101,781.362674,721.153846,731.042052,971.657756,896.731743
2021-01-11,562.393798,770.944035,711.538027,723.823136,958.701024,884.774125
2021-01-12,578.434109,793.055153,731.945347,744.468152,986.194055,910.147126
2021-01-13,576.534367,786.849780,726.218136,742.022031,978.478947,903.026942
2021-01-14,565.422222,765.784894,706.776430,727.719982,952.281888,878.849978
2021-01-15,564.142636,756.356145,698.074225,726.074262,940.557970,868.030110
2021-01-18,570.389664,764.009012,705.137391,734.113996,950.071409,876.809953
2021-01-19,562.017571,746.968062,689.409552,723.339221,928.880550,857.253154
2021-01-20,566.039276,761.995323,703.278869,728.515278,947.567268,874.498910
2021-01-21,575.190698,780.391880,720.257857,740.292595,970.448439,895.615679
2021-01-22,575.687855,789.859268,728.995725,740.932711,982.223102,906.482380
2021-01-25,581.490439,800.944938,739.227175,748.401752,996.004365,919.200948
2021-01-26,569.816021,779.851378,719.759005,733.374851,969.776508,894.995561
2021-01-27,571.369509,778.286304,718.314529,735.375851,967.838406,893.206909
2021-01-28,555.776744,754.421960,696.289080,715.306633,938.158298,865.815480
2021-01-29,553.174160,756.367626,698.084821,711.956999,940.571188,868.042308
2021-02-01,559.963824,766.102156,707.069245,720.695041,952.674627,879.212432
2021-02-02,568.588114,788.118818,727.389387,731.795490,980.049700,904.476572
2021-02-03,566.945736,789.216046,728.402067,729.681167,981.413176,905.734908
2021-02-04,565.782946,786.494179,725.889937,728.184500,978.024757,902.607776
2021-02-05,566.760724,794.007307,732.824132,729.444314,987.367945,911.230496
2021-02-08,575.148320,807.064688,744.875361,740.238487,1003.602982,926.213625
2021-02-09,587.726098,826.110911,762.453954,756.426172,1027.289305,948.073459
2021-02-10,600.281137,859.477624,793.249556,772.585272,1068.779179,986.363985
2021-02-18,596.214987,832.208126,768.081341,767.352043,1034.872905,955.072276
2021-02-19,597.296124,825.807849,762.174245,768.743555,1026.914141,947.727225
2021-02-22,578.535401,777.895844,717.954157,744.597809,967.335877,892.743131
2021-02-23,576.710078,774.686675,714.992274,742.248675,963.345683,889.060627
2021-02-24,562.022739,743.433020,686.146906,723.345346,924.484632,853.196212
2021-02-25,565.329199,740.272332,683.229769,727.600535,920.552892,849.567654
2021-02-26,551.603101,724.035030,668.243651,709.934559,900.363476,830.935075
2021-03-01,560.080620,740.260811,683.219135,720.846137,920.541952,849.557557
2021-03-02,552.933333,729.407428,673.202073,711.646640,907.046876,837.103108
2021-03-03,563.535917,740.367300,683.317419,725.293259,920.674050,849.679470
2021-03-04,545.809819,704.132621,649.874846,702.477769,875.614589,808.094612
2021-03-05,543.958656,706.895541,652.424866,700.095966,879.051585,811.266576
2021-03-08,525.066667,665.075505,613.827323,675.781768,827.049262,763.274231
2021-03-09,513.798450,647.035691,597.177588,661.290850,804.614916,742.569832
2021-03-10,517.168992,661.346793,610.385931,665.628733,822.405458,758.988518
2021-03-11,530.048579,677.301012,625.110779,682.205388,842.245543,777.298704
2021-03-12,531.925581,676.351655,624.234575,684.620882,841.064444,776.208681
2021-03-15,520.469251,646.380474,596.572860,669.876775,803.789012,741.807614
2021-03-16,524.998450,653.482875,603.127977,675.706220,812.617226,749.955072
2021-03-17,527.220672,663.232175,612.126032,678.565814,824.740071,761.143105
2021-03-18,531.449096,673.867346,621.941698,684.007310,837.961785,773.345273
2021-03-19,517.528682,650.982898,599.928297,666.091209,809.504271,745.972680
2021-03-22,522.702842,650.809804,599.768779,672.751682,809.289028,745.774330
2021-03-23,517.751938,640.888820,590.625868,666.378087,796.952177,734.405701
2021-03-24,509.425323,628.229603,578.959474,655.661504,781.210303,719.899283
2021-03-25,509.183463,632.182514,582.602370,655.350124,786.125790,724.428992
2021-03-26,520.722481,655.263964,603.873613,670.202448,814.827823,750.878429
2021-03-29,521.641344,657.146612,605.608611,671.384672,817.168917,753.035789
2021-03-30,526.587080,671.515637,618.850717,677.750100,835.036954,769.501505
2021-03-31,521.794315,658.760962,607.096352,671.590897,819.176378,754.885700
2021-04-01,528.245995,677.231688,624.118476,679.919552,842.200423,776.102770
2021-04-02,533.494574,696.609946,641.976956,686.674970,866.297868,798.308997
2021-04-06,531.301292,691.240578,637.028691,683.852130,859.622681,792.157693
2021-04-07,527.518346,676.686690,623.616220,678.983369,841.525505,775.480821
2021-04-08,528.393798,681.427991,627.985675,680.109442,847.421735,780.914303
2021-04-09,520.448579,661.101670,609.253485,669.882901,822.144208,757.620609
2021-04-12,511.395349,641.615915,591.295939,658.230135,797.912741,735.290878
2021-04-13,510.557106,641.330124,591.032562,657.152045,797.556702,734.962782
2021-04-14,514.793798,652.424680,601.257006,662.604772,811.353645,747.676911
2021-04-15,511.521447,649.914413,598.943611,658.393482,808.231533,744.799829
2021-04-16,513.300258,651.645405,600.538846,660.683403,810.383363,746.782779
2021-04-19,525.790181,672.529121,619.784716,676.758788,836.353952,770.715143
2021-04-20,525.412920,674.680025,621.766931,676.294270,839.170044,773.310222
2021-04-21,527.001550,678.109885,624.927798,678.340191,843.433335,777.238921
2021-04-22,526.019638,674.913063,621.981693,677.607171,839.457583,773.575194
2021-04-23,530.795866,691.782664,637.528263,683.759227,860.440578,792.911400
2021-04-26,524.779328,682.595632,629.061741,676.079877,849.146350,782.503566
2021-04-27,526.151938,690.672485,636.505152,677.848108,859.185434,791.754761
2021-04-28,529.120413,701.254654,646.257393,681.672469,872.349780,803.885942
2021-04-29,533.764341,702.893304,647.767529,687.655052,874.379541,805.756403
2021-04-30,529.559690,699.534250,644.671916,682.254393,870.230512,801.932999
2021-05-06,523.113178,685.612119,631.841655,673.950240,852.918503,785.979673
2021-05-07,516.387597,671.878939,619.185527,665.290809,835.861346,770.261197
2021-05-10,516.012403,671.049325,618.420976,664.825270,834.841389,769.321289
2021-05-11,519.179328,676.998803,623.903855,668.908944,842.240567,776.139763
2021-05-12,521.400517,683.811584,630.182330,671.813458,850.729966,783.962897
2021-05-13,516.069251,676.875779,623.790479,664.950843,842.098707,776.009037
2021-05-14,528.226357,694.491530,640.024681,680.678094,864.009810,796.200511
2021-05-17,535.916279,717.803410,661.508281,690.677992,893.404317,823.288075
2021-05-18,536.186047,718.898292,662.517295,691.027146,894.778168,824.554103
2021-05-19,534.601550,722.252898,665.608810,689.086380,898.955428,828.403523
2021-05-20,536.063049,722.511976,665.847569,691.000602,899.288854,828.710782
2021-05-21,530.661499,715.565083,659.445500,684.179845,890.804705,820.892486
2021-05-24,532.877519,720.756362,664.229642,687.039438,897.272832,826.852981
2021-05-25,549.713695,747.629788,688.995468,708.754377,930.721192,857.676244
2021-05-26,549.931783,744.390622,686.010339,709.047381,926.694180,853.965280
2021-05-27,551.755039,746.466720,687.923616,711.416933,929.310773,856.376517
2021-05-28,549.983463,743.859770,685.521121,709.258711,926.052436,853.373901
2021-05-31,551.066667,748.524445,689.819959,710.740064,932.276823,859.109785
2021-06-01,552.111628,757.873157,698.435481,712.141785,944.096680,870.001995
2021-06-02,546.766925,750.561839,691.697567,705.531337,935.616037,862.186931
2021-06-03,543.182429,744.763378,686.353861,701.030107,928.515766,855.643904
2021-06-04,545.972093,748.417900,689.721770,704.986167,933.120912,859.887629
2021-06-07,545.491473,747.416978,688.799347,704.458352,931.844475,858.711370
2021-06-08,540.787597,734.790224,677.162871,698.424723,916.191223,844.286617
2021-06-09,541.235142,739.778915,681.760314,699.127115,922.406267,850.013891
2021-06-10,544.854780,754.102140,694.960213,703.848863,940.212473,866.422629
2021-06-11,540.020672,749.655212,690.862044,697.858113,934.704785,861.347196
2021-06-15,534.011370,741.527651,683.371902,690.105257,924.650404,852.081904
2021-06-16,525.115245,717.886055,661.584445,678.729160,895.646281,825.354085
2021-06-17,527.327132,724.586344,667.759250,682.035916,903.974504,833.028691
2021-06-18,527.387080,727.935612,670.845845,682.361589,908.125572,836.853975
2021-06-21,526.138501,730.452528,673.165367,680.758747,911.236877,839.721098
2021-06-22,529.422222,735.570776,677.882207,685.051710,917.809148,845.777564
2021-06-23,532.029974,732.476771,675.030855,688.499352,914.135924,842.392622
2021-06-24,532.916796,736.563754,678.797309,689.826546,919.310518,847.161103
2021-06-25,541.598966,753.374024,694.289201,701.559964,941.068164,867.211164
2021-06-28,542.817571,761.533652,701.808894,703.170973,951.244189,876.588553
2021-06-29,536.489922,753.277269,694.200034,695.424243,940.925314,867.079525
2021-06-30,539.952455,757.067232,697.692762,700.254209,945.652678,871.435876
2021-07-01,540.533333,756.403778,697.081341,701.064818,944.941119,870.780161
2021-07-02,525.180362,729.298533,672.101877,681.168135,911.079504,839.576076
2021-07-05,525.663049,730.787634,673.474192,681.810293,912.904580,841.257917
2021-07-06,525.385013,726.682920,669.691398,681.956284,907.825427,836.577386
2021-07-07,531.316796,742.933195,684.667213,689.851048,928.069800,855.232939
2021-07-08,525.918346,734.127291,676.551930,683.044584,917.068234,845.094798
2021-07-09,523.973127,729.469065,672.259035,681.137508,912.393545,840.786989
2021-07-12,530.512661,744.880982,686.462242,689.837776,931.647132,858.529514
2021-07-13,531.483204,750.743208,691.864711,691.965370,938.996003,865.301630
2021-07-14,525.382946,744.460330,686.074581,684.050188,931.166056,858.086194
2021-07-15,532.450646,756.377411,697.057041,693.417117,946.082189,871.831677
2021-07-16,526.591214,742.296006,684.079997,686.272728,928.488968,855.619209
2021-07-19,528.526098,749.457539,690.679874,688.830129,937.412598,863.842494
2021-07-20,528.060982,751.021219,692.120919,688.276791,939.349890,865.627743
2021-07-21,531.683721,759.919181,700.321041,693.303795,950.417697,875.826926
2021-07-22,532.480620,758.960879,699.437896,694.417617,949.286373,874.784391
2021-07-23,526.018605,748.569259,689.861258,686.037917,936.264985,862.784949
2021-07-26,509.074935,715.214441,659.122357,663.939112,894.582799,824.374067
2021-07-27,491.091473,683.347544,629.754684,640.515156,854.732300,787.651120
2021-07-28,492.039276,687.027596,633.146121,641.829078,859.313052,791.872364
2021-07-29,501.319897,706.124355,650.745179,654.112771,883.164013,813.851452
2021-07-30,497.278553,688.265524,634.286961,649.064328,860.829425,793.269729
2021-08-02,509.947287,718.562360,662.207709,665.599126,898.768455,828.231225
2021-08-03,510.021705,723.943403,667.166733,665.697134,905.554306,834.484507
2021-08-04,514.609819,734.879701,677.245331,671.720554,919.180917,847.041673
2021-08-05,511.490439,729.234534,672.042897,667.668528,912.078995,840.497126
2021-08-06,508.688372,725.136561,668.266315,664.135129,907.019737,835.834929
2021-08-09,515.303359,728.584140,671.443511,672.782310,911.413093,839.883485
2021-08-10,521.255814,740.974108,682.861772,680.562730,926.953479,854.204229
2021-08-11,518.381395,729.608209,672.387266,676.811875,912.728863,841.095990
2021-08-12,514.041344,721.295083,664.726113,671.150882,902.303350,831.488693
2021-08-13,511.212403,720.810294,664.279344,667.529683,901.751237,830.979911
2021-08-16,510.704910,717.513054,661.240697,667.039642,897.653533,827.203803
2021-08-17,499.989664,695.783410,641.215243,653.067350,870.479157,802.162129
2021-08-18,505.864599,694.073686,639.639607,660.775286,868.358027,800.207470
2021-08-19,502.546770,691.101304,636.900340,656.455779,864.557844,796.705534
2021-08-20,492.947804,666.617415,614.336648,644.177191,834.230502,768.758345
2021-08-23,499.832558,679.280294,626.006415,653.668671,850.051763,783.337920
2021-08-24,505.259948,693.365553,638.987011,660.766097,867.639297,799.545148
2021-08-25,506.269767,701.345789,646.341381,662.400588,877.582813,808.708276
2021-08-26,496.290439,682.806755,629.256307,649.344060,854.418239,787.361707
2021-08-27,498.918863,688.773765,634.755342,652.821309,861.845540,794.206097
2021-08-30,497.495607,696.487142,641.863783,650.958132,871.447450,803.054429
2021-08-31,496.703876,681.895865,628.416855,649.922921,853.227084,786.264035
2021-09-01,503.303359,682.975458,629.411779,658.557850,854.687350,787.609697
2021-09-02,503.298191,677.216005,624.104022,658.550704,847.512257,780.997720
2021-09-03,500.574677,670.929169,618.310244,654.987698,839.686329,773.785987
2021-09-06,509.946253,690.142046,636.016313,667.248931,863.687477,795.903475
2021-09-07,516.054780,696.400938,641.784340,675.242723,871.514247,803.115984
2021-09-08,513.915245,688.288655,634.308278,672.443365,861.367114,793.765219
2021-09-09,513.696124,688.998094,634.962078,672.156486,862.261612,794.589515
2021-09-10,518.193282,695.470274,640.926665,678.041061,870.363323,802.055386
2021-09-13,515.933850,689.202528,635.150479,675.084481,862.537820,794.844045
2021-09-14,508.233592,687.761601,633.822559,665.009035,860.673963,793.126468
2021-09-15,503.082171,677.620400,624.476702,658.267909,847.978676,781.427534
2021-09-16,496.919897,668.728728,616.282377,650.204694,836.896831,771.215415
2021-09-17,501.905943,679.238030,624.817443,656.842707,850.000109,781.848765
2021-09-22,498.374160,674.792442,620.728036,652.224071,844.436889,776.731593
2021-09-23,501.622739,674.993707,620.913176,656.475176,844.688753,776.963262
2021-09-24,501.233075,674.969208,620.890640,655.965738,844.658095,776.935063
2021-09-27,504.120930,669.423725,615.789461,659.745179,837.718464,770.551838
2021-09-28,504.788630,660.080186,607.194527,660.619085,826.025937,759.796794
2021-09-29,499.631008,646.871455,595.044080,653.872855,809.496500,744.592655
2021-09-30,502.985013,663.031235,609.909138,658.262805,829.718887,763.193651
2021-10-08,509.554522,660.971950,608.014842,666.860982,827.141892,760.823274
2021-10-11,510.200517,659.392577,606.562009,667.706302,825.165461,759.005310
2021-10-12,504.789664,651.983675,599.746709,660.624190,815.893944,750.477165
2021-10-13,510.605685,673.815271,619.829156,668.236159,843.214055,775.606803
2021-10-14,507.866667,676.897035,622.664009,664.652735,847.070582,779.154121
2021-10-15,509.778811,684.834622,629.965636,667.256077,857.588780,788.828991
2021-10-18,503.853230,686.744191,631.722211,659.499137,859.982184,791.030496
2021-10-19,508.808269,690.375942,635.062985,665.986054,864.531484,795.215042
2021-10-20,507.512145,694.053418,638.445822,664.289288,869.127462,799.442524
2021-10-21,509.356072,688.849058,633.658435,666.713969,862.914053,793.727293
2021-10-22,512.633592,687.285302,632.219967,671.104940,860.946272,791.917285
2021-10-25,514.679070,706.220620,649.638187,674.097253,884.665866,813.735088
2021-10-26,512.981912,704.170882,647.752674,671.873692,882.095083,811.370426
2021-10-27,506.269767,701.318673,645.128984,663.083583,878.515001,808.077388
2021-10-28,502.753488,687.731053,632.630004,658.477198,861.493910,792.421015
2021-10-29,507.366408,700.513685,644.388492,664.518994,877.505004,807.148370
2021-11-01,505.497674,687.683716,632.586460,662.070831,861.428386,792.360745
2021-11-02,500.242894,685.878745,630.926104,655.187798,859.147785,790.262998
2021-11-03,498.305943,673.195889,619.259399,652.651836,843.265520,775.654142
2021-11-04,503.228941,683.860067,629.069162,659.099958,856.607836,787.926696
2021-11-05,500.501292,674.771174,620.708472,655.526743,845.210525,777.443199
2021-11-08,501.103876,686.508394,631.505305,656.316934,859.900228,790.955111
2021-11-09,500.955039,690.616312,635.284097,656.139294,865.032497,795.675885
2021-11-10,498.314212,681.558387,626.951893,652.679401,853.694327,785.246787
2021-11-11,506.320413,686.426679,631.430138,663.166277,859.802742,790.865441
2021-11-12,505.257881,687.316733,632.248880,661.774765,860.901497,791.876101
2021-11-15,504.638760,671.526587,617.723842,660.963135,841.138474,773.697638
2021-11-16,504.735917,668.262682,614.721440,661.090749,837.036671,769.924709
2021-11-17,504.987080,676.000874,621.839648,661.451134,846.732170,778.842842
2021-11-18,500.012403,672.287058,618.423383,654.940736,842.083548,774.566938
2021-11-19,505.432558,675.290701,621.186375,662.050413,845.851306,778.032604
2021-11-22,507.741602,692.520411,637.035639,665.074374,867.429734,797.880916
2021-11-23,507.839793,688.305253,633.158200,665.203010,862.156262,793.030261
2021-11-24,508.181912,684.415780,629.580352,665.651193,857.300039,788.563400
2021-11-25,506.091990,679.084697,624.676395,662.914110,850.611861,782.411467
2021-11-26,502.339018,681.702713,627.084656,657.997366,853.892071,785.428676
2021-11-29,501.438760,684.296330,629.470472,656.819226,857.128386,788.405510
2021-11-30,499.434625,683.330418,628.581949,654.193423,855.914759,787.289189
2021-12-01,500.656331,676.531770,622.328009,655.794224,847.415684,779.471553
2021-12-02,501.928682,679.694393,625.237242,657.461384,851.393096,783.130064
2021-12-03,506.565375,681.127895,626.555892,663.533808,853.181972,784.775512
2021-12-06,505.697158,673.886130,619.894338,662.397525,844.116931,776.437288
2021-12-07,508.744186,672.300566,618.435809,666.388296,842.145428,774.623856
2021-12-08,516.375194,684.288382,629.463161,676.384110,857.145216,788.420991
2021-12-09,524.929199,691.986533,636.544535,687.589713,866.775046,797.278719
2021-12-10,522.493023,693.835961,638.245787,684.398322,869.082602,799.401261
2021-12-13,525.457364,695.563577,639.834986,688.281896,871.241772,801.387312
2021-12-14,521.932817,686.927275,631.890625,683.664281,860.414873,791.428493
2021-12-15,517.405685,678.728029,624.348303,677.734786,850.153395,781.989761
2021-12-16,520.385530,681.838207,627.209294,681.638779,854.086136,785.607181
2021-12-17,512.119897,666.278202,612.895957,670.811937,834.609464,767.692111
2021-12-20,504.436176,650.636433,598.507408,660.746700,815.009322,749.663471
2021-12-21,507.854264,653.525046,601.164585,665.223428,818.645980,753.008548
2021-12-22,507.953488,653.350126,601.003680,665.355127,818.421324,752.801905
2021-12-23,511.497674,657.945896,605.231236,669.996223,824.178636,758.097606
2021-12-24,508.665633,642.246126,590.789332,666.287225,804.508865,740.004919
2021-12-27,508.456848,641.747928,590.331050,666.013619,803.876431,739.423192
2021-12-28,512.243928,654.942028,602.468038,670.974263,820.383002,754.606299
2021-12-29,504.752455,646.844101,595.018917,661.161193,810.244869,745.281021
2021-12-30,508.683204,649.263752,597.244706,666.309685,813.271419,748.064909
2021-12-31,510.632558,654.877045,602.408262,668.864024,820.299329,754.529335
2022-01-04,508.296641,642.072877,590.629964,665.803310,804.277802,739.792383
2022-01-05,503.164858,623.616311,573.652139,659.081582,781.166938,718.534502
2022-01-06,498.008269,616.670392,567.262728,652.327184,772.486193,710.549762
2022-01-07,498.436176,611.401303,562.415798,652.887668,765.912162,704.502824
2022-01-10,500.677003,611.972356,562.941099,655.821788,766.634099,705.166878
2022-01-11,495.893540,604.026701,555.632050,649.557432,756.680542,696.011377
2022-01-12,500.835142,620.990244,571.236473,656.030056,777.912876,715.541345
2022-01-13,492.601550,611.448638,562.459341,645.245072,765.958275,704.545240
2022-01-14,488.550904,612.132446,563.088362,639.939357,766.798885,705.318452
2022-01-17,492.742119,617.956269,568.445580,645.428837,774.093828,712.028501
2022-01-18,497.503876,624.282351,574.264817,651.665629,782.030199,719.328548
2022-01-19,494.096124,611.439133,562.450598,647.202173,765.961510,704.548215
2022-01-20,498.554005,609.945234,561.076389,653.041827,764.097759,702.833896
2022-01-21,493.985530,603.533144,555.178036,647.058223,756.050909,695.432227
2022-01-24,494.753488,608.892780,560.108258,648.063828,762.758679,701.602181
2022-01-25,483.560724,595.086332,547.407984,633.402415,745.454609,685.685518
2022-01-26,487.060465,603.604817,555.243967,637.987361,756.116153,695.492240
2022-01-27,477.506977,584.110141,537.311206,625.472941,731.706451,673.039661
2022-01-28,471.707494,573.454597,527.509384,617.876285,718.355240,660.758923
2022-02-07,478.975711,585.172745,538.288674,627.396351,733.044082,674.270043
2022-02-08,476.358656,572.156884,526.315644,623.969127,716.777267,659.307469
2022-02-09,480.833075,579.848748,533.391236,629.830221,726.408143,668.166160
2022-02-10,479.572093,573.004030,527.094917,628.178375,717.843475,660.288191
2022-02-11,475.596899,564.531928,519.301600,622.970669,707.231169,650.526758
2022-02-14,470.458915,562.474126,517.408670,616.240773,704.629301,648.133503
2022-02-15,475.462532,577.409013,531.146972,622.795071,723.315345,665.321336
2022-02-16,477.311628,580.486629,533.978010,625.216690,727.183483,668.879335
2022-02-17,478.466150,588.761941,541.590303,626.729691,737.531822,678.397964
2022-02-18,480.748320,586.610554,539.611285,629.717920,734.853156,675.934069
2022-02-21,478.998450,584.182502,537.377769,627.426979,731.807957,673.133028
2022-02-22,472.780362,580.955760,534.409554,619.282090,727.753235,669.403406
2022-02-23,477.834625,595.396120,547.692952,625.901726,745.828603,686.029526
2022-02-24,468.146770,585.777424,538.844906,613.211708,733.764728,674.932909
2022-02-25,472.704910,595.631815,547.909763,619.183061,746.102300,686.281278
2022-02-28,473.555556,603.016170,554.702483,620.296883,755.344295,694.782268
2022-03-01,477.487339,602.745846,554.453817,625.446397,755.012836,694.477385
2022-03-02,473.240310,596.763020,548.950336,619.884432,747.520436,687.585711
2022-03-03,470.452713,586.682843,539.677782,616.232606,734.912663,675.988804
2022-03-04,464.747287,577.016479,530.785889,608.759482,722.809414,664.855970
2022-03-07,449.899742,558.445397,513.702723,589.310982,699.559989,643.470639
2022-03-08,440.867183,546.144729,502.387584,577.479556,684.147056,629.293484
2022-03-09,436.832041,541.564866,498.174661,572.193239,678.403243,624.010199
2022-03-10,443.704393,558.528238,513.778926,581.195700,699.627130,643.532396
2022-03-11,445.118346,556.817615,512.205358,583.048667,697.473974,641.551876
2022-03-14,431.499742,536.380278,493.405462,565.209135,671.876429,618.006692
2022-03-15,411.763307,518.808767,477.241781,539.357434,649.841563,597.738539
2022-03-16,429.568992,542.646983,499.170078,562.680320,679.690187,625.193958
2022-03-17,438.005168,552.635826,508.358614,573.729722,692.213842,636.713492
2022-03-18,440.919897,549.636240,504.280231,577.548979,688.462997,631.610993
2022-03-21,440.180879,552.627634,507.024776,576.580127,692.209956,635.048535
2022-03-22,439.824289,551.802715,506.267929,576.112546,691.176680,634.100585
2022-03-23,442.017571,553.185168,507.536302,578.986432,692.908311,635.689221
2022-03-24,439.411886,551.052993,505.580074,575.572480,690.237593,633.239046
2022-03-25,431.480103,540.177338,495.601879,565.184633,676.614973,620.741357
2022-03-28,428.782429,541.970105,497.246706,561.649192,678.860555,622.801503
2022-03-29,427.301292,544.345050,499.425671,559.710467,681.835362,625.530656
2022-03-30,439.700258,555.024682,509.224019,575.962471,695.212448,637.803087
2022-03-31,436.444444,549.222331,503.900479,571.698094,687.944544,631.135353
2022-04-01,441.980362,553.137763,507.492809,578.949679,692.848933,635.634746
2022-04-06,440.706977,551.009916,505.540552,577.283540,690.183636,633.189544
2022-04-07,435.049096,545.244419,500.250824,569.872691,682.961893,626.564160
2022-04-08,437.288889,550.071124,504.679229,572.940552,689.007724,632.110737
2022-04-11,423.779845,531.729772,487.851406,555.240886,666.033726,611.033890
2022-04-12,432.038243,536.513915,492.240761,566.061602,672.026244,616.531557
2022-04-13,427.880103,533.471556,489.449458,560.636441,668.215448,613.035449
2022-04-14,433.237209,537.813831,493.433408,567.656277,673.654492,618.025347
2022-04-15,432.945736,533.618068,489.583880,567.274454,668.398967,613.203813
2022-04-18,430.633592,532.370458,488.439223,564.251514,666.836236,611.770130
2022-04-19,427.379845,534.369543,490.273343,559.987136,669.340248,614.067365
2022-04-20,420.753488,517.106085,474.434466,551.326684,647.716397,594.229172
2022-04-21,413.005685,504.011888,462.420803,541.175690,631.314877,579.182059
2022-04-22,414.806202,506.623821,464.817200,543.535033,634.586531,582.183546
2022-04-25,394.305943,480.248992,440.618822,516.672622,601.549964,551.875078
2022-04-26,391.123514,475.090230,435.885762,512.504211,595.088206,545.946920
2022-04-27,402.639793,494.835989,454.002100,527.593389,619.821335,568.637633
2022-04-28,405.282687,503.839470,462.262613,531.056344,631.098910,578.983926
2022-04-29,415.115245,517.158173,474.482257,544.171065,647.859525,594.360481
2022-05-05,414.491990,516.407467,473.793499,543.378832,646.915635,593.494536
2022-05-06,404.012403,505.097639,463.416958,529.642372,632.747648,580.496514
2022-05-09,400.768992,504.327290,462.710178,525.401476,631.782809,579.611350
2022-05-10,405.154522,508.932791,466.935633,531.189064,637.552244,584.904356
2022-05-11,410.999483,517.813801,475.083782,538.866372,648.679390,595.112643
2022-05-12,409.172093,513.824432,471.423615,536.488652,643.681708,590.527660
2022-05-13,412.258398,522.963498,479.808526,540.535574,655.129710,601.030307
2022-05-16,408.944703,519.522439,476.651423,536.240569,650.881663,597.133056
2022-05-17,414.045478,528.384693,484.782363,542.929628,661.985885,607.320312
2022-05-18,412.600517,526.277240,482.848817,541.033782,659.349771,604.901883
2022-05-19,413.395349,532.665279,488.709716,542.179253,667.352710,612.243954
2022-05-20,421.457364,540.739767,496.117896,552.760053,677.486883,621.541266
2022-05-23,419.016021,539.489670,494.970957,549.558453,675.921562,620.105207
2022-05-24,409.214470,528.083223,484.505771,536.718359,661.626696,606.990784
2022-05-25,411.698191,533.977886,489.914006,540.011843,669.033315,613.785778
2022-05-26,412.717313,535.922292,491.697960,541.759655,672.023482,616.529023
2022-05-27,413.571059,539.763099,495.221822,542.904105,676.865136,620.970862
2022-05-30,416.436176,539.447418,494.932191,546.938776,676.462458,620.601436
2022-05-31,422.896124,545.769501,500.732576,555.467530,684.385127,627.869866
2022-06-01,422.034109,545.623819,500.598916,554.573205,684.249531,627.745467
2022-06-02,422.694574,547.344875,502.177951,555.805454,686.487836,629.798937
2022-06-06,430.603618,560.651422,514.386440,566.253535,703.168095,645.101771
2022-06-07,431.951421,558.276954,512.207913,568.050352,700.437660,642.596810
2022-06-08,436.156072,563.488811,516.989687,573.723596,706.963839,648.584070
2022-06-09,431.593798,559.341498,513.184611,567.832896,701.822943,643.867699
2022-06-10,438.138501,570.369654,523.302723,576.768997,715.675068,656.575941
2022-06-13,433.007752,566.189986,519.467962,570.062582,710.535205,651.860519
2022-06-14,436.414470,571.875548,524.684351,574.551561,717.700471,658.434090
2022-06-15,442.193282,572.268966,525.045304,582.178845,718.183205,658.876961
2022-06-16,439.282687,567.426552,520.602486,578.837378,712.168936,653.359339
2022-06-17,445.378811,574.697563,527.273493,586.991455,721.630328,662.039426
2022-06-20,447.589664,570.991178,523.872960,590.406428,717.246864,658.017941
2022-06-21,447.087339,568.113641,521.232877,590.070545,714.703164,655.684295
2022-06-22,441.407752,563.154512,516.682975,582.704618,708.682828,650.161107
2022-06-23,448.979845,572.708716,525.448766,592.809670,720.760123,661.241082
2022-06-24,454.239793,578.386026,530.657584,599.918327,727.931250,667.820030
2022-06-27,459.355039,582.502060,534.433963,606.717645,733.187351,672.642092
2022-06-28,464.136434,586.470711,538.075120,613.117783,739.625691,678.548766
2022-06-29,456.988114,575.547465,528.053262,604.028545,726.162484,666.197326
2022-06-30,463.566925,578.929650,531.156348,613.393431,731.306601,670.916651
2022-07-01,461.676486,579.477630,531.659109,610.891160,732.013710,671.565368
2022-07-04,464.705943,584.496742,536.264044,614.907454,738.328584,677.358772
2022-07-05,464.035142,587.743368,539.242758,614.039673,742.421035,681.113276
2022-07-06,457.257881,577.047608,529.429612,605.194434,728.891097,668.700614
2022-07-07,459.273385,585.302631,537.003430,608.042797,739.312697,678.261619
2022-07-08,457.755039,581.413324,533.435069,606.448122,735.250060,674.534467
2022-07-11,450.089922,567.390344,520.569266,596.641178,720.748349,661.230280
2022-07-12,445.852196,563.719265,517.201125,591.735664,717.196725,657.971942
2022-07-13,446.662532,568.018024,521.145150,592.905636,722.746831,663.063731
2022-07-14,446.725581,571.714474,524.536569,593.087360,727.350675,667.287398
2022-07-15,439.124548,561.807915,515.447499,584.396280,715.295853,656.228041
2022-07-18,443.678553,568.489219,521.577462,590.465641,723.923735,664.143448
2022-07-19,441.275452,562.030665,515.651868,587.292626,715.839696,656.726974
2022-07-20,442.770026,563.028597,516.567451,589.286480,717.073782,657.859152
2022-07-21,437.835659,553.717462,508.024671,583.133403,706.422513,648.087445
2022-07-22,438.059948,555.832949,509.965588,583.498892,709.116621,650.559079
2022-07-25,435.414987,550.887512,505.428249,580.013476,703.058029,645.000794
2022-07-26,438.860982,558.019095,511.971333,584.653551,712.278792,653.460123
2022-07-27,436.696641,556.798360,510.851333,581.769456,710.675922,651.989616
2022-07-28,436.761757,556.295216,510.389709,581.978744,710.020725,651.388523
2022-07-29,431.018088,548.324383,503.076629,574.497453,700.627916,642.771355
2022-08-01,432.938501,553.604937,507.921432,577.056896,707.273549,648.868204
2022-08-02,424.498191,542.525926,497.756661,565.807393,693.098426,635.863637
2022-08-03,420.359690,538.356928,493.931689,560.328123,687.796472,630.999508
2022-08-04,423.931783,541.287974,496.620865,565.094792,691.545889,634.439306
2022-08-05,429.654780,545.751972,500.716494,573.186593,697.173313,639.602027
2022-08-08,428.741085,548.275754,503.032013,572.030913,700.484463,642.639748
2022-08-09,429.590698,554.628361,508.860402,573.164133,708.545699,650.035303
2022-08-10,424.779328,551.909740,506.366123,566.779308,705.066670,646.843565
2022-08-11,433.440827,559.764610,513.572808,578.337128,715.071294,656.022026
2022-08-12,433.193798,558.614474,512.517581,578.071689,713.766017,654.824536
2022-08-15,432.628424,565.364014,518.710149,577.337648,722.242907,662.601420
2022-08-16,431.818088,565.145955,518.510084,576.262621,721.941953,662.325318
2022-08-17,435.861499,566.460482,519.716137,581.658176,723.582128,663.830051
2022-08-18,432.051680,562.407096,515.997236,576.598503,718.436380,659.109229
2022-08-19,429.051163,555.640033,509.788591,572.652653,710.547902,651.872167
2022-08-22,432.186047,563.994658,517.453792,576.836377,721.168579,661.615808
2022-08-23,430.085788,567.229015,520.421250,574.135027,725.562845,665.647204
2022-08-24,421.955556,556.072784,510.185632,563.285724,711.537377,652.779933
2022-08-25,425.451163,558.930236,512.807287,568.152444,715.506443,656.421241
2022-08-26,424.552972,553.346708,507.684512,567.214219,708.281049,649.792506
2022-08-29,422.689406,555.888940,510.016959,564.725220,711.568098,652.808117
2022-08-30,421.270284,551.222251,505.735365,562.829374,705.585268,647.319338
2022-08-31,421.585530,544.217905,499.309018,563.249992,696.759549,639.222431
2022-09-01,417.957623,541.904628,497.186633,558.402671,693.943604,636.639021
2022-09-02,415.877003,539.847807,495.299540,555.623730,691.279180,634.194620
2022-09-05,415.031525,546.438716,501.346568,554.493573,699.907655,642.110572
2022-09-06,418.840310,553.822153,508.120723,559.607355,709.334705,650.759154
2022-09-07,419.119380,558.322626,512.249817,559.981011,714.948131,655.909034
2022-09-08,417.331266,553.461243,507.789595,557.611459,708.797779,650.266566
2022-09-09,423.130749,558.516564,512.427751,565.359210,715.332270,656.261451
2022-09-13,424.920930,555.694979,509.839003,567.752243,711.662036,652.894298
2022-09-14,420.192248,549.207020,503.886431,561.433778,703.424729,645.337212
2022-09-15,416.239793,538.333342,493.910049,556.182173,689.765419,632.805863
2022-09-16,406.478553,524.474038,480.343699,543.139937,671.871043,615.312035
2022-09-19,405.994832,527.442947,483.062799,542.555972,675.674329,618.795155
2022-09-20,406.495090,527.594425,483.201530,543.281845,677.855014,620.792267
2022-09-21,403.486305,527.153386,482.797601,539.261467,677.316977,620.299523
2022-09-22,399.931783,527.070036,482.721265,534.520321,677.310122,620.293245
2022-09-23,398.555039,524.579725,480.440494,532.679605,674.155925,617.404572
2022-09-26,396.556072,520.018932,476.263455,530.021133,668.188730,611.939703
2022-09-27,402.304910,522.351233,478.399512,537.704567,671.171250,614.671151
2022-09-28,395.732300,515.189910,471.840758,528.985922,661.983595,606.256926
2022-09-29,395.570026,517.496559,473.953320,528.769487,664.953757,608.977055
2022-09-30,393.270284,515.976727,472.561371,525.694480,663.012892,607.199574
2022-10-10,384.593282,511.719886,468.662709,514.095823,657.610063,602.251563
2022-10-11,385.290956,512.715083,469.574168,515.028943,658.861381,603.397544
2022-10-12,391.143152,516.883682,473.392012,522.851222,664.199891,608.286651
2022-10-13,387.872868,507.576589,464.868037,518.541924,652.249173,597.341960
2022-10-14,397.154522,514.525218,471.231994,530.949148,661.167248,605.509299
2022-10-17,397.561757,509.686154,466.800099,531.494319,654.971393,599.835020
2022-10-18,396.720413,508.272800,465.505667,530.369266,653.153248,598.169928
2022-10-19,390.339018,502.765996,460.462218,521.838470,646.079061,591.691257
2022-10-20,388.106460,497.161229,455.329047,519.142224,638.916533,585.131680
2022-10-21,386.862016,498.504361,456.559165,517.492420,640.649781,586.719021
2022-10-24,375.542119,484.932931,444.129664,502.351176,623.255415,570.788936
2022-10-25,374.930233,485.633321,444.771122,501.532399,624.134139,571.593687
2022-10-26,377.974160,482.452199,441.857666,505.603822,620.043697,567.847585
2022-10-27,375.311628,477.899457,437.688001,502.042858,614.223409,562.517256
2022-10-28,366.028941,468.692249,429.255506,489.624404,602.410637,551.698899
2022-10-31,362.656331,455.384313,417.067328,485.123174,585.255282,535.987705
2022-11-01,375.624806,466.572269,427.313906,502.471644,599.612150,549.135992
2022-11-02,380.135401,473.731794,433.871014,508.504252,608.801706,557.551959
2022-11-03,377.043928,469.322000,429.832269,504.368511,603.152232,552.378066
2022-11-04,389.371576,485.567977,444.711276,520.860430,623.989259,571.461004
2022-11-07,390.211886,486.903475,445.934402,521.983441,625.738218,573.062732
2022-11-08,387.527649,483.926915,443.208296,518.392870,621.928319,569.573556
2022-11-09,383.903876,478.594552,438.324609,513.583322,615.081622,563.303224
2022-11-10,380.949871,475.084508,435.109908,509.631346,610.556427,559.158965
2022-11-11,391.570026,487.254355,446.255758,523.839471,626.186014,573.472833
2022-11-14,392.146770,480.900641,440.436659,524.610264,618.038083,566.010806
2022-11-15,399.583463,487.156554,446.166187,534.560137,626.053283,573.351276
2022-11-16,396.319380,484.387109,443.629769,530.192647,622.515708,570.111498
2022-11-17,394.693540,479.077373,438.766805,528.019112,615.704982,563.874108
2022-11-18,392.927132,476.758850,436.643367,525.662831,612.719550,561.139994
2022-11-21,389.574160,474.460775,434.538657,521.176915,609.764897,558.434068
2022-11-22,389.619638,478.194444,437.958167,521.239191,614.585397,562.848772
2022-11-23,390.028941,483.774574,443.068774,521.789466,621.761543,569.420819
2022-11-24,388.300775,482.073690,441.511006,519.477085,619.570939,567.414623
2022-11-25,390.261499,487.359865,446.352391,522.099825,626.368724,573.640162
2022-11-28,385.864599,483.290572,442.625497,516.233627,621.128586,568.841146
2022-11-29,397.769509,492.768400,451.305840,532.160978,633.300028,579.987979
2022-11-30,398.247028,493.932306,452.371813,532.799053,634.812699,581.373312
2022-12-01,402.560207,494.746438,453.117442,538.569285,635.836776,582.311180
2022-12-02,400.098191,490.852707,449.551338,535.275801,630.851386,577.745467
2022-12-05,407.946253,499.605490,457.567643,545.774928,642.111527,588.057715
2022-12-06,410.149871,500.134101,458.051776,548.729467,642.773194,588.663682
2022-12-07,409.141085,496.344910,454.581415,547.379812,637.885067,584.187044
2022-12-08,409.217571,495.839131,454.118194,547.481904,637.221502,583.579338
2022-12-09,413.254780,498.451347,456.510612,552.884606,640.564228,586.640670
2022-12-12,408.624289,490.632076,449.349271,546.688650,630.527851,577.449168
2022-12-13,407.822222,490.685724,449.398405,545.615665,630.600099,577.515334
2022-12-14,408.774160,491.948976,450.555364,547.257302,632.233826,579.011532
2022-12-15,408.474419,491.133083,449.808122,546.856081,631.170543,578.037758
2022-12-16,408.705943,492.657981,451.204712,547.165419,633.130723,579.832927
2022-12-19,402.400000,484.664700,443.884003,538.724464,622.856382,570.423494
2022-12-20,395.764341,478.021928,437.800167,529.840430,614.338565,562.622718
2022-12-21,395.921447,476.463807,436.373150,530.050740,612.338082,560.790638
2022-12-22,396.488889,474.865553,434.909376,530.810303,610.294009,558.918638
2022-12-23,395.681654,473.969024,434.088283,529.729150,609.136690,557.858744
2022-12-26,397.259948,476.283083,436.207632,531.878184,612.101950,560.574384
2022-12-27,401.844961,481.030786,440.555853,538.429419,618.913104,566.812166
2022-12-28,400.130233,480.167788,439.765470,536.132352,617.821390,565.812354
2022-12-29,398.625323,476.086081,436.027206,534.115017,612.551915,560.986470
2022-12-30,400.168475,478.158849,437.925567,536.183398,615.214550,563.424961
2023-01-03,401.850129,481.717310,441.184612,538.435544,619.789455,567.614745
2023-01-04,402.372093,480.037464,439.646112,539.134874,617.627250,565.634557
2023-01-05,410.189147,486.776136,445.817778,549.609499,626.288158,573.566378
2023-01-06,411.461499,488.713853,447.592451,551.313412,628.767931,575.837401
2023-01-09,414.792765,490.262526,449.010816,555.777889,630.771902,577.672675
2023-01-10,415.242377,490.127238,448.886911,556.380231,630.597648,577.513089
2023-01-11,414.473385,493.314581,451.806064,555.389940,634.680962,581.252665
2023-01-12,415.283721,493.658631,452.121165,556.476197,635.144122,581.676836
2023-01-13,421.124548,498.289677,456.362546,564.302559,641.118891,587.148641
2023-01-16,427.696124,501.013714,458.857376,573.109003,644.627816,590.362179
2023-01-17,427.621705,500.196957,458.109343,573.008953,643.568267,589.391825
2023-01-18,426.905426,499.021581,457.032866,572.049290,642.060584,588.011061
2023-01-19,429.561757,499.005778,457.018392,575.608212,642.038909,587.991210
2023-01-20,432.199483,503.606251,461.231772,579.142633,647.958451,593.412437
2023-01-30,434.248062,503.961278,461.556926,581.887883,648.434909,593.848786
2023-01-31,429.649612,501.639303,459.430327,575.725618,645.426657,591.093773
2023-02-01,433.687855,504.546431,462.092843,581.137508,649.163088,594.515665
2023-02-02,432.160207,503.956315,461.552381,579.090566,648.395360,593.812566
2023-02-03,428.075452,498.322227,456.392356,573.617421,641.165651,587.191464
2023-02-06,422.416537,494.282582,452.692616,566.034037,635.972766,582.435723
2023-02-07,423.176227,497.074861,455.249946,567.052914,639.561406,585.722266
2023-02-08,421.306460,494.973928,453.325790,564.546559,636.856155,583.244747
2023-02-09,426.962274,499.627177,457.587506,572.124838,642.839435,588.724347
2023-02-10,424.424806,497.041289,455.219200,568.725179,639.512793,585.677745
2023-02-13,428.275969,499.106364,457.110515,573.885923,642.180411,588.120800
2023-02-14,428.453747,498.926291,456.945593,574.123797,641.952075,587.911686
2023-02-15,426.221189,494.638890,453.018943,571.132505,636.450842,582.873554
2023-02-16,423.099742,491.236260,449.902618,566.948781,632.099608,578.888613
2023-02-17,417.003618,487.696299,446.660516,558.780411,627.547622,574.719819
2023-02-20,427.234109,497.851423,455.961167,572.489306,640.614552,586.686757
2023-02-21,428.356589,500.740946,458.607559,573.994140,644.320747,590.080960
2023-02-22,424.490956,497.560351,455.694586,568.813999,640.225353,586.330321
2023-02-23,424.149871,498.203824,456.283916,568.356627,641.045742,587.081649
2023-02-24,419.746770,493.860121,452.305702,562.455718,635.460029,581.966148
2023-02-27,417.967959,495.021128,453.369018,560.202550,636.949396,583.330139
2023-02-28,420.616021,496.531131,454.751967,563.751263,638.892241,585.109433
2023-03-01,426.557106,500.636860,458.512232,571.714429,644.181315,589.953266
2023-03-02,425.606202,500.372706,458.270304,570.439301,643.867669,589.666022
2023-03-03,426.930233,504.279983,461.848815,572.214679,648.923252,594.296019
2023-03-06,424.703876,502.933420,460.615554,569.230534,647.198012,592.716013
2023-03-07,418.485788,501.396125,459.207610,560.896775,645.270109,590.950403
2023-03-08,416.962274,497.679935,455.804108,558.853917,640.474933,586.558892
2023-03-09,415.488372,495.946058,454.216123,556.878439,638.253752,584.524693
2023-03-10,410.040310,487.888082,446.836163,549.575808,627.871268,575.016220
2023-03-13,414.334884,495.718321,454.007549,555.331748,637.999524,584.291866
2023-03-14,411.855297,492.120577,450.712526,552.008657,633.342107,580.026517
2023-03-15,412.082687,494.360134,452.763643,552.313912,636.243555,582.683717
2023-03-16,407.147287,487.174741,446.182843,545.699380,626.973238,574.193787
2023-03-17,409.180362,492.030529,449.623733,548.424212,633.324325,578.713515
2023-03-20,407.140052,487.342848,445.340072,545.689171,627.290508,573.199988
2023-03-21,411.615504,489.400813,447.220666,551.687068,629.939448,575.620513
2023-03-22,413.378811,490.881068,448.573342,554.051516,631.844779,577.361550
2023-03-23,417.477003,495.823509,453.089807,559.544058,638.206515,583.174720
2023-03-24,416.232558,491.073027,448.748756,557.875877,632.091862,577.587327
2023-03-27,414.726615,488.848665,446.716106,555.857521,629.228742,574.971090
2023-03-28,413.386047,492.340801,449.907264,554.061725,633.723696,579.078449
2023-03-29,414.071318,492.664947,450.203473,554.979531,634.140926,579.459702
2023-03-30,417.419121,496.715108,453.904561,559.484844,639.354150,584.223396
2023-03-31,418.700775,498.078078,455.150060,561.202030,641.108516,585.826485
2023-04-03,422.797933,498.353437,455.401687,566.694572,641.462949,586.150356
2023-04-04,424.094057,503.022220,459.668080,568.431154,647.472442,591.641657
2023-04-06,423.425323,500.235624,457.121654,567.535809,643.885634,588.364136
2023-04-07,426.178811,499.292086,456.259437,571.226430,642.671145,587.254371
2023-04-10,424.269767,499.795863,456.719794,568.668007,643.319588,587.846899
2023-04-11,423.788114,498.381433,455.427271,568.021766,641.498985,586.183284
2023-04-12,423.492506,500.892073,457.721525,567.625650,644.730591,589.136233
2023-04-13,420.566408,499.462394,456.415066,563.720636,642.890359,587.454682
2023-04-14,422.945736,501.093784,457.905851,566.909986,644.990227,589.373481
2023-04-17,428.876486,510.838195,466.810417,574.859879,657.532888,600.834603
2023-04-18,430.183979,516.243421,471.749781,576.634235,664.490305,607.192090
2023-04-19,426.311111,512.081587,467.946645,571.441843,659.133339,602.297049
2023-04-20,425.118346,509.963245,466.010877,569.863503,656.406684,599.805510
2023-04-21,416.803101,501.882893,458.626949,558.746720,646.005941,590.301611
2023-04-24,411.642377,500.079895,456.979347,551.828976,643.685185,588.180971
2023-04-25,409.578295,503.485154,460.091115,549.067391,648.068314,592.186148
2023-04-26,409.222739,501.730119,458.487342,548.728446,645.809295,590.121921
2023-04-27,412.239793,508.189510,464.390016,552.803953,654.123596,597.719290
2023-04-28,416.443411,512.725238,468.534821,558.449633,659.995527,603.084892
2023-05-04,416.563307,519.709623,474.917241,558.610938,668.986256,611.300360
2023-05-05,415.181395,517.637120,473.023361,556.756950,666.318316,608.862473
2023-05-08,419.913178,533.265221,487.304518,563.102980,686.433652,627.243288
2023-05-09,416.318346,528.891540,483.307793,558.288328,680.803631,622.098738
2023-05-10,413.113178,520.445316,475.589526,553.995365,669.932242,612.164775
2023-05-11,412.471318,518.089336,473.436601,553.135752,666.899552,609.393590
2023-05-12,407.003618,512.753943,468.561052,545.846393,660.032513,603.118688
2023-05-15,413.321964,523.002368,477.926192,554.339415,673.253071,615.199253
2023-05-16,411.184496,520.301800,475.458380,551.552307,669.818859,612.061169
2023-05-17,409.319897,515.548049,471.114342,549.056161,663.699565,606.469535
2023-05-18,408.896124,519.465076,474.693770,548.552848,668.740849,611.076115
2023-05-19,407.704393,517.368000,472.777436,547.085788,666.041951,608.609939
2023-05-22,410.266667,519.735588,474.940967,550.529346,669.089787,611.394964
2023-05-23,404.464083,510.027823,466.069889,542.751988,656.620806,600.001169
2023-05-24,398.872351,499.909829,456.823938,535.254362,643.598659,588.101906
2023-05-25,397.984496,498.082534,455.154132,534.107870,641.269648,585.973723
2023-05-26,398.031008,496.649595,453.844694,534.301845,639.421641,584.285067
2023-05-29,396.272868,497.916041,455.001989,532.029280,641.047641,585.770859
2023-05-30,396.666667,497.644075,454.753464,532.576492,640.695331,585.448929
2023-05-31,392.613953,489.552194,447.359000,527.418811,631.170769,576.745658
2023-06-01,393.474935,492.218413,449.795425,528.968566,634.589637,579.869721
2023-06-02,399.155556,496.707083,453.897228,536.673439,640.373968,585.155277
2023-06-05,397.338501,495.867248,453.129776,534.235485,639.272469,584.148759
2023-06-06,393.608269,494.015438,451.437568,529.246256,636.933567,582.011537
2023-06-07,391.663049,491.566696,449.199877,526.779716,634.027248,579.355826
2023-06-08,394.851680,497.410017,454.539578,531.108411,641.601348,586.276821
2023-06-09,396.558140,500.018047,456.922829,533.605578,645.279091,589.637436
2023-06-12,397.357106,499.267695,456.237147,534.731652,644.401682,588.835685
2023-06-13,399.473902,499.322752,456.287459,537.800533,644.535810,588.958247
2023-06-14,399.381912,500.054775,456.956391,538.384498,645.533070,589.869515
2023-06-15,405.736434,504.831402,461.321334,547.125604,652.090904,595.861875
2023-06-16,409.648579,506.737377,463.063038,552.516054,654.581285,598.137514
2023-06-19,406.295607,502.422930,459.120442,548.568162,649.293578,593.305759
2023-06-20,405.606202,500.070123,456.970417,547.782054,646.261539,590.535169
2023-06-21,399.382946,493.793383,451.234652,539.835224,640.038440,584.848680
2023-06-26,393.767442,486.461044,444.534268,532.438668,630.542410,576.171482
2023-06-27,397.460465,492.857293,450.379241,537.684148,638.890643,583.799857
2023-06-28,396.981912,494.209845,451.615221,537.510592,640.660382,585.416993
2023-06-29,395.022222,492.160499,449.742502,535.028739,637.993142,582.979746
2023-06-30,397.152455,494.094652,451.509955,538.631561,641.050662,585.773620
2023-07-03,402.364858,503.408523,460.021089,545.782075,653.116908,596.799407
2023-07-04,402.998450,502.680809,459.356095,546.641688,652.149160,595.915107
2023-07-05,399.877003,497.902108,454.989257,542.649896,649.715132,593.690963
2023-07-06,397.183463,493.961290,451.388088,539.151208,644.805545,589.204723
2023-07-07,395.421189,492.187185,449.766887,536.851079,642.774631,587.348933
2023-07-10,397.346770,491.855985,449.464233,539.469735,642.414290,587.019664
2023-07-11,399.947287,494.296782,451.694664,543.049076,645.556951,589.891336
2023-07-12,397.254780,489.461102,447.275759,540.055742,643.192480,587.730752
2023-07-13,402.937468,496.319287,453.542855,548.730488,653.089278,596.774160
2023-07-14,403.007752,498.990161,455.983533,549.035742,656.769323,600.136879
2023-07-17,399.707494,489.610092,447.411908,545.285908,649.234312,593.251603
2023-07-18,398.443411,487.568128,445.545935,543.910731,646.794260,591.021954
2023-07-19,398.022739,487.709564,445.675181,543.480924,646.994589,591.205009
2023-07-20,395.213437,482.464436,440.882116,539.694337,640.864222,585.603256
2023-07-21,395.029457,482.192087,440.633240,539.860747,640.443160,585.218502
2023-07-24,393.304393,480.548702,439.131494,537.509571,638.273762,583.236168
2023-07-25,404.663566,494.413795,451.801592,553.069392,656.627378,600.007174
2023-07-26,403.825323,492.193394,449.772562,552.004574,654.165946,597.757989
2023-07-27,403.343669,492.564649,450.111819,551.351186,654.613161,598.166640
2023-07-28,412.686305,501.927247,458.667480,564.370961,667.606819,610.039871
2023-07-31,414.948837,502.302441,459.010337,567.466386,668.072140,610.465068
2023-08-01,413.229974,501.344101,458.134594,565.117253,666.853780,609.351765
2023-08-02,410.325581,495.675441,452.954500,561.181611,659.190372,602.349164
2023-08-03,413.951421,499.902372,456.817124,566.141234,664.804224,607.478940
2023-08-04,415.563824,503.183223,459.815207,568.369899,669.187800,611.484526
2023-08-07,412.418605,498.511575,455.546196,564.067748,663.067559,605.892026
2023-08-08,411.341602,497.906147,454.992948,562.599667,662.276214,605.168918
2023-08-09,410.084755,496.291400,453.517372,561.023369,660.137121,603.214276
2023-08-10,410.927132,498.671239,455.692099,562.235199,663.431235,606.224342
2023-08-11,401.472868,488.843028,446.710955,549.498218,650.350973,594.271976
2023-08-14,398.543669,485.366770,443.534306,545.488050,645.706677,590.028152
2023-08-15,397.575194,487.492148,445.476504,544.162898,648.591851,592.664541
2023-08-16,394.659432,482.257191,440.692733,540.173148,641.709750,586.375876
2023-08-17,395.979328,483.367402,441.707259,541.979153,643.085499,587.632995
2023-08-18,391.111111,479.851148,438.494061,535.339098,638.513863,583.455566
2023-08-21,385.484238,473.330232,432.535165,527.639330,629.824317,575.515310
2023-08-22,388.447545,481.132467,439.664946,531.717900,640.263294,585.054145
2023-08-23,382.080620,477.444766,436.295079,523.003338,635.583924,580.778272
2023-08-24,384.850646,478.365126,437.136115,526.812386,636.649043,581.751547
2023-08-25,383.374677,476.466373,435.401010,525.171770,634.225289,579.536791
2023-08-28,387.867700,481.813483,440.287267,531.416729,641.936654,586.583214
2023-08-29,391.742636,484.727852,442.950455,536.737757,645.580523,589.912876
2023-08-30,391.577261,483.951098,442.240647,536.511113,644.480315,588.907538
2023-08-31,389.175194,482.626617,441.030320,533.281947,642.943959,587.503660
2023-09-01,391.885271,489.149819,446.991305,537.054241,651.929468,595.714359
2023-09-04,397.824289,497.290446,454.430313,545.194026,662.846181,605.689737
2023-09-05,394.865116,493.519814,450.984661,541.137916,657.924637,601.192572
2023-09-06,394.008269,492.847863,450.370624,539.963859,657.049512,600.392908
2023-09-07,388.472351,489.043344,446.894006,532.377413,652.106196,595.875848
2023-09-08,386.562274,486.747415,444.795957,529.759778,648.979180,593.018471
2023-09-11,389.409819,489.864127,447.644048,533.684189,653.104369,596.787950
2023-09-12,388.692506,488.333154,446.245025,532.702065,651.068822,594.927925
2023-09-13,386.217054,487.692361,445.659461,529.308532,650.355179,594.275820
2023-09-14,385.892506,490.885565,448.577451,528.863411,654.872375,598.403503
2023-09-15,383.336434,486.936020,444.116729,525.436187,650.407910,593.191112
2023-09-18,385.293023,486.517980,443.735449,528.122224,649.849528,592.681851
2023-09-19,384.547804,490.036489,446.944554,527.101306,654.549254,596.968139
2023-09-20,383.017054,489.164572,446.149310,525.070699,654.869286,597.260017
2023-09-21,379.580362,486.508440,443.726748,520.363243,651.297680,594.002608
2023-09-22,386.452713,497.649719,453.888306,529.784280,666.201199,607.595055
2023-09-25,383.937984,492.773289,449.440691,526.337659,659.667564,601.636188
2023-09-26,381.694057,493.103306,449.741687,523.263673,660.104716,602.034883
2023-09-27,382.480620,491.562367,448.336252,524.357076,658.050116,600.161028
2023-09-28,381.345736,489.668479,446.608906,522.821615,655.516765,597.850537
2023-10-09,380.850646,488.463123,445.509544,522.142704,653.893952,596.370485
2023-10-10,377.997933,482.289686,439.878976,518.231565,645.626058,588.829922
2023-10-11,379.074935,483.766633,441.226045,519.708834,647.575069,590.607477
2023-10-12,382.674935,488.786572,445.804550,524.649059,654.282106,596.724492
2023-10-13,378.647028,485.598077,442.896439,519.129973,650.023185,592.840232
2023-10-16,374.842377,485.059006,442.404772,513.941665,649.326909,592.205207
2023-10-17,376.165375,488.436252,445.485035,515.755837,653.861717,596.341085
2023-10-18,373.186563,485.055790,442.401839,511.674204,649.355525,592.231306
2023-10-19,365.223773,474.871899,433.113481,500.757522,635.708864,579.785150
2023-10-20,362.851680,468.313076,427.131415,497.504875,626.939001,571.786778
2023-10-23,359.094574,461.577857,420.988465,492.362508,617.927060,563.567623
2023-10-24,360.426873,459.738184,419.310567,494.201182,615.504546,561.358219
2023-10-25,362.218088,455.540646,415.482144,496.945411,610.308923,556.619658
2023-10-26,363.218605,459.845276,419.408241,498.318547,616.082673,561.885488
2023-10-27,368.205685,459.763545,419.333697,505.194434,615.962549,561.775931
2023-10-30,370.415504,455.376042,415.332014,508.227583,610.050731,556.384179
2023-10-31,369.251680,457.567373,417.330648,506.629846,612.977366,559.053356
2023-11-01,369.098708,456.900688,416.722589,506.419536,612.090497,558.244506
2023-11-02,367.358140,457.261416,417.051596,504.031608,612.588155,558.698385
2023-11-03,370.453747,458.292002,417.991556,508.278629,613.981394,559.969059
2023-11-06,375.463566,459.019597,418.655169,515.152474,614.918475,560.823705
2023-11-07,374.135401,459.513053,419.105233,513.330134,615.569656,561.417601
2023-11-08,373.237209,457.238537,417.030729,512.111158,612.513431,558.630234
2023-11-09,373.419121,459.306282,418.916644,512.360262,615.271888,561.146027
2023-11-10,370.696641,455.988142,415.890289,508.624721,610.827703,557.092801
2023-11-13,369.964858,459.186643,418.807525,507.621158,615.111504,560.999753
2023-11-14,370.238760,459.530028,419.120714,507.995835,615.565269,561.413600
2023-11-15,372.842377,462.423336,421.759596,511.568029,619.452608,564.958967
2023-11-16,369.236176,459.141311,418.766180,506.635971,615.087564,560.977919
2023-11-17,368.792765,458.265462,417.967350,506.027504,613.898877,559.893801
2023-11-20,369.645478,459.203816,418.823188,507.197476,615.165498,561.048997
2023-11-21,370.136434,459.706697,419.281848,507.870262,615.843529,561.667381
2023-11-22,366.348320,456.467792,416.327760,502.731978,611.511119,557.716096
2023-11-23,368.115762,457.576157,417.338660,505.157681,612.993918,559.068452
2023-11-24,365.685788,454.667655,414.685920,501.823361,609.105921,555.522485
2023-11-27,362.991214,450.716631,411.082334,498.129677,603.821435,550.702878
2023-11-28,363.671318,450.754026,411.116441,499.063818,603.858733,550.736895
2023-11-29,360.548837,447.061836,407.748928,494.805566,599.071206,546.370530
2023-11-30,361.364341,450.599866,410.975837,495.925514,603.816399,550.698285
2023-12-01,359.987597,452.858285,413.035659,494.035793,606.842688,553.458350
2023-12-04,357.637209,451.387318,411.694044,490.809691,604.877202,551.665769
2023-12-05,350.827907,442.989003,404.034244,481.464201,593.620653,541.399466
2023-12-06,351.379845,439.845822,401.167462,482.221723,589.376877,537.529018
2023-12-07,350.519897,441.270111,402.466505,481.042562,591.282024,539.266568
2023-12-08,351.365375,445.911936,406.700146,482.246225,597.654302,545.078272
2023-12-11,353.431525,446.986855,407.680540,485.083358,599.090169,546.387825
2023-12-12,354.191214,449.490563,409.964082,486.125716,602.446367,549.448777
2023-12-13,348.280103,444.434770,405.352876,478.011455,595.652768,543.252815
2023-12-14,346.455814,443.003495,404.047462,475.508162,593.735608,541.504308
2023-12-15,345.379845,439.502133,400.853996,474.031914,589.056458,537.236786
2023-12-18,344.120930,441.109586,402.320096,472.302478,591.207174,539.198302
2023-12-19,344.603618,441.694543,402.853614,472.966075,591.992330,539.914388
2023-12-20,340.826873,437.182347,398.738203,468.205531,585.958520,534.411375
2023-12-21,344.275969,438.093944,399.569638,472.943615,587.186919,535.531712
2023-12-22,344.933333,439.266896,400.639445,473.846107,588.766603,536.972430
2023-12-25,345.989664,440.504737,401.768435,475.321334,590.497257,538.550837
2023-12-26,343.647545,439.336721,400.703129,472.103399,588.948134,537.137992
2023-12-27,344.843411,442.768291,403.832941,473.746057,593.563516,541.347355
2023-12-28,352.924031,447.273124,407.941636,484.847526,599.585896,546.839942
2023-12-29,354.636693,449.589357,410.054189,487.200743,602.688531,549.669637
2024-01-02,350.010336,446.398669,407.144077,480.844504,598.421627,545.778095
2024-01-03,349.178295,447.864256,408.480786,479.701075,600.408904,547.590550
2024-01-04,345.948320,446.846142,407.552201,475.264163,599.065259,546.365106
2024-01-05,344.094057,444.635586,405.536033,472.716971,596.119804,543.678765
2024-01-08,339.644444,439.427865,400.786259,466.603710,589.150972,537.322985
2024-01-09,340.310078,439.297938,400.667757,467.518453,588.968261,537.156347
2024-01-10,338.721447,434.933160,396.686801,465.335729,583.117724,531.820486
2024-01-11,340.637726,432.785777,394.728250,467.968678,580.231048,529.187753
2024-01-12,339.449096,432.913415,394.844665,466.335208,580.396366,529.338528
2024-01-15,339.113178,433.664025,395.529269,465.873753,581.418555,530.270795
2024-01-16,341.176227,435.974671,397.636726,468.707823,584.515676,533.095460
2024-01-17,333.755039,428.896429,391.180917,458.512930,575.023707,524.438505
2024-01-18,338.473385,431.959118,393.974285,464.994742,579.125937,528.179859
2024-01-19,337.961757,431.595247,393.642411,464.291329,578.631934,527.729314
2024-01-22,332.702842,427.221958,389.653693,457.067309,572.774340,522.387016
2024-01-23,334.049612,428.285521,390.623731,458.918235,574.182927,523.671689
2024-01-24,338.719380,440.723622,401.968072,465.332666,590.866868,538.887933
2024-01-25,345.521447,459.308834,418.918971,474.677134,615.859738,561.682164
2024-01-26,344.580879,462.689461,422.002319,473.385672,620.470411,565.887233
2024-01-29,341.494574,462.351074,421.693688,469.145797,619.993082,565.451895
2024-01-30,335.404651,458.124096,417.838415,460.779369,614.330849,560.287772
2024-01-31,332.335917,456.198247,416.081918,456.563996,611.750198,557.934143
2024-02-01,332.579845,454.261359,414.315352,456.898858,609.124653,555.539569
2024-02-02,328.643928,452.508956,412.717049,451.491052,606.774984,553.396602
2024-02-05,330.792765,459.117574,418.744530,454.443548,615.648035,561.489085
2024-02-06,342.293540,468.756177,427.535552,470.243285,628.510956,573.220447
2024-02-07,345.594832,469.464475,428.181565,474.778205,629.516840,574.137842
2024-02-08,347.796382,470.067008,428.731113,477.803187,630.307758,574.859183
2024-02-19,351.814987,485.255871,442.584325,483.323294,650.681511,593.440644
2024-02-20,352.542636,488.643724,445.674263,484.323795,655.207573,597.568545
2024-02-21,357.299225,491.122250,447.934838,490.858695,658.538112,600.606094
2024-02-22,360.379328,499.468286,455.546955,495.090402,669.786471,610.864928
2024-02-23,360.696641,499.398590,455.483388,495.525314,669.669788,610.758510
2024-02-26,356.936434,489.124856,446.113087,490.359465,655.886388,598.187645
2024-02-27,361.218605,496.283440,452.642172,496.241999,665.459952,606.919016
2024-02-28,356.616021,490.506668,447.373388,489.919450,657.721358,599.861191
2024-02-29,363.419121,497.637668,453.877314,499.265960,667.268605,608.568561
2024-03-01,365.664083,502.548399,458.356215,502.350155,673.830686,614.553371
2024-03-04,365.981395,509.394857,464.600622,502.785066,683.035813,622.948718
2024-03-05,368.528165,516.065034,470.684248,506.284775,691.941249,631.070736
2024-03-06,367.033592,511.029030,466.091091,504.230687,685.201742,624.924108
2024-03-07,364.828941,511.639037,466.647456,501.202642,686.034830,625.683908
2024-03-08,366.398966,517.526868,472.017535,503.358822,693.922384,632.877590
2024-03-11,370.982946,517.500364,471.993361,509.656869,693.856009,632.817054
2024-03-12,371.833592,507.836630,463.179419,510.825821,680.887718,620.989591
2024-03-13,369.236176,503.378942,459.113723,507.257710,674.919540,615.546438
2024-03-14,368.188114,503.050023,458.813728,505.817194,674.496535,615.160645
2024-03-15,368.991214,504.462096,459.477498,506.920807,676.402719,616.061133
2024-03-18,372.457881,506.307589,461.158422,511.682372,678.877229,618.314893
2024-03-19,369.780879,503.914207,458.978467,508.005023,675.668088,615.392038
2024-03-20,370.581912,508.097013,462.788277,509.106594,681.276559,620.500180
2024-03-21,370.138501,508.647735,463.289890,508.497106,682.014989,621.172735
2024-03-22,366.408269,508.044550,462.740492,503.372094,681.206214,620.436111
2024-03-25,364.419638,510.044430,464.562036,500.640116,683.887732,622.878412
2024-03-26,366.279070,509.854162,464.388736,503.194454,683.632614,622.646053
2024-03-27,362.045478,509.876899,464.409444,497.378281,683.663100,622.673819
2024-03-28,363.923514,508.482600,463.139480,499.959163,681.793569,620.971068
2024-03-29,365.631008,517.112475,470.999800,502.318506,693.364847,631.510077
2024-04-01,371.643411,517.447939,471.305349,510.576717,693.814650,631.919754
2024-04-02,370.096124,520.510444,474.094760,508.451164,697.920978,635.659758
2024-04-03,368.764858,520.902539,474.451891,506.623720,698.446714,636.138594
2024-04-08,365.520413,526.573460,479.617116,502.165368,706.050509,643.064057
2024-04-09,365.218605,520.904029,474.453248,501.750875,698.448713,636.140414
2024-04-10,362.243928,522.886385,476.258830,497.664138,701.106733,638.561313
2024-04-11,362.195349,523.323432,476.656905,497.597778,701.692744,639.095046
2024-04-12,359.259948,523.928797,477.208287,493.565150,702.504441,639.834332
2024-04-15,366.829974,537.595303,489.656105,503.964227,720.829032,656.524195
2024-04-16,362.905426,539.049552,490.980673,498.573777,722.778946,658.300158
2024-04-17,368.516796,544.996433,496.397251,506.282733,730.752760,665.562631
2024-04-18,368.971576,543.504709,495.038549,506.947351,728.752598,663.740903
2024-04-19,366.063049,545.722591,497.058654,502.971894,731.726421,666.449432
2024-04-22,364.950904,535.117234,487.399013,501.529336,717.506338,653.497917
2024-04-23,362.400000,529.151549,481.965309,498.061276,709.507313,646.212482
2024-04-24,363.991731,532.302841,484.835590,500.248083,713.732690,650.060915
2024-04-25,364.886822,533.220878,485.671762,501.478290,714.963630,651.182043
2024-04-26,370.467183,533.638419,486.052069,509.167849,715.660594,651.816831
2024-04-29,374.564341,527.335429,480.311138,514.822717,707.208788,644.119006
2024-04-30,372.546770,529.907965,482.654272,512.418454,710.658349,647.260834
2024-05-06,378.075452,525.803187,478.915531,520.021235,705.152367,642.246038
2024-05-07,378.192248,526.800920,479.824293,520.182540,706.489254,643.463662
2024-05-08,375.216537,529.079269,481.899474,516.091719,709.545626,646.247376
2024-05-09,378.765891,527.718678,480.660211,520.973752,707.720632,644.585189
2024-05-10,378.943669,528.511290,481.382144,521.285132,708.784413,645.554071
2024-05-13,378.779328,529.534700,482.314293,521.060530,710.155627,646.802959
2024-05-14,377.989664,526.005698,479.099983,520.032465,705.422582,642.492147
2024-05-15,374.786563,523.884120,477.167594,516.045778,702.575601,639.899144
2024-05-16,376.264599,523.875175,477.159446,518.083532,702.561779,639.886555
2024-05-17,380.151938,527.110539,480.106302,523.495421,706.901051,643.838723
2024-05-20,381.494574,531.913412,484.480887,525.344305,713.342507,649.705539
2024-05-21,379.964858,533.594498,486.012065,523.382099,715.596523,651.758475
2024-05-22,380.821705,533.287127,485.732103,524.629662,715.220782,651.416254
2024-05-23,376.412403,530.624607,483.307009,518.561321,711.648221,648.162399
2024-05-24,372.245995,528.055180,480.966706,512.899307,708.202310,645.023897
2024-05-27,375.783979,536.277857,488.456140,517.817072,719.229396,655.067261
2024-05-28,373.040827,537.350718,489.433330,514.078468,720.666315,656.375994
2024-05-29,373.490439,537.743214,489.790826,514.773713,721.192929,656.855628
2024-05-30,371.504910,533.050171,485.516277,512.124430,714.898606,651.122819
2024-05-31,370.017571,531.379125,483.994245,510.084634,712.657392,649.081543
2024-06-03,370.930233,535.251559,487.521361,511.370992,717.850030,653.810948
2024-06-04,373.712661,534.462929,486.803055,515.262733,716.865754,652.914479
2024-06-05,371.554522,532.665575,485.165977,512.512379,714.463130,650.726192
2024-06-06,371.291990,538.426068,490.412787,512.279609,722.333874,657.894791
2024-06-07,369.417054,538.402655,490.391462,510.007044,725.882163,661.126538
2024-06-11,366.189147,530.402396,483.104614,505.654868,715.081638,651.289523
2024-06-12,366.317313,533.900296,486.290594,505.884575,719.767749,655.557588
2024-06-13,364.457881,535.518304,487.764318,503.577299,722.075447,657.659417
2024-06-14,366.049612,535.302991,487.568206,506.506314,721.894601,657.494704
2024-06-17,365.498708,529.671436,482.438835,505.781462,714.272007,650.552119
2024-06-18,366.469251,533.412083,485.845916,507.143368,719.303182,655.134465
2024-06-19,364.728682,535.852325,488.068554,505.509898,723.089720,658.583208
2024-06-20,362.096124,539.355105,491.258979,501.973436,727.790903,662.865000
2024-06-21,361.304393,537.299259,489.386460,500.995396,725.362268,660.653022
2024-06-24,359.360207,537.387431,489.466769,498.384907,725.511310,660.788769
2024-06-25,357.405685,536.082077,488.277818,495.674368,723.764010,659.197344
2024-06-26,359.716796,537.003644,489.117205,499.202663,726.577713,661.760038
2024-06-27,357.014987,537.537134,489.603122,495.767271,727.638993,662.726642
2024-06-28,357.794315,546.650062,497.903420,497.235352,740.902603,674.807011
2024-07-01,359.501809,555.807297,506.244073,499.619197,753.321762,686.118263
2024-07-02,358.841344,561.359985,511.301610,498.700371,760.865574,692.989095
2024-07-03,357.975194,557.069848,507.394038,497.566130,755.039220,687.682507
2024-07-04,356.156072,559.106464,509.249042,495.084277,757.808143,690.204416
2024-07-05,354.631525,553.278723,503.940981,493.094506,749.908304,683.009318
2024-07-08,351.603101,556.481124,506.857812,489.178263,756.835554,689.318591
2024-07-09,355.535917,562.400767,512.249581,495.155741,765.056340,696.806004
2024-07-10,354.415504,555.506619,505.970208,494.150136,758.083077,690.454823
2024-07-11,358.467183,555.015059,505.522481,500.820819,757.868039,690.258968
2024-07-12,358.904393,553.354770,504.010247,502.161285,756.470687,688.986273
2024-07-15,359.302326,561.522262,511.449416,502.825903,767.697066,699.211152
2024-07-16,361.579328,560.830479,510.819321,506.576758,772.198166,703.310711
2024-07-17,361.920413,552.389619,503.131161,507.218916,764.085371,695.921655
2024-07-18,363.920413,555.753549,506.195118,510.163245,768.760487,700.179706
2024-07-19,365.790181,553.530487,504.170294,513.175976,767.003291,698.579268
2024-07-22,363.299225,546.948270,498.175036,509.694643,757.854923,690.247022
2024-07-23,355.543152,547.406615,498.592509,498.910680,758.855433,691.158278
2024-07-24,353.299225,552.828494,503.530900,495.913263,766.352441,697.986480
2024-07-25,351.345736,544.752199,496.174796,493.208849,755.254206,687.878315
2024-07-26,352.381395,538.539599,490.516194,495.270084,746.933741,680.300114
2024-07-29,350.464083,543.263497,494.818846,492.654491,753.534231,686.311777
2024-07-30,348.256331,536.642340,488.788121,489.664220,744.423273,678.013604
2024-07-31,355.770543,534.809183,487.118432,500.231749,741.726409,675.557326
2024-08-01,353.412920,537.532348,489.598764,496.943370,745.487404,678.982804
2024-08-02,349.807752,533.948347,486.334360,491.874509,740.628050,674.556951
2024-08-05,345.562791,524.045970,477.315011,485.908260,727.063695,662.202666
2024-08-06,345.527649,521.433485,474.935490,485.869465,723.354340,658.824221
2024-08-07,345.373643,524.190104,477.446292,485.653031,727.182033,662.310448
2024-08-08,345.523514,523.103548,476.456629,485.925616,725.727969,660.986100
2024-08-09,344.354522,524.869074,478.064716,484.425886,728.497808,663.508843
2024-08-12,343.758140,525.911525,479.014208,483.588733,729.989200,664.867188
2024-08-13,344.639793,529.333786,482.131295,484.831191,734.702735,669.160231
2024-08-14,342.040310,530.714550,483.388932,481.275332,736.832219,671.099744
2024-08-15,345.421189,535.586894,487.826792,486.109381,744.139895,677.755505
2024-08-16,345.801550,539.697566,491.570902,486.841380,750.055019,683.142944
2024-08-19,346.973643,546.384067,497.661145,488.497310,759.405198,691.658998
2024-08-20,344.465116,544.756799,496.178986,485.009852,757.592115,690.007660
2024-08-21,343.321964,543.261807,494.817307,483.420282,755.467551,688.072627
2024-08-22,342.443411,547.940143,499.078460,482.192116,762.024461,694.044598
2024-08-23,343.895607,548.352016,499.453605,484.359527,762.635916,694.601505
2024-08-26,343.588630,547.693174,498.853514,484.057335,761.739605,693.785154
2024-08-27,341.636176,553.186254,503.856758,481.306980,769.458337,700.815301
2024-08-28,339.689922,549.618040,500.606734,478.859838,764.464579,696.267034
2024-08-29,338.778295,533.947282,486.333390,477.575522,742.561460,676.317882
2024-08-30,343.300258,527.693357,480.637148,483.950138,733.689219,668.237130
2024-09-02,337.468734,530.016400,482.753038,475.789936,737.185133,671.421175
2024-09-03,338.339018,517.252272,471.127131,477.016059,719.371402,655.196599
2024-09-04,336.140568,511.773424,466.136850,473.926759,711.820801,648.319584
2024-09-05,336.719380,508.596929,463.243614,474.775143,707.372291,644.267924
2024-09-06,333.989664,506.290791,461.143122,470.926279,704.188162,641.367849
2024-09-09,330.020672,501.000256,456.324362,465.403110,696.818705,634.655818
2024-09-10,330.311111,505.572249,460.488655,465.812498,703.218503,640.484693
2024-09-11,329.315762,492.574549,448.650004,464.503680,685.405068,624.260386
2024-09-12,327.903876,494.231700,450.159381,462.512889,687.733579,626.381172
2024-09-13,326.537468,494.376052,450.290861,460.645629,688.840059,627.388943
2024-09-18,327.752972,500.173937,455.571729,462.360772,696.988575,634.810534
2024-09-19,330.340052,498.781961,454.303880,466.082021,696.577270,634.435922
2024-09-20,330.857881,501.183302,456.105416,466.842605,700.001174,637.013371
2024-09-23,332.068217,506.817910,461.233231,468.550602,707.871013,644.175063
2024-09-24,346.450646,527.555143,480.105297,488.847485,736.834642,670.532474
2024-09-25,351.579328,531.671839,483.851725,496.113363,742.689172,675.860199
2024-09-26,366.441344,540.356038,491.754842,517.161642,754.821930,686.901223
2024-09-27,382.809302,537.539197,489.191356,540.261968,750.888166,683.321428
2024-09-30,415.281654,564.791074,513.992120,586.112444,788.959778,717.967264
2024-10-08,439.906977,568.767677,517.611056,620.866556,794.515415,723.022992
2024-10-09,408.886822,539.988672,491.420518,577.094670,754.363288,686.483850
2024-10-10,413.208269,558.454825,508.225771,583.375361,780.536969,710.302360
2024-10-11,401.774677,552.889617,503.161115,567.249952,772.774250,703.238149
2024-10-14,409.440827,563.890892,513.172903,578.073731,788.149151,717.229579
2024-10-15,398.551938,549.590229,500.158483,562.703801,768.158595,699.037822
2024-10-16,396.029974,551.947210,502.303470,559.149983,771.447875,702.031125
2024-10-17,391.547287,546.639381,497.473043,552.821309,764.021836,695.273299
2024-10-18,405.708527,554.834529,504.931096,573.223346,775.626633,705.833868
2024-10-21,406.739018,549.361558,499.950379,574.697553,767.989635,698.884066
2024-10-22,409.072868,551.964916,502.319584,578.004308,771.634419,702.200883
2024-10-23,410.667700,549.994275,500.526188,580.289124,769.085626,699.881437
2024-10-24,406.080620,548.188051,498.882421,573.839981,766.563137,697.585927
2024-10-25,408.932300,542.451423,493.661762,577.915488,758.546700,690.290829
2024-10-28,409.732300,541.033166,492.371067,579.045645,756.569539,688.491577
2024-10-29,405.648579,539.701443,491.159124,573.274392,754.697029,686.787560
2024-10-30,402.010336,534.240221,486.189100,568.182050,747.053785,679.832074
2024-10-31,402.174677,531.942186,484.097756,568.446468,744.044791,677.093836
2024-11-01,402.069251,538.807248,490.345355,568.349481,753.848425,686.015316
2024-11-04,407.727132,539.230715,490.730734,576.347357,754.437594,686.551470
2024-11-05,418.043411,543.353939,494.483103,590.930159,760.206690,691.801449
2024-11-06,415.946253,537.442563,489.103413,588.003185,752.027246,684.358011
2024-11-07,428.496124,543.057646,494.213459,605.872324,759.887977,691.511414
2024-11-08,424.191214,538.074025,489.678080,599.794795,752.909458,685.160839
2024-11-11,426.990181,532.970583,485.033656,603.764127,745.770596,678.664350
2024-11-12,422.298708,527.311709,479.883758,597.131219,737.852377,671.458631
2024-11-13,424.898191,532.561280,484.661167,600.895346,745.196425,678.141843
2024-11-14,417.531783,529.559233,481.929133,590.477892,740.991918,674.315669
2024-11-15,410.214987,528.026922,480.534643,580.143133,738.850704,672.367126
2024-11-18,408.308010,535.180277,487.044604,577.468326,748.856173,681.472279
2024-11-19,411.048062,533.915846,485.893899,581.343733,747.085436,679.860877
2024-11-20,411.965891,534.427424,486.359465,582.642342,747.802789,680.513681
2024-11-21,412.330749,535.161219,487.027260,583.176282,748.829786,681.448266
2024-11-22,399.555556,524.074886,476.938064,565.108064,733.313509,667.328182
2024-11-25,397.735401,521.772392,474.842663,562.573123,730.113601,664.416209
2024-11-26,396.917829,523.700304,476.597174,561.416422,732.799614,666.860528
2024-11-27,403.828424,530.372905,482.669621,571.191718,742.133857,675.354853
2024-11-28,400.263566,527.622221,480.166342,566.242305,738.548298,672.091932
2024-11-29,404.814470,527.294743,479.868318,572.712887,738.109573,671.692684
2024-12-02,408.023773,529.655960,482.017160,577.258017,741.456543,674.738485
2024-12-03,408.464083,536.031223,487.819013,577.880777,750.392304,682.870185
2024-12-04,406.259432,542.202480,493.435210,574.761871,759.024075,690.725248
2024-12-05,405.332300,539.092763,490.605189,573.449990,754.672443,686.765187
2024-12-06,410.660465,542.615537,493.811115,580.988453,759.599042,691.248478
2024-12-09,409.981395,545.422015,496.365171,580.027769,763.526710,694.822726
2024-12-10,412.986047,546.861147,497.674863,584.282958,765.534053,696.649443
2024-12-11,412.282171,546.539788,497.382407,583.318190,765.099142,696.253666
2024-12-12,416.382429,550.637610,501.111659,589.125175,770.830677,701.469463
2024-12-13,406.530233,544.464683,495.493943,575.202908,762.177536,693.594954
2024-12-16,404.324548,552.114826,502.456010,572.082980,772.887093,703.340838
2024-12-17,405.377778,552.677484,502.968061,573.573521,773.679045,704.061529
2024-12-18,407.430491,555.223217,505.284824,576.496411,777.249970,707.311133
2024-12-19,407.799483,551.621691,502.007230,577.019122,772.198580,702.714280
2024-12-20,405.967959,548.201410,498.894578,574.912967,767.395242,698.343157
2024-12-23,406.570543,558.031332,507.840369,575.765434,781.150946,710.861090
2024-12-24,411.750904,564.013313,513.284313,583.100734,789.526912,718.483366
2024-12-25,411.951421,570.753657,519.418411,583.391696,798.953751,727.061956
2024-12-26,412.142636,567.919320,516.839002,583.666323,795.046969,723.506715
2024-12-27,411.475969,567.798963,516.729471,582.746475,794.921050,723.392126
2024-12-30,413.338501,571.226516,519.848739,585.453951,799.739322,727.776839
2024-12-31,406.709044,568.403419,517.279560,576.063542,795.781659,724.175296
2025-01-02,394.873385,555.620035,505.645951,559.298016,777.887577,707.891367
2025-01-03,390.197416,552.413901,502.728186,552.676338,773.401763,703.809197
2025-01-06,389.557623,552.169187,502.505482,551.769762,773.059674,703.497890
2025-01-07,392.362791,554.167421,504.323989,555.881002,777.451076,707.494143
2025-01-08,391.650646,557.274354,507.151476,555.029556,783.447988,712.951439
2025-01-09,390.685271,550.020069,500.549662,553.661525,773.257862,703.678245
2025-01-10,385.786047,545.911629,496.810747,546.886709,767.864493,698.770184
2025-01-13,384.755556,541.679943,492.959671,545.426795,761.906112,693.347952
2025-01-14,394.887855,548.086966,498.790428,559.789078,770.882141,701.516296
2025-01-15,392.354522,546.083300,496.966977,556.197486,768.099760,698.984281
2025-01-16,392.804134,549.869458,500.412597,556.836582,773.430619,703.835456
2025-01-17,394.040310,546.896595,497.707123,558.600729,769.310245,700.085844
2025-01-20,395.832558,543.966104,495.040208,561.197946,765.323565,696.457895
2025-01-21,396.135401,543.077031,494.231101,561.632857,764.061941,695.309795
2025-01-22,392.456848,537.123220,488.812793,556.507846,755.775002,687.768535
2025-01-23,393.151421,541.981478,493.234085,557.705383,764.380110,695.599335
2025-01-24,396.161240,542.780586,493.961319,562.325040,766.526434,697.552526
2025-01-27,394.530233,550.488718,500.976160,560.048392,777.455787,707.498430
2025-02-05,392.256331,540.638186,492.011613,556.821268,763.530730,694.826384
2025-02-06,397.191731,542.687878,493.876949,563.826811,766.381885,697.420985
2025-02-07,402.346253,543.624459,494.729292,571.144756,767.688429,698.609963
2025-02-10,403.210336,542.977117,494.140173,572.370879,766.756418,697.761816
2025-02-11,401.358140,547.271665,498.048457,569.740993,772.880515,703.334852
2025-02-12,405.153488,549.125733,499.735765,575.129401,775.509895,705.727634
2025-02-13,403.632041,548.418493,499.092136,572.969138,774.545195,704.849740
2025-02-14,407.132817,549.526990,500.100932,577.937949,776.115712,706.278938
2025-02-17,408.000000,549.684343,500.244132,579.169176,776.344248,706.486910
2025-02-18,404.421705,551.480947,501.879144,574.090106,778.946971,708.855434
2025-02-19,407.251680,549.531267,500.104824,578.107421,776.177604,706.335261
2025-02-20,406.087855,550.254322,500.762846,576.454554,777.198978,707.264730
2025-02-21,411.208269,546.751649,497.575214,583.724515,772.181435,702.698677
2025-02-24,410.306977,543.222474,494.363462,582.444283,767.174217,698.142020
2025-02-25,405.751938,538.594729,490.151951,575.978806,760.644815,692.200150
2025-02-26,409.296124,540.478634,491.866411,581.009893,763.320232,694.634827
2025-02-27,410.141602,541.664573,492.945684,582.209472,765.031448,696.192063
2025-02-28,402.072351,535.305169,487.158263,570.754765,756.092169,688.057162
2025-03-03,401.909044,533.965703,485.939272,570.524038,754.214927,686.348839
2025-03-04,401.573127,531.351665,483.560348,570.046248,750.516008,682.982757
2025-03-05,403.366408,537.183791,488.867916,572.592419,758.778545,690.501812
2025-03-06,408.913695,536.708365,488.435251,580.465743,758.064178,689.851725
2025-03-07,407.649612,536.583017,488.321177,578.673010,757.866155,689.671521
2025-03-10,406.077519,534.898640,486.788299,576.441282,755.462781,687.484408
2025-03-11,407.381912,535.608208,487.434046,578.291186,756.496968,688.425537
2025-03-12,405.915245,532.962489,485.026291,576.210554,752.744940,685.011125
2025-03-13,404.297674,536.055637,487.841231,573.913487,757.099560,688.973906
2025-03-14,414.114729,540.383893,491.780192,587.849027,763.180252,694.507442
2025-03-17,413.104910,541.155059,492.481997,586.415657,764.298385,695.524963
2025-03-18,414.234625,541.151269,492.478548,588.020541,764.282685,695.510676
2025-03-19,414.487855,543.478324,494.596301,588.378883,767.604152,698.533269
2025-03-20,410.851680,542.774325,493.955622,583.218140,766.604207,697.623301
2025-03-21,404.620155,538.181709,489.001520,574.370859,760.113493,690.621597
2025-03-24,406.702842,543.851730,494.153403,577.328460,768.121680,697.897651
2025-03-25,406.439276,543.121252,493.489677,576.953783,767.089972,696.960265
2025-03-26,405.101809,540.279019,490.907173,575.054874,763.075677,693.312969
2025-03-27,406.450646,544.000434,494.288518,576.970118,768.331705,698.088474
2025-03-28,404.668734,541.723167,492.219352,574.458658,765.168001,695.214006
2025-03-31,401.789147,542.045494,492.512224,570.369879,765.621599,695.626135
2025-04-01,401.827390,537.955742,488.796202,570.476054,759.843182,690.375998
2025-04-02,401.487339,540.158965,490.798091,569.992139,762.956111,693.204334
2025-04-03,399.121447,536.186000,487.188184,566.634338,757.344864,688.106084
2025-04-07,371.001550,502.460390,456.544491,526.712336,709.705615,644.822160
2025-04-08,377.339535,506.886156,460.565822,535.709692,715.957364,650.502355
2025-04-09,381.063566,506.641874,460.343862,540.997029,715.614971,650.191265
2025-04-10,386.058915,512.630360,465.785108,548.088330,724.072529,657.875607
2025-04-11,387.650646,518.394482,471.022492,550.347623,732.213809,665.272586
2025-04-14,388.541602,521.722025,474.045957,551.613562,736.913460,669.542581
2025-04-15,388.757623,526.207084,478.121162,551.920858,743.247780,675.297798
2025-04-16,389.955556,528.081248,479.824061,553.698278,746.090264,677.880414
2025-04-17,389.893540,527.789282,479.558775,553.619667,745.677222,677.505133
2025-04-18,389.924548,530.499925,482.021714,553.809558,749.629320,681.095918
2025-04-21,391.202067,531.112376,482.578198,555.623730,750.498512,681.885646
2025-04-22,391.105943,533.909734,485.119927,555.822809,755.636870,686.554240
2025-04-23,391.408786,535.489278,486.555130,556.253637,757.882640,688.594695
2025-04-24,391.148320,538.817898,489.579572,555.883044,762.599230,692.880079
2025-04-25,391.420155,536.823725,487.767632,556.340415,761.151471,691.564680
2025-04-28,390.865116,538.102777,488.929801,555.551245,762.959786,693.207673
2025-04-29,390.189147,536.759234,487.709034,554.591582,761.047828,691.470511
2025-04-30,389.722997,530.798886,482.293355,554.056620,752.588950,683.784970
2025-05-06,393.647545,533.924785,485.133603,559.636961,756.998575,687.791454
2025-05-07,396.034109,540.121002,490.763596,563.029474,765.816545,695.803258
2025-05-08,398.232558,543.986304,494.275679,566.154506,771.304185,700.789201
2025-05-09,397.535917,545.914584,496.027749,565.298976,774.427197,703.626698
2025-05-12,402.130233,551.192170,500.823058,571.854294,781.977891,710.487084
2025-05-13,402.714212,554.902916,504.194708,572.735347,787.337431,715.356639
2025-05-14,407.566925,561.740985,510.407900,579.692908,797.253974,724.366581
2025-05-15,403.844961,558.604382,507.557926,574.523997,793.053881,720.550473
2025-05-16,401.973127,555.337740,504.589796,571.864504,788.432117,716.351245
2025-05-19,400.739018,553.343037,502.777374,570.125879,785.609410,713.786598
2025-05-20,402.911628,555.904585,505.104842,573.307062,789.255706,717.099539
2025-05-21,404.793798,559.107053,508.014662,576.141132,793.920684,721.338031
2025-05-22,404.534367,559.822883,508.665078,575.790957,794.927373,722.252685
2025-05-23,401.268217,555.272997,504.530970,571.201927,788.610267,716.513109
2025-05-26,398.977778,550.065048,499.798934,567.979908,781.171246,709.754185
2025-05-27,396.837209,548.505908,498.382272,564.941655,778.957374,707.742712
2025-05-28,396.510594,548.102805,498.016005,564.520015,778.412083,707.247274
2025-05-29,398.832041,549.151103,498.968508,567.868628,779.961876,708.655380
2025-05-30,396.922997,548.364428,498.253721,565.230574,778.841710,707.637622
2025-06-03,398.140568,551.728243,501.310143,566.964094,783.591303,711.952993
2025-06-04,399.869767,553.163921,502.614626,569.426550,785.625653,713.801356
2025-06-05,400.781395,555.486725,504.725167,570.807853,788.946410,716.818520
2025-06-06,400.411370,555.781896,504.993365,570.647569,789.417337,717.246393
2025-06-09,401.576227,555.337813,504.589863,572.347398,788.775906,716.663604
2025-06-10,399.531783,554.813294,504.113275,569.433696,788.017946,715.974939
2025-06-11,402.545736,559.357066,508.241828,573.943094,794.483409,721.849310
2025-06-12,402.294574,559.941273,508.772649,574.268767,795.669668,722.927117
2025-06-13,399.398450,556.103503,505.285582,570.393360,790.267348,718.018693
2025-06-16,400.392765,560.277421,509.078079,571.841023,796.179280,723.390139
2025-06-17,400.039276,559.936321,508.768149,571.387735,795.677813,722.934517
2025-06-18,400.513695,564.453851,512.872858,572.198344,802.549558,729.178026
2025-06-19,397.218605,562.191188,510.816962,567.561332,799.323518,726.246921
2025-06-20,397.585530,563.451691,511.962277,568.620024,802.279610,728.932758
2025-06-23,398.749354,567.829389,515.939932,570.358649,808.607587,734.682212
2025-06-24,403.517313,575.431499,522.847345,577.196762,819.425904,744.511486
2025-06-25,409.309561,584.681107,531.251704,585.951139,833.264830,757.085215
2025-06-26,407.857364,584.914391,531.463671,584.489183,833.814763,757.584872
2025-06-27,405.349871,574.899299,522.363779,581.298813,819.578719,744.650330
2025-06-30,406.829974,577.369783,524.608505,583.962389,823.076717,747.828530
2025-07-01,407.520413,581.094979,527.993284,584.970036,828.391873,752.657758
2025-07-02,407.615504,579.179414,526.252768,585.106839,825.673619,750.188016
2025-07-03,410.136434,584.297888,530.903505,588.796439,833.187089,757.014581
2025-07-04,411.596899,590.111864,536.186187,590.938326,841.530355,764.595080
2025-07-07,409.836693,588.657092,534.864355,588.667803,839.448290,762.703364
2025-07-08,413.276486,590.720095,536.738837,593.612112,842.399326,765.384607
2025-07-09,412.547804,591.328133,537.291311,592.637135,843.283627,766.188063
2025-07-10,414.472351,594.447853,540.125945,595.719288,848.421204,770.855947
2025-07-11,414.967442,589.995062,536.080059,597.265980,843.966952,766.808916
2025-07-14,415.263049,591.269968,537.238461,597.949995,847.557036,770.070783
2025-07-15,415.406718,592.690201,538.528910,598.257292,849.578529,771.907466
2025-07-16,414.180879,589.382849,535.523791,596.768793,845.911366,768.575566
2025-07-17,417.001550,592.344849,538.215117,601.202642,851.847188,773.968717
2025-07-18,419.488372,594.703551,540.358276,605.499689,856.111845,777.843486
2025-07-21,422.285271,595.212992,540.821163,609.592551,856.935132,778.591505
2025-07-22,425.732300,593.391026,539.165692,614.655287,854.307826,776.204396
2025-07-23,425.816021,595.654594,541.222411,614.816592,857.558580,779.157956
2025-07-24,428.841344,593.475417,539.242371,619.234107,854.361886,776.253513
2025-07-25,426.579845,592.130576,538.020425,616.234648,852.404024,774.474645
2025-07-28,427.474935,595.271845,540.874638,617.681290,857.104956,778.745803
2025-07-29,429.149354,594.472288,540.148147,620.201938,856.187275,777.912020
2025-07-30,429.068734,593.254862,539.041971,620.091678,854.465558,776.347707
2025-07-31,421.249612,586.084312,532.526682,608.912620,844.190156,767.011715
2025-08-01,419.114212,584.801635,531.361219,605.832508,842.364598,765.353054
2025-08-04,420.744186,588.512675,534.733136,608.200018,847.706499,770.206582
2025-08-05,424.129199,594.590262,540.255339,613.093281,856.478088,778.176246
2025-08-06,425.166925,595.324852,540.922801,614.591990,857.526993,779.129256
2025-08-07,425.288889,596.953687,542.402789,614.768609,859.894235,781.280078
2025-08-08,424.286305,594.233214,539.930920,613.549632,856.447907,778.148824
2025-08-11,426.099225,594.554313,540.222676,616.172372,856.847661,778.512031
2025-08-12,428.302842,598.998165,544.260439,619.357638,863.208595,784.291430
2025-08-13,431.687855,603.033636,547.927140,624.272340,868.955237,789.512696
2025-08-14,431.349871,605.035732,549.746280,623.875203,872.028769,792.305236
2025-08-15,434.351421,605.378066,550.057331,628.283530,872.417487,792.658416
2025-08-18,438.181912,611.801441,555.893725,633.824055,881.613737,801.013917
2025-08-19,436.524031,610.741600,554.930734,631.466754,880.102004,799.640392
2025-08-20,441.488372,617.362178,560.946310,638.756113,889.893260,808.536501
2025-08-21,443.211370,621.659067,564.850540,641.256342,896.068719,814.147380
2025-08-22,452.506460,634.373696,576.403278,654.829456,914.220282,830.639472
2025-08-25,461.934884,641.254072,582.654911,668.566937,924.215137,839.720567
2025-08-26,460.216021,639.810924,581.343641,666.078958,922.137296,837.832688
2025-08-27,453.346770,630.291360,572.693995,656.149503,908.370494,825.324490
2025-08-28,461.372610,639.955291,581.474816,667.766536,922.155131,837.848893
2025-08-29,464.781395,646.682087,587.586903,672.953824,932.338803,847.101543
2025-09-01,467.566925,646.680658,587.585604,677.050770,932.210477,846.984949
2025-09-02,464.129199,644.834203,585.907882,672.073792,929.684750,844.690131
2025-09-03,460.964341,639.228215,580.814182,667.489867,921.635376,837.376656
2025-09-04,451.184496,633.288593,575.417335,653.405274,913.216297,829.727274
2025-09-05,461.014987,639.712026,581.253781,667.687926,922.386898,838.059471
2025-09-08,461.764341,636.691776,578.509528,668.790518,918.040645,834.110566
2025-09-09,458.528165,633.022310,575.175386,664.103480,912.852482,829.396720
2025-09-10,459.468734,635.214922,577.167631,665.477637,915.961790,832.221766
2025-09-11,470.080620,650.865089,591.387654,680.877173,938.438152,852.643270
2025-09-12,467.390181,646.152636,587.105834,677.023205,931.618089,846.446718
2025-09-15,468.533333,649.412885,590.068155,678.679135,936.282323,850.684534
2025-09-16,467.528682,648.198662,588.964890,677.362150,934.456443,849.025581
2025-09-17,470.389664,654.183860,594.403148,681.590795,943.046492,856.830302
2025-09-18,464.920930,646.467893,587.392282,673.687864,931.850516,846.657897
2025-09-19,465.314729,644.447087,584.749896,674.264683,928.984840,842.892951
2025-09-22,467.453230,649.781681,589.590329,677.363171,936.674776,849.870237
2025-09-23,467.160724,647.211458,587.258194,676.940511,932.972628,846.511179
2025-09-24,471.945220,652.457746,592.018502,683.946055,940.535307,853.373002
2025-09-25,474.779328,657.202663,596.323882,688.092005,947.496640,859.689206
2025-09-26,470.289406,650.657776,590.385269,681.659197,938.250770,851.300180
2025-09-29,477.524548,660.332310,599.163620,692.153219,952.202129,863.958623
2025-09-30,479.657881,661.860485,600.550235,695.403824,954.407688,865.959786
2025-10-09,486.767959,667.347679,605.529133,705.711019,962.320244,873.139061
2025-10-10,477.191731,655.916972,595.157289,691.869404,945.832950,858.179695
2025-10-13,474.829974,656.518916,595.703473,688.494247,946.700263,858.966632
2025-10-14,469.153488,651.586846,591.228276,680.264622,939.588276,852.513735
2025-10-15,476.102326,662.913016,601.505267,690.475850,955.925963,867.337358
2025-10-16,477.356072,666.709427,604.950005,692.463579,961.663066,872.542786
2025-10-17,466.587080,655.566630,594.839400,676.974201,945.585783,857.955434
2025-10-20,469.066667,659.744248,598.630033,680.620923,951.613296,863.424359
2025-10-21,476.265633,671.699204,609.477563,691.071046,968.853083,879.066481
2025-10-22,474.684238,674.433047,611.958161,688.800523,972.838626,882.682673
2025-10-23,476.107494,673.826177,611.407507,690.877071,971.960370,881.885807
2025-10-24,481.724031,684.281254,620.894097,699.565089,987.656740,896.127546
2025-10-27,487.443928,692.750552,628.578857,707.905994,999.871792,907.210591
2025-10-28,484.958140,688.290346,624.531814,704.385866,993.660471,901.574893
2025-10-29,490.732817,689.880206,625.974400,712.801299,995.969886,903.670287
2025-10-30,486.812403,680.547586,617.506290,707.114782,982.531296,891.477092
2025-10-31,479.655814,668.902812,606.940209,696.718768,965.729426,876.232304
2025-11-03,480.971576,667.815836,605.953924,698.675869,964.175857,874.822709
2025-11-04,477.385013,669.413036,607.403169,693.477351,966.489918,876.922319
2025-11-05,478.269767,669.200864,607.210651,694.773918,966.176441,876.637893
2025-11-06,485.105943,679.744826,616.777893,704.705414,981.391183,890.442637
2025-11-07,483.595866,674.299498,611.836983,702.541066,973.535977,883.315398
2025-11-10,485.276486,671.952617,609.707501,705.072945,970.166304,880.258003
2025-11-11,480.844444,667.091744,605.296906,698.632990,963.146108,873.888390
2025-11-12,480.197416,670.933288,608.782595,697.736623,968.696023,878.923977
2025-11-13,486.002067,680.245852,617.232507,706.171453,982.139070,891.121216
2025-11-14,478.360724,670.994502,608.838139,695.073047,968.814697,879.031654
2025-11-17,475.250646,662.835996,601.435381,690.561607,957.095784,868.398768
2025-11-18,472.164341,660.754688,599.546872,686.199222,954.089192,865.670806
2025-11-19,474.241860,664.138547,602.617274,689.218078,958.976660,870.105337
2025-11-20,471.829457,661.827711,600.520497,685.814336,955.645536,867.082919
2025-11-21,460.321447,644.662019,584.944918,669.114149,930.865435,844.599266
2025-11-24,459.746770,644.891804,585.153417,668.299456,931.187662,844.891631
2025-11-25,464.124031,651.181835,590.860783,674.678155,940.274786,853.136624
2025-11-26,466.938501,653.246082,592.733812,678.776123,943.258221,855.843574
2025-11-27,466.708010,655.172439,594.481724,678.442282,946.037471,858.365263
2025-11-28,467.871835,655.480991,594.761694,680.152321,946.479887,858.766679
2025-12-01,473.022222,660.589296,599.396801,687.638717,953.856135,865.459347
2025-12-02,470.731783,656.536809,595.719708,684.310523,948.012152,860.156944
2025-12-03,468.325581,652.714396,592.251378,680.811834,942.489825,855.146388
2025-12-04,469.929716,656.155471,595.373695,683.144634,947.451801,859.648522
2025-12-05,473.854264,661.313390,600.053820,688.850548,954.931016,866.434616
2025-12-08,477.700258,670.382744,608.283050,694.442119,968.029134,878.318891
2025-12-09,475.268217,670.608510,608.487902,690.916887,968.341150,878.601991
2025-12-10,474.607752,665.693184,604.027899,689.955182,961.258524,872.175734
2025-12-11,470.509561,662.371599,601.014003,684.087962,956.540013,867.894502
2025-12-12,473.483204,662.914944,601.507016,688.506498,957.767837,869.008539
2025-12-15,470.497158,657.677622,596.754844,684.383008,953.378543,865.026015
2025-12-16,464.863049,648.999772,588.880852,676.194220,940.832011,853.642209
2025-12-17,473.372610,661.176652,599.929748,688.689243,958.446713,869.624502
2025-12-18,470.572610,660.157217,599.004747,684.762790,957.055012,868.361775
2025-12-19,472.163307,661.537374,600.257055,687.493747,959.012542,870.137895
2025-12-22,476.653230,666.586642,604.838593,694.032731,966.300327,876.750297
2025-12-23,477.594832,670.799763,608.661440,695.426285,972.411493,882.295123
2025-12-24,478.972610,671.152069,608.981110,697.441578,972.913890,882.750961
2025-12-25,479.849096,671.077369,608.913330,698.835132,972.808529,882.655365
2025-12-26,481.368475,670.356708,608.259426,701.048483,971.752654,881.697341
2025-12-29,479.521447,672.835465,610.508568,698.362447,975.351235,884.962430
2025-12-30,480.752455,674.545637,612.060321,700.155180,977.791547,887.176590
2025-12-31,478.546770,671.769211,609.541085,696.942349,973.815934,883.569410
2026-01-05,487.622739,682.509210,619.286203,710.163245,989.341261,897.655957
2026-01-06,495.161757,691.484012,627.429641,721.144246,1002.328360,909.439502
2026-01-07,493.712661,690.043807,626.122846,719.036049,1000.271388,907.573156
2026-01-08,489.679587,683.507944,620.192421,713.169850,990.768797,898.951199
2026-01-09,491.878036,684.948363,621.499410,716.410246,992.834348,900.825329
2026-01-12,495.082171,688.691233,624.895566,721.114639,998.258211,905.746546
2026-01-13,492.096124,685.766162,622.241453,716.774714,994.092412,901.966805
2026-01-14,490.121964,681.329260,618.215555,714.032526,988.051823,896.486015
2026-01-15,491.103876,678.452369,615.605160,715.480189,983.853166,892.676461
2026-01-16,489.082171,672.314546,610.035903,712.914621,976.092386,885.634896
2026-01-19,489.349871,669.164537,607.177690,713.304611,971.497438,881.465776
2026-01-20,487.739535,664.573594,603.012021,710.957520,964.910945,875.489674
2026-01-21,488.172610,662.995248,601.579882,711.588447,962.511908,873.312963
2026-01-22,488.238760,660.424468,599.247241,711.685435,958.736559,869.887488
2026-01-23,486.046512,654.354011,593.739110,708.659432,949.918603,861.886719
2026-01-26,486.507494,653.865952,593.296261,709.332217,949.276275,861.303917
2026-01-27,486.376227,652.453375,592.014536,709.140284,947.260757,859.475184
2026-01-28,487.647545,650.387846,590.140344,710.994273,944.244386,856.738348
2026-01-29,491.356072,654.809423,594.152336,716.410246,950.747041,862.638382
2026-01-30,486.443411,649.435175,589.275921,709.284234,942.956804,855.570091
2026-02-02,476.070284,643.345156,583.750040,694.159325,934.170229,847.597795
2026-02-03,481.665116,640.252022,580.943433,702.317485,929.650243,843.496690
2026-02-04,485.651680,642.813084,583.267256,708.135701,933.405458,846.903897
2026-02-05,482.730749,641.020863,581.641054,703.930537,930.881901,844.614207
2026-02-06,479.958656,638.864954,579.684853,700.162326,928.480035,842.434928
2026-02-09,487.758140,648.366704,588.306427,711.620096,942.462498,855.121593
2026-02-10,488.299742,650.224156,589.991817,712.419475,945.145386,857.555850
2026-02-11,487.216537,649.214760,589.075925,710.853386,943.787375,856.323690
2026-02-12,487.811886,646.921451,586.995052,711.816112,940.369355,853.222429
2026-02-13,481.696124,639.199515,579.988423,702.891242,929.155699,843.047977
2026-02-24,486.567442,636.818260,577.827751,710.000919,925.698215,839.910909
2026-02-25,489.497674,641.609661,582.175310,714.275505,932.606573,846.179048
2026-02-26,488.565375,640.403900,581.081243,712.916662,930.819780,844.557842
2026-02-27,486.888889,639.383917,580.155744,710.468500,929.328758,843.204998
2026-03-02,488.751421,638.262748,579.138433,713.187206,927.726083,841.750848
2026-03-03,481.229974,631.642475,573.131416,702.211310,918.285254,833.184930
2026-03-04,475.722997,622.707822,565.024409,694.176680,905.312693,821.414576
2026-03-05,480.381395,631.536997,573.035709,700.973956,918.101620,833.018313
2026-03-06,481.699225,632.567902,573.971118,702.897367,919.591130,834.369786
2026-03-09,477.050129,624.951174,567.059951,696.112342,908.532726,824.336198
2026-03-10,483.179328,633.162704,574.510822,705.056610,920.381458,835.086872
2026-03-11,486.253230,634.771975,575.971020,709.541505,922.756470,837.241784
2026-03-12,484.502326,631.736323,573.216571,706.987167,918.387594,833.277786
2026-03-13,482.598450,630.006090,571.646614,704.209247,915.894169,831.015434
2026-03-16,482.848579,632.721021,574.110053,704.574736,919.826796,834.583612
2026-03-17,479.321964,634.100134,575.361414,699.428286,921.908279,836.472197
2026-03-18,481.481137,636.085108,577.162514,702.579861,924.759893,839.059543
2026-03-19,473.720930,629.937745,571.584600,691.255832,915.896996,831.017999
2026-03-20,472.043411,626.735310,567.519047,688.806648,911.221688,825.088066
2026-03-23,456.640827,600.930198,544.152097,666.331125,873.703174,791.116005
2026-03-24,462.503359,614.964968,556.860810,674.887444,894.108577,809.592579
2026-03-25,468.989147,630.596286,571.015224,684.350338,916.835231,830.170986
2026-03-26,462.793798,619.096974,560.602409,675.311125,900.116174,815.032305
2026-03-27,465.381912,620.327339,561.716525,679.086482,901.905025,816.652064
2026-03-30,464.284238,621.383114,562.672546,677.485682,903.440034,818.041976
2026-03-31,459.953488,615.113008,556.994863,671.166195,894.323815,809.787471
2026-04-01,467.810853,634.912319,574.923462,682.631111,923.110387,835.852981
2026-04-02,462.936434,623.298987,564.407401,675.519392,906.225557,820.564196
2026-04-03,458.996382,622.484269,563.669660,669.768558,905.041023,819.491631
2026-04-07,458.978811,624.449442,565.449156,669.753244,907.898224,822.078753
2026-04-08,474.993282,661.705791,599.185388,693.122071,962.065897,871.126204
2026-04-09,471.960724,658.132904,595.950081,688.697410,956.871212,866.422549
2026-04-10,479.232041,669.308137,606.069436,699.338445,973.119083,881.134583
2026-04-13,480.222222,670.364802,607.026264,700.784066,974.655388,882.525668
2026-04-14,485.920413,688.112746,623.097316,709.099448,1000.459441,905.890582
2026-04-15,484.263566,683.747638,619.144640,706.713561,994.299544,900.312952
2026-04-16,489.572093,698.342399,632.360434,714.461312,1015.524220,919.531356
2026-04-17,488.751421,706.936734,640.142744,713.296444,1028.319276,931.116954
2026-04-20,491.725065,712.435837,645.122272,717.636369,1036.330673,938.371070
2026-04-21,492.816537,712.344465,645.039533,719.263713,1036.189913,938.243616
2026-04-22,496.085788,726.849529,658.174105,724.543905,1057.292739,957.351687
2026-04-23,494.711111,718.631102,650.732185,722.535758,1045.333619,946.523009
2026-04-24,492.958140,712.019037,644.744853,719.997754,1035.812841,937.902186
2026-04-27,493.121447,714.753835,647.221257,720.236649,1039.788575,941.502113
2026-04-28,491.804651,709.647448,642.597341,718.342845,1032.355479,934.771633
2026-04-29,497.193798,719.894684,651.876379,726.252922,1047.297996,948.301702
2026-04-30,496.879587,720.231164,652.181068,725.863952,1047.876572,948.825588
2026-05-06,504.091990,741.213507,671.180922,736.400853,1078.390906,976.455541
2026-05-07,506.512661,751.659529,680.639965,739.936295,1093.585094,990.213492
2026-05-08,503.556589,746.407492,675.884159,735.647416,1086.034933,983.377013
2026-05-11,511.818088,763.894165,691.718628,747.748364,1111.471370,1006.409061
2026-05-12,511.426357,770.012961,697.259297,747.203193,1120.432175,1014.522842
2026-05-13,516.624289,789.857667,715.229002,755.110208,1150.888431,1042.100207
2026-05-14,507.968992,770.836613,698.005128,742.467152,1123.218356,1017.045658
2026-05-15,502.283204,752.597594,681.489398,734.235485,1096.650893,992.989495
2026-05-18,499.588630,749.928723,679.072692,730.311074,1092.742694,989.450721
2026-05-19,501.589664,749.569775,678.747659,733.287052,1092.343085,989.088884
2026-05-20,501.364341,753.630067,682.424319,733.061429,1098.324119,994.504559
2026-05-21,494.377261,736.560280,666.967349,722.859389,1073.494549,972.022015
2026-05-22,500.785530,760.526610,688.669251,732.279405,1108.385341,1003.614739
2026-05-25,508.692506,784.923601,710.761125,743.853559,1143.859750,1035.735915
2026-05-26,511.405685,798.006385,722.607799,747.888230,1162.959080,1053.029872
2026-05-27,507.304393,780.699502,706.936134,742.112893,1138.472402,1030.857808
2026-05-28,507.928682,790.736243,716.024567,743.092975,1153.021124,1044.031306
2026-05-29,505.645478,777.224635,703.789586,739.931190,1133.712541,1026.547875
2026-06-01,500.698708,760.861782,688.972755,732.715337,1109.976547,1005.055536
2026-06-02,507.964858,789.720417,715.104720,743.366581,1152.165635,1043.256682
2026-06-03,510.471318,803.784701,727.840159,747.053118,1172.601265,1061.760626
2026-06-04,506.950904,796.420758,721.171988,741.966902,1161.822474,1052.000704
2026-06-05,497.872868,766.285986,693.884461,728.956315,1118.081483,1012.394349
2026-06-08,487.197933,740.666645,670.685729,713.396494,1080.827047,978.661405
2026-06-09,496.311111,766.751931,694.306382,726.762361,1118.825264,1013.067824
2026-06-10,490.810336,750.998614,680.041495,719.434207,1096.807611,993.131400
2026-06-11,488.104393,748.462492,677.744996,715.575135,1093.303709,989.958706
2026-06-12,493.779845,764.062713,691.871250,724.306031,1116.194886,1010.686084
2026-06-15,505.603101,803.561813,727.638330,741.762718,1173.766127,1062.815379
2026-06-16,504.829974,801.701395,725.953691,740.648896,1170.992927,1060.304317
2026-06-17,509.704393,816.147289,739.034683,747.880062,1192.015772,1079.339968
2026-06-18,510.759690,836.760210,757.700020,749.523741,1221.909574,1106.408046
2026-06-22,522.962274,855.657138,774.811496,767.460261,1249.568861,1131.452826
2026-06-23,508.464083,813.618975,736.745254,746.196568,1188.269866,1075.948145
2026-06-24,510.906460,826.345758,748.269564,749.815724,1206.750747,1092.682114
2026-06-25,518.873385,837.764806,758.609698,761.553226,1223.334074,1107.697894
2026-06-26,503.175194,802.241015,726.442326,739.564680,1172.464353,1061.636655
2026-06-29,509.242377,810.713330,734.114145,749.012261,1184.890766,1072.888456
2026-06-30,514.669767,826.728630,748.616260,757.090790,1208.109488,1093.912419
2026-07-01,512.556072,808.783590,732.366734,754.008637,1181.992453,1070.264107
2026-07-02,497.395349,767.140609,694.658336,731.780176,1121.401662,1015.400688
2026-07-03,500.482687,775.582126,702.302267,736.434544,1133.893321,1026.711567
2026-07-06,500.465116,768.807574,696.167800,736.486611,1124.214808,1017.947920
2026-07-07,495.324031,761.541458,689.588213,728.927729,1113.538673,1008.280951
2026-07-08,491.527649,756.698114,685.202486,723.352493,1106.488267,1001.896988
2026-07-09,504.011370,787.929869,713.483350,741.838266,1152.004857,1043.111102
2026-07-10,494.138501,760.541240,688.682499,728.154894,1112.247102,1007.111466
2026-07-13,485.310594,738.494414,668.718739,715.410767,1080.093307,977.997022
2026-07-14,495.762274,770.190131,697.419727,730.842973,1126.413029,1019.938353
2026-07-15,494.757623,755.027659,683.689862,729.405519,1104.387802,999.995070
2026-07-16,485.625840,733.733972,664.408081,716.532756,1073.371892,971.910952
2026-07-17,468.124031,688.343309,623.306095,691.190493,1007.431243,912.203371
2026-07-20,475.278553,693.900621,628.338331,701.852967,1015.671444,919.664664
2026-07-21,489.842894,738.731954,668.933835,723.364744,1080.990362,978.809282
2026-07-22,487.570026,732.753523,663.520268,720.050842,1072.451237,971.077322
2026-07-23,488.682171,737.370876,667.701356,721.711876,1079.297650,977.276575
2026-07-24,480.536434,719.396250,651.425040,709.751815,1053.042522,953.503224
2026-07-27,486.039276,732.071577,662.902755,717.891599,1071.560091,970.270412
2026-07-28,472.301809,690.897414,625.618879,697.685577,1011.626951,916.002478
2026-07-29,475.479070,693.555807,628.026097,702.432849,1015.575520,919.577807
2026-07-30,470.255297,669.172744,605.946835,694.841298,980.145220,887.496571
2026-07-31,474.232558,685.492888,620.724992,700.962726,1003.911850,909.016650
2026-08-03,469.579328,672.656694,609.101609,694.160345,986.258735,893.032203
2026-08-04,475.548320,699.790595,633.671799,702.984145,1025.778271,928.816138
2026-08-05,481.462532,724.397670,655.953907,711.727292,1061.879921,961.505264
2026-08-06,480.755556,731.352604,662.251713,710.681872,1072.059049,970.722206
2026-08-07,485.213437,745.286059,674.868684,717.438311,1092.889387,989.583547
2026-08-10,485.996899,741.102909,671.080773,718.698125,1086.845224,984.110711
2026-08-11,482.045478,723.896825,655.500383,712.943206,1061.530114,961.188523
2026-08-12,484.849612,733.121940,663.853876,717.090178,1074.968909,973.357010
2026-08-13,482.062016,723.698455,655.320757,713.096344,1061.527978,961.186589
2026-08-14,482.261499,728.528621,659.694550,713.430184,1068.664498,967.648527
2026-08-17,490.036176,752.450074,681.355816,724.930833,1103.662949,999.338734
2026-08-18,488.455814,746.139357,675.641359,722.593950,1094.439168,990.986834
2026-08-19,474.284238,707.963339,641.072352,701.722290,1038.701424,940.517725
2026-08-20,474.702842,711.457481,644.236355,702.356280,1043.890850,945.216618
2026-08-21,477.405685,723.952971,655.551225,706.699268,1063.306860,962.797321
2026-08-24,471.641344,703.998830,637.482425,698.184807,1034.211000,936.451760
2026-08-25,470.494057,697.785907,631.856522,696.487019,1025.055585,928.161765
2026-08-26,474.500258,706.960152,640.163950,702.428765,1038.578088,940.406048
2026-08-27,478.581912,722.785400,654.493970,708.713540,1061.697439,961.340031
2026-08-28,476.401034,718.342650,650.470988,705.580341,1055.233177,955.486807
2026-08-31,478.045478,720.677012,652.584791,708.027483,1058.585081,958.521870
2026-09-01,476.634625,713.039511,645.668909,705.963186,1047.470114,948.457551
2026-09-02,470.073385,699.843854,633.720026,696.245061,1028.104856,930.922802
2026-09-03,470.550904,700.006415,633.867228,696.960725,1028.421687,931.209684
2026-09-04,470.082687,695.539211,629.822101,696.335923,1022.180500,925.558448
2026-09-07,472.870284,710.857544,643.693102,700.465539,1044.423912,945.699292
2026-09-08,471.187597,710.030427,642.944134,697.995937,1043.300106,944.681714
2026-09-09,472.620155,715.629650,648.014322,700.140887,1051.816123,952.392751
