Date,CSI300,CSI300_SP_FV_SPMO
2005-09-16,1000.000000,1000.000000
2005-09-19,1003.762274,996.406752
2005-09-20,994.232558,988.182023
2005-09-21,976.134367,970.043975
2005-09-22,954.284238,957.913713
2005-09-23,946.925065,954.691274
2005-09-26,949.343669,958.648813
2005-09-27,934.583979,951.748355
2005-09-28,934.077519,953.974505
2005-09-29,946.749354,966.382618
2005-09-30,948.206718,970.055341
2005-10-10,937.798450,963.406927
2005-10-11,950.614987,972.280197
2005-10-12,954.511628,975.527191
2005-10-13,947.286822,963.995686
2005-10-14,935.224806,948.762401
2005-10-17,927.772610,942.689139
2005-10-18,932.682171,946.806067
2005-10-19,928.930233,946.599018
2005-10-20,930.149871,950.845234
2005-10-21,934.790698,953.185700
2005-10-24,937.105943,954.843201
2005-10-25,924.310078,942.491509
2005-10-26,905.240310,927.763476
2005-10-27,905.271318,930.396128
2005-10-28,896.878553,924.108904
2005-10-31,905.715762,936.738692
2005-11-01,902.191214,934.049608
2005-11-02,912.124031,936.699416
2005-11-03,903.958656,924.407748
2005-11-04,907.865633,928.068584
2005-11-07,906.749354,920.638310
2005-11-08,911.131783,922.138478
2005-11-09,908.785530,925.200915
2005-11-10,891.958656,913.497306
2005-11-11,893.839793,916.534228
2005-11-14,891.111111,905.562368
2005-11-15,885.416021,897.777018
2005-11-16,892.113695,897.377303
2005-11-17,891.638243,896.450315
2005-11-18,911.875969,913.817278
2005-11-21,913.560724,918.550287
2005-11-22,898.832041,911.959475
2005-11-23,905.664083,918.392968
2005-11-24,911.100775,919.472450
2005-11-25,913.808786,920.674574
2005-11-28,909.736434,918.238807
2005-11-29,900.578811,908.344165
2005-11-30,903.183463,901.789392
2005-12-01,902.397933,898.123893
2005-12-02,899.162791,892.858225
2005-12-05,888.485788,886.362902
2005-12-06,895.173127,891.141810
2005-12-07,903.193798,900.683568
2005-12-08,903.421189,902.604106
2005-12-09,917.167959,913.244316
2005-12-12,918.366925,910.346766
2005-12-13,918.966408,908.220043
2005-12-14,928.320413,921.115599
2005-12-15,926.542636,921.534167
2005-12-16,932.878553,929.790285
2005-12-19,933.240310,928.060969
2005-12-20,937.798450,931.679499
2005-12-21,933.478036,931.614134
2005-12-22,939.276486,940.247313
2005-12-23,946.656331,950.292215
2005-12-26,953.364341,951.050988
2005-12-27,950.242894,944.594564
2005-12-28,951.855297,949.655189
2005-12-29,963.338501,963.430694
2005-12-30,954.470284,952.416920
2006-01-04,973.054264,973.620736
2006-01-05,991.348837,1002.165632
2006-01-06,1002.614987,1006.314804
2006-01-09,1008.010336,1008.484698
2006-01-10,1011.007752,1010.095840
2006-01-11,1006.180879,1007.436946
2006-01-12,1016.764858,1010.721128
2006-01-13,1011.689922,1004.187320
2006-01-16,993.736434,989.205040
2006-01-17,996.682171,992.950881
2006-01-18,1016.661499,1008.372803
2006-01-19,1024.516796,1011.102597
2006-01-20,1026.708010,1009.275491
2006-01-23,1029.622739,1006.006047
2006-01-24,1032.651163,1013.359768
2006-01-25,1043.514212,1033.244187
2006-02-06,1067.937984,1055.205494
2006-02-07,1064.537468,1051.680447
2006-02-08,1067.772610,1048.179844
2006-02-09,1053.850129,1036.398943
2006-02-10,1067.018088,1052.248903
2006-02-13,1066.263566,1060.903412
2006-02-14,1073.416021,1069.545468
2006-02-15,1076.651163,1068.414654
2006-02-16,1054.387597,1051.046315
2006-02-17,1054.645995,1050.406973
2006-02-20,1055.958656,1047.166563
2006-02-21,1073.715762,1057.897493
2006-02-22,1072.754522,1054.785331
2006-02-23,1076.351421,1056.094631
2006-02-24,1084.692506,1067.043021
2006-02-27,1083.049096,1049.818480
2006-02-28,1088.382429,1056.765772
2006-03-01,1092.113695,1065.031717
2006-03-02,1073.560724,1033.884553
2006-03-03,1076.671835,1036.190777
2006-03-06,1073.767442,1033.123265
2006-03-07,1049.064599,1014.150353
2006-03-08,1043.173127,1007.414751
2006-03-09,1038.077519,1007.428568
2006-03-10,1042.790698,1013.285627
2006-03-13,1054.118863,1026.463162
2006-03-14,1052.475452,1024.904728
2006-03-15,1063.524548,1033.381874
2006-03-16,1062.139535,1035.243447
2006-03-17,1058.418605,1025.012388
2006-03-20,1072.516796,1039.601797
2006-03-21,1075.720930,1045.936557
2006-03-22,1082.863049,1055.265638
2006-03-23,1083.762274,1059.409625
2006-03-24,1077.622739,1057.384607
2006-03-27,1086.005168,1066.176715
2006-03-28,1091.452196,1071.420582
2006-03-29,1101.074935,1079.432006
2006-03-30,1091.090439,1071.790877
2006-03-31,1096.733850,1076.894135
2006-04-03,1115.576227,1101.433865
2006-04-04,1125.963824,1105.573050
2006-04-05,1136.919897,1120.536366
2006-04-06,1140.299742,1129.483514
2006-04-07,1140.206718,1125.167704
2006-04-10,1155.462532,1127.691566
2006-04-11,1161.043928,1129.479206
2006-04-12,1154.594315,1119.498953
2006-04-13,1130.677003,1095.955619
2006-04-14,1156.186047,1116.806746
2006-04-17,1162.180879,1120.938688
2006-04-18,1169.281654,1134.602145
2006-04-19,1176.475452,1154.129456
2006-04-20,1172.485788,1155.996508
2006-04-21,1187.762274,1183.956724
2006-04-24,1181.085271,1203.536582
2006-04-25,1180.289406,1214.035260
2006-04-26,1194.552972,1216.948443
2006-04-27,1194.077519,1218.107000
2006-04-28,1211.731266,1244.541117
2006-05-08,1259.379845,1296.728833
2006-05-09,1293.653747,1322.202253
2006-05-10,1308.454780,1333.014885
2006-05-11,1297.198966,1322.039674
2006-05-12,1339.803618,1359.418119
2006-05-15,1397.581395,1417.734319
2006-05-16,1375.844961,1383.679375
2006-05-17,1380.382429,1372.285093
2006-05-18,1375.917313,1366.861156
2006-05-19,1411.989664,1395.077735
2006-05-22,1419.813953,1371.948143
2006-05-23,1361.912145,1321.882265
2006-05-24,1352.186047,1335.645583
2006-05-25,1351.627907,1320.508196
2006-05-26,1375.731266,1340.694111
2006-05-29,1412.186047,1372.774211
2006-05-30,1425.074935,1393.353234
2006-05-31,1411.317829,1375.309853
2006-06-01,1450.005168,1406.078446
2006-06-02,1436.816537,1372.006909
2006-06-05,1450.294574,1373.159151
2006-06-06,1446.139535,1338.523799
2006-06-07,1364.578811,1273.357522
2006-06-08,1370.521964,1277.187738
2006-06-09,1337.664083,1251.893314
2006-06-12,1341.260982,1267.139069
2006-06-13,1341.891473,1270.505801
2006-06-14,1327.007752,1254.227256
2006-06-15,1328.568475,1259.335645
2006-06-16,1362.284238,1302.956707
2006-06-19,1379.731266,1319.905035
2006-06-20,1383.173127,1322.967905
2006-06-21,1378.325581,1313.873536
2006-06-22,1376.279070,1309.766415
2006-06-23,1384.444444,1314.747820
2006-06-26,1409.209302,1336.829226
2006-06-27,1409.715762,1339.531945
2006-06-28,1408.671835,1331.398709
2006-06-29,1441.984496,1359.035412
2006-06-30,1440.785530,1359.277043
2006-07-03,1468.041344,1388.875058
2006-07-04,1458.408269,1382.635479
2006-07-05,1439.803618,1356.954878
2006-07-06,1466.335917,1376.942314
2006-07-07,1457.808786,1369.641521
2006-07-10,1459.555556,1374.729478
2006-07-11,1466.232558,1379.531024
2006-07-12,1466.873385,1386.930767
2006-07-13,1391.307494,1321.593729
2006-07-14,1402.718346,1332.730546
2006-07-17,1418.346253,1344.644858
2006-07-18,1419.555556,1338.986929
2006-07-19,1381.540052,1300.706748
2006-07-20,1390.377261,1307.810253
2006-07-21,1401.581395,1326.934319
2006-07-24,1403.741602,1336.821273
2006-07-25,1420.330749,1350.411581
2006-07-26,1417.364341,1338.636034
2006-07-27,1401.085271,1318.495784
2006-07-28,1386.449612,1302.718724
2006-07-31,1337.808786,1256.995798
2006-08-01,1325.126615,1249.753477
2006-08-02,1317.922481,1239.244246
2006-08-03,1314.459948,1232.550347
2006-08-04,1283.627907,1206.869740
2006-08-07,1265.219638,1198.061270
2006-08-08,1294.459948,1224.036627
2006-08-09,1293.333333,1221.985857
2006-08-10,1314.180879,1243.961086
2006-08-11,1318.501292,1245.840431
2006-08-14,1287.565891,1218.485226
2006-08-15,1308.382429,1238.669575
2006-08-16,1326.687339,1258.477735
2006-08-17,1314.346253,1246.111904
2006-08-18,1310.459948,1245.319145
2006-08-21,1313.240310,1252.165122
2006-08-22,1328.444444,1270.776522
2006-08-23,1328.868217,1272.217955
2006-08-24,1335.813953,1278.365074
2006-08-25,1338.956072,1279.801078
2006-08-28,1370.428941,1313.485310
2006-08-29,1374.842377,1322.482680
2006-08-30,1379.503876,1326.198706
2006-08-31,1383.658915,1331.750843
2006-09-01,1362.377261,1314.299327
2006-09-04,1382.160207,1336.515467
2006-09-05,1385.715762,1338.396410
2006-09-06,1391.596899,1344.868489
2006-09-07,1373.002584,1331.120719
2006-09-08,1376.899225,1338.006018
2006-09-11,1383.731266,1343.828236
2006-09-12,1392.909561,1349.038911
2006-09-13,1383.348837,1338.535581
2006-09-14,1383.235142,1340.039506
2006-09-15,1408.082687,1354.948299
2006-09-18,1421.767442,1375.432043
2006-09-19,1424.609819,1382.468544
2006-09-20,1424.764858,1385.784047
2006-09-21,1433.974160,1400.050553
2006-09-22,1421.033592,1399.744789
2006-09-25,1418.501292,1396.045813
2006-09-26,1403.255814,1370.374680
2006-09-27,1417.178295,1377.640602
2006-09-28,1433.591731,1409.751417
2006-09-29,1450.408269,1427.224906
2006-10-09,1484.310078,1461.884665
2006-10-10,1485.529716,1460.798206
2006-10-11,1484.144703,1456.727776
2006-10-12,1474.418605,1426.240020
2006-10-13,1478.945736,1422.846560
2006-10-16,1466.170543,1399.171460
2006-10-17,1461.963824,1408.607722
2006-10-18,1485.881137,1426.984690
2006-10-19,1487.731266,1433.839666
2006-10-20,1488.558140,1434.622708
2006-10-23,1456.041344,1400.827151
2006-10-24,1488.423773,1430.120652
2006-10-25,1495.431525,1454.124299
2006-10-26,1505.012920,1451.180906
2006-10-27,1487.390181,1422.451271
2006-10-30,1494.821705,1419.790261
2006-10-31,1513.664083,1426.819208
2006-11-01,1529.105943,1446.038143
2006-11-02,1529.364341,1443.403108
2006-11-03,1538.284238,1449.348684
2006-11-06,1558.542636,1448.025135
2006-11-07,1567.028424,1445.859805
2006-11-08,1548.496124,1445.121784
2006-11-09,1575.927649,1453.284079
2006-11-10,1554.583979,1433.523878
2006-11-13,1525.354005,1410.772449
2006-11-14,1543.958656,1431.246221
2006-11-15,1586.315245,1466.213383
2006-11-16,1584.795866,1476.185109
2006-11-17,1614.552972,1482.143127
2006-11-20,1646.677003,1492.979031
2006-11-21,1666.408269,1517.389894
2006-11-22,1678.583979,1542.002702
2006-11-23,1689.829457,1543.920652
2006-11-24,1691.555556,1565.688882
2006-11-27,1707.286822,1596.282052
2006-11-28,1699.235142,1592.560616
2006-11-29,1723.142119,1644.257059
2006-11-30,1771.948320,1687.877237
2006-12-01,1787.307494,1725.316152
2006-12-04,1840.558140,1756.625695
2006-12-05,1854.501292,1768.652842
2006-12-06,1839.183463,1744.785752
2006-12-07,1835.359173,1712.372272
2006-12-08,1769.074935,1661.202108
2006-12-11,1850.046512,1732.066444
2006-12-12,1863.348837,1737.924545
2006-12-13,1864.454780,1747.460333
2006-12-14,1897.819121,1810.679293
2006-12-15,1930.377261,1865.344244
2006-12-18,1980.475452,1942.286409
2006-12-19,1985.984496,1928.362165
2006-12-20,2001.602067,1954.307426
2006-12-21,1973.116279,1917.459547
2006-12-22,1959.317829,1891.895862
2006-12-25,2004.237726,1926.691956
2006-12-26,2003.348837,1919.005479
2006-12-27,2049.488372,1966.802454
2006-12-28,2046.439276,1979.193832
2006-12-29,2109.612403,2028.833456
2007-01-04,2136.527132,2017.356220
2007-01-05,2142.511628,2022.981805
2007-01-08,2203.162791,2062.866780
2007-01-09,2273.994832,2126.818294
2007-01-10,2331.751938,2201.224928
2007-01-11,2306.594315,2205.739259
2007-01-12,2246.770026,2202.806914
2007-01-15,2364.175711,2326.242858
2007-01-16,2432.940568,2427.879151
2007-01-17,2386.490956,2366.020667
2007-01-18,2394.935401,2437.400911
2007-01-19,2476.578811,2530.874417
2007-01-22,2574.997416,2618.628828
2007-01-23,2592.382429,2570.269842
2007-01-24,2621.633075,2619.800840
2007-01-25,2535.224806,2544.837978
2007-01-26,2597.333333,2596.729770
2007-01-29,2663.483204,2626.046002
2007-01-30,2637.602067,2605.817357
2007-01-31,2465.467700,2421.014974
2007-02-01,2475.627907,2455.722166
2007-02-02,2375.193798,2365.435571
2007-02-05,2348.113695,2346.825198
2007-02-06,2393.839793,2346.969754
2007-02-07,2449.395349,2394.025726
2007-02-08,2491.576227,2433.737692
2007-02-09,2477.777778,2428.503027
2007-02-12,2568.878553,2531.275515
2007-02-13,2607.369509,2556.808116
2007-02-14,2675.297158,2623.501776
2007-02-15,2758.273902,2719.220412
2007-02-16,2766.656331,2691.272870
2007-02-26,2798.635659,2692.414937
2007-02-27,2540.041344,2437.127830
2007-02-28,2630.046512,2512.359507
2007-03-01,2556.630491,2439.511600
2007-03-02,2593.002584,2485.169860
2007-03-05,2558.770026,2436.474300
2007-03-06,2604.950904,2496.094190
2007-03-07,2676.423773,2604.824801
2007-03-08,2715.896641,2669.700792
2007-03-09,2699.111111,2631.333257
2007-03-12,2704.051680,2630.257106
2007-03-13,2728.857881,2645.072279
2007-03-14,2684.609819,2594.700458
2007-03-15,2734.418605,2650.446086
2007-03-16,2691.710594,2626.684153
2007-03-19,2748.744186,2691.956023
2007-03-20,2762.552972,2670.653078
2007-03-21,2793.385013,2695.031711
2007-03-22,2802.397933,2696.832563
2007-03-23,2807.514212,2689.158418
2007-03-26,2856.878553,2723.476764
2007-03-27,2877.540052,2718.637257
2007-03-28,2891.627907,2747.390695
2007-03-29,2876.806202,2781.611191
2007-03-30,2875.224806,2775.626192
2007-04-02,2945.850129,2856.622126
2007-04-03,2985.136951,2901.608934
2007-04-04,3009.633075,2942.756921
2007-04-05,3043.979328,2970.834327
2007-04-06,3071.844961,2985.229022
2007-04-09,3140.227390,3049.516528
2007-04-10,3185.085271,3104.385591
2007-04-11,3226.170543,3145.585828
2007-04-12,3283.142119,3193.930062
2007-04-13,3275.689922,3206.236573
2007-04-16,3365.374677,3294.670127
2007-04-17,3393.901809,3275.764293
2007-04-18,3415.503876,3279.148174
2007-04-19,3256.124031,3134.156377
2007-04-20,3399.772610,3256.742085
2007-04-23,3546.583979,3353.573484
2007-04-24,3560.930233,3337.469531
2007-04-25,3564.113695,3346.354448
2007-04-26,3610.935401,3405.558490
2007-04-27,3587.100775,3367.762500
2007-04-30,3678.253230,3460.347982
2007-05-08,3809.850129,3574.384828
2007-05-09,3825.612403,3592.303236
2007-05-10,3849.622739,3584.156793
2007-05-11,3826.987080,3602.536219
2007-05-14,3859.865633,3701.814579
2007-05-15,3725.726098,3570.584656
2007-05-16,3824.589147,3660.158271
2007-05-17,3905.540052,3759.711779
2007-05-18,3903.493540,3735.353939
2007-05-21,3960.144703,3747.107841
2007-05-22,4000.506460,3759.722426
2007-05-23,4071.266150,3820.677322
2007-05-24,4051.421189,3845.945432
2007-05-25,4119.121447,3948.814980
2007-05-28,4209.385013,4032.242780
2007-05-29,4308.310078,4119.097546
2007-05-30,4017.012920,3831.285241
2007-05-31,4059.896641,3901.004932
2007-06-01,3931.731266,3855.893477
2007-06-04,3629.385013,3591.500576
2007-06-05,3756.723514,3749.400341
2007-06-06,3801.116279,3778.191457
2007-06-07,3930.025840,3895.392235
2007-06-08,3966.790698,3946.060599
2007-06-11,4063.937984,4037.790726
2007-06-12,4171.689922,4111.632141
2007-06-13,4256.609819,4182.490544
2007-06-14,4212.733850,4139.987628
2007-06-15,4237.085271,4152.229859
2007-06-18,4369.581395,4278.402195
2007-06-19,4395.865633,4280.330279
2007-06-20,4297.260982,4194.563213
2007-06-21,4338.273902,4264.024232
2007-06-22,4187.524548,4143.049207
2007-06-25,4007.844961,4013.651169
2007-06-26,4060.165375,4035.451318
2007-06-27,4176.206718,4147.740479
2007-06-28,3988.134367,3973.842001
2007-06-29,3890.521964,3888.673586
2007-07-02,3883.886305,3856.189782
2007-07-03,3960.961240,3931.503139
2007-07-04,3869.333333,3865.280018
2007-07-05,3656.268734,3699.899852
2007-07-06,3834.914729,3883.504238
2007-07-09,3949.664083,4008.034787
2007-07-10,3902.449612,4013.948011
2007-07-11,3917.178295,4007.257135
2007-07-12,3945.136951,4037.285247
2007-07-13,3948.444444,4032.643211
2007-07-16,3822.191214,3888.899706
2007-07-17,3916.950904,4024.862685
2007-07-18,3935.472868,4034.947252
2007-07-19,3934.883721,4038.781447
2007-07-20,4105.302326,4239.940305
2007-07-23,4296.351421,4436.729602
2007-07-24,4301.136951,4456.204643
2007-07-25,4398.408269,4520.297608
2007-07-26,4447.741602,4593.663890
2007-07-27,4451.824289,4564.304671
2007-07-30,4558.449612,4673.134065
2007-07-31,4610.397933,4715.360678
2007-08-01,4434.604651,4569.885996
2007-08-02,4585.209302,4740.613606
2007-08-03,4752.847545,5011.536309
2007-08-06,4861.994832,5106.811492
2007-08-07,4883.255814,5129.136480
2007-08-08,4824.899225,5100.989446
2007-08-09,4937.767442,5274.404580
2007-08-10,4885.457364,5144.091220
2007-08-13,4879.782946,5091.668346
2007-08-14,4956.661499,5187.775947
2007-08-15,4959.948320,5214.239225
2007-08-16,4880.558140,5129.788554
2007-08-17,4781.994832,5003.027083
2007-08-20,5049.540052,5343.059350
2007-08-21,5139.751938,5455.678299
2007-08-22,5221.385013,5536.276115
2007-08-23,5308.454780,5654.806759
2007-08-24,5392.847545,5723.258433
2007-08-27,5419.276486,5710.320729
2007-08-28,5428.186047,5657.757607
2007-08-29,5345.550388,5558.360500
2007-08-30,5417.291990,5627.068818
2007-08-31,5474.739018,5660.809311
2007-09-03,5601.209302,5751.876357
2007-09-04,5540.392765,5675.009062
2007-09-05,5543.410853,5636.093358
2007-09-06,5593.839793,5674.512771
2007-09-07,5472.661499,5517.053370
2007-09-10,5557.850129,5585.716179
2007-09-11,5296.217054,5313.501249
2007-09-12,5377.633075,5368.200860
2007-09-13,5529.684755,5529.606653
2007-09-14,5578.583979,5571.346826
2007-09-17,5683.627907,5627.379524
2007-09-18,5660.816537,5560.500717
2007-09-19,5601.312661,5480.772892
2007-09-20,5679.503876,5544.233334
2007-09-21,5651.782946,5521.292093
2007-09-24,5699.121447,5622.899793
2007-09-25,5637.850129,5595.363891
2007-09-26,5541.105943,5531.033271
2007-09-27,5609.984496,5581.236593
2007-09-28,5768.279070,5748.013589
2007-10-08,5843.038760,5940.193348
2007-10-09,5866.594315,5932.477817
2007-10-10,5876.754522,5922.551392
2007-10-11,5953.571059,6015.030737
2007-10-12,5929.943152,5969.830152
2007-10-15,6017.002584,5968.224775
2007-10-16,6074.625323,6107.975235
2007-10-17,6019.762274,6022.953237
2007-10-18,5804.392765,5832.148476
2007-10-19,5802.645995,5873.431132
2007-10-22,5656.516796,5802.889205
2007-10-23,5726.191214,5861.354592
2007-10-24,5775.720930,5949.624024
2007-10-25,5512.961240,5789.730459
2007-10-26,5576.031008,5941.803704
2007-10-29,5693.395349,6019.206261
2007-10-30,5784.051680,6082.834409
2007-10-31,5879.627907,6234.407389
2007-11-01,5793.519380,6159.473313
2007-11-02,5656.775194,6035.295815
2007-11-05,5540.372093,5810.633284
2007-11-06,5496.175711,5796.327785
2007-11-07,5530.366925,5845.421127
2007-11-08,5264.775194,5543.051280
2007-11-09,5209.850129,5472.460054
2007-11-12,5145.478036,5486.750970
2007-11-13,5105.157623,5375.543465
2007-11-14,5318.749354,5577.461452
2007-11-15,5251.793282,5517.407390
2007-11-16,5175.875969,5398.423508
2007-11-19,5162.191214,5305.135571
2007-11-20,5239.669251,5383.011056
2007-11-21,5165.498708,5312.892111
2007-11-22,4932.940568,5046.074135
2007-11-23,5019.286822,5144.324081
2007-11-26,4961.322997,5074.746466
2007-11-27,4869.405685,4938.133162
2007-11-28,4804.909561,4883.480257
2007-11-29,5004.723514,5118.212747
2007-11-30,4896.547804,5019.495943
2007-12-03,4932.992248,5094.961118
2007-12-04,4991.431525,5157.582051
2007-12-05,5132.764858,5310.580171
2007-12-06,5138.046512,5323.587023
2007-12-07,5210.697674,5387.322623
2007-12-10,5306.005168,5428.669408
2007-12-11,5312.661499,5394.796560
2007-12-12,5247.948320,5263.496734
2007-12-13,5048.372093,5025.237329
2007-12-14,5144.857881,5122.642279
2007-12-17,5020.454780,4909.319452
2007-12-18,4992.155039,4895.457149
2007-12-19,5112.444444,5005.607888
2007-12-20,5206.408269,5118.542291
2007-12-21,5273.229974,5166.694407
2007-12-24,5382.046512,5310.106680
2007-12-25,5392.051680,5298.298209
2007-12-26,5441.891473,5320.711758
2007-12-27,5547.834625,5451.476707
2007-12-28,5517.602067,5446.622974
2008-01-02,5565.994832,5453.708711
2008-01-03,5604.165375,5400.386999
2008-01-04,5667.855297,5506.714940
2008-01-07,5743.245478,5636.735845
2008-01-08,5713.746770,5629.477787
2008-01-09,5802.335917,5715.834068
2008-01-10,5862.687339,5791.713788
2008-01-11,5890.594315,5919.065912
2008-01-14,5924.299742,5952.108477
2008-01-15,5887.803618,5867.728045
2008-01-16,5690.666667,5606.484214
2008-01-17,5545.860465,5494.033697
2008-01-18,5596.351421,5536.095867
2008-01-21,5318.583979,5225.974707
2008-01-22,4913.560724,4832.436921
2008-01-23,5142.232558,5063.509359
2008-01-24,5196.082687,5089.856282
2008-01-25,5247.989664,5209.930820
2008-01-28,4890.832041,4862.010944
2008-01-29,4922.046512,4884.913653
2008-01-30,4868.888889,4799.425694
2008-01-31,4775.607235,4729.637184
2008-02-01,4725.529716,4757.787924
2008-02-04,5116.403101,5168.073427
2008-02-05,5087.162791,5119.040286
2008-02-13,4977.860465,4973.138979
2008-02-14,5044.186047,5051.001661
2008-02-15,4974.997416,4951.559362
2008-02-18,5075.958656,5049.394716
2008-02-19,5189.405685,5168.280626
2008-02-20,5073.612403,4981.550707
2008-02-21,5039.824289,4911.577685
2008-02-22,4860.196382,4685.757507
2008-02-25,4671.607235,4480.324996
2008-02-26,4667.214470,4505.034241
2008-02-27,4795.627907,4658.030102
2008-02-28,4777.322997,4659.548728
2008-02-29,4831.576227,4713.625176
2008-03-03,4951.669251,4836.954597
2008-03-04,4828.062016,4651.436925
2008-03-05,4784.206718,4622.972723
2008-03-06,4842.408269,4689.713631
2008-03-07,4776.940568,4635.985117
2008-03-10,4580.454780,4419.047649
2008-03-11,4590.366925,4408.621708
2008-03-12,4454.418605,4252.097650
2008-03-13,4340.010336,4148.804115
2008-03-14,4297.540052,4094.323947
2008-03-17,4098.480620,3957.228682
2008-03-18,3890.387597,3793.609077
2008-03-19,4019.493540,3924.985325
2008-03-20,4136.258398,4059.257186
2008-03-21,4173.467700,4083.143267
2008-03-24,3986.656331,3934.115849
2008-03-25,4036.971576,3977.869299
2008-03-26,4045.860465,4011.749803
2008-03-27,3874.852713,3859.120365
2008-03-28,4049.777778,3980.398592
2008-03-31,3917.860465,3854.044023
2008-04-01,3703.214470,3615.391985
2008-04-02,3667.162791,3480.200253
2008-04-03,3773.333333,3590.474252
2008-04-07,3975.007752,3817.040811
2008-04-08,4021.767442,3898.928030
2008-04-09,3812.020672,3709.001821
2008-04-10,3880.847545,3809.362851
2008-04-11,3910.832041,3831.575583
2008-04-14,3655.121447,3592.870304
2008-04-15,3703.669251,3677.160905
2008-04-16,3611.390181,3602.269233
2008-04-17,3500.392765,3493.585395
2008-04-18,3382.428941,3369.915788
2008-04-21,3377.312661,3325.700743
2008-04-22,3407.007752,3297.904600
2008-04-23,3569.746770,3469.062593
2008-04-24,3901.291990,3757.126101
2008-04-25,3930.821705,3777.504092
2008-04-28,3854.418605,3732.304837
2008-04-29,3903.813953,3789.796994
2008-04-30,4092.113695,3929.052457
2008-05-05,4192.020672,4071.806077
2008-05-06,4145.622739,4070.834129
2008-05-07,3949.684755,3906.312217
2008-05-08,4056.888889,4063.417450
2008-05-09,4009.219638,4079.978175
2008-05-12,4036.093023,4084.312824
2008-05-13,3981.074935,4069.116346
2008-05-14,4109.333333,4177.736537
2008-05-15,4080.713178,4139.325697
2008-05-16,4068.341085,4108.525800
2008-05-19,4045.550388,4134.972615
2008-05-20,3835.472868,3911.710421
2008-05-21,3910.129199,3997.780689
2008-05-22,3836.113695,3952.120883
2008-05-23,3798.604651,3870.902515
2008-05-26,3678.780362,3710.607982
2008-05-27,3696.330749,3717.603635
2008-05-28,3799.720930,3798.914052
2008-05-29,3701.157623,3695.486034
2008-05-30,3732.640827,3686.075227
2008-06-02,3747.627907,3709.769731
2008-06-03,3735.514212,3713.841104
2008-06-04,3666.067183,3640.455971
2008-06-05,3630.118863,3571.415309
2008-06-06,3606.718346,3562.716582
2008-06-10,3314.273902,3346.245053
2008-06-11,3245.788114,3254.268919
2008-06-12,3188.248062,3193.153158
2008-06-13,3079.193798,3056.446244
2008-06-16,3051.410853,2963.379984
2008-06-17,2938.170543,2837.920159
2008-06-18,3091.751938,3027.203436
2008-06-19,2866.232558,2843.416286
2008-06-20,2945.395349,2913.529516
2008-06-23,2883.658915,2869.846321
2008-06-24,2947.720930,2969.538262
2008-06-25,3069.291990,3084.693326
2008-06-26,3081.043928,3109.378412
2008-06-27,2910.614987,2960.367139
2008-06-30,2885.602067,2945.890080
2008-07-01,2788.992248,2881.610657
2008-07-02,2790.284238,2902.274704
2008-07-03,2853.343669,2975.175529
2008-07-04,2833.953488,2905.974824
2008-07-07,2979.596899,3026.579229
2008-07-08,2999.317829,3094.973051
2008-07-09,3116.413437,3181.890663
2008-07-10,3073.622739,3152.117641
2008-07-11,3052.713178,3153.785860
2008-07-14,3075.834625,3180.928134
2008-07-15,2948.816537,3075.513643
2008-07-16,2837.829457,2942.523958
2008-07-17,2809.374677,2879.589174
2008-07-18,2910.036176,2957.601632
2008-07-21,3008.837209,3053.544033
2008-07-22,3002.315245,3046.466119
2008-07-23,2980.175711,2980.078837
2008-07-24,3077.374677,3039.940694
2008-07-25,3037.932817,2988.704618
2008-07-28,3060.310078,3016.552696
2008-07-29,3003.235142,3001.259386
2008-07-30,2981.271318,2957.646515
2008-07-31,2899.441860,2866.216911
2008-08-01,2936.217054,2853.449991
2008-08-04,2866.304910,2766.906877
2008-08-05,2793.881137,2622.085126
2008-08-06,2813.116279,2615.394980
2008-08-07,2811.824289,2613.055715
2008-08-08,2678.511628,2482.949645
2008-08-11,2539.338501,2326.752354
2008-08-12,2526.263566,2312.827857
2008-08-13,2526.790698,2325.223765
2008-08-14,2525.591731,2321.937265
2008-08-15,2529.839793,2295.191175
2008-08-18,2391.111111,2131.736115
2008-08-19,2427.359173,2150.963981
2008-08-20,2618.025840,2318.348624
2008-08-21,2526.077519,2233.204776
2008-08-22,2485.715762,2199.772427
2008-08-25,2481.188630,2166.339278
2008-08-26,2409.850129,2061.395803
2008-08-27,2403.400517,2045.975529
2008-08-28,2414.335917,2056.379739
2008-08-29,2471.979328,2109.510196
2008-09-01,2386.739018,2036.413360
2008-09-02,2362.180879,2016.142098
2008-09-03,2321.405685,1967.426638
2008-09-04,2326.770026,1964.518770
2008-09-05,2256.775194,1892.172347
2008-09-08,2197.953488,1817.587289
2008-09-09,2211.007752,1821.262257
2008-09-10,2215.173127,1806.055784
2008-09-11,2141.736434,1751.871064
2008-09-12,2147.648579,1755.156110
2008-09-16,2067.855297,1719.218536
2008-09-17,1993.943152,1709.735865
2008-09-18,1959.679587,1689.792567
2008-09-19,2142.749354,1826.574371
2008-09-22,2281.767442,1917.703994
2008-09-23,2194.811370,1841.321024
2008-09-24,2210.697674,1869.644504
2008-09-25,2298.222222,1925.643200
2008-09-26,2319.028424,1951.231194
2008-10-06,2200.206718,1859.100944
2008-10-07,2173.074935,1827.592918
2008-10-08,2090.832041,1771.710364
2008-10-09,2062.325581,1736.969676
2008-10-10,1971.018088,1660.749960
2008-10-13,2052.186047,1668.565865
2008-10-14,1999.607235,1629.228917
2008-10-15,1978.666667,1591.217682
2008-10-16,1882.067183,1515.212423
2008-10-17,1894.842377,1527.258248
2008-10-20,1960.444444,1574.998116
2008-10-21,1944.609819,1577.206309
2008-10-22,1894.904393,1550.656775
2008-10-23,1896.413437,1571.642790
2008-10-24,1841.447028,1546.843215
2008-10-27,1710.253230,1447.391862
2008-10-28,1763.121447,1489.378100
2008-10-29,1713.922481,1453.595273
2008-10-30,1754.687339,1483.529358
2008-10-31,1719.545220,1458.448356
2008-11-03,1709.085271,1450.835202
2008-11-04,1682.439276,1423.750916
2008-11-05,1748.237726,1467.459791
2008-11-06,1705.198966,1427.754368
2008-11-07,1734.191214,1432.706145
2008-11-10,1862.191214,1523.991711
2008-11-11,1841.198966,1507.883169
2008-11-12,1862.346253,1525.530015
2008-11-13,1937.033592,1591.443393
2008-11-14,2008.940568,1669.400568
2008-11-17,2053.984496,1729.114213
2008-11-18,1901.622739,1629.504510
2008-11-19,2018.770026,1736.761168
2008-11-20,1997.343669,1725.720078
2008-11-21,1985.260982,1697.107219
2008-11-24,1899.369509,1635.294573
2008-11-25,1895.906977,1635.098519
2008-11-26,1905.426357,1638.130885
2008-11-27,1933.302326,1659.892068
2008-11-28,1891.390181,1632.579099
2008-12-01,1926.832041,1677.674490
2008-12-02,1931.400517,1699.309184
2008-12-03,2018.263566,1772.200358
2008-12-04,2049.540052,1790.759060
2008-12-05,2080.806202,1828.450340
2008-12-08,2165.416021,1891.017280
2008-12-09,2109.405685,1857.076252
2008-12-10,2166.811370,1893.558061
2008-12-11,2115.080103,1856.257532
2008-12-12,2026.232558,1796.125980
2008-12-15,2041.374677,1820.264022
2008-12-16,2061.447028,1841.762692
2008-12-17,2068.651163,1860.493128
2008-12-18,2113.798450,1889.078081
2008-12-19,2121.043928,1899.577795
2008-12-22,2085.322997,1890.682394
2008-12-23,1983.421189,1805.767054
2008-12-24,1950.470284,1780.684841
2008-12-25,1933.612403,1758.319357
2008-12-26,1924.651163,1737.391612
2008-12-29,1917.064599,1716.938137
2008-12-30,1895.028424,1707.538466
2008-12-31,1878.780362,1688.418735
2009-01-05,1946.211886,1727.864757
2009-01-06,2008.062016,1772.642971
2009-01-07,1996.051680,1757.468599
2009-01-08,1951.410853,1722.695506
2009-01-09,1982.811370,1752.872088
2009-01-12,1985.209302,1749.398153
2009-01-13,1939.214470,1701.092824
2009-01-14,2020.919897,1769.646848
2009-01-15,2020.537468,1776.112804
2009-01-16,2057.064599,1799.322653
2009-01-19,2080.072351,1806.904793
2009-01-20,2093.219638,1815.096862
2009-01-21,2089.622739,1798.840982
2009-01-22,2113.229974,1840.415834
2009-01-23,2100.961240,1839.552835
2009-02-02,2126.160207,1863.192889
2009-02-03,2179.751938,1910.533277
2009-02-04,2239.183463,1946.028737
2009-02-05,2223.224806,1929.920699
2009-02-06,2312.434109,2006.277095
2009-02-09,2373.819121,2088.491993
2009-02-10,2404.919897,2120.113732
2009-02-11,2409.447028,2124.143360
2009-02-12,2396.217054,2120.688088
2009-02-13,2479.658915,2182.157336
2009-02-16,2544.961240,2220.856857
2009-02-17,2465.416021,2163.102383
2009-02-18,2352.289406,2070.492082
2009-02-19,2375.617571,2104.290929
2009-02-20,2423.069767,2160.155781
2009-02-23,2491.452196,2220.257706
2009-02-24,2379.173127,2136.560373
2009-02-25,2381.653747,2100.746903
2009-02-26,2263.762274,1967.845777
2009-02-27,2212.392765,1906.264976
2009-03-02,2237.385013,1939.234778
2009-03-03,2214.108527,1918.309563
2009-03-04,2361.912145,2049.044818
2009-03-05,2382.346253,2049.958558
2009-03-06,2363.390181,2022.949014
2009-03-09,2276.516796,1961.468412
2009-03-10,2316.051680,1998.620528
2009-03-11,2294.966408,1984.862519
2009-03-12,2290.129199,1971.486178
2009-03-13,2279.503876,1962.774202
2009-03-16,2316.909561,1980.656741
2009-03-17,2400.413437,2054.381276
2009-03-18,2411.007752,2084.722922
2009-03-19,2462.594315,2146.304008
2009-03-20,2459.782946,2174.417305
2009-03-23,2521.343669,2233.602154
2009-03-24,2534.139535,2249.428261
2009-03-25,2481.994832,2193.380854
2009-03-26,2563.090439,2252.868945
2009-03-27,2582.873385,2293.132436
2009-03-30,2567.948320,2303.187946
2009-03-31,2592.031008,2359.907724
2009-04-01,2633.819121,2383.248329
2009-04-02,2662.945736,2390.269319
2009-04-03,2656.847545,2360.278606
2009-04-07,2663.514212,2366.058455
2009-04-08,2562.635659,2280.946350
2009-04-09,2602.242894,2318.726134
2009-04-10,2682.718346,2413.053953
2009-04-13,2745.757106,2456.412323
2009-04-14,2766.790698,2478.150641
2009-04-15,2777.250646,2490.872514
2009-04-16,2777.374677,2478.873985
2009-04-17,2739.731266,2465.057334
2009-04-20,2798.625323,2494.247918
2009-04-21,2765.312661,2460.596273
2009-04-22,2662.821705,2361.324249
2009-04-23,2680.682171,2382.016619
2009-04-24,2659.317829,2353.336582
2009-04-27,2597.715762,2297.984090
2009-04-28,2603.131783,2333.383931
2009-04-29,2692.888889,2392.365918
2009-04-30,2711.038760,2422.241712
2009-05-04,2805.478036,2488.552149
2009-05-05,2818.614987,2510.738034
2009-05-06,2857.860465,2543.765157
2009-05-07,2860.031008,2511.715007
2009-05-08,2882.914729,2497.077096
2009-05-11,2816.868217,2414.950039
2009-05-12,2882.232558,2470.276730
2009-05-13,2908.537468,2490.508983
2009-05-14,2886.408269,2497.942524
2009-05-15,2890.046512,2505.812939
2009-05-18,2904.981912,2505.324926
2009-05-19,2935.483204,2518.188380
2009-05-20,2907.359173,2507.303145
2009-05-21,2842.387597,2471.273354
2009-05-22,2832.744186,2460.057442
2009-05-25,2845.188630,2476.596193
2009-05-26,2811.121447,2460.444166
2009-05-27,2852.413437,2462.779318
2009-06-01,2954.356589,2527.367735
2009-06-02,2961.343669,2525.843779
2009-06-03,3038.129199,2546.942176
2009-06-04,3052.971576,2529.386358
2009-06-05,3038.046512,2508.292233
2009-06-08,3047.524548,2484.729927
2009-06-09,3060.010336,2509.234817
2009-06-10,3090.025840,2531.702489
2009-06-11,3061.116279,2516.065784
2009-06-12,3003.917313,2476.741893
2009-06-15,3065.829457,2491.811337
2009-06-16,3060.692506,2502.640572
2009-06-17,3111.720930,2544.904830
2009-06-18,3160.134367,2570.121300
2009-06-19,3183.462532,2577.541450
2009-06-22,3186.108527,2554.039200
2009-06-23,3187.493540,2535.515351
2009-06-24,3225.560724,2595.275852
2009-06-25,3222.656331,2584.184790
2009-06-26,3233.509044,2594.085275
2009-06-29,3286.790698,2632.677323
2009-06-30,3272.837209,2611.450980
2009-07-01,3346.666667,2666.159389
2009-07-02,3392.620155,2687.452586
2009-07-03,3438.904393,2722.859361
2009-07-06,3488.113695,2748.708726
2009-07-07,3452.702842,2720.110493
2009-07-08,3464.878553,2767.688540
2009-07-09,3510.387597,2813.807976
2009-07-10,3512.465116,2812.886748
2009-07-13,3473.912145,2822.843453
2009-07-14,3570.801034,2891.305400
2009-07-15,3610.656331,2903.848462
2009-07-16,3618.852713,2884.383752
2009-07-17,3638.046512,2903.372956
2009-07-20,3711.751938,2942.706351
2009-07-21,3658.739018,2891.334197
2009-07-22,3728.082687,2946.193785
2009-07-23,3774.645995,2962.116938
2009-07-24,3790.759690,2938.010639
2009-07-27,3869.385013,2988.243896
2009-07-28,3881.984496,3024.442014
2009-07-29,3678.046512,2834.816200
2009-07-30,3756.919897,2871.358515
2009-07-31,3860.072351,2949.610214
2009-08-03,3914.242894,2983.987557
2009-08-04,3913.819121,3034.917920
2009-08-05,3866.604651,2999.550374
2009-08-06,3786.170543,2969.673054
2009-08-07,3674.521964,2901.717742
2009-08-10,3663.607235,2909.253532
2009-08-11,3675.844961,2937.755800
2009-08-12,3511.524548,2793.811803
2009-08-13,3556.403101,2794.616218
2009-08-14,3456.806202,2726.794257
2009-08-17,3245.757106,2567.251102
2009-08-18,3278.542636,2573.854467
2009-08-19,3115.834625,2447.880456
2009-08-20,3250.015504,2541.503762
2009-08-21,3311.235142,2597.305565
2009-08-24,3338.087855,2634.988104
2009-08-25,3214.294574,2568.453020
2009-08-26,3278.956072,2647.097177
2009-08-27,3262.325581,2647.570987
2009-08-28,3149.126615,2566.282970
2009-08-31,2925.343669,2381.631197
2009-09-01,2939.224806,2365.785352
2009-09-02,2988.041344,2380.954425
2009-09-03,3154.480620,2514.014055
2009-09-04,3180.506460,2548.162866
2009-09-07,3208.485788,2562.911543
2009-09-08,3277.488372,2617.685464
2009-09-09,3302.232558,2655.597019
2009-09-10,3269.157623,2628.303531
2009-09-11,3346.904393,2672.556331
2009-09-14,3404.020672,2741.782942
2009-09-15,3413.581395,2743.693820
2009-09-16,3367.689922,2720.233910
2009-09-17,3431.627907,2768.249447
2009-09-18,3307.173127,2683.202596
2009-09-21,3316.382429,2687.957714
2009-09-22,3236.206718,2628.676848
2009-09-23,3162.863049,2560.975032
2009-09-24,3184.423773,2587.338537
2009-09-25,3161.271318,2550.213094
2009-09-28,3072.496124,2458.528562
2009-09-29,3072.134367,2476.042130
2009-09-30,3105.746770,2519.643544
2009-10-09,3269.984496,2676.338436
2009-10-12,3257.498708,2684.981204
2009-10-13,3305.963824,2729.510642
2009-10-14,3335.813953,2772.106448
2009-10-15,3348.465116,2786.998943
2009-10-16,3350.604651,2806.872526
2009-10-19,3440.992248,2906.744209
2009-10-20,3491.028424,2931.037978
2009-10-21,3482.470284,2917.120475
2009-10-22,3459.762274,2896.039707
2009-10-23,3527.906977,2958.955469
2009-10-26,3528.930233,2952.806384
2009-10-27,3426.067183,2862.553631
2009-10-28,3441.167959,2882.361282
2009-10-29,3356.124031,2801.797084
2009-10-30,3390.563307,2826.417120
2009-11-02,3506.770026,2938.543898
2009-11-03,3550.832041,2970.389315
2009-11-04,3569.912145,2970.071903
2009-11-05,3580.692506,2976.900325
2009-11-06,3600.020672,3003.667943
2009-11-09,3613.219638,3007.254439
2009-11-10,3621.478036,3031.897288
2009-11-11,3613.095607,3014.118761
2009-11-12,3617.560724,3011.671457
2009-11-13,3636.919897,3019.224322
2009-11-16,3747.596899,3133.822571
2009-11-17,3750.232558,3128.383393
2009-11-18,3752.175711,3113.082568
2009-11-19,3764.795866,3118.894056
2009-11-20,3752.981912,3114.055585
2009-11-23,3788.640827,3147.263933
2009-11-24,3667.266150,3054.552179
2009-11-25,3751.555556,3128.975435
2009-11-26,3602.863049,3018.160237
2009-11-27,3496.134367,2896.425749
2009-11-30,3629.633075,3014.962015
2009-12-01,3680.444444,3042.772069
2009-12-02,3718.170543,3095.550602
2009-12-03,3711.503876,3080.098614
2009-12-04,3765.881137,3116.993302
2009-12-07,3792.072351,3138.713071
2009-12-08,3745.757106,3105.880609
2009-12-09,3673.881137,3051.967991
2009-12-10,3697.405685,3066.003566
2009-12-11,3695.111111,3055.175766
2009-12-14,3734.108527,3065.631653
2009-12-15,3703.710594,3031.802179
2009-12-16,3680.330749,3011.556036
2009-12-17,3597.054264,2943.469309
2009-12-18,3505.674419,2829.674544
2009-12-21,3510.718346,2849.320581
2009-12-22,3416.578811,2752.911958
2009-12-23,3448.558140,2774.380358
2009-12-24,3554.335917,2877.583725
2009-12-25,3539.824289,2863.297675
2009-12-28,3595.276486,2911.917995
2009-12-29,3618.335917,2918.724014
2009-12-30,3678.408269,2953.264955
2009-12-31,3695.793282,2962.939925
2010-01-04,3653.984496,2916.466623
2010-01-05,3683.762274,2920.353054
2010-01-06,3660.702842,2906.610588
2010-01-07,3588.072351,2863.424215
2010-01-08,3597.033592,2870.701542
2010-01-11,3599.018088,2850.084579
2010-01-12,3653.664083,2880.811792
2010-01-13,3536.062016,2766.489208
2010-01-14,3585.581395,2808.000209
2010-01-15,3599.731266,2826.673689
2010-01-18,3618.273902,2826.846472
2010-01-19,3625.302326,2837.066733
2010-01-20,3508.454780,2746.733238
2010-01-21,3523.069767,2742.747585
2010-01-22,3479.276486,2686.274332
2010-01-25,3439.803618,2661.633853
2010-01-26,3351.731266,2564.146247
2010-01-27,3306.015504,2536.972432
2010-01-28,3314.284238,2552.054907
2010-01-29,3311.793282,2544.087489
2010-02-01,3258.614987,2497.743676
2010-02-02,3251.875969,2499.943361
2010-02-03,3339.245478,2588.089835
2010-02-04,3326.925065,2575.933500
2010-02-05,3259.007752,2509.670195
2010-02-08,3256.837209,2510.214061
2010-02-09,3275.648579,2516.046943
2010-02-10,3322.098191,2555.165294
2010-02-11,3328.578811,2565.359336
2010-02-12,3360.496124,2589.464347
2010-02-22,3341.963824,2574.276273
2010-02-23,3306.077519,2551.041263
2010-02-24,3353.467700,2592.317527
2010-02-25,3402.718346,2639.592220
2010-02-26,3391.906977,2633.811987
2010-03-01,3436.093023,2666.616000
2010-03-02,3422.470284,2647.782603
2010-03-03,3447.111111,2661.417550
2010-03-04,3359.762274,2586.112868
2010-03-05,3369.260982,2599.742435
2010-03-08,3396.568475,2635.717296
2010-03-09,3416.909561,2668.726900
2010-03-10,3389.860465,2635.869114
2010-03-11,3386.780362,2623.971435
2010-03-12,3341.736434,2585.822775
2010-03-15,3290.108527,2555.820537
2010-03-16,3311.596899,2580.478489
2010-03-17,3383.896641,2639.274160
2010-03-18,3377.322997,2641.613365
2010-03-19,3404.516796,2664.523443
2010-03-22,3413.571059,2669.566570
2010-03-23,3385.602067,2658.058242
2010-03-24,3386.739018,2672.180007
2010-03-25,3337.602067,2630.637533
2010-03-26,3385.012920,2662.112287
2010-03-29,3471.359173,2723.813552
2010-03-30,3479.803618,2740.058346
2010-03-31,3457.994832,2712.436494
2010-04-01,3505.881137,2754.735459
2010-04-02,3521.808786,2774.721650
2010-04-06,3519.534884,2775.528617
2010-04-07,3500.723514,2774.759460
2010-04-08,3459.162791,2740.086715
2010-04-09,3492.682171,2778.737155
2010-04-12,3464.062016,2771.796197
2010-04-13,3505.653747,2784.928510
2010-04-14,3518.046512,2823.675900
2010-04-15,3508.599483,2820.752808
2010-04-16,3469.074935,2798.791288
2010-04-19,3283.121447,2664.810541
2010-04-20,3279.968992,2675.399193
2010-04-21,3345.405685,2748.742055
2010-04-22,3309.085271,2741.930741
2010-04-23,3297.157623,2731.491076
2010-04-26,3278.552972,2733.862456
2010-04-27,3212.826873,2696.692335
2010-04-28,3201.395349,2687.496828
2010-04-29,3162.852713,2616.101732
2010-04-30,3170.408269,2594.094724
2010-05-04,3120.878553,2588.033719
2010-05-05,3138.387597,2604.032122
2010-05-06,2994.170543,2486.713952
2010-05-07,2932.082687,2419.262744
2010-05-10,2954.242894,2418.863113
2010-05-11,2894.904393,2377.406566
2010-05-12,2912.826873,2364.695706
2010-05-13,2983.886305,2452.846680
2010-05-14,2964.361757,2443.053571
2010-05-17,2805.912145,2311.336902
2010-05-18,2864.444444,2355.193912
2010-05-19,2854.956072,2361.074940
2010-05-20,2817.591731,2331.090098
2010-05-21,2861.798450,2374.336378
2010-05-24,2969.994832,2477.267868
2010-05-25,2908.465116,2436.414266
2010-05-26,2908.465116,2427.429853
2010-05-27,2956.051680,2475.168678
2010-05-28,2946.046512,2482.213397
2010-05-31,2866.418605,2419.615736
2010-06-01,2836.341085,2388.132193
2010-06-02,2850.160207,2414.021873
2010-06-03,2827.989664,2398.385044
2010-06-04,2836.578811,2397.985897
2010-06-07,2786.273902,2352.257195
2010-06-08,2790.015504,2374.519176
2010-06-09,2875.586563,2436.973801
2010-06-10,2842.397933,2418.746307
2010-06-11,2851.545220,2425.661766
2010-06-17,2834.863049,2392.687803
2010-06-18,2786.739018,2326.434296
2010-06-21,2874.067183,2388.086014
2010-06-22,2877.229974,2389.718222
2010-06-23,2851.162791,2374.510822
2010-06-24,2850.129199,2364.580437
2010-06-25,2828.206718,2343.213520
2010-06-28,2808.041344,2315.281720
2010-06-29,2679.090439,2212.162883
2010-06-30,2649.167959,2193.007931
2010-07-01,2610.925065,2158.964383
2010-07-02,2619.235142,2133.758346
2010-07-05,2597.054264,2107.818960
2010-07-06,2648.992248,2167.148429
2010-07-07,2667.162791,2193.643150
2010-07-08,2662.449612,2200.800448
2010-07-09,2736.020672,2284.481015
2010-07-12,2766.118863,2308.200726
2010-07-13,2723.090439,2284.192034
2010-07-14,2742.749354,2293.126679
2010-07-15,2696.144703,2256.604201
2010-07-16,2704.010336,2280.045494
2010-07-19,2772.578811,2349.226820
2010-07-20,2833.591731,2409.645443
2010-07-21,2839.627907,2415.422059
2010-07-22,2874.718346,2445.677176
2010-07-23,2886.904393,2454.722523
2010-07-26,2905.488372,2487.874030
2010-07-27,2889.633075,2472.585491
2010-07-28,2959.917313,2529.176277
2010-07-29,2974.656331,2539.395778
2010-07-30,2965.219638,2525.773490
2010-08-02,3015.276486,2583.948483
2010-08-03,2962.242894,2551.523708
2010-08-04,2973.054264,2577.110460
2010-08-05,2946.594315,2581.221557
2010-08-06,2994.997416,2614.723248
2010-08-09,3016.268734,2649.900945
2010-08-10,2927.793282,2573.088370
2010-08-11,2945.953488,2594.231661
2010-08-12,2910.997416,2562.584496
2010-08-13,2951.472868,2602.431265
2010-08-16,3020.237726,2665.473618
2010-08-17,3041.126615,2688.491715
2010-08-18,3036.031008,2699.127646
2010-08-19,3054.677003,2712.010852
2010-08-20,2995.689922,2637.909636
2010-08-23,2993.478036,2642.608850
2010-08-24,3009.643411,2666.561505
2010-08-25,2938.521964,2612.828740
2010-08-26,2945.829457,2621.860665
2010-08-27,2954.594315,2642.427558
2010-08-30,3012.930233,2714.103008
2010-08-31,3000.713178,2718.045058
2010-09-01,2980.919897,2693.440824
2010-09-02,3019.524548,2756.369319
2010-09-03,3018.304910,2769.238066
2010-09-06,3075.028424,2795.777132
2010-09-07,3083.317829,2812.959709
2010-09-08,3081.105943,2845.423380
2010-09-09,3024.764858,2791.221200
2010-09-10,3031.059432,2826.249301
2010-09-13,3061.829457,2859.092624
2010-09-14,3064.609819,2872.611725
2010-09-15,3011.049096,2812.043164
2010-09-16,2953.788114,2751.568776
2010-09-17,2957.488372,2778.953547
2010-09-20,2945.560724,2763.867102
2010-09-21,2953.467700,2779.664081
2010-09-27,3002.614987,2855.459772
2010-09-28,2977.684755,2870.747894
2010-09-29,2971.379845,2843.332412
2010-09-30,3034.180879,2880.427656
2010-10-08,3146.490956,2981.061409
2010-10-11,3238.139535,2947.129072
2010-10-12,3279.307494,2956.309309
2010-10-13,3325.664083,2948.369010
2010-10-14,3332.444444,2879.050033
2010-10-15,3439.462532,2930.583120
2010-10-18,3417.219638,2907.132614
2010-10-19,3489.064599,2998.298459
2010-10-20,3510.987080,3059.563345
2010-10-21,3488.051680,3084.928684
2010-10-22,3492.155039,3110.470072
2010-10-25,3598.015504,3189.919226
2010-10-26,3582.511628,3198.065365
2010-10-27,3518.211886,3133.110293
2010-10-28,3511.824289,3128.212878
2010-10-29,3493.519380,3151.234188
2010-11-01,3589.664083,3235.279567
2010-11-02,3579.462532,3191.878224
2010-11-03,3535.235142,3136.024132
2010-11-04,3597.426357,3220.677803
2010-11-05,3639.069767,3244.215748
2010-11-08,3667.772610,3274.594454
2010-11-09,3642.325581,3315.807213
2010-11-10,3616.651163,3358.369328
2010-11-11,3627.886305,3313.009680
2010-11-12,3402.408269,3109.271949
2010-11-15,3426.242894,3218.193269
2010-11-16,3276.010336,3115.192934
2010-11-17,3208.175711,2967.843046
2010-11-18,3253.705426,3010.533909
2010-11-19,3285.633075,3077.000532
2010-11-22,3278.490956,3104.176333
2010-11-23,3211.555556,3062.837101
2010-11-24,3283.762274,3161.832896
2010-11-25,3331.762274,3190.255499
2010-11-26,3302.170543,3181.759340
2010-11-29,3297.209302,3219.236329
2010-11-30,3242.366925,3148.653430
2010-12-01,3241.364341,3117.715709
2010-12-02,3261.043928,3121.705852
2010-12-03,3264.248062,3096.862919
2010-12-06,3271.906977,3069.607028
2010-12-07,3307.844961,3119.516097
2010-12-08,3278.428941,3113.293101
2010-12-09,3228.289406,3036.406990
2010-12-10,3268.196382,3063.920913
2010-12-13,3370.604651,3142.340798
2010-12-14,3379.297158,3155.464085
2010-12-15,3356.733850,3137.747265
2010-12-16,3339.193798,3137.986362
2010-12-17,3334.015504,3131.882645
2010-12-20,3285.436693,3063.276044
2010-12-21,3358.666667,3073.732032
2010-12-22,3323.462532,3054.157730
2010-12-23,3295.720930,3022.333581
2010-12-24,3269.209302,2976.782602
2010-12-27,3203.834625,2898.259316
2010-12-28,3147.214470,2853.923323
2010-12-29,3164.682171,2904.759097
2010-12-30,3167.028424,2928.382856
2010-12-31,3233.343669,2987.239857
2011-01-04,3296.826873,3008.143961
2011-01-05,3282.335917,2967.997669
2011-01-06,3265.777778,2963.797929
2011-01-07,3272.992248,2952.368928
2011-01-10,3212.599483,2881.398427
2011-01-11,3229.891473,2863.857909
2011-01-12,3247.896641,2877.003678
2011-01-13,3246.801034,2901.773795
2011-01-14,3195.720930,2871.532186
2011-01-17,3074.263566,2749.024460
2011-01-18,3077.674419,2769.694672
2011-01-19,3147.131783,2825.044919
2011-01-20,3043.627907,2718.157065
2011-01-21,3083.679587,2709.736772
2011-01-24,3053.467700,2649.168124
2011-01-25,3037.364341,2632.227752
2011-01-26,3078.480620,2676.172970
2011-01-27,3128.134367,2722.040865
2011-01-28,3138.749354,2767.521858
2011-01-31,3179.855297,2796.562247
2011-02-01,3180.651163,2802.392247
2011-02-09,3143.100775,2763.822615
2011-02-10,3208.434109,2857.477906
2011-02-11,3225.798450,2890.841351
2011-02-14,3327.276486,2964.329757
2011-02-15,3325.757106,2975.556535
2011-02-16,3357.653747,3015.229786
2011-02-17,3354.945736,3005.417511
2011-02-18,3319.772610,2978.030682
2011-02-21,3367.348837,3024.543636
2011-02-22,3269.850129,2935.866992
2011-02-23,3281.385013,2956.940693
2011-02-24,3298.129199,2969.492515
2011-02-25,3305.033592,2966.034641
2011-02-28,3348.382429,3007.951803
2011-03-01,3364.227390,3018.746578
2011-03-02,3352.248062,3005.096287
2011-03-03,3329.943152,2954.891261
2011-03-04,3380.537468,2984.110871
2011-03-07,3446.521964,3025.097532
2011-03-08,3449.571059,3039.108739
2011-03-09,3451.018088,3029.097566
2011-03-10,3390.449612,3010.901246
2011-03-11,3356.465116,2990.530961
2011-03-14,3372.527132,3023.652156
2011-03-15,3311.586563,2966.792211
2011-03-16,3357.312661,2993.850493
2011-03-17,3304.496124,2936.930045
2011-03-18,3323.710594,2947.466497
2011-03-21,3314.842377,2932.931474
2011-03-22,3331.224806,2940.183762
2011-03-23,3374.604651,2990.828935
2011-03-24,3360.578811,2984.677951
2011-03-25,3405.147287,3015.432059
2011-03-28,3401.105943,2995.757859
2011-03-29,3367.421189,2917.717609
2011-03-30,3365.457364,2942.251711
2011-03-31,3331.565891,2919.686365
2011-04-01,3382.666667,2944.712417
2011-04-06,3422.294574,2948.348586
2011-04-07,3436.093023,2976.510374
2011-04-08,3466.005168,3023.800495
2011-04-11,3445.405685,3014.717296
2011-04-12,3438.521964,2989.816154
2011-04-13,3485.302326,3012.776530
2011-04-14,3466.211886,2981.469619
2011-04-15,3471.772610,2965.894581
2011-04-18,3472.289406,2936.611196
2011-04-19,3406.521964,2886.742391
2011-04-20,3406.470284,2904.778557
2011-04-21,3428.806202,2944.398723
2011-04-22,3410.790698,2951.080100
2011-04-25,3358.728682,2888.157435
2011-04-26,3339.493540,2862.563195
2011-04-27,3317.312661,2836.228718
2011-04-28,3267.989664,2749.172708
2011-04-29,3299.968992,2810.795371
2011-05-03,3318.997416,2827.979326
2011-05-04,3234.139535,2756.233846
2011-05-05,3231.131783,2744.506492
2011-05-06,3226.253230,2758.442167
2011-05-09,3234.894057,2785.450976
2011-05-10,3259.142119,2796.438660
2011-05-11,3250.739018,2795.995144
2011-05-12,3205.788114,2747.043091
2011-05-13,3233.167959,2757.919799
2011-05-16,3204.609819,2721.742783
2011-05-17,3220.702842,2729.716609
2011-05-18,3244.837209,2749.898396
2011-05-19,3225.467700,2738.557569
2011-05-20,3226.459948,2734.171213
2011-05-23,3124.527132,2646.364883
2011-05-24,3127.875969,2668.303480
2011-05-25,3090.790698,2648.082943
2011-05-26,3078.428941,2625.310359
2011-05-27,3062.852713,2591.447088
2011-05-30,3053.757106,2567.451734
2011-05-31,3102.387597,2636.974518
2011-06-01,3105.085271,2654.615564
2011-06-02,3054.997416,2631.996420
2011-06-03,3086.666667,2668.650919
2011-06-07,3105.178295,2689.629239
2011-06-08,3109.715762,2696.874717
2011-06-09,3051.049096,2637.183784
2011-06-10,3061.426357,2645.071951
2011-06-13,3049.457364,2635.334076
2011-06-14,3094.118863,2685.067599
2011-06-15,3062.656331,2653.093334
2011-06-16,3015.586563,2604.988500
2011-06-17,2989.312661,2554.851082
2011-06-20,2971.472868,2534.917964
2011-06-21,3006.790698,2581.407000
2011-06-22,3006.284238,2588.568306
2011-06-23,3056.981912,2664.414669
2011-06-24,3129.167959,2724.073869
2011-06-27,3138.490956,2733.471083
2011-06-28,3143.906977,2761.383042
2011-06-29,3100.950904,2725.263154
2011-06-30,3146.346253,2760.960582
2011-07-01,3152.196382,2767.229865
2011-07-04,3226.852713,2842.483526
2011-07-05,3227.390181,2859.324952
2011-07-06,3218.304910,2870.149527
2011-07-07,3205.870801,2850.065071
2011-07-08,3213.622739,2851.570954
2011-07-11,3217.788114,2882.404677
2011-07-12,3159.596899,2841.751828
2011-07-13,3210.594315,2892.443888
2011-07-14,3220.413437,2907.539786
2011-07-15,3233.994832,2930.535372
2011-07-18,3227.493540,2918.001861
2011-07-19,3199.100775,2885.566523
2011-07-20,3195.421189,2879.854092
2011-07-21,3161.901809,2856.818910
2011-07-22,3171.049096,2874.636735
2011-07-25,3068.000000,2783.919274
2011-07-26,3077.798450,2787.529127
2011-07-27,3100.826873,2818.261464
2011-07-28,3081.136951,2805.965423
2011-07-29,3071.917313,2771.669198
2011-08-01,3077.746770,2780.733650
2011-08-02,3055.689922,2767.045666
2011-08-03,3054.129199,2772.289370
2011-08-04,3059.751938,2790.635889
2011-08-05,2994.749354,2748.054620
2011-08-08,2887.751938,2650.365390
2011-08-09,2892.186047,2655.633313
2011-08-10,2918.987080,2682.703786
2011-08-11,2963.224806,2719.752707
2011-08-12,2971.958656,2741.377666
2011-08-15,3015.896641,2788.147276
2011-08-16,2994.914729,2766.640534
2011-08-17,2982.956072,2745.998044
2011-08-18,2929.457364,2694.062061
2011-08-19,2901.974160,2665.583334
2011-08-22,2871.100775,2617.045235
2011-08-23,2915.762274,2652.816706
2011-08-24,2904.413437,2650.976667
2011-08-25,3001.385013,2713.749349
2011-08-26,2998.677003,2714.343465
2011-08-29,2948.640827,2687.730355
2011-08-30,2937.198966,2665.942230
2011-08-31,2942.408269,2667.437088
2011-09-01,2929.757106,2644.206849
2011-09-02,2898.036176,2621.767202
2011-09-05,2835.989664,2543.543466
2011-09-06,2814.780362,2500.007092
2011-09-07,2872.444444,2553.810349
2011-09-08,2848.692506,2527.962588
2011-09-09,2843.514212,2511.847049
2011-09-13,2811.658915,2466.101783
2011-09-14,2824.919897,2471.431848
2011-09-15,2820.723514,2474.001212
2011-09-16,2825.829457,2479.334490
2011-09-19,2769.271318,2429.699156
2011-09-20,2780.206718,2441.037468
2011-09-21,2864.093023,2528.601884
2011-09-22,2775.906977,2447.327043
2011-09-23,2759.152455,2424.872703
2011-09-26,2698.625323,2378.473737
2011-09-27,2726.490956,2404.590373
2011-09-28,2698.284238,2384.535817
2011-09-29,2675.131783,2347.406591
2011-09-30,2668.062016,2342.395590
2011-10-10,2642.976744,2309.845710
2011-10-11,2637.715762,2266.960324
2011-10-12,2733.602067,2337.332836
2011-10-13,2752.041344,2360.501809
2011-10-14,2742.925065,2345.303014
2011-10-17,2756.537468,2369.157424
2011-10-18,2679.286822,2292.577643
2011-10-19,2669.850129,2271.535402
2011-10-20,2605.198966,2193.310313
2011-10-21,2592.124031,2167.767711
2011-10-24,2663.224806,2224.158453
2011-10-25,2713.622739,2284.050235
2011-10-26,2740.723514,2315.305039
2011-10-27,2746.749354,2313.698388
2011-10-28,2800.020672,2374.697181
2011-10-31,2785.850129,2363.712904
2011-11-01,2788.144703,2356.577149
2011-11-02,2834.511628,2374.719345
2011-11-03,2836.485788,2391.369151
2011-11-04,2856.589147,2408.516527
2011-11-07,2828.165375,2394.439759
2011-11-08,2819.338501,2390.710477
2011-11-09,2844.082687,2413.165261
2011-11-10,2790.273902,2368.106730
2011-11-11,2785.529716,2359.575009
2011-11-14,2842.583979,2409.159522
2011-11-15,2836.878553,2400.362991
2011-11-16,2759.813953,2339.145721
2011-11-17,2751.441860,2334.973525
2011-11-18,2694.056848,2274.081606
2011-11-21,2697.354005,2275.717146
2011-11-22,2697.136951,2285.004653
2011-11-23,2670.811370,2272.882369
2011-11-24,2675.886305,2269.963701
2011-11-25,2656.299742,2272.289366
2011-11-28,2659.762274,2276.130223
2011-11-29,2696.196382,2300.387078
2011-11-30,2606.222222,2221.664625
2011-12-01,2670.397933,2267.038316
2011-12-02,2643.214470,2236.166393
2011-12-05,2606.087855,2171.003489
2011-12-06,2600.868217,2172.648465
2011-12-07,2613.157623,2180.067797
2011-12-08,2609.819121,2171.675190
2011-12-09,2587.555556,2135.109172
2011-12-12,2560.919897,2107.418859
2011-12-13,2503.286822,2050.798249
2011-12-14,2478.015504,2022.548761
2011-12-15,2419.421189,1955.628154
2011-12-16,2470.418605,2004.074925
2011-12-19,2464.506460,1985.664697
2011-12-20,2456.919897,1983.740156
2011-12-21,2417.684755,1942.301014
2011-12-22,2419.989664,1961.095250
2011-12-23,2438.408269,1986.223600
2011-12-26,2414.160207,1960.466699
2011-12-27,2382.470284,1919.712212
2011-12-28,2385.457364,1928.564560
2011-12-29,2389.002584,1931.537858
2011-12-30,2424.537468,1966.924570
2012-01-04,2375.968992,1909.928494
2012-01-05,2352.857881,1874.854413
2012-01-06,2367.545220,1890.324051
2012-01-09,2448.134367,1967.697997
2012-01-10,2529.560724,2058.608182
2012-01-11,2517.426357,2059.117407
2012-01-12,2517.023256,2054.493479
2012-01-13,2474.759690,2024.970381
2012-01-16,2424.444444,1942.647579
2012-01-17,2543.255814,2061.121225
2012-01-18,2503.555556,2029.982030
2012-01-19,2551.266150,2073.841622
2012-01-20,2588.206718,2104.033406
2012-01-30,2543.379845,2078.941701
2012-01-31,2547.038760,2092.942675
2012-02-01,2510.583979,2052.566522
2012-02-02,2569.757106,2091.153404
2012-02-03,2590.273902,2099.812607
2012-02-06,2588.444444,2114.477503
2012-02-07,2540.516796,2076.155359
2012-02-08,2613.167959,2154.196244
2012-02-09,2614.191214,2157.607802
2012-02-10,2618.728682,2162.481223
2012-02-13,2617.033592,2168.445055
2012-02-14,2606.832041,2159.252509
2012-02-15,2635.255814,2183.910544
2012-02-16,2621.260982,2161.440454
2012-02-17,2622.315245,2159.802534
2012-02-20,2626.056848,2161.491128
2012-02-21,2648.527132,2181.095372
2012-02-22,2684.733850,2211.906273
2012-02-23,2693.808786,2234.456711
2012-02-24,2736.971576,2274.448187
2012-02-27,2745.808786,2283.491277
2012-02-28,2751.896641,2285.956174
2012-02-29,2722.625323,2286.389587
2012-03-01,2721.808786,2278.784209
2012-03-02,2769.953488,2311.710237
2012-03-05,2752.144703,2309.873544
2012-03-06,2709.095607,2260.565879
2012-03-07,2690.449612,2226.746954
2012-03-08,2724.330749,2258.548002
2012-03-09,2753.798450,2315.052142
2012-03-12,2743.565891,2319.540407
2012-03-13,2771.131783,2332.968394
2012-03-14,2692.620155,2277.188303
2012-03-15,2672.403101,2263.272507
2012-03-16,2711.648579,2317.187259
2012-03-19,2718.356589,2312.306925
2012-03-20,2671.266150,2287.087073
2012-03-21,2674.718346,2284.644864
2012-03-22,2670.542636,2287.303412
2012-03-23,2638.697674,2278.286666
2012-03-26,2641.281654,2292.213650
2012-03-27,2632.702842,2271.899983
2012-03-28,2558.036176,2228.042513
2012-03-29,2525.188630,2210.888620
2012-03-30,2537.364341,2221.011994
2012-04-05,2597.240310,2258.391663
2012-04-06,2604.475452,2263.792277
2012-04-09,2578.966408,2248.383310
2012-04-10,2604.434109,2263.344164
2012-04-11,2604.692506,2265.931630
2012-04-12,2656.785530,2307.028281
2012-04-13,2667.131783,2311.439363
2012-04-16,2660.506460,2303.680511
2012-04-17,2627.266150,2276.558613
2012-04-18,2687.245478,2319.421474
2012-04-19,2683.266150,2313.587518
2012-04-20,2715.080103,2341.902559
2012-04-23,2693.581395,2326.351977
2012-04-24,2692.372093,2334.189782
2012-04-25,2714.201550,2347.558970
2012-04-26,2719.886305,2351.330494
2012-04-27,2714.377261,2364.003475
2012-05-02,2773.633075,2404.702833
2012-05-03,2781.932817,2401.848570
2012-05-04,2807.111111,2428.740222
2012-05-07,2809.074935,2425.401844
2012-05-08,2800.124031,2422.189295
2012-05-09,2746.780362,2385.429689
2012-05-10,2746.470284,2380.949949
2012-05-11,2725.498708,2363.805619
2012-05-14,2703.390181,2338.346260
2012-05-15,2705.291990,2338.685023
2012-05-16,2661.136951,2302.028562
2012-05-17,2701.746770,2326.136533
2012-05-18,2660.444444,2294.035202
2012-05-21,2674.139535,2317.294875
2012-05-22,2715.793282,2349.589532
2012-05-23,2704.775194,2335.519364
2012-05-24,2682.439276,2308.377222
2012-05-25,2659.534884,2293.711796
2012-05-28,2702.521964,2326.421753
2012-05-29,2739.896641,2349.587728
2012-05-30,2731.018088,2343.422362
2012-05-31,2720.454780,2337.995107
2012-06-01,2721.447028,2342.795960
2012-06-04,2644.992248,2287.216428
2012-06-05,2644.795866,2300.002475
2012-06-06,2643.307494,2295.141485
2012-06-07,2627.576227,2281.832320
2012-06-08,2609.126615,2257.576252
2012-06-11,2644.206718,2262.938655
2012-06-12,2625.509044,2251.037435
2012-06-13,2667.328165,2281.938085
2012-06-14,2646.428941,2264.303362
2012-06-15,2654.315245,2273.463411
2012-06-18,2667.917313,2283.134808
2012-06-19,2644.568475,2267.199167
2012-06-20,2638.356589,2264.728916
2012-06-21,2596.578811,2236.785976
2012-06-25,2539.038760,2203.756780
2012-06-26,2537.385013,2191.217074
2012-06-27,2529.405685,2188.777529
2012-06-28,2507.214470,2169.523081
2012-06-29,2544.299742,2204.223227
2012-07-02,2548.051680,2209.853593
2012-07-03,2551.648579,2229.339162
2012-07-04,2547.720930,2235.012859
2012-07-05,2512.010336,2216.370261
2012-07-06,2555.669251,2244.169623
2012-07-09,2497.198966,2191.422271
2012-07-10,2487.555556,2183.283183
2012-07-11,2507.049096,2201.849329
2012-07-12,2531.452196,2214.219958
2012-07-13,2532.950904,2227.808906
2012-07-16,2480.341085,2198.711239
2012-07-17,2495.297158,2197.709018
2012-07-18,2495.441860,2180.892700
2012-07-19,2505.757106,2182.083690
2012-07-20,2479.028424,2157.642802
2012-07-23,2444.888889,2127.683509
2012-07-24,2455.803618,2136.200993
2012-07-25,2439.359173,2129.867334
2012-07-26,2426.346253,2117.013653
2012-07-27,2428.020672,2125.347173
2012-07-30,2414.253230,2130.095061
2012-07-31,2411.286822,2138.085356
2012-08-01,2437.881137,2148.482381
2012-08-02,2413.312661,2132.988493
2012-08-03,2432.806202,2150.396971
2012-08-06,2465.746770,2169.809369
2012-08-07,2469.116279,2171.303953
2012-08-08,2470.077519,2176.093984
2012-08-09,2492.713178,2200.179551
2012-08-10,2480.361757,2176.886580
2012-08-13,2430.935401,2158.124802
2012-08-14,2436.196382,2163.864058
2012-08-15,2409.943152,2136.028376
2012-08-16,2397.591731,2122.204151
2012-08-17,2391.193798,2109.120233
2012-08-20,2379.111111,2101.042046
2012-08-21,2391.421189,2108.971131
2012-08-22,2372.702842,2092.560147
2012-08-23,2379.534884,2092.648612
2012-08-24,2352.124031,2082.689322
2012-08-27,2303.049096,2056.476788
2012-08-28,2313.602067,2063.022928
2012-08-29,2289.209302,2039.878353
2012-08-30,2285.653747,2039.316959
2012-08-31,2278.935401,2035.321286
2012-09-03,2303.224806,2044.117633
2012-09-04,2278.459948,2032.817710
2012-09-05,2273.777778,2015.950054
2012-09-06,2292.320413,2028.978218
2012-09-07,2395.018088,2112.672182
2012-09-10,2404.826873,2109.653078
2012-09-11,2389.550388,2094.606311
2012-09-12,2398.005168,2097.485810
2012-09-13,2375.669251,2083.342007
2012-09-14,2393.322997,2106.485546
2012-09-17,2334.583979,2063.552988
2012-09-18,2310.325581,2038.999000
2012-09-19,2321.695090,2027.717018
2012-09-20,2269.715762,1990.518680
2012-09-21,2272.930233,1998.045772
2012-09-24,2289.943152,2019.078221
2012-09-25,2284.392765,2032.313182
2012-09-26,2258.284238,2010.399443
2012-09-27,2327.359173,2074.241617
2012-09-28,2370.139535,2113.833946
2012-10-08,2346.304910,2083.832252
2012-10-09,2398.098191,2128.590142
2012-10-10,2402.191214,2124.116619
2012-10-11,2379.875969,2101.604805
2012-10-12,2381.943152,2101.147959
2012-10-15,2371.948320,2110.894758
2012-10-16,2375.359173,2112.836743
2012-10-17,2378.087855,2099.332639
2012-10-18,2414.552972,2130.083562
2012-10-19,2410.821705,2130.829055
2012-10-22,2420.248062,2137.296567
2012-10-23,2389.746770,2101.788806
2012-10-24,2385.302326,2102.151829
2012-10-25,2368.206718,2086.197360
2012-10-26,2323.421189,2056.315480
2012-10-29,2310.956072,2045.680930
2012-10-30,2315.121447,2051.388909
2012-10-31,2330.563307,2066.628508
2012-11-01,2375.069767,2114.340900
2012-11-02,2384.258398,2121.656923
2012-11-05,2379.204134,2108.172369
2012-11-06,2369.209302,2098.608330
2012-11-07,2364.351421,2092.308538
2012-11-08,2320.837209,2062.922254
2012-11-09,2316.196382,2050.861844
2012-11-12,2327.493540,2052.656116
2012-11-13,2286.759690,2020.342514
2012-11-14,2297.788114,2031.681483
2012-11-15,2267.307494,2014.202580
2012-11-16,2250.377261,1991.832707
2012-11-19,2248.051680,1969.204856
2012-11-20,2237.602067,1965.868901
2012-11-21,2268.630491,1994.122881
2012-11-22,2250.697674,1979.327170
2012-11-23,2266.335917,1999.375183
2012-11-26,2248.682171,1980.348872
2012-11-27,2222.883721,1966.563964
2012-11-28,2200.682171,1945.699994
2012-11-29,2186.749354,1932.610765
2012-11-30,2211.534884,1963.496322
2012-12-03,2179.689922,1939.422745
2012-12-04,2203.069767,1960.449274
2012-12-05,2282.046512,2020.574437
2012-12-06,2277.622739,2018.015291
2012-12-07,2322.232558,2044.657822
2012-12-10,2347.338501,2063.790957
2012-12-11,2334.366925,2052.709409
2012-12-12,2343.948320,2065.803746
2012-12-13,2317.974160,2049.340939
2012-12-14,2435.007752,2147.232694
2012-12-17,2446.201550,2147.122972
2012-12-18,2447.669251,2136.472053
2012-12-19,2450.759690,2138.499510
2012-12-20,2464.930233,2152.323648
2012-12-21,2451.679587,2142.703790
2012-12-24,2461.209302,2142.746773
2012-12-25,2530.645995,2201.634564
2012-12-26,2540.175711,2213.259717
2012-12-27,2526.708010,2203.053084
2012-12-28,2563.359173,2242.263194
2012-12-31,2607.700258,2292.282468
2013-01-04,2609.209302,2295.494497
2013-01-07,2621.178295,2301.143714
2013-01-08,2610.160207,2289.438995
2013-01-09,2610.987080,2291.868243
2013-01-10,2615.576227,2290.757300
2013-01-11,2566.645995,2253.639534
2013-01-14,2664.320413,2342.163720
2013-01-15,2683.059432,2350.133850
2013-01-16,2663.658915,2319.216043
2013-01-17,2638.511628,2301.842736
2013-01-18,2682.625323,2341.434286
2013-01-21,2698.604651,2336.514830
2013-01-22,2684.134367,2325.661642
2013-01-23,2695.049096,2344.189572
2013-01-24,2669.519380,2333.447960
2013-01-25,2658.056848,2306.496820
2013-01-28,2740.940568,2363.421863
2013-01-29,2765.757106,2386.451731
2013-01-30,2779.028424,2409.370387
2013-01-31,2777.136951,2394.579536
2013-02-01,2835.472868,2459.577839
2013-02-04,2840.341085,2446.721375
2013-02-05,2864.785530,2470.777573
2013-02-06,2869.085271,2478.898512
2013-02-07,2852.578811,2465.663869
2013-02-08,2864.837209,2467.516056
2013-02-18,2829.426357,2410.593270
2013-02-19,2775.824289,2367.240633
2013-02-20,2793.426357,2388.977713
2013-02-21,2698.242894,2320.751244
2013-02-22,2683.824289,2313.451602
2013-02-25,2692.465116,2310.343309
2013-02-26,2653.850129,2276.828667
2013-02-27,2681.839793,2305.156851
2013-02-28,2763.131783,2372.870552
2013-03-01,2758.490956,2361.452436
2013-03-04,2631.235142,2245.563369
2013-03-05,2710.914729,2308.675633
2013-03-06,2739.224806,2337.439182
2013-03-07,2707.472868,2316.006527
2013-03-08,2694.501292,2309.421190
2013-03-11,2679.452196,2296.537800
2013-03-12,2641.467700,2264.067698
2013-03-13,2612.392765,2238.304551
2013-03-14,2619.400517,2245.053168
2013-03-15,2625.188630,2239.890450
2013-03-18,2586.552972,2224.675704
2013-03-19,2609.922481,2244.477789
2013-03-20,2697.850129,2336.621965
2013-03-21,2702.832041,2346.708786
2013-03-22,2706.263566,2351.744512
2013-03-25,2700.878553,2350.857512
2013-03-26,2661.550388,2325.611179
2013-03-27,2670.315245,2346.775467
2013-03-28,2583.255814,2270.731943
2013-03-29,2578.894057,2250.742489
2013-04-01,2576.940568,2260.842456
2013-04-02,2569.912145,2237.910052
2013-04-03,2566.976744,2223.883425
2013-04-08,2555.348837,2234.134701
2013-04-09,2573.054264,2243.934455
2013-04-10,2568.795866,2227.360616
2013-04-11,2561.116279,2227.039658
2013-04-12,2544.816537,2216.159141
2013-04-15,2518.677003,2212.338462
2013-04-16,2542.211886,2246.203733
2013-04-17,2541.054264,2259.098087
2013-04-18,2547.648579,2269.941695
2013-04-19,2618.945736,2340.593825
2013-04-22,2615.679587,2339.219917
2013-04-23,2531.751938,2262.701520
2013-04-24,2579.410853,2319.345113
2013-04-25,2550.780362,2284.583889
2013-04-26,2529.519380,2269.549444
2013-05-02,2531.927649,2302.073416
2013-05-03,2576.651163,2350.810917
2013-05-06,2610.832041,2374.227559
2013-05-07,2614.925065,2374.260337
2013-05-08,2628.217054,2392.106444
2013-05-09,2612.702842,2367.015774
2013-05-10,2626.191214,2372.028119
2013-05-13,2615.782946,2346.128631
2013-05-14,2577.095607,2305.629708
2013-05-15,2591.142119,2316.772735
2013-05-16,2638.459948,2366.091694
2013-05-17,2679.121447,2399.363559
2013-05-20,2697.271318,2410.387488
2013-05-21,2702.687339,2421.996166
2013-05-22,2705.974160,2425.229831
2013-05-23,2669.612403,2408.978083
2013-05-24,2684.475452,2426.960377
2013-05-27,2686.914729,2428.362877
2013-05-28,2733.188630,2470.348952
2013-05-29,2731.328165,2474.543275
2013-05-30,2722.811370,2466.623957
2013-05-31,2693.984496,2431.914833
2013-06-03,2690.046512,2419.999168
2013-06-04,2651.855297,2382.335674
2013-06-05,2646.552972,2380.940359
2013-06-06,2612.764858,2347.216824
2013-06-07,2567.607235,2304.708570
2013-06-13,2480.558140,2239.556646
2013-06-14,2497.953488,2268.246840
2013-06-17,2484.589147,2255.791781
2013-06-18,2500.000000,2275.832829
2013-06-19,2481.416021,2255.676643
2013-06-20,2399.452196,2184.014555
2013-06-21,2395.235142,2185.265365
2013-06-24,2244.144703,2039.219972
2013-06-25,2238.160207,2033.578803
2013-06-26,2241.136951,2068.733907
2013-06-27,2233.322997,2065.351136
2013-06-28,2274.563307,2115.394875
2013-07-01,2287.669251,2143.749102
2013-07-02,2296.620155,2158.092203
2013-07-03,2277.860465,2136.871509
2013-07-04,2296.620155,2151.417333
2013-07-05,2301.653747,2161.462632
2013-07-08,2236.299742,2114.004131
2013-07-09,2235.317829,2104.820918
2013-07-10,2298.780362,2171.471999
2013-07-11,2404.847545,2277.119274
2013-07-12,2351.803618,2240.551994
2013-07-15,2384.806202,2285.629808
2013-07-16,2395.710594,2293.057342
2013-07-17,2359.524548,2250.479027
2013-07-18,2320.754522,2208.688598
2013-07-19,2264.062016,2140.373944
2013-07-22,2276.165375,2154.459648
2013-07-23,2341.963824,2229.611390
2013-07-24,2324.702842,2224.975884
2013-07-25,2312.847545,2205.245963
2013-07-26,2298.718346,2195.491106
2013-07-29,2249.064599,2147.246650
2013-07-30,2262.935401,2150.636942
2013-07-31,2266.687339,2157.410752
2013-08-01,2320.785530,2214.737082
2013-08-02,2322.749354,2220.953923
2013-08-05,2354.863049,2259.435871
2013-08-06,2370.687339,2279.510323
2013-08-07,2357.229974,2270.013473
2013-08-08,2353.260982,2264.335583
2013-08-09,2362.801034,2269.928864
2013-08-12,2431.824289,2324.781927
2013-08-13,2438.315245,2333.812914
2013-08-14,2427.989664,2325.784400
2013-08-15,2399.565891,2283.353577
2013-08-16,2381.540052,2265.898419
2013-08-19,2409.746770,2306.472847
2013-08-20,2390.149871,2286.066016
2013-08-21,2386.139535,2266.858902
2013-08-22,2381.322997,2271.000959
2013-08-23,2363.751938,2264.472226
2013-08-26,2414.077519,2311.127527
2013-08-27,2419.514212,2310.522145
2013-08-28,2406.263566,2281.012510
2013-08-29,2396.186047,2275.972228
2013-08-30,2391.638243,2260.555864
2013-09-02,2398.284238,2268.676450
2013-09-03,2433.591731,2315.497733
2013-09-04,2429.664083,2307.765764
2013-09-05,2420.403101,2299.430638
2013-09-06,2436.981912,2307.458182
2013-09-09,2522.594315,2380.364282
2013-09-10,2558.025840,2400.568837
2013-09-11,2566.294574,2396.654773
2013-09-12,2591.689922,2409.189862
2013-09-13,2572.506460,2395.798713
2013-09-16,2561.643411,2388.143098
2013-09-17,2508.857881,2355.780008
2013-09-18,2514.222222,2352.570611
2013-09-23,2555.338501,2428.837670
2013-09-24,2525.984496,2445.855318
2013-09-25,2510.625323,2421.558626
2013-09-26,2464.537468,2417.222949
2013-09-27,2475.421189,2429.526956
2013-09-30,2489.963824,2448.447184
2013-10-08,2523.834625,2464.218213
2013-10-09,2536.000000,2478.684735
2013-10-10,2510.925065,2467.130627
2013-10-11,2551.431525,2480.066617
2013-10-14,2555.596899,2473.215343
2013-10-15,2550.408269,2472.206903
2013-10-16,2502.708010,2430.567933
2013-10-17,2494.397933,2420.142729
2013-10-18,2507.545220,2426.666914
2013-10-21,2554.335917,2491.112272
2013-10-22,2528.051680,2458.924112
2013-10-23,2499.731266,2419.732614
2013-10-24,2481.147287,2398.531562
2013-10-25,2448.124031,2343.498549
2013-10-28,2445.426357,2323.219154
2013-10-29,2451.731266,2315.181331
2013-10-30,2488.341085,2346.315967
2013-10-31,2453.457364,2290.334615
2013-11-01,2465.074935,2302.598236
2013-11-04,2460.413437,2298.529000
2013-11-05,2463.844961,2300.577179
2013-11-06,2432.630491,2264.252598
2013-11-07,2419.173127,2232.312146
2013-11-08,2385.478036,2216.603887
2013-11-11,2393.684755,2255.287887
2013-11-12,2418.604651,2268.615764
2013-11-13,2364.981912,2227.154322
2013-11-14,2381.912145,2257.494241
2013-11-15,2429.695090,2292.209362
2013-11-18,2510.490956,2326.754794
2013-11-19,2493.188630,2302.601551
2013-11-20,2506.304910,2310.502140
2013-11-21,2490.945736,2294.736365
2013-11-22,2478.511628,2283.394123
2013-11-25,2468.868217,2281.144734
2013-11-26,2467.617571,2288.546074
2013-11-27,2495.586563,2318.042850
2013-11-28,2521.478036,2344.716802
2013-11-29,2520.868217,2357.484591
2013-12-02,2500.041344,2285.471928
2013-12-03,2524.837209,2329.673480
2013-12-04,2558.284238,2354.519692
2013-12-05,2551.111111,2337.869273
2013-12-06,2534.666667,2326.471795
2013-12-09,2533.198966,2338.448349
2013-12-10,2535.731266,2333.689612
2013-12-11,2493.808786,2314.688234
2013-12-12,2490.976744,2330.718563
2013-12-13,2487.483204,2336.159679
2013-12-16,2447.462532,2296.263770
2013-12-17,2435.534884,2288.519080
2013-12-18,2436.413437,2289.609274
2013-12-19,2410.759690,2261.905539
2013-12-20,2354.666667,2240.828639
2013-12-23,2361.343669,2258.738942
2013-12-24,2365.116279,2270.099204
2013-12-25,2382.542636,2292.055301
2013-12-26,2341.426357,2254.530957
2013-12-27,2380.857881,2282.400227
2013-12-30,2376.702842,2277.378717
2013-12-31,2408.299742,2292.936080
2014-01-02,2399.979328,2318.794095
2014-01-03,2367.731266,2305.652471
2014-01-06,2313.839793,2247.873380
2014-01-07,2313.178295,2254.150517
2014-01-08,2317.219638,2265.658597
2014-01-09,2296.868217,2244.122302
2014-01-10,2278.914729,2216.384854
2014-01-13,2267.369509,2204.563690
2014-01-14,2287.183463,2221.446735
2014-01-15,2283.142119,2237.257509
2014-01-16,2286.139535,2215.134971
2014-01-17,2251.669251,2170.799941
2014-01-20,2238.749354,2134.718728
2014-01-21,2260.888889,2152.086078
2014-01-22,2319.173127,2206.573338
2014-01-23,2306.863049,2212.355971
2014-01-24,2321.116279,2218.134126
2014-01-27,2290.356589,2171.676884
2014-01-28,2294.428941,2167.090347
2014-01-29,2302.614987,2168.553047
2014-01-30,2276.434109,2146.507605
2014-02-07,2286.801034,2163.568951
2014-02-10,2343.700258,2234.830940
2014-02-11,2362.335917,2238.935016
2014-02-12,2368.217054,2249.396342
2014-02-13,2356.124031,2224.993684
2014-02-14,2372.692506,2242.555188
2014-02-17,2389.302326,2242.368460
2014-02-18,2359.111111,2221.653838
2014-02-19,2386.211886,2242.994009
2014-02-20,2364.279070,2223.990327
2014-02-21,2340.351421,2214.329029
2014-02-24,2288.899225,2172.163465
2014-02-25,2230.397933,2094.059200
2014-02-26,2236.082687,2088.073244
2014-02-27,2226.470284,2045.003617
2014-02-28,2252.165375,2085.221041
2014-03-03,2263.948320,2108.692044
2014-03-04,2257.643411,2088.061233
2014-03-05,2236.671835,2062.833700
2014-03-06,2246.645995,2050.999134
2014-03-07,2241.198966,2071.359401
2014-03-10,2168.258398,2040.269043
2014-03-11,2179.493540,2067.640317
2014-03-12,2185.147287,2074.628272
2014-03-13,2212.227390,2100.758181
2014-03-14,2194.149871,2083.331050
2014-03-17,2215.028424,2102.249983
2014-03-18,2209.953488,2085.882932
2014-03-19,2192.113695,2041.697768
2014-03-20,2157.074935,1993.598555
2014-03-21,2231.317829,2048.804291
2014-03-24,2249.664083,2042.959223
2014-03-25,2247.483204,2068.381449
2014-03-26,2243.979328,2087.648479
2014-03-27,2228.124031,2045.021459
2014-03-28,2224.258398,2022.408011
2014-03-31,2218.408269,2011.550667
2014-04-01,2235.782946,2025.342493
2014-04-02,2253.984496,2015.491689
2014-04-03,2237.736434,2017.244793
2014-04-04,2258.883721,2054.568194
2014-04-08,2312.475452,2104.826484
2014-04-09,2313.819121,2117.474420
2014-04-10,2350.139535,2132.748392
2014-04-11,2346.945736,2131.913412
2014-04-14,2344.816537,2141.522746
2014-04-15,2304.351421,2121.466302
2014-04-16,2307.524548,2116.439132
2014-04-17,2299.534884,2114.117106
2014-04-18,2299.204134,2112.761860
2014-04-21,2260.723514,2085.911208
2014-04-22,2270.594315,2070.845131
2014-04-23,2268.392765,2054.500332
2014-04-24,2264.051680,2037.423260
2014-04-25,2240.651163,2005.376080
2014-04-28,2206.687339,1967.934196
2014-04-29,2230.976744,2005.586754
2014-04-30,2231.173127,2029.926546
2014-05-05,2228.909561,2041.392042
2014-05-06,2229.798450,2046.415326
2014-05-07,2209.116279,2006.109201
2014-05-08,2207.235142,1994.397849
2014-05-09,2205.591731,1980.945947
2014-05-12,2253.281654,2020.765226
2014-05-13,2247.906977,2020.784664
2014-05-14,2245.343669,2018.111813
2014-05-15,2216.103359,1985.757516
2014-05-16,2218.036176,1984.900198
2014-05-19,2186.191214,1960.187696
2014-05-20,2186.842377,1957.447541
2014-05-21,2207.658915,1976.245087
2014-05-22,2202.449612,1972.119888
2014-05-23,2220.578811,1989.908290
2014-05-26,2228.403101,1997.306984
2014-05-27,2219.410853,1986.228717
2014-05-28,2242.222222,2009.898311
2014-05-29,2227.555556,1996.540602
2014-05-30,2228.899225,1995.262096
2014-06-03,2222.139535,1981.845475
2014-06-04,2199.762274,1964.454703
2014-06-05,2222.842377,1980.814135
2014-06-06,2206.428941,1974.761959
2014-06-09,2205.974160,1958.883376
2014-06-10,2233.870801,1990.572485
2014-06-11,2233.354005,1994.051490
2014-06-12,2225.746770,1993.816030
2014-06-13,2249.343669,2006.415965
2014-06-16,2265.488372,2017.666472
2014-06-17,2242.552972,2000.404505
2014-06-18,2232.806202,1985.830005
2014-06-19,2198.356589,1947.026311
2014-06-20,2208.506460,1957.407362
2014-06-23,2205.798450,1957.487602
2014-06-24,2216.868217,1972.595610
2014-06-25,2205.033592,1964.906966
2014-06-26,2221.271318,1980.986297
2014-06-27,2222.490956,1984.581218
2014-06-30,2237.850129,2004.608042
2014-07-01,2237.271318,2003.834682
2014-07-02,2243.793282,1995.556444
2014-07-03,2253.426357,1999.612727
2014-07-04,2251.886305,1991.108845
2014-07-07,2249.395349,1979.035722
2014-07-08,2253.715762,1981.397729
2014-07-09,2220.888889,1938.823970
2014-07-10,2214.832041,1913.069010
2014-07-11,2220.165375,1922.130757
2014-07-14,2244.713178,1940.373783
2014-07-15,2248.041344,1946.846417
2014-07-16,2243.793282,1928.827899
2014-07-17,2229.529716,1914.880792
2014-07-18,2236.837209,1919.369209
2014-07-21,2239.069767,1941.006393
2014-07-22,2266.356589,1953.632750
2014-07-23,2271.658915,1938.317812
2014-07-24,2312.165375,1946.782973
2014-07-25,2336.382429,1965.434417
2014-07-28,2401.963824,2002.417164
2014-07-29,2409.684755,2028.563086
2014-07-30,2400.010336,2042.826584
2014-07-31,2429.198966,2059.141435
2014-08-01,2407.648579,2045.660576
2014-08-04,2455.421189,2064.765022
2014-08-05,2448.940568,2071.675649
2014-08-06,2442.604651,2071.986085
2014-08-07,2405.643411,2044.818888
2014-08-08,2409.436693,2053.158987
2014-08-11,2444.806202,2074.746554
2014-08-12,2436.227390,2073.823128
2014-08-13,2438.139535,2071.346559
2014-08-14,2414.418605,2052.609128
2014-08-15,2439.937984,2072.066321
2014-08-18,2454.325581,2094.621334
2014-08-19,2454.542636,2100.582256
2014-08-20,2445.622739,2094.600432
2014-08-21,2433.322997,2098.479983
2014-08-22,2444.816537,2108.304282
2014-08-25,2421.560724,2095.129526
2014-08-26,2402.160207,2075.521951
2014-08-27,2405.788114,2085.176982
2014-08-28,2388.919897,2072.393033
2014-08-29,2416.837209,2100.812236
2014-09-01,2434.439276,2122.869767
2014-09-02,2466.625323,2145.378597
2014-09-03,2489.757106,2166.855066
2014-09-04,2507.720930,2180.415401
2014-09-05,2531.534884,2212.344278
2014-09-09,2527.359173,2218.098064
2014-09-10,2514.139535,2210.688894
2014-09-11,2504.857881,2202.487224
2014-09-12,2520.268734,2209.496858
2014-09-15,2519.059432,2213.874556
2014-09-16,2469.012920,2153.544265
2014-09-17,2481.994832,2160.770280
2014-09-18,2489.571059,2173.156686
2014-09-19,2506.677003,2190.933084
2014-09-22,2458.832041,2150.101315
2014-09-23,2480.062016,2166.327335
2014-09-24,2523.886305,2200.393981
2014-09-25,2518.832041,2199.687873
2014-09-26,2519.069767,2201.588673
2014-09-29,2530.025840,2220.962364
2014-09-30,2533.322997,2226.851528
2014-10-08,2561.633075,2245.638317
2014-10-09,2565.333333,2235.036718
2014-10-10,2549.653747,2213.501018
2014-10-13,2537.416021,2200.476704
2014-10-14,2528.744186,2195.153724
2014-10-15,2546.635659,2214.908335
2014-10-16,2526.511628,2204.761426
2014-10-17,2523.751938,2205.049315
2014-10-20,2537.167959,2218.843615
2014-10-21,2515.131783,2202.082541
2014-10-22,2499.886305,2198.598507
2014-10-23,2476.423773,2186.492186
2014-10-24,2471.018088,2190.240679
2014-10-27,2448.403101,2165.062853
2014-10-28,2497.829457,2204.196438
2014-10-29,2533.726098,2239.646586
2014-10-30,2551.865633,2262.987397
2014-10-31,2592.589147,2297.997747
2014-11-03,2596.950904,2294.782918
2014-11-04,2597.591731,2278.369808
2014-11-05,2587.545220,2274.078647
2014-11-06,2590.253230,2281.911928
2014-11-07,2586.201550,2281.560700
2014-11-10,2651.917313,2337.969038
2014-11-11,2644.558140,2329.176947
2014-11-12,2681.467700,2364.063675
2014-11-13,2666.408269,2354.817765
2014-11-14,2667.793282,2356.362165
2014-11-17,2653.333333,2349.357492
2014-11-18,2626.790698,2344.621061
2014-11-19,2622.449612,2336.730525
2014-11-20,2622.325581,2343.728582
2014-11-21,2670.242894,2378.085017
2014-11-24,2738.253230,2434.662072
2014-11-25,2775.772610,2462.793581
2014-11-26,2814.490956,2495.365815
2014-11-27,2847.018088,2513.369126
2014-11-28,2903.173127,2563.210213
2014-12-01,2914.532300,2561.757311
2014-12-02,3022.160207,2667.078343
2014-12-03,3067.235142,2695.129865
2014-12-04,3208.630491,2820.243366
2014-12-05,3229.860465,2845.152530
2014-12-08,3362.149871,2958.739166
2014-12-09,3211.276486,2768.700613
2014-12-10,3329.767442,2865.755911
2014-12-11,3289.932817,2826.515064
2014-12-12,3300.496124,2829.646449
2014-12-15,3325.302326,2837.092482
2014-12-16,3414.366925,2920.770971
2014-12-17,3473.488372,2978.934747
2014-12-18,3458.325581,2957.001789
2014-12-19,3496.816537,2997.877092
2014-12-22,3508.506460,3011.811482
2014-12-23,3436.609819,2942.798940
2014-12-24,3338.904393,2839.835616
2014-12-25,3447.462532,2936.307635
2014-12-26,3561.591731,3044.634906
2014-12-29,3571.534884,3057.409090
2014-12-30,3573.695090,3065.817815
2014-12-31,3652.413437,3148.092307
2015-01-05,3763.865633,3253.843037
2015-01-06,3763.369509,3240.648331
2015-01-07,3766.191214,3237.594274
2015-01-08,3678.821705,3180.023353
2015-01-09,3665.860465,3176.632737
2015-01-12,3631.607235,3180.805973
2015-01-13,3632.082687,3196.203442
2015-01-14,3620.072351,3184.799419
2015-01-15,3725.188630,3293.565024
2015-01-16,3757.260982,3326.471157
2015-01-19,3467.865633,3058.387087
2015-01-20,3510.304910,3102.415058
2015-01-21,3668.103359,3258.384599
2015-01-22,3687.452196,3260.432084
2015-01-23,3691.710594,3274.995319
2015-01-26,3729.188630,3303.012415
2015-01-27,3695.018088,3274.740603
2015-01-28,3643.741602,3221.123562
2015-01-29,3598.759690,3180.398600
2015-01-30,3549.757106,3121.925166
2015-02-02,3466.625323,3031.034932
2015-02-03,3552.919897,3115.459053
2015-02-04,3516.041344,3082.541387
2015-02-05,3480.051680,3035.796104
2015-02-06,3423.689922,2978.901169
2015-02-09,3458.315245,3019.562231
2015-02-10,3521.385013,3081.119726
2015-02-11,3549.478036,3100.105663
2015-02-12,3558.521964,3120.450487
2015-02-13,3586.387597,3137.520920
2015-02-16,3617.033592,3159.595394
2015-02-17,3640.640827,3193.815924
2015-02-25,3595.586563,3167.103551
2015-02-26,3686.098191,3243.165460
2015-02-27,3692.857881,3239.984901
2015-03-02,3722.242894,3257.628865
2015-03-03,3625.736434,3165.081016
2015-03-04,3649.426357,3187.857088
2015-03-05,3613.788114,3155.893839
2015-03-06,3595.369509,3139.544410
2015-03-09,3656.589147,3203.597113
2015-03-10,3638.873385,3188.640218
2015-03-11,3643.049096,3198.735494
2015-03-12,3713.529716,3277.041214
2015-03-13,3739.183463,3285.379164
2015-03-16,3830.149871,3367.845919
2015-03-17,3883.328165,3402.096297
2015-03-18,3975.255814,3469.157010
2015-03-19,3968.723514,3452.382519
2015-03-20,4023.328165,3488.529159
2015-03-23,4105.488372,3578.132594
2015-03-24,4106.511628,3598.181836
2015-03-25,4072.775194,3551.707611
2015-03-26,4082.687339,3548.989578
2015-03-27,4105.116279,3563.706612
2015-03-30,4225.509044,3694.387682
2015-03-31,4187.286822,3644.368014
2015-04-01,4262.428941,3705.677752
2015-04-02,4263.338501,3680.391218
2015-04-03,4310.635659,3718.214373
2015-04-07,4403.142119,3793.588904
2015-04-08,4440.103359,3884.466338
2015-04-09,4405.312661,3857.939192
2015-04-10,4490.356589,3908.351388
2015-04-13,4569.581395,3989.514306
2015-04-14,4587.266150,4059.385710
2015-04-15,4527.658915,4049.398191
2015-04-16,4665.167959,4174.697351
2015-04-17,4750.532300,4326.452382
2015-04-20,4673.819121,4321.316874
2015-04-21,4774.325581,4316.830591
2015-04-22,4899.028424,4431.552180
2015-04-23,4900.144703,4414.583462
2015-04-24,4860.609819,4404.426003
2015-04-27,4969.085271,4551.923298
2015-04-28,4901.147287,4555.195727
2015-04-29,4934.708010,4528.995515
2015-04-30,4909.447028,4501.856481
2015-05-04,4948.568475,4543.030871
2015-05-05,4751.255814,4372.040445
2015-05-06,4706.284238,4305.836158
2015-05-07,4620.248062,4152.517864
2015-05-08,4711.524548,4233.409479
2015-05-11,4848.093023,4365.147818
2015-05-12,4906.894057,4426.106181
2015-05-13,4876.940568,4361.717844
2015-05-14,4858.687339,4339.587495
2015-05-15,4772.578811,4267.008896
2015-05-18,4728.826873,4187.259646
2015-05-19,4890.149871,4328.317823
2015-05-20,4914.645995,4322.969140
2015-05-21,5003.596899,4364.044330
2015-05-22,5117.664083,4481.627337
2015-05-25,5270.801034,4655.003862
2015-05-26,5373.560724,4714.194122
2015-05-27,5355.483204,4664.567110
2015-05-28,4996.392765,4308.254638
2015-05-29,5003.441860,4255.343352
2015-06-01,5246.697674,4455.291096
2015-06-02,5335.266150,4515.054374
2015-06-03,5316.372093,4548.197976
2015-06-04,5355.472868,4572.363793
2015-06-05,5406.253230,4666.959700
2015-06-08,5533.591731,4832.216072
2015-06-09,5496.082687,4746.681579
2015-06-10,5487.452196,4661.317957
2015-06-11,5484.847545,4633.684900
2015-06-12,5514.335917,4615.925126
2015-06-15,5396.558140,4520.344034
2015-06-16,5234.956072,4351.456080
2015-06-17,5311.452196,4431.896789
2015-06-18,5096.175711,4231.428319
2015-06-19,4792.816537,3967.249781
2015-06-23,4946.863049,4131.277107
2015-06-24,5044.062016,4191.491296
2015-06-25,4864.620155,4050.161650
2015-06-26,4481.850129,3738.879262
2015-06-29,4332.351421,3609.820699
2015-06-30,4623.255814,3869.535250
2015-07-01,4395.886305,3651.238590
2015-07-02,4245.994832,3532.548754
2015-07-03,4016.454780,3318.103834
2015-07-06,4132.857881,3471.530334
2015-07-07,4059.948320,3548.500144
2015-07-08,3786.087855,3373.142182
2015-07-09,4028.558140,3594.145348
2015-07-10,4244.506460,3796.863010
2015-07-13,4353.291990,3833.112560
2015-07-14,4250.284238,3685.683998
2015-07-15,4100.010336,3572.416887
2015-07-16,4131.638243,3580.027054
2015-07-17,4290.956072,3702.649946
2015-07-20,4300.372093,3716.273587
2015-07-21,4305.953488,3759.917113
2015-07-22,4296.806202,3706.826806
2015-07-23,4393.602067,3787.125448
2015-07-24,4316.568475,3710.945454
2015-07-27,3947.007752,3383.996692
2015-07-28,3939.111111,3328.804185
2015-07-29,4062.408269,3440.223235
2015-07-30,3943.576227,3331.223058
2015-07-31,3944.909561,3312.128495
2015-08-03,3957.870801,3296.382211
2015-08-04,4080.785530,3400.635022
2015-08-05,3996.795866,3337.282122
2015-08-06,3960.568475,3287.230226
2015-08-07,4038.180879,3352.148802
2015-08-10,4221.560724,3548.004679
2015-08-11,4203.276486,3508.191027
2015-08-12,4151.038760,3474.080488
2015-08-13,4212.361757,3529.049326
2015-08-14,4210.377261,3522.332400
2015-08-17,4214.852713,3502.722520
2015-08-18,3953.912145,3264.852930
2015-08-19,4016.682171,3299.015440
2015-08-20,3887.803618,3179.626142
2015-08-21,3710.118863,3030.446815
2015-08-24,3385.560724,2772.280674
2015-08-25,3145.147287,2569.789892
2015-08-26,3127.328165,2523.351998
2015-08-27,3313.322997,2701.367165
2015-08-28,3454.563307,2832.070464
2015-08-31,3479.627907,2878.492359
2015-09-01,3475.018088,2893.787728
2015-09-02,3478.894057,2934.421314
2015-09-07,3359.679587,2812.833481
2015-09-08,3446.015504,2871.504062
2015-09-09,3513.498708,2924.654888
2015-09-10,3470.346253,2886.576013
2015-09-11,3459.627907,2877.010535
2015-09-14,3391.348837,2848.985619
2015-09-15,3258.118863,2757.797664
2015-09-16,3420.413437,2884.813418
2015-09-17,3345.736434,2837.187443
2015-09-18,3360.485788,2840.782702
2015-09-21,3419.379845,2900.870573
2015-09-22,3451.193798,2924.275104
2015-09-23,3372.640827,2843.025095
2015-09-24,3395.348837,2866.585528
2015-09-25,3340.516796,2784.555916
2015-09-28,3351.679587,2788.693615
2015-09-29,3285.633075,2721.245023
2015-09-30,3310.542636,2747.120255
2015-10-08,3407.214470,2822.690456
2015-10-09,3452.320413,2845.933755
2015-10-12,3563.503876,2941.454076
2015-10-13,3560.764858,2940.571303
2015-10-14,3520.527132,2918.661656
2015-10-15,3603.948320,2983.550255
2015-10-16,3652.785530,3047.143475
2015-10-19,3652.899225,3048.161517
2015-10-20,3697.881137,3138.762866
2015-10-21,3589.922481,3055.157588
2015-10-22,3642.925065,3118.872911
2015-10-23,3691.204134,3120.703369
2015-10-26,3709.829457,3126.542002
2015-10-27,3713.571059,3123.166919
2015-10-28,3643.328165,3064.509398
2015-10-29,3652.000000,3070.755248
2015-10-30,3652.795866,3068.933348
2015-11-02,3592.723514,3027.492349
2015-11-03,3581.901809,3013.013238
2015-11-04,3750.428941,3127.746488
2015-11-05,3830.459948,3221.348240
2015-11-06,3920.795866,3262.833500
2015-11-09,3969.354005,3286.007330
2015-11-10,3962.005168,3268.262417
2015-11-11,3962.428941,3275.734852
2015-11-12,3922.811370,3253.159737
2015-11-13,3872.082687,3206.898626
2015-11-16,3890.573643,3214.635898
2015-11-17,3884.640827,3211.514528
2015-11-18,3840.392765,3153.228516
2015-11-19,3901.777778,3196.833111
2015-11-20,3901.167959,3198.588906
2015-11-23,3879.421189,3206.800529
2015-11-24,3879.989664,3192.742382
2015-11-25,3908.640827,3204.386475
2015-11-26,3885.715762,3179.352037
2015-11-27,3676.475452,2991.623029
2015-11-30,3686.211886,2970.573570
2015-12-01,3712.351421,2995.678144
2015-12-02,3846.976744,3063.422713
2015-12-03,3875.245478,3073.804382
2015-12-04,3801.126615,3026.916199
2015-12-07,3811.483204,3036.371914
2015-12-08,3744.723514,2986.145555
2015-12-09,3758.077519,2968.498821
2015-12-10,3744.785530,2944.357325
2015-12-11,3729.260982,2923.393120
2015-12-14,3835.989664,3007.723662
2015-12-15,3818.490956,2985.235408
2015-12-16,3809.240310,2974.972583
2015-12-17,3882.056848,3031.719225
2015-12-18,3894.480620,3034.386549
2015-12-21,3995.824289,3069.217305
2015-12-22,4006.956072,3069.648406
2015-12-23,3996.258398,3048.167866
2015-12-24,3958.036176,3009.371727
2015-12-25,3967.131783,3013.311161
2015-12-28,3852.847545,2928.826069
2015-12-29,3888.237726,2941.035630
2015-12-30,3891.658915,2933.451231
2015-12-31,3856.330749,2912.707886
2016-01-04,3585.602067,2685.622441
2016-01-05,3595.638243,2659.576996
2016-01-06,3658.718346,2726.587120
2016-01-07,3405.043928,2522.525038
2016-01-08,3474.480620,2571.900697
2016-01-11,3299.689922,2480.836587
2016-01-12,3323.731266,2509.623141
2016-01-13,3261.891473,2426.179076
2016-01-14,3329.788114,2478.045707
2016-01-15,3223.493540,2371.740228
2016-01-18,3235.896641,2396.623706
2016-01-19,3331.400517,2513.548972
2016-01-20,3281.012920,2508.732003
2016-01-21,3184.857881,2395.373409
2016-01-22,3218.046512,2427.826239
2016-01-25,3233.994832,2426.090974
2016-01-26,3039.286822,2271.982615
2016-01-27,3028.785530,2253.727564
2016-01-28,2949.622739,2151.906291
2016-01-29,3045.054264,2232.540583
2016-02-01,2998.501292,2185.410912
2016-02-02,3060.806202,2234.686472
2016-02-03,3047.689922,2227.899157
2016-02-04,3085.023256,2259.254810
2016-02-05,3063.348837,2242.579972
2016-02-15,3045.695090,2226.427073
2016-02-16,3139.059432,2305.177307
2016-02-17,3166.222222,2354.764328
2016-02-18,3156.279070,2339.011377
2016-02-19,3154.098191,2335.265851
2016-02-22,3223.638243,2378.579831
2016-02-23,3193.136951,2346.653619
2016-02-24,3214.005168,2384.042170
2016-02-25,3016.795866,2197.102218
2016-02-26,3047.059432,2205.538048
2016-02-29,2974.129199,2125.357467
2016-03-01,3029.136951,2169.858952
2016-03-02,3153.829457,2275.060843
2016-03-03,3161.157623,2276.961470
2016-03-04,3197.819121,2282.993092
2016-03-07,3209.136951,2301.333142
2016-03-08,3212.062016,2306.585116
2016-03-09,3175.100775,2281.739850
2016-03-10,3114.366925,2225.506965
2016-03-11,3119.669251,2232.492071
2016-03-14,3168.671835,2280.432263
2016-03-15,3178.067183,2276.850167
2016-03-16,3193.829457,2284.876236
2016-03-17,3229.147287,2315.240438
2016-03-18,3278.511628,2360.731198
2016-03-21,3358.594315,2401.230804
2016-03-22,3334.149871,2394.451275
2016-03-23,3344.795866,2401.080063
2016-03-24,3288.733850,2381.009668
2016-03-25,3305.240310,2389.022101
2016-03-28,3276.206718,2382.457216
2016-03-29,3240.733850,2357.720000
2016-03-30,3324.320413,2406.159427
2016-03-31,3326.191214,2403.394801
2016-04-01,3330.118863,2397.957347
2016-04-05,3374.149871,2432.781790
2016-04-06,3366.956072,2438.790994
2016-04-07,3317.095607,2408.425259
2016-04-08,3292.744186,2392.643000
2016-04-11,3338.604651,2406.225873
2016-04-12,3326.563307,2395.187793
2016-04-13,3370.935401,2406.952050
2016-04-14,3385.870801,2419.944530
2016-04-15,3382.129199,2420.576386
2016-04-18,3336.899225,2398.874328
2016-04-19,3347.080103,2403.636530
2016-04-20,3287.886305,2383.878126
2016-04-21,3266.770026,2358.994947
2016-04-22,3281.550388,2383.764007
2016-04-25,3268.248062,2370.554676
2016-04-26,3285.953488,2380.642945
2016-04-27,3272.268734,2379.096864
2016-04-28,3266.749354,2386.102082
2016-04-29,3262.790698,2387.242987
2016-05-03,3321.488372,2437.136356
2016-05-04,3317.271318,2435.531372
2016-05-05,3321.881137,2444.139114
2016-05-06,3235.503876,2393.614055
2016-05-09,3168.599483,2366.733733
2016-05-10,3172.206718,2373.525808
2016-05-11,3186.366925,2389.873032
2016-05-12,3193.943152,2389.262826
2016-05-13,3178.232558,2366.344783
2016-05-16,3199.286822,2377.494364
2016-05-17,3189.684755,2371.558837
2016-05-18,3171.100775,2356.823055
2016-05-19,3165.374677,2346.792417
2016-05-20,3181.622739,2354.810864
2016-05-23,3190.925065,2368.826400
2016-05-24,3166.470284,2357.000605
2016-05-25,3161.994832,2348.362904
2016-05-26,3167.142119,2344.312859
2016-05-27,3165.374677,2339.892508
2016-05-30,3169.726098,2342.045798
2016-05-31,3276.031008,2407.479014
2016-06-01,3266.718346,2409.374234
2016-06-02,3273.488372,2415.484248
2016-06-03,3296.465116,2443.041375
2016-06-06,3285.571059,2436.776636
2016-06-07,3283.772610,2437.807987
2016-06-08,3270.273902,2424.144702
2016-06-13,3169.343669,2366.427534
2016-06-14,3179.307494,2373.259477
2016-06-15,3221.054264,2403.155958
2016-06-16,3198.625323,2383.742597
2016-06-17,3214.842377,2398.335276
2016-06-20,3217.229974,2395.817545
2016-06-21,3210.666667,2386.142563
2016-06-22,3239.235142,2404.518681
2016-06-23,3222.036176,2389.614459
2016-06-24,3180.527132,2359.679956
2016-06-27,3225.364341,2402.446925
2016-06-28,3241.757106,2422.426064
2016-06-29,3257.250646,2421.099225
2016-06-30,3259.865633,2427.319356
2016-07-01,3260.155039,2426.851151
2016-07-04,3312.351421,2437.853121
2016-07-05,3315.121447,2422.328909
2016-07-06,3324.857881,2448.758269
2016-07-07,3317.777778,2443.585075
2016-07-08,3299.514212,2427.563702
2016-07-11,3310.935401,2429.746976
2016-07-12,3383.131783,2480.382290
2016-07-13,3393.147287,2484.246786
2016-07-14,3386.832041,2475.404217
2016-07-15,3386.335917,2479.449616
2016-07-18,3371.596899,2464.491638
2016-07-19,3357.343669,2441.051752
2016-07-20,3346.366925,2435.023179
2016-07-21,3361.777778,2443.952081
2016-07-22,3333.498708,2424.555587
2016-07-25,3339.421189,2433.140063
2016-07-26,3379.421189,2465.677511
2016-07-27,3326.346253,2421.700727
2016-07-28,3329.343669,2435.815864
2016-07-29,3311.555556,2420.071387
2016-08-01,3283.524548,2398.917541
2016-08-02,3296.175711,2405.951814
2016-08-03,3300.785530,2413.756629
2016-08-04,3308.826873,2429.025288
2016-08-05,3312.775194,2440.277763
2016-08-08,3342.821705,2466.144192
2016-08-09,3366.387597,2483.799764
2016-08-10,3352.289406,2466.201052
2016-08-11,3341.974160,2455.036074
2016-08-12,3404.888889,2506.299490
2016-08-15,3507.410853,2584.203414
2016-08-16,3491.731266,2594.792416
2016-08-17,3486.356589,2570.442523
2016-08-18,3477.509044,2561.291918
2016-08-19,3478.056848,2549.756795
2016-08-22,3448.878553,2536.571982
2016-08-23,3454.087855,2540.599451
2016-08-24,3441.715762,2528.343777
2016-08-25,3420.124031,2502.906983
2016-08-26,3418.180879,2501.175856
2016-08-29,3418.894057,2518.242304
2016-08-30,3423.245478,2518.625651
2016-08-31,3439.576227,2551.027010
2016-09-01,3412.485788,2520.821749
2016-09-02,3425.436693,2524.398855
2016-09-05,3431.193798,2522.290230
2016-09-06,3454.914729,2533.421772
2016-09-07,3453.043928,2522.833768
2016-09-08,3451.741602,2528.326105
2016-09-09,3429.498708,2507.622783
2016-09-12,3372.196382,2479.861132
2016-09-13,3369.850129,2480.330929
2016-09-14,3347.524548,2471.927689
2016-09-19,3372.733850,2490.419672
2016-09-20,3366.821705,2487.374583
2016-09-21,3376.372093,2494.135145
2016-09-22,3401.674419,2514.815299
2016-09-23,3385.705426,2509.838154
2016-09-26,3328.454780,2469.910136
2016-09-27,3349.612403,2483.697673
2016-09-28,3339.421189,2477.454639
2016-09-29,3353.374677,2492.274548
2016-09-30,3362.563307,2508.176481
2016-10-10,3404.516796,2536.597589
2016-10-11,3417.633075,2545.867675
2016-10-12,3410.863049,2539.229822
2016-10-13,3413.591731,2533.265545
2016-10-14,3416.899225,2531.549537
2016-10-17,3387.989664,2515.656186
2016-10-18,3432.899225,2541.268209
2016-10-19,3427.638243,2538.449736
2016-10-20,3430.077519,2541.387641
2016-10-21,3439.524548,2544.971662
2016-10-24,3480.702842,2571.496467
2016-10-25,3480.568475,2579.952452
2016-10-26,3467.493540,2583.650282
2016-10-27,3458.087855,2577.625645
2016-10-28,3452.330749,2582.898224
2016-10-31,3448.351421,2585.216056
2016-11-01,3471.886305,2599.267269
2016-11-02,3445.322997,2592.421376
2016-11-03,3478.129199,2603.063955
2016-11-04,3466.842377,2588.374961
2016-11-07,3469.343669,2582.263966
2016-11-08,3484.361757,2604.731209
2016-11-09,3465.684755,2595.942680
2016-11-10,3504.506460,2612.496425
2016-11-11,3532.010336,2608.659716
2016-11-14,3545.478036,2593.556145
2016-11-15,3545.085271,2599.786968
2016-11-16,3544.795866,2600.023378
2016-11-17,3551.979328,2598.343430
2016-11-18,3532.258398,2586.943162
2016-11-21,3556.702842,2597.614238
2016-11-22,3584.868217,2601.672011
2016-11-23,3591.452196,2625.239750
2016-11-24,3605.932817,2639.641224
2016-11-25,3639.586563,2656.562278
2016-11-28,3653.829457,2655.314111
2016-11-29,3683.762274,2690.416356
2016-11-30,3656.847545,2661.864875
2016-12-01,3684.795866,2676.778605
2016-12-02,3647.493540,2657.043047
2016-12-05,3585.953488,2634.164579
2016-12-06,3575.348837,2639.454592
2016-12-07,3592.506460,2640.700934
2016-12-08,3586.708010,2660.532600
2016-12-09,3611.059432,2674.272781
2016-12-12,3523.700258,2632.945008
2016-12-13,3519.421189,2627.361023
2016-12-14,3492.454780,2615.202119
2016-12-15,3452.640827,2560.376878
2016-12-16,3458.428941,2563.603398
2016-12-19,3440.806202,2557.662041
2016-12-20,3420.217054,2539.891740
2016-12-21,3450.687339,2549.375190
2016-12-22,3447.720930,2538.438591
2016-12-23,3418.708010,2512.380568
2016-12-26,3434.005168,2519.545742
2016-12-27,3427.793282,2517.861814
2016-12-28,3412.806202,2511.052523
2016-12-29,3408.537468,2512.484750
2016-12-30,3421.271318,2537.445633
2017-01-03,3454.501292,2560.420865
2017-01-04,3481.457364,2595.754464
2017-01-05,3480.919897,2589.933402
2017-01-06,3460.124031,2574.462910
2017-01-09,3476.899225,2579.658523
2017-01-10,3471.080103,2579.582821
2017-01-11,3446.511628,2558.669431
2017-01-12,3429.064599,2550.359336
2017-01-13,3431.431525,2556.074196
2017-01-16,3430.956072,2569.598915
2017-01-17,3438.098191,2581.245782
2017-01-18,3451.545220,2608.137230
2017-01-19,3441.126615,2601.999483
2017-01-20,3467.586563,2615.680692
2017-01-23,3477.085271,2615.628803
2017-01-24,3477.467700,2624.479110
2017-01-25,3489.302326,2630.713989
2017-01-26,3501.767442,2632.456177
2017-02-03,3477.509044,2618.342422
2017-02-06,3486.521964,2623.568659
2017-02-07,3478.739018,2622.057472
2017-02-08,3496.940568,2628.761179
2017-02-09,3510.377261,2634.256841
2017-02-10,3528.155039,2639.845545
2017-02-13,3551.710594,2666.331737
2017-02-14,3551.214470,2661.275543
2017-02-15,3536.651163,2656.231106
2017-02-16,3556.516796,2664.782919
2017-02-17,3536.372093,2662.591013
2017-02-20,3588.000000,2717.392909
2017-02-21,3599.813953,2713.976988
2017-02-22,3606.987080,2727.190148
2017-02-23,3589.994832,2720.177686
2017-02-24,3590.542636,2716.687889
2017-02-27,3561.984496,2692.501303
2017-02-28,3568.795866,2692.926261
2017-03-01,3574.614987,2693.162824
2017-03-02,3550.490956,2679.246816
2017-03-03,3543.007752,2678.527035
2017-03-06,3562.253230,2688.982377
2017-03-07,3569.984496,2710.641842
2017-03-08,3564.578811,2703.168524
2017-03-09,3542.056848,2684.723197
2017-03-10,3543.038760,2695.607615
2017-03-13,3574.263566,2718.676789
2017-03-14,3572.806202,2714.281637
2017-03-15,3579.989664,2719.457455
2017-03-16,3598.459948,2721.663717
2017-03-17,3561.560724,2698.972138
2017-03-20,3565.488372,2719.079898
2017-03-21,3582.790698,2754.563863
2017-03-22,3565.943152,2749.924230
2017-03-23,3578.273902,2756.825966
2017-03-24,3606.821705,2779.204651
2017-03-27,3594.873385,2759.466284
2017-03-28,3586.366925,2751.764548
2017-03-29,3581.591731,2749.937999
2017-03-30,3552.206718,2737.359223
2017-03-31,3572.144703,2759.381135
2017-04-05,3621.591731,2789.318662
2017-04-06,3632.093023,2803.956925
2017-04-07,3635.617571,2801.847467
2017-04-10,3622.883721,2787.869682
2017-04-11,3635.483204,2788.048943
2017-04-12,3627.328165,2781.544156
2017-04-13,3632.630491,2783.158515
2017-04-14,3603.617571,2767.856296
2017-04-17,3596.837209,2769.328354
2017-04-18,3579.059432,2774.990181
2017-04-19,3561.633075,2768.345662
2017-04-20,3577.829457,2803.574549
2017-04-21,3583.245478,2804.082773
2017-04-24,3546.521964,2780.918046
2017-04-25,3556.558140,2803.333766
2017-04-26,3560.909561,2793.166366
2017-04-27,3562.501292,2793.909479
2017-04-28,3555.297158,2780.691763
2017-05-02,3541.684755,2769.725738
2017-05-03,3527.782946,2771.519804
2017-05-04,3518.749354,2767.507652
2017-05-05,3496.175711,2760.997930
2017-05-08,3471.638243,2748.695453
2017-05-09,3465.147287,2743.323276
2017-05-10,3449.819121,2753.800811
2017-05-11,3469.405685,2778.245960
2017-05-12,3499.100775,2814.009703
2017-05-15,3513.374677,2833.168388
2017-05-16,3543.824289,2849.918580
2017-05-17,3524.516796,2817.672863
2017-05-18,3512.258398,2813.376973
2017-05-19,3518.191214,2828.574237
2017-05-22,3525.829457,2854.436464
2017-05-23,3539.214470,2898.320333
2017-05-24,3539.193798,2891.719835
2017-05-25,3602.749354,2938.016316
2017-05-26,3597.343669,2930.864716
2017-05-31,3610.211886,2937.375412
2017-06-01,3615.235142,2966.483395
2017-06-02,3603.627907,2945.884319
2017-06-05,3585.271318,2920.773137
2017-06-06,3610.211886,2948.685959
2017-06-07,3652.578811,2988.880721
2017-06-08,3680.599483,3018.299418
2017-06-09,3696.299742,3042.591375
2017-06-12,3694.459948,3060.230186
2017-06-13,3702.604651,3058.617438
2017-06-14,3654.056848,3002.488217
2017-06-15,3647.328165,2980.185555
2017-06-16,3636.961240,2959.450545
2017-06-19,3673.043928,2990.426209
2017-06-20,3665.622739,2979.339134
2017-06-21,3708.485788,3025.814482
2017-06-22,3710.945736,3042.449872
2017-06-23,3744.578811,3069.527187
2017-06-26,3791.307494,3103.488713
2017-06-27,3798.160207,3118.015109
2017-06-28,3768.651163,3092.016071
2017-06-29,3792.072351,3111.212904
2017-06-30,3789.974160,3105.913666
2017-07-03,3773.488372,3073.657634
2017-07-04,3741.581395,3044.077381
2017-07-05,3782.614987,3096.437735
2017-07-06,3783.049096,3100.143844
2017-07-07,3778.739018,3074.900366
2017-07-10,3776.423773,3084.189581
2017-07-11,3794.118863,3119.503840
2017-07-12,3781.726098,3098.363731
2017-07-13,3810.770026,3130.118505
2017-07-14,3827.483204,3152.876938
2017-07-17,3786.625323,3151.132499
2017-07-18,3790.366925,3147.826296
2017-07-19,3855.038760,3179.527899
2017-07-20,3873.777778,3198.752376
2017-07-21,3853.850129,3185.863981
2017-07-24,3869.219638,3199.288873
2017-07-25,3844.506460,3186.625447
2017-07-26,3829.860465,3162.796373
2017-07-27,3836.888889,3157.778936
2017-07-28,3846.914729,3170.393349
2017-07-31,3863.431525,3177.584446
2017-08-01,3897.033592,3214.844991
2017-08-02,3887.183463,3199.906709
2017-08-03,3853.054264,3153.227162
2017-08-04,3832.124031,3137.482341
2017-08-07,3851.979328,3160.638916
2017-08-08,3857.581395,3157.092178
2017-08-09,3856.372093,3170.164691
2017-08-10,3840.744186,3166.949452
2017-08-11,3769.870801,3109.757229
2017-08-14,3818.790698,3150.480742
2017-08-15,3830.552972,3161.756513
2017-08-16,3825.757106,3148.027689
2017-08-17,3846.284238,3153.099128
2017-08-18,3849.788114,3157.278923
2017-08-21,3866.656331,3175.346855
2017-08-22,3878.346253,3202.676866
2017-08-23,3882.263566,3214.994974
2017-08-24,3860.103359,3202.361812
2017-08-25,3923.255814,3250.999651
2017-08-28,3971.793282,3269.935292
2017-08-29,3963.348837,3263.036306
2017-08-30,3963.100775,3259.501906
2017-08-31,3950.480620,3237.867228
2017-09-01,3959.214470,3234.659359
2017-09-04,3974.801034,3249.916957
2017-09-05,3986.614987,3252.868290
2017-09-06,3978.759690,3237.354931
2017-09-07,3958.521964,3213.014211
2017-09-08,3954.511628,3203.512245
2017-09-11,3954.160207,3192.060329
2017-09-12,3966.852713,3217.443519
2017-09-13,3971.689922,3225.880664
2017-09-14,3958.614987,3205.980353
2017-09-15,3960.000000,3205.759727
2017-09-18,3972.237726,3207.255080
2017-09-19,3960.847545,3206.761314
2017-09-20,3971.514212,3204.231665
2017-09-21,3966.739018,3222.759248
2017-09-22,3966.645995,3229.932280
2017-09-25,3946.036176,3241.467461
2017-09-26,3949.126615,3245.208629
2017-09-27,3949.560724,3240.963242
2017-09-28,3950.945736,3251.213584
2017-09-29,3965.374677,3252.482847
2017-10-09,4012.620155,3290.623481
2017-10-10,4020.527132,3292.870805
2017-10-11,4033.788114,3319.245900
2017-10-12,4044.392765,3337.661507
2017-10-13,4052.713178,3344.763423
2017-10-16,4044.909561,3360.733556
2017-10-17,4044.516796,3361.310340
2017-10-18,4076.651163,3401.229041
2017-10-19,4063.307494,3418.383995
2017-10-20,4058.759690,3392.985910
2017-10-23,4062.842377,3392.047291
2017-10-24,4092.403101,3414.790302
2017-10-25,4110.542636,3432.604512
2017-10-26,4127.731266,3459.036807
2017-10-27,4157.074935,3531.940372
2017-10-30,4144.413437,3532.285733
2017-10-31,4141.312661,3525.979499
2017-11-01,4130.873385,3524.958022
2017-11-02,4131.400517,3528.033921
2017-11-03,4126.821705,3540.841271
2017-11-06,4155.958656,3573.960348
2017-11-07,4190.439276,3594.947405
2017-11-08,4183.989664,3575.651396
2017-11-09,4212.816537,3610.628693
2017-11-10,4250.036176,3652.576411
2017-11-13,4266.739018,3687.473026
2017-11-14,4237.054264,3663.171514
2017-11-15,4210.511628,3650.515048
2017-11-16,4242.904393,3703.386706
2017-11-17,4259.276486,3723.019114
2017-11-20,4283.028424,3749.225814
2017-11-21,4359.379845,3793.558896
2017-11-22,4369.581395,3795.891684
2017-11-23,4240.206718,3674.191675
2017-11-24,4242.067183,3660.930807
2017-11-27,4185.994832,3604.168256
2017-11-28,4192.062016,3618.941390
2017-11-29,4189.922481,3613.268525
2017-11-30,4140.671835,3568.401685
2017-12-01,4132.444444,3541.626344
2017-12-04,4153.860465,3580.966876
2017-12-05,4175.886305,3615.169635
2017-12-06,4150.718346,3573.679391
2017-12-07,4104.454780,3517.763113
2017-12-08,4137.860465,3560.176540
2017-12-11,4206.201550,3632.228638
2017-12-12,4150.925065,3587.742522
2017-12-13,4186.139535,3626.153387
2017-12-14,4161.395349,3604.960426
2017-12-15,4114.583979,3555.825652
2017-12-18,4119.162791,3588.521974
2017-12-19,4170.883721,3640.672243
2017-12-20,4165.881137,3653.400969
2017-12-21,4204.496124,3685.737001
2017-12-22,4190.801034,3674.056275
2017-12-25,4177.302326,3678.270494
2017-12-26,4189.788114,3684.800898
2017-12-27,4125.281654,3611.173525
2017-12-28,4153.901809,3670.187481
2017-12-29,4166.253230,3665.157198
2018-01-02,4224.702842,3723.171685
2018-01-03,4249.498708,3733.255277
2018-01-04,4267.503876,3761.554601
2018-01-05,4277.777778,3774.672859
2018-01-08,4299.906977,3788.794665
2018-01-09,4330.025840,3840.206633
2018-01-10,4349.157623,3874.824944
2018-01-11,4346.863049,3874.727429
2018-01-12,4366.925065,3921.665821
2018-01-15,4367.173127,3957.399912
2018-01-16,4401.519380,3960.759154
2018-01-17,4390.821705,3932.017759
2018-01-18,4414.904393,3984.740025
2018-01-19,4429.354005,3999.942163
2018-01-22,4482.273902,4061.978846
2018-01-23,4529.829457,4110.580729
2018-01-24,4537.354005,4079.492458
2018-01-25,4511.710594,4068.556649
2018-01-26,4528.475452,4092.657901
2018-01-29,4446.532300,4017.428923
2018-01-30,4399.069767,3973.791210
2018-01-31,4419.534884,4035.718012
2018-02-01,4388.527132,4044.241521
2018-02-02,4414.708010,4079.627426
2018-02-05,4417.726098,4086.834273
2018-02-06,4288.258398,3990.504738
2018-02-07,4186.563307,3844.652361
2018-02-08,4146.821705,3778.537956
2018-02-09,3969.664083,3637.109242
2018-02-12,4020.775194,3670.522694
2018-02-13,4067.834625,3735.216596
2018-02-14,4100.217054,3778.033518
2018-02-22,4188.868217,3867.802557
2018-02-23,4207.844961,3888.925917
2018-02-26,4256.764858,3922.058910
2018-02-27,4195.328165,3833.746830
2018-02-28,4158.801034,3777.471998
2018-03-01,4185.105943,3803.919285
2018-03-02,4151.379845,3762.438391
2018-03-05,4153.074935,3747.651586
2018-03-06,4203.162791,3776.477040
2018-03-07,4172.248062,3756.282696
2018-03-08,4214.573643,3790.103309
2018-03-09,4246.894057,3810.283376
2018-03-12,4266.325581,3819.898584
2018-03-13,4228.682171,3793.217049
2018-03-14,4210.170543,3789.460567
2018-03-15,4233.757106,3836.435356
2018-03-16,4192.682171,3793.147145
2018-03-19,4211.111111,3824.290019
2018-03-20,4214.677003,3829.234437
2018-03-21,4197.467700,3817.860742
2018-03-22,4155.400517,3764.073588
2018-03-23,4036.113695,3678.279320
2018-03-26,4010.222222,3613.840987
2018-03-27,4044.723514,3619.584965
2018-03-28,3971.803618,3537.081392
2018-03-29,4024.857881,3602.821857
2018-03-30,4029.457364,3588.482034
2018-04-02,4017.488372,3551.650833
2018-04-03,3992.227390,3542.228260
2018-04-04,3984.351421,3547.620408
2018-04-09,3982.356589,3536.994522
2018-04-10,4059.090439,3638.090269
2018-04-11,4070.635659,3655.627636
2018-04-12,4029.602067,3601.627577
2018-04-13,4001.178295,3566.505440
2018-04-16,3936.806202,3485.281365
2018-04-17,3874.563307,3418.692801
2018-04-18,3892.795866,3429.525100
2018-04-19,3939.886305,3492.887541
2018-04-20,3887.183463,3469.103314
2018-04-23,3892.847545,3495.116459
2018-04-24,3972.599483,3567.622965
2018-04-25,3957.312661,3550.167001
2018-04-26,3881.643411,3467.967842
2018-04-27,3883.080103,3453.120516
2018-05-02,3890.077519,3479.067628
2018-05-03,3920.413437,3498.949713
2018-05-04,3901.395349,3474.085468
2018-05-07,3962.987080,3540.133584
2018-05-08,4008.971576,3592.768186
2018-05-09,4001.674419,3589.378702
2018-05-10,4023.834625,3618.339866
2018-05-11,4002.935401,3612.286975
2018-05-14,4040.609819,3671.774820
2018-05-15,4055.917313,3677.750334
2018-05-16,4023.607235,3639.726683
2018-05-17,3993.850129,3604.527267
2018-05-18,4034.170543,3646.733786
2018-05-21,4052.961240,3652.041876
2018-05-22,4037.426357,3633.814691
2018-05-23,3984.062016,3574.490129
2018-05-24,3955.782946,3535.056459
2018-05-25,3944.702842,3525.277889
2018-05-28,3962.025840,3563.054052
2018-05-29,3931.793282,3535.998229
2018-05-30,3848.444444,3479.023802
2018-05-31,3930.108527,3569.271147
2018-06-01,3897.250646,3538.045134
2018-06-04,3935.483204,3613.407164
2018-06-05,3974.490956,3656.840643
2018-06-06,3966.253230,3642.845961
2018-06-07,3959.700258,3639.490048
2018-06-08,3906.583979,3596.894778
2018-06-11,3906.956072,3610.367785
2018-06-12,3954.470284,3667.748358
2018-06-13,3915.596899,3643.426634
2018-06-14,3900.124031,3623.434695
2018-06-15,3879.514212,3625.814960
2018-06-19,3742.759690,3542.176897
2018-06-20,3757.560724,3567.509349
2018-06-21,3713.664083,3551.475012
2018-06-22,3730.129199,3559.786312
2018-06-25,3680.082687,3513.799291
2018-06-26,3649.726098,3459.735759
2018-06-27,3575.462532,3355.899707
2018-06-28,3538.532300,3293.839395
2018-06-29,3628.919897,3391.198253
2018-07-02,3522.439276,3270.517726
2018-07-03,3523.803618,3245.239377
2018-07-04,3476.744186,3203.683628
2018-07-05,3454.718346,3216.406319
2018-07-06,3478.160207,3248.486032
2018-07-09,3575.379845,3368.254904
2018-07-10,3584.000000,3373.442764
2018-07-11,3521.994832,3332.153670
2018-07-12,3597.994832,3402.391291
2018-07-13,3610.015504,3397.765257
2018-07-16,3588.723514,3367.294185
2018-07-17,3565.250646,3337.423081
2018-07-18,3546.583979,3317.125848
2018-07-19,3543.503876,3313.812940
2018-07-20,3610.222222,3389.948345
2018-07-23,3644.186047,3404.660806
2018-07-24,3702.025840,3450.745317
2018-07-25,3697.932817,3451.529433
2018-07-26,3655.038760,3406.012570
2018-07-27,3639.514212,3393.773891
2018-07-30,3633.157623,3387.403013
2018-07-31,3635.824289,3394.544649
2018-08-01,3563.193798,3319.629302
2018-08-02,3484.196382,3236.082322
2018-08-03,3426.645995,3176.902444
2018-08-06,3383.224806,3146.362123
2018-08-07,3482.036176,3232.480429
2018-08-08,3425.850129,3174.785472
2018-08-09,3511.658915,3267.103690
2018-08-10,3519.400517,3269.218797
2018-08-13,3504.227390,3236.467776
2018-08-14,3486.211886,3218.375005
2018-08-15,3402.563307,3132.701401
2018-08-16,3386.801034,3119.028102
2018-08-17,3338.108527,3074.535574
2018-08-20,3377.002584,3118.929760
2018-08-21,3438.397933,3195.859796
2018-08-22,3419.069767,3180.147500
2018-08-23,3431.555556,3188.929401
2018-08-24,3437.033592,3191.260699
2018-08-27,3521.002584,3282.468146
2018-08-28,3514.387597,3269.950979
2018-08-29,3500.330749,3264.385483
2018-08-30,3463.658915,3231.830161
2018-08-31,3446.511628,3207.812496
2018-09-03,3433.405685,3196.487095
2018-09-04,3476.899225,3235.690170
2018-09-05,3408.930233,3164.348376
2018-09-06,3372.485788,3114.462430
2018-09-07,3387.741602,3144.834788
2018-09-10,3338.573643,3113.438109
2018-09-11,3332.516796,3106.937986
2018-09-12,3309.581395,3057.998936
2018-09-13,3345.291990,3089.050958
2018-09-14,3350.997416,3111.143409
2018-09-17,3312.578811,3082.861837
2018-09-18,3379.255814,3139.913671
2018-09-19,3423.751938,3190.587918
2018-09-20,3421.322997,3193.210436
2018-09-21,3525.054264,3329.357761
2018-09-25,3493.333333,3304.399196
2018-09-26,3532.031008,3368.472834
2018-09-27,3517.922481,3364.691407
2018-09-28,3554.377261,3396.620703
2018-10-08,3401.447028,3214.632836
2018-10-09,3399.162791,3212.110409
2018-10-10,3391.834625,3179.880499
2018-10-11,3229.054264,3054.154671
2018-10-12,3277.240310,3137.437523
2018-10-15,3231.472868,3095.040240
2018-10-16,3205.136951,3075.568840
2018-10-17,3222.997416,3068.132502
2018-10-18,3146.656331,2982.984283
2018-10-19,3240.258398,3085.443375
2018-10-22,3380.124031,3225.012454
2018-10-23,3290.366925,3103.353854
2018-10-24,3295.297158,3066.639438
2018-10-25,3301.612403,3033.370428
2018-10-26,3280.248062,2993.634162
2018-10-29,3180.248062,2822.315391
2018-10-30,3214.739018,2838.772856
2018-10-31,3259.762274,2929.036893
2018-11-01,3283.751938,2975.418002
2018-11-02,3400.775194,3137.655948
2018-11-05,3372.444444,3086.172574
2018-11-06,3352.093023,3060.672320
2018-11-07,3330.139535,3051.859030
2018-11-08,3320.692506,3052.003410
2018-11-09,3273.839793,3005.411273
2018-11-12,3312.806202,3023.387291
2018-11-13,3346.129199,3056.975046
2018-11-14,3312.599483,3010.587878
2018-11-15,3351.286822,3038.339259
2018-11-16,3367.100775,3036.854346
2018-11-19,3405.271318,3070.472396
2018-11-20,3326.521964,2999.273717
2018-11-21,3334.873385,3018.515171
2018-11-22,3322.408269,3007.029511
2018-11-23,3249.074935,2957.570990
2018-11-26,3246.759690,2956.534288
2018-11-27,3242.625323,2943.027142
2018-11-28,3285.715762,2988.641945
2018-11-29,3243.049096,2959.104422
2018-11-30,3279.266150,3002.773733
2018-12-03,3370.490956,3119.621680
2018-12-04,3377.478036,3121.933646
2018-12-05,3361.240310,3115.915547
2018-12-06,3288.547804,3021.872602
2018-12-07,3288.434109,2991.500240
2018-12-10,3250.397933,2950.760210
2018-12-11,3265.963824,2978.433948
2018-12-12,3277.116279,2990.121369
2018-12-13,3327.844961,3056.039257
2018-12-14,3272.258398,3007.673818
2018-12-17,3267.390181,2986.043251
2018-12-18,3233.519380,2956.435259
2018-12-19,3194.966408,2902.546650
2018-12-20,3170.459948,2872.869334
2018-12-21,3131.162791,2825.758800
2018-12-24,3140.258398,2854.040562
2018-12-25,3118.635659,2845.411557
2018-12-26,3102.873385,2823.778744
2018-12-27,3090.966408,2821.017279
2018-12-28,3111.782946,2849.635453
2019-01-02,3069.291990,2805.616228
2019-01-03,3064.434109,2770.317924
2019-01-04,3137.850129,2830.155520
2019-01-07,3156.899225,2844.680923
2019-01-08,3150.077519,2842.616832
2019-01-09,3181.891473,2897.438612
2019-01-10,3175.906977,2900.370645
2019-01-11,3198.739018,2925.509611
2019-01-14,3170.832041,2883.980580
2019-01-15,3233.064599,2985.094260
2019-01-16,3233.746770,2996.917827
2019-01-17,3215.937984,2984.116898
2019-01-18,3274.594315,3047.221583
2019-01-21,3292.651163,3071.134080
2019-01-22,3248.909561,3019.732906
2019-01-23,3246.563307,3019.559664
2019-01-24,3264.888889,3042.412499
2019-01-25,3291.441860,3067.867136
2019-01-28,3290.728682,3061.146778
2019-01-29,3301.260982,3086.970618
2019-01-30,3274.914729,3057.400601
2019-01-31,3309.178295,3103.499676
2019-02-01,3356.485788,3154.652797
2019-02-11,3417.540052,3242.101730
2019-02-12,3442.211886,3262.510521
2019-02-13,3511.142119,3321.283870
2019-02-14,3516.423773,3342.609617
2019-02-15,3450.852713,3260.168090
2019-02-18,3561.488372,3367.827375
2019-02-19,3555.152455,3350.493219
2019-02-20,3567.886305,3346.904204
2019-02-21,3558.356589,3338.310997
2019-02-22,3638.366925,3381.463887
2019-02-25,3854.759690,3532.298216
2019-02-26,3808.465116,3470.155503
2019-02-27,3801.953488,3466.721535
2019-02-28,3792.630491,3506.505420
2019-03-01,3875.669251,3589.785418
2019-03-04,3921.550388,3619.188602
2019-03-05,3944.196382,3616.237322
2019-03-06,3977.354005,3608.450401
2019-03-07,3936.795866,3532.575366
2019-03-08,3780.444444,3445.421974
2019-03-11,3855.245478,3508.833044
2019-03-12,3881.498708,3509.772984
2019-03-13,3849.291990,3500.283044
2019-03-14,3822.728682,3522.724275
2019-03-15,3870.811370,3578.087433
2019-03-18,3981.136951,3701.897785
2019-03-19,3962.749354,3675.061153
2019-03-20,3964.279070,3672.085053
2019-03-21,3965.777778,3674.296095
2019-03-22,3962.583979,3683.607507
2019-03-25,3868.558140,3603.627800
2019-03-26,3824.744186,3594.480715
2019-03-27,3869.136951,3661.828286
2019-03-28,3853.643411,3687.369022
2019-03-29,4002.418605,3825.317482
2019-04-01,4107.421189,3902.224147
2019-04-02,4104.692506,3886.521727
2019-04-03,4157.271318,3913.861522
2019-04-04,4198.687339,3947.105563
2019-04-08,4193.519380,3955.737156
2019-04-09,4212.330749,3950.238730
2019-04-10,4223.100775,3978.456970
2019-04-11,4131.865633,3894.232915
2019-04-12,4122.604651,3892.861770
2019-04-15,4109.064599,3858.573576
2019-04-16,4223.038760,3948.222267
2019-04-17,4224.537468,3957.888070
2019-04-18,4208.868217,3943.897322
2019-04-19,4259.028424,3970.851940
2019-04-22,4160.837209,3907.883913
2019-04-23,4154.015504,3925.705575
2019-04-24,4165.467700,3948.122353
2019-04-25,4074.232558,3908.284531
2019-04-26,4019.917313,3835.216263
2019-04-29,4031.348837,3892.321102
2019-04-30,4044.661499,3902.919650
2019-05-06,3808.392765,3725.544593
2019-05-07,3845.653747,3787.379266
2019-05-08,3790.656331,3713.824446
2019-05-09,3720.620155,3649.695293
2019-05-10,3855.762274,3794.567101
2019-05-13,3791.968992,3750.970848
2019-05-14,3767.596899,3715.378676
2019-05-15,3852.289406,3825.371634
2019-05-16,3869.726098,3839.372485
2019-05-17,3771.328165,3754.504451
2019-05-20,3739.317829,3703.317896
2019-05-21,3789.953488,3755.976487
2019-05-22,3771.968992,3754.683651
2019-05-23,3704.351421,3683.301044
2019-05-24,3714.635659,3693.891148
2019-05-27,3759.379845,3742.119887
2019-05-28,3795.617571,3817.445510
2019-05-29,3786.987080,3798.029410
2019-05-30,3763.493540,3800.295895
2019-05-31,3751.720930,3811.171494
2019-06-03,3754.015504,3816.797436
2019-06-04,3719.348837,3764.374643
2019-06-05,3717.943152,3735.718631
2019-06-06,3684.423773,3698.539145
2019-06-10,3732.031008,3763.151817
2019-06-11,3844.217054,3879.817075
2019-06-12,3815.090439,3859.691679
2019-06-13,3809.188630,3864.333707
2019-06-14,3777.653747,3845.017973
2019-06-17,3777.591731,3843.749493
2019-06-18,3790.821705,3864.505753
2019-06-19,3840.764858,3917.961286
2019-06-20,3957.126615,4031.341763
2019-06-21,3962.728682,4025.801829
2019-06-24,3970.304910,4039.721791
2019-06-25,3929.002584,4007.243084
2019-06-26,3921.788114,4001.992658
2019-06-27,3963.638243,4050.749757
2019-06-28,3954.098191,4040.416281
2019-07-01,4068.020672,4153.727249
2019-07-02,4069.426357,4152.813103
2019-07-03,4024.320413,4083.651020
2019-07-04,4003.204134,4025.833625
2019-07-05,4023.979328,4084.410161
2019-07-08,3930.532300,3996.818631
2019-07-09,3920.547804,3991.299368
2019-07-10,3913.943152,3994.956912
2019-07-11,3912.372093,3990.250172
2019-07-12,3936.671835,4001.281286
2019-07-15,3952.651163,4026.932646
2019-07-16,3934.718346,3996.179060
2019-07-17,3932.444444,3990.341628
2019-07-18,3894.987080,3960.253474
2019-07-19,3935.875969,3999.433870
2019-07-22,3908.713178,3993.543466
2019-07-23,3917.219638,4002.507333
2019-07-24,3948.144703,4022.915462
2019-07-25,3980.434109,4065.405441
2019-07-26,3988.186047,4087.917051
2019-07-29,3983.741602,4098.999829
2019-07-30,4000.330749,4095.020013
2019-07-31,3964.196382,4081.099362
2019-08-01,3931.235142,4047.086795
2019-08-02,3873.322997,4022.232152
2019-08-05,3799.162791,3941.025281
2019-08-06,3758.480620,3927.690007
2019-08-07,3743.080103,3936.186399
2019-08-08,3792.547804,4005.417178
2019-08-09,3755.586563,3970.555283
2019-08-12,3823.359173,4031.760828
2019-08-13,3788.888889,4014.576583
2019-08-14,3806.098191,4045.183289
2019-08-15,3818.087855,4060.051510
2019-08-16,3835.183463,4106.965977
2019-08-19,3918.439276,4162.355009
2019-08-20,3914.966408,4164.679310
2019-08-21,3908.795866,4151.033433
2019-08-22,3920.940568,4190.076241
2019-08-23,3949.209302,4257.052739
2019-08-26,3892.413437,4209.062182
2019-08-27,3945.167959,4261.910089
2019-08-28,3930.315245,4246.632385
2019-08-29,3917.509044,4239.327593
2019-08-30,3927.224806,4289.524824
2019-09-02,3977.591731,4328.562929
2019-09-03,3983.059432,4327.942964
2019-09-04,4016.537468,4328.650348
2019-09-05,4057.178295,4370.757007
2019-09-06,4081.147287,4385.431266
2019-09-09,4106.408269,4394.505334
2019-09-10,4092.268734,4373.296553
2019-09-11,4062.118863,4300.391135
2019-09-12,4105.819121,4339.614829
2019-09-16,4090.666667,4346.077241
2019-09-17,4021.932817,4284.439818
2019-09-18,4041.426357,4347.130777
2019-09-19,4056.206718,4346.646637
2019-09-20,4067.855297,4366.099401
2019-09-23,4021.354005,4312.158360
2019-09-24,4032.124031,4324.478343
2019-09-25,4001.012920,4306.039823
2019-09-26,3970.170543,4257.556400
2019-09-27,3982.067183,4288.341212
2019-09-30,3942.666667,4229.269595
2019-10-08,3966.594315,4275.836800
2019-10-09,3972.341085,4289.165792
2019-10-10,4004.795866,4325.868205
2019-10-11,4043.131783,4378.722235
2019-10-14,4086.036176,4411.311416
2019-10-15,4068.475452,4404.821863
2019-10-16,4054.459948,4366.419074
2019-10-17,4057.074935,4381.581363
2019-10-18,3999.359173,4321.004443
2019-10-21,4011.204134,4353.307632
2019-10-22,4026.749354,4365.131319
2019-10-23,4001.116279,4341.121334
2019-10-24,4000.692506,4330.036730
2019-10-25,4027.689922,4392.930525
2019-10-28,4058.490956,4424.757391
2019-10-29,4041.581395,4420.861336
2019-10-30,4021.943152,4416.062691
2019-10-31,4017.312661,4403.722993
2019-11-01,4085.157623,4467.351444
2019-11-04,4111.751938,4513.826888
2019-11-05,4137.271318,4552.539841
2019-11-06,4118.739018,4523.130973
2019-11-07,4125.963824,4526.451784
2019-11-08,4106.470284,4495.674983
2019-11-11,4034.087855,4449.457555
2019-11-12,4034.821705,4453.488475
2019-11-13,4030.987080,4456.942894
2019-11-14,4037.064599,4451.422808
2019-11-15,4007.328165,4418.997373
2019-11-18,4039.204134,4462.112579
2019-11-19,4079.627907,4489.818715
2019-11-20,4039.131783,4440.173227
2019-11-21,4020.258398,4412.864248
2019-11-22,3979.317829,4339.836590
2019-11-25,4008.485788,4346.872966
2019-11-26,4022.377261,4360.406904
2019-11-27,4005.808786,4356.693970
2019-11-28,3992.041344,4340.863876
2019-11-29,3957.281654,4276.338161
2019-12-02,3964.919897,4293.679498
2019-12-03,3980.454780,4304.046325
2019-12-04,3979.142119,4305.673623
2019-12-05,4009.674419,4349.683385
2019-12-06,4033.478036,4382.747781
2019-12-09,4026.304910,4356.535773
2019-12-10,4031.400517,4348.303839
2019-12-11,4033.850129,4354.389740
2019-12-12,4021.726098,4335.419118
2019-12-13,4101.519380,4437.766341
2019-12-16,4121.498708,4433.561619
2019-12-17,4177.571059,4488.032867
2019-12-18,4168.248062,4476.181088
2019-12-19,4162.428941,4458.607314
2019-12-20,4152.196382,4446.122680
2019-12-23,4100.361757,4388.066910
2019-12-24,4127.090439,4406.561210
2019-12-25,4124.930233,4399.130788
2019-12-26,4161.229974,4429.332093
2019-12-27,4157.136951,4443.761851
2019-12-30,4218.739018,4525.190864
2019-12-31,4234.191214,4545.418073
2020-01-02,4291.720930,4596.981891
2020-01-03,4284.196382,4581.968146
2020-01-06,4268.010336,4572.924794
2020-01-07,4299.979328,4616.526323
2020-01-08,4250.459948,4550.219884
2020-01-09,4304.258398,4602.450966
2020-01-10,4303.028424,4606.198658
2020-01-13,4345.209302,4671.953369
2020-01-14,4330.635659,4630.592014
2020-01-15,4306.697674,4616.909821
2020-01-16,4288.413437,4596.822241
2020-01-17,4294.418605,4594.419729
2020-01-20,4326.439276,4636.857350
2020-01-21,4252.516796,4549.063360
2020-01-22,4270.728682,4569.467437
2020-01-23,4138.397933,4421.120941
2020-02-03,3812.258398,4076.160458
2020-02-04,3912.806202,4212.521432
2020-02-05,3957.136951,4245.253294
2020-02-06,4030.780362,4328.527276
2020-02-07,4030.873385,4327.570271
2020-02-10,4047.555556,4362.049725
2020-02-11,4085.229974,4414.210952
2020-02-12,4118.273902,4435.768025
2020-02-13,4092.940568,4409.992566
2020-02-14,4121.684755,4449.960619
2020-02-17,4214.387597,4542.590020
2020-02-18,4193.808786,4512.977947
2020-02-19,4187.400517,4533.430205
2020-02-20,4283.886305,4646.341010
2020-02-21,4288.878553,4644.958119
2020-02-24,4271.669251,4614.435705
2020-02-25,4262.377261,4605.639462
2020-02-26,4209.839793,4557.174451
2020-02-27,4222.098191,4597.598681
2020-02-28,4072.403101,4431.882675
2020-03-02,4206.377261,4575.716966
2020-03-03,4228.795866,4601.295486
2020-03-04,4253.281654,4632.061668
2020-03-05,4348.041344,4769.834374
2020-03-06,4277.529716,4684.885566
2020-03-09,4131.400517,4534.380150
2020-03-10,4219.875969,4626.379376
2020-03-11,4163.751938,4580.055558
2020-03-12,4083.627907,4478.377341
2020-03-13,4026.160207,4405.835436
2020-03-16,3853.064599,4182.762016
2020-03-17,3834.294574,4137.559181
2020-03-18,3758.408269,4045.538095
2020-03-19,3709.653747,3971.474960
2020-03-20,3775.937984,4076.890736
2020-03-23,3648.899225,3920.505503
2020-03-24,3746.883721,4044.629455
2020-03-25,3847.565891,4204.009368
2020-03-26,3822.273902,4180.952857
2020-03-27,3834.687339,4189.583977
2020-03-30,3797.529716,4146.745047
2020-03-31,3809.984496,4205.195513
2020-04-01,3798.532300,4201.510308
2020-04-02,3859.979328,4325.679144
2020-04-03,3837.953488,4312.631851
2020-04-07,3925.602067,4451.772288
2020-04-08,3907.328165,4425.402529
2020-04-09,3920.217054,4433.011495
2020-04-10,3895.793282,4396.171357
2020-04-13,3879.338501,4356.436235
2020-04-14,3954.211886,4468.102445
2020-04-15,3924.919897,4450.296712
2020-04-16,3930.108527,4448.408506
2020-04-17,3968.465116,4526.837965
2020-04-20,3982.904393,4551.098547
2020-04-21,3935.968992,4484.659347
2020-04-22,3968.351421,4551.512921
2020-04-23,3958.397933,4531.496062
2020-04-24,3924.516796,4493.974841
2020-04-27,3951.183463,4536.917101
2020-04-28,3978.449612,4647.090609
2020-04-29,3996.930233,4616.678313
2020-04-30,4044.010336,4677.558862
2020-05-06,4068.475452,4751.741350
2020-05-07,4056.733850,4774.564980
2020-05-08,4096.764858,4799.725667
2020-05-11,4093.209302,4774.485394
2020-05-12,4093.271318,4814.791239
2020-05-13,4101.550388,4856.980910
2020-05-14,4057.074935,4812.285747
2020-05-15,4044.258398,4800.333368
2020-05-18,4054.687339,4800.414936
2020-05-19,4089.147287,4859.229892
2020-05-20,4067.410853,4826.409910
2020-05-21,4045.260982,4821.716819
2020-05-22,3952.516796,4677.048618
2020-05-25,3957.953488,4697.480141
2020-05-26,4002.863049,4765.488480
2020-05-27,3974.790698,4687.735579
2020-05-28,3986.180879,4690.303351
2020-05-29,3996.919897,4735.746283
2020-06-01,4104.744186,4920.442756
2020-06-02,4117.385013,4924.709969
2020-06-03,4117.467700,4941.876616
2020-06-04,4115.958656,4955.365712
2020-06-05,4135.658915,5012.480371
2020-06-08,4157.054264,4996.058011
2020-06-09,4182.976744,5040.406623
2020-06-10,4175.410853,5090.588609
2020-06-11,4130.108527,5040.969636
2020-06-12,4137.550388,5063.061077
2020-06-15,4087.844961,4973.003810
2020-06-16,4149.426357,5059.004627
2020-06-17,4152.547804,5076.302356
2020-06-18,4180.237726,5149.146834
2020-06-19,4236.392765,5260.704435
2020-06-22,4239.844961,5276.104898
2020-06-23,4260.248062,5353.160971
2020-06-24,4278.025840,5371.480256
2020-06-29,4247.772610,5347.651133
2020-06-30,4303.834625,5459.317703
2020-07-01,4390.470284,5559.046975
2020-07-02,4481.488372,5624.514789
2020-07-03,4568.062016,5647.788038
2020-07-06,4826.966408,5855.734215
2020-07-07,4855.948320,6023.325748
2020-07-08,4934.366925,6094.406467
2020-07-09,5003.379845,6187.267734
2020-07-10,4912.795866,6159.939878
2020-07-13,5015.979328,6361.757786
2020-07-14,4968.155039,6314.653938
2020-07-15,4903.844961,6283.933794
2020-07-16,4667.958656,5875.069616
2020-07-17,4697.364341,5977.830848
2020-07-20,4837.519380,6057.943155
2020-07-21,4848.620155,6120.013981
2020-07-22,4872.816537,6163.471035
2020-07-23,4870.739018,6169.475755
2020-07-24,4656.940568,5858.667793
2020-07-27,4680.568475,5899.283642
2020-07-28,4721.715762,6030.461957
2020-07-29,4836.186047,6170.809517
2020-07-30,4812.558140,6141.264832
2020-07-31,4852.764858,6210.370817
2020-08-03,4931.586563,6262.795770
2020-08-04,4936.227390,6246.830791
2020-08-05,4937.581395,6268.185979
2020-08-06,4922.749354,6174.048404
2020-08-07,4866.077519,6073.325765
2020-08-10,4883.586563,6061.182714
2020-08-11,4839.049096,6041.830106
2020-08-12,4803.762274,6011.306252
2020-08-13,4791.431525,5969.497011
2020-08-14,4862.666667,6082.371556
2020-08-17,4976.981912,6202.642984
2020-08-18,4974.428941,6214.381398
2020-08-19,4899.927649,6129.844277
2020-08-20,4836.330749,6069.894988
2020-08-21,4877.354005,6148.174896
2020-08-24,4915.607235,6277.020712
2020-08-25,4921.912145,6361.578741
2020-08-26,4864.217054,6319.625025
2020-08-27,4890.284238,6385.011243
2020-08-28,5006.997416,6499.791962
2020-08-31,4978.005168,6462.912573
2020-09-01,5004.775194,6506.925683
2020-09-02,5006.604651,6534.460137
2020-09-03,4978.914729,6486.321802
2020-09-04,4930.459948,6380.941835
2020-09-07,4826.222222,6175.235363
2020-09-08,4852.082687,6176.904100
2020-09-09,4738.594315,6011.715850
2020-09-10,4735.896641,6064.845243
2020-09-11,4782.718346,6203.864411
2020-09-14,4807.286822,6237.957203
2020-09-15,4845.974160,6250.979701
2020-09-16,4813.808786,6155.277074
2020-09-17,4788.330749,6091.371547
2020-09-18,4896.217054,6216.067908
2020-09-21,4849.023256,6134.722492
2020-09-22,4791.483204,6107.534591
2020-09-23,4808.609819,6218.951177
2020-09-24,4716.351421,6104.252695
2020-09-25,4723.534884,6130.896933
2020-09-28,4735.824289,6154.626073
2020-09-29,4746.046512,6190.973083
2020-09-30,4741.498708,6221.132270
2020-10-09,4838.387597,6404.441607
2020-10-12,4985.178295,6627.167003
2020-10-13,5001.757106,6661.086208
2020-10-14,4968.578811,6582.787356
2020-10-15,4959.937984,6538.263707
2020-10-16,4952.640827,6491.109222
2020-10-19,4915.235142,6387.502125
2020-10-20,4954.490956,6485.538826
2020-10-21,4953.829457,6423.235676
2020-10-22,4938.480620,6361.182246
2020-10-23,4876.992248,6179.545157
2020-10-26,4848.826873,6157.684168
2020-10-27,4857.136951,6249.000633
2020-10-28,4896.403101,6369.536172
2020-10-29,4933.250646,6438.865340
2020-10-30,4853.054264,6312.056446
2020-11-02,4879.410853,6359.923427
2020-11-03,4938.046512,6406.660386
2020-11-04,4975.359173,6467.539484
2020-11-05,5049.209302,6549.393565
2020-11-06,5049.839793,6470.574919
2020-11-09,5148.682171,6625.665857
2020-11-10,5120.289406,6558.064046
2020-11-11,5069.664083,6419.564674
2020-11-12,5073.343669,6452.176278
2020-11-13,5020.000000,6392.303135
2020-11-16,5068.909561,6402.889344
2020-11-17,5059.214470,6312.439896
2020-11-18,5055.989664,6215.967679
2020-11-19,5093.529716,6287.198194
2020-11-20,5109.343669,6312.234401
2020-11-23,5173.157623,6357.820990
2020-11-24,5141.385013,6318.327519
2020-11-25,5075.658915,6184.949164
2020-11-26,5084.847545,6162.993107
2020-11-27,5148.082687,6235.399140
2020-11-30,5126.873385,6225.106817
2020-12-01,5237.312661,6375.971477
2020-12-02,5237.354005,6362.962982
2020-12-03,5226.935401,6431.699334
2020-12-04,5236.093023,6539.803495
2020-12-07,5190.945736,6549.788723
2020-12-08,5178.170543,6564.791414
2020-12-09,5108.733850,6509.976123
2020-12-10,5106.480620,6548.447030
2020-12-11,5053.881137,6500.149472
2020-12-14,5100.609819,6582.101599
2020-12-15,5111.214470,6640.025307
2020-12-16,5120.279070,6684.661948
2020-12-17,5186.025840,6784.885446
2020-12-18,5167.927649,6755.033895
2020-12-21,5216.372093,6887.287996
2020-12-22,5131.545220,6870.321524
2020-12-23,5175.317829,6930.579924
2020-12-24,5167.979328,6932.386438
2020-12-25,5211.379845,7032.094797
2020-12-28,5234.532300,7042.030837
2020-12-29,5212.341085,6993.170526
2020-12-30,5285.488372,7140.813007
2020-12-31,5386.346253,7280.312942
2021-01-04,5444.671835,7381.174258
2021-01-05,5548.837209,7616.671554
2021-01-06,5599.658915,7717.977560
2021-01-07,5698.873385,7916.010925
2021-01-08,5680.031008,7813.626742
2021-01-11,5623.937984,7709.440348
2021-01-12,5784.341085,7930.551531
2021-01-13,5765.343669,7868.497799
2021-01-14,5654.222222,7657.848940
2021-01-15,5641.426357,7563.561450
2021-01-18,5703.896641,7640.090122
2021-01-19,5620.175711,7469.680622
2021-01-20,5660.392765,7619.953233
2021-01-21,5751.906977,7803.918799
2021-01-22,5756.878553,7898.592681
2021-01-25,5814.904393,8009.449378
2021-01-26,5698.160207,7798.513781
2021-01-27,5713.695090,7782.863040
2021-01-28,5557.767442,7544.219595
2021-01-29,5531.741602,7563.676264
2021-02-01,5599.638243,7661.021561
2021-02-02,5685.881137,7881.188180
2021-02-03,5669.457364,7892.160455
2021-02-04,5657.829457,7864.941792
2021-02-05,5667.607235,7940.073075
2021-02-08,5751.483204,8070.646879
2021-02-09,5877.260982,8261.109108
2021-02-10,6002.811370,8594.776238
2021-02-18,5962.149871,8322.081257
2021-02-19,5972.961240,8258.078492
2021-02-22,5785.354005,7778.958443
2021-02-23,5767.100775,7746.866746
2021-02-24,5620.227390,7434.330196
2021-02-25,5653.291990,7402.723319
2021-02-26,5516.031008,7240.350299
2021-03-01,5600.806202,7402.608107
2021-03-02,5529.333333,7294.074277
2021-03-03,5635.359173,7403.673005
2021-03-04,5458.098191,7041.326213
2021-03-05,5439.586563,7068.955409
2021-03-08,5250.666667,6650.755051
2021-03-09,5137.984496,6470.356905
2021-03-10,5171.689922,6613.467928
2021-03-11,5300.485788,6773.010119
2021-03-12,5319.255814,6763.516547
2021-03-15,5204.692506,6463.804743
2021-03-16,5249.984496,6534.828752
2021-03-17,5272.206718,6632.321746
2021-03-18,5314.490956,6738.673461
2021-03-19,5175.286822,6509.828976
2021-03-22,5227.028424,6508.098045
2021-03-23,5177.519380,6408.888202
2021-03-24,5094.253230,6282.296032
2021-03-25,5091.834625,6321.825135
2021-03-26,5207.224806,6552.639640
2021-03-29,5216.413437,6571.466122
2021-03-30,5265.870801,6715.156368
2021-03-31,5217.943152,6587.609617
2021-04-01,5282.459948,6772.316884
2021-04-02,5334.945736,6966.099465
2021-04-06,5313.012920,6912.405783
2021-04-07,5275.183463,6766.866897
2021-04-08,5283.937984,6814.279910
2021-04-09,5204.485788,6611.016700
2021-04-12,5113.953488,6416.159151
2021-04-13,5105.571059,6413.301244
2021-04-14,5147.937984,6524.246804
2021-04-15,5115.214470,6499.144130
2021-04-16,5133.002584,6516.454047
2021-04-19,5257.901809,6725.291212
2021-04-20,5254.129199,6746.800246
2021-04-21,5270.015504,6781.098849
2021-04-22,5260.196382,6749.130627
2021-04-23,5307.958656,6917.826643
2021-04-26,5247.793282,6825.956316
2021-04-27,5261.519380,6906.724851
2021-04-28,5291.204134,7012.546535
2021-04-29,5337.643411,7028.933035
2021-04-30,5295.596899,6995.342503
2021-05-06,5231.131783,6856.121194
2021-05-07,5163.875969,6718.789394
2021-05-10,5160.124031,6710.493249
2021-05-11,5191.793282,6769.988031
2021-05-12,5214.005168,6838.115837
2021-05-13,5160.692506,6768.757789
2021-05-14,5282.263566,6944.915301
2021-05-17,5359.162791,7178.034098
2021-05-18,5361.860465,7188.982919
2021-05-19,5346.015504,7222.528982
2021-05-20,5360.630491,7225.119759
2021-05-21,5306.614987,7155.650833
2021-05-24,5328.775194,7207.563619
2021-05-25,5497.136951,7476.297884
2021-05-26,5499.317829,7443.906219
2021-05-27,5517.550388,7464.667203
2021-05-28,5499.834625,7438.597704
2021-05-31,5510.666667,7485.244447
2021-06-01,5521.116279,7578.731573
2021-06-02,5467.669251,7505.618390
2021-06-03,5431.824289,7447.633777
2021-06-04,5459.720930,7484.179003
2021-06-07,5454.914729,7474.169776
2021-06-08,5407.875969,7347.902236
2021-06-09,5412.351421,7397.789149
2021-06-10,5448.547804,7541.021402
2021-06-11,5400.206718,7496.552122
2021-06-15,5340.113695,7415.276507
2021-06-16,5251.152455,7178.860550
2021-06-17,5273.271318,7245.863438
2021-06-18,5273.870801,7279.356118
2021-06-21,5261.385013,7304.525276
2021-06-22,5294.222222,7355.707761
2021-06-23,5320.299742,7324.767708
2021-06-24,5329.167959,7365.637539
2021-06-25,5415.989664,7533.740243
2021-06-28,5428.175711,7615.336521
2021-06-29,5364.899225,7532.772691
2021-06-30,5399.524548,7570.672322
2021-07-01,5405.333333,7564.037784
2021-07-02,5251.803618,7292.985327
2021-07-05,5256.630491,7307.876335
2021-07-06,5253.850129,7266.829196
2021-07-07,5313.167959,7429.331946
2021-07-08,5259.183463,7341.272908
2021-07-09,5239.731266,7294.690653
2021-07-12,5305.126615,7448.809817
2021-07-13,5314.832041,7507.432077
2021-07-14,5253.829457,7444.603304
2021-07-15,5324.506460,7563.774106
2021-07-16,5265.912145,7422.960057
2021-07-19,5285.260982,7494.575391
2021-07-20,5280.609819,7510.212187
2021-07-21,5316.837209,7599.191812
2021-07-22,5324.806202,7589.608794
2021-07-23,5260.186047,7485.692588
2021-07-26,5090.749354,7152.144414
2021-07-27,4910.914729,6833.475443
2021-07-28,4920.392765,6870.275964
2021-07-29,5013.198966,7061.243549
2021-07-30,4972.785530,6882.655239
2021-08-02,5099.472868,7185.623603
2021-08-03,5100.217054,7239.434031
2021-08-04,5146.098191,7348.797014
2021-08-05,5114.904393,7292.345344
2021-08-06,5086.883721,7251.365606
2021-08-09,5153.033592,7285.841400
2021-08-10,5212.558140,7409.741081
2021-08-11,5183.813953,7296.082095
2021-08-12,5140.413437,7212.950830
2021-08-13,5112.124031,7208.102937
2021-08-16,5107.049096,7175.130545
2021-08-17,4999.896641,6957.834104
2021-08-18,5058.645995,6940.736859
2021-08-19,5025.467700,6911.013039
2021-08-20,4929.478036,6666.174153
2021-08-23,4998.325581,6792.802938
2021-08-24,5052.599483,6933.655532
2021-08-25,5062.697674,7013.457892
2021-08-26,4962.904393,6828.067553
2021-08-27,4989.188630,6887.737645
2021-08-30,4974.956072,6964.871420
2021-08-31,4967.038760,6818.958652
2021-09-01,5033.033592,6829.754578
2021-09-02,5032.981912,6772.160050
2021-09-03,5005.746770,6709.291692
2021-09-06,5099.462532,6901.420460
2021-09-07,5160.547804,6964.009382
2021-09-08,5139.152455,6882.886551
2021-09-09,5136.961240,6889.980936
2021-09-10,5181.932817,6954.702744
2021-09-13,5159.338501,6892.025277
2021-09-14,5082.335917,6877.616009
2021-09-15,5030.821705,6776.203998
2021-09-16,4969.198966,6687.287285
2021-09-17,5019.059432,6792.380303
2021-09-22,4983.741602,6747.924417
2021-09-23,5016.227390,6749.937070
2021-09-24,5012.330749,6749.692082
2021-09-27,5041.209302,6694.237252
2021-09-28,5047.886305,6600.801859
2021-09-29,4996.310078,6468.714555
2021-09-30,5029.850129,6630.312354
2021-10-08,5095.545220,6609.719497
2021-10-11,5102.005168,6593.925767
2021-10-12,5047.896641,6519.836753
2021-10-13,5106.056848,6738.152707
2021-10-14,5078.666667,6768.970350
2021-10-15,5097.788114,6848.346223
2021-10-18,5038.532300,6867.441913
2021-10-19,5088.082687,6903.759421
2021-10-20,5075.121447,6940.534180
2021-10-21,5093.560724,6888.490582
2021-10-22,5126.335917,6872.853016
2021-10-25,5146.790698,7062.206200
2021-10-26,5129.819121,7041.708819
2021-10-27,5062.697674,7013.186728
2021-10-28,5027.534884,6877.310527
2021-10-29,5073.664083,7005.136851
2021-11-01,5054.976744,6876.837160
2021-11-02,5002.428941,6858.787454
2021-11-03,4983.059432,6731.958894
2021-11-04,5032.289406,6838.600666
2021-11-05,5005.012920,6747.711740
2021-11-08,5011.038760,6865.083936
2021-11-09,5009.550388,6906.163119
2021-11-10,4983.142119,6815.583870
2021-11-11,5063.204134,6864.266794
2021-11-12,5052.578811,6873.167332
2021-11-15,5046.387597,6715.265874
2021-11-16,5047.359173,6682.626817
2021-11-17,5049.870801,6760.008740
2021-11-18,5000.124031,6722.870576
2021-11-19,5054.325581,6752.907015
2021-11-22,5077.416021,6925.204109
2021-11-23,5078.397933,6883.052534
2021-11-24,5081.819121,6844.157799
2021-11-25,5060.919897,6790.846966
2021-11-26,5023.390181,6817.027128
2021-11-29,5014.387597,6842.963303
2021-11-30,4994.346253,6833.304184
2021-12-01,5006.563307,6765.317703
2021-12-02,5019.286822,6796.943928
2021-12-03,5065.653747,6811.278951
2021-12-06,5056.971576,6738.861298
2021-12-07,5087.441860,6723.005661
2021-12-08,5163.751938,6842.883823
2021-12-09,5249.291990,6919.865326
2021-12-10,5224.930233,6938.359609
2021-12-13,5254.573643,6955.635769
2021-12-14,5219.328165,6869.272749
2021-12-15,5174.056848,6787.280286
2021-12-16,5203.855297,6818.382068
2021-12-17,5121.198966,6662.782016
2021-12-20,5044.361757,6506.364333
2021-12-21,5078.542636,6535.250457
2021-12-22,5079.534884,6533.501264
2021-12-23,5114.976744,6579.458959
2021-12-24,5086.656331,6422.461256
2021-12-27,5084.568475,6417.479278
2021-12-28,5122.439276,6549.420281
2021-12-29,5047.524548,6468.441005
2021-12-30,5086.832041,6492.637522
2021-12-31,5106.325581,6548.770451
2022-01-04,5082.966408,6420.728770
2022-01-05,5031.648579,6236.163110
2022-01-06,4980.082687,6166.703923
2022-01-07,4984.361757,6114.013026
2022-01-10,5006.770026,6119.723564
2022-01-11,4958.935401,6040.267013
2022-01-12,5008.351421,6209.902445
2022-01-13,4926.015504,6114.486377
2022-01-14,4885.509044,6121.324456
2022-01-17,4927.421189,6179.562693
2022-01-18,4975.038760,6242.823515
2022-01-19,4940.961240,6114.391331
2022-01-20,4985.540052,6099.452337
2022-01-21,4939.855297,6035.331435
2022-01-24,4947.534884,6088.927797
2022-01-25,4835.607235,5950.863319
2022-01-26,4870.604651,6036.048172
2022-01-27,4775.069767,5841.101415
2022-01-28,4717.074935,5734.545967
2022-02-07,4789.757106,5851.727451
2022-02-08,4763.586563,5721.568841
2022-02-09,4808.330749,5798.487481
2022-02-10,4795.720930,5730.040297
2022-02-11,4755.968992,5645.319276
2022-02-14,4704.589147,5624.741262
2022-02-15,4754.625323,5774.090125
2022-02-16,4773.116279,5804.866288
2022-02-17,4784.661499,5887.619407
2022-02-18,4807.483204,5866.105540
2022-02-21,4789.984496,5841.825023
2022-02-22,4727.803618,5809.557599
2022-02-23,4778.346253,5953.961203
2022-02-24,4681.467700,5857.774244
2022-02-25,4727.049096,5956.318150
2022-02-28,4735.555556,6030.161699
2022-03-01,4774.873385,6027.458456
2022-03-02,4732.403101,5967.630202
2022-03-03,4704.527132,5866.828425
2022-03-04,4647.472868,5770.164794
2022-03-07,4498.997416,5584.453975
2022-03-08,4408.671835,5461.447288
2022-03-09,4368.320413,5415.648663
2022-03-10,4437.043928,5585.282383
2022-03-11,4451.183463,5568.176146
2022-03-14,4314.997416,5363.802784
2022-03-15,4117.633075,5188.087669
2022-03-16,4295.689922,5426.469825
2022-03-17,4380.051680,5526.358257
2022-03-18,4409.198966,5496.362396
2022-03-21,4401.808786,5526.276339
2022-03-22,4398.242894,5518.027152
2022-03-23,4420.175711,5531.851679
2022-03-24,4394.118863,5510.529927
2022-03-25,4314.801034,5401.773385
2022-03-28,4287.824289,5419.701047
2022-03-29,4273.012920,5443.450498
2022-03-30,4397.002584,5550.246815
2022-03-31,4364.444444,5492.223311
2022-04-01,4419.803618,5531.377629
2022-04-06,4407.069767,5510.099158
2022-04-07,4350.490956,5452.444186
2022-04-08,4372.888889,5500.711237
2022-04-11,4237.798450,5317.297722
2022-04-12,4320.382429,5365.139148
2022-04-13,4278.801034,5334.715559
2022-04-14,4332.372093,5378.138307
2022-04-15,4329.457364,5336.180682
2022-04-18,4306.335917,5323.704579
2022-04-19,4273.798450,5343.695428
2022-04-20,4207.534884,5171.060849
2022-04-21,4130.056848,5040.118880
2022-04-22,4148.062016,5066.238213
2022-04-25,3943.059432,4802.489918
2022-04-26,3911.235142,4750.902300
2022-04-27,4026.397933,4948.359886
2022-04-28,4052.826873,5038.394698
2022-04-29,4151.152455,5171.581733
2022-05-05,4144.919897,5164.074674
2022-05-06,4040.124031,5050.976392
2022-05-09,4007.689922,5043.272898
2022-05-10,4051.545220,5089.327907
2022-05-11,4109.994832,5178.138008
2022-05-12,4091.720930,5138.244316
2022-05-13,4122.583979,5229.634984
2022-05-16,4089.447028,5195.224388
2022-05-17,4140.454780,5283.846928
2022-05-18,4126.005168,5262.772397
2022-05-19,4133.953488,5326.652794
2022-05-20,4214.573643,5407.397668
2022-05-23,4190.160207,5394.896697
2022-05-24,4092.144703,5280.832235
2022-05-25,4116.981912,5339.778863
2022-05-26,4127.173127,5359.222924
2022-05-27,4135.710594,5397.630986
2022-05-30,4164.361757,5394.474176
2022-05-31,4228.961240,5457.695007
2022-06-01,4220.341085,5456.238194
2022-06-02,4226.945736,5473.448754
2022-06-06,4306.036176,5606.514219
2022-06-07,4319.514212,5582.769535
2022-06-08,4361.560724,5634.888106
2022-06-09,4315.937984,5593.414980
2022-06-10,4381.385013,5703.696535
2022-06-13,4330.077519,5661.899859
2022-06-14,4364.144703,5718.755483
2022-06-15,4421.932817,5722.689661
2022-06-16,4392.826873,5674.265517
2022-06-17,4453.788114,5746.975625
2022-06-20,4475.896641,5709.911784
2022-06-21,4470.873385,5681.136414
2022-06-22,4414.077519,5631.545122
2022-06-23,4489.798450,5727.087164
2022-06-24,4542.397933,5783.860262
2022-06-27,4593.550388,5825.020600
2022-06-28,4641.364341,5864.707107
2022-06-29,4569.881137,5755.474654
2022-06-30,4635.669251,5789.296502
2022-07-01,4616.764858,5794.776299
2022-07-04,4647.059432,5844.967424
2022-07-05,4640.351421,5877.433684
2022-07-06,4572.578811,5770.476081
2022-07-07,4592.733850,5853.026307
2022-07-08,4577.550388,5814.133241
2022-07-11,4500.899225,5673.903442
2022-07-12,4458.521964,5637.192650
2022-07-13,4466.625323,5680.180238
2022-07-14,4467.255814,5717.144744
2022-07-15,4391.245478,5618.079146
2022-07-18,4436.785530,5684.892194
2022-07-19,4412.754522,5620.306652
2022-07-20,4427.700258,5630.285970
2022-07-21,4378.356589,5537.174617
2022-07-22,4380.599483,5558.329494
2022-07-25,4354.149871,5508.875121
2022-07-26,4388.609819,5580.190952
2022-07-27,4366.966408,5567.983602
2022-07-28,4367.617571,5562.952162
2022-07-29,4310.180879,5483.243833
2022-08-01,4329.385013,5536.049375
2022-08-02,4244.981912,5425.259259
2022-08-03,4203.596899,5383.569276
2022-08-04,4239.317829,5412.879741
2022-08-05,4296.547804,5457.519724
2022-08-08,4287.410853,5482.757539
2022-08-09,4295.906977,5546.283609
2022-08-10,4247.793282,5519.097403
2022-08-11,4334.408269,5597.646096
2022-08-12,4331.937984,5586.144739
2022-08-15,4326.284238,5653.640144
2022-08-16,4318.180879,5651.459548
2022-08-17,4358.614987,5664.604824
2022-08-18,4320.516796,5624.070964
2022-08-19,4290.511628,5556.400331
2022-08-22,4321.860465,5639.946580
2022-08-23,4300.857881,5672.290152
2022-08-24,4219.555556,5560.727844
2022-08-25,4254.511628,5589.302359
2022-08-26,4245.529716,5533.467084
2022-08-29,4226.894057,5558.889401
2022-08-30,4212.702842,5512.222511
2022-08-31,4215.855297,5442.179053
2022-09-01,4179.576227,5419.046285
2022-09-02,4158.770026,5398.478068
2022-09-05,4150.315245,5464.387160
2022-09-06,4188.403101,5538.221532
2022-09-07,4191.193798,5583.226258
2022-09-08,4173.312661,5534.612428
2022-09-09,4231.307494,5585.165641
2022-09-13,4249.209302,5556.949790
2022-09-14,4201.922481,5492.070196
2022-09-15,4162.397933,5383.333417
2022-09-16,4064.785530,5244.740377
2022-09-19,4059.948320,5274.429475
2022-09-20,4064.950904,5275.944246
2022-09-21,4034.863049,5271.533855
2022-09-22,3999.317829,5270.700363
2022-09-23,3985.550388,5245.797246
2022-09-26,3965.560724,5200.189319
2022-09-27,4023.049096,5223.512328
2022-09-28,3957.322997,5151.899103
2022-09-29,3955.700258,5174.965585
2022-09-30,3932.702842,5159.767274
2022-10-10,3845.932817,5117.198862
2022-10-11,3852.909561,5127.150833
2022-10-12,3911.431525,5168.836823
2022-10-13,3878.728682,5075.765891
2022-10-14,3971.545220,5145.252179
2022-10-17,3975.617571,5096.861540
2022-10-18,3967.204134,5082.727997
2022-10-19,3903.390181,5027.659963
2022-10-20,3881.064599,4971.612286
2022-10-21,3868.620155,4985.043609
2022-10-24,3755.421189,4849.329309
2022-10-25,3749.302326,4856.333214
2022-10-26,3779.741602,4824.521989
2022-10-27,3753.116279,4778.994566
2022-10-28,3660.289406,4686.922486
2022-10-31,3626.563307,4553.843127
2022-11-01,3756.248062,4665.722687
2022-11-02,3801.354005,4737.317944
2022-11-03,3770.439276,4693.220004
2022-11-04,3893.715762,4855.679771
2022-11-07,3902.118863,4869.034745
2022-11-08,3875.276486,4839.269152
2022-11-09,3839.038760,4785.945515
2022-11-10,3809.498708,4750.845082
2022-11-11,3915.700258,4872.543551
2022-11-14,3921.467700,4809.006407
2022-11-15,3995.834625,4871.565541
2022-11-16,3963.193798,4843.871095
2022-11-17,3946.935401,4790.773732
2022-11-18,3929.271318,4767.588502
2022-11-21,3895.741602,4744.607751
2022-11-22,3896.196382,4781.944444
2022-11-23,3900.289406,4837.745742
2022-11-24,3883.007752,4820.736902
2022-11-25,3902.614987,4873.598652
2022-11-28,3858.645995,4832.905722
2022-11-29,3977.695090,4927.683999
2022-11-30,3982.470284,4939.323060
2022-12-01,4025.602067,4947.464377
2022-12-02,4000.981912,4908.527072
2022-12-05,4079.462532,4996.054904
2022-12-06,4101.498708,5001.341012
2022-12-07,4091.410853,4963.449103
2022-12-08,4092.175711,4958.391314
2022-12-09,4132.547804,4984.513474
2022-12-12,4086.242894,4906.320756
2022-12-13,4078.222222,4906.857240
2022-12-14,4087.741602,4919.489762
2022-12-15,4084.744186,4911.330834
2022-12-16,4087.059432,4926.579809
2022-12-19,4024.000000,4846.647002
2022-12-20,3957.643411,4780.219281
2022-12-21,3959.214470,4764.638074
2022-12-22,3964.888889,4748.655532
2022-12-23,3956.816537,4739.690239
2022-12-26,3972.599483,4762.830826
2022-12-27,4018.449612,4810.307857
2022-12-28,4001.302326,4801.677882
2022-12-29,3986.253230,4760.860811
2022-12-30,4001.684755,4781.588486
2023-01-03,4018.501292,4817.173098
2023-01-04,4023.720930,4800.374641
2023-01-05,4101.891473,4867.761364
2023-01-06,4114.614987,4887.138531
2023-01-09,4147.927649,4902.625264
2023-01-10,4152.423773,4901.272380
2023-01-11,4144.733850,4933.145811
2023-01-12,4152.837209,4936.586307
2023-01-13,4211.245478,4982.896774
2023-01-16,4276.961240,5010.137142
2023-01-17,4276.217054,5001.969571
2023-01-18,4269.054264,4990.215812
2023-01-19,4295.617571,4990.057779
2023-01-20,4321.994832,5036.062511
2023-01-30,4342.480620,5039.612783
2023-01-31,4296.496124,5016.393030
2023-02-01,4336.878553,5045.464309
2023-02-02,4321.602067,5039.563151
2023-02-03,4280.754522,4983.222269
2023-02-06,4224.165375,4942.825819
2023-02-07,4231.762274,4970.748610
2023-02-08,4213.064599,4949.739278
2023-02-09,4269.622739,4996.271774
2023-02-10,4244.248062,4970.412894
2023-02-13,4282.759690,4991.063642
2023-02-14,4284.537468,4989.262908
2023-02-15,4262.211886,4946.388903
2023-02-16,4230.997416,4912.362603
2023-02-17,4170.036176,4876.962991
2023-02-20,4272.341085,4978.514234
2023-02-21,4283.565891,5007.409460
2023-02-22,4244.909561,4975.603511
2023-02-23,4241.498708,4982.038240
2023-02-24,4197.467700,4938.601215
2023-02-27,4179.679587,4950.211275
2023-02-28,4206.160207,4965.311314
2023-03-01,4265.571059,5006.368600
2023-03-02,4256.062016,5003.727059
2023-03-03,4269.302326,5042.799833
2023-03-06,4247.038760,5029.334203
2023-03-07,4184.857881,5013.961248
2023-03-08,4169.622739,4976.799349
2023-03-09,4154.883721,4959.460580
2023-03-10,4100.403101,4878.880823
2023-03-13,4143.348837,4957.183215
2023-03-14,4118.552972,4921.205766
2023-03-15,4120.826873,4943.601343
2023-03-16,4071.472868,4871.747406
2023-03-17,4091.803618,4920.305287
2023-03-20,4071.400517,4873.428483
2023-03-21,4116.155039,4894.008135
2023-03-22,4133.788114,4908.810679
2023-03-23,4174.770026,4958.235090
2023-03-24,4162.325581,4910.730271
2023-03-27,4147.266150,4888.486651
2023-03-28,4133.860465,4923.408009
2023-03-29,4140.713178,4926.649473
2023-03-30,4174.191214,4967.151082
2023-03-31,4187.007752,4980.780775
2023-04-03,4227.979328,4983.534370
2023-04-04,4240.940568,5030.222201
2023-04-06,4234.253230,5002.356245
2023-04-07,4261.788114,4992.920865
2023-04-10,4242.697674,4997.958626
2023-04-11,4237.881137,4983.814334
2023-04-12,4234.925065,5008.920728
2023-04-13,4205.664083,4994.623936
2023-04-14,4229.457364,5010.937842
2023-04-17,4288.764858,5108.381947
2023-04-18,4301.839793,5162.434210
2023-04-19,4263.111111,5120.815873
2023-04-20,4251.183463,5099.632449
2023-04-21,4168.031008,5018.828934
2023-04-24,4116.423773,5000.798954
2023-04-25,4095.782946,5034.851539
2023-04-26,4092.227390,5017.301190
2023-04-27,4122.397933,5081.895105
2023-04-28,4164.434109,5127.252376
2023-05-04,4165.633075,5197.096230
2023-05-05,4151.813953,5176.371198
2023-05-08,4199.131783,5332.652211
2023-05-09,4163.183463,5288.915401
2023-05-10,4131.131783,5204.453163
2023-05-11,4124.713178,5180.893355
2023-05-12,4070.036176,5127.539428
2023-05-15,4133.219638,5230.023677
2023-05-16,4111.844961,5203.018004
2023-05-17,4093.198966,5155.480491
2023-05-18,4088.961240,5194.650758
2023-05-19,4077.043928,5173.679998
2023-05-22,4102.666667,5197.355876
2023-05-23,4044.640827,5100.278232
2023-05-24,3988.723514,4999.098292
2023-05-25,3979.844961,4980.825336
2023-05-26,3980.310078,4966.495947
2023-05-29,3962.728682,4979.160410
2023-05-30,3966.666667,4976.440755
2023-05-31,3926.139535,4895.521942
2023-06-01,3934.749354,4922.184132
2023-06-02,3991.555556,4967.070830
2023-06-05,3973.385013,4958.672475
2023-06-06,3936.082687,4940.154378
2023-06-07,3916.630491,4915.666962
2023-06-08,3948.516796,4974.100174
2023-06-09,3965.581395,5000.180474
2023-06-12,3973.571059,4992.676946
2023-06-13,3994.739018,4993.227518
2023-06-14,3993.819121,5000.547745
2023-06-15,4057.364341,5048.314024
2023-06-16,4096.485788,5067.373774
2023-06-19,4062.956072,5024.229302
2023-06-20,4056.062016,5000.701235
2023-06-21,3993.829457,4937.933826
2023-06-26,3937.674419,4864.610439
2023-06-27,3974.604651,4928.572933
2023-06-28,3969.819121,4942.098455
2023-06-29,3950.222222,4921.604994
2023-06-30,3971.524548,4940.946517
2023-07-03,4023.648579,5034.085228
2023-07-04,4029.984496,5026.808095
2023-07-05,3998.770026,4979.021083
2023-07-06,3971.834625,4939.612902
2023-07-07,3954.211886,4921.871846
2023-07-10,3973.467700,4918.559848
2023-07-11,3999.472868,4942.967815
2023-07-12,3972.547804,4894.611019
2023-07-13,4029.374677,4963.192865
2023-07-14,4030.077519,4989.901607
2023-07-17,3997.074935,4896.100920
2023-07-18,3984.434109,4875.681277
2023-07-19,3980.227390,4877.095636
2023-07-20,3952.134367,4824.644355
2023-07-21,3950.294574,4821.920866
2023-07-24,3933.043928,4805.487016
2023-07-25,4046.635659,4944.137952
2023-07-26,4038.253230,4921.933941
2023-07-27,4033.436693,4925.646490
2023-07-28,4126.863049,5019.272467
2023-07-31,4149.488372,5023.024415
2023-08-01,4132.299742,5013.441008
2023-08-02,4103.255814,4956.754408
2023-08-03,4139.514212,4999.023722
2023-08-04,4155.638243,5031.832231
2023-08-07,4124.186047,4985.115754
2023-08-08,4113.416021,4979.061474
2023-08-09,4100.847545,4962.914005
2023-08-10,4109.271318,4986.712390
2023-08-11,4014.728682,4888.430284
2023-08-14,3985.436693,4853.667702
2023-08-15,3975.751938,4874.921484
2023-08-16,3946.594315,4822.571907
2023-08-17,3959.793282,4833.674023
2023-08-18,3911.111111,4798.511480
2023-08-21,3854.842377,4733.302319
2023-08-22,3884.475452,4811.324666
2023-08-23,3820.806202,4774.447660
2023-08-24,3848.506460,4783.651256
2023-08-25,3833.746770,4764.663727
2023-08-28,3878.677003,4818.134826
2023-08-29,3917.426357,4847.278518
2023-08-30,3915.772610,4839.510980
2023-08-31,3891.751938,4826.266170
2023-09-01,3918.852713,4891.498192
2023-09-04,3978.242894,4972.904462
2023-09-05,3948.651163,4935.198141
2023-09-06,3940.082687,4928.478628
2023-09-07,3884.723514,4890.433439
2023-09-08,3865.622739,4867.474151
2023-09-11,3894.098191,4898.641269
2023-09-12,3886.925065,4883.331540
2023-09-13,3862.170543,4876.923612
2023-09-14,3858.925065,4908.855654
2023-09-15,3833.364341,4869.360200
2023-09-18,3852.930233,4865.179800
2023-09-19,3845.478036,4900.364888
2023-09-20,3830.170543,4891.645722
2023-09-21,3795.803618,4865.084396
2023-09-22,3864.527132,4976.497192
2023-09-25,3839.379845,4927.732893
2023-09-26,3816.940568,4931.033061
2023-09-27,3824.806202,4915.623669
2023-09-28,3813.457364,4896.684793
2023-10-09,3808.506460,4884.631226
2023-10-10,3779.979328,4822.896865
2023-10-11,3790.749354,4837.666328
2023-10-12,3826.749354,4887.865715
2023-10-13,3786.470284,4855.980771
2023-10-16,3748.423773,4850.590060
2023-10-17,3761.653747,4884.362515
2023-10-18,3731.865633,4850.557904
2023-10-19,3652.237726,4748.718994
2023-10-20,3628.516796,4683.130758
2023-10-23,3590.945736,4615.778570
2023-10-24,3604.268734,4597.381843
2023-10-25,3622.180879,4555.406459
2023-10-26,3632.186047,4598.452759
2023-10-27,3682.056848,4597.635453
2023-10-30,3704.155039,4553.760419
2023-10-31,3692.516796,4575.673734
2023-11-01,3690.987080,4569.006879
2023-11-02,3673.581395,4572.614163
2023-11-03,3704.537468,4582.920015
2023-11-06,3754.635659,4590.195971
2023-11-07,3741.354005,4595.130534
2023-11-08,3732.372093,4572.385375
2023-11-09,3734.191214,4593.062823
2023-11-10,3706.966408,4559.881422
2023-11-13,3699.648579,4591.866428
2023-11-14,3702.387597,4595.300275
2023-11-15,3728.423773,4624.233355
2023-11-16,3692.361757,4591.413108
2023-11-17,3687.927649,4582.654617
2023-11-20,3696.454780,4592.038158
2023-11-21,3701.364341,4597.066971
2023-11-22,3663.483204,4564.677920
2023-11-23,3681.157623,4575.761572
2023-11-24,3656.857881,4546.676553
2023-11-27,3629.912145,4507.166309
2023-11-28,3636.713178,4507.540262
2023-11-29,3605.488372,4470.618357
2023-11-30,3613.643411,4505.998658
2023-12-01,3599.875969,4528.582848
2023-12-04,3576.372093,4513.873182
2023-12-05,3508.279070,4429.890033
2023-12-06,3513.798450,4398.458217
2023-12-07,3505.198966,4412.701105
2023-12-08,3513.653747,4459.119362
2023-12-11,3534.315245,4469.868547
2023-12-12,3541.912145,4494.905626
2023-12-13,3482.801034,4444.347701
2023-12-14,3464.558140,4430.034949
2023-12-15,3453.798450,4395.021325
2023-12-18,3441.209302,4411.095861
2023-12-19,3446.036176,4416.945425
2023-12-20,3408.268734,4371.823470
2023-12-21,3442.759690,4380.939438
2023-12-22,3449.333333,4392.668963
2023-12-25,3459.896641,4405.047375
2023-12-26,3436.475452,4393.367205
2023-12-27,3448.434109,4427.682911
2023-12-28,3529.240310,4472.731237
2023-12-29,3546.366925,4495.893573
2024-01-02,3500.103359,4463.986690
2024-01-03,3491.782946,4478.642556
2024-01-04,3459.483204,4468.461417
2024-01-05,3440.940568,4446.355864
2024-01-08,3396.444444,4394.278650
2024-01-09,3403.100775,4392.979378
2024-01-10,3387.214470,4349.331597
2024-01-11,3406.377261,4327.857765
2024-01-12,3394.490956,4329.134146
2024-01-15,3391.131783,4336.640250
2024-01-16,3411.762274,4359.746710
2024-01-17,3337.550388,4288.964285
2024-01-18,3384.733850,4319.591176
2024-01-19,3379.617571,4315.952465
2024-01-22,3327.028424,4272.219581
2024-01-23,3340.496124,4282.855214
2024-01-24,3387.193798,4407.236224
2024-01-25,3455.214470,4593.088337
2024-01-26,3445.808786,4626.894612
2024-01-29,3414.945736,4623.510736
2024-01-30,3354.046512,4581.240962
2024-01-31,3323.359173,4561.982473
2024-02-01,3325.798450,4542.613589
2024-02-02,3286.439276,4525.089563
2024-02-05,3307.927649,4591.175739
2024-02-06,3422.935401,4687.561772
2024-02-07,3455.948320,4694.644755
2024-02-08,3477.963824,4700.670078
2024-02-19,3518.149871,4852.558710
2024-02-20,3525.426357,4886.437237
2024-02-21,3572.992248,4911.222502
2024-02-22,3603.793282,4994.682861
2024-02-23,3606.966408,4993.985899
2024-02-26,3569.364341,4891.248558
2024-02-27,3612.186047,4962.834401
2024-02-28,3566.160207,4905.066683
2024-02-29,3634.191214,4976.376676
2024-03-01,3656.640827,5025.483989
2024-03-04,3659.813953,5093.948574
2024-03-05,3685.281654,5160.650340
2024-03-06,3670.335917,5110.290297
2024-03-07,3648.289406,5116.390367
2024-03-08,3663.989664,5175.268682
2024-03-11,3709.829457,5175.003638
2024-03-12,3718.335917,5078.366304
2024-03-13,3692.361757,5033.789422
2024-03-14,3681.881137,5030.500232
2024-03-15,3689.912145,5044.620962
2024-03-18,3724.578811,5063.075893
2024-03-19,3697.808786,5039.142075
2024-03-20,3705.819121,5080.970131
2024-03-21,3701.385013,5086.477354
2024-03-22,3664.082687,5080.445500
2024-03-25,3644.196382,5100.444300
2024-03-26,3662.790698,5098.541624
2024-03-27,3620.454780,5098.768987
2024-03-28,3639.235142,5084.825999
2024-03-29,3656.310078,5171.124752
2024-04-01,3716.434109,5174.479389
2024-04-02,3700.961240,5205.104441
2024-04-03,3687.648579,5209.025391
2024-04-08,3655.204134,5265.734597
2024-04-09,3652.186047,5209.040295
2024-04-10,3622.439276,5228.863846
2024-04-11,3621.953488,5233.234324
2024-04-12,3592.599483,5239.287972
2024-04-15,3668.299742,5375.953032
2024-04-16,3629.054264,5390.495515
2024-04-17,3685.167959,5449.964332
2024-04-18,3689.715762,5435.047095
2024-04-19,3660.630491,5457.225907
2024-04-22,3649.509044,5351.172335
2024-04-23,3624.000000,5291.515494
2024-04-24,3639.917313,5323.028415
2024-04-25,3648.868217,5332.208780
2024-04-26,3704.671835,5336.384191
2024-04-29,3745.643411,5273.354286
2024-04-30,3725.467700,5299.079648
2024-05-06,3780.754522,5258.031866
2024-05-07,3781.922481,5268.009201
2024-05-08,3752.165375,5290.792687
2024-05-09,3787.658915,5277.186776
2024-05-10,3789.436693,5285.112901
2024-05-13,3787.793282,5295.347003
2024-05-14,3779.896641,5260.056975
2024-05-15,3747.865633,5238.841197
2024-05-16,3762.645995,5238.751745
2024-05-17,3801.519380,5271.105388
2024-05-20,3814.945736,5319.134117
2024-05-21,3799.648579,5335.944977
2024-05-22,3808.217054,5332.871268
2024-05-23,3764.124031,5306.246065
2024-05-24,3722.459948,5280.551797
2024-05-27,3757.839793,5362.778571
2024-05-28,3730.408269,5373.507178
2024-05-29,3734.904393,5377.432143
2024-05-30,3715.049096,5330.501710
2024-05-31,3700.175711,5313.791254
2024-06-03,3709.302326,5352.515595
2024-06-04,3737.126615,5344.629295
2024-06-05,3715.545220,5326.655746
2024-06-06,3712.919897,5384.260678
2024-06-07,3694.170543,5384.026548
2024-06-11,3661.891473,5304.023962
2024-06-12,3663.173127,5339.002957
2024-06-13,3644.578811,5355.183036
2024-06-14,3660.496124,5353.029912
2024-06-17,3654.987080,5296.714357
2024-06-18,3664.692506,5334.120826
2024-06-19,3647.286822,5358.523248
2024-06-20,3620.961240,5393.551053
2024-06-21,3613.043928,5372.992589
2024-06-24,3593.602067,5373.874312
2024-06-25,3574.056848,5360.820772
2024-06-26,3597.167959,5370.036437
2024-06-27,3570.149871,5375.371335
2024-06-28,3577.943152,5466.500621
2024-07-01,3595.018088,5558.072971
2024-07-02,3588.413437,5613.599855
2024-07-03,3579.751938,5570.698476
2024-07-04,3561.560724,5591.064641
2024-07-05,3546.315245,5532.787235
2024-07-08,3516.031008,5564.811235
2024-07-09,3555.359173,5624.007666
2024-07-10,3544.155039,5555.066190
2024-07-11,3584.671835,5550.150587
2024-07-12,3589.043928,5533.547704
2024-07-15,3593.023256,5615.222625
2024-07-16,3615.793282,5608.304794
2024-07-17,3619.204134,5523.896191
2024-07-18,3639.204134,5557.535487
2024-07-19,3657.901809,5535.304867
2024-07-22,3632.992248,5469.482703
2024-07-23,3555.431525,5474.066154
2024-07-24,3532.992248,5528.284939
2024-07-25,3513.457364,5447.521991
2024-07-26,3523.813953,5385.395989
2024-07-29,3504.640827,5432.634970
2024-07-30,3482.563307,5366.423405
2024-07-31,3557.705426,5348.091827
2024-08-01,3534.129199,5375.323484
2024-08-02,3498.077519,5339.483466
2024-08-05,3455.627907,5240.459696
2024-08-06,3455.276486,5214.334847
2024-08-07,3453.736434,5241.901036
2024-08-08,3455.235142,5231.035482
2024-08-09,3443.545220,5248.690737
2024-08-12,3437.581395,5259.115248
2024-08-13,3446.397933,5293.337859
2024-08-14,3420.403101,5307.145501
2024-08-15,3454.211886,5355.868939
2024-08-16,3458.015504,5396.975662
2024-08-19,3469.736434,5463.840674
2024-08-20,3444.651163,5447.567989
2024-08-21,3433.219638,5432.618074
2024-08-22,3424.434109,5479.401428
2024-08-23,3438.956072,5483.520160
2024-08-26,3435.886305,5476.931740
2024-08-27,3416.361757,5531.862541
2024-08-28,3396.899225,5496.180405
2024-08-29,3387.782946,5339.472822
2024-08-30,3433.002584,5276.933567
2024-09-02,3374.687339,5300.164003
2024-09-03,3383.390181,5172.522719
2024-09-04,3361.405685,5117.734241
2024-09-05,3367.193798,5085.969289
2024-09-06,3339.896641,5062.907910
2024-09-09,3300.206718,5010.002557
2024-09-10,3303.111111,5055.722494
2024-09-11,3293.157623,4925.745492
2024-09-12,3279.038760,4942.317001
2024-09-13,3265.374677,4943.760524
2024-09-18,3277.529716,5001.739371
2024-09-19,3303.400517,4987.819614
2024-09-20,3308.578811,5011.833025
2024-09-23,3320.682171,5068.179104
2024-09-24,3464.506460,5275.551428
2024-09-25,3515.793282,5316.718391
2024-09-26,3664.413437,5403.560376
2024-09-27,3828.093023,5375.391966
2024-09-30,4152.816537,5647.910739
2024-10-08,4399.069767,5687.676772
2024-10-09,4088.868217,5399.886719
2024-10-10,4132.082687,5584.548250
2024-10-11,4017.746770,5528.896171
2024-10-14,4094.408269,5638.908925
2024-10-15,3985.519380,5495.902295
2024-10-16,3960.299742,5519.472099
2024-10-17,3915.472868,5466.393814
2024-10-18,4057.085271,5548.345294
2024-10-21,4067.390181,5493.615580
2024-10-22,4090.728682,5519.649164
2024-10-23,4106.677003,5499.942747
2024-10-24,4060.806202,5481.880507
2024-10-25,4089.322997,5424.514225
2024-10-28,4097.322997,5410.331656
2024-10-29,4056.485788,5397.014434
2024-10-30,4020.103359,5342.402213
2024-10-31,4021.746770,5319.421860
2024-11-01,4020.692506,5388.072484
2024-11-04,4077.271318,5392.307149
2024-11-05,4180.434109,5433.539388
2024-11-06,4159.462532,5374.425626
2024-11-07,4284.961240,5430.576458
2024-11-08,4241.912145,5380.740249
2024-11-11,4269.901809,5329.705827
2024-11-12,4222.987080,5273.117091
2024-11-13,4248.981912,5325.612795
2024-11-14,4175.317829,5295.592332
2024-11-15,4102.149871,5280.269219
2024-11-18,4083.080103,5351.802771
2024-11-19,4110.480620,5339.158455
2024-11-20,4119.658915,5344.274244
2024-11-21,4123.307494,5351.612189
2024-11-22,3995.555556,5240.748855
2024-11-25,3977.354005,5217.723919
2024-11-26,3969.178295,5237.003043
2024-11-27,4038.284238,5303.729053
2024-11-28,4002.635659,5276.222212
2024-11-29,4048.144703,5272.947430
2024-12-02,4080.237726,5296.559603
2024-12-03,4084.640827,5360.312226
2024-12-04,4062.594315,5422.024802
2024-12-05,4053.322997,5390.927627
2024-12-06,4106.604651,5426.155368
2024-12-09,4099.813953,5454.220154
2024-12-10,4129.860465,5468.611474
2024-12-11,4122.821705,5465.397876
2024-12-12,4163.824289,5506.376097
2024-12-13,4065.302326,5444.646826
2024-12-16,4043.245478,5521.148259
2024-12-17,4053.777778,5526.774839
2024-12-18,4074.304910,5552.232171
2024-12-19,4077.994832,5516.216913
2024-12-20,4059.679587,5482.014097
2024-12-23,4065.705426,5580.313321
2024-12-24,4117.509044,5640.133133
2024-12-25,4119.514212,5707.536570
2024-12-26,4121.426357,5679.193200
2024-12-27,4114.759690,5677.989633
2024-12-30,4133.385013,5712.265159
2024-12-31,4067.090439,5684.034194
2025-01-02,3948.733850,5556.200350
2025-01-03,3901.974160,5524.139011
2025-01-06,3895.576227,5521.691875
2025-01-07,3923.627907,5541.674208
2025-01-08,3916.506460,5572.743544
2025-01-09,3906.852713,5500.200686
2025-01-10,3857.860465,5459.116292
2025-01-13,3847.555556,5416.799433
2025-01-14,3948.878553,5480.869659
2025-01-15,3923.545220,5460.832997
2025-01-16,3928.041344,5498.694581
2025-01-17,3940.403101,5468.965952
2025-01-20,3958.325581,5439.661039
2025-01-21,3961.354005,5430.770314
2025-01-22,3924.568475,5371.232198
2025-01-23,3931.514212,5419.814778
2025-01-24,3961.612403,5427.805858
2025-01-27,3945.302326,5504.887183
2025-02-05,3922.563307,5406.381864
2025-02-06,3971.917313,5426.878779
2025-02-07,4023.462532,5436.244591
2025-02-10,4032.103359,5429.771167
2025-02-11,4013.581395,5472.716647
2025-02-12,4051.534884,5491.257330
2025-02-13,4036.320413,5484.184930
2025-02-14,4071.328165,5495.269896
2025-02-17,4080.000000,5496.843433
2025-02-18,4044.217054,5514.809466
2025-02-19,4072.516796,5495.312671
2025-02-20,4060.878553,5502.543222
2025-02-21,4112.082687,5467.516494
2025-02-24,4103.069767,5432.224738
2025-02-25,4057.519380,5385.947294
2025-02-26,4092.961240,5404.786337
2025-02-27,4101.416021,5416.645732
2025-02-28,4020.723514,5353.051690
2025-03-03,4019.090439,5339.657029
2025-03-04,4015.731266,5313.516646
2025-03-05,4033.664083,5371.837906
2025-03-06,4089.136951,5367.083646
2025-03-07,4076.496124,5365.830168
2025-03-10,4060.775194,5348.986404
2025-03-11,4073.819121,5356.082084
2025-03-12,4059.152455,5329.624894
2025-03-13,4042.976744,5360.556368
2025-03-14,4141.147287,5403.838928
2025-03-17,4131.049096,5411.550592
2025-03-18,4142.346253,5411.512689
2025-03-19,4144.878553,5434.783240
2025-03-20,4108.516796,5427.743253
2025-03-21,4046.201550,5381.817092
2025-03-24,4067.028424,5438.517305
2025-03-25,4064.392765,5431.212523
2025-03-26,4051.018088,5402.790189
2025-03-27,4064.506460,5440.004342
2025-03-28,4046.687339,5417.231669
2025-03-31,4017.891473,5420.454938
2025-04-01,4018.273902,5379.557420
2025-04-02,4014.873385,5401.589653
2025-04-03,3991.214470,5361.860004
2025-04-07,3710.015504,5024.603900
2025-04-08,3773.395349,5068.861564
2025-04-09,3810.635659,5066.418740
2025-04-10,3860.589147,5126.303601
2025-04-11,3876.506460,5183.944820
2025-04-14,3885.416021,5217.220255
2025-04-15,3887.576227,5262.070837
2025-04-16,3899.555556,5280.812478
2025-04-17,3898.935401,5277.892818
2025-04-18,3899.245478,5304.999250
2025-04-21,3912.020672,5311.123758
2025-04-22,3911.059432,5339.097337
2025-04-23,3914.087855,5354.892784
2025-04-24,3911.483204,5388.178976
2025-04-25,3914.201550,5368.237255
2025-04-28,3908.651163,5381.027770
2025-04-29,3901.891473,5367.592336
2025-04-30,3897.229974,5307.988861
2025-05-06,3936.475452,5339.247851
2025-05-07,3960.341085,5401.210017
2025-05-08,3982.325581,5439.863040
2025-05-09,3975.359173,5459.145845
2025-05-12,4021.302326,5511.921701
2025-05-13,4027.142119,5549.029163
2025-05-14,4075.669251,5617.409853
2025-05-15,4038.449612,5586.043820
2025-05-16,4019.731266,5553.377396
2025-05-19,4007.390181,5533.430369
2025-05-20,4029.116279,5559.045846
2025-05-21,4047.937984,5591.070529
2025-05-22,4045.343669,5598.228830
2025-05-23,4012.682171,5552.729967
2025-05-26,3989.777778,5500.650481
2025-05-27,3968.372093,5485.059082
2025-05-28,3965.105943,5481.028048
2025-05-29,3988.320413,5491.511035
2025-05-30,3969.229974,5483.644283
2025-06-03,3981.405685,5517.282432
2025-06-04,3998.697674,5531.639208
2025-06-05,4007.813953,5554.867245
2025-06-06,4004.113695,5557.818962
2025-06-09,4015.762274,5553.378130
2025-06-10,3995.317829,5548.132938
2025-06-11,4025.457364,5593.570656
2025-06-12,4022.945736,5599.412732
2025-06-13,3993.984496,5561.035028
2025-06-16,4003.927649,5602.774208
2025-06-17,4000.392765,5599.363209
2025-06-18,4005.136951,5644.538509
2025-06-19,3972.186047,5621.911882
2025-06-20,3975.855297,5634.516909
2025-06-23,3987.493540,5678.293893
2025-06-24,4035.173127,5754.314994
2025-06-25,4093.095607,5846.811067
2025-06-26,4078.573643,5849.143914
2025-06-27,4053.498708,5748.992991
2025-06-30,4068.299742,5773.697829
2025-07-01,4075.204134,5810.949792
2025-07-02,4076.155039,5791.794138
2025-07-03,4101.364341,5842.978880
2025-07-04,4115.968992,5901.118637
2025-07-07,4098.366925,5886.570919
2025-07-08,4132.764858,5907.200951
2025-07-09,4125.478036,5913.281334
2025-07-10,4144.723514,5944.478533
2025-07-11,4149.674419,5899.950621
2025-07-14,4152.630491,5912.699679
2025-07-15,4154.067183,5926.902012
2025-07-16,4141.808786,5893.828492
2025-07-17,4170.015504,5923.448492
2025-07-18,4194.883721,5947.035511
2025-07-21,4222.852713,5952.129919
2025-07-22,4257.322997,5933.910259
2025-07-23,4258.160207,5956.545940
2025-07-24,4288.413437,5934.754166
2025-07-25,4265.798450,5921.305758
2025-07-28,4274.749354,5952.718449
2025-07-29,4291.493540,5944.722884
2025-07-30,4290.687339,5932.548615
2025-07-31,4212.496124,5860.843122
2025-08-01,4191.142119,5848.016355
2025-08-04,4207.441860,5885.126755
2025-08-05,4241.291990,5945.902617
2025-08-06,4251.669251,5953.248520
2025-08-07,4252.888889,5969.536865
2025-08-08,4242.863049,5942.332144
2025-08-11,4260.992248,5945.543133
2025-08-12,4283.028424,5989.981649
2025-08-13,4316.878553,6030.336363
2025-08-14,4313.498708,6050.357320
2025-08-15,4343.514212,6053.780659
2025-08-18,4381.819121,6118.014411
2025-08-19,4365.240310,6107.416000
2025-08-20,4414.883721,6173.621782
2025-08-21,4432.113695,6216.590669
2025-08-22,4525.064599,6343.736955
2025-08-25,4619.348837,6412.540720
2025-08-26,4602.160207,6398.109237
2025-08-27,4533.467700,6302.913596
2025-08-28,4613.726098,6399.552908
2025-08-29,4647.813953,6466.820871
2025-09-01,4675.669251,6466.806575
2025-09-02,4641.291990,6448.342026
2025-09-03,4609.643411,6392.282153
2025-09-04,4511.844961,6332.885933
2025-09-05,4610.149871,6397.120261
2025-09-08,4617.643411,6366.917763
2025-09-09,4585.281654,6330.223105
2025-09-10,4594.687339,6352.149216
2025-09-11,4700.806202,6508.650893
2025-09-12,4673.901809,6461.526356
2025-09-15,4685.333333,6494.128849
2025-09-16,4675.286822,6481.986616
2025-09-17,4703.896641,6541.838605
2025-09-18,4649.209302,6464.678926
2025-09-19,4653.147287,6444.470866
2025-09-22,4674.532300,6497.816807
2025-09-23,4671.607235,6472.114578
2025-09-24,4719.452196,6524.577463
2025-09-25,4747.793282,6572.026630
2025-09-26,4702.894057,6506.577760
2025-09-29,4775.245478,6603.323103
2025-09-30,4796.578811,6618.604847
2025-10-09,4867.679587,6673.476794
2025-10-10,4771.917313,6559.169716
2025-10-13,4748.299742,6565.189156
2025-10-14,4691.534884,6515.868460
2025-10-15,4761.023256,6629.130158
2025-10-16,4773.560724,6667.094273
2025-10-17,4665.870801,6555.666298
2025-10-20,4690.666667,6597.442484
2025-10-21,4762.656331,6716.992042
2025-10-22,4746.842377,6744.330471
2025-10-23,4761.074935,6738.261773
2025-10-24,4817.240310,6842.812536
2025-10-27,4874.439276,6927.505522
2025-10-28,4849.581395,6882.903459
2025-10-29,4907.328165,6898.802060
2025-10-30,4868.124031,6805.475859
2025-10-31,4796.558140,6689.028118
2025-11-03,4809.715762,6678.158365
2025-11-04,4773.850129,6694.130359
2025-11-05,4782.697674,6692.008635
2025-11-06,4851.059432,6797.448259
2025-11-07,4835.958656,6742.994978
2025-11-10,4852.764858,6719.526166
2025-11-11,4808.444444,6670.917436
2025-11-12,4801.974160,6709.332876
2025-11-13,4860.020672,6802.458523
2025-11-14,4783.607235,6709.945022
2025-11-17,4752.506460,6628.359957
2025-11-18,4721.643411,6607.546883
2025-11-19,4742.418605,6641.385474
2025-11-20,4718.294574,6618.277111
2025-11-21,4603.214470,6446.620189
2025-11-24,4597.467700,6448.918038
2025-11-25,4641.240310,6511.818348
2025-11-26,4669.385013,6532.460818
2025-11-27,4667.080103,6551.724389
2025-11-28,4678.718346,6554.809912
2025-12-01,4730.222222,6605.892960
2025-12-02,4707.317829,6565.368087
2025-12-03,4683.255814,6527.143957
2025-12-04,4699.297158,6561.554711
2025-12-05,4738.542636,6613.133900
2025-12-08,4777.002584,6703.827441
2025-12-09,4752.682171,6706.085096
2025-12-10,4746.077519,6656.931836
2025-12-11,4705.095607,6623.715986
2025-12-12,4734.832041,6629.149437
2025-12-15,4704.971576,6576.776222
2025-12-16,4648.630491,6489.997724
2025-12-17,4733.726098,6611.766523
2025-12-18,4705.726098,6601.572170
2025-12-19,4721.633075,6615.373741
2025-12-22,4766.532300,6665.866421
2025-12-23,4775.948320,6707.997630
2025-12-24,4789.726098,6711.520686
2025-12-25,4798.490956,6710.773692
2025-12-26,4813.684755,6703.567078
2025-12-29,4795.214470,6728.354652
2025-12-30,4807.524548,6745.456373
2025-12-31,4785.467700,6717.692115
2026-01-05,4876.227390,6825.092099
2026-01-06,4951.617571,6914.840122
2026-01-07,4937.126615,6900.438067
2026-01-08,4896.795866,6835.079443
2026-01-09,4918.780362,6849.483631
2026-01-12,4950.821705,6886.912333
2026-01-13,4920.961240,6857.661617
2026-01-14,4901.219638,6813.292596
2026-01-15,4911.038760,6784.523689
2026-01-16,4890.821705,6723.145460
2026-01-19,4893.498708,6691.645370
2026-01-20,4877.395349,6645.735942
2026-01-21,4881.726098,6629.952484
2026-01-22,4882.387597,6604.244682
2026-01-23,4860.465116,6543.540108
2026-01-26,4865.074935,6538.659518
2026-01-27,4863.762274,6524.533749
2026-01-28,4876.475452,6503.878463
2026-01-29,4913.560724,6548.094230
2026-01-30,4864.434109,6494.351748
2026-02-02,4760.702842,6433.451561
2026-02-03,4816.651163,6402.520218
2026-02-04,4856.516796,6428.130840
2026-02-05,4827.307494,6410.208634
2026-02-06,4799.586563,6388.649536
2026-02-09,4877.581395,6483.667045
2026-02-10,4882.997416,6502.241559
2026-02-11,4872.165375,6492.147604
2026-02-12,4878.118863,6469.214509
2026-02-13,4816.961240,6391.995146
2026-02-24,4865.674419,6368.182597
2026-02-25,4894.976744,6416.096612
2026-02-26,4885.653747,6404.039002
2026-02-27,4868.888889,6393.839172
2026-03-02,4887.514212,6382.627485
2026-03-03,4812.299742,6316.424752
2026-03-04,4757.229974,6227.078222
2026-03-05,4803.813953,6315.369971
2026-03-06,4816.992248,6325.679020
2026-03-09,4770.501292,6249.511736
2026-03-10,4831.793282,6331.627044
2026-03-11,4862.532300,6347.719748
2026-03-12,4845.023256,6317.363232
2026-03-13,4825.984496,6300.060896
2026-03-16,4828.485788,6327.210207
2026-03-17,4793.219638,6341.001340
2026-03-18,4814.811370,6360.851080
2026-03-19,4737.209302,6299.377446
2026-03-20,4720.434109,6267.353100
2026-03-23,4566.408269,6009.301981
2026-03-24,4625.033592,6149.649682
2026-03-25,4689.891473,6305.962864
2026-03-26,4627.937984,6190.969736
2026-03-27,4653.819121,6203.273393
2026-03-30,4642.842377,6213.831139
2026-03-31,4599.534884,6151.130078
2026-04-01,4678.108527,6349.123186
2026-04-02,4629.364341,6232.989873
2026-04-03,4589.963824,6224.842690
2026-04-07,4589.788114,6244.494420
2026-04-08,4749.932817,6617.057913
2026-04-09,4719.607235,6581.329042
2026-04-10,4792.320413,6693.081366
2026-04-13,4802.222222,6703.648021
2026-04-14,4859.204134,6881.127461
2026-04-15,4842.635659,6837.476384
2026-04-16,4895.720930,6983.423993
2026-04-17,4887.514212,7069.367337
2026-04-20,4917.250646,7124.358372
2026-04-21,4928.165375,7123.444646
2026-04-22,4960.857881,7268.495286
2026-04-23,4947.111111,7186.311015
2026-04-24,4929.581395,7120.190368
2026-04-27,4931.214470,7147.538350
2026-04-28,4918.046512,7096.474483
2026-04-29,4971.937984,7198.946837
2026-04-30,4968.795866,7202.311638
2026-05-06,5040.919897,7412.135069
2026-05-07,5065.126615,7516.595292
2026-05-08,5035.565891,7464.074915
2026-05-11,5118.180879,7638.941653
2026-05-12,5114.263566,7700.129614
2026-05-13,5166.242894,7898.576666
2026-05-14,5079.689922,7708.366134
2026-05-15,5022.832041,7525.975942
2026-05-18,4995.886305,7499.287233
2026-05-19,5015.896641,7495.697755
2026-05-20,5013.643411,7536.300673
2026-05-21,4943.772610,7365.602799
2026-05-22,5007.855297,7605.266099
2026-05-25,5086.925065,7849.236008
2026-05-26,5114.056848,7980.063848
2026-05-27,5073.043928,7806.995017
2026-05-28,5079.286822,7907.362426
2026-05-29,5056.454780,7772.246351
2026-06-01,5006.987080,7608.617815
2026-06-02,5079.648579,7897.204168
2026-06-03,5104.713178,8037.847013
2026-06-04,5069.509044,7964.207576
2026-06-05,4978.728682,7662.859863
2026-06-08,4871.979328,7406.666447
2026-06-09,4963.111111,7667.519314
2026-06-10,4908.103359,7509.986137
2026-06-11,4881.043928,7484.624918
2026-06-12,4937.798450,7640.627128
2026-06-15,5056.031008,8035.618130
2026-06-16,5048.299742,8017.013947
2026-06-17,5097.043928,8161.472888
2026-06-18,5107.596899,8367.602102
2026-06-22,5229.622739,8556.571379
2026-06-23,5084.640827,8136.189750
2026-06-24,5109.064599,8263.457579
2026-06-25,5188.733850,8377.648061
2026-06-26,5031.751938,8022.410149
2026-06-29,5092.423773,8107.133297
2026-06-30,5146.697674,8267.286296
2026-07-01,5125.560724,8087.835904
2026-07-02,4973.953488,7671.406095
2026-07-03,5004.826873,7755.821265
2026-07-06,5004.651163,7688.075741
2026-07-07,4953.240310,7615.414582
2026-07-08,4915.276486,7566.981144
2026-07-09,5040.113695,7879.298693
2026-07-10,4941.385013,7605.412403
2026-07-13,4853.105943,7384.944144
2026-07-14,4957.622739,7701.901308
2026-07-15,4947.576227,7550.276593
2026-07-16,4856.258398,7337.339721
2026-07-17,4681.240310,6883.433090
2026-07-20,4752.785530,6939.006209
2026-07-21,4898.428941,7387.319536
2026-07-22,4875.700258,7327.535230
2026-07-23,4886.821705,7373.708759
2026-07-24,4805.364341,7193.962501
2026-07-27,4860.392765,7320.715773
2026-07-28,4723.018088,6908.974140
2026-07-29,4754.790698,6935.558071
2026-07-30,4702.552972,6691.727437
2026-07-31,4742.325581,6854.928877
2026-08-03,4695.793282,6726.566943
2026-08-04,4755.483204,6997.905948
2026-08-05,4814.625323,7243.976705
2026-08-06,4807.555556,7313.526040
2026-08-07,4852.134367,7452.860595
2026-08-10,4859.968992,7411.029089
2026-08-11,4820.454780,7238.968248
2026-08-12,4848.496124,7331.219400
2026-08-13,4820.620155,7236.984552
2026-08-14,4822.614987,7285.286209
2026-08-17,4900.361757,7524.500741
2026-08-18,4884.558140,7461.393572
2026-08-19,4742.842377,7079.633394
2026-08-20,4747.028424,7114.574815
2026-08-21,4774.056848,7239.529712
2026-08-24,4716.413437,7039.988304
2026-08-25,4704.940568,6977.859073
2026-08-26,4745.002584,7069.601524
2026-08-27,4785.819121,7227.853999
2026-08-28,4764.010336,7183.426505
2026-08-31,4780.454780,7206.770122
2026-09-01,4766.346253,7130.395114
2026-09-02,4700.733850,6998.438538
2026-09-03,4705.509044,7000.064150
2026-09-04,4700.826873,6955.392106
2026-09-07,4728.702842,7108.575436
2026-09-08,4711.875969,7100.304274
2026-09-09,4726.201550,7156.296497
