Date,Strategy,CSI300,Strategy_to_CSI300_Ratio
2005-09-16,100.000000,100.000000,1.000000
2005-09-19,99.640675,100.376227,0.992672
2005-09-20,98.818202,99.423256,0.993914
2005-09-21,97.004398,97.613437,0.993761
2005-09-22,95.791371,95.428424,1.003803
2005-09-23,95.469127,94.692506,1.008202
2005-09-26,95.864881,94.934367,1.009802
2005-09-27,95.174836,93.458398,1.018366
2005-09-28,95.397450,93.407752,1.021301
2005-09-29,96.638262,94.674935,1.020738
2005-09-30,97.005534,94.820672,1.023042
2005-10-10,96.340693,93.779845,1.027307
2005-10-11,97.228020,95.061499,1.022791
2005-10-12,97.552719,95.451163,1.022017
2005-10-13,96.399569,94.728682,1.017639
2005-10-14,94.876240,93.522481,1.014475
2005-10-17,94.268914,92.777261,1.016078
2005-10-18,94.680607,93.268217,1.015143
2005-10-19,94.659902,92.893023,1.019021
2005-10-20,95.084523,93.014987,1.022249
2005-10-21,95.318570,93.479070,1.019678
2005-10-24,95.484320,93.710594,1.018928
2005-10-25,94.249151,92.431008,1.019670
2005-10-26,92.776348,90.524031,1.024881
2005-10-27,93.039613,90.527132,1.027754
2005-10-28,92.410890,89.687855,1.030361
2005-10-31,93.673869,90.571576,1.034252
2005-11-01,93.404961,90.219121,1.035312
2005-11-02,93.669942,91.212403,1.026943
2005-11-03,92.440775,90.395866,1.022622
2005-11-04,92.806858,90.786563,1.022253
2005-11-07,92.063831,90.674935,1.015317
2005-11-08,92.213848,91.113178,1.012080
2005-11-09,92.520092,90.878553,1.018063
2005-11-10,91.349731,89.195866,1.024148
2005-11-11,91.653423,89.383979,1.025390
2005-11-14,90.556237,89.111111,1.016217
2005-11-15,89.777702,88.541602,1.013961
2005-11-16,89.737730,89.211370,1.005900
2005-11-17,89.645031,89.163824,1.005397
2005-11-18,91.381728,91.187597,1.002129
2005-11-21,91.855029,91.356072,1.005462
2005-11-22,91.195948,89.883204,1.014605
2005-11-23,91.839297,90.566408,1.014055
2005-11-24,91.947245,91.110078,1.009189
2005-11-25,92.067457,91.380879,1.007513
2005-11-28,91.823881,90.973643,1.009346
2005-11-29,90.834416,90.057881,1.008623
2005-11-30,90.178939,90.318346,0.998456
2005-12-01,89.812389,90.239793,0.995264
2005-12-02,89.285823,89.916279,0.992988
2005-12-05,88.636290,88.848579,0.997611
2005-12-06,89.114181,89.517313,0.995497
2005-12-07,90.068357,90.319380,0.997221
2005-12-08,90.260411,90.342119,0.999096
2005-12-09,91.324432,91.716796,0.995722
2005-12-12,91.034677,91.836693,0.991267
2005-12-13,90.822004,91.896641,0.988306
2005-12-14,92.111560,92.832041,0.992239
2005-12-15,92.153417,92.654264,0.994594
2005-12-16,92.979028,93.287855,0.996690
2005-12-19,92.806097,93.324031,0.994450
2005-12-20,93.167950,93.779845,0.993475
2005-12-21,93.161413,93.347804,0.998003
2005-12-22,94.024731,93.927649,1.001034
2005-12-23,95.029221,94.665633,1.003841
2005-12-26,95.105099,95.336434,0.997573
2005-12-27,94.459456,95.024289,0.994056
2005-12-28,94.965519,95.185530,0.997689
2005-12-29,96.343069,96.333850,1.000096
2005-12-30,95.241692,95.447028,0.997849
2006-01-04,97.362074,97.305426,1.000582
2006-01-05,100.216563,99.134884,1.010911
2006-01-06,100.631480,100.261499,1.003690
2006-01-09,100.848470,100.801034,1.000471
2006-01-10,101.009584,101.100775,0.999098
2006-01-11,100.743695,100.618088,1.001248
2006-01-12,101.072113,101.676486,0.994056
2006-01-13,100.418732,101.168992,0.992584
2006-01-16,98.920504,99.373643,0.995440
2006-01-17,99.295088,99.668217,0.996256
2006-01-18,100.837280,101.666150,0.991847
2006-01-19,101.110260,102.451680,0.986907
2006-01-20,100.927549,102.670801,0.983021
2006-01-23,100.600605,102.962274,0.977063
2006-01-24,101.335977,103.265116,0.981319
2006-01-25,103.324419,104.351421,0.990158
2006-02-06,105.520549,106.793798,0.988078
2006-02-07,105.168045,106.453747,0.987922
2006-02-08,104.817984,106.777261,0.981651
2006-02-09,103.639894,105.385013,0.983441
2006-02-10,105.224890,106.701809,0.986158
2006-02-13,106.090341,106.626357,0.994973
2006-02-14,106.954547,107.341602,0.996394
2006-02-15,106.841465,107.665116,0.992350
2006-02-16,105.104632,105.438760,0.996831
2006-02-17,105.040697,105.464599,0.995981
2006-02-20,104.716656,105.595866,0.991674
2006-02-21,105.789749,107.371576,0.985268
2006-02-22,105.478533,107.275452,0.983249
2006-02-23,105.609463,107.635142,0.981180
2006-02-24,106.704302,108.469251,0.983729
2006-02-27,104.981848,108.304910,0.969318
2006-02-28,105.676577,108.838243,0.970951
2006-03-01,106.503172,109.211370,0.975202
2006-03-02,103.388455,107.356072,0.963042
2006-03-03,103.619078,107.667183,0.962402
2006-03-06,103.312327,107.376744,0.962148
2006-03-07,101.415035,104.906460,0.966719
2006-03-08,100.741475,104.317313,0.965722
2006-03-09,100.742857,103.807752,0.970475
2006-03-10,101.328563,104.279070,0.971706
2006-03-13,102.646316,105.411886,0.973764
2006-03-14,102.490473,105.247545,0.973804
2006-03-15,103.338187,106.352455,0.971658
2006-03-16,103.524345,106.213953,0.974677
2006-03-17,102.501239,105.841860,0.968438
2006-03-20,103.960180,107.251680,0.969311
2006-03-21,104.593656,107.572093,0.972312
2006-03-22,105.526564,108.286305,0.974514
2006-03-23,105.940962,108.376227,0.977530
2006-03-24,105.738461,107.762274,0.981220
2006-03-27,106.617672,108.600517,0.981742
2006-03-28,107.142058,109.145220,0.981647
2006-03-29,107.943201,110.107494,0.980344
2006-03-30,107.179088,109.109044,0.982312
2006-03-31,107.689414,109.673385,0.981910
2006-04-03,110.143386,111.557623,0.987323
2006-04-04,110.557305,112.596382,0.981890
2006-04-05,112.053637,113.691990,0.985590
2006-04-06,112.948351,114.029974,0.990515
2006-04-07,112.516770,114.020672,0.986810
2006-04-10,112.769157,115.546253,0.975965
2006-04-11,112.947921,116.104393,0.972813
2006-04-12,111.949895,115.459432,0.969604
2006-04-13,109.595562,113.067700,0.969292
2006-04-14,111.680675,115.618605,0.965940
2006-04-17,112.093869,116.218088,0.964513
2006-04-18,113.460215,116.928165,0.970341
2006-04-19,115.412946,117.647545,0.981006
2006-04-20,115.599651,117.248579,0.985936
2006-04-21,118.395672,118.776227,0.996796
2006-04-24,120.353658,118.108527,1.019009
2006-04-25,121.403526,118.028941,1.028591
2006-04-26,121.694844,119.455297,1.018748
2006-04-27,121.810700,119.407752,1.020124
2006-04-28,124.454112,121.173127,1.027077
2006-05-08,129.672883,125.937984,1.029657
2006-05-09,132.220225,129.365375,1.022068
2006-05-10,133.301488,130.845478,1.018770
2006-05-11,132.203967,129.719897,1.019149
2006-05-12,135.941812,133.980362,1.014640
2006-05-15,141.773432,139.758140,1.014420
2006-05-16,138.367937,137.584496,1.005694
2006-05-17,137.228509,138.038243,0.994134
2006-05-18,136.686116,137.591731,0.993418
2006-05-19,139.507774,141.198966,0.988023
2006-05-22,137.194814,141.981395,0.966287
2006-05-23,132.188226,136.191214,0.970608
2006-05-24,133.564558,135.218605,0.987768
2006-05-25,132.050820,135.162791,0.976976
2006-05-26,134.069411,137.573127,0.974532
2006-05-29,137.277421,141.218605,0.972092
2006-05-30,139.335323,142.507494,0.977740
2006-05-31,137.530985,141.131783,0.974486
2006-06-01,140.607845,145.000517,0.969706
2006-06-02,137.200691,143.681654,0.954894
2006-06-05,137.315915,145.029457,0.946814
2006-06-06,133.852380,144.613953,0.925584
2006-06-07,127.335752,136.457881,0.933151
2006-06-08,127.718774,137.052196,0.931899
2006-06-09,125.189331,133.766408,0.935880
2006-06-12,126.713907,134.126098,0.944737
2006-06-13,127.050580,134.189147,0.946802
2006-06-14,125.422726,132.700775,0.945154
2006-06-15,125.933564,132.856848,0.947889
2006-06-16,130.295671,136.228424,0.956450
2006-06-19,131.990504,137.973127,0.956639
2006-06-20,132.296791,138.317313,0.956473
2006-06-21,131.387354,137.832558,0.953239
2006-06-22,130.976641,137.627907,0.951672
2006-06-23,131.474782,138.444444,0.949657
2006-06-26,133.682923,140.920930,0.948638
2006-06-27,133.953195,140.971576,0.950214
2006-06-28,133.139871,140.867183,0.945145
2006-06-29,135.903541,144.198450,0.942476
2006-06-30,135.927704,144.078553,0.943428
2006-07-03,138.887506,146.804134,0.946074
2006-07-04,138.263548,145.840827,0.948044
2006-07-05,135.695488,143.980362,0.942458
2006-07-06,137.694231,146.633592,0.939036
2006-07-07,136.964152,145.780879,0.939521
2006-07-10,137.472948,145.955556,0.941882
2006-07-11,137.953102,146.623256,0.940868
2006-07-12,138.693077,146.687339,0.945501
2006-07-13,132.159373,139.130749,0.949893
2006-07-14,133.273055,140.271835,0.950106
2006-07-17,134.464486,141.834625,0.948037
2006-07-18,133.898693,141.955556,0.943244
2006-07-19,130.070675,138.154005,0.941490
2006-07-20,130.781025,139.037726,0.940615
2006-07-21,132.693432,140.158140,0.946741
2006-07-24,133.682127,140.374160,0.952327
2006-07-25,135.041158,142.033075,0.950773
2006-07-26,133.863603,141.736434,0.944454
2006-07-27,131.849578,140.108527,0.941053
2006-07-28,130.271872,138.644961,0.939608
2006-07-31,125.699580,133.780879,0.939593
2006-08-01,124.975348,132.512661,0.943120
2006-08-02,123.924425,131.792248,0.940301
2006-08-03,123.255035,131.445995,0.937686
2006-08-04,120.686974,128.362791,0.940202
2006-08-07,119.806127,126.521964,0.946920
2006-08-08,122.403663,129.445995,0.945596
2006-08-09,122.198586,129.333333,0.944834
2006-08-10,124.396109,131.418088,0.946568
2006-08-11,124.584043,131.850129,0.944891
2006-08-14,121.848523,128.756589,0.946348
2006-08-15,123.866957,130.838243,0.946718
2006-08-16,125.847773,132.668734,0.948587
2006-08-17,124.611190,131.434625,0.948085
2006-08-18,124.531915,131.045995,0.950292
2006-08-21,125.216512,131.324031,0.953493
2006-08-22,127.077652,132.844444,0.956590
2006-08-23,127.221795,132.886822,0.957370
2006-08-24,127.836507,133.581395,0.956993
2006-08-25,127.980108,133.895607,0.955820
2006-08-28,131.348531,137.042894,0.958448
2006-08-29,132.248268,137.484238,0.961916
2006-08-30,132.619871,137.950388,0.961359
2006-08-31,133.175084,138.365891,0.962485
2006-09-01,131.429933,136.237726,0.964710
2006-09-04,133.651547,138.216021,0.966976
2006-09-05,133.839641,138.571576,0.965852
2006-09-06,134.486849,139.159690,0.966421
2006-09-07,133.112072,137.300258,0.969496
2006-09-08,133.800602,137.689922,0.971753
2006-09-11,134.382824,138.373127,0.971163
2006-09-12,134.903891,139.290956,0.968504
2006-09-13,133.853558,138.334884,0.967605
2006-09-14,134.003951,138.323514,0.968772
2006-09-15,135.494830,140.808269,0.962265
2006-09-18,137.543204,142.176744,0.967410
2006-09-19,138.246854,142.460982,0.970419
2006-09-20,138.578405,142.476486,0.972641
2006-09-21,140.005055,143.397416,0.976343
2006-09-22,139.974479,142.103359,0.985019
2006-09-25,139.604581,141.850129,0.984170
2006-09-26,137.037468,140.325581,0.976568
2006-09-27,137.764060,141.717829,0.972101
2006-09-28,140.975142,143.359173,0.983370
2006-09-29,142.722491,145.040827,0.984016
2006-10-09,146.188466,148.431008,0.984892
2006-10-10,146.079821,148.552972,0.983352
2006-10-11,145.672778,148.414470,0.981527
2006-10-12,142.624002,147.441860,0.967324
2006-10-13,142.284656,147.894574,0.962068
2006-10-16,139.917146,146.617054,0.954303
2006-10-17,140.860772,146.196382,0.963504
2006-10-18,142.698469,148.588114,0.960363
2006-10-19,143.383967,148.773127,0.963776
2006-10-20,143.462271,148.855814,0.963767
2006-10-23,140.082715,145.604134,0.962079
2006-10-24,143.012065,148.842377,0.960829
2006-10-25,145.412430,149.543152,0.972378
2006-10-26,145.118091,150.501292,0.964232
2006-10-27,142.245127,148.739018,0.956340
2006-10-30,141.979026,149.482171,0.949806
2006-10-31,142.681921,151.366408,0.942626
2006-11-01,144.603814,152.910594,0.945676
2006-11-02,144.340311,152.936434,0.943793
2006-11-03,144.934868,153.828424,0.942185
2006-11-06,144.802513,155.854264,0.929089
2006-11-07,144.585981,156.702842,0.922676
2006-11-08,144.512178,154.849612,0.933242
2006-11-09,145.328408,157.592765,0.922177
2006-11-10,143.352388,155.458398,0.922127
2006-11-13,141.077245,152.535401,0.924882
2006-11-14,143.124622,154.395866,0.926998
2006-11-15,146.621338,158.631525,0.924289
2006-11-16,147.618511,158.479587,0.931467
2006-11-17,148.214313,161.455297,0.917990
2006-11-20,149.297903,164.667700,0.906662
2006-11-21,151.738989,166.640827,0.910575
2006-11-22,154.200270,167.858398,0.918633
2006-11-23,154.392065,168.982946,0.913655
2006-11-24,156.568888,169.155556,0.925591
2006-11-27,159.628205,170.728682,0.934982
2006-11-28,159.256062,169.923514,0.937222
2006-11-29,164.425706,172.314212,0.954220
2006-11-30,168.787724,177.194832,0.952554
2006-12-01,172.531615,178.730749,0.965316
2006-12-04,175.662570,184.055814,0.954398
2006-12-05,176.865284,185.450129,0.953708
2006-12-06,174.478575,183.918346,0.948674
2006-12-07,171.237227,183.535917,0.932990
2006-12-08,166.120211,176.907494,0.939023
2006-12-11,173.206644,185.004651,0.936229
2006-12-12,173.792455,186.334884,0.932689
2006-12-13,174.746033,186.445478,0.937250
2006-12-14,181.067929,189.781912,0.954084
2006-12-15,186.534424,193.037726,0.966311
2006-12-18,194.228641,198.047545,0.980717
2006-12-19,192.836216,198.598450,0.970986
2006-12-20,195.430743,200.160207,0.976372
2006-12-21,191.745955,197.311628,0.971792
2006-12-22,189.189586,195.931783,0.965589
2006-12-25,192.669196,200.423773,0.961309
2006-12-26,191.900548,200.334884,0.957899
2006-12-27,196.680245,204.948837,0.959655
2006-12-28,197.919383,204.643928,0.967140
2006-12-29,202.883346,210.961240,0.961709
2007-01-04,201.735622,213.652713,0.944222
2007-01-05,202.298181,214.251163,0.944210
2007-01-08,206.286678,220.316279,0.936321
2007-01-09,212.681829,227.399483,0.935278
2007-01-10,220.122493,233.175194,0.944022
2007-01-11,220.573926,230.659432,0.956275
2007-01-12,220.280691,224.677003,0.980433
2007-01-15,232.624286,236.417571,0.983955
2007-01-16,242.787915,243.294057,0.997920
2007-01-17,236.602067,238.649096,0.991422
2007-01-18,243.740091,239.493540,1.017731
2007-01-19,253.087442,247.657881,1.021924
2007-01-22,261.862883,257.499742,1.016944
2007-01-23,257.026984,259.238243,0.991470
2007-01-24,261.980084,262.163307,0.999301
2007-01-25,254.483798,253.522481,1.003792
2007-01-26,259.672977,259.733333,0.999768
2007-01-29,262.604600,266.348320,0.985944
2007-01-30,260.581736,263.760207,0.987949
2007-01-31,242.101497,246.546770,0.981970
2007-02-01,245.572217,247.562791,0.991959
2007-02-02,236.543557,237.519380,0.995892
2007-02-05,234.682520,234.811370,0.999451
2007-02-06,234.696975,239.383979,0.980421
2007-02-07,239.402573,244.939535,0.977395
2007-02-08,243.373769,249.157623,0.976786
2007-02-09,242.850303,247.777778,0.980113
2007-02-12,253.127552,256.887855,0.985362
2007-02-13,255.680812,260.736951,0.980608
2007-02-14,262.350178,267.529716,0.980639
2007-02-15,271.922041,275.827390,0.985841
2007-02-16,269.127287,276.665633,0.972753
2007-02-26,269.241494,279.863566,0.962046
2007-02-27,243.712783,254.004134,0.959484
2007-02-28,251.235951,263.004651,0.955253
2007-03-01,243.951160,255.663049,0.954190
2007-03-02,248.516986,259.300258,0.958414
2007-03-05,243.647430,255.877003,0.952205
2007-03-06,249.609419,260.495090,0.958212
2007-03-07,260.482480,267.642377,0.973248
2007-03-08,266.970079,271.589664,0.982991
2007-03-09,263.133326,269.911111,0.974889
2007-03-12,263.025711,270.405168,0.972710
2007-03-13,264.507228,272.885788,0.969296
2007-03-14,259.470046,268.460982,0.966509
2007-03-15,265.044609,273.441860,0.969291
2007-03-16,262.668415,269.171059,0.975842
2007-03-19,269.195602,274.874419,0.979340
2007-03-20,267.065308,276.255297,0.966734
2007-03-21,269.503171,279.338501,0.964791
2007-03-22,269.683256,280.239793,0.962330
2007-03-23,268.915842,280.751421,0.957843
2007-03-26,272.347676,285.687855,0.953305
2007-03-27,271.863726,287.754005,0.944778
2007-03-28,274.739070,289.162791,0.950119
2007-03-29,278.161119,287.680620,0.966909
2007-03-30,277.562619,287.522481,0.965360
2007-04-02,285.662213,294.585013,0.969711
2007-04-03,290.160893,298.513695,0.972019
2007-04-04,294.275692,300.963307,0.977779
2007-04-05,297.083433,304.397933,0.975971
2007-04-06,298.522902,307.184496,0.971803
2007-04-09,304.951653,314.022739,0.971113
2007-04-10,310.438559,318.508527,0.974663
2007-04-11,314.558583,322.617054,0.975022
2007-04-12,319.393006,328.314212,0.972827
2007-04-13,320.623657,327.568992,0.978797
2007-04-16,329.467013,336.537468,0.978991
2007-04-17,327.576429,339.390181,0.965191
2007-04-18,327.914817,341.550388,0.960077
2007-04-19,313.415638,325.612403,0.962542
2007-04-20,325.674209,339.977261,0.957929
2007-04-23,335.357348,354.658398,0.945578
2007-04-24,333.746953,356.093023,0.937247
2007-04-25,334.635445,356.411370,0.938902
2007-04-26,340.555849,361.093540,0.943124
2007-04-27,336.776250,358.710078,0.938854
2007-04-30,346.034798,367.825323,0.940758
2007-05-08,357.438483,380.985013,0.938196
2007-05-09,359.230324,382.561240,0.939014
2007-05-10,358.415679,384.962274,0.931041
2007-05-11,360.253622,382.698708,0.941351
2007-05-14,370.181458,385.986563,0.959053
2007-05-15,357.058466,372.572610,0.958359
2007-05-16,366.015827,382.458915,0.957007
2007-05-17,375.971178,390.554005,0.962661
2007-05-18,373.535394,390.349354,0.956926
2007-05-21,374.710784,396.014470,0.946205
2007-05-22,375.972243,400.050646,0.939812
2007-05-23,382.067732,407.126615,0.938449
2007-05-24,384.594543,405.142119,0.949283
2007-05-25,394.881498,411.912145,0.958655
2007-05-28,403.224278,420.938501,0.957917
2007-05-29,411.909755,430.831008,0.956082
2007-05-30,383.128524,401.701292,0.953765
2007-05-31,390.100493,405.989664,0.960863
2007-06-01,385.589348,393.173127,0.980711
2007-06-04,359.150058,362.938501,0.989562
2007-06-05,374.940034,375.672351,0.998051
2007-06-06,377.819146,380.111628,0.993969
2007-06-07,389.539223,393.002584,0.991187
2007-06-08,394.606060,396.679070,0.994774
2007-06-11,403.779073,406.393798,0.993566
2007-06-12,411.163214,417.168992,0.985603
2007-06-13,418.249054,425.660982,0.982587
2007-06-14,413.998763,421.273385,0.982732
2007-06-15,415.222986,423.708527,0.979973
2007-06-18,427.840219,436.958140,0.979133
2007-06-19,428.033028,439.586563,0.973717
2007-06-20,419.456321,429.726098,0.976102
2007-06-21,426.402423,433.827390,0.982885
2007-06-22,414.304921,418.752455,0.989379
2007-06-25,401.365117,400.784496,1.001449
2007-06-26,403.545132,406.016537,0.993913
2007-06-27,414.774048,417.620672,0.993184
2007-06-28,397.384200,398.813437,0.996416
2007-06-29,388.867359,389.052196,0.999525
2007-07-02,385.618978,388.388630,0.992869
2007-07-03,393.150314,396.096124,0.992563
2007-07-04,386.528002,386.933333,0.998952
2007-07-05,369.989985,365.626873,1.011933
2007-07-06,388.350424,383.491473,1.012670
2007-07-09,400.803479,394.966408,1.014779
2007-07-10,401.394801,390.244961,1.028571
2007-07-11,400.725714,391.717829,1.022996
2007-07-12,403.728525,394.513695,1.023357
2007-07-13,403.264321,394.844444,1.021325
2007-07-16,388.889971,382.219121,1.017453
2007-07-17,402.486269,391.695090,1.027550
2007-07-18,403.494725,393.547287,1.025276
2007-07-19,403.878145,393.488372,1.026404
2007-07-20,423.994031,410.530233,1.032796
2007-07-23,443.672960,429.635142,1.032674
2007-07-24,445.620464,430.113695,1.036053
2007-07-25,452.029761,439.840827,1.027712
2007-07-26,459.366389,444.774160,1.032808
2007-07-27,456.430467,445.182429,1.025266
2007-07-30,467.313407,455.844961,1.025159
2007-07-31,471.536068,461.039793,1.022767
2007-08-01,456.988600,443.460465,1.030506
2007-08-02,474.061361,458.520930,1.033893
2007-08-03,501.153631,475.284755,1.054428
2007-08-06,510.681149,486.199483,1.050353
2007-08-07,512.913648,488.325581,1.050352
2007-08-08,510.098945,482.489922,1.057222
2007-08-09,527.440458,493.776744,1.068176
2007-08-10,514.409122,488.545736,1.052940
2007-08-13,509.166835,487.978295,1.043421
2007-08-14,518.777595,495.666150,1.046627
2007-08-15,521.423922,495.994832,1.051269
2007-08-16,512.978855,488.055814,1.051066
2007-08-17,500.302708,478.199483,1.046222
2007-08-20,534.305935,504.954005,1.058128
2007-08-21,545.567830,513.975194,1.061467
2007-08-22,553.627611,522.138501,1.060308
2007-08-23,565.480676,530.845478,1.065245
2007-08-24,572.325843,539.284755,1.061268
2007-08-27,571.032073,541.927649,1.053705
2007-08-28,565.775761,542.818605,1.042293
2007-08-29,555.836050,534.555039,1.039811
2007-08-30,562.706882,541.729199,1.038724
2007-08-31,566.080931,547.473902,1.033987
2007-09-03,575.187636,560.120930,1.026899
2007-09-04,567.500906,554.039276,1.024297
2007-09-05,563.609336,554.341085,1.016719
2007-09-06,567.451277,559.383979,1.014422
2007-09-07,551.705337,547.266150,1.008112
2007-09-10,558.571618,555.785013,1.005014
2007-09-11,531.350125,529.621705,1.003263
2007-09-12,536.820086,537.763307,0.998246
2007-09-13,552.960665,552.968475,0.999986
2007-09-14,557.134683,557.858398,0.998703
2007-09-17,562.737952,568.362791,0.990103
2007-09-18,556.050072,566.081654,0.982279
2007-09-19,548.077289,560.131266,0.978480
2007-09-20,554.423333,567.950388,0.976183
2007-09-21,552.129209,565.178295,0.976912
2007-09-24,562.289979,569.912145,0.986626
2007-09-25,559.536389,563.785013,0.992464
2007-09-26,553.103327,554.110594,0.998182
2007-09-27,558.123659,560.998450,0.994876
2007-09-28,574.801359,576.827907,0.996487
2007-10-08,594.019335,584.303876,1.016627
2007-10-09,593.247782,586.659432,1.011230
2007-10-10,592.255139,587.675452,1.007793
2007-10-11,601.503074,595.357106,1.010323
2007-10-12,596.983015,592.994315,1.006726
2007-10-15,596.822478,601.700258,0.991893
2007-10-16,610.797524,607.462532,1.005490
2007-10-17,602.295324,601.976227,1.000530
2007-10-18,583.214848,580.439276,1.004782
2007-10-19,587.343113,580.264599,1.012199
2007-10-22,580.288920,565.651680,1.025877
2007-10-23,586.135459,572.619121,1.023604
2007-10-24,594.962402,577.572093,1.030109
2007-10-25,578.973046,551.296124,1.050203
2007-10-26,594.180370,557.603101,1.065597
2007-10-29,601.920626,569.339535,1.057226
2007-10-30,608.283441,578.405168,1.051656
2007-10-31,623.440739,587.962791,1.060340
2007-11-01,615.947331,579.351938,1.063166
2007-11-02,603.529581,565.677519,1.066915
2007-11-05,581.063328,554.037209,1.048780
2007-11-06,579.632778,549.617571,1.054611
2007-11-07,584.542113,553.036693,1.056968
2007-11-08,554.305128,526.477519,1.052856
2007-11-09,547.246005,520.985013,1.050406
2007-11-12,548.675097,514.547804,1.066325
2007-11-13,537.554346,510.515762,1.052963
2007-11-14,557.746145,531.874935,1.048642
2007-11-15,551.740739,525.179328,1.050576
2007-11-16,539.842351,517.587597,1.042997
2007-11-19,530.513557,516.219121,1.027691
2007-11-20,538.301106,523.966925,1.027357
2007-11-21,531.289211,516.549871,1.028534
2007-11-22,504.607413,493.294057,1.022934
2007-11-23,514.432408,501.928682,1.024911
2007-11-26,507.474647,496.132300,1.022862
2007-11-27,493.813316,486.940568,1.014114
2007-11-28,488.348026,480.490956,1.016352
2007-11-29,511.821275,500.472351,1.022676
2007-11-30,501.949594,489.654780,1.025109
2007-12-03,509.496112,493.299225,1.032834
2007-12-04,515.758205,499.143152,1.033287
2007-12-05,531.058017,513.276486,1.034643
2007-12-06,532.358702,513.804651,1.036111
2007-12-07,538.732262,521.069767,1.033897
2007-12-10,542.866941,530.600517,1.023118
2007-12-11,539.479656,531.266150,1.015460
2007-12-12,526.349673,524.794832,1.002963
2007-12-13,502.523733,504.837209,0.995417
2007-12-14,512.264228,514.485788,0.995682
2007-12-17,490.931945,502.045478,0.977863
2007-12-18,489.545715,499.215504,0.980630
2007-12-19,500.560789,511.244444,0.979103
2007-12-20,511.854229,520.640827,0.983123
2007-12-21,516.669441,527.322997,0.979797
2007-12-24,531.010668,538.204651,0.986633
2007-12-25,529.829821,539.205168,0.982613
2007-12-26,532.071176,544.189147,0.977732
2007-12-27,545.147671,554.783463,0.982631
2007-12-28,544.662297,551.760207,0.987136
2008-01-02,545.370871,556.599483,0.979826
2008-01-03,540.038700,560.416537,0.963638
2008-01-04,550.671494,566.785530,0.971569
2008-01-07,563.673584,574.324548,0.981455
2008-01-08,562.947779,571.374677,0.985252
2008-01-09,571.583407,580.233592,0.985092
2008-01-10,579.171379,586.268734,0.987894
2008-01-11,591.906591,589.059432,1.004833
2008-01-14,595.210848,592.429974,1.004694
2008-01-15,586.772805,588.780362,0.996590
2008-01-16,560.648421,569.066667,0.985207
2008-01-17,549.403370,554.586047,0.990655
2008-01-18,553.609587,559.635142,0.989233
2008-01-21,522.597471,531.858398,0.982588
2008-01-22,483.243692,491.356072,0.983490
2008-01-23,506.350936,514.223256,0.984691
2008-01-24,508.985628,519.608269,0.979556
2008-01-25,520.993082,524.798966,0.992748
2008-01-28,486.201094,489.083204,0.994107
2008-01-29,488.491365,492.204651,0.992456
2008-01-30,479.942569,486.888889,0.985733
2008-01-31,472.963718,477.560724,0.990374
2008-02-01,475.778792,472.552972,1.006826
2008-02-04,516.807343,511.640310,1.010099
2008-02-05,511.904029,508.716279,1.006266
2008-02-13,497.313898,497.786047,0.999052
2008-02-14,505.100166,504.418605,1.001351
2008-02-15,495.155936,497.499742,0.995289
2008-02-18,504.939472,507.595866,0.994767
2008-02-19,516.828063,518.940568,0.995929
2008-02-20,498.155071,507.361240,0.981855
2008-02-21,491.157769,503.982429,0.974553
2008-02-22,468.575751,486.019638,0.964109
2008-02-25,448.032500,467.160724,0.959054
2008-02-26,450.503424,466.721447,0.965251
2008-02-27,465.803010,479.562791,0.971308
2008-02-28,465.954873,477.732300,0.975347
2008-02-29,471.362518,483.157623,0.975587
2008-03-03,483.695460,495.166925,0.976833
2008-03-04,465.143692,482.806202,0.963417
2008-03-05,462.297272,478.420672,0.966299
2008-03-06,468.971363,484.240827,0.968467
2008-03-07,463.598512,477.694057,0.970493
2008-03-10,441.904765,458.045478,0.964762
2008-03-11,440.862171,459.036693,0.960407
2008-03-12,425.209765,445.441860,0.954580
2008-03-13,414.880412,434.001034,0.955943
2008-03-14,409.432395,429.754005,0.952713
2008-03-17,395.722868,409.848062,0.965536
2008-03-18,379.360908,389.038760,0.975124
2008-03-19,392.498533,401.949354,0.976488
2008-03-20,405.925719,413.625840,0.981384
2008-03-21,408.314327,417.346770,0.978357
2008-03-24,393.411585,398.665633,0.986821
2008-03-25,397.786930,403.697158,0.985360
2008-03-26,401.174980,404.586047,0.991569
2008-03-27,385.912036,387.485271,0.995940
2008-03-28,398.039859,404.977778,0.982868
2008-03-31,385.404402,391.786047,0.983711
2008-04-01,361.539198,370.321447,0.976285
2008-04-02,348.020025,366.716279,0.949017
2008-04-03,359.047425,377.333333,0.951539
2008-04-07,381.704081,397.500775,0.960260
2008-04-08,389.892803,402.176744,0.969456
2008-04-09,370.900182,381.202067,0.972975
2008-04-10,380.936285,388.084755,0.981580
2008-04-11,383.157558,391.083204,0.979734
2008-04-14,359.287030,365.512145,0.982969
2008-04-15,367.716090,370.366925,0.992843
2008-04-16,360.226923,361.139018,0.997474
2008-04-17,349.358539,350.039276,0.998055
2008-04-18,336.991579,338.242894,0.996301
2008-04-21,332.570074,337.731266,0.984718
2008-04-22,329.790460,340.700775,0.967977
2008-04-23,346.906259,356.974677,0.971795
2008-04-24,375.712610,390.129199,0.963047
2008-04-25,377.750409,393.082171,0.960996
2008-04-28,373.230484,385.441860,0.968318
2008-04-29,378.979699,390.381395,0.970793
2008-04-30,392.905246,409.211370,0.960152
2008-05-05,407.180608,419.202067,0.971323
2008-05-06,407.083413,414.562274,0.981960
2008-05-07,390.631222,394.968475,0.989019
2008-05-08,406.341745,405.688889,1.001609
2008-05-09,407.997817,400.921964,1.017649
2008-05-12,408.431282,403.609302,1.011947
2008-05-13,406.911635,398.107494,1.022115
2008-05-14,417.773654,410.933333,1.016646
2008-05-15,413.932570,408.071318,1.014363
2008-05-16,410.852580,406.834109,1.009877
2008-05-19,413.497262,404.555039,1.022104
2008-05-20,391.171042,383.547287,1.019877
2008-05-21,399.778069,391.012920,1.022417
2008-05-22,395.212088,383.611370,1.030241
2008-05-23,387.090251,379.860465,1.019033
2008-05-26,371.060798,367.878036,1.008652
2008-05-27,371.760364,369.633075,1.005755
2008-05-28,379.891405,379.972093,0.999788
2008-05-29,369.548603,370.115762,0.998468
2008-05-30,368.607523,373.264083,0.987525
2008-06-02,370.976973,374.762791,0.989898
2008-06-03,371.384110,373.551421,0.994198
2008-06-04,364.045597,366.606718,0.993014
2008-06-05,357.141531,363.011886,0.983829
2008-06-06,356.271658,360.671835,0.987800
2008-06-10,334.624505,331.427390,1.009647
2008-06-11,325.426892,324.578811,1.002613
2008-06-12,319.315316,318.824806,1.001538
2008-06-13,305.644624,307.919380,0.992612
2008-06-16,296.337998,305.141085,0.971151
2008-06-17,283.792016,293.817054,0.965880
2008-06-18,302.720344,309.175194,0.979122
2008-06-19,284.341629,286.623256,0.992040
2008-06-20,291.352952,294.539535,0.989181
2008-06-23,286.984632,288.365891,0.995210
2008-06-24,296.953826,294.772093,1.007401
2008-06-25,308.469333,306.929199,1.005018
2008-06-26,310.937841,308.104393,1.009196
2008-06-27,296.036714,291.061499,1.017093
2008-06-30,294.589008,288.560207,1.020893
2008-07-01,288.161066,278.899225,1.033209
2008-07-02,290.227470,279.028424,1.040136
2008-07-03,297.517553,285.334367,1.042698
2008-07-04,290.597482,283.395349,1.025414
2008-07-07,302.657923,297.959690,1.015768
2008-07-08,309.497305,299.931783,1.031892
2008-07-09,318.189066,311.641344,1.021010
2008-07-10,315.211764,307.362274,1.025538
2008-07-11,315.378586,305.271318,1.033109
2008-07-14,318.092813,307.583463,1.034167
2008-07-15,307.551364,294.881654,1.042965
2008-07-16,294.252396,283.782946,1.036892
2008-07-17,287.958917,280.937468,1.024993
2008-07-18,295.760163,291.003618,1.016345
2008-07-21,305.354403,300.883721,1.014859
2008-07-22,304.646612,300.231525,1.014706
2008-07-23,298.007884,298.017571,0.999967
2008-07-24,303.994069,307.737468,0.987836
2008-07-25,298.870462,303.793282,0.983795
2008-07-28,301.655270,306.031008,0.985702
2008-07-29,300.125939,300.323514,0.999342
2008-07-30,295.764652,298.127132,0.992076
2008-07-31,286.621691,289.944186,0.988541
2008-08-01,285.344999,293.621705,0.971812
2008-08-04,276.690688,286.630491,0.965322
2008-08-05,262.208513,279.388114,0.938510
2008-08-06,261.539498,281.311628,0.929714
2008-08-07,261.305571,281.182429,0.929310
2008-08-08,248.294964,267.851163,0.926989
2008-08-11,232.675235,253.933850,0.916283
2008-08-12,231.282786,252.626357,0.915513
2008-08-13,232.522377,252.679070,0.920228
2008-08-14,232.193726,252.559173,0.919364
2008-08-15,229.519118,252.983979,0.907248
2008-08-18,213.173611,239.111111,0.891525
2008-08-19,215.096398,242.735917,0.886133
2008-08-20,231.834862,261.802584,0.885533
2008-08-21,223.320478,252.607752,0.884060
2008-08-22,219.977243,248.571576,0.884965
2008-08-25,216.633928,248.118863,0.873105
2008-08-26,206.139580,240.985013,0.855404
2008-08-27,204.597553,240.340052,0.851284
2008-08-28,205.637974,241.433592,0.851737
2008-08-29,210.951020,247.197933,0.853369
2008-09-01,203.641336,238.673902,0.853220
2008-09-02,201.614210,236.218088,0.853509
2008-09-03,196.742664,232.140568,0.847515
2008-09-04,196.451877,232.677003,0.844312
2008-09-05,189.217235,225.677519,0.838441
2008-09-08,181.758729,219.795349,0.826945
2008-09-09,182.126226,221.100775,0.823725
2008-09-10,180.605578,221.517313,0.815311
2008-09-11,175.187106,214.173643,0.817968
2008-09-12,175.515611,214.764858,0.817245
2008-09-16,171.921854,206.785530,0.831402
2008-09-17,170.973586,199.394315,0.857465
2008-09-18,168.979257,195.967959,0.862280
2008-09-19,182.657437,214.274935,0.852444
2008-09-22,191.770399,228.176744,0.840447
2008-09-23,184.132102,219.481137,0.838943
2008-09-24,186.964450,221.069767,0.845726
2008-09-25,192.564320,229.822222,0.837884
2008-09-26,195.123119,231.902842,0.841400
2008-10-06,185.910094,220.020672,0.844966
2008-10-07,182.759292,217.307494,0.841017
2008-10-08,177.171036,209.083204,0.847371
2008-10-09,173.696968,206.232558,0.842238
2008-10-10,166.074996,197.101809,0.842585
2008-10-13,166.856587,205.218605,0.813068
2008-10-14,162.922892,199.960724,0.814774
2008-10-15,159.121768,197.866667,0.804187
2008-10-16,151.521242,188.206718,0.805079
2008-10-17,152.725825,189.484238,0.806008
2008-10-20,157.499812,196.044444,0.803388
2008-10-21,157.720631,194.460982,0.811066
2008-10-22,155.065677,189.490439,0.818330
2008-10-23,157.164279,189.641344,0.828745
2008-10-24,154.684321,184.144703,0.840015
2008-10-27,144.739186,171.025323,0.846303
2008-10-28,148.937810,176.312145,0.844739
2008-10-29,145.359527,171.392248,0.848110
2008-10-30,148.352936,175.468734,0.845466
2008-10-31,145.844836,171.954522,0.848159
2008-11-03,145.083520,170.908527,0.848896
2008-11-04,142.375092,168.243928,0.846242
2008-11-05,146.745979,174.823773,0.839394
2008-11-06,142.775437,170.519897,0.837295
2008-11-07,143.270615,173.419121,0.826152
2008-11-10,152.399171,186.219121,0.818386
2008-11-11,150.788317,184.119897,0.818968
2008-11-12,152.553001,186.234625,0.819144
2008-11-13,159.144339,193.703359,0.821588
2008-11-14,166.940057,200.894057,0.830986
2008-11-17,172.911421,205.398450,0.841834
2008-11-18,162.950451,190.162274,0.856902
2008-11-19,173.676117,201.877003,0.860307
2008-11-20,172.572008,199.734367,0.864008
2008-11-21,169.710722,198.526098,0.854853
2008-11-24,163.529457,189.936951,0.860967
2008-11-25,163.509852,189.590698,0.862436
2008-11-26,163.813089,190.542636,0.859719
2008-11-27,165.989207,193.330233,0.858579
2008-11-28,163.257910,189.139018,0.863164
2008-12-01,167.767449,192.683204,0.870691
2008-12-02,169.930918,193.140052,0.879833
2008-12-03,177.220036,201.826357,0.878082
2008-12-04,179.075906,204.954005,0.873737
2008-12-05,182.845034,208.080620,0.878722
2008-12-08,189.101728,216.541602,0.873281
2008-12-09,185.707625,210.940568,0.880379
2008-12-10,189.355806,216.681137,0.873892
2008-12-11,185.625753,211.508010,0.877630
2008-12-12,179.612598,202.623256,0.886436
2008-12-15,182.026402,204.137468,0.891685
2008-12-16,184.176269,206.144703,0.893432
2008-12-17,186.049313,206.865116,0.899375
2008-12-18,188.907808,211.379845,0.893689
2008-12-19,189.957779,212.104393,0.895586
2008-12-22,189.068239,208.532300,0.906662
2008-12-23,180.576705,198.342119,0.910430
2008-12-24,178.068484,195.047028,0.912952
2008-12-25,175.831936,193.361240,0.909344
2008-12-26,173.739161,192.465116,0.902705
2008-12-29,171.693814,191.706460,0.895608
2008-12-30,170.753847,189.502842,0.901062
2008-12-31,168.841873,187.878036,0.898678
2009-01-05,172.786476,194.621189,0.887809
2009-01-06,177.264297,200.806202,0.882763
2009-01-07,175.746860,199.605168,0.880472
2009-01-08,172.269551,195.141085,0.882795
2009-01-09,175.287209,198.281137,0.884034
2009-01-12,174.939815,198.520930,0.881216
2009-01-13,170.109282,193.921447,0.877207
2009-01-14,176.964685,202.091990,0.875664
2009-01-15,177.611280,202.053747,0.879030
2009-01-16,179.932265,205.706460,0.874704
2009-01-19,180.690479,208.007235,0.868674
2009-01-20,181.509686,209.321964,0.867132
2009-01-21,179.884098,208.962274,0.860845
2009-01-22,184.041583,211.322997,0.870902
2009-01-23,183.955283,210.096124,0.875577
2009-02-02,186.319289,212.616021,0.876318
2009-02-03,191.053328,217.975194,0.876491
2009-02-04,194.602874,223.918346,0.869080
2009-02-05,192.992070,222.322481,0.868073
2009-02-06,200.627710,231.243411,0.867604
2009-02-09,208.849199,237.381912,0.879802
2009-02-10,212.011373,240.491990,0.881574
2009-02-11,212.414336,240.944703,0.881590
2009-02-12,212.068809,239.621705,0.885015
2009-02-13,218.215734,247.965891,0.880023
2009-02-16,222.085686,254.496124,0.872649
2009-02-17,216.310238,246.541602,0.877378
2009-02-18,207.049208,235.228941,0.880203
2009-02-19,210.429093,237.561757,0.885787
2009-02-20,216.015578,242.306977,0.891495
2009-02-23,222.025771,249.145220,0.891150
2009-02-24,213.656037,237.917313,0.898026
2009-02-25,210.074690,238.165375,0.882054
2009-02-26,196.784578,226.376227,0.869281
2009-02-27,190.626498,221.239276,0.861630
2009-03-02,193.923478,223.738501,0.866742
2009-03-03,191.830956,221.410853,0.866403
2009-03-04,204.904482,236.191214,0.867536
2009-03-05,204.995856,238.234625,0.860479
2009-03-06,202.294901,236.339018,0.855952
2009-03-09,196.146841,227.651680,0.861609
2009-03-10,199.862053,231.605168,0.862943
2009-03-11,198.486252,229.496641,0.864877
2009-03-12,197.148618,229.012920,0.860862
2009-03-13,196.277420,227.950388,0.861053
2009-03-16,198.065674,231.690956,0.854870
2009-03-17,205.438128,240.041344,0.855845
2009-03-18,208.472292,241.100775,0.864669
2009-03-19,214.630401,246.259432,0.871562
2009-03-20,217.441730,245.978295,0.883987
2009-03-23,223.360215,252.134367,0.885878
2009-03-24,224.942826,253.413953,0.887650
2009-03-25,219.338085,248.199483,0.883717
2009-03-26,225.286894,256.309044,0.878966
2009-03-27,229.313244,258.287339,0.887822
2009-03-30,230.318795,256.794832,0.896898
2009-03-31,235.990772,259.203101,0.910447
2009-04-01,238.324833,263.381912,0.904864
2009-04-02,239.026932,266.294574,0.897603
2009-04-03,236.027861,265.684755,0.888376
2009-04-07,236.605845,266.351421,0.888322
2009-04-08,228.094635,256.263566,0.890078
2009-04-09,231.872613,260.224289,0.891049
2009-04-10,241.305395,268.271835,0.899481
2009-04-13,245.641232,274.575711,0.894621
2009-04-14,247.815064,276.679070,0.895677
2009-04-15,249.087251,277.725065,0.896884
2009-04-16,247.887399,277.737468,0.892524
2009-04-17,246.505733,273.973127,0.899744
2009-04-20,249.424792,279.862532,0.891240
2009-04-21,246.059627,276.531266,0.889808
2009-04-22,236.132425,266.282171,0.886775
2009-04-23,238.201662,268.068217,0.888586
2009-04-24,235.333658,265.931783,0.884940
2009-04-27,229.798409,259.771576,0.884617
2009-04-28,233.338393,260.313178,0.896376
2009-04-29,239.236592,269.288889,0.888401
2009-04-30,242.224171,271.103876,0.893474
2009-05-04,248.855215,280.547804,0.887033
2009-05-05,251.073803,281.861499,0.890770
2009-05-06,254.376516,285.786047,0.890094
2009-05-07,251.171501,286.003101,0.878213
2009-05-08,249.707710,288.291473,0.866164
2009-05-11,241.495004,281.686822,0.857317
2009-05-12,247.027673,288.223256,0.857071
2009-05-13,249.050898,290.853747,0.856275
2009-05-14,249.794252,288.640827,0.865416
2009-05-15,250.581294,289.004651,0.867049
2009-05-18,250.532493,290.498191,0.862424
2009-05-19,251.818838,293.548320,0.857845
2009-05-20,250.730314,290.735917,0.862399
2009-05-21,247.127335,284.238760,0.869436
2009-05-22,246.005744,283.274419,0.868436
2009-05-25,247.659619,284.518863,0.870451
2009-05-26,246.044417,281.112145,0.875254
2009-05-27,246.277932,285.241344,0.863402
2009-06-01,252.736773,295.435659,0.855471
2009-06-02,252.584378,296.134367,0.852938
2009-06-03,254.694218,303.812920,0.838326
2009-06-04,252.938636,305.297158,0.828500
2009-06-05,250.829223,303.804651,0.825627
2009-06-08,248.472993,304.752455,0.815327
2009-06-09,250.923482,306.001034,0.820009
2009-06-10,253.170249,309.002584,0.819314
2009-06-11,251.606578,306.111628,0.821944
2009-06-12,247.674189,300.391731,0.824504
2009-06-15,249.181134,306.582946,0.812769
2009-06-16,250.264057,306.069251,0.817671
2009-06-17,254.490483,311.172093,0.817845
2009-06-18,257.012130,316.013437,0.813295
2009-06-19,257.754145,318.346253,0.809666
2009-06-22,255.403920,318.610853,0.801617
2009-06-23,253.551535,318.749354,0.795457
2009-06-24,259.527585,322.556072,0.804597
2009-06-25,258.418479,322.265633,0.801880
2009-06-26,259.408528,323.350904,0.802251
2009-06-29,263.267732,328.679070,0.800987
2009-06-30,261.145098,327.283721,0.797917
2009-07-01,266.615939,334.666667,0.796661
2009-07-02,268.745259,339.262016,0.792147
2009-07-03,272.285936,343.890439,0.791781
2009-07-06,274.870873,348.811370,0.788022
2009-07-07,272.011049,345.270284,0.787821
2009-07-08,276.768854,346.487855,0.798784
2009-07-09,281.380798,351.038760,0.801566
2009-07-10,281.288675,351.246512,0.800830
2009-07-13,282.284345,347.391214,0.812583
2009-07-14,289.130540,357.080103,0.809708
2009-07-15,290.384846,361.065633,0.804244
2009-07-16,288.438375,361.885271,0.797044
2009-07-17,290.337296,363.804651,0.798058
2009-07-20,294.270635,371.175194,0.792808
2009-07-21,289.133420,365.873902,0.790254
2009-07-22,294.619378,372.808269,0.790271
2009-07-23,296.211694,377.464599,0.784740
2009-07-24,293.801064,379.075969,0.775045
2009-07-27,298.824390,386.938501,0.772279
2009-07-28,302.444201,388.198450,0.779097
2009-07-29,283.481620,367.804651,0.770740
2009-07-30,287.135852,375.691990,0.764285
2009-07-31,294.961021,386.007235,0.764133
2009-08-03,298.398756,391.424289,0.762341
2009-08-04,303.491792,391.381912,0.775436
2009-08-05,299.955037,386.660465,0.775758
2009-08-06,296.967305,378.617054,0.784347
2009-08-07,290.171774,367.452196,0.789686
2009-08-10,290.925353,366.360724,0.794095
2009-08-11,293.775580,367.584496,0.799206
2009-08-12,279.381180,351.152455,0.795612
2009-08-13,279.461622,355.640310,0.785798
2009-08-14,272.679426,345.680620,0.788819
2009-08-17,256.725110,324.575711,0.790956
2009-08-18,257.385447,327.854264,0.785061
2009-08-19,244.788046,311.583463,0.785626
2009-08-20,254.150376,325.001550,0.781997
2009-08-21,259.730556,331.123514,0.784392
2009-08-24,263.498810,333.808786,0.789371
2009-08-25,256.845302,321.429457,0.799072
2009-08-26,264.709718,327.895607,0.807299
2009-08-27,264.757099,326.232558,0.811559
2009-08-28,256.628297,314.912661,0.814919
2009-08-31,238.163120,292.534367,0.814137
2009-09-01,236.578535,293.922481,0.804901
2009-09-02,238.095442,298.804134,0.796828
2009-09-03,251.401406,315.448062,0.796966
2009-09-04,254.816287,318.050646,0.801181
2009-09-07,256.291154,320.848579,0.798792
2009-09-08,261.768546,327.748837,0.798686
2009-09-09,265.559702,330.223256,0.804182
2009-09-10,262.830353,326.915762,0.803970
2009-09-11,267.255633,334.690439,0.798516
2009-09-14,274.178294,340.402067,0.805454
2009-09-15,274.369382,341.358140,0.803758
2009-09-16,272.023391,336.768992,0.807745
2009-09-17,276.824945,343.162791,0.806687
2009-09-18,268.320260,330.717313,0.811328
2009-09-21,268.795771,331.638243,0.810509
2009-09-22,262.867685,323.620672,0.812271
2009-09-23,256.097503,316.286305,0.809702
2009-09-24,258.733854,318.442377,0.812498
2009-09-25,255.021309,316.127132,0.806705
2009-09-28,245.852856,307.249612,0.800173
2009-09-29,247.604213,307.213437,0.805968
2009-09-30,251.964354,310.574677,0.811284
2009-10-09,267.633844,326.998450,0.818456
2009-10-12,268.498120,325.749871,0.824246
2009-10-13,272.951064,330.596382,0.825632
2009-10-14,277.210645,333.581395,0.831014
2009-10-15,278.699894,334.846512,0.832321
2009-10-16,280.687253,335.060465,0.837721
2009-10-19,290.674421,344.099225,0.844740
2009-10-20,293.103798,349.102842,0.839592
2009-10-21,291.712048,348.247028,0.837658
2009-10-22,289.603971,345.976227,0.837063
2009-10-23,295.895547,352.790698,0.838728
2009-10-26,295.280638,352.893023,0.836743
2009-10-27,286.255363,342.606718,0.835522
2009-10-28,288.236128,344.116796,0.837611
2009-10-29,280.179708,335.612403,0.834831
2009-10-30,282.641712,339.056331,0.833613
2009-11-02,293.854390,350.677003,0.837963
2009-11-03,297.038931,355.083204,0.836533
2009-11-04,297.007190,356.991214,0.831973
2009-11-05,297.690032,358.069251,0.831376
2009-11-06,300.366794,360.002067,0.834347
2009-11-09,300.725444,361.321964,0.832292
2009-11-10,303.189729,362.147804,0.837199
2009-11-11,301.411876,361.309561,0.834221
2009-11-12,301.167146,361.756072,0.832514
2009-11-13,301.922432,363.691990,0.830160
2009-11-16,313.382257,374.759690,0.836222
2009-11-17,312.838339,375.023256,0.834184
2009-11-18,311.308257,375.217571,0.829674
2009-11-19,311.889406,376.479587,0.828436
2009-11-20,311.405559,375.298191,0.829755
2009-11-23,314.726393,378.864083,0.830711
2009-11-24,305.455218,366.726615,0.832924
2009-11-25,312.897543,375.155556,0.834047
2009-11-26,301.816024,360.286305,0.837712
2009-11-27,289.642575,349.613437,0.828465
2009-11-30,301.496201,362.963307,0.830652
2009-12-01,304.277207,368.044444,0.826740
2009-12-02,309.555060,371.817054,0.832547
2009-12-03,308.009861,371.150388,0.829879
2009-12-04,311.699330,376.588114,0.827693
2009-12-07,313.871307,379.207235,0.827704
2009-12-08,310.588061,374.575711,0.829173
2009-12-09,305.196799,367.388114,0.830720
2009-12-10,306.600357,369.740568,0.829231
2009-12-11,305.517577,369.511111,0.826816
2009-12-14,306.563165,373.410853,0.820981
2009-12-15,303.180218,370.371059,0.818585
2009-12-16,301.155604,368.033075,0.818284
2009-12-17,294.346931,359.705426,0.818300
2009-12-18,282.967454,350.567442,0.807170
2009-12-21,284.932058,351.071835,0.811606
2009-12-22,275.291196,341.657881,0.805751
2009-12-23,277.438036,344.855814,0.804504
2009-12-24,287.758372,355.433592,0.809598
2009-12-25,286.329767,353.982429,0.808881
2009-12-28,291.191799,359.527649,0.809929
2009-12-29,291.872401,361.833592,0.806648
2009-12-30,295.326496,367.840827,0.802865
2009-12-31,296.293993,369.579328,0.801706
2010-01-04,291.646662,365.398450,0.798161
2010-01-05,292.035305,368.376227,0.792764
2010-01-06,290.661059,366.070284,0.794003
2010-01-07,286.342421,358.807235,0.798040
2010-01-08,287.070154,359.703359,0.798075
2010-01-11,285.008458,359.901809,0.791906
2010-01-12,288.081179,365.366408,0.788472
2010-01-13,276.648921,353.606202,0.782364
2010-01-14,280.800021,358.558140,0.783137
2010-01-15,282.667369,359.973127,0.785246
2010-01-18,282.684647,361.827390,0.781269
2010-01-19,283.706673,362.530233,0.782574
2010-01-20,274.673324,350.845478,0.782890
2010-01-21,274.274758,352.306977,0.778511
2010-01-22,268.627433,347.927649,0.772078
2010-01-25,266.163385,343.980362,0.773775
2010-01-26,256.414625,335.173127,0.765021
2010-01-27,253.697243,330.601550,0.767381
2010-01-28,255.205491,331.428424,0.770017
2010-01-29,254.408749,331.179328,0.768190
2010-02-01,249.774368,325.861499,0.766505
2010-02-02,249.994336,325.187597,0.768770
2010-02-03,258.808984,333.924548,0.775052
2010-02-04,257.593350,332.692506,0.774269
2010-02-05,250.967020,325.900775,0.770072
2010-02-08,251.021406,325.683721,0.770752
2010-02-09,251.604694,327.564858,0.768106
2010-02-10,255.516529,332.209819,0.769142
2010-02-11,256.535934,332.857881,0.770707
2010-02-12,258.946435,336.049612,0.770560
2010-02-22,257.427627,334.196382,0.770288
2010-02-23,255.104126,330.607752,0.771622
2010-02-24,259.231753,335.346770,0.773026
2010-02-25,263.959222,340.271835,0.775730
2010-02-26,263.381199,339.190698,0.776499
2010-03-01,266.661600,343.609302,0.776060
2010-03-02,264.778260,342.247028,0.773647
2010-03-03,266.141755,344.711111,0.772072
2010-03-04,258.611287,335.976227,0.769731
2010-03-05,259.974244,336.926098,0.771606
2010-03-08,263.571730,339.656848,0.775994
2010-03-09,266.872690,341.690956,0.781035
2010-03-10,263.586911,338.986047,0.777575
2010-03-11,262.397143,338.678036,0.774769
2010-03-12,258.582278,334.173643,0.773796
2010-03-15,255.582054,329.010853,0.776820
2010-03-16,258.047849,331.159690,0.779225
2010-03-17,263.927416,338.389664,0.779951
2010-03-18,264.161337,337.732300,0.782162
2010-03-19,266.452344,340.451680,0.782644
2010-03-22,266.956657,341.357106,0.782045
2010-03-23,265.805824,338.560207,0.785107
2010-03-24,267.218001,338.673902,0.789013
2010-03-25,263.063753,333.760207,0.788182
2010-03-26,266.211229,338.501292,0.786441
2010-03-29,272.381355,347.135917,0.784653
2010-03-30,274.005835,347.980362,0.787418
2010-03-31,271.243649,345.799483,0.784396
2010-04-01,275.473546,350.588114,0.785747
2010-04-02,277.472165,352.180879,0.787868
2010-04-06,277.552862,351.953488,0.788607
2010-04-07,277.475946,350.072351,0.792625
2010-04-08,274.008672,345.916279,0.792124
2010-04-09,277.873716,349.268217,0.795588
2010-04-12,277.179620,346.406202,0.800158
2010-04-13,278.492851,350.565375,0.794411
2010-04-14,282.367590,351.804651,0.802626
2010-04-15,282.075281,350.859948,0.803954
2010-04-16,279.879129,346.907494,0.806783
2010-04-19,266.481054,328.312145,0.811670
2010-04-20,267.539919,327.996899,0.815678
2010-04-21,274.874206,334.540568,0.821647
2010-04-22,274.193074,330.908527,0.828607
2010-04-23,273.149108,329.715762,0.828438
2010-04-26,273.386246,327.855297,0.833863
2010-04-27,269.669233,321.282687,0.839352
2010-04-28,268.749683,320.139535,0.839477
2010-04-29,261.610173,316.285271,0.827134
2010-04-30,259.409472,317.040827,0.818221
2010-05-04,258.803372,312.087855,0.829264
2010-05-05,260.403212,313.838760,0.829736
2010-05-06,248.671395,299.417054,0.830518
2010-05-07,241.926274,293.208269,0.825100
2010-05-10,241.886311,295.424289,0.818776
2010-05-11,237.740657,289.490439,0.821238
2010-05-12,236.469571,291.282687,0.811822
2010-05-13,245.284668,298.388630,0.822031
2010-05-14,244.305357,296.436176,0.824142
2010-05-17,231.133690,280.591214,0.823738
2010-05-18,235.519391,286.444444,0.822217
2010-05-19,236.107494,285.495607,0.827009
2010-05-20,233.109010,281.759173,0.827334
2010-05-21,237.433638,286.179845,0.829666
2010-05-24,247.726787,296.999483,0.834098
2010-05-25,243.641427,290.846512,0.837698
2010-05-26,242.742985,290.846512,0.834609
2010-05-27,247.516868,295.605168,0.837323
2010-05-28,248.221340,294.604651,0.842557
2010-05-31,241.961574,286.641860,0.844125
2010-06-01,238.813219,283.634109,0.841976
2010-06-02,241.402187,285.016021,0.846978
2010-06-03,239.838504,282.798966,0.848088
2010-06-04,239.798590,283.657881,0.845380
2010-06-07,235.225719,278.627390,0.844230
2010-06-08,237.451918,279.001550,0.851077
2010-06-09,243.697380,287.558656,0.847470
2010-06-10,241.874631,284.239793,0.850953
2010-06-11,242.566177,285.154522,0.850648
2010-06-17,239.268780,283.486305,0.844022
2010-06-18,232.643430,278.673902,0.834823
2010-06-21,238.808601,287.406718,0.830908
2010-06-22,238.971822,287.722997,0.830562
2010-06-23,237.451082,285.116279,0.832822
2010-06-24,236.458044,285.012920,0.829640
2010-06-25,234.321352,282.820672,0.828516
2010-06-28,231.528172,280.804134,0.824518
2010-06-29,221.216288,267.909044,0.825714
2010-06-30,219.300793,264.916796,0.827810
2010-07-01,215.896438,261.092506,0.826896
2010-07-02,213.375835,261.923514,0.814649
2010-07-05,210.781896,259.705426,0.811619
2010-07-06,216.714843,264.899225,0.818103
2010-07-07,219.364315,266.716279,0.822463
2010-07-08,220.080045,266.244961,0.826607
2010-07-09,228.448102,273.602067,0.834965
2010-07-12,230.820073,276.611886,0.834455
2010-07-13,228.419203,272.309044,0.838823
2010-07-14,229.312668,274.274935,0.836069
2010-07-15,225.660420,269.614470,0.836974
2010-07-16,228.004549,270.401034,0.843209
2010-07-19,234.922682,277.257881,0.847307
2010-07-20,240.964544,283.359173,0.850386
2010-07-21,241.542206,283.962791,0.850612
2010-07-22,244.567718,287.471835,0.850754
2010-07-23,245.472252,288.690439,0.850296
2010-07-26,248.787403,290.548837,0.856267
2010-07-27,247.258549,288.963307,0.855675
2010-07-28,252.917628,295.991731,0.854475
2010-07-29,253.939578,297.465633,0.853677
2010-07-30,252.577349,296.521964,0.851800
2010-08-02,258.394848,301.527649,0.856952
2010-08-03,255.152371,296.224289,0.861349
2010-08-04,257.711046,297.305426,0.866823
2010-08-05,258.122156,294.659432,0.876002
2010-08-06,261.472325,299.499742,0.873030
2010-08-09,264.990095,301.626873,0.878536
2010-08-10,257.308837,292.779328,0.878849
2010-08-11,259.423166,294.595349,0.880608
2010-08-12,256.258450,291.099742,0.880311
2010-08-13,260.243126,295.147287,0.881740
2010-08-16,266.547362,302.023773,0.882538
2010-08-17,268.849171,304.112661,0.884045
2010-08-18,269.912765,303.603101,0.889032
2010-08-19,271.201085,305.467700,0.887822
2010-08-20,263.790964,299.568992,0.880568
2010-08-23,264.260885,299.347804,0.882789
2010-08-24,266.656151,300.964341,0.886006
2010-08-25,261.282874,293.852196,0.889164
2010-08-26,262.186067,294.582946,0.890025
2010-08-27,264.242756,295.459432,0.894345
2010-08-30,271.410301,301.293023,0.900818
2010-08-31,271.804506,300.071318,0.905800
2010-09-01,269.344082,298.091990,0.903560
2010-09-02,275.636932,301.952455,0.912849
2010-09-03,276.923807,301.830491,0.917481
2010-09-06,279.577713,307.502842,0.909187
2010-09-07,281.295971,308.331783,0.912316
2010-09-08,284.542338,308.110594,0.923507
2010-09-09,279.122120,302.476486,0.922789
2010-09-10,282.624930,303.105943,0.932430
2010-09-13,285.909262,306.182946,0.933786
2010-09-14,287.261173,306.460982,0.937350
2010-09-15,281.204316,301.104910,0.933908
2010-09-16,275.156878,295.378811,0.931539
2010-09-17,277.895355,295.748837,0.939633
2010-09-20,276.386710,294.556072,0.938316
2010-09-21,277.966408,295.346770,0.941153
2010-09-27,285.545977,300.261499,0.950991
2010-09-28,287.074789,297.768475,0.964087
2010-09-29,284.333241,297.137984,0.956906
2010-09-30,288.042766,303.418088,0.949326
2010-10-08,298.106141,314.649096,0.947424
2010-10-11,294.712907,323.813953,0.910130
2010-10-12,295.630931,327.930749,0.901504
2010-10-13,294.836901,332.566408,0.886550
2010-10-14,287.905003,333.244444,0.863945
2010-10-15,293.058312,343.946253,0.852047
2010-10-18,290.713261,341.721964,0.850730
2010-10-19,299.829846,348.906460,0.859342
2010-10-20,305.956335,351.098708,0.871425
2010-10-21,308.492868,348.805168,0.884427
2010-10-22,311.047007,349.215504,0.890702
2010-10-25,318.991923,359.801550,0.886577
2010-10-26,319.806536,358.251163,0.892688
2010-10-27,313.311029,351.821189,0.890541
2010-10-28,312.821288,351.182429,0.890766
2010-10-29,315.123419,349.351938,0.902023
2010-11-01,323.527957,358.966408,0.901276
2010-11-02,319.187822,357.946253,0.891720
2010-11-03,313.602413,353.523514,0.887077
2010-11-04,322.067780,359.742636,0.895273
2010-11-05,324.421575,363.906977,0.891496
2010-11-08,327.459445,366.777261,0.892802
2010-11-09,331.580721,364.232558,0.910354
2010-11-10,335.836933,361.665116,0.928585
2010-11-11,331.300968,362.788630,0.913207
2010-11-12,310.927195,340.240827,0.913844
2010-11-15,321.819327,342.624289,0.939278
2010-11-16,311.519293,327.601034,0.950911
2010-11-17,296.784305,320.817571,0.925087
2010-11-18,301.053391,325.370543,0.925263
2010-11-19,307.700053,328.563307,0.936502
2010-11-22,310.417633,327.849096,0.946831
2010-11-23,306.283710,321.155556,0.953693
2010-11-24,316.183290,328.376227,0.962869
2010-11-25,319.025550,333.176227,0.957528
2010-11-26,318.175934,330.217054,0.963536
2010-11-29,321.923633,329.720930,0.976352
2010-11-30,314.865343,324.236693,0.971097
2010-12-01,311.771571,324.136434,0.961853
2010-12-02,312.170585,326.104393,0.957272
2010-12-03,309.686292,326.424806,0.948722
2010-12-06,306.960703,327.190698,0.938171
2010-12-07,311.951610,330.784496,0.943066
2010-12-08,311.329310,327.842894,0.949630
2010-12-09,303.640699,322.828941,0.940562
2010-12-10,306.392091,326.819638,0.937496
2010-12-13,314.234080,337.060465,0.932278
2010-12-14,315.546408,337.929716,0.933763
2010-12-15,313.774727,335.673385,0.934762
2010-12-16,313.798636,333.919380,0.939744
2010-12-17,313.188265,333.401550,0.939373
2010-12-20,306.327604,328.543669,0.932380
2010-12-21,307.373203,335.866667,0.915164
2010-12-22,305.415773,332.346253,0.918969
2010-12-23,302.233358,329.572093,0.917048
2010-12-24,297.678260,326.920930,0.910551
2010-12-27,289.825932,320.383463,0.904622
2010-12-28,285.392332,314.721447,0.906809
2010-12-29,290.475910,316.468217,0.917868
2010-12-30,292.838286,316.702842,0.924647
2010-12-31,298.723986,323.334367,0.923886
2011-01-04,300.814396,329.682687,0.912436
2011-01-05,296.799767,328.233592,0.904233
2011-01-06,296.379793,326.577778,0.907532
2011-01-07,295.236893,327.299225,0.902040
2011-01-10,288.139843,321.259948,0.896906
2011-01-11,286.385791,322.989147,0.886673
2011-01-12,287.700368,324.789664,0.885805
2011-01-13,290.177380,324.680103,0.893733
2011-01-14,287.153219,319.572093,0.898555
2011-01-17,274.902446,307.426357,0.894206
2011-01-18,276.969467,307.767442,0.899931
2011-01-19,282.504492,314.713178,0.897657
2011-01-20,271.815707,304.362791,0.893065
2011-01-21,270.973677,308.367959,0.878735
2011-01-24,264.916812,305.346770,0.867593
2011-01-25,263.222775,303.736434,0.866616
2011-01-26,267.617297,307.848062,0.869316
2011-01-27,272.204087,312.813437,0.870180
2011-01-28,276.752186,313.874935,0.881728
2011-01-31,279.656225,317.985530,0.879462
2011-02-01,280.239225,318.065116,0.881075
2011-02-09,276.382261,314.310078,0.879330
2011-02-10,285.747791,320.843411,0.890614
2011-02-11,289.084135,322.579845,0.896163
2011-02-14,296.432976,332.727649,0.890918
2011-02-15,297.555654,332.575711,0.894700
2011-02-16,301.522979,335.765375,0.898017
2011-02-17,300.541751,335.494574,0.895817
2011-02-18,297.803068,331.977261,0.897059
2011-02-21,302.454364,336.734884,0.898197
2011-02-22,293.586699,326.985013,0.897860
2011-02-23,295.694069,328.138501,0.901126
2011-02-24,296.949251,329.812920,0.900357
2011-02-25,296.603464,330.503359,0.897429
2011-02-28,300.795180,334.838243,0.898330
2011-03-01,301.874658,336.422739,0.897308
2011-03-02,300.509629,335.224806,0.896442
2011-03-03,295.489126,332.994315,0.887370
2011-03-04,298.411087,338.053747,0.882733
2011-03-07,302.509753,344.652196,0.877725
2011-03-08,303.910874,344.957106,0.881011
2011-03-09,302.909757,345.101809,0.877740
2011-03-10,301.090125,339.044961,0.888054
2011-03-11,299.053096,335.646512,0.890976
2011-03-14,302.365216,337.252713,0.896554
2011-03-15,296.679221,331.158656,0.895882
2011-03-16,299.385049,335.731266,0.891740
2011-03-17,293.693004,330.449612,0.888768
2011-03-18,294.746650,332.371059,0.886800
2011-03-21,293.293147,331.484238,0.884788
2011-03-22,294.018376,333.122481,0.882613
2011-03-23,299.082894,337.460465,0.886275
2011-03-24,298.467795,336.057881,0.888144
2011-03-25,301.543206,340.514729,0.885551
2011-03-28,299.575786,340.110594,0.880819
2011-03-29,291.771761,336.742119,0.866455
2011-03-30,294.225171,336.545736,0.874250
2011-03-31,291.968637,333.156589,0.876371
2011-04-01,294.471242,338.266667,0.870530
2011-04-06,294.834859,342.229457,0.861512
2011-04-07,297.651037,343.609302,0.866248
2011-04-08,302.380050,346.600517,0.872417
2011-04-11,301.471730,344.540568,0.874996
2011-04-12,298.981615,343.852196,0.869506
2011-04-13,301.277653,348.530233,0.864423
2011-04-14,298.146962,346.621189,0.860152
2011-04-15,296.589458,347.177261,0.854288
2011-04-18,293.661120,347.228941,0.845728
2011-04-19,288.674239,340.652196,0.847416
2011-04-20,290.477856,340.647028,0.852724
2011-04-21,294.439872,342.880620,0.858724
2011-04-22,295.108010,341.079070,0.865219
2011-04-25,288.815744,335.872868,0.859896
2011-04-26,286.256319,333.949354,0.857185
2011-04-27,283.622872,331.731266,0.854978
2011-04-28,274.917271,326.798966,0.841243
2011-04-29,281.079537,329.996899,0.851764
2011-05-03,282.797933,331.899742,0.852058
2011-05-04,275.623385,323.413953,0.852231
2011-05-05,274.450649,323.113178,0.849395
2011-05-06,275.844217,322.625323,0.854999
2011-05-09,278.545098,323.489406,0.861064
2011-05-10,279.643866,325.914212,0.858029
2011-05-11,279.599514,325.073902,0.860111
2011-05-12,274.704309,320.578811,0.856901
2011-05-13,275.791980,323.316796,0.853009
2011-05-16,272.174278,320.460982,0.849321
2011-05-17,272.971661,322.070284,0.847553
2011-05-18,274.989840,324.483721,0.847469
2011-05-19,273.855757,322.546770,0.849042
2011-05-20,273.417121,322.645995,0.847421
2011-05-23,264.636488,312.452713,0.846965
2011-05-24,266.830348,312.787597,0.853072
2011-05-25,264.808294,309.079070,0.856766
2011-05-26,262.531036,307.842894,0.852808
2011-05-27,259.144709,306.285271,0.846089
2011-05-30,256.745173,305.375711,0.840752
2011-05-31,263.697452,310.238760,0.849982
2011-06-01,265.461556,310.508527,0.854925
2011-06-02,263.199642,305.499742,0.861538
2011-06-03,266.865092,308.666667,0.864574
2011-06-07,268.962924,310.517829,0.866175
2011-06-08,269.687472,310.971576,0.867242
2011-06-09,263.718378,305.104910,0.864353
2011-06-10,264.507195,306.142636,0.864000
2011-06-13,263.533408,304.945736,0.864198
2011-06-14,268.506760,309.411886,0.867797
2011-06-15,265.309333,306.265633,0.866272
2011-06-16,260.498850,301.558656,0.863841
2011-06-17,255.485108,298.931266,0.854662
2011-06-20,253.491796,297.147287,0.853085
2011-06-21,258.140700,300.679070,0.858526
2011-06-22,258.856831,300.628424,0.861052
2011-06-23,266.441467,305.698191,0.871583
2011-06-24,272.407387,312.916796,0.870543
2011-06-27,273.347108,313.849096,0.870951
2011-06-28,276.138304,314.390698,0.878328
2011-06-29,272.526315,310.095090,0.878848
2011-06-30,276.096058,314.634625,0.877513
2011-07-01,276.722987,315.219638,0.877874
2011-07-04,284.248353,322.685271,0.880884
2011-07-05,285.932495,322.739018,0.885956
2011-07-06,287.014953,321.830491,0.891820
2011-07-07,285.006507,320.587080,0.889014
2011-07-08,285.157095,321.362274,0.887338
2011-07-11,288.240468,321.778811,0.895772
2011-07-12,284.175183,315.959690,0.899403
2011-07-13,289.244389,321.059432,0.900906
2011-07-14,290.753979,322.041344,0.902847
2011-07-15,293.053537,323.399483,0.906166
2011-07-18,291.800186,322.749354,0.904108
2011-07-19,288.556652,319.910078,0.901993
2011-07-20,287.985409,319.542119,0.901244
2011-07-21,285.681891,316.190181,0.903513
2011-07-22,287.463674,317.104910,0.906525
2011-07-25,278.391927,306.800000,0.907405
2011-07-26,278.752913,307.779845,0.905689
2011-07-27,281.826146,310.082687,0.908874
2011-07-28,280.596542,308.113695,0.910692
2011-07-29,277.166920,307.191731,0.902260
2011-08-01,278.073365,307.774677,0.903497
2011-08-02,276.704567,305.568992,0.905539
2011-08-03,277.228937,305.412920,0.907718
2011-08-04,279.063589,305.975194,0.912046
2011-08-05,274.805462,299.474935,0.917624
2011-08-08,265.036539,288.775194,0.917795
2011-08-09,265.563331,289.218605,0.918210
2011-08-10,268.270379,291.898708,0.919053
2011-08-11,271.975271,296.322481,0.917835
2011-08-12,274.137767,297.195866,0.922414
2011-08-15,278.814728,301.589664,0.924484
2011-08-16,276.664053,299.491473,0.923779
2011-08-17,274.599804,298.295607,0.920563
2011-08-18,269.406206,292.945736,0.919645
2011-08-19,266.558333,290.197416,0.918541
2011-08-22,261.704523,287.110078,0.911513
2011-08-23,265.281671,291.576227,0.909819
2011-08-24,265.097667,290.441344,0.912741
2011-08-25,271.374935,300.138501,0.904166
2011-08-26,271.434346,299.867700,0.905180
2011-08-29,268.773035,294.864083,0.911515
2011-08-30,266.594223,293.719897,0.907648
2011-08-31,266.743709,294.240827,0.906549
2011-09-01,264.420685,292.975711,0.902534
2011-09-02,262.176720,289.803618,0.904670
2011-09-05,254.354347,283.598966,0.896880
2011-09-06,250.000709,281.478036,0.888171
2011-09-07,255.381035,287.244444,0.889072
2011-09-08,252.796259,284.869251,0.887412
2011-09-09,251.184705,284.351421,0.883360
2011-09-13,246.610178,281.165891,0.877098
2011-09-14,247.143185,282.491990,0.874868
2011-09-15,247.400121,282.072351,0.877080
2011-09-16,247.933449,282.582946,0.877383
2011-09-19,242.969916,276.927132,0.877379
2011-09-20,244.103747,278.020672,0.878006
2011-09-21,252.860188,286.409302,0.882863
2011-09-22,244.732704,277.590698,0.881632
2011-09-23,242.487270,275.915245,0.878847
2011-09-26,237.847374,269.862532,0.881365
2011-09-27,240.459037,272.649096,0.881936
2011-09-28,238.453582,269.828424,0.883723
2011-09-29,234.740659,267.513178,0.877492
2011-09-30,234.239559,266.806202,0.877939
2011-10-10,230.984571,264.297674,0.873956
2011-10-11,226.696032,263.771576,0.859441
2011-10-12,233.733284,273.360207,0.855038
2011-10-13,236.050181,275.204134,0.857728
2011-10-14,234.530301,274.292506,0.855037
2011-10-17,236.915742,275.653747,0.859469
2011-10-18,229.257764,267.928682,0.855667
2011-10-19,227.153540,266.985013,0.850810
2011-10-20,219.331031,260.519897,0.841897
2011-10-21,216.776771,259.212403,0.836290
2011-10-24,222.415845,266.322481,0.835137
2011-10-25,228.405024,271.362274,0.841698
2011-10-26,231.530504,274.072351,0.844779
2011-10-27,231.369839,274.674935,0.842341
2011-10-28,237.469718,280.002067,0.848100
2011-10-31,236.371290,278.585013,0.848471
2011-11-01,235.657715,278.814470,0.845213
2011-11-02,237.471934,283.451163,0.837788
2011-11-03,239.136915,283.648579,0.843075
2011-11-04,240.851653,285.658915,0.843144
2011-11-07,239.443976,282.816537,0.846641
2011-11-08,239.071048,281.933850,0.847969
2011-11-09,241.316526,284.408269,0.848486
2011-11-10,236.810673,279.027390,0.848700
2011-11-11,235.957501,278.552972,0.847083
2011-11-14,240.915952,284.258398,0.847524
2011-11-15,240.036299,283.687855,0.846128
2011-11-16,233.914572,275.981395,0.847574
2011-11-17,233.497352,275.144186,0.848636
2011-11-18,227.408161,269.405685,0.844110
2011-11-21,227.571715,269.735401,0.843685
2011-11-22,228.500465,269.713695,0.847196
2011-11-23,227.288237,267.081137,0.851008
2011-11-24,226.996370,267.588630,0.848303
2011-11-25,227.228937,265.629974,0.855434
2011-11-28,227.613022,265.976227,0.855765
2011-11-29,230.038708,269.619638,0.853197
2011-11-30,222.166463,260.622222,0.852446
2011-12-01,226.703832,267.039793,0.848951
2011-12-02,223.616639,264.321447,0.846003
2011-12-05,217.100349,260.608786,0.833051
2011-12-06,217.264847,260.086822,0.835355
2011-12-07,218.006780,261.315762,0.834266
2011-12-08,217.167519,260.981912,0.832117
2011-12-09,213.510917,258.755556,0.825145
2011-12-12,210.741886,256.091990,0.822915
2011-12-13,205.079825,250.328682,0.819242
2011-12-14,202.254876,247.801550,0.816197
2011-12-15,195.562815,241.942119,0.808304
2011-12-16,200.407493,247.041860,0.811229
2011-12-19,198.566470,246.450646,0.805705
2011-12-20,198.374016,245.691990,0.807409
2011-12-21,194.230101,241.768475,0.803372
2011-12-22,196.109525,241.998966,0.810373
2011-12-23,198.622360,243.840827,0.814557
2011-12-26,196.046670,241.416021,0.812070
2011-12-27,191.971221,238.247028,0.805765
2011-12-28,192.856456,238.545736,0.808467
2011-12-29,193.153786,238.900258,0.808512
2011-12-30,196.692457,242.453747,0.811258
2012-01-04,190.992849,237.596899,0.803852
2012-01-05,187.485441,235.285788,0.796841
2012-01-06,189.032405,236.754522,0.798432
2012-01-09,196.769800,244.813437,0.803754
2012-01-10,205.860818,252.956072,0.813820
2012-01-11,205.911741,251.742636,0.817945
2012-01-12,205.449348,251.702326,0.816239
2012-01-13,202.497038,247.475969,0.818249
2012-01-16,194.264758,242.444444,0.801275
2012-01-17,206.112123,254.325581,0.810426
2012-01-18,202.998203,250.355556,0.810840
2012-01-19,207.384162,255.126615,0.812868
2012-01-20,210.403341,258.820672,0.812931
2012-01-30,207.894170,254.337984,0.817393
2012-01-31,209.294267,254.703876,0.821716
2012-02-01,205.256652,251.058398,0.817565
2012-02-02,209.115340,256.975711,0.813755
2012-02-03,209.981261,259.027390,0.810653
2012-02-06,211.447750,258.844444,0.816891
2012-02-07,207.615536,254.051680,0.817218
2012-02-08,215.419624,261.316796,0.824362
2012-02-09,215.760780,261.419121,0.825344
2012-02-10,216.248122,261.872868,0.825775
2012-02-13,216.844506,261.703359,0.828589
2012-02-14,215.925251,260.683204,0.828305
2012-02-15,218.391054,263.525581,0.828728
2012-02-16,216.144045,262.126098,0.824580
2012-02-17,215.980253,262.231525,0.823624
2012-02-20,216.149113,262.605685,0.823094
2012-02-21,218.109537,264.852713,0.823513
2012-02-22,221.190627,268.473385,0.823883
2012-02-23,223.445671,269.380879,0.829479
2012-02-24,227.444819,273.697158,0.831009
2012-02-27,228.349128,274.580879,0.831628
2012-02-28,228.595617,275.189664,0.830684
2012-02-29,228.638959,272.262532,0.839774
2012-03-01,227.878421,272.180879,0.837232
2012-03-02,231.171024,276.995349,0.834566
2012-03-05,230.987354,275.214470,0.839299
2012-03-06,226.056588,270.909561,0.834436
2012-03-07,222.674695,269.044961,0.827649
2012-03-08,225.854800,272.433075,0.829029
2012-03-09,231.505214,275.379845,0.840676
2012-03-12,231.954041,274.356589,0.845447
2012-03-13,233.296839,277.113178,0.841883
2012-03-14,227.718830,269.262016,0.845715
2012-03-15,226.327251,267.240310,0.846905
2012-03-16,231.718726,271.164858,0.854531
2012-03-19,231.230692,271.835659,0.850627
2012-03-20,228.708707,267.126615,0.856181
2012-03-21,228.464486,267.471835,0.854163
2012-03-22,228.730341,267.054264,0.856494
2012-03-23,227.828667,263.869767,0.863413
2012-03-26,229.221365,264.128165,0.867841
2012-03-27,227.189998,263.270284,0.862953
2012-03-28,222.804251,255.803618,0.870997
2012-03-29,221.088862,252.518863,0.875534
2012-03-30,222.101199,253.736434,0.875322
2012-04-05,225.839166,259.724031,0.869535
2012-04-06,226.379228,260.447545,0.869193
2012-04-09,224.838331,257.896641,0.871816
2012-04-10,226.334416,260.443411,0.869035
2012-04-11,226.593163,260.469251,0.869942
2012-04-12,230.702828,265.678553,0.868353
2012-04-13,231.143936,266.713178,0.866639
2012-04-16,230.368051,266.050646,0.865880
2012-04-17,227.655861,262.726615,0.866512
2012-04-18,231.942147,268.724548,0.863122
2012-04-19,231.358752,268.326615,0.862228
2012-04-20,234.190256,271.508010,0.862554
2012-04-23,232.635198,269.358140,0.863665
2012-04-24,233.418978,269.237209,0.866964
2012-04-25,234.755897,271.420155,0.864917
2012-04-26,235.133049,271.988630,0.864496
2012-04-27,236.400347,271.437726,0.870919
2012-05-02,240.470283,277.363307,0.866987
2012-05-03,240.184857,278.193282,0.863374
2012-05-04,242.874022,280.711111,0.865210
2012-05-07,242.540184,280.907494,0.863417
2012-05-08,242.218930,280.012403,0.865029
2012-05-09,238.542969,274.678036,0.868446
2012-05-10,238.094995,274.647028,0.866913
2012-05-11,236.380562,272.549871,0.867293
2012-05-14,233.834626,270.339018,0.864968
2012-05-15,233.868502,270.529199,0.864485
2012-05-16,230.202856,266.113695,0.865055
2012-05-17,232.613653,270.174677,0.860975
2012-05-18,229.403520,266.044444,0.862275
2012-05-21,231.729488,267.413953,0.866557
2012-05-22,234.958953,271.579328,0.865158
2012-05-23,233.551936,270.477519,0.863480
2012-05-24,230.837722,268.243928,0.860552
2012-05-25,229.371180,265.953488,0.862448
2012-05-28,232.642175,270.252196,0.860834
2012-05-29,234.958773,273.989664,0.857546
2012-05-30,234.342236,273.101809,0.858076
2012-05-31,233.799511,272.045478,0.859413
2012-06-01,234.279596,272.144703,0.860864
2012-06-04,228.721643,264.499225,0.864735
2012-06-05,230.000247,264.479587,0.869633
2012-06-06,229.514149,264.330749,0.868284
2012-06-07,228.183232,262.757623,0.868417
2012-06-08,225.757625,260.912661,0.865261
2012-06-11,226.293866,264.420672,0.855810
2012-06-12,225.103744,262.550904,0.857372
2012-06-13,228.193808,266.732817,0.855515
2012-06-14,226.430336,264.642894,0.855607
2012-06-15,227.346341,265.431525,0.856516
2012-06-18,228.313481,266.791731,0.855774
2012-06-19,226.719917,264.456848,0.857304
2012-06-20,226.472892,263.835659,0.858386
2012-06-21,223.678598,259.657881,0.861436
2012-06-25,220.375678,253.903876,0.867949
2012-06-26,219.121707,253.738501,0.863573
2012-06-27,218.877753,252.940568,0.865333
2012-06-28,216.952308,250.721447,0.865312
2012-06-29,220.422323,254.429974,0.866338
2012-07-02,220.985359,254.805168,0.867272
2012-07-03,222.933916,255.164858,0.873686
2012-07-04,223.501286,254.772093,0.877260
2012-07-05,221.637026,251.201034,0.882309
2012-07-06,224.416962,255.566925,0.878114
2012-07-09,219.142227,249.719897,0.877552
2012-07-10,218.328318,248.755556,0.877682
2012-07-11,220.184933,250.704910,0.878263
2012-07-12,221.421996,253.145220,0.874684
2012-07-13,222.780891,253.295090,0.879531
2012-07-16,219.871124,248.034109,0.886455
2012-07-17,219.770902,249.529716,0.880740
2012-07-18,218.089270,249.544186,0.873951
2012-07-19,218.208369,250.575711,0.870828
2012-07-20,215.764280,247.902842,0.870358
2012-07-23,212.768351,244.488889,0.870258
2012-07-24,213.620099,245.580362,0.869858
2012-07-25,212.986733,243.935917,0.873126
2012-07-26,211.701365,242.634625,0.872511
2012-07-27,212.534717,242.802067,0.875341
2012-07-30,213.009506,241.425323,0.882300
2012-07-31,213.808536,241.128682,0.886699
2012-08-01,214.848238,243.788114,0.881291
2012-08-02,213.298849,241.331266,0.883843
2012-08-03,215.039697,243.280620,0.883916
2012-08-06,216.980937,246.574677,0.879981
2012-08-07,217.130395,246.911628,0.879385
2012-08-08,217.609398,247.007752,0.880982
2012-08-09,220.017955,249.271318,0.882644
2012-08-10,217.688658,248.036176,0.877649
2012-08-13,215.812480,243.093540,0.887775
2012-08-14,216.386406,243.619638,0.888214
2012-08-15,213.602838,240.994315,0.886340
2012-08-16,212.220415,239.759173,0.885140
2012-08-17,210.912023,239.119380,0.882037
2012-08-20,210.104205,237.911111,0.883121
2012-08-21,210.897113,239.142119,0.881890
2012-08-22,209.256015,237.270284,0.881931
2012-08-23,209.264861,237.953488,0.879436
2012-08-24,208.268932,235.212403,0.885450
2012-08-27,205.647679,230.304910,0.892937
2012-08-28,206.302293,231.360207,0.891693
2012-08-29,203.987835,228.920930,0.891084
2012-08-30,203.931696,228.565375,0.892225
2012-08-31,203.532129,227.893540,0.893102
2012-09-03,204.411763,230.322481,0.887502
2012-09-04,203.281771,227.845995,0.892189
2012-09-05,201.595005,227.377778,0.886608
2012-09-06,202.897822,229.232041,0.885120
2012-09-07,211.267218,239.501809,0.882111
2012-09-10,210.965308,240.482687,0.877258
2012-09-11,209.460631,238.955039,0.876569
2012-09-12,209.748581,239.800517,0.874679
2012-09-13,208.334201,237.566925,0.876950
2012-09-14,210.648555,239.332300,0.880151
2012-09-17,206.355299,233.458398,0.883906
2012-09-18,203.899900,231.032558,0.882559
2012-09-19,202.771702,232.169509,0.873378
2012-09-20,199.051868,226.971576,0.876990
2012-09-21,199.804577,227.293023,0.879062
2012-09-24,201.907822,228.994315,0.881715
2012-09-25,203.231318,228.439276,0.889651
2012-09-26,201.039944,225.828424,0.890233
2012-09-27,207.424162,232.735917,0.891243
2012-09-28,211.383395,237.013953,0.891861
2012-10-08,208.383225,234.630491,0.888134
2012-10-09,212.859014,239.809819,0.887616
2012-10-10,212.411662,240.219121,0.884241
2012-10-11,210.160481,237.987597,0.883073
2012-10-12,210.114796,238.194315,0.882115
2012-10-15,211.089476,237.194832,0.889941
2012-10-16,211.283674,237.535917,0.889481
2012-10-17,209.933264,237.808786,0.882782
2012-10-18,213.008356,241.455297,0.882185
2012-10-19,213.082906,241.082171,0.883860
2012-10-22,213.729657,242.024806,0.883090
2012-10-23,210.178881,238.974677,0.879503
2012-10-24,210.215183,238.530233,0.881294
2012-10-25,208.619736,236.820672,0.880919
2012-10-26,205.631548,232.342119,0.885038
2012-10-29,204.568093,231.095607,0.885210
2012-10-30,205.138891,231.512145,0.886083
2012-10-31,206.662851,233.056331,0.886751
2012-11-01,211.434090,237.506977,0.890223
2012-11-02,212.165692,238.425840,0.889860
2012-11-05,210.817237,237.920413,0.886083
2012-11-06,209.860833,236.920930,0.885784
2012-11-07,209.230854,236.435142,0.884940
2012-11-08,206.292225,232.083721,0.888870
2012-11-09,205.086184,231.619638,0.885444
2012-11-12,205.265612,232.749354,0.881917
2012-11-13,202.034251,228.675969,0.883496
2012-11-14,203.168148,229.778811,0.884190
2012-11-15,201.420258,226.730749,0.888368
2012-11-16,199.183271,225.037726,0.885111
2012-11-19,196.920486,224.805168,0.875961
2012-11-20,196.586890,223.760207,0.878561
2012-11-21,199.412288,226.863049,0.878999
2012-11-22,197.932717,225.069767,0.879428
2012-11-23,199.937518,226.633592,0.882206
2012-11-26,198.034887,224.868217,0.880671
2012-11-27,196.656396,222.288372,0.884690
2012-11-28,194.569999,220.068217,0.884135
2012-11-29,193.261076,218.674935,0.883782
2012-11-30,196.349632,221.153488,0.887843
2012-12-03,193.942274,217.968992,0.889770
2012-12-04,196.044927,220.306977,0.889872
2012-12-05,202.057444,228.204651,0.885422
2012-12-06,201.801529,227.762274,0.886018
2012-12-07,204.465782,232.223256,0.880471
2012-12-10,206.379096,234.733850,0.879205
2012-12-11,205.270941,233.436693,0.879343
2012-12-12,206.580375,234.394832,0.881335
2012-12-13,204.934094,231.797416,0.884109
2012-12-14,214.723269,243.500775,0.881818
2012-12-17,214.712297,244.620155,0.877738
2012-12-18,213.647205,244.766925,0.872860
2012-12-19,213.849951,245.075969,0.872586
2012-12-20,215.232365,246.493023,0.873178
2012-12-21,214.270379,245.167959,0.873974
2012-12-24,214.274677,246.120930,0.870607
2012-12-25,220.163456,253.064599,0.869989
2012-12-26,221.325972,254.017571,0.871302
2012-12-27,220.305308,252.670801,0.871906
2012-12-28,224.226319,256.335917,0.874736
2012-12-31,229.228247,260.770026,0.879044
2013-01-04,229.549450,260.920930,0.879766
2013-01-07,230.114371,262.117829,0.877904
2013-01-08,228.943899,261.016021,0.877126
2013-01-09,229.186824,261.098708,0.877778
2013-01-10,229.075730,261.557623,0.875814
2013-01-11,225.363953,256.664599,0.878048
2013-01-14,234.216372,266.432041,0.879085
2013-01-15,235.013385,268.305943,0.875916
2013-01-16,231.921604,266.365891,0.870688
2013-01-17,230.184274,263.851163,0.872402
2013-01-18,234.143429,268.262532,0.872815
2013-01-21,233.651483,269.860465,0.865823
2013-01-22,232.566164,268.413437,0.866448
2013-01-23,234.418957,269.504910,0.869813
2013-01-24,233.344796,266.951938,0.874108
2013-01-25,230.649682,265.805685,0.867738
2013-01-28,236.342186,274.094057,0.862267
2013-01-29,238.645173,276.575711,0.862857
2013-01-30,240.937039,277.902842,0.866983
2013-01-31,239.457954,277.713695,0.862248
2013-02-01,245.957784,283.547287,0.867431
2013-02-04,244.672137,284.034109,0.861418
2013-02-05,247.077757,286.478553,0.862465
2013-02-06,247.889851,286.908527,0.864003
2013-02-07,246.566387,285.257881,0.864363
2013-02-08,246.751606,286.483721,0.861311
2013-02-18,241.059327,282.942636,0.851972
2013-02-19,236.724063,277.582429,0.852806
2013-02-20,238.897771,279.342636,0.855214
2013-02-21,232.075124,269.824289,0.860097
2013-02-22,231.345160,268.382429,0.861998
2013-02-25,231.034331,269.246512,0.858077
2013-02-26,227.682867,265.385013,0.857934
2013-02-27,230.515685,268.183979,0.859543
2013-02-28,237.287055,276.313178,0.858761
2013-03-01,236.145244,275.849096,0.856067
2013-03-04,224.556337,263.123514,0.853426
2013-03-05,230.867563,271.091473,0.851622
2013-03-06,233.743918,273.922481,0.853321
2013-03-07,231.600653,270.747287,0.855413
2013-03-08,230.942119,269.450129,0.857087
2013-03-11,229.653780,267.945220,0.857092
2013-03-12,226.406770,264.146770,0.857125
2013-03-13,223.830455,261.239276,0.856802
2013-03-14,224.505317,261.940052,0.857087
2013-03-15,223.989045,262.518863,0.853230
2013-03-18,222.467570,258.655297,0.860093
2013-03-19,224.447779,260.992248,0.859979
2013-03-20,233.662197,269.785013,0.866105
2013-03-21,234.670879,270.283204,0.868241
2013-03-22,235.174451,270.626357,0.869001
2013-03-25,235.085751,270.087855,0.870405
2013-03-26,232.561118,266.155039,0.873781
2013-03-27,234.677547,267.031525,0.878838
2013-03-28,227.073194,258.325581,0.879019
2013-03-29,225.074249,257.889406,0.872755
2013-04-01,226.084246,257.694057,0.877336
2013-04-02,223.791005,256.991214,0.870812
2013-04-03,222.388342,256.697674,0.866343
2013-04-08,223.413470,255.534884,0.874297
2013-04-09,224.393446,257.305426,0.872090
2013-04-10,222.736062,256.879587,0.867084
2013-04-11,222.703966,256.111628,0.869558
2013-04-12,221.615914,254.481654,0.870852
2013-04-15,221.233846,251.867700,0.878373
2013-04-16,224.620373,254.221189,0.883563
2013-04-17,225.909809,254.105426,0.889040
2013-04-18,226.994169,254.764858,0.890995
2013-04-19,234.059382,261.894574,0.893716
2013-04-22,233.921992,261.567959,0.894307
2013-04-23,226.270152,253.175194,0.893730
2013-04-24,231.934511,257.941085,0.899176
2013-04-25,228.458389,255.078036,0.895641
2013-04-26,226.954944,252.951938,0.897226
2013-05-02,230.207342,253.192765,0.909218
2013-05-03,235.081092,257.665116,0.912351
2013-05-06,237.422756,261.083204,0.909376
2013-05-07,237.426034,261.492506,0.907965
2013-05-08,239.210644,262.821705,0.910163
2013-05-09,236.701577,261.270284,0.905964
2013-05-10,237.202812,262.619121,0.903220
2013-05-13,234.612863,261.578295,0.896913
2013-05-14,230.562971,257.709561,0.894662
2013-05-15,231.677274,259.114212,0.894113
2013-05-16,236.609169,263.845995,0.896770
2013-05-17,239.936356,267.912145,0.895578
2013-05-20,241.038749,269.727132,0.893639
2013-05-21,242.199617,270.268734,0.896144
2013-05-22,242.522983,270.597416,0.896250
2013-05-23,240.897808,266.961240,0.902370
2013-05-24,242.696038,268.447545,0.904072
2013-05-27,242.836288,268.691473,0.903774
2013-05-28,247.034895,273.318863,0.903834
2013-05-29,247.454327,273.132817,0.905985
2013-05-30,246.662396,272.281137,0.905911
2013-05-31,243.191483,269.398450,0.902720
2013-06-03,241.999917,269.004651,0.899612
2013-06-04,238.233567,265.185530,0.898366
2013-06-05,238.094036,264.655297,0.899638
2013-06-06,234.721682,261.276486,0.898365
2013-06-07,230.470857,256.760724,0.897609
2013-06-13,223.955665,248.055814,0.902844
2013-06-14,226.824684,249.795349,0.908042
2013-06-17,225.579178,248.458915,0.907913
2013-06-18,227.583283,250.000000,0.910333
2013-06-19,225.567664,248.141602,0.909028
2013-06-20,218.401456,239.945220,0.910214
2013-06-21,218.526537,239.523514,0.912339
2013-06-24,203.921997,224.414470,0.908685
2013-06-25,203.357880,223.816021,0.908594
2013-06-26,206.873391,224.113695,0.923073
2013-06-27,206.535114,223.332300,0.924788
2013-06-28,211.539488,227.456331,0.930022
2013-07-01,214.374910,228.766925,0.937089
2013-07-02,215.809220,229.662016,0.939682
2013-07-03,213.687151,227.786047,0.938105
2013-07-04,215.141733,229.662016,0.936775
2013-07-05,216.146263,230.165375,0.939091
2013-07-08,211.400413,223.629974,0.945313
2013-07-09,210.482092,223.531783,0.941620
2013-07-10,217.147200,229.878036,0.944619
2013-07-11,227.711927,240.484755,0.946887
2013-07-12,224.055199,235.180362,0.952695
2013-07-15,228.562981,238.480620,0.958413
2013-07-16,229.305734,239.571059,0.957151
2013-07-17,225.047903,235.952455,0.953785
2013-07-18,220.868860,232.075452,0.951711
2013-07-19,214.037394,226.406202,0.945369
2013-07-22,215.445965,227.616537,0.946530
2013-07-23,222.961139,234.196382,0.952026
2013-07-24,222.497588,232.470284,0.957101
2013-07-25,220.524596,231.284755,0.953477
2013-07-26,219.549111,229.871835,0.955094
2013-07-29,214.724665,224.906460,0.954729
2013-07-30,215.063694,226.293540,0.950375
2013-07-31,215.741075,226.668734,0.951790
2013-08-01,221.473708,232.078553,0.954305
2013-08-02,222.095392,232.274935,0.956175
2013-08-05,225.943587,235.486305,0.959477
2013-08-06,227.951032,237.068734,0.961540
2013-08-07,227.001347,235.722997,0.963000
2013-08-08,226.433558,235.326098,0.962212
2013-08-09,226.992886,236.280103,0.960694
2013-08-12,232.478193,243.182429,0.955983
2013-08-13,233.381291,243.831525,0.957142
2013-08-14,232.578440,242.798966,0.957905
2013-08-15,228.335358,239.956589,0.951569
2013-08-16,226.589842,238.154005,0.951442
2013-08-19,230.647285,240.974677,0.957143
2013-08-20,228.606602,239.014987,0.956453
2013-08-21,226.685890,238.613953,0.950011
2013-08-22,227.100096,238.132300,0.953672
2013-08-23,226.447223,236.375194,0.957999
2013-08-26,231.112753,241.407752,0.957354
2013-08-27,231.052215,241.951421,0.954953
2013-08-28,228.101251,240.626357,0.947948
2013-08-29,227.597223,239.618605,0.949831
2013-08-30,226.055586,239.163824,0.945191
2013-09-02,226.867645,239.828424,0.945958
2013-09-03,231.549773,243.359173,0.951473
2013-09-04,230.776576,242.966408,0.949829
2013-09-05,229.943064,242.040310,0.950020
2013-09-06,230.745818,243.698191,0.946851
2013-09-09,238.036428,252.259432,0.943618
2013-09-10,240.056884,255.802584,0.938446
2013-09-11,239.665477,256.629457,0.933897
2013-09-12,240.918986,259.168992,0.929583
2013-09-13,239.579871,257.250646,0.931309
2013-09-16,238.814310,256.164341,0.932270
2013-09-17,235.578001,250.885788,0.938985
2013-09-18,235.257061,251.422222,0.935705
2013-09-23,242.883767,255.533850,0.950495
2013-09-24,244.585532,252.598450,0.968278
2013-09-25,242.155863,251.062532,0.964524
2013-09-26,241.722295,246.453747,0.980802
2013-09-27,242.952696,247.542119,0.981460
2013-09-30,244.844718,248.996382,0.983326
2013-10-08,246.421821,252.383463,0.976379
2013-10-09,247.868474,253.600000,0.977399
2013-10-10,246.713063,251.092506,0.982558
2013-10-11,248.006662,255.143152,0.972029
2013-10-14,247.321534,255.559690,0.967764
2013-10-15,247.220690,255.040827,0.969338
2013-10-16,243.056793,250.270801,0.971175
2013-10-17,242.014273,249.439793,0.970231
2013-10-18,242.666691,250.754522,0.967746
2013-10-21,249.111227,255.433592,0.975249
2013-10-22,245.892411,252.805168,0.972656
2013-10-23,241.973261,249.973127,0.967997
2013-10-24,239.853156,248.114729,0.966703
2013-10-25,234.349855,244.812403,0.957263
2013-10-28,232.321915,244.542636,0.950026
2013-10-29,231.518133,245.173127,0.944305
2013-10-30,234.631597,248.834109,0.942924
2013-10-31,229.033461,245.345736,0.933513
2013-11-01,230.259824,246.507494,0.934089
2013-11-04,229.852900,246.041344,0.934204
2013-11-05,230.057718,246.384496,0.933735
2013-11-06,226.425260,243.263049,0.930784
2013-11-07,223.231215,241.917313,0.922758
2013-11-08,221.660389,238.547804,0.929207
2013-11-11,225.528789,239.368475,0.942183
2013-11-12,226.861576,241.860465,0.937985
2013-11-13,222.715432,236.498191,0.941722
2013-11-14,225.749424,238.191214,0.947766
2013-11-15,229.220936,242.969509,0.943414
2013-11-18,232.675479,251.049096,0.926813
2013-11-19,230.260155,249.318863,0.923557
2013-11-20,231.050214,250.630491,0.921876
2013-11-21,229.473636,249.094574,0.921231
2013-11-22,228.339412,247.851163,0.921276
2013-11-25,228.114473,246.886822,0.923964
2013-11-26,228.854607,246.761757,0.927431
2013-11-27,231.804285,249.558656,0.928857
2013-11-28,234.471680,252.147804,0.929898
2013-11-29,235.748459,252.086822,0.935188
2013-12-02,228.547193,250.004134,0.914174
2013-12-03,232.967348,252.483721,0.922702
2013-12-04,235.451969,255.828424,0.920351
2013-12-05,233.786927,255.111111,0.916412
2013-12-06,232.647180,253.466667,0.917861
2013-12-09,233.844835,253.319897,0.923121
2013-12-10,233.368961,253.573127,0.920322
2013-12-11,231.468823,249.380879,0.928174
2013-12-12,233.071856,249.097674,0.935665
2013-12-13,233.615968,248.748320,0.939166
2013-12-16,229.626377,244.746253,0.938222
2013-12-17,228.851908,243.553488,0.939637
2013-12-18,228.960927,243.641344,0.939746
2013-12-19,226.190554,241.075969,0.938254
2013-12-20,224.082864,235.466667,0.951654
2013-12-23,225.873894,236.134367,0.956548
2013-12-24,227.009920,236.511628,0.959826
2013-12-25,229.205530,238.254264,0.962021
2013-12-26,225.453096,234.142636,0.962888
2013-12-27,228.240023,238.085788,0.958646
2013-12-30,227.737872,237.670284,0.958209
2013-12-31,229.293608,240.829974,0.952097
2014-01-02,231.879410,239.997933,0.966173
2014-01-03,230.565247,236.773127,0.973781
2014-01-06,224.787338,231.383979,0.971491
2014-01-07,225.415052,231.317829,0.974482
2014-01-08,226.565860,231.721964,0.977749
2014-01-09,224.412230,229.686822,0.977036
2014-01-10,221.638485,227.891473,0.972562
2014-01-13,220.456369,226.736951,0.972300
2014-01-14,222.144673,228.718346,0.971259
2014-01-15,223.725751,228.314212,0.979903
2014-01-16,221.513497,228.613953,0.968941
2014-01-17,217.079994,225.166925,0.964085
2014-01-20,213.471873,223.874935,0.953532
2014-01-21,215.208608,226.088889,0.951876
2014-01-22,220.657334,231.917313,0.951448
2014-01-23,221.235597,230.686305,0.959032
2014-01-24,221.813413,232.111628,0.955632
2014-01-27,217.167688,229.035659,0.948183
2014-01-28,216.709035,229.442894,0.944501
2014-01-29,216.855305,230.261499,0.941778
2014-01-30,214.650761,227.643411,0.942925
2014-02-07,216.356895,228.680103,0.946112
2014-02-10,223.483094,234.370026,0.953548
2014-02-11,223.893502,236.233592,0.947763
2014-02-12,224.939634,236.821705,0.949827
2014-02-13,222.499368,235.612403,0.944345
2014-02-14,224.255519,237.269251,0.945152
2014-02-17,224.236846,238.930233,0.938503
2014-02-18,222.165384,235.911111,0.941733
2014-02-19,224.299401,238.621189,0.939981
2014-02-20,222.399033,236.427907,0.940663
2014-02-21,221.432903,234.035142,0.946152
2014-02-24,217.216346,228.889922,0.948999
2014-02-25,209.405920,223.039793,0.938872
2014-02-26,208.807324,223.608269,0.933809
2014-02-27,204.500362,222.647028,0.918496
2014-02-28,208.522104,225.216537,0.925874
2014-03-03,210.869204,226.394832,0.931422
2014-03-04,208.806123,225.764341,0.924885
2014-03-05,206.283370,223.667183,0.922278
2014-03-06,205.099913,224.664599,0.912916
2014-03-07,207.135940,224.119897,0.924219
2014-03-10,204.026904,216.825840,0.940971
2014-03-11,206.764032,217.949354,0.948679
2014-03-12,207.462827,218.514729,0.949423
2014-03-13,210.075818,221.222739,0.949612
2014-03-14,208.333105,219.414987,0.949494
2014-03-17,210.224998,221.502842,0.949085
2014-03-18,208.588293,220.995349,0.943858
2014-03-19,204.169777,219.211370,0.931383
2014-03-20,199.359856,215.707494,0.924214
2014-03-21,204.880429,223.131783,0.918204
2014-03-24,204.295922,224.966408,0.908117
2014-03-25,206.838145,224.748320,0.920310
2014-03-26,208.764848,224.397933,0.930333
2014-03-27,204.502146,222.812403,0.917822
2014-03-28,202.240801,222.425840,0.909250
2014-03-31,201.155067,221.840827,0.906754
2014-04-01,202.534249,223.578295,0.905876
2014-04-02,201.549169,225.398450,0.894191
2014-04-03,201.724479,223.773643,0.901467
2014-04-04,205.456819,225.888372,0.909550
2014-04-08,210.482648,231.247545,0.910205
2014-04-09,211.747442,231.381912,0.915143
2014-04-10,213.274839,235.013953,0.907499
2014-04-11,213.191341,234.694574,0.908378
2014-04-14,214.152275,234.481654,0.913301
2014-04-15,212.146630,230.435142,0.920635
2014-04-16,211.643913,230.752455,0.917190
2014-04-17,211.411711,229.953488,0.919367
2014-04-18,211.276186,229.920413,0.918910
2014-04-21,208.591121,226.072351,0.922674
2014-04-22,207.084513,227.059432,0.912028
2014-04-23,205.450033,226.839276,0.905707
2014-04-24,203.742326,226.405168,0.899901
2014-04-25,200.537608,224.065116,0.894997
2014-04-28,196.793420,220.668734,0.891805
2014-04-29,200.558675,223.097674,0.898973
2014-04-30,202.992655,223.117313,0.909802
2014-05-05,204.139204,222.890956,0.915870
2014-05-06,204.641533,222.979845,0.917758
2014-05-07,200.610920,220.911628,0.908105
2014-05-08,199.439785,220.723514,0.903573
2014-05-09,198.094595,220.559173,0.898147
2014-05-12,202.076523,225.328165,0.896810
2014-05-13,202.078466,224.790698,0.898963
2014-05-14,201.811181,224.534367,0.898799
2014-05-15,198.575752,221.610336,0.896058
2014-05-16,198.490020,221.803618,0.894891
2014-05-19,196.018770,218.619121,0.896622
2014-05-20,195.744754,218.684238,0.895102
2014-05-21,197.624509,220.765891,0.895177
2014-05-22,197.211989,220.244961,0.895421
2014-05-23,198.990829,222.057881,0.896121
2014-05-26,199.730698,222.840310,0.896295
2014-05-27,198.622872,221.941085,0.894935
2014-05-28,200.989831,224.222222,0.896387
2014-05-29,199.654060,222.755556,0.896292
2014-05-30,199.526210,222.889922,0.895178
2014-06-03,198.184547,222.213953,0.891864
2014-06-04,196.445470,219.976227,0.893030
2014-06-05,198.081413,222.284238,0.891118
2014-06-06,197.476196,220.642894,0.895004
2014-06-09,195.888338,220.597416,0.887990
2014-06-10,199.057248,223.387080,0.891087
2014-06-11,199.405149,223.335401,0.892851
2014-06-12,199.381603,222.574677,0.895796
2014-06-13,200.641596,224.934367,0.892001
2014-06-16,201.766647,226.548837,0.890610
2014-06-17,200.040450,224.255297,0.892021
2014-06-18,198.583000,223.280620,0.889388
2014-06-19,194.702631,219.835659,0.885674
2014-06-20,195.740736,220.850646,0.886304
2014-06-23,195.748760,220.579845,0.887428
2014-06-24,197.259561,221.686822,0.889812
2014-06-25,196.490697,220.503359,0.891101
2014-06-26,198.098630,222.127132,0.891825
2014-06-27,198.458122,222.249096,0.892954
2014-06-30,200.460804,223.785013,0.895774
2014-07-01,200.383468,223.727132,0.895660
2014-07-02,199.555644,224.379328,0.889367
2014-07-03,199.961273,225.342636,0.887365
2014-07-04,199.110885,225.188630,0.884196
2014-07-07,197.903572,224.939535,0.879808
2014-07-08,198.139773,225.371576,0.879169
2014-07-09,193.882397,222.088889,0.872995
2014-07-10,191.306901,221.483204,0.863754
2014-07-11,192.213076,222.016537,0.865760
2014-07-14,194.037378,224.471318,0.864419
2014-07-15,194.684642,224.804134,0.866019
2014-07-16,192.882790,224.379328,0.859628
2014-07-17,191.488079,222.952972,0.858872
2014-07-18,191.936921,223.683721,0.858073
2014-07-21,194.100639,223.906977,0.866881
2014-07-22,195.363275,226.635659,0.862015
2014-07-23,193.831781,227.165891,0.853261
2014-07-24,194.678297,231.216537,0.841974
2014-07-25,196.543442,233.638243,0.841230
2014-07-28,200.241716,240.196382,0.833658
2014-07-29,202.856309,240.968475,0.841838
2014-07-30,204.282658,240.001034,0.851174
2014-07-31,205.914143,242.919897,0.847663
2014-08-01,204.566058,240.764858,0.849651
2014-08-04,206.476502,245.542119,0.840901
2014-08-05,207.167565,244.894057,0.845948
2014-08-06,207.198609,244.260465,0.848269
2014-08-07,204.481889,240.564341,0.850009
2014-08-08,205.315899,240.943669,0.852132
2014-08-11,207.474655,244.480620,0.848634
2014-08-12,207.382313,243.622739,0.851244
2014-08-13,207.134656,243.813953,0.849560
2014-08-14,205.260913,241.441860,0.850146
2014-08-15,207.206632,243.993798,0.849229
2014-08-18,209.462133,245.432558,0.853441
2014-08-19,210.058226,245.454264,0.855794
2014-08-20,209.460043,244.562274,0.856469
2014-08-21,209.847998,243.332300,0.862393
2014-08-22,210.830428,244.481654,0.862357
2014-08-25,209.512953,242.156072,0.865198
2014-08-26,207.552195,240.216021,0.864023
2014-08-27,208.517698,240.578811,0.866733
2014-08-28,207.239303,238.891990,0.867502
2014-08-29,210.081224,241.683721,0.869240
2014-09-01,212.286977,243.443928,0.872016
2014-09-02,214.537860,246.662532,0.869763
2014-09-03,216.685507,248.975711,0.870308
2014-09-04,218.041540,250.772093,0.869481
2014-09-05,221.234428,253.153488,0.873914
2014-09-09,221.809806,252.735917,0.877635
2014-09-10,221.068889,251.413953,0.879302
2014-09-11,220.248722,250.485788,0.879286
2014-09-12,220.949686,252.026873,0.876691
2014-09-15,221.387456,251.905943,0.878850
2014-09-16,215.354427,246.901292,0.872229
2014-09-17,216.077028,248.199483,0.870578
2014-09-18,217.315669,248.957106,0.872904
2014-09-19,219.093308,250.667700,0.874039
2014-09-22,215.010132,245.883204,0.874440
2014-09-23,216.632733,248.006202,0.873497
2014-09-24,220.039398,252.388630,0.871828
2014-09-25,219.968787,251.883204,0.873297
2014-09-26,220.158867,251.906977,0.873969
2014-09-29,222.096236,253.002584,0.877842
2014-09-30,222.685153,253.332300,0.879024
2014-10-08,224.563832,256.163307,0.876643
2014-10-09,223.503672,256.533333,0.871246
2014-10-10,221.350102,254.965375,0.868157
2014-10-13,220.047670,253.741602,0.867212
2014-10-14,219.515372,252.874419,0.868081
2014-10-15,221.490834,254.663566,0.869739
2014-10-16,220.476143,252.651163,0.872650
2014-10-17,220.504932,252.375194,0.873719
2014-10-20,221.884362,253.716796,0.874536
2014-10-21,220.208254,251.513178,0.875534
2014-10-22,219.859851,249.988630,0.879479
2014-10-23,218.649219,247.642377,0.882923
2014-10-24,219.024068,247.101809,0.886372
2014-10-27,216.506285,244.840310,0.884275
2014-10-28,220.419644,249.782946,0.882445
2014-10-29,223.964659,253.372610,0.883934
2014-10-30,226.298740,255.186563,0.886797
2014-10-31,229.799775,259.258915,0.886372
2014-11-03,229.478292,259.695090,0.883645
2014-11-04,227.836981,259.759173,0.877109
2014-11-05,227.407865,258.754522,0.878856
2014-11-06,228.191193,259.025323,0.880961
2014-11-07,228.156070,258.620155,0.882205
2014-11-10,233.796904,265.191731,0.881615
2014-11-11,232.917695,264.455814,0.880743
2014-11-12,236.406367,268.146770,0.881630
2014-11-13,235.481776,266.640827,0.883142
2014-11-14,235.636216,266.779328,0.883263
2014-11-17,234.935749,265.333333,0.885436
2014-11-18,234.462106,262.679070,0.892580
2014-11-19,233.673052,262.244961,0.891049
2014-11-20,234.372858,262.232558,0.893760
2014-11-21,237.808502,267.024289,0.890588
2014-11-24,243.466207,273.825323,0.889130
2014-11-25,246.279358,277.577261,0.887246
2014-11-26,249.536582,281.449096,0.886614
2014-11-27,251.336913,284.701809,0.882808
2014-11-28,256.321021,290.317313,0.882900
2014-12-01,256.175731,291.453230,0.878960
2014-12-02,266.707834,302.216021,0.882507
2014-12-03,269.512987,306.723514,0.878684
2014-12-04,282.024337,320.863049,0.878955
2014-12-05,284.515253,322.986047,0.880890
2014-12-08,295.873917,336.214987,0.880014
2014-12-09,276.870061,321.127649,0.862181
2014-12-10,286.575591,332.976744,0.860647
2014-12-11,282.651506,328.993282,0.859141
2014-12-12,282.964645,330.049612,0.857340
2014-12-15,283.709248,332.530233,0.853183
2014-12-16,292.077097,341.436693,0.855436
2014-12-17,297.893475,347.348837,0.857620
2014-12-18,295.700179,345.832558,0.855039
2014-12-19,299.787709,349.681654,0.857316
2014-12-22,301.181148,350.850646,0.858431
2014-12-23,294.279894,343.660982,0.856309
2014-12-24,283.983562,333.890439,0.850529
2014-12-25,293.630764,344.746253,0.851730
2014-12-26,304.463491,356.159173,0.854852
2014-12-29,305.740909,357.153488,0.856049
2014-12-30,306.581782,357.369509,0.857885
2014-12-31,314.809231,365.241344,0.861921
2015-01-05,325.384304,376.386563,0.864495
2015-01-06,324.064833,376.336951,0.861103
2015-01-07,323.759427,376.619121,0.859647
2015-01-08,318.002335,367.882171,0.864414
2015-01-09,317.663274,366.586047,0.866545
2015-01-12,318.080597,363.160724,0.875867
2015-01-13,319.620344,363.208269,0.879992
2015-01-14,318.479942,362.007235,0.879761
2015-01-15,329.356502,372.518863,0.884134
2015-01-16,332.647116,375.726098,0.885345
2015-01-19,305.838709,346.786563,0.881922
2015-01-20,310.241506,351.030491,0.883802
2015-01-21,325.838460,366.810336,0.888302
2015-01-22,326.043208,368.745220,0.884196
2015-01-23,327.499532,369.171059,0.887121
2015-01-26,330.301241,372.918863,0.885719
2015-01-27,327.474060,369.501809,0.886258
2015-01-28,322.112356,364.374160,0.884015
2015-01-29,318.039860,359.875969,0.883749
2015-01-30,312.192517,354.975711,0.879476
2015-02-02,303.103493,346.662532,0.874347
2015-02-03,311.545905,355.291990,0.876873
2015-02-04,308.254139,351.604134,0.876708
2015-02-05,303.579610,348.005168,0.872342
2015-02-06,297.890117,342.368992,0.870085
2015-02-09,301.956223,345.831525,0.873131
2015-02-10,308.111973,352.138501,0.874974
2015-02-11,310.010566,354.947804,0.873398
2015-02-12,312.045049,355.852196,0.876895
2015-02-13,313.752092,358.638760,0.874842
2015-02-16,315.959539,361.703359,0.873532
2015-02-17,319.381592,364.064083,0.877268
2015-02-25,316.710355,359.558656,0.880831
2015-02-26,324.316546,368.609819,0.879837
2015-02-27,323.998490,369.285788,0.877365
2015-03-02,325.762887,372.224289,0.875179
2015-03-03,316.508102,362.573643,0.872948
2015-03-04,318.785709,364.942636,0.873523
2015-03-05,315.589384,361.378811,0.873292
2015-03-06,313.954441,359.536951,0.873219
2015-03-09,320.359711,365.658915,0.876116
2015-03-10,318.864022,363.887339,0.876271
2015-03-11,319.873549,364.304910,0.878038
2015-03-12,327.704121,371.352972,0.882460
2015-03-13,328.537916,373.918346,0.878635
2015-03-16,336.784592,383.014987,0.879299
2015-03-17,340.209630,388.332817,0.876077
2015-03-18,346.915701,397.525581,0.872688
2015-03-19,345.238252,396.872351,0.869897
2015-03-20,348.852916,402.332817,0.867075
2015-03-23,357.813259,410.548837,0.871549
2015-03-24,359.818184,410.651163,0.876214
2015-03-25,355.170761,407.277519,0.872061
2015-03-26,354.898958,408.268734,0.869278
2015-03-27,356.370661,410.511628,0.868113
2015-03-30,369.438768,422.550904,0.874306
2015-03-31,364.436801,418.728682,0.870341
2015-04-01,370.567775,426.242894,0.869382
2015-04-02,368.039122,426.333850,0.863265
2015-04-03,371.821437,431.063566,0.862568
2015-04-07,379.358890,440.314212,0.861564
2015-04-08,388.446634,444.010336,0.874859
2015-04-09,385.793919,440.531266,0.875747
2015-04-10,390.835139,449.035659,0.870388
2015-04-13,398.951431,456.958140,0.873059
2015-04-14,405.938571,458.726615,0.884925
2015-04-15,404.939819,452.765891,0.894369
2015-04-16,417.469735,466.516796,0.894865
2015-04-17,432.645238,475.053230,0.910730
2015-04-20,432.131687,467.381912,0.924579
2015-04-21,431.683059,477.432558,0.904176
2015-04-22,443.155218,489.902842,0.904578
2015-04-23,441.458346,490.014470,0.900909
2015-04-24,440.442600,486.060982,0.906147
2015-04-27,455.192330,496.908527,0.916049
2015-04-28,455.519573,490.114729,0.929414
2015-04-29,452.899552,493.470801,0.917784
2015-04-30,450.185648,490.944703,0.916978
2015-05-04,454.303087,494.856848,0.918050
2015-05-05,437.204045,475.125581,0.920186
2015-05-06,430.583616,470.628424,0.914912
2015-05-07,415.251786,462.024806,0.898765
2015-05-08,423.340948,471.152455,0.898522
2015-05-11,436.514782,484.809302,0.900385
2015-05-12,442.610618,490.689406,0.902018
2015-05-13,436.171784,487.694057,0.894355
2015-05-14,433.958750,485.868734,0.893160
2015-05-15,426.700890,477.257881,0.894068
2015-05-18,418.725965,472.882687,0.885475
2015-05-19,432.831782,489.014987,0.885109
2015-05-20,432.296914,491.464599,0.879609
2015-05-21,436.404433,500.359690,0.872181
2015-05-22,448.162734,511.766408,0.875717
2015-05-25,465.500386,527.080103,0.883168
2015-05-26,471.419412,537.356072,0.877294
2015-05-27,466.456711,535.548320,0.870989
2015-05-28,430.825464,499.639276,0.862273
2015-05-29,425.534335,500.344186,0.850483
2015-06-01,445.529110,524.669767,0.849161
2015-06-02,451.505437,533.526615,0.846266
2015-06-03,454.819798,531.637209,0.855508
2015-06-04,457.236379,535.547287,0.853774
2015-06-05,466.695970,540.625323,0.863252
2015-06-08,483.221607,553.359173,0.873251
2015-06-09,474.668158,549.608269,0.863648
2015-06-10,466.131796,548.745220,0.849450
2015-06-11,463.368490,548.484755,0.844816
2015-06-12,461.592513,551.433592,0.837077
2015-06-15,452.034403,539.655814,0.837635
2015-06-16,435.145608,523.495607,0.831231
2015-06-17,443.189679,531.145220,0.834404
2015-06-18,423.142832,509.617571,0.830314
2015-06-19,396.724978,479.281654,0.827749
2015-06-23,413.127711,494.686305,0.835131
2015-06-24,419.149130,504.406202,0.830975
2015-06-25,405.016165,486.462016,0.832575
2015-06-26,373.887926,448.185013,0.834227
2015-06-29,360.982070,433.235142,0.833224
2015-06-30,386.953525,462.325581,0.836972
2015-07-01,365.123859,439.588630,0.830604
2015-07-02,353.254875,424.599483,0.831972
2015-07-03,331.810383,401.645478,0.826128
2015-07-06,347.153033,413.285788,0.839983
2015-07-07,354.850014,405.994832,0.874026
2015-07-08,337.314218,378.608786,0.890931
2015-07-09,359.414535,402.855814,0.892167
2015-07-10,379.686301,424.450646,0.894536
2015-07-13,383.311256,435.329199,0.880509
2015-07-14,368.568400,425.028424,0.867162
2015-07-15,357.241689,410.001034,0.871319
2015-07-16,358.002705,413.163824,0.866491
2015-07-17,370.264995,429.095607,0.862896
2015-07-20,371.627359,430.037209,0.864175
2015-07-21,375.991711,430.595349,0.873190
2015-07-22,370.682681,429.680620,0.862694
2015-07-23,378.712545,439.360207,0.861964
2015-07-24,371.094545,431.656848,0.859698
2015-07-27,338.399669,394.700775,0.857357
2015-07-28,332.880419,393.911111,0.845065
2015-07-29,344.022323,406.240827,0.846843
2015-07-30,333.122306,394.357623,0.844721
2015-07-31,331.212849,394.490956,0.839596
2015-08-03,329.638221,395.787080,0.832868
2015-08-04,340.063502,408.078553,0.833329
2015-08-05,333.728212,399.679587,0.834989
2015-08-06,328.723023,396.056848,0.829989
2015-08-07,335.214880,403.818088,0.830114
2015-08-10,354.800468,422.156072,0.840449
2015-08-11,350.819103,420.327649,0.834632
2015-08-12,347.408049,415.103876,0.836918
2015-08-13,352.904933,421.236176,0.837784
2015-08-14,352.233240,421.037726,0.836584
2015-08-17,350.272252,421.485271,0.831043
2015-08-18,326.485293,395.391214,0.825727
2015-08-19,329.901544,401.668217,0.821328
2015-08-20,317.962614,388.780362,0.817846
2015-08-21,303.044682,371.011886,0.816806
2015-08-24,277.228067,338.556072,0.818854
2015-08-25,256.978989,314.514729,0.817065
2015-08-26,252.335200,312.732817,0.806872
2015-08-27,270.136717,331.332300,0.815305
2015-08-28,283.207046,345.456331,0.819806
2015-08-31,287.849236,347.962791,0.827241
2015-09-01,289.378773,347.501809,0.832740
2015-09-02,293.442131,347.889406,0.843493
2015-09-07,281.283348,335.967959,0.837233
2015-09-08,287.150406,344.601550,0.833282
2015-09-09,292.465489,351.349871,0.832405
2015-09-10,288.657601,347.034625,0.831783
2015-09-11,287.701053,345.962791,0.831595
2015-09-14,284.898562,339.134884,0.840074
2015-09-15,275.779766,325.811886,0.846439
2015-09-16,288.481342,342.041344,0.843411
2015-09-17,283.718744,334.573643,0.848001
2015-09-18,284.078270,336.048579,0.845349
2015-09-21,290.087057,341.937984,0.848362
2015-09-22,292.427510,345.119380,0.847323
2015-09-23,284.302510,337.264083,0.842967
2015-09-24,286.658553,339.534884,0.844268
2015-09-25,278.455592,334.051680,0.833570
2015-09-28,278.869362,335.167959,0.832029
2015-09-29,272.124502,328.563307,0.828225
2015-09-30,274.712026,331.054264,0.829810
2015-10-08,282.269046,340.721447,0.828445
2015-10-09,284.593375,345.232041,0.824354
2015-10-12,294.145408,356.350388,0.825439
2015-10-13,294.057130,356.076486,0.825826
2015-10-14,291.866166,352.052713,0.829041
2015-10-15,298.355026,360.394832,0.827856
2015-10-16,304.714347,365.278553,0.834197
2015-10-19,304.816152,365.289922,0.834450
2015-10-20,313.876287,369.788114,0.848800
2015-10-21,305.515759,358.992248,0.851037
2015-10-22,311.887291,364.292506,0.856145
2015-10-23,312.070337,369.120413,0.845443
2015-10-26,312.654200,370.982946,0.842772
2015-10-27,312.316692,371.357106,0.841014
2015-10-28,306.450940,364.332817,0.841129
2015-10-29,307.075525,365.200000,0.840842
2015-10-30,306.893335,365.279587,0.840160
2015-11-02,302.749235,359.272351,0.842673
2015-11-03,301.301324,358.190181,0.841177
2015-11-04,312.774649,375.042894,0.833970
2015-11-05,322.134824,383.045995,0.840982
2015-11-06,326.283350,392.079587,0.832187
2015-11-09,328.600733,396.935401,0.827844
2015-11-10,326.826242,396.200517,0.824901
2015-11-11,327.573485,396.242894,0.826699
2015-11-12,325.315974,392.281137,0.829293
2015-11-13,320.689863,387.208269,0.828210
2015-11-16,321.463590,389.057364,0.826263
2015-11-17,321.151453,388.464083,0.826721
2015-11-18,315.322852,384.039276,0.821069
2015-11-19,319.683311,390.177778,0.819327
2015-11-20,319.858891,390.116796,0.819905
2015-11-23,320.680053,387.942119,0.826618
2015-11-24,319.274238,387.998966,0.822874
2015-11-25,320.438647,390.864083,0.819821
2015-11-26,317.935204,388.571576,0.818215
2015-11-27,299.162303,367.647545,0.813720
2015-11-30,297.057357,368.621189,0.805861
2015-12-01,299.567814,371.235142,0.806949
2015-12-02,306.342271,384.697674,0.796320
2015-12-03,307.380438,387.524548,0.793190
2015-12-04,302.691620,380.112661,0.796321
2015-12-07,303.637191,381.148320,0.796638
2015-12-08,298.614555,374.472351,0.797428
2015-12-09,296.849882,375.807752,0.789898
2015-12-10,294.435732,374.478553,0.786255
2015-12-11,292.339312,372.926098,0.783907
2015-12-14,300.772366,383.598966,0.784080
2015-12-15,298.523541,381.849096,0.781784
2015-12-16,297.497258,380.924031,0.780988
2015-12-17,303.171922,388.205685,0.780957
2015-12-18,303.438655,389.448062,0.779151
2015-12-21,306.921731,399.582429,0.768106
2015-12-22,306.964841,400.695607,0.766080
2015-12-23,304.816787,399.625840,0.762755
2015-12-24,300.937173,395.803618,0.760319
2015-12-25,301.331116,396.713178,0.759569
2015-12-28,292.882607,385.284755,0.760172
2015-12-29,294.103563,388.823773,0.756393
2015-12-30,293.345123,389.165891,0.753779
2015-12-31,291.270789,385.633075,0.755306
2016-01-04,268.562244,358.560207,0.749002
2016-01-05,265.957700,359.563824,0.739668
2016-01-06,272.658712,365.871835,0.745230
2016-01-07,252.252504,340.504393,0.740820
2016-01-08,257.190070,347.448062,0.740226
2016-01-11,248.083659,329.968992,0.751839
2016-01-12,250.962314,332.373127,0.755062
2016-01-13,242.617908,326.189147,0.743795
2016-01-14,247.804571,332.978811,0.744205
2016-01-15,237.174023,322.349354,0.735767
2016-01-18,239.662371,323.589664,0.740637
2016-01-19,251.354897,333.140052,0.754502
2016-01-20,250.873200,328.101292,0.764621
2016-01-21,239.537341,318.485788,0.752113
2016-01-22,242.782624,321.804651,0.754441
2016-01-25,242.609097,323.399483,0.750184
2016-01-26,227.198262,303.928682,0.747538
2016-01-27,225.372756,302.878553,0.744103
2016-01-28,215.190629,294.962274,0.729553
2016-01-29,223.254058,304.505426,0.733169
2016-02-01,218.541091,299.850129,0.728834
2016-02-02,223.468647,306.080620,0.730097
2016-02-03,222.789916,304.768992,0.731012
2016-02-04,225.925481,308.502326,0.732330
2016-02-05,224.257997,306.334884,0.732068
2016-02-15,222.642707,304.569509,0.731008
2016-02-16,230.517731,313.905943,0.734353
2016-02-17,235.476433,316.622222,0.743714
2016-02-18,233.901138,315.627907,0.741066
2016-02-19,233.526585,315.409819,0.740391
2016-02-22,237.857983,322.363824,0.737856
2016-02-23,234.665362,319.313695,0.734905
2016-02-24,238.404217,321.400517,0.741767
2016-02-25,219.710222,301.679587,0.728290
2016-02-26,220.553805,304.705943,0.723825
2016-02-29,212.535747,297.412920,0.714615
2016-03-01,216.985895,302.913695,0.716329
2016-03-02,227.506084,315.382946,0.721365
2016-03-03,227.696147,316.115762,0.720294
2016-03-04,228.299309,319.781912,0.713922
2016-03-07,230.133314,320.913695,0.717119
2016-03-08,230.658512,321.206202,0.718101
2016-03-09,228.173985,317.510078,0.718635
2016-03-10,222.550697,311.436693,0.714594
2016-03-11,223.249207,311.966925,0.715618
2016-03-14,228.043226,316.867183,0.719681
2016-03-15,227.685017,317.806718,0.716426
2016-03-16,228.487624,319.382946,0.715403
2016-03-17,231.524044,322.914729,0.716982
2016-03-18,236.073120,327.851163,0.720062
2016-03-21,240.123080,335.859432,0.714951
2016-03-22,239.445128,333.414987,0.718159
2016-03-23,240.108006,334.479587,0.717855
2016-03-24,238.100967,328.873385,0.723990
2016-03-25,238.902210,330.524031,0.722798
2016-03-28,238.245722,327.620672,0.727200
2016-03-29,235.772000,324.073385,0.727527
2016-03-30,240.615943,332.432041,0.723805
2016-03-31,240.339480,332.619121,0.722567
2016-04-01,239.795735,333.011886,0.720082
2016-04-05,243.278179,337.414987,0.721006
2016-04-06,243.879099,336.695607,0.724331
2016-04-07,240.842526,331.709561,0.726064
2016-04-08,239.264300,329.274419,0.726641
2016-04-11,240.622587,333.860465,0.720728
2016-04-12,239.518779,332.656331,0.720019
2016-04-13,240.695205,337.093540,0.714031
2016-04-14,241.994453,338.587080,0.714719
2016-04-15,242.057639,338.212920,0.715696
2016-04-18,239.887433,333.689922,0.718893
2016-04-19,240.363653,334.708010,0.718129
2016-04-20,238.387813,328.788630,0.725049
2016-04-21,235.899495,326.677003,0.722118
2016-04-22,238.376401,328.155039,0.726414
2016-04-25,237.055468,326.824806,0.725329
2016-04-26,238.064295,328.595349,0.724491
2016-04-27,237.909686,327.226873,0.727048
2016-04-28,238.610208,326.674935,0.730421
2016-04-29,238.724299,326.279070,0.731657
2016-05-03,243.713636,332.148837,0.733748
2016-05-04,243.553137,331.727132,0.734197
2016-05-05,244.413911,332.188114,0.735770
2016-05-06,239.361405,323.550388,0.739796
2016-05-09,236.673373,316.859948,0.746934
2016-05-10,237.352581,317.220672,0.748225
2016-05-11,238.987303,318.636693,0.750031
2016-05-12,238.926283,319.394315,0.748061
2016-05-13,236.634478,317.823256,0.744547
2016-05-16,237.749436,319.928682,0.743133
2016-05-17,237.155884,318.968475,0.743509
2016-05-18,235.682306,317.110078,0.743219
2016-05-19,234.679242,316.537468,0.741395
2016-05-20,235.481086,318.162274,0.740129
2016-05-23,236.882640,319.092506,0.742364
2016-05-24,235.700060,316.647028,0.744362
2016-05-25,234.836290,316.199483,0.742684
2016-05-26,234.431286,316.714212,0.740198
2016-05-27,233.989251,316.537468,0.739215
2016-05-30,234.204580,316.972610,0.738880
2016-05-31,240.747901,327.603101,0.734877
2016-06-01,240.937423,326.671835,0.737552
2016-06-02,241.548425,327.348837,0.737893
2016-06-03,244.304138,329.646512,0.741109
2016-06-06,243.677664,328.557106,0.741660
2016-06-07,243.780799,328.377261,0.742380
2016-06-08,242.414470,327.027390,0.741267
2016-06-13,236.642753,316.934367,0.746662
2016-06-14,237.325948,317.930749,0.746471
2016-06-15,240.315596,322.105426,0.746077
2016-06-16,238.374260,319.862532,0.745240
2016-06-17,239.833528,321.484238,0.746020
2016-06-20,239.581754,321.722997,0.744683
2016-06-21,238.614256,321.066667,0.743192
2016-06-22,240.451868,323.923514,0.742311
2016-06-23,238.961446,322.203618,0.741647
2016-06-24,235.967996,318.052713,0.741915
2016-06-27,240.244692,322.536434,0.744861
2016-06-28,242.242606,324.175711,0.747257
2016-06-29,242.109923,325.725065,0.743295
2016-06-30,242.731936,325.986563,0.744607
2016-07-01,242.685115,326.015504,0.744397
2016-07-04,243.785312,331.235142,0.735989
2016-07-05,242.232891,331.512145,0.730691
2016-07-06,244.875827,332.485788,0.736500
2016-07-07,244.358507,331.777778,0.736513
2016-07-08,242.756370,329.951421,0.735734
2016-07-11,242.974698,331.093540,0.733855
2016-07-12,248.038229,338.313178,0.733162
2016-07-13,248.424679,339.314729,0.732136
2016-07-14,247.540422,338.683204,0.730891
2016-07-15,247.944962,338.633592,0.732192
2016-07-18,246.449164,337.159690,0.730957
2016-07-19,244.105175,335.734367,0.727078
2016-07-20,243.502318,334.636693,0.727662
2016-07-21,244.395208,336.177778,0.726982
2016-07-22,242.455559,333.349871,0.727331
2016-07-25,243.314006,333.942119,0.728611
2016-07-26,246.567751,337.942119,0.729615
2016-07-27,242.170073,332.634625,0.728036
2016-07-28,243.581586,332.934367,0.731620
2016-07-29,242.007139,331.155556,0.730796
2016-08-01,239.891754,328.352455,0.730592
2016-08-02,240.595181,329.617571,0.729922
2016-08-03,241.375663,330.078553,0.731267
2016-08-04,242.902529,330.882687,0.734105
2016-08-05,244.027776,331.277519,0.736626
2016-08-08,246.614419,334.282171,0.737743
2016-08-09,248.379976,336.638760,0.737823
2016-08-10,246.620105,335.228941,0.735677
2016-08-11,245.503607,334.197416,0.734607
2016-08-12,250.629949,340.488889,0.736088
2016-08-15,258.420341,350.741085,0.736784
2016-08-16,259.479242,349.173127,0.743125
2016-08-17,257.044252,348.635659,0.737286
2016-08-18,256.129192,347.750904,0.736531
2016-08-19,254.975679,347.805685,0.733098
2016-08-22,253.657198,344.887855,0.735477
2016-08-23,254.059945,345.408786,0.735534
2016-08-24,252.834378,344.171576,0.734617
2016-08-25,250.290698,342.012403,0.731818
2016-08-26,250.117586,341.818088,0.731727
2016-08-29,251.824230,341.889406,0.736566
2016-08-30,251.862565,342.324548,0.735742
2016-08-31,255.102701,343.957623,0.741669
2016-09-01,252.082175,341.248579,0.738705
2016-09-02,252.439886,342.543669,0.736957
2016-09-05,252.229023,343.119380,0.735106
2016-09-06,253.342177,345.491473,0.733281
2016-09-07,252.283377,345.304393,0.730612
2016-09-08,252.832611,345.174160,0.732478
2016-09-09,250.762278,342.949871,0.731192
2016-09-12,247.986113,337.219638,0.735385
2016-09-13,248.033093,336.985013,0.736036
2016-09-14,247.192769,334.752455,0.738435
2016-09-19,249.041967,337.273385,0.738398
2016-09-20,248.737458,336.682171,0.738790
2016-09-21,249.413514,337.637209,0.738703
2016-09-22,251.481530,340.167442,0.739287
2016-09-23,250.983815,338.570543,0.741304
2016-09-26,246.991014,332.845478,0.742059
2016-09-27,248.369767,334.961240,0.741488
2016-09-28,247.745464,333.942119,0.741881
2016-09-29,249.227455,335.337468,0.743214
2016-09-30,250.817648,336.256331,0.745912
2016-10-10,253.659759,340.451680,0.745068
2016-10-11,254.586768,341.763307,0.744921
2016-10-12,253.922982,341.086305,0.744454
2016-10-13,253.326555,341.359173,0.742111
2016-10-14,253.154954,341.689922,0.740891
2016-10-17,251.565619,338.798966,0.742522
2016-10-18,254.126821,343.289922,0.740269
2016-10-19,253.844974,342.763824,0.740583
2016-10-20,254.138764,343.007752,0.740913
2016-10-21,254.497166,343.952455,0.739920
2016-10-24,257.149647,348.070284,0.738787
2016-10-25,257.995245,348.056848,0.741245
2016-10-26,258.365028,346.749354,0.745106
2016-10-27,257.762565,345.808786,0.745390
2016-10-28,258.289822,345.233075,0.748161
2016-10-31,258.521606,344.835142,0.749696
2016-11-01,259.926727,347.188630,0.748661
2016-11-02,259.242138,344.532300,0.752447
2016-11-03,260.306395,347.812920,0.748409
2016-11-04,258.837496,346.684238,0.746609
2016-11-07,258.226397,346.934367,0.744309
2016-11-08,260.473121,348.436176,0.747549
2016-11-09,259.594268,346.568475,0.749042
2016-11-10,261.249642,350.450646,0.745468
2016-11-11,260.865972,353.201034,0.738576
2016-11-14,259.355614,354.547804,0.731511
2016-11-15,259.978697,354.508527,0.733350
2016-11-16,260.002338,354.479587,0.733476
2016-11-17,259.834343,355.197933,0.731520
2016-11-18,258.694316,353.225840,0.732377
2016-11-21,259.761424,355.670284,0.730343
2016-11-22,260.167201,358.486822,0.725737
2016-11-23,262.523975,359.145220,0.730969
2016-11-24,263.964122,360.593282,0.732027
2016-11-25,265.656228,363.958656,0.729908
2016-11-28,265.531411,365.382946,0.726721
2016-11-29,269.041636,368.376227,0.730345
2016-11-30,266.186488,365.684755,0.727912
2016-12-01,267.677861,368.479587,0.726439
2016-12-02,265.704305,364.749354,0.728457
2016-12-05,263.416458,358.595349,0.734579
2016-12-06,263.945459,357.534884,0.738237
2016-12-07,264.070093,359.250646,0.735058
2016-12-08,266.053260,358.670801,0.741776
2016-12-09,267.427278,361.105943,0.740578
2016-12-12,263.294501,352.370026,0.747210
2016-12-13,262.736102,351.942119,0.746532
2016-12-14,261.520212,349.245478,0.748815
2016-12-15,256.037688,345.264083,0.741571
2016-12-16,256.360340,345.842894,0.741262
2016-12-19,255.766204,344.080620,0.743332
2016-12-20,253.989174,342.021705,0.742611
2016-12-21,254.937519,345.068734,0.738802
2016-12-22,253.843859,344.772093,0.736266
2016-12-23,251.238057,341.870801,0.734892
2016-12-26,251.954574,343.400517,0.733705
2016-12-27,251.786181,342.779328,0.734543
2016-12-28,251.105252,341.280620,0.735774
2016-12-29,251.248475,340.853747,0.737115
2016-12-30,253.744563,342.127132,0.741667
2017-01-03,256.042086,345.450129,0.741184
2017-01-04,259.575446,348.145736,0.745594
2017-01-05,258.993340,348.091990,0.744037
2017-01-06,257.446291,346.012403,0.744038
2017-01-09,257.965852,347.689922,0.741942
2017-01-10,257.958282,347.108010,0.743164
2017-01-11,255.866943,344.651163,0.742394
2017-01-12,255.035934,342.906460,0.743748
2017-01-13,255.607420,343.143152,0.744900
2017-01-16,256.959891,343.095607,0.748945
2017-01-17,258.124578,343.809819,0.750777
2017-01-18,260.813723,345.154522,0.755643
2017-01-19,260.199948,344.112661,0.756148
2017-01-20,261.568069,346.758656,0.754323
2017-01-23,261.562880,347.708527,0.752248
2017-01-24,262.447911,347.746770,0.754710
2017-01-25,263.071399,348.930233,0.753937
2017-01-26,263.245618,350.176744,0.751751
2017-02-03,261.834242,347.750904,0.752936
2017-02-06,262.356866,348.652196,0.752489
2017-02-07,262.205747,347.873902,0.753738
2017-02-08,262.876118,349.694057,0.751732
2017-02-09,263.425684,351.037726,0.750420
2017-02-10,263.984555,352.815504,0.748223
2017-02-13,266.633174,355.171059,0.750718
2017-02-14,266.127554,355.121447,0.749399
2017-02-15,265.623111,353.665116,0.751058
2017-02-16,266.478292,355.651680,0.749268
2017-02-17,266.259101,353.637209,0.752916
2017-02-20,271.739291,358.800000,0.757356
2017-02-21,271.397699,359.981395,0.753921
2017-02-22,272.719015,360.698708,0.756085
2017-02-23,272.017769,358.999483,0.757711
2017-02-24,271.668789,359.054264,0.756623
2017-02-27,269.250130,356.198450,0.755899
2017-02-28,269.292626,356.879587,0.754576
2017-03-01,269.316282,357.461499,0.753413
2017-03-02,267.924682,355.049096,0.754613
2017-03-03,267.852703,354.300775,0.756004
2017-03-06,268.898238,356.225323,0.754854
2017-03-07,271.064184,356.998450,0.759287
2017-03-08,270.316852,356.457881,0.758342
2017-03-09,268.472320,354.205685,0.757956
2017-03-10,269.560762,354.303876,0.760818
2017-03-13,271.867679,357.426357,0.760626
2017-03-14,271.428164,357.280620,0.759706
2017-03-15,271.945746,357.998966,0.759627
2017-03-16,272.166372,359.845995,0.756341
2017-03-17,269.897214,356.156072,0.757806
2017-03-20,271.907990,356.548837,0.762611
2017-03-21,275.456386,358.279070,0.768832
2017-03-22,274.992423,356.594315,0.771163
2017-03-23,275.682597,357.827390,0.770435
2017-03-24,277.920465,360.682171,0.770541
2017-03-27,275.946628,359.487339,0.767612
2017-03-28,275.176455,358.636693,0.767285
2017-03-29,274.993800,358.159173,0.767798
2017-03-30,273.735922,355.220672,0.770608
2017-03-31,275.938114,357.214470,0.772472
2017-04-05,278.931866,362.159173,0.770191
2017-04-06,280.395692,363.209302,0.771995
2017-04-07,280.184747,363.561757,0.770666
2017-04-10,278.786968,362.288372,0.769517
2017-04-11,278.804894,363.548320,0.766899
2017-04-12,278.154416,362.732817,0.766830
2017-04-13,278.315852,363.263049,0.766155
2017-04-14,276.785630,360.361757,0.768077
2017-04-17,276.932835,359.683721,0.769934
2017-04-18,277.499018,357.905943,0.775341
2017-04-19,276.834566,356.163307,0.777269
2017-04-20,280.357455,357.782946,0.783596
2017-04-21,280.408277,358.324548,0.782554
2017-04-24,278.091805,354.652196,0.784125
2017-04-25,280.333377,355.655814,0.788215
2017-04-26,279.316637,356.090956,0.784397
2017-04-27,279.390948,356.250129,0.784255
2017-04-28,278.069176,355.529716,0.782126
2017-05-02,276.972574,354.168475,0.782036
2017-05-03,277.151980,352.778295,0.785627
2017-05-04,276.750765,351.874935,0.786503
2017-05-05,276.099793,349.617571,0.789719
2017-05-08,274.869545,347.163824,0.791757
2017-05-09,274.332328,346.514729,0.791690
2017-05-10,275.380081,344.981912,0.798245
2017-05-11,277.824596,346.940568,0.800784
2017-05-12,281.400970,349.910078,0.804209
2017-05-15,283.316839,351.337468,0.806395
2017-05-16,284.991858,354.382429,0.804193
2017-05-17,281.767286,352.451680,0.799449
2017-05-18,281.337697,351.225840,0.801017
2017-05-19,282.857424,351.819121,0.803985
2017-05-22,285.443646,352.582946,0.809579
2017-05-23,289.832033,353.921447,0.818916
2017-05-24,289.171983,353.919380,0.817056
2017-05-25,293.801632,360.274935,0.815493
2017-05-26,293.086472,359.734367,0.814730
2017-05-31,293.737541,361.021189,0.813630
2017-06-01,296.648340,361.523514,0.820551
2017-06-02,294.588432,360.362791,0.817477
2017-06-05,292.077314,358.527132,0.814659
2017-06-06,294.868596,361.021189,0.816763
2017-06-07,298.888072,365.257881,0.818293
2017-06-08,301.829942,368.059948,0.820056
2017-06-09,304.259137,369.629974,0.823145
2017-06-12,306.023019,369.445995,0.828330
2017-06-13,305.861744,370.260465,0.826072
2017-06-14,300.248822,365.405685,0.821686
2017-06-15,298.018555,364.732817,0.817087
2017-06-16,295.945055,363.696124,0.813715
2017-06-19,299.042621,367.304393,0.814155
2017-06-20,297.933913,366.562274,0.812778
2017-06-21,302.581448,370.848579,0.815916
2017-06-22,304.244987,371.094574,0.819858
2017-06-23,306.952719,374.457881,0.819726
2017-06-26,310.348871,379.130749,0.818580
2017-06-27,311.801511,379.816021,0.820928
2017-06-28,309.201607,376.865116,0.820457
2017-06-29,311.121290,379.207235,0.820452
2017-06-30,310.591367,378.997416,0.819508
2017-07-03,307.365763,377.348837,0.814540
2017-07-04,304.407738,374.158140,0.813580
2017-07-05,309.643774,378.261499,0.818597
2017-07-06,310.014384,378.304910,0.819483
2017-07-07,307.490037,377.873902,0.813737
2017-07-10,308.418958,377.642377,0.816696
2017-07-11,311.950384,379.411886,0.822195
2017-07-12,309.836373,378.172610,0.819299
2017-07-13,313.011850,381.077003,0.821387
2017-07-14,315.287694,382.748320,0.823747
2017-07-17,315.113250,378.662532,0.832174
2017-07-18,314.782630,379.036693,0.830481
2017-07-19,317.952790,385.503876,0.824772
2017-07-20,319.875238,387.377778,0.825745
2017-07-21,318.586398,385.385013,0.826670
2017-07-24,319.928887,386.921964,0.826856
2017-07-25,318.662545,384.450646,0.828878
2017-07-26,316.279637,382.986047,0.825825
2017-07-27,315.777894,383.688889,0.823005
2017-07-28,317.039335,384.691473,0.824139
2017-07-31,317.758445,386.343152,0.822477
2017-08-01,321.484499,389.703359,0.824947
2017-08-02,319.990671,388.718346,0.823194
2017-08-03,315.322716,385.305426,0.818371
2017-08-04,313.748234,383.212403,0.818732
2017-08-07,316.063892,385.197933,0.820523
2017-08-08,315.709218,385.758140,0.818412
2017-08-09,317.016469,385.637209,0.822059
2017-08-10,316.694945,384.074419,0.824567
2017-08-11,310.975723,376.987080,0.824898
2017-08-14,315.048074,381.879070,0.824994
2017-08-15,316.175651,383.055297,0.825405
2017-08-16,314.802769,382.575711,0.822851
2017-08-17,315.309913,384.628424,0.819778
2017-08-18,315.727892,384.978811,0.820118
2017-08-21,317.534686,386.665633,0.821213
2017-08-22,320.267687,387.834625,0.825784
2017-08-23,321.499497,388.226357,0.828124
2017-08-24,320.236181,386.010336,0.829605
2017-08-25,325.099965,392.325581,0.828648
2017-08-28,326.993529,397.179328,0.823289
2017-08-29,326.303631,396.334884,0.823303
2017-08-30,325.950191,396.310078,0.822463
2017-08-31,323.786723,395.048062,0.819613
2017-09-01,323.465936,395.921447,0.816995
2017-09-04,324.991696,397.480103,0.817630
2017-09-05,325.286829,398.661499,0.815947
2017-09-06,323.735493,397.875969,0.813659
2017-09-07,321.301421,395.852196,0.811670
2017-09-08,320.351224,395.451163,0.810090
2017-09-11,319.206033,395.416021,0.807266
2017-09-12,321.744352,396.685271,0.811082
2017-09-13,322.588066,397.168992,0.812219
2017-09-14,320.598035,395.861499,0.809874
2017-09-15,320.575973,396.000000,0.809535
2017-09-18,320.725508,397.223773,0.807418
2017-09-19,320.676131,396.084755,0.809615
2017-09-20,320.423166,397.151421,0.806804
2017-09-21,322.275925,396.673902,0.812445
2017-09-22,322.993228,396.664599,0.814273
2017-09-25,324.146746,394.603618,0.821449
2017-09-26,324.520863,394.912661,0.821754
2017-09-27,324.096324,394.956072,0.820588
2017-09-28,325.121358,395.094574,0.822895
2017-09-29,325.248285,396.537468,0.820221
2017-10-09,329.062348,401.262016,0.820069
2017-10-10,329.287081,402.052713,0.819015
2017-10-11,331.924590,403.378811,0.822861
2017-10-12,333.766151,404.439276,0.825257
2017-10-13,334.476342,405.271318,0.825315
2017-10-16,336.073356,404.490956,0.830855
2017-10-17,336.131034,404.451680,0.831078
2017-10-18,340.122904,407.665116,0.834319
2017-10-19,341.838400,406.330749,0.841281
2017-10-20,339.298591,405.875969,0.835966
2017-10-23,339.204729,406.284238,0.834895
2017-10-24,341.479030,409.240310,0.834422
2017-10-25,343.260451,411.054264,0.835073
2017-10-26,345.903681,412.773127,0.838000
2017-10-27,353.194037,415.707494,0.849622
2017-10-30,353.228573,414.441344,0.852301
2017-10-31,352.597950,414.131266,0.851416
2017-11-01,352.495802,413.087339,0.853320
2017-11-02,352.803392,413.140052,0.853956
2017-11-03,354.084127,412.682171,0.858007
2017-11-06,357.396035,415.595866,0.859961
2017-11-07,359.494740,419.043928,0.857893
2017-11-08,357.565140,418.398966,0.854603
2017-11-09,361.062869,421.281654,0.857058
2017-11-10,365.257641,425.003618,0.859422
2017-11-13,368.747303,426.673902,0.864237
2017-11-14,366.317151,423.705426,0.864556
2017-11-15,365.051505,421.051163,0.867000
2017-11-16,370.338671,424.290439,0.872842
2017-11-17,372.301911,425.927649,0.874097
2017-11-20,374.922581,428.302842,0.875368
2017-11-21,379.355890,435.937984,0.870206
2017-11-22,379.589168,436.958140,0.868708
2017-11-23,367.419168,424.020672,0.866512
2017-11-24,366.093081,424.206718,0.863006
2017-11-27,360.416826,418.599483,0.861006
2017-11-28,361.894139,419.206202,0.863284
2017-11-29,361.326853,418.992248,0.862371
2017-11-30,356.840168,414.067183,0.861793
2017-12-01,354.162634,413.244444,0.857029
2017-12-04,358.096688,415.386047,0.862082
2017-12-05,361.516963,417.588630,0.865725
2017-12-06,357.367939,415.071835,0.860979
2017-12-07,351.776311,410.445478,0.857060
2017-12-08,356.017654,413.786047,0.860391
2017-12-11,363.222864,420.620155,0.863541
2017-12-12,358.774252,415.092506,0.864324
2017-12-13,362.615339,418.613953,0.866229
2017-12-14,360.496043,416.139535,0.866286
2017-12-15,355.582565,411.458398,0.864201
2017-12-18,358.852197,411.916279,0.871178
2017-12-19,364.067224,417.088372,0.872878
2017-12-20,365.340097,416.588114,0.876982
2017-12-21,368.573700,420.449612,0.876618
2017-12-22,367.405628,419.080103,0.876695
2017-12-25,367.827049,417.730233,0.880537
2017-12-26,368.480090,418.978811,0.879472
2017-12-27,361.117352,412.528165,0.875376
2017-12-28,367.018748,415.390181,0.883552
2017-12-29,366.515720,416.625323,0.879725
2018-01-02,372.317169,422.470284,0.881286
2018-01-03,373.325528,424.949871,0.878517
2018-01-04,376.155460,426.750388,0.881441
2018-01-05,377.467286,427.777778,0.882391
2018-01-08,378.879467,429.990698,0.881134
2018-01-09,384.020663,433.002584,0.886878
2018-01-10,387.482494,434.915762,0.890937
2018-01-11,387.472743,434.686305,0.891385
2018-01-12,392.166582,436.692506,0.898038
2018-01-15,395.739991,436.717313,0.906170
2018-01-16,396.075915,440.151938,0.899862
2018-01-17,393.201776,439.082171,0.895508
2018-01-18,398.474003,441.490439,0.902565
2018-01-19,399.994216,442.935401,0.903053
2018-01-22,406.197885,448.227390,0.906232
2018-01-23,411.058073,452.982946,0.907447
2018-01-24,407.949246,453.735401,0.899091
2018-01-25,406.855665,451.171059,0.901777
2018-01-26,409.265790,452.847545,0.903761
2018-01-29,401.742892,444.653230,0.903497
2018-01-30,397.379121,439.906977,0.903325
2018-01-31,403.571801,441.953488,0.913154
2018-02-01,404.424152,438.852713,0.921549
2018-02-02,407.962743,441.470801,0.924099
2018-02-05,408.683427,441.772610,0.925099
2018-02-06,399.050474,428.825840,0.930565
2018-02-07,384.465236,418.656331,0.918331
2018-02-08,377.853796,414.682171,0.911189
2018-02-09,363.710924,396.966408,0.916226
2018-02-12,367.052269,402.077519,0.912889
2018-02-13,373.521660,406.783463,0.918232
2018-02-14,377.803352,410.021705,0.921423
2018-02-22,386.780256,418.886822,0.923353
2018-02-23,388.892592,420.784496,0.924208
2018-02-26,392.205891,425.676486,0.921371
2018-02-27,383.374683,419.532817,0.913813
2018-02-28,377.747200,415.880103,0.908308
2018-03-01,380.391929,418.510594,0.908918
2018-03-02,376.243839,415.137984,0.906310
2018-03-05,374.765159,415.307494,0.902380
2018-03-06,377.647704,420.316279,0.898485
2018-03-07,375.628270,417.224806,0.900302
2018-03-08,379.010331,421.457364,0.899285
2018-03-09,381.028338,424.689406,0.897193
2018-03-12,381.989858,426.632558,0.895360
2018-03-13,379.321705,422.868217,0.897021
2018-03-14,378.946057,421.017054,0.900073
2018-03-15,383.643536,423.375711,0.906154
2018-03-16,379.314715,419.268217,0.904707
2018-03-19,382.429002,421.111111,0.908143
2018-03-20,382.923444,421.467700,0.908548
2018-03-21,381.786074,419.746770,0.909563
2018-03-22,376.407359,415.540052,0.905827
2018-03-23,367.827932,403.611370,0.911342
2018-03-26,361.384099,401.022222,0.901157
2018-03-27,361.958497,404.472351,0.894891
2018-03-28,353.708139,397.180362,0.890548
2018-03-29,360.282186,402.485788,0.895143
2018-03-30,358.848203,402.945736,0.890562
2018-04-02,355.165083,401.748837,0.884048
2018-04-03,354.222826,399.222739,0.887281
2018-04-04,354.762041,398.435142,0.890388
2018-04-09,353.699452,398.235659,0.888166
2018-04-10,363.809027,405.909044,0.896282
2018-04-11,365.562764,407.063566,0.898048
2018-04-12,360.162758,402.960207,0.893792
2018-04-13,356.650544,400.117829,0.891364
2018-04-16,348.528136,393.680620,0.885307
2018-04-17,341.869280,387.456331,0.882343
2018-04-18,342.952510,389.279587,0.880993
2018-04-19,349.288754,393.988630,0.886545
2018-04-20,346.910331,388.718346,0.892447
2018-04-23,349.511646,389.284755,0.897830
2018-04-24,356.762296,397.259948,0.898058
2018-04-25,355.016700,395.731266,0.897116
2018-04-26,346.796784,388.164341,0.893428
2018-04-27,345.312052,388.308010,0.889274
2018-05-02,347.906763,389.007752,0.894344
2018-05-03,349.894971,392.041344,0.892495
2018-05-04,347.408547,390.139535,0.890473
2018-05-07,354.013358,396.298708,0.893299
2018-05-08,359.276819,400.897158,0.896182
2018-05-09,358.937870,400.167442,0.896969
2018-05-10,361.833987,402.383463,0.899227
2018-05-11,361.228698,400.293540,0.902410
2018-05-14,367.177482,404.060982,0.908718
2018-05-15,367.775033,405.591731,0.906762
2018-05-16,363.972668,402.360724,0.904593
2018-05-17,360.452727,399.385013,0.902519
2018-05-18,364.673379,403.417054,0.903961
2018-05-21,365.204188,405.296124,0.901080
2018-05-22,363.381469,403.742636,0.900032
2018-05-23,357.449013,398.406202,0.897197
2018-05-24,353.505646,395.578295,0.893643
2018-05-25,352.527789,394.470284,0.893674
2018-05-28,356.305405,396.202584,0.899301
2018-05-29,353.599823,393.179328,0.899335
2018-05-30,347.902380,384.844444,0.904008
2018-05-31,356.927115,393.010853,0.908186
2018-06-01,353.804513,389.725065,0.907831
2018-06-04,361.340716,393.548320,0.918161
2018-06-05,365.684064,397.449096,0.920078
2018-06-06,364.284596,396.625323,0.918460
2018-06-07,363.949005,395.970026,0.919133
2018-06-08,359.689478,390.658398,0.920726
2018-06-11,361.036779,390.695607,0.924087
2018-06-12,366.774836,395.447028,0.927494
2018-06-13,364.342663,391.559690,0.930491
2018-06-14,362.343470,390.012403,0.929056
2018-06-15,362.581496,387.951421,0.934605
2018-06-19,354.217690,374.275969,0.946408
2018-06-20,356.750935,375.756072,0.949422
2018-06-21,355.147501,371.366408,0.956326
2018-06-22,355.978631,373.012920,0.954333
2018-06-25,351.379929,368.008269,0.954815
2018-06-26,345.973576,364.972610,0.947944
2018-06-27,335.589971,357.546253,0.938592
2018-06-28,329.383940,353.853230,0.930849
2018-06-29,339.119825,362.891990,0.934492
2018-07-02,327.051773,352.243928,0.928481
2018-07-03,324.523938,352.380362,0.920948
2018-07-04,320.368363,347.674419,0.921461
2018-07-05,321.640632,345.471835,0.931018
2018-07-06,324.848603,347.816021,0.933967
2018-07-09,336.825490,357.537984,0.942069
2018-07-10,337.344276,358.400000,0.941251
2018-07-11,333.215367,352.199483,0.946098
2018-07-12,340.239129,359.799483,0.945635
2018-07-13,339.776526,361.001550,0.941205
2018-07-16,336.729418,358.872351,0.938299
2018-07-17,333.742308,356.525065,0.936098
2018-07-18,331.712585,354.658398,0.935302
2018-07-19,331.381294,354.350388,0.935180
2018-07-20,338.994834,361.022222,0.938986
2018-07-23,340.466081,364.418605,0.934272
2018-07-24,345.074532,370.202584,0.932124
2018-07-25,345.152943,369.793282,0.933367
2018-07-26,340.601257,365.503876,0.931868
2018-07-27,339.377389,363.951421,0.932480
2018-07-30,338.740301,363.315762,0.932358
2018-07-31,339.454465,363.582429,0.933638
2018-08-01,331.962930,356.319380,0.931644
2018-08-02,323.608232,348.419638,0.928789
2018-08-03,317.690244,342.664599,0.927117
2018-08-06,314.636212,338.322481,0.929989
2018-08-07,323.248043,348.203618,0.928331
2018-08-08,317.478547,342.585013,0.926715
2018-08-09,326.710369,351.165891,0.930359
2018-08-10,326.921880,351.940052,0.928914
2018-08-13,323.646778,350.422739,0.923590
2018-08-14,321.837501,348.621189,0.923173
2018-08-15,313.270140,340.256331,0.920689
2018-08-16,311.902810,338.680103,0.920936
2018-08-17,307.453557,333.810853,0.921041
2018-08-20,311.892976,337.700258,0.923579
2018-08-21,319.585980,343.839793,0.929462
2018-08-22,318.014750,341.906977,0.930121
2018-08-23,318.892940,343.155556,0.929296
2018-08-24,319.126070,343.703359,0.928493
2018-08-27,328.246815,352.100258,0.932254
2018-08-28,326.995098,351.438760,0.930447
2018-08-29,326.438548,350.033075,0.932593
2018-08-30,323.183016,346.365891,0.933068
2018-08-31,320.781250,344.651163,0.930742
2018-09-03,319.648710,343.340568,0.930996
2018-09-04,323.569017,347.689922,0.930625
2018-09-05,316.434838,340.893023,0.928253
2018-09-06,311.446243,337.248579,0.923492
2018-09-07,314.483479,338.774160,0.928298
2018-09-10,311.343811,333.857364,0.932565
2018-09-11,310.693799,333.251680,0.932310
2018-09-12,305.799894,330.958140,0.923984
2018-09-13,308.905096,334.529199,0.923402
2018-09-14,311.114341,335.099742,0.928423
2018-09-17,308.286184,331.257881,0.930653
2018-09-18,313.991367,337.925581,0.929173
2018-09-19,319.058792,342.375194,0.931898
2018-09-20,319.321044,342.132300,0.933326
2018-09-21,332.935776,352.505426,0.944484
2018-09-25,330.439920,349.333333,0.945916
2018-09-26,336.847283,353.203101,0.953693
2018-09-27,336.469141,351.792248,0.956443
2018-09-28,339.662070,355.437726,0.955616
2018-10-08,321.463284,340.144703,0.945078
2018-10-09,321.211041,339.916279,0.944971
2018-10-10,317.988050,339.183463,0.937510
2018-10-11,305.415467,322.905426,0.945836
2018-10-12,313.743752,327.724031,0.957341
2018-10-15,309.504024,323.147287,0.957780
2018-10-16,307.556884,320.513695,0.959575
2018-10-17,306.813250,322.299742,0.951950
2018-10-18,298.298428,314.665633,0.947985
2018-10-19,308.544338,324.025840,0.952221
2018-10-22,322.501245,338.012403,0.954111
2018-10-23,310.335385,329.036693,0.943163
2018-10-24,306.663944,329.529716,0.930611
2018-10-25,303.337043,330.161240,0.918754
2018-10-26,299.363416,328.024806,0.912624
2018-10-29,282.231539,318.024806,0.887451
2018-10-30,283.877286,321.473902,0.883049
2018-10-31,292.903689,325.976227,0.898543
2018-11-01,297.541800,328.375194,0.906103
2018-11-02,313.765595,340.077519,0.922630
2018-11-05,308.617257,337.244444,0.915114
2018-11-06,306.067232,335.209302,0.913063
2018-11-07,305.185903,333.013953,0.916436
2018-11-08,305.200341,332.069251,0.919086
2018-11-09,300.541127,327.383979,0.918008
2018-11-12,302.338729,331.280620,0.912636
2018-11-13,305.697505,334.612920,0.913585
2018-11-14,301.058788,331.259948,0.908829
2018-11-15,303.833926,335.128682,0.906619
2018-11-16,303.685435,336.710078,0.901920
2018-11-19,307.047240,340.527132,0.901682
2018-11-20,299.927372,332.652196,0.901625
2018-11-21,301.851517,333.487339,0.905136
2018-11-22,300.702951,332.240827,0.905075
2018-11-23,295.757099,324.907494,0.910281
2018-11-26,295.653429,324.675969,0.910611
2018-11-27,294.302714,324.262532,0.907606
2018-11-28,298.864194,328.571576,0.909586
2018-11-29,295.910442,324.304910,0.912445
2018-11-30,300.277373,327.926615,0.915685
2018-12-03,311.962168,337.049096,0.925569
2018-12-04,312.193365,337.747804,0.924339
2018-12-05,311.591555,336.124031,0.927014
2018-12-06,302.187260,328.854780,0.918908
2018-12-07,299.150024,328.843411,0.909704
2018-12-10,295.076021,325.039793,0.907815
2018-12-11,297.843395,326.596382,0.911962
2018-12-12,299.012137,327.711628,0.912425
2018-12-13,305.603926,332.784496,0.918324
2018-12-14,300.767382,327.225840,0.919143
2018-12-17,298.604325,326.739018,0.913892
2018-12-18,295.643526,323.351938,0.914309
2018-12-19,290.254665,319.496641,0.908475
2018-12-20,287.286933,317.045995,0.906136
2018-12-21,282.575880,313.116279,0.902463
2018-12-24,285.404056,314.025840,0.908855
2018-12-25,284.541156,311.863566,0.912390
2018-12-26,282.377874,310.287339,0.910053
2018-12-27,282.101728,309.096641,0.912665
2018-12-28,284.963545,311.178295,0.915756
2019-01-02,280.561623,306.929199,0.914092
2019-01-03,277.031792,306.443411,0.904023
2019-01-04,283.015552,313.785013,0.901941
2019-01-07,284.468092,315.689922,0.901100
2019-01-08,284.261683,315.007752,0.902396
2019-01-09,289.743861,318.189147,0.910603
2019-01-10,290.037065,317.590698,0.913242
2019-01-11,292.550961,319.873902,0.914582
2019-01-14,288.398058,317.083204,0.909534
2019-01-15,298.509426,323.306460,0.923302
2019-01-16,299.691783,323.374677,0.926763
2019-01-17,298.411690,321.593798,0.927915
2019-01-18,304.722158,327.459432,0.930565
2019-01-21,307.113408,329.265116,0.932724
2019-01-22,301.973291,324.890956,0.929460
2019-01-23,301.955966,324.656331,0.930079
2019-01-24,304.241250,326.488889,0.931858
2019-01-25,306.786714,329.144186,0.932074
2019-01-28,306.114678,329.072868,0.930234
2019-01-29,308.697062,330.126098,0.935088
2019-01-30,305.740060,327.491473,0.933582
2019-01-31,310.349968,330.917829,0.937846
2019-02-01,315.465280,335.648579,0.939868
2019-02-11,324.210173,341.754005,0.948665
2019-02-12,326.251052,344.221189,0.947795
2019-02-13,332.128387,351.114212,0.945927
2019-02-14,334.260962,351.642377,0.950571
2019-02-15,326.016809,345.085271,0.944743
2019-02-18,336.782738,356.148837,0.945624
2019-02-19,335.049322,355.515245,0.942433
2019-02-20,334.690420,356.788630,0.938064
2019-02-21,333.831100,355.835659,0.938161
2019-02-22,338.146389,363.836693,0.929391
2019-02-25,353.229822,385.475969,0.916347
2019-02-26,347.015550,380.846512,0.911169
2019-02-27,346.672154,380.195349,0.911826
2019-02-28,350.650542,379.263049,0.924558
2019-03-01,358.978542,387.566925,0.926236
2019-03-04,361.918860,392.155039,0.922897
2019-03-05,361.623732,394.419638,0.916850
2019-03-06,360.845040,397.735401,0.907249
2019-03-07,353.257537,393.679587,0.897322
2019-03-08,344.542197,378.044444,0.911380
2019-03-11,350.883304,385.524548,0.910145
2019-03-12,350.977298,388.149871,0.904231
2019-03-13,350.028304,384.929199,0.909332
2019-03-14,352.272427,382.272868,0.921521
2019-03-15,357.808743,387.081137,0.924377
2019-03-18,370.189778,398.113695,0.929859
2019-03-19,367.506115,396.274935,0.927402
2019-03-20,367.208505,396.427907,0.926293
2019-03-21,367.429610,396.577778,0.926501
2019-03-22,368.360751,396.258398,0.929597
2019-03-25,360.362780,386.855814,0.931517
2019-03-26,359.448071,382.474419,0.939796
2019-03-27,366.182829,386.913695,0.946420
2019-03-28,368.736902,385.364341,0.956853
2019-03-29,382.531748,400.241860,0.955751
2019-04-01,390.222415,410.742119,0.950042
2019-04-02,388.652173,410.469251,0.946848
2019-04-03,391.386152,415.727132,0.941450
2019-04-04,394.710556,419.868734,0.940081
2019-04-08,395.573716,419.351938,0.943298
2019-04-09,395.023873,421.233075,0.937780
2019-04-10,397.845697,422.310078,0.942070
2019-04-11,389.423292,413.186563,0.942488
2019-04-12,389.286177,412.260465,0.944272
2019-04-15,385.857358,410.906460,0.939039
2019-04-16,394.822227,422.303876,0.934924
2019-04-17,395.788807,422.453747,0.936881
2019-04-18,394.389732,420.886822,0.937045
2019-04-19,397.085194,425.902842,0.932338
2019-04-22,390.788391,416.083721,0.939206
2019-04-23,392.570558,415.401550,0.945039
2019-04-24,394.812235,416.546770,0.947822
2019-04-25,390.828453,407.423256,0.959269
2019-04-26,383.521626,401.991731,0.954054
2019-04-29,389.232110,403.134884,0.965513
2019-04-30,390.291965,404.466150,0.964956
2019-05-06,372.554459,380.839276,0.978246
2019-05-07,378.737927,384.565375,0.984847
2019-05-08,371.382445,379.065633,0.979731
2019-05-09,364.969529,372.062016,0.980937
2019-05-10,379.456710,385.576227,0.984129
2019-05-13,375.097085,379.196899,0.989188
2019-05-14,371.537868,376.759690,0.986140
2019-05-15,382.537163,385.228941,0.993013
2019-05-16,383.937249,386.972610,0.992156
2019-05-17,375.450445,377.132817,0.995539
2019-05-20,370.331790,373.931783,0.990373
2019-05-21,375.597649,378.995349,0.991035
2019-05-22,375.468365,377.196899,0.995417
2019-05-23,368.330104,370.435142,0.994317
2019-05-24,369.389115,371.463566,0.994415
2019-05-27,374.211989,375.937984,0.995409
2019-05-28,381.744551,379.561757,1.005751
2019-05-29,379.802941,378.698708,1.002916
2019-05-30,380.029590,376.349354,1.009779
2019-05-31,381.117149,375.172093,1.015846
2019-06-03,381.679744,375.401550,1.016724
2019-06-04,376.437464,371.934884,1.012106
2019-06-05,373.571863,371.794315,1.004781
2019-06-06,369.853915,368.442377,1.003831
2019-06-10,376.315182,373.203101,1.008339
2019-06-11,387.981708,384.421705,1.009261
2019-06-12,385.969168,381.509044,1.011691
2019-06-13,386.433371,380.918863,1.014477
2019-06-14,384.501797,377.765375,1.017832
2019-06-17,384.374949,377.759173,1.017513
2019-06-18,386.450575,379.082171,1.019437
2019-06-19,391.796129,384.076486,1.020099
2019-06-20,403.134176,395.712661,1.018755
2019-06-21,402.580183,396.272868,1.015917
2019-06-24,403.972179,397.030491,1.017484
2019-06-25,400.724308,392.900258,1.019914
2019-06-26,400.199266,392.178811,1.020451
2019-06-27,405.074976,396.363824,1.021978
2019-06-28,404.041628,395.409819,1.021830
2019-07-01,415.372725,406.802067,1.021068
2019-07-02,415.281310,406.942636,1.020491
2019-07-03,408.365102,402.432041,1.014743
2019-07-04,402.583362,400.320413,1.005653
2019-07-05,408.441016,402.397933,1.015018
2019-07-08,399.681863,393.053230,1.016864
2019-07-09,399.129937,392.054780,1.018046
2019-07-10,399.495691,391.394315,1.020699
2019-07-11,399.025017,391.237209,1.019906
2019-07-12,400.128129,393.667183,1.016412
2019-07-15,402.693265,395.265116,1.018793
2019-07-16,399.617906,393.471835,1.015620
2019-07-17,399.034163,393.244444,1.014723
2019-07-18,396.025347,389.498708,1.016757
2019-07-19,399.943387,393.587597,1.016148
2019-07-22,399.354347,390.871318,1.021703
2019-07-23,400.250733,391.721964,1.021773
2019-07-24,402.291546,394.814470,1.018938
2019-07-25,406.540544,398.043411,1.021347
2019-07-26,408.791705,398.818605,1.025007
2019-07-29,409.899983,398.374160,1.028932
2019-07-30,409.502001,400.033075,1.023670
2019-07-31,408.109936,396.419638,1.029490
2019-08-01,404.708680,393.123514,1.029470
2019-08-02,402.223215,387.332300,1.038445
2019-08-05,394.102528,379.916279,1.037340
2019-08-06,392.769001,375.848062,1.045021
2019-08-07,393.618640,374.308010,1.051590
2019-08-08,400.541718,379.254780,1.056128
2019-08-09,397.055528,375.558656,1.057240
2019-08-12,403.176083,382.335917,1.054507
2019-08-13,401.457658,378.888889,1.059566
2019-08-14,404.518329,380.609819,1.062816
2019-08-15,406.005151,381.808786,1.063373
2019-08-16,410.696598,383.518346,1.070866
2019-08-19,416.235501,391.843928,1.062248
2019-08-20,416.467931,391.496641,1.063784
2019-08-21,415.103343,390.879587,1.061972
2019-08-22,419.007624,392.094057,1.068641
2019-08-23,425.705274,394.920930,1.077951
2019-08-26,420.906218,389.241344,1.081350
2019-08-27,426.191009,394.516796,1.080286
2019-08-28,424.663238,393.031525,1.080481
2019-08-29,423.932759,391.750904,1.082149
2019-08-30,428.952482,392.722481,1.092253
2019-09-02,432.856293,397.759173,1.088237
2019-09-03,432.794296,398.305943,1.086588
2019-09-04,432.865035,401.653747,1.077707
2019-09-05,437.075701,405.717829,1.077290
2019-09-06,438.543127,408.114729,1.074558
2019-09-09,439.450533,410.640827,1.070158
2019-09-10,437.329655,409.226873,1.068673
2019-09-11,430.039113,406.211886,1.058657
2019-09-12,433.961483,410.581912,1.056943
2019-09-16,434.607724,409.066667,1.062437
2019-09-17,428.443982,402.193282,1.065269
2019-09-18,434.713078,404.142636,1.075643
2019-09-19,434.664664,405.620672,1.071604
2019-09-20,436.609940,406.785530,1.073317
2019-09-23,431.215836,402.135401,1.072315
2019-09-24,432.447834,403.212403,1.072506
2019-09-25,430.603982,400.101292,1.076237
2019-09-26,425.755640,397.017054,1.072386
2019-09-27,428.834121,398.206718,1.076913
2019-09-30,422.926960,394.266667,1.072693
2019-10-08,427.583680,396.659432,1.077962
2019-10-09,428.916579,397.234109,1.079758
2019-10-10,432.586821,400.479587,1.080172
2019-10-11,437.872224,404.313178,1.083003
2019-10-14,441.131142,408.603618,1.079607
2019-10-15,440.482186,406.847545,1.082671
2019-10-16,436.641907,405.445995,1.076942
2019-10-17,438.158136,405.707494,1.079985
2019-10-18,432.100444,399.935917,1.080424
2019-10-21,435.330763,401.120413,1.085287
2019-10-22,436.513132,402.674935,1.084034
2019-10-23,434.112133,400.111628,1.084978
2019-10-24,433.003673,400.069251,1.082322
2019-10-25,439.293052,402.768992,1.090682
2019-10-28,442.475739,405.849096,1.090247
2019-10-29,442.086134,404.158140,1.093844
2019-10-30,441.606269,402.194315,1.097992
2019-10-31,440.372299,401.731266,1.096186
2019-11-01,446.735144,408.515762,1.093557
2019-11-04,451.382689,411.175194,1.097787
2019-11-05,455.253984,413.727132,1.100373
2019-11-06,452.313097,411.873902,1.098183
2019-11-07,452.645178,412.596382,1.097065
2019-11-08,449.567498,410.647028,1.094778
2019-11-11,444.945755,403.408786,1.102965
2019-11-12,445.348847,403.482171,1.103763
2019-11-13,445.694289,403.098708,1.105670
2019-11-14,445.142281,403.706460,1.102638
2019-11-15,441.899737,400.732817,1.102729
2019-11-18,446.211258,403.920413,1.104701
2019-11-19,448.981871,407.962791,1.100546
2019-11-20,444.017323,403.913178,1.099289
2019-11-21,441.286425,402.025840,1.097657
2019-11-22,433.983659,397.931783,1.090598
2019-11-25,434.687297,400.848579,1.084418
2019-11-26,436.040690,402.237726,1.084037
2019-11-27,435.669397,400.580879,1.087594
2019-11-28,434.086388,399.204134,1.087379
2019-11-29,427.633816,395.728165,1.080625
2019-12-02,429.367950,396.491990,1.082917
2019-12-03,430.404633,398.045478,1.081295
2019-12-04,430.567362,397.914212,1.082061
2019-12-05,434.968338,400.967442,1.084797
2019-12-06,438.274778,403.347804,1.086593
2019-12-09,435.653577,402.630491,1.082018
2019-12-10,434.830384,403.140052,1.078609
2019-12-11,435.438974,403.385013,1.079462
2019-12-12,433.541912,402.172610,1.078000
2019-12-13,443.776634,410.151938,1.081981
2019-12-16,443.356162,412.149871,1.075716
2019-12-17,448.803287,417.757106,1.074316
2019-12-18,447.618109,416.824806,1.073876
2019-12-19,445.860731,416.242894,1.071155
2019-12-20,444.612268,415.219638,1.070788
2019-12-23,438.806691,410.036176,1.070166
2019-12-24,440.656121,412.709044,1.067716
2019-12-25,439.913079,412.493023,1.066474
2019-12-26,442.933209,416.122997,1.064429
2019-12-27,444.376185,415.713695,1.068948
2019-12-30,452.519086,421.873902,1.072641
2019-12-31,454.541807,423.419121,1.073503
2020-01-02,459.698189,429.172093,1.071128
2020-01-03,458.196815,428.419638,1.069505
2020-01-06,457.292479,426.801034,1.071442
2020-01-07,461.652632,429.997933,1.073616
2020-01-08,455.021988,425.045995,1.070524
2020-01-09,460.245097,430.425840,1.069279
2020-01-10,460.619866,430.302842,1.070455
2020-01-13,467.195337,434.520930,1.075196
2020-01-14,463.059201,433.063566,1.069264
2020-01-15,461.690982,430.669767,1.072030
2020-01-16,459.682224,428.841344,1.071917
2020-01-17,459.441973,429.441860,1.069858
2020-01-20,463.685735,432.643928,1.071749
2020-01-21,454.906336,425.251680,1.069734
2020-01-22,456.946744,427.072868,1.069950
2020-01-23,442.112094,413.839793,1.068317
2020-02-03,407.616046,381.225840,1.069225
2020-02-04,421.252143,391.280620,1.076599
2020-02-05,424.525329,395.713695,1.072809
2020-02-06,432.852728,403.078036,1.073868
2020-02-07,432.757027,403.087339,1.073606
2020-02-10,436.204972,404.755556,1.077700
2020-02-11,441.421095,408.522997,1.080529
2020-02-12,443.576803,411.827390,1.077094
2020-02-13,440.999257,409.294057,1.077463
2020-02-14,444.996062,412.168475,1.079646
2020-02-17,454.259002,421.438760,1.077877
2020-02-18,451.297795,419.380879,1.076105
2020-02-19,453.343020,418.740052,1.082636
2020-02-20,464.634101,428.388630,1.084609
2020-02-21,464.495812,428.887855,1.083024
2020-02-24,461.443571,427.166925,1.080242
2020-02-25,460.563946,426.237726,1.080533
2020-02-26,455.717445,420.983979,1.082505
2020-02-27,459.759868,422.209819,1.088937
2020-02-28,443.188267,407.240310,1.088272
2020-03-02,457.571697,420.637726,1.087805
2020-03-03,460.129549,422.879587,1.088086
2020-03-04,463.206167,425.328165,1.089056
2020-03-05,476.983437,434.804134,1.097008
2020-03-06,468.488557,427.752972,1.095232
2020-03-09,453.438015,413.140052,1.097541
2020-03-10,462.637938,421.987597,1.096331
2020-03-11,458.005556,416.375194,1.099983
2020-03-12,447.837734,408.362791,1.096666
2020-03-13,440.583544,402.616021,1.094302
2020-03-16,418.276202,385.306460,1.085568
2020-03-17,413.755918,383.429457,1.079093
2020-03-18,404.553809,375.840827,1.076397
2020-03-19,397.147496,370.965375,1.070578
2020-03-20,407.689074,377.593798,1.079703
2020-03-23,392.050550,364.889922,1.074435
2020-03-24,404.462945,374.688372,1.079465
2020-03-25,420.400937,384.756589,1.092641
2020-03-26,418.095286,382.227390,1.093839
2020-03-27,418.958398,383.468734,1.092549
2020-03-30,414.674505,379.752972,1.091959
2020-03-31,420.519551,380.998450,1.103730
2020-04-01,420.151031,379.853230,1.106088
2020-04-02,432.567914,385.997933,1.120648
2020-04-03,431.263185,383.795349,1.123680
2020-04-07,445.177229,392.560207,1.134036
2020-04-08,442.540253,390.732817,1.132590
2020-04-09,443.301150,392.021705,1.130808
2020-04-10,439.617136,389.579328,1.128441
2020-04-13,435.643624,387.933850,1.122984
2020-04-14,446.810245,395.421189,1.129960
2020-04-15,445.029671,392.491990,1.133857
2020-04-16,444.840851,393.010853,1.131879
2020-04-17,452.683797,396.846512,1.140702
2020-04-20,455.109855,398.290439,1.142658
2020-04-21,448.465935,393.596899,1.139404
2020-04-22,455.151292,396.835142,1.146953
2020-04-23,453.149606,395.839793,1.144780
2020-04-24,449.397484,392.451680,1.145103
2020-04-27,453.691710,395.118346,1.148243
2020-04-28,464.709061,397.844961,1.168066
2020-04-29,461.667831,399.693023,1.155056
2020-04-30,467.755886,404.401034,1.156663
2020-05-06,475.174135,406.847545,1.167942
2020-05-07,477.456498,405.673385,1.176948
2020-05-08,479.972567,409.676486,1.171589
2020-05-11,477.448539,409.320930,1.166441
2020-05-12,481.479124,409.327132,1.176270
2020-05-13,485.698091,410.155039,1.184182
2020-05-14,481.228575,405.707494,1.186147
2020-05-15,480.033337,404.425840,1.186950
2020-05-18,480.041494,405.468734,1.183917
2020-05-19,485.922989,408.914729,1.188324
2020-05-20,482.640991,406.741085,1.186605
2020-05-21,482.171682,404.526098,1.191942
2020-05-22,467.704862,395.251680,1.183309
2020-05-25,469.748014,395.795349,1.186846
2020-05-26,476.548848,400.286305,1.190520
2020-05-27,468.773558,397.479070,1.179367
2020-05-28,469.030335,398.618088,1.176641
2020-05-29,473.574628,399.691990,1.184849
2020-06-01,492.044276,410.474419,1.198721
2020-06-02,492.470997,411.738501,1.196077
2020-06-03,494.187662,411.746770,1.200222
2020-06-04,495.536571,411.595866,1.203940
2020-06-05,501.248037,413.565891,1.212015
2020-06-08,499.605801,415.705426,1.201827
2020-06-09,504.040662,418.297674,1.204981
2020-06-10,509.058861,417.541085,1.219183
2020-06-11,504.096964,413.010853,1.220542
2020-06-12,506.306108,413.755039,1.223686
2020-06-15,497.300381,408.784496,1.216534
2020-06-16,505.900463,414.942636,1.219206
2020-06-17,507.630236,415.254780,1.222455
2020-06-18,514.914683,418.023773,1.231783
2020-06-19,526.070444,423.639276,1.241789
2020-06-22,527.610490,423.984496,1.244410
2020-06-23,535.316097,426.024806,1.256537
2020-06-24,537.148026,427.802584,1.255598
2020-06-29,534.765113,424.777261,1.258931
2020-06-30,545.931770,430.383463,1.268478
2020-07-01,555.904698,439.047028,1.266162
2020-07-02,562.451479,448.148837,1.255055
2020-07-03,564.778804,456.806202,1.236364
2020-07-06,585.573421,482.696641,1.213129
2020-07-07,602.332575,485.594832,1.240402
2020-07-08,609.440647,493.436693,1.235094
2020-07-09,618.726773,500.337984,1.236618
2020-07-10,615.993988,491.279587,1.253856
2020-07-13,636.175779,501.597933,1.268298
2020-07-14,631.465394,496.815504,1.271026
2020-07-15,628.393379,490.384496,1.281430
2020-07-16,587.506962,466.795866,1.258595
2020-07-17,597.783085,469.736434,1.272593
2020-07-20,605.794315,483.751938,1.252283
2020-07-21,612.001398,484.862016,1.262218
2020-07-22,616.347104,487.281654,1.264868
2020-07-23,616.947575,487.073902,1.266641
2020-07-24,585.866779,465.694057,1.258051
2020-07-27,589.928364,468.056848,1.260378
2020-07-28,603.046196,472.171576,1.277176
2020-07-29,617.080952,483.618605,1.275966
2020-07-30,614.126483,481.255814,1.276092
2020-07-31,621.037082,485.276486,1.279759
2020-08-03,626.279577,493.158656,1.269935
2020-08-04,624.683079,493.622739,1.265507
2020-08-05,626.818598,493.758140,1.269485
2020-08-06,617.404840,492.274935,1.254187
2020-08-07,607.332576,486.607752,1.248095
2020-08-10,606.118271,488.358656,1.241133
2020-08-11,604.183011,483.904910,1.248557
2020-08-12,601.130625,480.376227,1.251375
2020-08-13,596.949701,479.143152,1.245869
2020-08-14,608.237156,486.266667,1.250830
2020-08-17,620.264298,497.698191,1.246266
2020-08-18,621.438140,497.442894,1.249265
2020-08-19,612.984428,489.992765,1.251007
2020-08-20,606.989499,483.633075,1.255062
2020-08-21,614.817490,487.735401,1.260555
2020-08-24,627.702071,491.560724,1.276957
2020-08-25,636.157874,492.191214,1.292501
2020-08-26,631.962502,486.421705,1.299207
2020-08-27,638.501124,489.028424,1.305652
2020-08-28,649.979196,500.699742,1.298142
2020-08-31,646.291257,497.800517,1.298294
2020-09-01,650.692568,500.477519,1.300143
2020-09-02,653.446014,500.660465,1.305168
2020-09-03,648.632180,497.891473,1.302758
2020-09-04,638.094183,493.045995,1.294188
2020-09-07,617.523536,482.622222,1.279517
2020-09-08,617.690410,485.208269,1.273042
2020-09-09,601.171585,473.859432,1.268671
2020-09-10,606.484524,473.589664,1.280612
2020-09-11,620.386441,478.271835,1.297142
2020-09-14,623.795720,480.728682,1.297605
2020-09-15,625.097970,484.597416,1.289933
2020-09-16,615.527707,481.380879,1.278671
2020-09-17,609.137155,478.833075,1.272128
2020-09-18,621.606791,489.621705,1.269565
2020-09-21,613.472249,484.902326,1.265146
2020-09-22,610.753459,479.148320,1.274665
2020-09-23,621.895118,480.860982,1.293295
2020-09-24,610.425270,471.635142,1.294274
2020-09-25,613.089693,472.353488,1.297947
2020-09-28,615.462607,473.582429,1.299589
2020-09-29,619.097308,474.604651,1.304448
2020-09-30,622.113227,474.149871,1.312060
2020-10-09,640.444161,483.838760,1.323673
2020-10-12,662.716700,498.517829,1.329374
2020-10-13,666.108621,500.175711,1.331749
2020-10-14,658.278736,496.857881,1.324883
2020-10-15,653.826371,495.993798,1.318215
2020-10-16,649.110922,495.264083,1.310636
2020-10-19,638.750212,491.523514,1.299531
2020-10-20,648.553883,495.449096,1.309022
2020-10-21,642.323568,495.382946,1.296620
2020-10-22,636.118225,493.848062,1.288085
2020-10-23,617.954516,487.699225,1.267081
2020-10-26,615.768417,484.882687,1.269933
2020-10-27,624.900063,485.713695,1.286561
2020-10-28,636.953617,489.640310,1.300860
2020-10-29,643.886534,493.325065,1.305197
2020-10-30,631.205645,485.305426,1.300636
2020-11-02,635.992343,487.941085,1.303420
2020-11-03,640.666039,493.804651,1.297408
2020-11-04,646.753948,497.535917,1.299914
2020-11-05,654.939356,504.920930,1.297113
2020-11-06,647.057492,504.983979,1.281343
2020-11-09,662.566586,514.868217,1.286866
2020-11-10,655.806405,512.028941,1.280799
2020-11-11,641.956467,506.966408,1.266270
2020-11-12,645.217628,507.334367,1.271780
2020-11-13,639.230314,502.000000,1.273367
2020-11-16,640.288934,506.890956,1.263169
2020-11-17,631.243990,505.921447,1.247711
2020-11-18,621.596768,505.598966,1.229427
2020-11-19,628.719819,509.352972,1.234350
2020-11-20,631.223440,510.934367,1.235430
2020-11-23,635.782099,517.315762,1.229002
2020-11-24,631.832752,514.138501,1.228915
2020-11-25,618.494916,507.565891,1.218551
2020-11-26,616.299311,508.484755,1.212031
2020-11-27,623.539914,514.808269,1.211208
2020-11-30,622.510682,512.687339,1.214211
2020-12-01,637.597148,523.731266,1.217413
2020-12-02,636.296298,523.735401,1.214919
2020-12-03,643.169933,522.693540,1.230491
2020-12-04,653.980350,523.609302,1.248985
2020-12-07,654.978872,519.094574,1.261772
2020-12-08,656.479141,517.817054,1.267782
2020-12-09,650.997612,510.873385,1.274284
2020-12-10,654.844703,510.648062,1.282380
2020-12-11,650.014947,505.388114,1.286170
2020-12-14,658.210160,510.060982,1.290454
2020-12-15,664.002531,511.121447,1.299109
2020-12-16,668.466195,512.027907,1.305527
2020-12-17,678.488545,518.602584,1.308302
2020-12-18,675.503390,516.792765,1.307107
2020-12-21,688.728800,521.637209,1.320321
2020-12-22,687.032152,513.154522,1.338841
2020-12-23,693.057992,517.531783,1.339160
2020-12-24,693.238644,516.797933,1.341411
2020-12-25,703.209480,521.137984,1.349373
2020-12-28,704.203084,523.453230,1.345303
2020-12-29,699.317053,521.234109,1.341656
2020-12-30,714.081301,528.548837,1.351022
2020-12-31,728.031294,538.634625,1.351624
2021-01-04,738.117426,544.467183,1.355669
2021-01-05,761.667155,554.883721,1.372661
2021-01-06,771.797756,559.965891,1.378294
2021-01-07,791.601092,569.887339,1.389048
2021-01-08,781.362674,568.003101,1.375631
2021-01-11,770.944035,562.393798,1.370826
2021-01-12,793.055153,578.434109,1.371038
2021-01-13,786.849780,576.534367,1.364792
2021-01-14,765.784894,565.422222,1.354359
2021-01-15,756.356145,564.142636,1.340718
2021-01-18,764.009012,570.389664,1.339451
2021-01-19,746.968062,562.017571,1.329083
2021-01-20,761.995323,566.039276,1.346188
2021-01-21,780.391880,575.190698,1.356753
2021-01-22,789.859268,575.687855,1.372027
2021-01-25,800.944938,581.490439,1.377400
2021-01-26,779.851378,569.816021,1.368602
2021-01-27,778.286304,571.369509,1.362142
2021-01-28,754.421960,555.776744,1.357419
2021-01-29,756.367626,553.174160,1.367323
2021-02-01,766.102156,559.963824,1.368128
2021-02-02,788.118818,568.588114,1.386098
2021-02-03,789.216046,566.945736,1.392049
2021-02-04,786.494179,565.782946,1.390099
2021-02-05,794.007307,566.760724,1.400957
2021-02-08,807.064688,575.148320,1.403229
2021-02-09,826.110911,587.726098,1.405605
2021-02-10,859.477624,600.281137,1.431792
2021-02-18,832.208126,596.214987,1.395819
2021-02-19,825.807849,597.296124,1.382577
2021-02-22,777.895844,578.535401,1.344595
2021-02-23,774.686675,576.710078,1.343286
2021-02-24,743.433020,562.022739,1.322781
2021-02-25,740.272332,565.329199,1.309454
2021-02-26,724.035030,551.603101,1.312601
2021-03-01,740.260811,560.080620,1.321704
2021-03-02,729.407428,552.933333,1.319160
2021-03-03,740.367300,563.535917,1.313789
2021-03-04,704.132621,545.809819,1.290070
2021-03-05,706.895541,543.958656,1.299539
2021-03-08,665.075505,525.066667,1.266650
2021-03-09,647.035691,513.798450,1.259318
2021-03-10,661.346793,517.168992,1.278783
2021-03-11,677.301012,530.048579,1.277809
2021-03-12,676.351655,531.925581,1.271516
2021-03-15,646.380474,520.469251,1.241919
2021-03-16,653.482875,524.998450,1.244733
2021-03-17,663.232175,527.220672,1.257978
2021-03-18,673.867346,531.449096,1.267981
2021-03-19,650.982898,517.528682,1.257868
2021-03-22,650.809804,522.702842,1.245086
2021-03-23,640.888820,517.751938,1.237830
2021-03-24,628.229603,509.425323,1.233212
2021-03-25,632.182514,509.183463,1.241561
2021-03-26,655.263964,520.722481,1.258375
2021-03-29,657.146612,521.641344,1.259767
2021-03-30,671.515637,526.587080,1.275222
2021-03-31,658.760962,521.794315,1.262492
2021-04-01,677.231688,528.245995,1.282038
2021-04-02,696.609946,533.494574,1.305749
2021-04-06,691.240578,531.301292,1.301033
2021-04-07,676.686690,527.518346,1.282774
2021-04-08,681.427991,528.393798,1.289621
2021-04-09,661.101670,520.448579,1.270254
2021-04-12,641.615915,511.395349,1.254638
2021-04-13,641.330124,510.557106,1.256138
2021-04-14,652.424680,514.793798,1.267351
2021-04-15,649.914413,511.521447,1.270552
2021-04-16,651.645405,513.300258,1.269521
2021-04-19,672.529121,525.790181,1.279083
2021-04-20,674.680025,525.412920,1.284095
2021-04-21,678.109885,527.001550,1.286732
2021-04-22,674.913063,526.019638,1.283057
2021-04-23,691.782664,530.795866,1.303293
2021-04-26,682.595632,524.779328,1.300729
2021-04-27,690.672485,526.151938,1.312686
2021-04-28,701.254654,529.120413,1.325321
2021-04-29,702.893304,533.764341,1.316861
2021-04-30,699.534250,529.559690,1.320973
2021-05-06,685.612119,523.113178,1.310638
2021-05-07,671.878939,516.387597,1.301114
2021-05-10,671.049325,516.012403,1.300452
2021-05-11,676.998803,519.179328,1.303979
2021-05-12,683.811584,521.400517,1.311490
2021-05-13,676.875779,516.069251,1.311599
2021-05-14,694.491530,528.226357,1.314761
2021-05-17,717.803410,535.916279,1.339395
2021-05-18,718.898292,536.186047,1.340763
2021-05-19,722.252898,534.601550,1.351012
2021-05-20,722.511976,536.063049,1.347812
2021-05-21,715.565083,530.661499,1.348440
2021-05-24,720.756362,532.877519,1.352574
2021-05-25,747.629788,549.713695,1.360035
2021-05-26,744.390622,549.931783,1.353605
2021-05-27,746.466720,551.755039,1.352895
2021-05-28,743.859770,549.983463,1.352513
2021-05-31,748.524445,551.066667,1.358319
2021-06-01,757.873157,552.111628,1.372681
2021-06-02,750.561839,546.766925,1.372727
2021-06-03,744.763378,543.182429,1.371111
2021-06-04,748.417900,545.972093,1.370799
2021-06-07,747.416978,545.491473,1.370172
2021-06-08,734.790224,540.787597,1.358741
2021-06-09,739.778915,541.235142,1.366835
2021-06-10,754.102140,544.854780,1.384042
2021-06-11,749.655212,540.020672,1.388197
2021-06-15,741.527651,534.011370,1.388599
2021-06-16,717.886055,525.115245,1.367102
2021-06-17,724.586344,527.327132,1.374074
2021-06-18,727.935612,527.387080,1.380268
2021-06-21,730.452528,526.138501,1.388327
2021-06-22,735.570776,529.422222,1.389384
2021-06-23,732.476771,532.029974,1.376758
2021-06-24,736.563754,532.916796,1.382136
2021-06-25,753.374024,541.598966,1.391018
2021-06-28,761.533652,542.817571,1.402927
2021-06-29,753.277269,536.489922,1.404085
2021-06-30,757.067232,539.952455,1.402100
2021-07-01,756.403778,540.533333,1.399366
2021-07-02,729.298533,525.180362,1.388663
2021-07-05,730.787634,525.663049,1.390221
2021-07-06,726.682920,525.385013,1.383144
2021-07-07,742.933195,531.316796,1.398287
2021-07-08,734.127291,525.918346,1.395896
2021-07-09,729.469065,523.973127,1.392188
2021-07-12,744.880982,530.512661,1.404078
2021-07-13,750.743208,531.483204,1.412544
2021-07-14,744.460330,525.382946,1.416986
2021-07-15,756.377411,532.450646,1.420559
2021-07-16,742.296006,526.591214,1.409625
2021-07-19,749.457539,528.526098,1.418014
2021-07-20,751.021219,528.060982,1.422224
2021-07-21,759.919181,531.683721,1.429269
2021-07-22,758.960879,532.480620,1.425331
2021-07-23,748.569259,526.018605,1.423085
2021-07-26,715.214441,509.074935,1.404930
2021-07-27,683.347544,491.091473,1.391487
2021-07-28,687.027596,492.039276,1.396286
2021-07-29,706.124355,501.319897,1.408530
2021-07-30,688.265524,497.278553,1.384064
2021-08-02,718.562360,509.947287,1.409091
2021-08-03,723.943403,510.021705,1.419436
2021-08-04,734.879701,514.609819,1.428033
2021-08-05,729.234534,511.490439,1.425705
2021-08-06,725.136561,508.688372,1.425503
2021-08-09,728.584140,515.303359,1.413894
2021-08-10,740.974108,521.255814,1.421517
2021-08-11,729.608209,518.381395,1.407474
2021-08-12,721.295083,514.041344,1.403185
2021-08-13,720.810294,511.212403,1.410002
2021-08-16,717.513054,510.704910,1.404946
2021-08-17,695.783410,499.989664,1.391596
2021-08-18,694.073686,505.864599,1.372054
2021-08-19,691.101304,502.546770,1.375198
2021-08-20,666.617415,492.947804,1.352308
2021-08-23,679.280294,499.832558,1.359016
2021-08-24,693.365553,505.259948,1.372295
2021-08-25,701.345789,506.269767,1.385320
2021-08-26,682.806755,496.290439,1.375821
2021-08-27,688.773765,498.918863,1.380533
2021-08-30,696.487142,497.495607,1.399987
2021-08-31,681.895865,496.703876,1.372842
2021-09-01,682.975458,503.303359,1.356986
2021-09-02,677.216005,503.298191,1.345556
2021-09-03,670.929169,500.574677,1.340318
2021-09-06,690.142046,509.946253,1.353362
2021-09-07,696.400938,516.054780,1.349471
2021-09-08,688.288655,513.915245,1.339304
2021-09-09,688.998094,513.696124,1.341256
2021-09-10,695.470274,518.193282,1.342106
2021-09-13,689.202528,515.933850,1.335835
2021-09-14,687.761601,508.233592,1.353239
2021-09-15,677.620400,503.082171,1.346938
2021-09-16,668.728728,496.919897,1.345748
2021-09-17,679.238030,501.905943,1.353317
2021-09-22,674.792442,498.374160,1.353988
2021-09-23,674.993707,501.622739,1.345620
2021-09-24,674.969208,501.233075,1.346617
2021-09-27,669.423725,504.120930,1.327903
2021-09-28,660.080186,504.788630,1.307637
2021-09-29,646.871455,499.631008,1.294698
2021-09-30,663.031235,502.985013,1.318193
2021-10-08,660.971950,509.554522,1.297156
2021-10-11,659.392577,510.200517,1.292418
2021-10-12,651.983675,504.789664,1.291595
2021-10-13,673.815271,510.605685,1.319639
2021-10-14,676.897035,507.866667,1.332824
2021-10-15,684.834622,509.778811,1.343396
2021-10-18,686.744191,503.853230,1.362985
2021-10-19,690.375942,508.808269,1.356849
2021-10-20,694.053418,507.512145,1.367560
2021-10-21,688.849058,509.356072,1.352392
2021-10-22,687.285302,512.633592,1.340695
2021-10-25,706.220620,514.679070,1.372157
2021-10-26,704.170882,512.981912,1.372701
2021-10-27,701.318673,506.269767,1.385267
2021-10-28,687.731053,502.753488,1.367929
2021-10-29,700.513685,507.366408,1.380686
2021-11-01,687.683716,505.497674,1.360409
2021-11-02,685.878745,500.242894,1.371091
2021-11-03,673.195889,498.305943,1.350969
2021-11-04,683.860067,503.228941,1.358944
2021-11-05,674.771174,500.501292,1.348191
2021-11-08,686.508394,501.103876,1.369992
2021-11-09,690.616312,500.955039,1.378599
2021-11-10,681.558387,498.314212,1.367728
2021-11-11,686.426679,506.320413,1.355716
2021-11-12,687.316733,505.257881,1.360329
2021-11-15,671.526587,504.638760,1.330708
2021-11-16,668.262682,504.735917,1.323985
2021-11-17,676.000874,504.987080,1.338650
2021-11-18,672.287058,500.012403,1.344541
2021-11-19,675.290701,505.432558,1.336065
2021-11-22,692.520411,507.741602,1.363923
2021-11-23,688.305253,507.839793,1.355359
2021-11-24,684.415780,508.181912,1.346793
2021-11-25,679.084697,506.091990,1.341821
2021-11-26,681.702713,502.339018,1.357057
2021-11-29,684.296330,501.438760,1.364666
2021-11-30,683.330418,499.434625,1.368208
2021-12-01,676.531770,500.656331,1.351290
2021-12-02,679.694393,501.928682,1.354165
2021-12-03,681.127895,506.565375,1.344600
2021-12-06,673.886130,505.697158,1.332588
2021-12-07,672.300566,508.744186,1.321490
2021-12-08,684.288382,516.375194,1.325177
2021-12-09,691.986533,524.929199,1.318247
2021-12-10,693.835961,522.493023,1.327933
2021-12-13,695.563577,525.457364,1.323730
2021-12-14,686.927275,521.932817,1.316122
2021-12-15,678.728029,517.405685,1.311791
2021-12-16,681.838207,520.385530,1.310256
2021-12-17,666.278202,512.119897,1.301020
2021-12-20,650.636433,504.436176,1.289829
2021-12-21,653.525046,507.854264,1.286836
2021-12-22,653.350126,507.953488,1.286240
2021-12-23,657.945896,511.497674,1.286313
2021-12-24,642.246126,508.665633,1.262610
2021-12-27,641.747928,508.456848,1.262148
2021-12-28,654.942028,512.243928,1.278575
2021-12-29,646.844101,504.752455,1.281508
2021-12-30,649.263752,508.683204,1.276362
2021-12-31,654.877045,510.632558,1.282482
2022-01-04,642.072877,508.296641,1.263185
2022-01-05,623.616311,503.164858,1.239388
2022-01-06,616.670392,498.008269,1.238273
2022-01-07,611.401303,498.436176,1.226639
2022-01-10,611.972356,500.677003,1.222290
2022-01-11,604.026701,495.893540,1.218057
2022-01-12,620.990244,500.835142,1.239909
2022-01-13,611.448638,492.601550,1.241264
2022-01-14,612.132446,488.550904,1.252955
2022-01-17,617.956269,492.742119,1.254117
2022-01-18,624.282351,497.503876,1.254829
2022-01-19,611.439133,494.096124,1.237490
2022-01-20,609.945234,498.554005,1.223429
2022-01-21,603.533144,493.985530,1.221763
2022-01-24,608.892780,494.753488,1.230699
2022-01-25,595.086332,483.560724,1.230634
2022-01-26,603.604817,487.060465,1.239281
2022-01-27,584.110141,477.506977,1.223249
2022-01-28,573.454597,471.707494,1.215700
2022-02-07,585.172745,478.975711,1.221717
2022-02-08,572.156884,476.358656,1.201105
2022-02-09,579.848748,480.833075,1.205925
2022-02-10,573.004030,479.572093,1.194824
2022-02-11,564.531928,475.596899,1.186997
2022-02-14,562.474126,470.458915,1.195586
2022-02-15,577.409013,475.462532,1.214415
2022-02-16,580.486629,477.311628,1.216159
2022-02-17,588.761941,478.466150,1.230520
2022-02-18,586.610554,480.748320,1.220203
2022-02-21,584.182502,478.998450,1.219592
2022-02-22,580.955760,472.780362,1.228807
2022-02-23,595.396120,477.834625,1.246030
2022-02-24,585.777424,468.146770,1.251269
2022-02-25,595.631815,472.704910,1.260050
2022-02-28,603.016170,473.555556,1.273380
2022-03-01,602.745846,477.487339,1.262328
2022-03-02,596.763020,473.240310,1.261015
2022-03-03,586.682843,470.452713,1.247060
2022-03-04,577.016479,464.747287,1.241570
2022-03-07,558.445397,449.899742,1.241266
2022-03-08,546.144729,440.867183,1.238797
2022-03-09,541.564866,436.832041,1.239755
2022-03-10,558.528238,443.704393,1.258785
2022-03-11,556.817615,445.118346,1.250943
2022-03-14,536.380278,431.499742,1.243060
2022-03-15,518.808767,411.763307,1.259968
2022-03-16,542.646983,429.568992,1.263236
2022-03-17,552.635826,438.005168,1.261711
2022-03-18,549.636240,440.919897,1.246567
2022-03-21,552.627634,440.180879,1.255456
2022-03-22,551.802715,439.824289,1.254598
2022-03-23,553.185168,442.017571,1.251500
2022-03-24,551.052993,439.411886,1.254069
2022-03-25,540.177338,431.480103,1.251917
2022-03-28,541.970105,428.782429,1.263975
2022-03-29,544.345050,427.301292,1.273914
2022-03-30,555.024682,439.700258,1.262280
2022-03-31,549.222331,436.444444,1.258401
2022-04-01,553.137763,441.980362,1.251499
2022-04-06,551.009916,440.706977,1.250286
2022-04-07,545.244419,435.049096,1.253294
2022-04-08,550.071124,437.288889,1.257912
2022-04-11,531.729772,423.779845,1.254731
2022-04-12,536.513915,432.038243,1.241820
2022-04-13,533.471556,427.880103,1.246778
2022-04-14,537.813831,433.237209,1.241384
2022-04-15,533.618068,432.945736,1.232529
2022-04-18,532.370458,430.633592,1.236249
2022-04-19,534.369543,427.379845,1.250339
2022-04-20,517.106085,420.753488,1.229000
2022-04-21,504.011888,413.005685,1.220351
2022-04-22,506.623821,414.806202,1.221351
2022-04-25,480.248992,394.305943,1.217960
2022-04-26,475.090230,391.123514,1.214681
2022-04-27,494.835989,402.639793,1.228979
2022-04-28,503.839470,405.282687,1.243180
2022-04-29,517.158173,415.115245,1.245818
2022-05-05,516.407467,414.491990,1.245880
2022-05-06,505.097639,404.012403,1.250203
2022-05-09,504.327290,400.768992,1.258399
2022-05-10,508.932791,405.154522,1.256145
2022-05-11,517.813801,410.999483,1.259889
2022-05-12,513.824432,409.172093,1.255766
2022-05-13,522.963498,412.258398,1.268533
2022-05-16,519.522439,408.944703,1.270398
2022-05-17,528.384693,414.045478,1.276151
2022-05-18,526.277240,412.600517,1.275513
2022-05-19,532.665279,413.395349,1.288513
2022-05-20,540.739767,421.457364,1.283024
2022-05-23,539.489670,419.016021,1.287516
2022-05-24,528.083223,409.214470,1.290480
2022-05-25,533.977886,411.698191,1.297013
2022-05-26,535.922292,412.717313,1.298521
2022-05-27,539.763099,413.571059,1.305128
2022-05-30,539.447418,416.436176,1.295390
2022-05-31,545.769501,422.896124,1.290552
2022-06-01,545.623819,422.034109,1.292843
2022-06-02,547.344875,422.694574,1.294894
2022-06-06,560.651422,430.603618,1.302013
2022-06-07,558.276954,431.951421,1.292453
2022-06-08,563.488811,436.156072,1.291943
2022-06-09,559.341498,431.593798,1.295991
2022-06-10,570.369654,438.138501,1.301802
2022-06-13,566.189986,433.007752,1.307575
2022-06-14,571.875548,436.414470,1.310395
2022-06-15,572.268966,442.193282,1.294160
2022-06-16,567.426552,439.282687,1.291712
2022-06-17,574.697563,445.378811,1.290357
2022-06-20,570.991178,447.589664,1.275702
2022-06-21,568.113641,447.087339,1.270699
2022-06-22,563.154512,441.407752,1.275815
2022-06-23,572.708716,448.979845,1.275578
2022-06-24,578.386026,454.239793,1.273305
2022-06-27,582.502060,459.355039,1.268087
2022-06-28,586.470711,464.136434,1.263574
2022-06-29,575.547465,456.988114,1.259436
2022-06-30,578.929650,463.566925,1.248859
2022-07-01,579.477630,461.676486,1.255160
2022-07-04,584.496742,464.705943,1.257778
2022-07-05,587.743368,464.035142,1.266592
2022-07-06,577.047608,457.257881,1.261974
2022-07-07,585.302631,459.273385,1.274410
2022-07-08,581.413324,457.755039,1.270141
2022-07-11,567.390344,450.089922,1.260616
2022-07-12,563.719265,445.852196,1.264364
2022-07-13,568.018024,446.662532,1.271694
2022-07-14,571.714474,446.725581,1.279789
2022-07-15,561.807915,439.124548,1.279382
2022-07-18,568.489219,443.678553,1.281309
2022-07-19,562.030665,441.275452,1.273650
2022-07-20,563.028597,442.770026,1.271605
2022-07-21,553.717462,437.835659,1.264670
2022-07-22,555.832949,438.059948,1.268851
2022-07-25,550.887512,435.414987,1.265201
2022-07-26,558.019095,438.860982,1.271517
2022-07-27,556.798360,436.696641,1.275023
2022-07-28,556.295216,436.761757,1.273681
2022-07-29,548.324383,431.018088,1.272161
2022-08-01,553.604937,432.938501,1.278715
2022-08-02,542.525926,424.498191,1.278041
2022-08-03,538.356928,420.359690,1.280705
2022-08-04,541.287974,423.931783,1.276828
2022-08-05,545.751972,429.654780,1.270210
2022-08-08,548.275754,428.741085,1.278804
2022-08-09,554.628361,429.590698,1.291062
2022-08-10,551.909740,424.779328,1.299286
2022-08-11,559.764610,433.440827,1.291444
2022-08-12,558.614474,433.193798,1.289526
2022-08-15,565.364014,432.628424,1.306812
2022-08-16,565.145955,431.818088,1.308759
2022-08-17,566.460482,435.861499,1.299634
2022-08-18,562.407096,432.051680,1.301713
2022-08-19,555.640033,429.051163,1.295044
2022-08-22,563.994658,432.186047,1.304981
2022-08-23,567.229015,430.085788,1.318874
2022-08-24,556.072784,421.955556,1.317847
2022-08-25,558.930236,425.451163,1.313735
2022-08-26,553.346708,424.552972,1.303363
2022-08-29,555.888940,422.689406,1.315124
2022-08-30,551.222251,421.270284,1.308476
2022-08-31,544.217905,421.585530,1.290884
2022-09-01,541.904628,417.957623,1.296554
2022-09-02,539.847807,415.877003,1.298095
2022-09-05,546.438716,415.031525,1.316620
2022-09-06,553.822153,418.840310,1.322275
2022-09-07,558.322626,419.119380,1.332133
2022-09-08,553.461243,417.331266,1.326192
2022-09-09,558.516564,423.130749,1.319962
2022-09-13,555.694979,424.920930,1.307761
2022-09-14,549.207020,420.192248,1.307037
2022-09-15,538.333342,416.239793,1.293325
2022-09-16,524.474038,406.478553,1.290287
2022-09-19,527.442947,405.994832,1.299137
2022-09-20,527.594425,406.495090,1.297911
2022-09-21,527.153386,403.486305,1.306496
2022-09-22,527.070036,399.931783,1.317900
2022-09-23,524.579725,398.555039,1.316204
2022-09-26,520.018932,396.556072,1.311338
2022-09-27,522.351233,402.304910,1.298396
2022-09-28,515.189910,395.732300,1.301865
2022-09-29,517.496559,395.570026,1.308230
2022-09-30,515.976727,393.270284,1.312016
2022-10-10,511.719886,384.593282,1.330548
2022-10-11,512.715083,385.290956,1.330722
2022-10-12,516.883682,391.143152,1.321469
2022-10-13,507.576589,387.872868,1.308616
2022-10-14,514.525218,397.154522,1.295529
2022-10-17,509.686154,397.561757,1.282030
2022-10-18,508.272800,396.720413,1.281186
2022-10-19,502.765996,390.339018,1.288024
2022-10-20,497.161229,388.106460,1.280992
2022-10-21,498.504361,386.862016,1.288584
2022-10-24,484.932931,375.542119,1.291288
2022-10-25,485.633321,374.930233,1.295263
2022-10-26,482.452199,377.974160,1.276416
2022-10-27,477.899457,375.311628,1.273340
2022-10-28,468.692249,366.028941,1.280479
2022-10-31,455.384313,362.656331,1.255691
2022-11-01,466.572269,375.624806,1.242123
2022-11-02,473.731794,380.135401,1.246219
2022-11-03,469.322000,377.043928,1.244741
2022-11-04,485.567977,389.371576,1.247056
2022-11-07,486.903475,390.211886,1.247793
2022-11-08,483.926915,387.527649,1.248755
2022-11-09,478.594552,383.903876,1.246652
2022-11-10,475.084508,380.949871,1.247105
2022-11-11,487.254355,391.570026,1.244361
2022-11-14,480.900641,392.146770,1.226328
2022-11-15,487.156554,399.583463,1.219161
2022-11-16,484.387109,396.319380,1.222214
2022-11-17,479.077373,394.693540,1.213796
2022-11-18,476.758850,392.927132,1.213352
2022-11-21,474.460775,389.574160,1.217896
2022-11-22,478.194444,389.619638,1.227337
2022-11-23,483.774574,390.028941,1.240356
2022-11-24,482.073690,388.300775,1.241496
2022-11-25,487.359865,390.261499,1.248803
2022-11-28,483.290572,385.864599,1.252487
2022-11-29,492.768400,397.769509,1.238829
2022-11-30,493.932306,398.247028,1.240266
2022-12-01,494.746438,402.560207,1.229000
2022-12-02,490.852707,400.098191,1.226831
2022-12-05,499.605490,407.946253,1.224685
2022-12-06,500.134101,410.149871,1.219394
2022-12-07,496.344910,409.141085,1.213139
2022-12-08,495.839131,409.217571,1.211676
2022-12-09,498.451347,413.254780,1.206160
2022-12-12,490.632076,408.624289,1.200692
2022-12-13,490.685724,407.822222,1.203185
2022-12-14,491.948976,408.774160,1.203474
2022-12-15,491.133083,408.474419,1.202359
2022-12-16,492.657981,408.705943,1.205409
2022-12-19,484.664700,402.400000,1.204435
2022-12-20,478.021928,395.764341,1.207845
2022-12-21,476.463807,395.921447,1.203430
2022-12-22,474.865553,396.488889,1.197677
2022-12-23,473.969024,395.681654,1.197854
2022-12-26,476.283083,397.259948,1.198920
2022-12-27,481.030786,401.844961,1.197056
2022-12-28,480.167788,400.130233,1.200029
2022-12-29,476.086081,398.625323,1.194320
2022-12-30,478.158849,400.168475,1.194894
2023-01-03,481.717310,401.850129,1.198749
2023-01-04,480.037464,402.372093,1.193019
2023-01-05,486.776136,410.189147,1.186711
2023-01-06,488.713853,411.461499,1.187751
2023-01-09,490.262526,414.792765,1.181946
2023-01-10,490.127238,415.242377,1.180340
2023-01-11,493.314581,414.473385,1.190220
2023-01-12,493.658631,415.283721,1.188726
2023-01-13,498.289677,421.124548,1.183236
2023-01-16,501.013714,427.696124,1.171424
2023-01-17,500.196957,427.621705,1.169718
2023-01-18,499.021581,426.905426,1.168928
2023-01-19,499.005778,429.561757,1.161662
2023-01-20,503.606251,432.199483,1.165217
2023-01-30,503.961278,434.248062,1.160538
2023-01-31,501.639303,429.649612,1.167554
2023-02-01,504.546431,433.687855,1.163386
2023-02-02,503.956315,432.160207,1.166133
2023-02-03,498.322227,428.075452,1.164099
2023-02-06,494.282582,422.416537,1.170131
2023-02-07,497.074861,423.176227,1.174629
2023-02-08,494.973928,421.306460,1.174855
2023-02-09,499.627177,426.962274,1.170190
2023-02-10,497.041289,424.424806,1.171094
2023-02-13,499.106364,428.275969,1.165385
2023-02-14,498.926291,428.453747,1.164481
2023-02-15,494.638890,426.221189,1.160522
2023-02-16,491.236260,423.099742,1.161041
2023-02-17,487.696299,417.003618,1.169525
2023-02-20,497.851423,427.234109,1.165290
2023-02-21,500.740946,428.356589,1.168982
2023-02-22,497.560351,424.490956,1.172134
2023-02-23,498.203824,424.149871,1.174594
2023-02-24,493.860121,419.746770,1.176567
2023-02-27,495.021128,417.967959,1.184352
2023-02-28,496.531131,420.616021,1.180486
2023-03-01,500.636860,426.557106,1.173669
2023-03-02,500.372706,425.606202,1.175671
2023-03-03,504.279983,426.930233,1.181177
2023-03-06,502.933420,424.703876,1.184198
2023-03-07,501.396125,418.485788,1.198120
2023-03-08,497.679935,416.962274,1.193585
2023-03-09,495.946058,415.488372,1.193646
2023-03-10,487.888082,410.040310,1.189854
2023-03-13,495.718321,414.334884,1.196419
2023-03-14,492.120577,411.855297,1.194887
2023-03-15,494.360134,412.082687,1.199662
2023-03-16,487.174741,407.147287,1.196557
2023-03-17,492.030529,409.180362,1.202478
2023-03-20,487.342848,407.140052,1.196991
2023-03-21,489.400813,411.615504,1.188976
2023-03-22,490.881068,413.378811,1.187485
2023-03-23,495.823509,417.477003,1.187667
2023-03-24,491.073027,416.232558,1.179804
2023-03-27,488.848665,414.726615,1.178725
2023-03-28,492.340801,413.386047,1.190995
2023-03-29,492.664947,414.071318,1.189807
2023-03-30,496.715108,417.419121,1.189967
2023-03-31,498.078078,418.700775,1.189580
2023-04-03,498.353437,422.797933,1.178704
2023-04-04,503.022220,424.094057,1.186110
2023-04-06,500.235624,423.425323,1.181402
2023-04-07,499.292086,426.178811,1.171555
2023-04-10,499.795863,424.269767,1.178014
2023-04-11,498.381433,423.788114,1.176016
2023-04-12,500.892073,423.492506,1.182765
2023-04-13,499.462394,420.566408,1.187595
2023-04-14,501.093784,422.945736,1.184771
2023-04-17,510.838195,428.876486,1.191108
2023-04-18,516.243421,430.183979,1.200053
2023-04-19,512.081587,426.311111,1.201192
2023-04-20,509.963245,425.118346,1.199579
2023-04-21,501.882893,416.803101,1.204125
2023-04-24,500.079895,411.642377,1.214841
2023-04-25,503.485154,409.578295,1.229277
2023-04-26,501.730119,409.222739,1.226056
2023-04-27,508.189510,412.239793,1.232752
2023-04-28,512.725238,416.443411,1.231200
2023-05-04,519.709623,416.563307,1.247613
2023-05-05,517.637120,415.181395,1.246773
2023-05-08,533.265221,419.913178,1.269942
2023-05-09,528.891540,416.318346,1.270402
2023-05-10,520.445316,413.113178,1.259813
2023-05-11,518.089336,412.471318,1.256061
2023-05-12,512.753943,407.003618,1.259826
2023-05-15,523.002368,413.321964,1.265363
2023-05-16,520.301800,411.184496,1.265373
2023-05-17,515.548049,409.319897,1.259524
2023-05-18,519.465076,408.896124,1.270408
2023-05-19,517.368000,407.704393,1.268978
2023-05-22,519.735588,410.266667,1.266824
2023-05-23,510.027823,404.464083,1.260997
2023-05-24,499.909829,398.872351,1.253308
2023-05-25,498.082534,397.984496,1.251512
2023-05-26,496.649595,398.031008,1.247766
2023-05-29,497.916041,396.272868,1.256498
2023-05-30,497.644075,396.666667,1.254565
2023-05-31,489.552194,392.613953,1.246905
2023-06-01,492.218413,393.474935,1.250952
2023-06-02,496.707083,399.155556,1.244395
2023-06-05,495.867248,397.338501,1.247972
2023-06-06,494.015438,393.608269,1.255094
2023-06-07,491.566696,391.663049,1.255075
2023-06-08,497.410017,394.851680,1.259739
2023-06-09,500.018047,396.558140,1.260895
2023-06-12,499.267695,397.357106,1.256471
2023-06-13,499.322752,399.473902,1.249951
2023-06-14,500.054775,399.381912,1.252072
2023-06-15,504.831402,405.736434,1.244235
2023-06-16,506.737377,409.648579,1.237005
2023-06-19,502.422930,406.295607,1.236595
2023-06-20,500.070123,405.606202,1.232896
2023-06-21,493.793383,399.382946,1.236391
2023-06-26,486.461044,393.767442,1.235402
2023-06-27,492.857293,397.460465,1.240016
2023-06-28,494.209845,396.981912,1.244918
2023-06-29,492.160499,395.022222,1.245906
2023-06-30,494.094652,397.152455,1.244093
2023-07-03,503.408523,402.364858,1.251124
2023-07-04,502.680809,402.998450,1.247352
2023-07-05,497.902108,399.877003,1.245138
2023-07-06,493.961290,397.183463,1.243660
2023-07-07,492.187185,395.421189,1.244716
2023-07-10,491.855985,397.346770,1.237851
2023-07-11,494.296782,399.947287,1.235905
2023-07-12,489.461102,397.254780,1.232109
2023-07-13,496.319287,402.937468,1.231753
2023-07-14,498.990161,403.007752,1.238165
2023-07-17,489.610092,399.707494,1.224921
2023-07-18,487.568128,398.443411,1.223682
2023-07-19,487.709564,398.022739,1.225331
2023-07-20,482.464436,395.213437,1.220769
2023-07-21,482.192087,395.029457,1.220648
2023-07-24,480.548702,393.304393,1.221824
2023-07-25,494.413795,404.663566,1.221790
2023-07-26,492.193394,403.825323,1.218827
2023-07-27,492.564649,403.343669,1.221203
2023-07-28,501.927247,412.686305,1.216244
2023-07-31,502.302441,414.948837,1.210517
2023-08-01,501.344101,413.229974,1.213233
2023-08-02,495.675441,410.325581,1.208005
2023-08-03,499.902372,413.951421,1.207635
2023-08-04,503.183223,415.563824,1.210845
2023-08-07,498.511575,412.418605,1.208751
2023-08-08,497.906147,411.341602,1.210444
2023-08-09,496.291400,410.084755,1.210217
2023-08-10,498.671239,410.927132,1.213527
2023-08-11,488.843028,401.472868,1.217624
2023-08-14,485.366770,398.543669,1.217851
2023-08-15,487.492148,397.575194,1.226163
2023-08-16,482.257191,394.659432,1.221958
2023-08-17,483.367402,395.979328,1.220688
2023-08-18,479.851148,391.111111,1.226892
2023-08-21,473.330232,385.484238,1.227885
2023-08-22,481.132467,388.447545,1.238603
2023-08-23,477.444766,382.080620,1.249592
2023-08-24,478.365126,384.850646,1.242989
2023-08-25,476.466373,383.374677,1.242822
2023-08-28,481.813483,387.867700,1.242211
2023-08-29,484.727852,391.742636,1.237363
2023-08-30,483.951098,391.577261,1.235902
2023-08-31,482.626617,389.175194,1.240127
2023-09-01,489.149819,391.885271,1.248196
2023-09-04,497.290446,397.824289,1.250025
2023-09-05,493.519814,394.865116,1.249844
2023-09-06,492.847863,394.008269,1.250857
2023-09-07,489.043344,388.472351,1.258888
2023-09-08,486.747415,386.562274,1.259169
2023-09-11,489.864127,389.409819,1.257966
2023-09-12,488.333154,388.692506,1.256348
2023-09-13,487.692361,386.217054,1.262742
2023-09-14,490.885565,385.892506,1.272079
2023-09-15,486.936020,383.336434,1.270258
2023-09-18,486.517980,385.293023,1.262722
2023-09-19,490.036489,384.547804,1.274319
2023-09-20,489.164572,383.017054,1.277135
2023-09-21,486.508440,379.580362,1.281701
2023-09-22,497.649719,386.452713,1.287738
2023-09-25,492.773289,383.937984,1.283471
2023-09-26,493.103306,381.694057,1.291881
2023-09-27,491.562367,382.480620,1.285195
2023-09-28,489.668479,381.345736,1.284054
2023-10-09,488.463123,380.850646,1.282558
2023-10-10,482.289686,377.997933,1.275906
2023-10-11,483.766633,379.074935,1.276177
2023-10-12,488.786572,382.674935,1.277289
2023-10-13,485.598077,378.647028,1.282456
2023-10-16,485.059006,374.842377,1.294035
2023-10-17,488.436252,376.165375,1.298461
2023-10-18,485.055790,373.186563,1.299768
2023-10-19,474.871899,365.223773,1.300222
2023-10-20,468.313076,362.851680,1.290646
2023-10-23,461.577857,359.094574,1.285394
2023-10-24,459.738184,360.426873,1.275538
2023-10-25,455.540646,362.218088,1.257642
2023-10-26,459.845276,363.218605,1.266029
2023-10-27,459.763545,368.205685,1.248660
2023-10-30,455.376042,370.415504,1.229366
2023-10-31,457.567373,369.251680,1.239175
2023-11-01,456.900688,369.098708,1.237882
2023-11-02,457.261416,367.358140,1.244729
2023-11-03,458.292002,370.453747,1.237110
2023-11-06,459.019597,375.463566,1.222541
2023-11-07,459.513053,374.135401,1.228200
2023-11-08,457.238537,373.237209,1.225062
2023-11-09,459.306282,373.419121,1.230002
2023-11-10,455.988142,370.696641,1.230084
2023-11-13,459.186643,369.964858,1.241163
2023-11-14,459.530028,370.238760,1.241172
2023-11-15,462.423336,372.842377,1.240265
2023-11-16,459.141311,369.236176,1.243490
2023-11-17,458.265462,368.792765,1.242610
2023-11-20,459.203816,369.645478,1.242282
2023-11-21,459.706697,370.136434,1.241993
2023-11-22,456.467792,366.348320,1.245994
2023-11-23,457.576157,368.115762,1.243022
2023-11-24,454.667655,365.685788,1.243329
2023-11-27,450.716631,362.991214,1.241674
2023-11-28,450.754026,363.671318,1.239454
2023-11-29,447.061836,360.548837,1.239948
2023-11-30,450.599866,361.364341,1.246941
2023-12-01,452.858285,359.987597,1.257983
2023-12-04,451.387318,357.637209,1.262137
2023-12-05,442.989003,350.827907,1.262696
2023-12-06,439.845822,351.379845,1.251767
2023-12-07,441.270111,350.519897,1.258902
2023-12-08,445.911936,351.365375,1.269083
2023-12-11,446.986855,353.431525,1.264706
2023-12-12,449.490563,354.191214,1.269062
2023-12-13,444.434770,348.280103,1.276084
2023-12-14,443.003495,346.455814,1.278672
2023-12-15,439.502133,345.379845,1.272518
2023-12-18,441.109586,344.120930,1.281845
2023-12-19,441.694543,344.603618,1.281747
2023-12-20,437.182347,340.826873,1.282711
2023-12-21,438.093944,344.275969,1.272508
2023-12-22,439.266896,344.933333,1.273483
2023-12-25,440.504737,345.989664,1.273173
2023-12-26,439.336721,343.647545,1.278452
2023-12-27,442.768291,344.843411,1.283969
2023-12-28,447.273124,352.924031,1.267335
2023-12-29,449.589357,354.636693,1.267746
2024-01-02,446.398669,350.010336,1.275387
2024-01-03,447.864256,349.178295,1.282623
2024-01-04,446.846142,345.948320,1.291656
2024-01-05,444.635586,344.094057,1.292192
2024-01-08,439.427865,339.644444,1.293788
2024-01-09,439.297938,340.310078,1.290875
2024-01-10,434.933160,338.721447,1.284044
2024-01-11,432.785777,340.637726,1.270516
2024-01-12,432.913415,339.449096,1.275341
2024-01-15,433.664025,339.113178,1.278818
2024-01-16,435.974671,341.176227,1.277858
2024-01-17,428.896429,333.755039,1.285064
2024-01-18,431.959118,338.473385,1.276198
2024-01-19,431.595247,337.961757,1.277054
2024-01-22,427.221958,332.702842,1.284095
2024-01-23,428.285521,334.049612,1.282102
2024-01-24,440.723622,338.719380,1.301147
2024-01-25,459.308834,345.521447,1.329321
2024-01-26,462.689461,344.580879,1.342760
2024-01-29,462.351074,341.494574,1.353905
2024-01-30,458.124096,335.404651,1.365885
2024-01-31,456.198247,332.335917,1.372702
2024-02-01,454.261359,332.579845,1.365872
2024-02-02,452.508956,328.643928,1.376897
2024-02-05,459.117574,330.792765,1.387931
2024-02-06,468.756177,342.293540,1.369457
2024-02-07,469.464475,345.594832,1.358424
2024-02-08,470.067008,347.796382,1.351558
2024-02-19,485.255871,351.814987,1.379293
2024-02-20,488.643724,352.542636,1.386056
2024-02-21,491.122250,357.299225,1.374540
2024-02-22,499.468286,360.379328,1.385952
2024-02-23,499.398590,360.696641,1.384539
2024-02-26,489.124856,356.936434,1.370342
2024-02-27,496.283440,361.218605,1.373914
2024-02-28,490.506668,356.616021,1.375448
2024-02-29,497.637668,363.419121,1.369322
2024-03-01,502.548399,365.664083,1.374344
2024-03-04,509.394857,365.981395,1.391860
2024-03-05,516.065034,368.528165,1.400341
2024-03-06,511.029030,367.033592,1.392322
2024-03-07,511.639037,364.828941,1.402408
2024-03-08,517.526868,366.398966,1.412468
2024-03-11,517.500364,370.982946,1.394944
2024-03-12,507.836630,371.833592,1.365763
2024-03-13,503.378942,369.236176,1.363298
2024-03-14,503.050023,368.188114,1.366285
2024-03-15,504.462096,368.991214,1.367139
2024-03-18,506.307589,372.457881,1.359369
2024-03-19,503.914207,369.780879,1.362737
2024-03-20,508.097013,370.581912,1.371079
2024-03-21,508.647735,370.138501,1.374209
2024-03-22,508.044550,366.408269,1.386553
2024-03-25,510.044430,364.419638,1.399607
2024-03-26,509.854162,366.279070,1.391983
2024-03-27,509.876899,362.045478,1.408323
2024-03-28,508.482600,363.923514,1.397224
2024-03-29,517.112475,365.631008,1.414301
2024-04-01,517.447939,371.643411,1.392324
2024-04-02,520.510444,370.096124,1.406420
2024-04-03,520.902539,368.764858,1.412560
2024-04-08,526.573460,365.520413,1.440613
2024-04-09,520.904029,365.218605,1.426280
2024-04-10,522.886385,362.243928,1.443465
2024-04-11,523.323432,362.195349,1.444865
2024-04-12,523.928797,359.259948,1.458356
2024-04-15,537.595303,366.829974,1.465516
2024-04-16,539.049552,362.905426,1.485372
2024-04-17,544.996433,368.516796,1.478892
2024-04-18,543.504709,368.971576,1.473026
2024-04-19,545.722591,366.063049,1.490789
2024-04-22,535.117234,364.950904,1.466272
2024-04-23,529.151549,362.400000,1.460131
2024-04-24,532.302841,363.991731,1.462404
2024-04-25,533.220878,364.886822,1.461332
2024-04-26,533.638419,370.467183,1.440447
2024-04-29,527.335429,374.564341,1.407863
2024-04-30,529.907965,372.546770,1.422393
2024-05-06,525.803187,378.075452,1.390736
2024-05-07,526.800920,378.192248,1.392945
2024-05-08,529.079269,375.216537,1.410064
2024-05-09,527.718678,378.765891,1.393258
2024-05-10,528.511290,378.943669,1.394696
2024-05-13,529.534700,378.779328,1.398003
2024-05-14,526.005698,377.989664,1.391588
2024-05-15,523.884120,374.786563,1.397820
2024-05-16,523.875175,376.264599,1.392305
2024-05-17,527.110539,380.151938,1.386579
2024-05-20,531.913412,381.494574,1.394288
2024-05-21,533.594498,379.964858,1.404326
2024-05-22,533.287127,380.821705,1.400359
2024-05-23,530.624607,376.412403,1.409689
2024-05-24,528.055180,372.245995,1.418565
2024-05-27,536.277857,375.783979,1.427091
2024-05-28,537.350718,373.040827,1.440461
2024-05-29,537.743214,373.490439,1.439778
2024-05-30,533.050171,371.504910,1.434840
2024-05-31,531.379125,370.017571,1.436092
2024-06-03,535.251559,370.930233,1.442998
2024-06-04,534.462929,373.712661,1.430144
2024-06-05,532.665575,371.554522,1.433613
2024-06-06,538.426068,371.291990,1.450142
2024-06-07,538.402655,369.417054,1.457439
2024-06-11,530.402396,366.189147,1.448438
2024-06-12,533.900296,366.317313,1.457480
2024-06-13,535.518304,364.457881,1.469356
2024-06-14,535.302991,366.049612,1.462378
2024-06-17,529.671436,365.498708,1.449175
2024-06-18,533.412083,366.469251,1.455544
2024-06-19,535.852325,364.728682,1.469181
2024-06-20,539.355105,362.096124,1.489536
2024-06-21,537.299259,361.304393,1.487110
2024-06-24,537.387431,359.360207,1.495400
2024-06-25,536.082077,357.405685,1.499926
2024-06-26,537.003644,359.716796,1.492851
2024-06-27,537.537134,357.014987,1.505643
2024-06-28,546.650062,357.794315,1.527833
2024-07-01,555.807297,359.501809,1.546049
2024-07-02,561.359985,358.841344,1.564368
2024-07-03,557.069848,357.975194,1.556169
2024-07-04,559.106464,356.156072,1.569836
2024-07-05,553.278723,354.631525,1.560151
2024-07-08,556.481124,351.603101,1.582697
2024-07-09,562.400767,355.535917,1.581840
2024-07-10,555.506619,354.415504,1.567388
2024-07-11,555.015059,358.467183,1.548301
2024-07-12,553.354770,358.904393,1.541789
2024-07-15,561.522262,359.302326,1.562813
2024-07-16,560.830479,361.579328,1.551058
2024-07-17,552.389619,361.920413,1.526274
2024-07-18,555.753549,363.920413,1.527129
2024-07-19,553.530487,365.790181,1.513246
2024-07-22,546.948270,363.299225,1.505504
2024-07-23,547.406615,355.543152,1.539635
2024-07-24,552.828494,353.299225,1.564760
2024-07-25,544.752199,351.345736,1.550473
2024-07-26,538.539599,352.381395,1.528286
2024-07-29,543.263497,350.464083,1.550126
2024-07-30,536.642340,348.256331,1.540941
2024-07-31,534.809183,355.770543,1.503242
2024-08-01,537.532348,353.412920,1.520975
2024-08-02,533.948347,349.807752,1.526405
2024-08-05,524.045970,345.562791,1.516500
2024-08-06,521.433485,345.527649,1.509093
2024-08-07,524.190104,345.373643,1.517748
2024-08-08,523.103548,345.523514,1.513945
2024-08-09,524.869074,344.354522,1.524211
2024-08-12,525.911525,343.758140,1.529888
2024-08-13,529.333786,344.639793,1.535904
2024-08-14,530.714550,342.040310,1.551614
2024-08-15,535.586894,345.421189,1.550533
2024-08-16,539.697566,345.801550,1.560715
2024-08-19,546.384067,346.973643,1.574713
2024-08-20,544.756799,344.465116,1.581457
2024-08-21,543.261807,343.321964,1.582368
2024-08-22,547.940143,342.443411,1.600090
2024-08-23,548.352016,343.895607,1.594530
2024-08-26,547.693174,343.588630,1.594038
2024-08-27,553.186254,341.636176,1.619226
2024-08-28,549.618040,339.689922,1.617999
2024-08-29,533.947282,338.778295,1.576096
2024-08-30,527.693357,343.300258,1.537119
2024-09-02,530.016400,337.468734,1.570564
2024-09-03,517.252272,338.339018,1.528799
2024-09-04,511.773424,336.140568,1.522498
2024-09-05,508.596929,336.719380,1.510447
2024-09-06,506.290791,333.989664,1.515888
2024-09-09,501.000256,330.020672,1.518087
2024-09-10,505.572249,330.311111,1.530594
2024-09-11,492.574549,329.315762,1.495752
2024-09-12,494.231700,327.903876,1.507246
2024-09-13,494.376052,326.537468,1.513995
2024-09-18,500.173937,327.752972,1.526070
2024-09-19,498.781961,330.340052,1.509905
2024-09-20,501.183302,330.857881,1.514799
2024-09-23,506.817910,332.068217,1.526246
2024-09-24,527.555143,346.450646,1.522743
2024-09-25,531.671839,351.579328,1.512239
2024-09-26,540.356038,366.441344,1.474604
2024-09-27,537.539197,382.809302,1.404196
2024-09-30,564.791074,415.281654,1.360019
2024-10-08,568.767677,439.906977,1.292927
2024-10-09,539.988672,408.886822,1.320631
2024-10-10,558.454825,413.208269,1.351509
2024-10-11,552.889617,401.774677,1.376119
2024-10-14,563.890892,409.440827,1.377222
2024-10-15,549.590229,398.551938,1.378968
2024-10-16,551.947210,396.029974,1.393701
2024-10-17,546.639381,391.547287,1.396101
2024-10-18,554.834529,405.708527,1.367569
2024-10-21,549.361558,406.739018,1.350649
2024-10-22,551.964916,409.072868,1.349307
2024-10-23,549.994275,410.667700,1.339268
2024-10-24,548.188051,406.080620,1.349949
2024-10-25,542.451423,408.932300,1.326507
2024-10-28,541.033166,409.732300,1.320455
2024-10-29,539.701443,405.648579,1.330466
2024-10-30,534.240221,402.010336,1.328922
2024-10-31,531.942186,402.174677,1.322665
2024-11-01,538.807248,402.069251,1.340086
2024-11-04,539.230715,407.727132,1.322528
2024-11-05,543.353939,418.043411,1.299755
2024-11-06,537.442563,415.946253,1.292096
2024-11-07,543.057646,428.496124,1.267357
2024-11-08,538.074025,424.191214,1.268470
2024-11-11,532.970583,426.990181,1.248203
2024-11-12,527.311709,422.298708,1.248670
2024-11-13,532.561280,424.898191,1.253386
2024-11-14,529.559233,417.531783,1.268309
2024-11-15,528.026922,410.214987,1.287196
2024-11-18,535.180277,408.308010,1.310727
2024-11-19,533.915846,411.048062,1.298913
2024-11-20,534.427424,411.965891,1.297261
2024-11-21,535.161219,412.330749,1.297893
2024-11-22,524.074886,399.555556,1.311645
2024-11-25,521.772392,397.735401,1.311858
2024-11-26,523.700304,396.917829,1.319417
2024-11-27,530.372905,403.828424,1.313362
2024-11-28,527.622221,400.263566,1.318187
2024-11-29,527.294743,404.814470,1.302559
2024-12-02,529.655960,408.023773,1.298101
2024-12-03,536.031223,408.464083,1.312309
2024-12-04,542.202480,406.259432,1.334621
2024-12-05,539.092763,405.332300,1.330002
2024-12-06,542.615537,410.660465,1.321324
2024-12-09,545.422015,409.981395,1.330358
2024-12-10,546.861147,412.986047,1.324164
2024-12-11,546.539788,412.282171,1.325645
2024-12-12,550.637610,416.382429,1.322432
2024-12-13,544.464683,406.530233,1.339297
2024-12-16,552.114826,404.324548,1.365524
2024-12-17,552.677484,405.377778,1.363364
2024-12-18,555.223217,407.430491,1.362743
2024-12-19,551.621691,407.799483,1.352679
2024-12-20,548.201410,405.967959,1.350356
2024-12-23,558.031332,406.570543,1.372533
2024-12-24,564.013313,411.750904,1.369793
2024-12-25,570.753657,411.951421,1.385488
2024-12-26,567.919320,412.142636,1.377968
2024-12-27,567.798963,411.475969,1.379908
2024-12-30,571.226516,413.338501,1.381982
2024-12-31,568.403419,406.709044,1.397568
2025-01-02,555.620035,394.873385,1.407084
2025-01-03,552.413901,390.197416,1.415729
2025-01-06,552.169187,389.557623,1.417426
2025-01-07,554.167421,392.362791,1.412385
2025-01-08,557.274354,391.650646,1.422886
2025-01-09,550.020069,390.685271,1.407834
2025-01-10,545.911629,385.786047,1.415063
2025-01-13,541.679943,384.755556,1.407855
2025-01-14,548.086966,394.887855,1.387956
2025-01-15,546.083300,392.354522,1.391811
2025-01-16,549.869458,392.804134,1.399857
2025-01-17,546.896595,394.040310,1.387920
2025-01-20,543.966104,395.832558,1.374233
2025-01-21,543.077031,396.135401,1.370938
2025-01-22,537.123220,392.456848,1.368617
2025-01-23,541.981478,393.151421,1.378557
2025-01-24,542.780586,396.161240,1.370100
2025-01-27,550.488718,394.530233,1.395302
2025-02-05,540.638186,392.256331,1.378278
2025-02-06,542.687878,397.191731,1.366312
2025-02-07,543.624459,402.346253,1.351136
2025-02-10,542.977117,403.210336,1.346635
2025-02-11,547.271665,401.358140,1.363549
2025-02-12,549.125733,405.153488,1.355352
2025-02-13,548.418493,403.632041,1.358709
2025-02-14,549.526990,407.132817,1.349749
2025-02-17,549.684343,408.000000,1.347266
2025-02-18,551.480947,404.421705,1.363628
2025-02-19,549.531267,407.251680,1.349365
2025-02-20,550.254322,406.087855,1.355013
2025-02-21,546.751649,411.208269,1.329622
2025-02-24,543.222474,410.306977,1.323942
2025-02-25,538.594729,405.751938,1.327399
2025-02-26,540.478634,409.296124,1.320508
2025-02-27,541.664573,410.141602,1.320677
2025-02-28,535.305169,402.072351,1.331365
2025-03-03,533.965703,401.909044,1.328573
2025-03-04,531.351665,401.573127,1.323175
2025-03-05,537.183791,403.366408,1.331751
2025-03-06,536.708365,408.913695,1.312522
2025-03-07,536.583017,407.649612,1.316285
2025-03-10,534.898640,406.077519,1.317233
2025-03-11,535.608208,407.381912,1.314757
2025-03-12,532.962489,405.915245,1.312990
2025-03-13,536.055637,404.297674,1.325893
2025-03-14,540.383893,414.114729,1.304913
2025-03-17,541.155059,413.104910,1.309970
2025-03-18,541.151269,414.234625,1.306388
2025-03-19,543.478324,414.487855,1.311204
2025-03-20,542.774325,410.851680,1.321096
2025-03-21,538.181709,404.620155,1.330091
2025-03-24,543.851730,406.702842,1.337221
2025-03-25,543.121252,406.439276,1.336291
2025-03-26,540.279019,405.101809,1.333687
2025-03-27,544.000434,406.450646,1.338417
2025-03-28,541.723167,404.668734,1.338683
2025-03-31,542.045494,401.789147,1.349079
2025-04-01,537.955742,401.827390,1.338773
2025-04-02,540.158965,401.487339,1.345395
2025-04-03,536.186000,399.121447,1.343416
2025-04-07,502.460390,371.001550,1.354335
2025-04-08,506.886156,377.339535,1.343316
2025-04-09,506.641874,381.063566,1.329547
2025-04-10,512.630360,386.058915,1.327855
2025-04-11,518.394482,387.650646,1.337272
2025-04-14,521.722025,388.541602,1.342770
2025-04-15,526.207084,388.757623,1.353561
2025-04-16,528.081248,389.955556,1.354209
2025-04-17,527.789282,389.893540,1.353675
2025-04-18,530.499925,389.924548,1.360519
2025-04-21,531.112376,391.202067,1.357642
2025-04-22,533.909734,391.105943,1.365128
2025-04-23,535.489278,391.408786,1.368107
2025-04-24,538.817898,391.148320,1.377528
2025-04-25,536.823725,391.420155,1.371477
2025-04-28,538.102777,390.865116,1.376697
2025-04-29,536.759234,390.189147,1.375639
2025-04-30,530.798886,389.722997,1.361990
2025-05-06,533.924785,393.647545,1.356352
2025-05-07,540.121002,396.034109,1.363824
2025-05-08,543.986304,398.232558,1.366002
2025-05-09,545.914584,397.535917,1.373246
2025-05-12,551.192170,402.130233,1.370681
2025-05-13,554.902916,402.714212,1.377907
2025-05-14,561.740985,407.566925,1.378279
2025-05-15,558.604382,403.844961,1.383215
2025-05-16,555.337740,401.973127,1.381530
2025-05-19,553.343037,400.739018,1.380806
2025-05-20,555.904585,402.911628,1.379718
2025-05-21,559.107053,404.793798,1.381214
2025-05-22,559.822883,404.534367,1.383870
2025-05-23,555.272997,401.268217,1.383795
2025-05-26,550.065048,398.977778,1.378686
2025-05-27,548.505908,396.837209,1.382194
2025-05-28,548.102805,396.510594,1.382316
2025-05-29,549.151103,398.832041,1.376898
2025-05-30,548.364428,396.922997,1.381539
2025-06-03,551.728243,398.140568,1.385762
2025-06-04,553.163921,399.869767,1.383360
2025-06-05,555.486725,400.781395,1.386009
2025-06-06,555.781896,400.411370,1.388027
2025-06-09,555.337813,401.576227,1.382895
2025-06-10,554.813294,399.531783,1.388659
2025-06-11,559.357066,402.545736,1.389549
2025-06-12,559.941273,402.294574,1.391869
2025-06-13,556.103503,399.398450,1.392353
2025-06-16,560.277421,400.392765,1.399320
2025-06-17,559.936321,400.039276,1.399703
2025-06-18,564.453851,400.513695,1.409325
2025-06-19,562.191188,397.218605,1.415319
2025-06-20,563.451691,397.585530,1.417184
2025-06-23,567.829389,398.749354,1.424026
2025-06-24,575.431499,403.517313,1.426039
2025-06-25,584.681107,409.309561,1.428457
2025-06-26,584.914391,407.857364,1.434115
2025-06-27,574.899299,405.349871,1.418279
2025-06-30,577.369783,406.829974,1.419192
2025-07-01,581.094979,407.520413,1.425929
2025-07-02,579.179414,407.615504,1.420896
2025-07-03,584.297888,410.136434,1.424643
2025-07-04,590.111864,411.596899,1.433713
2025-07-07,588.657092,409.836693,1.436321
2025-07-08,590.720095,413.276486,1.429358
2025-07-09,591.328133,412.547804,1.433357
2025-07-10,594.447853,414.472351,1.434228
2025-07-11,589.995062,414.967442,1.421786
2025-07-14,591.269968,415.263049,1.423844
2025-07-15,592.690201,415.406718,1.426771
2025-07-16,589.382849,414.180879,1.423008
2025-07-17,592.344849,417.001550,1.420486
2025-07-18,594.703551,419.488372,1.417688
2025-07-21,595.212992,422.285271,1.409505
2025-07-22,593.391026,425.732300,1.393813
2025-07-23,595.654594,425.816021,1.398854
2025-07-24,593.475417,428.841344,1.383904
2025-07-25,592.130576,426.579845,1.388088
2025-07-28,595.271845,427.474935,1.392530
2025-07-29,594.472288,429.149354,1.385234
2025-07-30,593.254862,429.068734,1.382657
2025-07-31,586.084312,421.249612,1.391299
2025-08-01,584.801635,419.114212,1.395328
2025-08-04,588.512675,420.744186,1.398742
2025-08-05,594.590262,424.129199,1.401908
2025-08-06,595.324852,425.166925,1.400214
2025-08-07,596.953687,425.288889,1.403643
2025-08-08,594.233214,424.286305,1.400548
2025-08-11,594.554313,426.099225,1.395342
2025-08-12,598.998165,428.302842,1.398539
2025-08-13,603.033636,431.687855,1.396921
2025-08-14,605.035732,431.349871,1.402657
2025-08-15,605.378066,434.351421,1.393752
2025-08-18,611.801441,438.181912,1.396227
2025-08-19,610.741600,436.524031,1.399102
2025-08-20,617.362178,441.488372,1.398366
2025-08-21,621.659067,443.211370,1.402624
2025-08-22,634.373696,452.506460,1.401911
2025-08-25,641.254072,461.934884,1.388191
2025-08-26,639.810924,460.216021,1.390240
2025-08-27,630.291360,453.346770,1.390307
2025-08-28,639.955291,461.372610,1.387068
2025-08-29,646.682087,464.781395,1.391368
2025-09-01,646.680658,467.566925,1.383076
2025-09-02,644.834203,464.129199,1.389342
2025-09-03,639.228215,460.964341,1.386719
2025-09-04,633.288593,451.184496,1.403613
2025-09-05,639.712026,461.014987,1.387617
2025-09-08,636.691776,461.764341,1.378824
2025-09-09,633.022310,458.528165,1.380553
2025-09-10,635.214922,459.468734,1.382499
2025-09-11,650.865089,470.080620,1.384582
2025-09-12,646.152636,467.390181,1.382469
2025-09-15,649.412885,468.533333,1.386055
2025-09-16,648.198662,467.528682,1.386436
2025-09-17,654.183860,470.389664,1.390728
2025-09-18,646.467893,464.920930,1.390490
2025-09-19,644.447087,465.314729,1.384970
2025-09-22,649.781681,467.453230,1.390046
2025-09-23,647.211458,467.160724,1.385415
2025-09-24,652.457746,471.945220,1.382486
2025-09-25,657.202663,474.779328,1.384228
2025-09-26,650.657776,470.289406,1.383526
2025-09-29,660.332310,477.524548,1.382824
2025-09-30,661.860485,479.657881,1.379860
2025-10-09,667.347679,486.767959,1.370977
2025-10-10,655.916972,477.191731,1.374535
2025-10-13,656.518916,474.829974,1.382640
2025-10-14,651.586846,469.153488,1.388856
2025-10-15,662.913016,476.102326,1.392375
2025-10-16,666.709427,477.356072,1.396671
2025-10-17,655.566630,466.587080,1.405025
2025-10-20,659.744248,469.066667,1.406504
2025-10-21,671.699204,476.265633,1.410346
2025-10-22,674.433047,474.684238,1.420804
2025-10-23,673.826177,476.107494,1.415282
2025-10-24,684.281254,481.724031,1.420484
2025-10-27,692.750552,487.443928,1.421190
2025-10-28,688.290346,484.958140,1.419278
2025-10-29,689.880206,490.732817,1.405816
2025-10-30,680.547586,486.812403,1.397967
2025-10-31,668.902812,479.655814,1.394547
2025-11-03,667.815836,480.971576,1.388473
2025-11-04,669.413036,477.385013,1.402250
2025-11-05,669.200864,478.269767,1.399212
2025-11-06,679.744826,485.105943,1.401230
2025-11-07,674.299498,483.595866,1.394345
2025-11-10,671.952617,485.276486,1.384680
2025-11-11,667.091744,480.844444,1.387334
2025-11-12,670.933288,480.197416,1.397203
2025-11-13,680.245852,486.002067,1.399677
2025-11-14,670.994502,478.360724,1.402696
2025-11-17,662.835996,475.250646,1.394708
2025-11-18,660.754688,472.164341,1.399417
2025-11-19,664.138547,474.241860,1.400422
2025-11-20,661.827711,471.829457,1.402684
2025-11-21,644.662019,460.321447,1.400461
2025-11-24,644.891804,459.746770,1.402711
2025-11-25,651.181835,464.124031,1.403034
2025-11-26,653.246082,466.938501,1.398998
2025-11-27,655.172439,466.708010,1.403817
2025-11-28,655.480991,467.871835,1.400984
2025-12-01,660.589296,473.022222,1.396529
2025-12-02,656.536809,470.731783,1.394715
2025-12-03,652.714396,468.325581,1.393719
2025-12-04,656.155471,469.929716,1.396284
2025-12-05,661.313390,473.854264,1.395605
2025-12-08,670.382744,477.700258,1.403354
2025-12-09,670.608510,475.268217,1.411011
2025-12-10,665.693184,474.607752,1.402618
2025-12-11,662.371599,470.509561,1.407775
2025-12-12,662.914944,473.483204,1.400081
2025-12-15,657.677622,470.497158,1.397835
2025-12-16,648.999772,464.863049,1.396110
2025-12-17,661.176652,473.372610,1.396736
2025-12-18,660.157217,470.572610,1.402881
2025-12-19,661.537374,472.163307,1.401077
2025-12-22,666.586642,476.653230,1.398473
2025-12-23,670.799763,477.594832,1.404537
2025-12-24,671.152069,478.972610,1.401233
2025-12-25,671.077369,479.849096,1.398518
2025-12-26,670.356708,481.368475,1.392606
2025-12-29,672.835465,479.521447,1.403139
2025-12-30,674.545637,480.752455,1.403104
2025-12-31,671.769211,478.546770,1.403769
2026-01-05,682.509210,487.622739,1.399666
2026-01-06,691.484012,495.161757,1.396481
2026-01-07,690.043807,493.712661,1.397663
2026-01-08,683.507944,489.679587,1.395827
2026-01-09,684.948363,491.878036,1.392517
2026-01-12,688.691233,495.082171,1.391065
2026-01-13,685.766162,492.096124,1.393561
2026-01-14,681.329260,490.121964,1.390122
2026-01-15,678.452369,491.103876,1.381484
2026-01-16,672.314546,489.082171,1.374645
2026-01-19,669.164537,489.349871,1.367456
2026-01-20,664.573594,487.739535,1.362558
2026-01-21,662.995248,488.172610,1.358116
2026-01-22,660.424468,488.238760,1.352667
2026-01-23,654.354011,486.046512,1.346279
2026-01-26,653.865952,486.507494,1.344000
2026-01-27,652.453375,486.376227,1.341458
2026-01-28,650.387846,487.647545,1.333725
2026-01-29,654.809423,491.356072,1.332658
2026-01-30,649.435175,486.443411,1.335068
2026-02-02,643.345156,476.070284,1.351366
2026-02-03,640.252022,481.665116,1.329247
2026-02-04,642.813084,485.651680,1.323609
2026-02-05,641.020863,482.730749,1.327906
2026-02-06,638.864954,479.958656,1.331083
2026-02-09,648.366704,487.758140,1.329279
2026-02-10,650.224156,488.299742,1.331609
2026-02-11,649.214760,487.216537,1.332497
2026-02-12,646.921451,487.811886,1.326170
2026-02-13,639.199515,481.696124,1.326977
2026-02-24,636.818260,486.567442,1.308798
2026-02-25,641.609661,489.497674,1.310751
2026-02-26,640.403900,488.565375,1.310784
2026-02-27,639.383917,486.888889,1.313203
2026-03-02,638.262748,488.751421,1.305905
2026-03-03,631.642475,481.229974,1.312558
2026-03-04,622.707822,475.722997,1.308971
2026-03-05,631.536997,480.381395,1.314657
2026-03-06,632.567902,481.699225,1.313201
2026-03-09,624.951174,477.050129,1.310033
2026-03-10,633.162704,483.179328,1.310409
2026-03-11,634.771975,486.253230,1.305435
2026-03-12,631.736323,484.502326,1.303887
2026-03-13,630.006090,482.598450,1.305446
2026-03-16,632.721021,482.848579,1.310392
2026-03-17,634.100134,479.321964,1.322911
2026-03-18,636.085108,481.481137,1.321101
2026-03-19,629.937745,473.720930,1.329765
2026-03-20,626.735310,472.043411,1.327707
2026-03-23,600.930198,456.640827,1.315980
2026-03-24,614.964968,462.503359,1.329644
2026-03-25,630.596286,468.989147,1.344586
2026-03-26,619.096974,462.793798,1.337738
2026-03-27,620.327339,465.381912,1.332943
2026-03-30,621.383114,464.284238,1.338368
2026-03-31,615.113008,459.953488,1.337337
2026-04-01,634.912319,467.810853,1.357199
2026-04-02,623.298987,462.936434,1.346403
2026-04-03,622.484269,458.996382,1.356186
2026-04-07,624.449442,458.978811,1.360519
2026-04-08,661.705791,474.993282,1.393085
2026-04-09,658.132904,471.960724,1.394465
2026-04-10,669.308137,479.232041,1.396626
2026-04-13,670.364802,480.222222,1.395947
2026-04-14,688.112746,485.920413,1.416102
2026-04-15,683.747638,484.263566,1.411933
2026-04-16,698.342399,489.572093,1.426434
2026-04-17,706.936734,488.751421,1.446414
2026-04-20,712.435837,491.725065,1.448850
2026-04-21,712.344465,492.816537,1.445456
2026-04-22,726.849529,496.085788,1.465169
2026-04-23,718.631102,494.711111,1.452628
2026-04-24,712.019037,492.958140,1.444380
2026-04-27,714.753835,493.121447,1.449448
2026-04-28,709.647448,491.804651,1.442946
2026-04-29,719.894684,497.193798,1.447916
2026-04-30,720.231164,496.879587,1.449508
2026-05-06,741.213507,504.091990,1.470393
2026-05-07,751.659529,506.512661,1.483990
2026-05-08,746.407492,503.556589,1.482271
2026-05-11,763.894165,511.818088,1.492511
2026-05-12,770.012961,511.426357,1.505618
2026-05-13,789.857667,516.624289,1.528882
2026-05-14,770.836613,507.968992,1.517488
2026-05-15,752.597594,502.283204,1.498353
2026-05-18,749.928723,499.588630,1.501092
2026-05-19,749.569775,501.589664,1.494388
2026-05-20,753.630067,501.364341,1.503158
2026-05-21,736.560280,494.377261,1.489875
2026-05-22,760.526610,500.785530,1.518667
2026-05-25,784.923601,508.692506,1.543022
2026-05-26,798.006385,511.405685,1.560418
2026-05-27,780.699502,507.304393,1.538917
2026-05-28,790.736243,507.928682,1.556786
2026-05-29,777.224635,505.645478,1.537094
2026-06-01,760.861782,500.698708,1.519600
2026-06-02,789.720417,507.964858,1.554675
2026-06-03,803.784701,510.471318,1.574593
2026-06-04,796.420758,506.950904,1.571002
2026-06-05,766.285986,497.872868,1.539120
2026-06-08,740.666645,487.197933,1.520258
2026-06-09,766.751931,496.311111,1.544902
2026-06-10,750.998614,490.810336,1.530120
2026-06-11,748.462492,488.104393,1.533407
2026-06-12,764.062713,493.779845,1.547375
2026-06-15,803.561813,505.603101,1.589313
2026-06-16,801.701395,504.829974,1.588062
2026-06-17,816.147289,509.704393,1.601217
2026-06-18,836.760210,510.759690,1.638266
2026-06-22,855.657138,522.962274,1.636174
2026-06-23,813.618975,508.464083,1.600150
2026-06-24,826.345758,510.906460,1.617411
2026-06-25,837.764806,518.873385,1.614584
2026-06-26,802.241015,503.175194,1.594357
2026-06-29,810.713330,509.242377,1.591999
2026-06-30,826.728630,514.669767,1.606328
2026-07-01,808.783590,512.556072,1.577942
2026-07-02,767.140609,497.395349,1.542316
2026-07-03,775.582126,500.482687,1.549668
2026-07-06,768.807574,500.465116,1.536186
2026-07-07,761.541458,495.324031,1.537461
2026-07-08,756.698114,491.527649,1.539482
2026-07-09,787.929869,504.011370,1.563318
2026-07-10,760.541240,494.138501,1.539126
2026-07-13,738.494414,485.310594,1.521694
2026-07-14,770.190131,495.762274,1.553547
2026-07-15,755.027659,494.757623,1.526056
2026-07-16,733.733972,485.625840,1.510904
2026-07-17,688.343309,468.124031,1.470429
2026-07-20,693.900621,475.278553,1.459987
2026-07-21,738.731954,489.842894,1.508100
2026-07-22,732.753523,487.570026,1.502868
2026-07-23,737.370876,488.682171,1.508897
2026-07-24,719.396250,480.536434,1.497069
2026-07-27,732.071577,486.039276,1.506198
2026-07-28,690.897414,472.301809,1.462830
2026-07-29,693.555807,475.479070,1.458646
2026-07-30,669.172744,470.255297,1.422999
2026-07-31,685.492888,474.232558,1.445478
2026-08-03,672.656694,469.579328,1.432467
2026-08-04,699.790595,475.548320,1.471545
2026-08-05,724.397670,481.462532,1.504577
2026-08-06,731.352604,480.755556,1.521257
2026-08-07,745.286059,485.213437,1.535996
2026-08-10,741.102909,485.996899,1.524913
2026-08-11,723.896825,482.045478,1.501719
2026-08-12,733.121940,484.849612,1.512060
2026-08-13,723.698455,482.062016,1.501256
2026-08-14,728.528621,482.261499,1.510651
2026-08-17,752.450074,490.036176,1.535499
2026-08-18,746.139357,488.455814,1.527547
2026-08-19,707.963339,474.284238,1.492698
2026-08-20,711.457481,474.702842,1.498743
2026-08-21,723.952971,477.405685,1.516431
2026-08-24,703.998830,471.641344,1.492657
2026-08-25,697.785907,470.494057,1.483092
2026-08-26,706.960152,474.500258,1.489905
2026-08-27,722.785400,478.581912,1.510265
2026-08-28,718.342650,476.401034,1.507853
2026-08-31,720.677012,478.045478,1.507549
2026-09-01,713.039511,476.634625,1.495988
2026-09-02,699.843854,470.073385,1.488797
2026-09-03,700.006415,470.550904,1.487632
2026-09-04,695.539211,470.082687,1.479610
2026-09-07,710.857544,472.870284,1.503282
2026-09-08,710.030427,471.187597,1.506895
2026-09-09,715.629650,472.620155,1.514175
