Date,Strategy,CSI300,Excess
2006-09-18,0.375432,0.421767,-0.046335
2006-09-19,0.387454,0.419270,-0.031816
2006-09-20,0.402357,0.433030,-0.030673
2006-09-21,0.443286,0.469034,-0.025748
2006-09-22,0.461243,0.489109,-0.027866
2006-09-25,0.462301,0.498008,-0.035707
2006-09-26,0.429486,0.478133,-0.048647
2006-09-27,0.447484,0.516373,-0.068889
2006-09-28,0.477766,0.534767,-0.057001
2006-09-29,0.476874,0.531988,-0.055114
2006-10-09,0.507012,0.565387,-0.058375
2006-10-10,0.516284,0.584061,-0.067777
2006-10-11,0.498259,0.561247,-0.062988
2006-10-12,0.462020,0.544684,-0.082664
2006-10-13,0.475989,0.561244,-0.085255
2006-10-16,0.474733,0.567720,-0.092987
2006-10-17,0.494244,0.575778,-0.081534
2006-10-18,0.507156,0.593127,-0.085971
2006-10-19,0.514728,0.601553,-0.086826
2006-10-20,0.508787,0.600342,-0.091555
2006-10-23,0.469627,0.557612,-0.087985
2006-10-24,0.497754,0.588320,-0.090565
2006-10-25,0.542851,0.617889,-0.075038
2006-10-26,0.564171,0.662556,-0.098385
2006-10-27,0.528866,0.643032,-0.114166
2006-10-30,0.536388,0.666694,-0.130305
2006-10-31,0.523177,0.671235,-0.148058
2006-11-01,0.548138,0.694880,-0.146742
2006-11-02,0.540946,0.676707,-0.135761
2006-11-03,0.567867,0.701720,-0.133852
2006-11-06,0.560257,0.716711,-0.156454
2006-11-07,0.570497,0.728183,-0.157685
2006-11-08,0.567142,0.699530,-0.132389
2006-11-09,0.570777,0.734103,-0.163326
2006-11-10,0.569270,0.742888,-0.173618
2006-11-13,0.539247,0.706518,-0.167271
2006-11-14,0.580505,0.732622,-0.152117
2006-11-15,0.633160,0.791604,-0.158445
2006-11-16,0.644999,0.776451,-0.131451
2006-11-17,0.653347,0.810771,-0.157425
2006-11-20,0.633783,0.805812,-0.172030
2006-11-21,0.651940,0.824080,-0.172141
2006-11-22,0.690868,0.867517,-0.176649
2006-11-23,0.681111,0.865846,-0.184735
2006-11-24,0.702812,0.856606,-0.153794
2006-11-27,0.733818,0.868320,-0.134502
2006-11-28,0.734364,0.867832,-0.133468
2006-11-29,0.810170,0.913372,-0.103202
2006-11-30,0.871698,0.961892,-0.090194
2006-12-01,0.921022,0.980620,-0.059598
2006-12-04,0.967418,1.046969,-0.079550
2006-12-05,0.995405,1.087261,-0.091856
2006-12-06,0.957922,1.054556,-0.096635
2006-12-07,0.901192,1.032077,-0.130885
2006-12-08,0.840455,0.958195,-0.117740
2006-12-11,0.896608,1.017129,-0.120521
2006-12-12,0.909080,1.028981,-0.119901
2006-12-13,0.924050,1.028861,-0.104811
2006-12-14,0.965746,1.044358,-0.078612
2006-12-15,1.024173,1.083420,-0.059247
2006-12-18,1.088951,1.122972,-0.034021
2006-12-19,1.077840,1.128053,-0.050213
2006-12-20,1.097618,1.134363,-0.036745
2006-12-21,1.058212,1.113725,-0.055513
2006-12-22,1.012126,1.085986,-0.073860
2006-12-25,1.027473,1.117176,-0.089702
2006-12-26,1.017773,1.101347,-0.083573
2006-12-27,1.082166,1.156805,-0.074639
2006-12-28,1.084118,1.149948,-0.065829
2006-12-29,1.105843,1.189897,-0.084055
2007-01-04,1.072014,1.195692,-0.123677
2007-01-05,1.018610,1.161209,-0.142598
2007-01-08,1.049922,1.197417,-0.147495
2007-01-09,1.108925,1.255924,-0.146999
2007-01-10,1.179224,1.306364,-0.127140
2007-01-11,1.189456,1.292425,-0.102969
2007-01-12,1.179441,1.209724,-0.030283
2007-01-15,1.316543,1.336858,-0.020315
2007-01-16,1.454374,1.448276,0.006099
2007-01-17,1.382817,1.394435,-0.011618
2007-01-18,1.417162,1.355686,0.061476
2007-01-19,1.503084,1.417314,0.085770
2007-01-22,1.594563,1.508013,0.086550
2007-01-23,1.554925,1.517798,0.037126
2007-01-24,1.585262,1.538740,0.046522
2007-01-25,1.462959,1.429507,0.033452
2007-01-26,1.513181,1.489025,0.024156
2007-01-29,1.541554,1.552417,-0.010863
2007-01-30,1.521976,1.527615,-0.005639
2007-01-31,1.343120,1.362658,-0.019539
2007-02-01,1.376710,1.372395,0.004315
2007-02-02,1.289329,1.276149,0.013180
2007-02-05,1.271317,1.250198,0.021119
2007-02-06,1.224183,1.241553,-0.017371
2007-02-07,1.276381,1.300901,-0.024520
2007-02-08,1.321870,1.333433,-0.011563
2007-02-09,1.343213,1.351167,-0.007955
2007-02-12,1.405586,1.407530,-0.001944
2007-02-13,1.410029,1.445333,-0.035304
2007-02-14,1.452913,1.492321,-0.039408
2007-02-15,1.545098,1.561901,-0.016803
2007-02-16,1.560565,1.623946,-0.063381
2007-02-26,1.523249,1.580119,-0.056870
2007-02-27,1.321475,1.345269,-0.023793
2007-02-28,1.377404,1.416473,-0.039068
2007-03-01,1.290553,1.340993,-0.050440
2007-03-02,1.403721,1.415329,-0.011608
2007-03-05,1.351376,1.376555,-0.025179
2007-03-06,1.416066,1.425992,-0.009926
2007-03-07,1.568480,1.551248,0.017232
2007-03-08,1.650051,1.603496,0.046556
2007-03-09,1.611930,1.600106,0.011825
2007-03-12,1.595771,1.593091,0.002679
2007-03-13,1.576880,1.588757,-0.011877
2007-03-14,1.531650,1.550758,-0.019107
2007-03-15,1.564827,1.571091,-0.006264
2007-03-16,1.537262,1.534234,0.003028
2007-03-19,1.626267,1.597029,0.029237
2007-03-20,1.568919,1.575767,-0.006847
2007-03-21,1.576668,1.596756,-0.020088
2007-03-22,1.555596,1.587952,-0.032356
2007-03-23,1.538356,1.590526,-0.052170
2007-03-26,1.575673,1.651093,-0.075421
2007-03-27,1.549894,1.649656,-0.099762
2007-03-28,1.564250,1.649340,-0.085090
2007-03-29,1.576921,1.612725,-0.035804
2007-03-30,1.589709,1.635185,-0.045476
2007-04-02,1.652649,1.686021,-0.033372
2007-04-03,1.634392,1.675870,-0.041478
2007-04-04,1.661748,1.672939,-0.011191
2007-04-05,1.651261,1.677391,-0.026130
2007-04-06,1.643004,1.693893,-0.050889
2007-04-09,1.710277,1.754086,-0.043809
2007-04-10,1.752868,1.756546,-0.003678
2007-04-11,1.784988,1.778681,0.006307
2007-04-12,1.853000,1.843546,0.009454
2007-04-13,1.925517,1.897105,0.028412
2007-04-16,1.950081,1.910755,0.039325
2007-04-17,1.922340,1.920287,0.002053
2007-04-18,1.890130,1.921028,-0.030897
2007-04-19,1.715602,1.767694,-0.052092
2007-04-20,1.817259,1.899628,-0.082369
2007-04-23,1.832514,1.985938,-0.153424
2007-04-24,1.773052,2.014965,-0.241913
2007-04-25,1.756390,2.019695,-0.263305
2007-04-26,1.798441,2.022834,-0.224393
2007-04-27,1.764751,2.004077,-0.239326
2007-04-30,1.780421,2.035535,-0.255115
2007-05-08,1.756463,2.025180,-0.268717
2007-05-09,1.716909,1.957215,-0.240306
2007-05-10,1.688760,1.942114,-0.253354
2007-05-11,1.724983,1.950193,-0.225209
2007-05-14,1.723088,1.880919,-0.157831
2007-05-15,1.518515,1.665838,-0.147324
2007-05-16,1.645236,1.779811,-0.134575
2007-05-17,1.739745,1.829317,-0.089572
2007-05-18,1.732797,1.837012,-0.104215
2007-05-21,1.685949,1.804656,-0.118706
2007-05-22,1.740426,1.817627,-0.077201
2007-05-23,1.890331,1.989375,-0.099044
2007-05-24,1.879466,1.996201,-0.116735
2007-05-25,1.990375,2.047526,-0.057151
2007-05-28,2.007578,2.059744,-0.052165
2007-05-29,2.000564,2.050809,-0.050245
2007-05-30,1.749687,1.818808,-0.069121
2007-05-31,1.836455,1.876671,-0.040215
2007-06-01,1.742303,1.711529,0.030774
2007-06-04,1.617699,1.525991,0.091708
2007-06-05,1.730492,1.590318,0.140175
2007-06-06,1.822655,1.628457,0.194198
2007-06-07,2.059150,1.880028,0.179122
2007-06-08,2.089648,1.894365,0.195283
2007-06-11,2.225347,2.038086,0.187262
2007-06-12,2.244815,2.110275,0.134541
2007-06-13,2.291989,2.172097,0.119892
2007-06-14,2.300827,2.174611,0.126216
2007-06-15,2.297159,2.189211,0.107948
2007-06-18,2.283610,2.207540,0.076070
2007-06-19,2.242908,2.186030,0.056877
2007-06-20,2.170571,2.106814,0.063757
2007-06-21,2.245384,2.147496,0.097888
2007-06-22,2.163197,2.042642,0.120555
2007-06-25,2.052792,1.894912,0.157880
2007-06-26,2.018674,1.881166,0.137508
2007-06-27,2.096410,1.962446,0.133964
2007-06-28,1.984712,1.831131,0.153581
2007-06-29,1.861348,1.698033,0.163315
2007-07-02,1.836942,1.695673,0.141269
2007-07-03,1.830710,1.698126,0.132584
2007-07-04,1.795589,1.653121,0.142468
2007-07-05,1.726620,1.539422,0.187198
2007-07-06,1.820383,1.615304,0.205078
2007-07-09,1.926339,1.709316,0.217023
2007-07-10,1.919809,1.673725,0.246085
2007-07-11,1.904797,1.671594,0.233203
2007-07-12,1.910949,1.689487,0.221462
2007-07-13,2.051349,1.837938,0.213411
2007-07-16,1.917994,1.724846,0.193148
2007-07-17,1.993253,1.761632,0.231621
2007-07-18,2.013433,1.772327,0.241105
2007-07-19,2.105067,1.848186,0.256880
2007-07-20,2.242015,1.952654,0.289361
2007-07-23,2.343594,2.065360,0.278234
2007-07-24,2.333433,2.064052,0.269382
2007-07-25,2.347348,2.096749,0.250599
2007-07-26,2.431600,2.138037,0.293563
2007-07-27,2.461751,2.177411,0.284340
2007-07-30,2.587216,2.287858,0.299358
2007-07-31,2.751294,2.446231,0.305063
2007-08-01,2.656630,2.346552,0.310078
2007-08-02,2.825407,2.479119,0.346288
2007-08-03,3.065989,2.615818,0.450171
2007-08-06,3.231452,2.787698,0.443754
2007-08-07,3.281197,2.859611,0.421586
2007-08-08,3.167350,2.727345,0.440005
2007-08-09,3.316257,2.817861,0.498395
2007-08-10,3.135251,2.717492,0.417759
2007-08-13,3.086935,2.701007,0.385927
2007-08-14,3.257562,2.849637,0.407924
2007-08-15,3.209548,2.790901,0.418647
2007-08-16,3.076185,2.678755,0.397430
2007-08-17,3.014910,2.638307,0.376603
2007-08-20,3.290514,2.853258,0.437256
2007-08-21,3.356996,2.913794,0.443202
2007-08-22,3.356609,2.930450,0.426158
2007-08-23,3.444841,2.994719,0.450122
2007-08-24,3.477014,3.037125,0.439889
2007-08-27,3.461881,3.047389,0.414492
2007-08-28,3.307439,2.960939,0.346499
2007-08-29,3.202974,2.888119,0.314855
2007-08-30,3.243006,2.926986,0.316020
2007-08-31,3.250652,2.956711,0.293941
2007-09-03,3.376382,3.111350,0.265033
2007-09-04,3.246123,3.008503,0.237620
2007-09-05,3.211079,3.000395,0.210684
2007-09-06,3.219381,3.019727,0.199654
2007-09-07,3.144668,2.985908,0.158760
2007-09-10,3.174657,3.036497,0.138160
2007-09-11,2.954003,2.827490,0.126514
2007-09-12,2.979278,2.860719,0.118559
2007-09-13,3.131087,2.997318,0.133769
2007-09-14,3.157599,3.032998,0.124601
2007-09-17,3.153206,3.036431,0.116776
2007-09-18,3.042730,2.981535,0.061195
2007-09-19,2.964483,2.931822,0.032661
2007-09-20,3.000792,2.986275,0.014517
2007-09-21,2.943638,2.941342,0.002295
2007-09-24,3.017089,3.010547,0.006543
2007-09-25,3.008009,2.974512,0.033497
2007-09-26,3.036147,2.948750,0.087397
2007-09-27,3.051301,2.958559,0.092741
2007-09-28,3.077324,3.023655,0.053669
2007-10-08,3.162058,3.028548,0.133511
2007-10-09,3.058103,2.952405,0.105698
2007-10-10,3.054325,2.955999,0.098326
2007-10-11,3.129138,3.011449,0.117689
2007-10-12,3.185712,3.021886,0.163826
2007-10-15,3.194567,3.068440,0.126126
2007-10-16,3.365423,3.143191,0.222231
2007-10-17,3.275820,3.117586,0.158234
2007-10-18,3.087043,2.906364,0.180679
2007-10-19,3.096296,2.900332,0.195964
2007-10-22,3.044889,2.799997,0.244891
2007-10-23,3.184210,2.932712,0.251498
2007-10-24,3.160225,2.880428,0.279797
2007-10-25,2.981593,2.686535,0.295057
2007-10-26,3.094461,2.704972,0.389489
2007-10-29,3.231573,2.827775,0.403798
2007-10-30,3.284319,2.869392,0.414927
2007-10-31,3.369445,2.884368,0.485077
2007-11-01,3.259551,2.788828,0.470723
2007-11-02,3.181296,2.698775,0.482521
2007-11-05,3.009134,2.601657,0.407477
2007-11-06,3.002919,2.526484,0.476435
2007-11-07,3.042869,2.529207,0.513662
2007-11-08,2.835698,2.399928,0.435770
2007-11-09,2.765582,2.305894,0.459688
2007-11-12,2.827457,2.309875,0.517582
2007-11-13,2.810355,2.346867,0.463487
2007-11-14,2.896927,2.444878,0.452048
2007-11-15,2.763032,2.310687,0.452345
2007-11-16,2.657010,2.265958,0.391052
2007-11-19,2.579368,2.197288,0.382080
2007-11-20,2.605550,2.181965,0.423585
2007-11-21,2.501336,2.099780,0.401556
2007-11-22,2.272416,1.938751,0.333665
2007-11-23,2.331987,1.970292,0.361695
2007-11-26,2.241223,1.932994,0.308228
2007-11-27,2.093522,1.852131,0.241391
2007-11-28,2.066433,1.827690,0.238743
2007-11-29,2.112781,1.904417,0.208364
2007-11-30,1.973851,1.763369,0.210482
2007-12-03,1.953059,1.760013,0.193046
2007-12-04,1.936073,1.711912,0.224162
2007-12-05,2.002613,1.767733,0.234880
2007-12-06,2.051141,1.793656,0.257484
2007-12-07,2.146116,1.839062,0.307055
2007-12-10,2.267916,1.999311,0.268606
2007-12-11,2.114659,1.871637,0.243022
2007-12-12,2.028611,1.816407,0.212204
2007-12-13,1.875738,1.707694,0.168044
2007-12-14,1.829127,1.710932,0.118196
2007-12-17,1.631857,1.600764,0.031094
2007-12-18,1.520461,1.520685,-0.000224
2007-12-19,1.595782,1.574262,0.021520
2007-12-20,1.619108,1.601121,0.017987
2007-12-21,1.694552,1.672539,0.022013
2007-12-24,1.806765,1.746898,0.059867
2007-12-25,1.749946,1.690325,0.059620
2007-12-26,1.772640,1.716397,0.056243
2007-12-27,1.771746,1.706936,0.064810
2007-12-28,1.751940,1.696196,0.055744
2008-01-02,1.688101,1.638397,0.049704
2008-01-03,1.661819,1.656491,0.005328
2008-01-04,1.729669,1.652836,0.076833
2008-01-07,1.786350,1.680613,0.105737
2008-01-08,1.728958,1.593429,0.135529
2008-01-09,1.687505,1.551605,0.135900
2008-01-10,1.631132,1.514284,0.116848
2008-01-11,1.683484,1.553806,0.129678
2008-01-14,1.702056,1.636807,0.065249
2008-01-15,1.522406,1.490426,0.031980
2008-01-16,1.309211,1.339008,-0.029797
2008-01-17,1.322057,1.323856,-0.001799
2008-01-18,1.271311,1.336744,-0.065433
2008-01-21,1.064889,1.147553,-0.082664
2008-01-22,0.845407,0.908181,-0.062773
2008-01-23,0.970030,0.983593,-0.013563
2008-01-24,0.942841,0.982002,-0.039161
2008-01-25,1.047254,1.070029,-0.022775
2008-01-28,0.872359,0.883021,-0.010661
2008-01-29,0.860178,0.847974,0.012205
2008-01-30,0.841812,0.845953,-0.004141
2008-01-31,0.953576,0.936998,0.016578
2008-02-01,0.937429,0.908821,0.028609
2008-02-04,1.184830,1.154099,0.030730
2008-02-05,1.181262,1.166489,0.014773
2008-02-13,0.945058,0.909150,0.035907
2008-02-14,0.925290,0.885468,0.039822
2008-02-15,0.820948,0.803663,0.017285
2008-02-18,0.876211,0.834691,0.041520
2008-02-19,0.920385,0.875696,0.044689
2008-02-20,0.851002,0.833843,0.017159
2008-02-21,0.825002,0.821630,0.003372
2008-02-22,0.741093,0.756704,-0.015611
2008-02-25,0.664761,0.688539,-0.023778
2008-02-26,0.673232,0.667675,0.005557
2008-02-27,0.911279,0.888012,0.023267
2008-02-28,0.854650,0.816440,0.038210
2008-02-29,0.876175,0.837069,0.039106
2008-03-03,0.946328,0.909628,0.036700
2008-03-04,0.871678,0.861958,0.009720
2008-03-05,0.897403,0.869729,0.027674
2008-03-06,0.878821,0.858925,0.019896
2008-03-07,0.779768,0.784822,-0.005054
2008-03-10,0.679395,0.697023,-0.017629
2008-03-11,0.675433,0.700696,-0.025263
2008-03-12,0.616609,0.647313,-0.030704
2008-03-13,0.568503,0.590413,-0.021910
2008-03-14,0.577956,0.600806,-0.022850
2008-03-17,0.506549,0.522630,-0.016081
2008-03-18,0.444258,0.445322,-0.001064
2008-03-19,0.458042,0.462302,-0.004260
2008-03-20,0.519949,0.497259,0.022690
2008-03-21,0.515063,0.494054,0.021009
2008-03-24,0.462954,0.419995,0.042959
2008-03-25,0.479225,0.437917,0.041308
2008-03-26,0.473025,0.416182,0.056843
2008-03-27,0.419505,0.346585,0.072920
2008-03-28,0.448792,0.400518,0.048274
2008-03-31,0.388531,0.362628,0.025904
2008-04-01,0.302550,0.287974,0.014576
2008-04-02,0.218292,0.244857,-0.026565
2008-04-03,0.237408,0.264040,-0.026632
2008-04-07,0.278643,0.294013,-0.015371
2008-04-08,0.306073,0.309235,-0.003162
2008-04-09,0.216259,0.213931,0.002328
2008-04-10,0.227091,0.218444,0.008647
2008-04-11,0.218080,0.212221,0.005859
2008-04-14,0.120588,0.115833,0.004755
2008-04-15,0.146878,0.130653,0.016224
2008-04-16,0.093363,0.073102,0.020261
2008-04-17,0.066495,0.031377,0.035118
2008-04-18,0.027680,-0.009684,0.037364
2008-04-21,0.021174,-0.006606,0.027780
2008-04-22,0.012639,0.002128,0.010511
2008-04-23,0.034438,0.006531,0.027907
2008-04-24,0.125741,0.095582,0.030159
2008-04-25,0.128842,0.102889,0.025953
2008-04-28,0.108245,0.074522,0.033723
2008-04-29,0.125316,0.088292,0.037024
2008-04-30,0.135450,0.112515,0.022935
2008-05-05,0.176704,0.139677,0.037027
2008-05-06,0.176423,0.127063,0.049360
2008-05-07,0.128878,0.073794,0.055085
2008-05-08,0.136816,0.064842,0.071974
2008-05-09,0.135756,0.047994,0.087761
2008-05-12,0.133733,0.054640,0.079093
2008-05-13,0.129514,0.040263,0.089251
2008-05-14,0.128565,0.064631,0.063933
2008-05-15,0.159285,0.095280,0.064005
2008-05-16,0.122499,0.063733,0.058767
2008-05-19,0.106983,0.036392,0.070591
2008-05-20,0.047213,-0.017426,0.064638
2008-05-21,0.066898,-0.012630,0.079527
2008-05-22,0.051174,-0.041093,0.092267
2008-05-23,0.013146,-0.066972,0.080118
2008-05-26,-0.060324,-0.106902,0.046578
2008-05-27,-0.058552,-0.102641,0.044089
2008-05-28,-0.057866,-0.097322,0.039456
2008-05-29,-0.102841,-0.140926,0.038085
2008-05-30,-0.037901,-0.070792,0.032891
2008-06-02,-0.037896,-0.046825,0.008929
2008-06-03,-0.036840,-0.049906,0.013066
2008-06-04,0.013631,0.010107,0.003524
2008-06-05,-0.047470,-0.033701,-0.013769
2008-06-06,-0.057031,-0.051142,-0.005889
2008-06-10,-0.152004,-0.164495,0.012491
2008-06-11,-0.194047,-0.201319,0.007272
2008-06-12,-0.223385,-0.235742,0.012356
2008-06-13,-0.269228,-0.276609,0.007381
2008-06-16,-0.286316,-0.279833,-0.006483
2008-06-17,-0.316531,-0.306559,-0.009973
2008-06-18,-0.292445,-0.292437,-0.000008
2008-06-19,-0.335702,-0.347971,0.012269
2008-06-20,-0.305403,-0.314588,0.009184
2008-06-23,-0.307311,-0.311369,0.004058
2008-06-24,-0.283248,-0.296071,0.012823
2008-06-25,-0.231450,-0.234179,0.002729
2008-06-26,-0.229484,-0.241153,0.011669
2008-06-27,-0.286270,-0.303048,0.016778
2008-06-30,-0.242443,-0.258300,0.015856
2008-07-01,-0.258973,-0.283132,0.024158
2008-07-02,-0.247372,-0.281574,0.034202
2008-07-03,-0.243247,-0.279634,0.036386
2008-07-04,-0.248185,-0.267586,0.019401
2008-07-07,-0.220658,-0.223034,0.002377
2008-07-08,-0.203046,-0.217892,0.014846
2008-07-09,-0.206122,-0.210967,0.004845
2008-07-10,-0.214709,-0.212386,-0.002323
2008-07-11,-0.212981,-0.220686,0.007704
2008-07-14,-0.211205,-0.221001,0.009796
2008-07-15,-0.237345,-0.253170,0.015825
2008-07-16,-0.243353,-0.257539,0.014186
2008-07-17,-0.284550,-0.282765,-0.001785
2008-07-18,-0.267004,-0.260563,-0.006441
2008-07-21,-0.279814,-0.267085,-0.012729
2008-07-22,-0.281484,-0.268674,-0.012810
2008-07-23,-0.328316,-0.306347,-0.021969
2008-07-24,-0.317818,-0.284521,-0.033298
2008-07-25,-0.338826,-0.309311,-0.029515
2008-07-28,-0.339099,-0.312572,-0.026527
2008-07-29,-0.342450,-0.325392,-0.017058
2008-07-30,-0.367096,-0.345990,-0.021106
2008-07-31,-0.392153,-0.371108,-0.021045
2008-08-01,-0.375597,-0.337885,-0.037712
2008-08-04,-0.447892,-0.396929,-0.050964
2008-08-05,-0.476790,-0.412167,-0.064623
2008-08-06,-0.487861,-0.421407,-0.066454
2008-08-07,-0.490547,-0.424191,-0.066356
2008-08-08,-0.513242,-0.444856,-0.068385
2008-08-11,-0.547684,-0.480225,-0.067459
2008-08-12,-0.550391,-0.482901,-0.067490
2008-08-13,-0.543328,-0.482192,-0.061136
2008-08-14,-0.552421,-0.490465,-0.061956
2008-08-15,-0.559822,-0.489946,-0.069876
2008-08-18,-0.573911,-0.499976,-0.073935
2008-08-19,-0.570067,-0.492396,-0.077671
2008-08-20,-0.566101,-0.481532,-0.084569
2008-08-21,-0.590664,-0.508522,-0.082143
2008-08-22,-0.602662,-0.523936,-0.078727
2008-08-25,-0.621485,-0.539911,-0.081574
2008-08-26,-0.639821,-0.553140,-0.086682
2008-08-27,-0.641706,-0.556509,-0.085197
2008-08-28,-0.636538,-0.555222,-0.081316
2008-08-29,-0.620480,-0.537563,-0.082917
2008-09-01,-0.640261,-0.564045,-0.076216
2008-09-02,-0.643842,-0.568531,-0.075311
2008-09-03,-0.657950,-0.585553,-0.072398
2008-09-04,-0.653830,-0.580035,-0.073795
2008-09-05,-0.664276,-0.592891,-0.071385
2008-09-08,-0.670551,-0.598376,-0.072175
2008-09-09,-0.669885,-0.595990,-0.073895
2008-09-10,-0.676665,-0.601433,-0.075232
2008-09-11,-0.670298,-0.595610,-0.074688
2008-09-12,-0.673046,-0.600633,-0.072413
2008-09-16,-0.691418,-0.629323,-0.062095
2008-09-17,-0.696175,-0.649178,-0.046998
2008-09-18,-0.696108,-0.653817,-0.042291
2008-09-19,-0.666731,-0.617456,-0.049275
2008-09-22,-0.652671,-0.596275,-0.056396
2008-09-23,-0.666505,-0.611660,-0.054845
2008-09-24,-0.667495,-0.612099,-0.055396
2008-09-25,-0.655850,-0.592358,-0.063492
2008-09-26,-0.647221,-0.581486,-0.065735
2008-10-06,-0.676566,-0.618568,-0.057998
2008-10-07,-0.682048,-0.623272,-0.058776
2008-10-08,-0.701742,-0.642167,-0.059575
2008-10-09,-0.707210,-0.648463,-0.058747
2008-10-10,-0.719589,-0.664608,-0.054981
2008-10-13,-0.720500,-0.653928,-0.066572
2008-10-14,-0.727090,-0.662795,-0.064295
2008-10-15,-0.733385,-0.671154,-0.062231
2008-10-16,-0.751929,-0.690176,-0.061753
2008-10-17,-0.746427,-0.685230,-0.061197
2008-10-20,-0.731844,-0.662146,-0.069697
2008-10-21,-0.731468,-0.664875,-0.066592
2008-10-22,-0.732778,-0.665005,-0.067773
2008-10-23,-0.731864,-0.668818,-0.063046
2008-10-24,-0.740010,-0.681175,-0.058835
2008-10-27,-0.756405,-0.693285,-0.063120
2008-10-28,-0.749339,-0.683804,-0.065536
2008-10-29,-0.758507,-0.698963,-0.059544
2008-10-30,-0.756112,-0.696634,-0.059479
2008-10-31,-0.766065,-0.707542,-0.058523
2008-11-03,-0.759608,-0.697869,-0.061739
2008-11-04,-0.764096,-0.702580,-0.061516
2008-11-05,-0.747453,-0.684455,-0.062998
2008-11-06,-0.753679,-0.689748,-0.063931
2008-11-07,-0.754901,-0.686424,-0.068477
2008-11-10,-0.721516,-0.642563,-0.078953
2008-11-11,-0.724460,-0.646593,-0.077867
2008-11-12,-0.721961,-0.638062,-0.083900
2008-11-13,-0.703947,-0.620573,-0.083374
2008-11-14,-0.700688,-0.622291,-0.078397
2008-11-17,-0.679700,-0.603162,-0.076538
2008-11-18,-0.698152,-0.632599,-0.065553
2008-11-19,-0.672626,-0.608932,-0.063695
2008-11-20,-0.679414,-0.618803,-0.060610
2008-11-21,-0.680568,-0.615669,-0.064899
2008-11-24,-0.682117,-0.621586,-0.060531
2008-11-25,-0.682155,-0.622276,-0.059879
2008-11-26,-0.677199,-0.615944,-0.061256
2008-11-27,-0.663862,-0.602970,-0.060893
2008-11-28,-0.665694,-0.606363,-0.059331
2008-12-01,-0.665768,-0.606492,-0.059277
2008-12-02,-0.661458,-0.605559,-0.055899
2008-12-03,-0.652166,-0.590864,-0.061302
2008-12-04,-0.652791,-0.589388,-0.063403
2008-12-05,-0.655697,-0.594603,-0.061093
2008-12-08,-0.648988,-0.584429,-0.064559
2008-12-09,-0.655288,-0.595178,-0.060110
2008-12-10,-0.651193,-0.591630,-0.059563
2008-12-11,-0.655917,-0.601879,-0.054038
2008-12-12,-0.658758,-0.613900,-0.044858
2008-12-15,-0.644663,-0.603220,-0.041443
2008-12-16,-0.640466,-0.599319,-0.041147
2008-12-17,-0.621028,-0.587955,-0.033073
2008-12-18,-0.614116,-0.576576,-0.037540
2008-12-19,-0.620510,-0.585121,-0.035389
2008-12-22,-0.634063,-0.604545,-0.029518
2008-12-23,-0.650499,-0.623870,-0.026629
2008-12-24,-0.664661,-0.637597,-0.027064
2008-12-25,-0.668135,-0.641396,-0.026739
2008-12-26,-0.673466,-0.646327,-0.027140
2008-12-29,-0.684770,-0.652555,-0.032215
2008-12-30,-0.686496,-0.656549,-0.029947
2008-12-31,-0.690006,-0.659493,-0.030513
2009-01-05,-0.686226,-0.656623,-0.029603
2009-01-06,-0.678094,-0.645710,-0.032384
2009-01-07,-0.688212,-0.652452,-0.035759
2009-01-08,-0.693987,-0.658471,-0.035516
2009-01-09,-0.693330,-0.658274,-0.035057
2009-01-12,-0.704447,-0.662987,-0.041460
2009-01-13,-0.712608,-0.670795,-0.041813
2009-01-14,-0.702686,-0.658876,-0.043810
2009-01-15,-0.697308,-0.656827,-0.040482
2009-01-16,-0.679064,-0.638520,-0.040544
2009-01-19,-0.673614,-0.628316,-0.045298
2009-01-20,-0.672134,-0.625967,-0.046167
2009-01-21,-0.655788,-0.607109,-0.048679
2009-01-22,-0.619154,-0.569919,-0.049235
2009-01-23,-0.636704,-0.591430,-0.045274
2009-02-02,-0.608391,-0.550069,-0.058321
2009-02-03,-0.598441,-0.538729,-0.059712
2009-02-04,-0.623452,-0.562352,-0.061100
2009-02-05,-0.622992,-0.562974,-0.060018
2009-02-06,-0.608076,-0.545437,-0.062638
2009-02-09,-0.592015,-0.533371,-0.058644
2009-02-10,-0.585838,-0.527257,-0.058581
2009-02-11,-0.585050,-0.526367,-0.058683
2009-02-12,-0.585725,-0.528968,-0.056758
2009-02-13,-0.561211,-0.501863,-0.059349
2009-02-16,-0.551483,-0.488450,-0.063034
2009-02-17,-0.563147,-0.504439,-0.058709
2009-02-18,-0.589952,-0.536582,-0.053370
2009-02-19,-0.592845,-0.542218,-0.050627
2009-02-20,-0.566369,-0.522417,-0.043952
2009-02-23,-0.526169,-0.487376,-0.038793
2009-02-24,-0.544031,-0.510478,-0.033553
2009-02-25,-0.531117,-0.490185,-0.040932
2009-02-26,-0.563190,-0.514965,-0.048225
2009-02-27,-0.590757,-0.538665,-0.052093
2009-03-02,-0.588590,-0.536924,-0.051665
2009-03-03,-0.603406,-0.552856,-0.050549
2009-03-04,-0.559481,-0.510795,-0.048686
2009-03-05,-0.556571,-0.502039,-0.054532
2009-03-06,-0.568641,-0.511939,-0.056702
2009-03-09,-0.576904,-0.523436,-0.053467
2009-03-10,-0.547726,-0.494362,-0.053364
2009-03-11,-0.549777,-0.500047,-0.049730
2009-03-12,-0.536350,-0.485875,-0.050475
2009-03-13,-0.526906,-0.474770,-0.052136
2009-03-16,-0.516243,-0.460875,-0.055368
2009-03-17,-0.480854,-0.414316,-0.066537
2009-03-18,-0.450464,-0.380265,-0.070199
2009-03-19,-0.453169,-0.387337,-0.065832
2009-03-20,-0.464331,-0.405312,-0.059019
2009-03-23,-0.452970,-0.395864,-0.057106
2009-03-24,-0.428225,-0.364345,-0.063881
2009-03-25,-0.448604,-0.385184,-0.063420
2009-03-26,-0.438432,-0.366491,-0.071942
2009-03-27,-0.405789,-0.333427,-0.072362
2009-03-30,-0.421368,-0.365904,-0.055464
2009-03-31,-0.387680,-0.338407,-0.049274
2009-04-01,-0.340805,-0.288775,-0.052030
2009-04-02,-0.313181,-0.273840,-0.039340
2009-04-03,-0.342628,-0.295888,-0.046739
2009-04-07,-0.380133,-0.329935,-0.050198
2009-04-08,-0.414981,-0.362809,-0.052173
2009-04-09,-0.374838,-0.317359,-0.057480
2009-04-10,-0.366547,-0.308729,-0.057818
2009-04-13,-0.358903,-0.297910,-0.060993
2009-04-14,-0.310259,-0.243037,-0.067222
2009-04-15,-0.322610,-0.250135,-0.072475
2009-04-16,-0.311858,-0.230940,-0.080917
2009-04-17,-0.294405,-0.217307,-0.077097
2009-04-20,-0.259849,-0.172599,-0.087250
2009-04-21,-0.260127,-0.181209,-0.078918
2009-04-22,-0.283993,-0.218428,-0.065565
2009-04-23,-0.313354,-0.249055,-0.064299
2009-04-24,-0.373634,-0.318349,-0.055284
2009-04-27,-0.391666,-0.339142,-0.052524
2009-04-28,-0.374814,-0.324637,-0.050177
2009-04-29,-0.368735,-0.310190,-0.058545
2009-04-30,-0.383505,-0.337497,-0.046008
2009-05-04,-0.366628,-0.314418,-0.052210
2009-05-05,-0.383385,-0.327624,-0.055761
2009-05-06,-0.375124,-0.310632,-0.064493
2009-05-07,-0.357011,-0.275884,-0.081127
2009-05-08,-0.385474,-0.289378,-0.096096
2009-05-11,-0.408097,-0.297402,-0.110695
2009-05-12,-0.395179,-0.285885,-0.109294
2009-05-13,-0.387948,-0.269409,-0.118539
2009-05-14,-0.402082,-0.297597,-0.104485
2009-05-15,-0.394633,-0.291779,-0.102854
2009-05-18,-0.390213,-0.285954,-0.104259
2009-05-19,-0.391002,-0.274392,-0.116610
2009-05-20,-0.359026,-0.241982,-0.117045
2009-05-21,-0.381839,-0.273071,-0.108768
2009-05-22,-0.377535,-0.261559,-0.115976
2009-05-25,-0.360202,-0.250991,-0.109211
2009-05-26,-0.336916,-0.235855,-0.101061
2009-05-27,-0.337536,-0.228312,-0.109224
2009-06-01,-0.314347,-0.208508,-0.105840
2009-06-02,-0.319137,-0.209809,-0.109329
2009-06-03,-0.314203,-0.186690,-0.127512
2009-06-04,-0.305201,-0.167235,-0.137965
2009-06-05,-0.297676,-0.163100,-0.134576
2009-06-08,-0.302574,-0.155042,-0.147532
2009-06-09,-0.295696,-0.151580,-0.144116
2009-06-10,-0.243420,-0.067661,-0.175759
2009-06-11,-0.226841,-0.056896,-0.169946
2009-06-12,-0.224359,-0.057816,-0.166543
2009-06-15,-0.184736,-0.004340,-0.180396
2009-06-16,-0.155478,0.003042,-0.158519
2009-06-17,-0.103250,0.059067,-0.162318
2009-06-18,-0.150992,0.022118,-0.173109
2009-06-19,-0.093505,0.110678,-0.204184
2009-06-22,-0.123387,0.081725,-0.205112
2009-06-23,-0.116498,0.105364,-0.221862
2009-06-24,-0.126034,0.094256,-0.220290
2009-06-25,-0.162256,0.049967,-0.212223
2009-06-26,-0.165722,0.049485,-0.215207
2009-06-29,-0.110692,0.129243,-0.239935
2009-06-30,-0.113527,0.134196,-0.247723
2009-07-01,-0.074768,0.199956,-0.274723
2009-07-02,-0.074019,0.215869,-0.289888
2009-07-03,-0.084807,0.205219,-0.290026
2009-07-06,-0.054118,0.230830,-0.284948
2009-07-07,-0.101259,0.158782,-0.260041
2009-07-08,-0.105747,0.155222,-0.260969
2009-07-09,-0.115680,0.126419,-0.242100
2009-07-10,-0.107620,0.142777,-0.250397
2009-07-13,-0.104935,0.137975,-0.242910
2009-07-14,-0.091050,0.160921,-0.251971
2009-07-15,-0.055817,0.224443,-0.280259
2009-07-16,-0.019759,0.275219,-0.294977
2009-07-17,0.008259,0.294967,-0.286707
2009-07-20,-0.005036,0.275500,-0.280537
2009-07-21,-0.053122,0.215998,-0.269119
2009-07-22,-0.032914,0.241736,-0.274650
2009-07-23,-0.006027,0.266585,-0.272612
2009-07-24,-0.033530,0.231816,-0.265346
2009-07-27,-0.000154,0.273690,-0.273844
2009-07-28,0.002615,0.268494,-0.265879
2009-07-29,-0.055458,0.224695,-0.280153
2009-07-30,-0.029175,0.260174,-0.289348
2009-07-31,0.029095,0.331316,-0.302220
2009-08-03,0.045747,0.333090,-0.287343
2009-08-04,0.096863,0.365458,-0.268595
2009-08-05,0.143956,0.383955,-0.239998
2009-08-06,0.135459,0.345899,-0.210440
2009-08-07,0.110469,0.306811,-0.196342
2009-08-10,0.171693,0.367777,-0.196085
2009-08-11,0.262599,0.447560,-0.184961
2009-08-12,0.207964,0.390007,-0.182044
2009-08-13,0.201870,0.407478,-0.205609
2009-08-14,0.174362,0.368711,-0.194350
2009-08-17,0.118535,0.282989,-0.164454
2009-08-18,0.207398,0.371138,-0.163739
2009-08-19,0.138039,0.283631,-0.145593
2009-08-20,0.096256,0.241399,-0.145143
2009-08-21,0.163040,0.310821,-0.147781
2009-08-24,0.197846,0.342908,-0.145062
2009-08-25,0.185619,0.295466,-0.109847
2009-08-26,0.284129,0.360647,-0.076519
2009-08-27,0.294038,0.357379,-0.063341
2009-08-28,0.247962,0.304345,-0.056383
2009-08-31,0.128997,0.183401,-0.054404
2009-09-01,0.161741,0.231481,-0.069740
2009-09-02,0.180946,0.264950,-0.084005
2009-09-03,0.277818,0.358867,-0.081048
2009-09-04,0.297093,0.366919,-0.069826
2009-09-07,0.354481,0.421713,-0.067232
2009-09-08,0.440198,0.491155,-0.050957
2009-09-09,0.458108,0.493542,-0.035434
2009-09-10,0.455273,0.475802,-0.020530
2009-09-11,0.525544,0.562706,-0.037162
2009-09-14,0.562131,0.584999,-0.022868
2009-09-15,0.563219,0.589451,-0.026231
2009-09-16,0.582250,0.628591,-0.046340
2009-09-17,0.619109,0.721026,-0.101917
2009-09-18,0.587889,0.687609,-0.099720
2009-09-21,0.471584,0.547723,-0.076139
2009-09-22,0.370742,0.418289,-0.047548
2009-09-23,0.390836,0.441064,-0.050228
2009-09-24,0.383867,0.440461,-0.056594
2009-09-25,0.324344,0.375529,-0.051185
2009-09-28,0.259988,0.324907,-0.064918
2009-09-29,0.268964,0.324751,-0.055787
2009-09-30,0.291310,0.339245,-0.047935
2009-10-09,0.540809,0.585581,-0.044772
2009-10-12,0.616728,0.652699,-0.035970
2009-10-13,0.635842,0.610947,0.024895
2009-10-14,0.701484,0.668235,0.033249
2009-10-15,0.751488,0.692284,0.059205
2009-10-16,0.852461,0.780279,0.072182
2009-10-19,0.903243,0.815978,0.087265
2009-10-20,0.860979,0.780733,0.080246
2009-10-21,0.849549,0.790832,0.058717
2009-10-22,0.867621,0.825824,0.041797
2009-10-23,0.882715,0.860305,0.022410
2009-10-26,0.908924,0.916390,-0.007466
2009-10-27,0.977732,1.003251,-0.025519
2009-10-28,0.935278,0.951748,-0.016469
2009-10-29,0.927495,0.958154,-0.030659
2009-10-30,0.905198,0.932289,-0.027091
2009-11-02,1.014843,1.039359,-0.024516
2009-11-03,1.047365,1.077621,-0.030256
2009-11-04,1.086090,1.121867,-0.035777
2009-11-05,1.028608,1.048173,-0.019565
2009-11-06,1.103771,1.111203,-0.007432
2009-11-09,1.099003,1.083519,0.015484
2009-11-10,0.989445,0.944740,0.044705
2009-11-11,0.998907,0.962360,0.036547
2009-11-12,0.974180,0.942475,0.031706
2009-11-13,0.897161,0.877572,0.019589
2009-11-16,0.877214,0.865459,0.011755
2009-11-17,0.809240,0.825833,-0.016592
2009-11-18,0.910447,0.973144,-0.062697
2009-11-19,0.795811,0.864896,-0.069085
2009-11-20,0.804496,0.878987,-0.074490
2009-11-23,0.854487,0.908384,-0.053897
2009-11-24,0.867891,0.930781,-0.062890
2009-11-25,0.913631,0.978766,-0.065134
2009-11-26,0.842441,0.890844,-0.048402
2009-11-27,0.744948,0.808374,-0.063426
2009-11-30,0.846748,0.919029,-0.072281
2009-12-01,0.813684,0.910101,-0.096417
2009-12-02,0.821652,0.925116,-0.103464
2009-12-03,0.738008,0.838959,-0.100951
2009-12-04,0.740599,0.837427,-0.096829
2009-12-07,0.716597,0.822405,-0.105808
2009-12-08,0.642439,0.729809,-0.087370
2009-12-09,0.643426,0.741666,-0.098240
2009-12-10,0.619176,0.706381,-0.087205
2009-12-11,0.645879,0.747031,-0.101152
2009-12-14,0.706802,0.842883,-0.136080
2009-12-15,0.665584,0.814322,-0.148738
2009-12-16,0.635149,0.785314,-0.150165
2009-12-17,0.582091,0.738840,-0.156749
2009-12-18,0.497913,0.658471,-0.160559
2009-12-21,0.499976,0.655184,-0.155208
2009-12-22,0.456041,0.638393,-0.182352
2009-12-23,0.536400,0.738692,-0.202292
2009-12-24,0.615998,0.822297,-0.206299
2009-12-25,0.628429,0.830679,-0.202251
2009-12-28,0.676029,0.868015,-0.191986
2009-12-29,0.699959,0.887436,-0.187477
2009-12-30,0.729545,0.941083,-0.211538
2009-12-31,0.754861,0.967124,-0.212263
2010-01-04,0.727336,0.944870,-0.217534
2010-01-05,0.690151,0.892786,-0.202634
2010-01-06,0.639704,0.823003,-0.183298
2010-01-07,0.629289,0.797585,-0.168296
2010-01-08,0.666401,0.843299,-0.176898
2010-01-11,0.625951,0.815109,-0.189157
2010-01-12,0.646745,0.840443,-0.193698
2010-01-13,0.626301,0.823451,-0.197150
2010-01-14,0.586757,0.774232,-0.187475
2010-01-15,0.591494,0.781571,-0.190077
2010-01-18,0.571061,0.758950,-0.187889
2010-01-19,0.570125,0.742873,-0.172748
2010-01-20,0.513271,0.676104,-0.162834
2010-01-21,0.524730,0.685984,-0.161253
2010-01-22,0.459602,0.646426,-0.186824
2010-01-25,0.446892,0.637252,-0.190361
2010-01-26,0.393896,0.595332,-0.201436
2010-01-27,0.379125,0.573573,-0.194448
2010-01-28,0.387324,0.577509,-0.190185
2010-01-29,0.382992,0.576323,-0.193331
2010-02-01,0.357799,0.551011,-0.193212
2010-02-02,0.341752,0.529460,-0.187707
2010-02-03,0.354643,0.531938,-0.177296
2010-02-04,0.323687,0.485776,-0.162089
2010-02-05,0.300401,0.465892,-0.165491
2010-02-08,0.251180,0.408402,-0.157222
2010-02-09,0.204719,0.379907,-0.175187
2010-02-10,0.205202,0.381376,-0.176174
2010-02-11,0.207715,0.381470,-0.173755
2010-02-12,0.221049,0.402417,-0.181368
2010-02-22,0.191709,0.379227,-0.187519
2010-02-23,0.148984,0.326968,-0.177984
2010-02-24,0.213313,0.409510,-0.196196
2010-02-25,0.256502,0.428721,-0.172219
2010-02-26,0.338424,0.498349,-0.159925
2010-03-01,0.398870,0.553112,-0.154242
2010-03-02,0.365375,0.529674,-0.164299
2010-03-03,0.387376,0.556884,-0.169508
2010-03-04,0.262107,0.422476,-0.160369
2010-03-05,0.268193,0.414262,-0.146069
2010-03-08,0.302908,0.437159,-0.134251
2010-03-09,0.360576,0.500938,-0.140362
2010-03-10,0.318844,0.463638,-0.144793
2010-03-11,0.321992,0.475743,-0.153751
2010-03-12,0.311611,0.459191,-0.147580
2010-03-15,0.302147,0.443344,-0.141197
2010-03-16,0.302840,0.429316,-0.126477
2010-03-17,0.284705,0.409714,-0.125009
2010-03-18,0.267129,0.400793,-0.133664
2010-03-19,0.241447,0.382492,-0.141045
2010-03-22,0.227716,0.387753,-0.160037
2010-03-23,0.190032,0.342777,-0.152745
2010-03-24,0.187937,0.336445,-0.148508
2010-03-25,0.199353,0.344726,-0.145373
2010-03-26,0.181654,0.320676,-0.139022
2010-03-29,0.187813,0.343991,-0.156178
2010-03-30,0.189681,0.355091,-0.165410
2010-03-31,0.149382,0.334087,-0.184705
2010-04-01,0.155874,0.331102,-0.175227
2010-04-02,0.160841,0.322524,-0.161683
2010-04-06,0.175933,0.324703,-0.148771
2010-04-07,0.172735,0.314325,-0.141590
2010-04-08,0.201294,0.349846,-0.148552
2010-04-09,0.198390,0.342181,-0.143792
2010-04-12,0.148667,0.291251,-0.142583
2010-04-13,0.133738,0.276753,-0.143015
2010-04-14,0.139429,0.271526,-0.132097
2010-04-15,0.132436,0.263336,-0.130900
2010-04-16,0.129058,0.249048,-0.119991
2010-04-19,0.081034,0.198337,-0.117303
2010-04-20,0.072628,0.171993,-0.099365
2010-04-21,0.117104,0.209775,-0.092671
2010-04-22,0.161183,0.242699,-0.081515
2010-04-23,0.146714,0.229970,-0.083256
2010-04-26,0.161696,0.232855,-0.071159
2010-04-27,0.173503,0.236789,-0.063286
2010-04-28,0.151759,0.229825,-0.078065
2010-04-29,0.093521,0.174520,-0.081000
2010-04-30,0.070948,0.169444,-0.098496
2010-05-04,0.039976,0.112423,-0.072447
2010-05-05,0.037158,0.113450,-0.076292
2010-05-06,-0.022428,0.047697,-0.070124
2010-05-07,-0.036808,0.025193,-0.062001
2010-05-10,-0.031322,0.024742,-0.056064
2010-05-11,-0.015546,0.027703,-0.043249
2010-05-12,-0.042741,0.010615,-0.053355
2010-05-13,-0.015122,0.025906,-0.041028
2010-05-14,-0.021974,0.027007,-0.048981
2010-05-17,-0.077610,-0.029112,-0.048498
2010-05-18,-0.059925,-0.013954,-0.045970
2010-05-19,-0.062391,-0.027432,-0.034959
2010-05-20,-0.070280,-0.030876,-0.039404
2010-05-21,-0.039226,0.006829,-0.046055
2010-05-24,0.006996,0.048451,-0.041456
2010-05-25,-0.016225,0.022240,-0.038464
2010-05-26,-0.013418,0.034628,-0.048046
2010-05-27,0.005031,0.036334,-0.031303
2010-05-28,0.007891,0.032826,-0.024935
2010-05-31,-0.017526,0.004910,-0.022436
2010-06-01,-0.055091,-0.039946,-0.015145
2010-06-02,-0.044271,-0.037545,-0.006726
2010-06-03,-0.058328,-0.069167,0.010840
2010-06-04,-0.051950,-0.070879,0.018930
2010-06-07,-0.062208,-0.082873,0.020666
2010-06-08,-0.044355,-0.084498,0.040143
2010-06-09,-0.028798,-0.060269,0.031471
2010-06-10,-0.044617,-0.080138,0.035521
2010-06-11,-0.035931,-0.068462,0.032532
2010-06-17,-0.059812,-0.088973,0.029160
2010-06-18,-0.094815,-0.118158,0.023343
2010-06-21,-0.073502,-0.097188,0.023686
2010-06-22,-0.064338,-0.096945,0.032608
2010-06-23,-0.063500,-0.105516,0.042016
2010-06-24,-0.088891,-0.116393,0.027502
2010-06-25,-0.093248,-0.122399,0.029150
2010-06-28,-0.107477,-0.131581,0.024104
2010-06-29,-0.159729,-0.184892,0.025163
2010-06-30,-0.160234,-0.190559,0.030325
2010-07-01,-0.190234,-0.219843,0.029609
2010-07-02,-0.206029,-0.227961,0.021932
2010-07-05,-0.225880,-0.244802,0.018922
2010-07-06,-0.211576,-0.240566,0.028990
2010-07-07,-0.193546,-0.227515,0.033968
2010-07-08,-0.204824,-0.231589,0.026766
2010-07-09,-0.188118,-0.220593,0.032475
2010-07-12,-0.179419,-0.212485,0.033066
2010-07-13,-0.190819,-0.216131,0.025313
2010-07-14,-0.206889,-0.231895,0.025006
2010-07-15,-0.222892,-0.253281,0.030389
2010-07-16,-0.209521,-0.252799,0.043278
2010-07-19,-0.190863,-0.237894,0.047031
2010-07-20,-0.181146,-0.236589,0.055443
2010-07-21,-0.164599,-0.223878,0.059278
2010-07-22,-0.169886,-0.228902,0.059016
2010-07-23,-0.171295,-0.235185,0.063891
2010-07-26,-0.153211,-0.233534,0.080323
2010-07-27,-0.172562,-0.253206,0.080644
2010-07-28,-0.163754,-0.237525,0.073770
2010-07-29,-0.104211,-0.191240,0.087029
2010-07-30,-0.120356,-0.210731,0.090375
2010-08-02,-0.123970,-0.218855,0.094885
2010-08-03,-0.144928,-0.243214,0.098286
2010-08-04,-0.150847,-0.240370,0.089523
2010-08-05,-0.139464,-0.237938,0.098474
2010-08-06,-0.119525,-0.208964,0.089439
2010-08-09,-0.086782,-0.179140,0.092358
2010-08-10,-0.115550,-0.200844,0.085294
2010-08-11,-0.116934,-0.198564,0.081630
2010-08-12,-0.082764,-0.171016,0.088252
2010-08-13,-0.068770,-0.170096,0.101326
2010-08-16,-0.022488,-0.126292,0.103804
2010-08-17,0.047226,-0.063046,0.110271
2010-08-18,0.048671,-0.073969,0.122641
2010-08-19,0.107902,-0.019628,0.127530
2010-08-20,0.037933,-0.078254,0.116186
2010-08-23,0.017442,-0.095963,0.113406
2010-08-24,0.011982,-0.098393,0.110375
2010-08-25,0.017277,-0.085796,0.103073
2010-08-26,-0.009534,-0.101595,0.092062
2010-08-27,-0.001943,-0.094329,0.092386
2010-08-30,0.057601,-0.043249,0.100850
2010-08-31,0.141254,0.025764,0.115489
2010-09-01,0.138498,0.014186,0.124312
2010-09-02,0.157674,0.010536,0.147138
2010-09-03,0.101521,-0.043169,0.144689
2010-09-06,0.097174,-0.033164,0.130338
2010-09-07,0.097564,-0.039012,0.136576
2010-09-08,0.087000,-0.059919,0.146918
2010-09-09,0.051071,-0.084024,0.135095
2010-09-10,0.075313,-0.072832,0.148145
2010-09-13,0.069797,-0.085176,0.154973
2010-09-14,0.047717,-0.099709,0.147425
2010-09-15,0.024911,-0.117921,0.142832
2010-09-16,0.011519,-0.122904,0.134423
2010-09-17,0.003867,-0.138168,0.142034
2010-09-20,0.030063,-0.109342,0.139405
2010-09-21,0.034117,-0.109431,0.143548
2010-09-27,0.119695,-0.050188,0.169882
2010-09-28,0.167669,-0.030858,0.198527
2010-09-29,0.148338,-0.032796,0.181134
2010-09-30,0.143189,-0.023043,0.166232
2010-10-08,0.183128,0.013119,0.170009
2010-10-11,0.101180,-0.009739,0.110918
2010-10-12,0.101054,0.006695,0.094359
2010-10-13,0.080182,0.005959,0.074223
2010-10-14,0.038578,-0.001010,0.039589
2010-10-15,0.051519,0.027176,0.024343
2010-10-18,0.035720,0.019881,0.015838
2010-10-19,0.031497,0.013970,0.017527
2010-10-20,0.043850,0.005717,0.038133
2010-10-21,0.057525,0.001603,0.055923
2010-10-22,0.074043,0.009363,0.064680
2010-10-25,0.078056,0.019873,0.058183
2010-10-26,0.083060,0.015183,0.067876
2010-10-27,0.094516,0.026895,0.067621
2010-10-28,0.085295,0.020533,0.064763
2010-10-29,0.124719,0.040939,0.083780
2010-11-01,0.144658,0.058722,0.085935
2010-11-02,0.086211,0.020729,0.065482
2010-11-03,0.055762,-0.004392,0.060154
2010-11-04,0.084377,0.007707,0.076670
2010-11-05,0.089797,0.016303,0.073493
2010-11-08,0.090199,0.018820,0.071379
2010-11-09,0.102603,0.008055,0.094547
2010-11-10,0.107679,-0.001333,0.109012
2010-11-11,0.099164,0.004094,0.095070
2010-11-12,0.032407,-0.059474,0.091882
2010-11-15,0.065901,-0.057927,0.123828
2010-11-16,-0.005945,-0.125837,0.119892
2010-11-17,-0.051317,-0.144540,0.093222
2010-11-18,-0.032941,-0.132848,0.099907
2010-11-19,-0.013432,-0.127275,0.113842
2010-11-22,-0.003172,-0.126430,0.123258
2010-11-23,-0.026825,-0.152320,0.125494
2010-11-24,0.035122,-0.104575,0.139696
2010-11-25,0.019585,-0.111898,0.131483
2010-11-26,0.054205,-0.083459,0.137664
2010-11-29,0.111451,-0.056899,0.168350
2010-11-30,0.044343,-0.106696,0.151038
2010-12-01,0.024630,-0.119301,0.143931
2010-12-02,0.008449,-0.122944,0.131393
2010-12-03,0.005443,-0.120505,0.125948
2010-12-06,-0.015203,-0.131171,0.115968
2010-12-07,-0.006116,-0.127695,0.121578
2010-12-08,0.002387,-0.124762,0.127149
2010-12-09,-0.005099,-0.121286,0.116188
2010-12-10,-0.000679,-0.116084,0.115405
2010-12-13,0.028530,-0.087820,0.116351
2010-12-14,0.029303,-0.095019,0.124322
2010-12-15,0.034945,-0.093684,0.128628
2010-12-16,0.041982,-0.092692,0.134674
2010-12-17,0.064011,-0.073126,0.137137
2010-12-20,0.082554,-0.062823,0.145377
2010-12-21,0.078760,-0.043311,0.122070
2010-12-22,0.109428,-0.027254,0.136682
2010-12-23,0.089372,-0.044319,0.133692
2010-12-24,0.034473,-0.080219,0.114692
2010-12-27,0.012210,-0.094917,0.107127
2010-12-28,-0.019916,-0.124625,0.104709
2010-12-29,-0.004785,-0.125376,0.120592
2010-12-30,-0.008425,-0.139022,0.130597
2010-12-31,0.008201,-0.125129,0.133330
2011-01-04,0.031434,-0.097745,0.129179
2011-01-05,0.016315,-0.108972,0.125287
2011-01-06,0.019675,-0.107882,0.127557
2011-01-07,0.031062,-0.087813,0.118876
2011-01-10,0.003726,-0.106875,0.110602
2011-01-11,0.004833,-0.102563,0.107396
2011-01-12,-0.001322,-0.111058,0.109736
2011-01-13,0.048901,-0.081803,0.130704
2011-01-14,0.022625,-0.108730,0.131355
2011-01-17,-0.027470,-0.145974,0.118504
2011-01-18,-0.020218,-0.149408,0.129191
2011-01-19,-0.004237,-0.131898,0.127661
2011-01-20,-0.010404,-0.132488,0.122084
2011-01-21,-0.012036,-0.124718,0.112682
2011-01-24,-0.013813,-0.122384,0.108571
2011-01-25,-0.011048,-0.116995,0.105947
2011-01-26,0.043690,-0.081525,0.125215
2011-01-27,0.072949,-0.053805,0.126754
2011-01-28,0.084429,-0.052963,0.137392
2011-01-31,0.099240,-0.039839,0.139079
2011-02-01,0.121970,-0.023925,0.145895
2011-02-09,0.098478,-0.040465,0.138943
2011-02-10,0.118314,-0.034215,0.152529
2011-02-11,0.126876,-0.030878,0.157754
2011-02-14,0.144766,-0.009885,0.154651
2011-02-15,0.149101,-0.010337,0.159439
2011-02-16,0.164422,-0.000846,0.165268
2011-02-17,0.160633,-0.001652,0.162285
2011-02-18,0.150057,-0.012118,0.162175
2011-02-21,0.168019,0.002039,0.165980
2011-02-22,0.140463,-0.021578,0.162041
2011-02-23,0.159111,-0.007469,0.166580
2011-02-24,0.145497,-0.016502,0.161999
2011-02-25,0.123672,-0.028708,0.152379
2011-02-28,0.142053,-0.012832,0.154884
2011-03-01,0.132051,-0.020915,0.152966
2011-03-02,0.134948,-0.020518,0.155466
2011-03-03,0.110270,-0.033990,0.144260
2011-03-04,0.153898,0.006184,0.147715
2011-03-07,0.163614,0.022931,0.140683
2011-03-08,0.153048,0.015605,0.137443
2011-03-09,0.135035,0.009982,0.125052
2011-03-10,0.142280,0.000174,0.142106
2011-03-11,0.139696,-0.008951,0.148648
2011-03-14,0.169319,0.009214,0.160105
2011-03-15,0.160798,0.006528,0.154270
2011-03-16,0.160192,0.013805,0.146387
2011-03-17,0.112779,-0.023464,0.136244
2011-03-18,0.115783,-0.015874,0.131657
2011-03-21,0.100734,-0.026340,0.127074
2011-03-22,0.101371,-0.024123,0.125494
2011-03-23,0.125193,-0.003248,0.128441
2011-03-24,0.116945,-0.007724,0.124669
2011-03-25,0.146274,0.020238,0.126037
2011-03-28,0.125331,0.004754,0.120577
2011-03-29,0.071188,-0.029942,0.101130
2011-03-30,0.073792,-0.032860,0.106652
2011-03-31,0.076407,-0.036561,0.112969
2011-04-01,0.068964,-0.035145,0.104109
2011-04-06,0.062266,-0.027629,0.089894
2011-04-07,0.072709,-0.018462,0.091171
2011-04-08,0.103542,0.001978,0.101564
2011-04-11,0.084924,-0.013536,0.098459
2011-04-12,0.078657,-0.007373,0.086029
2011-04-13,0.081815,-0.005805,0.087620
2011-04-14,0.055882,-0.014734,0.070616
2011-04-15,0.051455,-0.010496,0.061951
2011-04-18,0.049243,0.000927,0.048316
2011-04-19,0.083282,0.037586,0.045696
2011-04-20,0.085737,0.038568,0.047169
2011-04-21,0.071180,0.024930,0.046251
2011-04-22,0.076278,0.030735,0.045543
2011-04-25,0.057356,0.018674,0.038682
2011-04-26,0.047077,0.018588,0.028489
2011-04-27,0.051744,0.032521,0.019222
2011-04-28,0.022949,0.020802,0.002148
2011-04-29,0.074421,0.043352,0.031069
2011-05-03,0.090160,0.046868,0.043293
2011-05-04,0.064991,0.036291,0.028700
2011-05-05,0.053945,0.029552,0.024393
2011-05-06,0.109272,0.077512,0.031760
2011-05-09,0.151364,0.103275,0.048088
2011-05-10,0.156096,0.103207,0.052889
2011-05-11,0.176069,0.122918,0.053152
2011-05-12,0.161690,0.100576,0.061114
2011-05-13,0.124375,0.083543,0.040833
2011-05-16,0.114074,0.081045,0.033029
2011-05-17,0.181012,0.147827,0.033185
2011-05-18,0.167589,0.132798,0.034791
2011-05-19,0.159877,0.129778,0.030099
2011-05-20,0.172915,0.145113,0.027803
2011-05-23,0.114570,0.091805,0.022765
2011-05-24,0.077115,0.053159,0.023957
2011-05-25,0.086877,0.062688,0.024189
2011-05-26,0.081519,0.058438,0.023081
2011-05-27,0.046978,0.036130,0.010848
2011-05-30,0.034340,0.036561,-0.002221
2011-05-31,0.089832,0.082322,0.007510
2011-06-01,0.111587,0.094750,0.016836
2011-06-02,0.090295,0.071869,0.018427
2011-06-03,0.112687,0.091470,0.021216
2011-06-07,0.143425,0.114456,0.028969
2011-06-08,0.135756,0.114587,0.021169
2011-06-09,0.082155,0.061018,0.021137
2011-06-10,0.093571,0.077058,0.016514
2011-06-13,0.086439,0.069405,0.017034
2011-06-14,0.106942,0.085067,0.021875
2011-06-15,0.093761,0.074034,0.019727
2011-06-16,0.073929,0.057527,0.016402
2011-06-17,0.067775,0.054482,0.013292
2011-06-20,0.089615,0.066290,0.023325
2011-06-21,0.080952,0.046180,0.034773
2011-06-22,0.083211,0.044854,0.038357
2011-06-23,0.122090,0.072188,0.049902
2011-06-24,0.152033,0.097904,0.054129
2011-06-27,0.166548,0.109711,0.056837
2011-06-28,0.192677,0.119609,0.073068
2011-06-29,0.231945,0.157464,0.074481
2011-06-30,0.258983,0.187673,0.071310
2011-07-01,0.281739,0.207310,0.074429
2011-07-04,0.332149,0.231983,0.100166
2011-07-05,0.356533,0.242712,0.113821
2011-07-06,0.324390,0.214917,0.109473
2011-07-07,0.299238,0.201978,0.097260
2011-07-08,0.295697,0.207017,0.088680
2011-07-11,0.261733,0.176083,0.085650
2011-07-12,0.231155,0.142249,0.088905
2011-07-13,0.266288,0.179026,0.087262
2011-07-14,0.267937,0.174155,0.093782
2011-07-15,0.298648,0.199489,0.099160
2011-07-18,0.279800,0.193595,0.086205
2011-07-19,0.228305,0.153836,0.074469
2011-07-20,0.195136,0.127693,0.067443
2011-07-21,0.182741,0.113492,0.069249
2011-07-22,0.175395,0.103082,0.072313
2011-07-25,0.134108,0.062730,0.071377
2011-07-26,0.120446,0.059305,0.061141
2011-07-27,0.139803,0.073087,0.066717
2011-07-28,0.109438,0.040954,0.068485
2011-07-29,0.091468,0.032697,0.058771
2011-08-01,0.100943,0.037949,0.062994
2011-08-02,0.070859,0.013403,0.057457
2011-08-03,0.086523,0.031019,0.055504
2011-08-04,0.082855,0.029161,0.053693
2011-08-05,0.064633,0.016343,0.048291
2011-08-08,0.013631,-0.035808,0.049440
2011-08-09,0.002163,-0.041138,0.043301
2011-08-10,0.042601,-0.003008,0.045609
2011-08-11,0.048385,0.005863,0.042522
2011-08-12,0.069771,0.020942,0.048829
2011-08-15,0.071363,0.021828,0.049535
2011-08-16,0.037955,-0.008384,0.046339
2011-08-17,0.021390,-0.019128,0.040518
2011-08-18,-0.001877,-0.035103,0.033226
2011-08-19,-0.017119,-0.049990,0.032871
2011-08-22,-0.007909,-0.041589,0.033680
2011-08-23,0.003863,-0.025962,0.029824
2011-08-24,-0.005845,-0.034964,0.029120
2011-08-25,0.038625,0.021393,0.017232
2011-08-26,0.035274,0.017940,0.017334
2011-08-29,0.017144,-0.002015,0.019159
2011-08-30,-0.017745,-0.025135,0.007391
2011-08-31,-0.018619,-0.019430,0.000811
2011-09-01,-0.018279,-0.017163,-0.001116
2011-09-02,-0.048833,-0.040234,-0.008599
2011-09-05,-0.081501,-0.060403,-0.021097
2011-09-06,-0.105792,-0.084633,-0.021159
2011-09-07,-0.092127,-0.068392,-0.023735
2011-09-08,-0.111569,-0.075432,-0.036137
2011-09-09,-0.100090,-0.059922,-0.040168
2011-09-13,-0.137453,-0.081706,-0.055747
2011-09-14,-0.139657,-0.078212,-0.061445
2011-09-15,-0.120212,-0.063209,-0.057003
2011-09-16,-0.098938,-0.043320,-0.055618
2011-09-19,-0.125678,-0.063641,-0.062038
2011-09-20,-0.116804,-0.056137,-0.060667
2011-09-21,-0.090321,-0.030261,-0.060060
2011-09-22,-0.119560,-0.060119,-0.059441
2011-09-23,-0.127638,-0.065792,-0.061846
2011-09-26,-0.144331,-0.086286,-0.058045
2011-09-27,-0.157897,-0.091961,-0.065936
2011-09-28,-0.169368,-0.093831,-0.075536
2011-09-29,-0.174417,-0.099701,-0.074717
2011-09-30,-0.186789,-0.120665,-0.066124
2011-10-10,-0.225160,-0.160024,-0.065136
2011-10-11,-0.230790,-0.185422,-0.045368
2011-10-12,-0.209375,-0.166409,-0.042966
2011-10-13,-0.199387,-0.172484,-0.026904
2011-10-14,-0.185390,-0.176903,-0.008487
2011-10-17,-0.191575,-0.198556,0.006981
2011-10-18,-0.211396,-0.215945,0.004550
2011-10-19,-0.242392,-0.234795,-0.007597
2011-10-20,-0.283130,-0.257987,-0.025143
2011-10-21,-0.297304,-0.256856,-0.040448
2011-10-24,-0.284945,-0.237369,-0.047575
2011-10-25,-0.283979,-0.245800,-0.038179
2011-10-26,-0.276029,-0.234971,-0.041058
2011-10-27,-0.261533,-0.219277,-0.042256
2011-10-28,-0.240877,-0.202688,-0.038190
2011-10-31,-0.249909,-0.202566,-0.047343
2011-11-01,-0.271600,-0.223285,-0.048315
2011-11-02,-0.256012,-0.208118,-0.047894
2011-11-03,-0.237452,-0.197653,-0.039799
2011-11-04,-0.252171,-0.205935,-0.046236
2011-11-07,-0.261936,-0.222833,-0.039103
2011-11-08,-0.269922,-0.231321,-0.038600
2011-11-09,-0.272224,-0.219157,-0.053066
2011-11-10,-0.294864,-0.228492,-0.066372
2011-11-11,-0.287785,-0.232189,-0.055596
2011-11-14,-0.225169,-0.164538,-0.060632
2011-11-15,-0.254127,-0.172015,-0.082112
2011-11-16,-0.249117,-0.157569,-0.091548
2011-11-17,-0.213242,-0.142366,-0.070877
2011-11-18,-0.244625,-0.172003,-0.072622
2011-11-21,-0.260411,-0.179046,-0.081365
2011-11-22,-0.263893,-0.177324,-0.086570
2011-11-23,-0.257916,-0.168375,-0.089541
2011-11-24,-0.282073,-0.185116,-0.096958
2011-11-25,-0.287741,-0.202734,-0.085006
2011-11-28,-0.284632,-0.194541,-0.090090
2011-11-29,-0.285425,-0.182279,-0.103145
2011-11-30,-0.294408,-0.196198,-0.098210
2011-12-01,-0.272853,-0.176150,-0.096703
2011-12-02,-0.283672,-0.189458,-0.094214
2011-12-05,-0.298967,-0.201627,-0.097340
2011-12-06,-0.292206,-0.205091,-0.087115
2011-12-07,-0.301152,-0.210012,-0.091140
2011-12-08,-0.302451,-0.203942,-0.098509
2011-12-09,-0.296830,-0.198475,-0.098356
2011-12-12,-0.312182,-0.216412,-0.095770
2011-12-13,-0.347366,-0.257318,-0.090048
2011-12-14,-0.359033,-0.266707,-0.092326
2011-12-15,-0.376741,-0.279234,-0.097508
2011-12-16,-0.361350,-0.260175,-0.101175
2011-12-19,-0.365984,-0.260799,-0.105184
2011-12-20,-0.352412,-0.252179,-0.100234
2011-12-21,-0.368097,-0.280165,-0.087932
2011-12-22,-0.357893,-0.271847,-0.086046
2011-12-23,-0.342818,-0.260129,-0.082689
2011-12-26,-0.341414,-0.261546,-0.079868
2011-12-27,-0.337633,-0.256369,-0.081264
2011-12-28,-0.324241,-0.242042,-0.082199
2011-12-29,-0.335044,-0.245105,-0.089939
2011-12-30,-0.328324,-0.234444,-0.093880
2012-01-04,-0.365081,-0.279316,-0.085764
2012-01-05,-0.368310,-0.283176,-0.085134
2012-01-06,-0.362195,-0.275044,-0.087151
2012-01-09,-0.333519,-0.252020,-0.081499
2012-01-10,-0.285552,-0.212612,-0.072940
2012-01-11,-0.280999,-0.220585,-0.060414
2012-01-12,-0.285891,-0.225030,-0.060862
2012-01-13,-0.302161,-0.237785,-0.064376
2012-01-16,-0.323480,-0.241347,-0.082134
2012-01-17,-0.250235,-0.172727,-0.077509
2012-01-18,-0.267074,-0.186543,-0.080531
2012-01-19,-0.265908,-0.189336,-0.076572
2012-01-20,-0.225934,-0.149631,-0.076303
2012-01-30,-0.248807,-0.189684,-0.059124
2012-01-31,-0.251602,-0.199008,-0.052594
2012-02-01,-0.267566,-0.210670,-0.056896
2012-02-02,-0.253797,-0.192066,-0.061731
2012-02-03,-0.250707,-0.185615,-0.065092
2012-02-06,-0.245474,-0.186190,-0.059284
2012-02-07,-0.259149,-0.201259,-0.057890
2012-02-08,-0.231301,-0.178417,-0.052884
2012-02-09,-0.219339,-0.168276,-0.051063
2012-02-10,-0.243220,-0.183799,-0.059422
2012-02-13,-0.249891,-0.188718,-0.061174
2012-02-14,-0.271588,-0.216527,-0.055062
2012-02-15,-0.266050,-0.207622,-0.058427
2012-02-16,-0.283159,-0.219318,-0.063841
2012-02-17,-0.281364,-0.218373,-0.062990
2012-02-20,-0.274188,-0.208965,-0.065223
2012-02-21,-0.278868,-0.213468,-0.065400
2012-02-22,-0.246592,-0.178943,-0.067649
2012-02-23,-0.244335,-0.179063,-0.065271
2012-02-24,-0.234062,-0.170144,-0.063917
2012-02-27,-0.230120,-0.169204,-0.060916
2012-02-28,-0.240029,-0.178141,-0.061888
2012-02-29,-0.239885,-0.186883,-0.053001
2012-03-01,-0.245122,-0.190956,-0.054167
2012-03-02,-0.230737,-0.173703,-0.057034
2012-03-05,-0.225942,-0.185885,-0.040057
2012-03-06,-0.242466,-0.198620,-0.043846
2012-03-07,-0.263909,-0.219373,-0.044536
2012-03-08,-0.256839,-0.210241,-0.046598
2012-03-09,-0.235729,-0.202033,-0.033696
2012-03-12,-0.224372,-0.182603,-0.041769
2012-03-13,-0.219882,-0.174390,-0.045492
2012-03-14,-0.246875,-0.201602,-0.045273
2012-03-15,-0.237131,-0.193014,-0.044117
2012-03-16,-0.226018,-0.192316,-0.033702
2012-03-19,-0.215493,-0.182132,-0.033361
2012-03-20,-0.224050,-0.196300,-0.027750
2012-03-21,-0.221037,-0.193108,-0.027929
2012-03-22,-0.222054,-0.198330,-0.023724
2012-03-23,-0.238242,-0.218072,-0.020170
2012-03-26,-0.239839,-0.224327,-0.015512
2012-03-27,-0.246576,-0.226846,-0.019730
2012-03-28,-0.256267,-0.247881,-0.008386
2012-03-29,-0.242254,-0.250112,0.007858
2012-03-30,-0.245132,-0.246057,0.000925
2012-04-05,-0.233069,-0.232191,-0.000877
2012-04-06,-0.232183,-0.238968,0.006785
2012-04-09,-0.256438,-0.255925,-0.000513
2012-04-10,-0.251490,-0.248578,-0.002913
2012-04-11,-0.248377,-0.244010,-0.004367
2012-04-12,-0.228371,-0.227347,-0.001025
2012-04-13,-0.232788,-0.234749,0.001961
2012-04-16,-0.223276,-0.233675,0.010399
2012-04-17,-0.232421,-0.243249,0.010828
2012-04-18,-0.210171,-0.226088,0.015918
2012-04-19,-0.198547,-0.212315,0.013768
2012-04-20,-0.193776,-0.202964,0.009188
2012-04-23,-0.211695,-0.210277,-0.001418
2012-04-24,-0.209039,-0.210631,0.001592
2012-04-25,-0.187178,-0.191896,0.004719
2012-04-26,-0.178593,-0.185539,0.006947
2012-04-27,-0.166498,-0.181754,0.015257
2012-05-02,-0.144476,-0.159497,0.015021
2012-05-03,-0.150684,-0.161815,0.011131
2012-05-04,-0.118819,-0.132038,0.013218
2012-05-07,-0.120735,-0.129307,0.008572
2012-05-08,-0.121900,-0.132082,0.010182
2012-05-09,-0.143611,-0.150890,0.007279
2012-05-10,-0.148578,-0.157303,0.008725
2012-05-11,-0.154574,-0.161576,0.007001
2012-05-14,-0.152134,-0.163857,0.011723
2012-05-15,-0.152011,-0.163269,0.011258
2012-05-16,-0.154208,-0.169591,0.015383
2012-05-17,-0.147847,-0.161131,0.013284
2012-05-18,-0.165775,-0.180099,0.014325
2012-05-21,-0.152469,-0.171185,0.018716
2012-05-22,-0.140657,-0.158275,0.017617
2012-05-23,-0.117461,-0.134341,0.016880
2012-05-24,-0.134890,-0.142409,0.007519
2012-05-25,-0.133822,-0.139529,0.005708
2012-05-28,-0.102269,-0.117645,0.015376
2012-05-29,-0.093330,-0.105443,0.012113
2012-05-30,-0.087257,-0.105686,0.018428
2012-05-31,-0.113380,-0.123109,0.009730
2012-06-01,-0.117463,-0.123552,0.006088
2012-06-04,-0.142932,-0.143091,0.000159
2012-06-05,-0.138140,-0.143155,0.005014
2012-06-06,-0.139962,-0.143637,0.003675
2012-06-07,-0.151618,-0.153808,0.002190
2012-06-08,-0.162892,-0.160976,-0.001916
2012-06-11,-0.144470,-0.136283,-0.008187
2012-06-12,-0.148969,-0.142390,-0.006579
2012-06-13,-0.134099,-0.125311,-0.008789
2012-06-14,-0.156705,-0.144691,-0.012015
2012-06-15,-0.143090,-0.133329,-0.009760
2012-06-18,-0.106353,-0.107515,0.001162
2012-06-19,-0.112590,-0.115326,0.002735
2012-06-20,-0.106587,-0.112105,0.005518
2012-06-21,-0.133501,-0.136428,0.002927
2012-06-25,-0.191007,-0.188590,-0.002417
2012-06-26,-0.195610,-0.189118,-0.006492
2012-06-27,-0.199268,-0.194069,-0.005199
2012-06-28,-0.214335,-0.202516,-0.011818
2012-06-29,-0.191189,-0.179510,-0.011679
2012-07-02,-0.201420,-0.191658,-0.009762
2012-07-03,-0.194379,-0.190517,-0.003862
2012-07-04,-0.213711,-0.210463,-0.003249
2012-07-05,-0.224862,-0.221659,-0.003203
2012-07-06,-0.218100,-0.205896,-0.012204
2012-07-09,-0.231504,-0.222933,-0.008570
2012-07-10,-0.234358,-0.225934,-0.008424
2012-07-11,-0.236107,-0.220878,-0.015229
2012-07-12,-0.220826,-0.198805,-0.022020
2012-07-13,-0.229783,-0.211065,-0.018718
2012-07-16,-0.249724,-0.233041,-0.016683
2012-07-17,-0.250066,-0.228416,-0.021649
2012-07-18,-0.252608,-0.226817,-0.025790
2012-07-19,-0.243794,-0.216731,-0.027063
2012-07-20,-0.250781,-0.224194,-0.026587
2012-07-23,-0.259843,-0.228997,-0.030846
2012-07-24,-0.256880,-0.225555,-0.031325
2012-07-25,-0.234939,-0.204902,-0.030037
2012-07-26,-0.240541,-0.211662,-0.028879
2012-07-27,-0.245866,-0.216976,-0.028889
2012-07-30,-0.231476,-0.214089,-0.017387
2012-07-31,-0.228593,-0.215055,-0.013538
2012-08-01,-0.227369,-0.207901,-0.019468
2012-08-02,-0.229146,-0.210223,-0.018923
2012-08-03,-0.224324,-0.203437,-0.020887
2012-08-06,-0.210420,-0.176643,-0.033776
2012-08-07,-0.209876,-0.175518,-0.034358
2012-08-08,-0.178946,-0.144637,-0.034309
2012-08-09,-0.171505,-0.138121,-0.033383
2012-08-10,-0.188548,-0.150266,-0.038281
2012-08-13,-0.212759,-0.182043,-0.030716
2012-08-14,-0.210665,-0.180272,-0.030393
2012-08-15,-0.233890,-0.200920,-0.032970
2012-08-16,-0.232931,-0.199446,-0.033485
2012-08-17,-0.231929,-0.198381,-0.033548
2012-08-20,-0.211789,-0.180175,-0.031614
2012-08-21,-0.208814,-0.175933,-0.032881
2012-08-22,-0.200411,-0.173591,-0.026820
2012-08-23,-0.211160,-0.183906,-0.027253
2012-08-24,-0.214369,-0.190155,-0.024214
2012-08-27,-0.242367,-0.231978,-0.010389
2012-08-28,-0.239955,-0.228459,-0.011496
2012-08-29,-0.241041,-0.223639,-0.017401
2012-08-30,-0.235048,-0.221825,-0.013223
2012-08-31,-0.236975,-0.225486,-0.011489
2012-09-03,-0.220328,-0.205246,-0.015082
2012-09-04,-0.224638,-0.213792,-0.010847
2012-09-05,-0.207425,-0.198242,-0.009183
2012-09-06,-0.188411,-0.185613,-0.002798
2012-09-07,-0.172737,-0.166209,-0.006528
2012-09-10,-0.160119,-0.154276,-0.005842
2012-09-11,-0.166109,-0.159649,-0.006460
2012-09-12,-0.164963,-0.156676,-0.008287
2012-09-13,-0.155208,-0.155065,-0.000144
2012-09-14,-0.147666,-0.152782,0.005116
2012-09-17,-0.167699,-0.173841,0.006142
2012-09-18,-0.177602,-0.182426,0.004823
2012-09-19,-0.165445,-0.161622,-0.003823
2012-09-20,-0.184560,-0.183616,-0.000944
2012-09-21,-0.209822,-0.206405,-0.003417
2012-09-24,-0.167347,-0.170056,0.002709
2012-09-25,-0.161889,-0.172067,0.010179
2012-09-26,-0.154752,-0.163172,0.008420
2012-09-27,-0.137383,-0.146390,0.009008
2012-09-28,-0.113524,-0.121612,0.008088
2012-10-08,-0.110384,-0.120596,0.010212
2012-10-09,-0.091276,-0.101183,0.009907
2012-10-10,-0.080408,-0.091104,0.010696
2012-10-11,-0.072942,-0.097751,0.024810
2012-10-12,-0.101049,-0.128643,0.027594
2012-10-15,-0.099948,-0.135249,0.035301
2012-10-16,-0.099120,-0.134005,0.034885
2012-10-17,-0.113891,-0.137292,0.023401
2012-10-18,-0.070878,-0.098808,0.027929
2012-10-19,-0.061943,-0.097020,0.035077
2012-10-22,-0.014056,-0.066307,0.052251
2012-10-23,-0.030436,-0.078074,0.047638
2012-10-24,-0.054855,-0.104356,0.049500
2012-10-25,-0.086624,-0.127290,0.040666
2012-10-26,-0.111860,-0.152260,0.040400
2012-10-29,-0.138551,-0.174665,0.036114
2012-10-30,-0.136147,-0.173177,0.037030
2012-10-31,-0.125685,-0.163428,0.037743
2012-11-01,-0.102792,-0.148154,0.045362
2012-11-02,-0.106565,-0.158847,0.052282
2012-11-05,-0.124701,-0.167117,0.042416
2012-11-06,-0.128672,-0.170616,0.041944
2012-11-07,-0.126180,-0.163998,0.037818
2012-11-08,-0.137109,-0.176815,0.039706
2012-11-09,-0.150136,-0.185609,0.035472
2012-11-12,-0.130074,-0.164434,0.034360
2012-11-13,-0.143768,-0.179058,0.035289
2012-11-14,-0.156685,-0.191655,0.034971
2012-11-15,-0.160876,-0.200774,0.039898
2012-11-16,-0.148479,-0.184591,0.036112
2012-11-19,-0.134066,-0.165552,0.031486
2012-11-20,-0.135533,-0.169430,0.033897
2012-11-21,-0.123739,-0.158942,0.035204
2012-11-22,-0.133775,-0.165523,0.031748
2012-11-23,-0.120335,-0.151443,0.031108
2012-11-26,-0.128479,-0.153453,0.024975
2012-11-27,-0.134545,-0.163165,0.028620
2012-11-28,-0.145172,-0.172602,0.027430
2012-11-29,-0.159876,-0.188950,0.029074
2012-11-30,-0.116205,-0.151440,0.035236
2012-12-03,-0.132702,-0.175364,0.042662
2012-12-04,-0.123299,-0.166519,0.043220
2012-12-05,-0.069290,-0.124340,0.055050
2012-12-06,-0.071173,-0.124284,0.053111
2012-12-07,-0.062113,-0.111331,0.049218
2012-12-10,-0.033403,-0.092836,0.059433
2012-12-11,-0.038593,-0.097849,0.059256
2012-12-12,-0.019747,-0.084724,0.064977
2012-12-13,-0.000711,-0.074028,0.073317
2012-12-14,0.061647,-0.017356,0.079003
2012-12-17,0.071379,-0.009803,0.081181
2012-12-18,0.066064,-0.009209,0.075273
2012-12-19,0.076969,-0.005578,0.082547
2012-12-20,0.084983,0.003260,0.081722
2012-12-21,0.103178,0.014061,0.089117
2012-12-24,0.078804,0.009351,0.069454
2012-12-25,0.108453,0.037827,0.070626
2012-12-26,0.128945,0.052198,0.076747
2012-12-27,0.147595,0.060541,0.087054
2012-12-28,0.162659,0.074578,0.088081
2012-12-31,0.165415,0.075545,0.089869
2013-01-04,0.201875,0.098166,0.103708
2013-01-07,0.217328,0.107129,0.110199
2013-01-08,0.211136,0.102475,0.108660
2013-01-09,0.164746,0.066521,0.098225
2013-01-10,0.112770,0.034004,0.078766
2013-01-11,0.094469,0.019552,0.074917
2013-01-14,0.156641,0.076598,0.080043
2013-01-15,0.160577,0.084170,0.076407
2013-01-16,0.193843,0.098668,0.095175
2013-01-17,0.116792,0.037454,0.079337
2013-01-18,0.153426,0.071526,0.081900
2013-01-21,0.110493,0.042654,0.067839
2013-01-22,0.105335,0.037063,0.068272
2013-01-23,0.114141,0.041280,0.072860
2013-01-24,0.109036,0.031417,0.077619
2013-01-25,0.096226,0.026988,0.069238
2013-01-28,0.123282,0.059011,0.064270
2013-01-29,0.134227,0.068600,0.065627
2013-01-30,0.158941,0.092652,0.066289
2013-01-31,0.144121,0.090339,0.053781
2013-02-01,0.198294,0.129408,0.068886
2013-02-04,0.165209,0.096541,0.068669
2013-02-05,0.176666,0.105978,0.070688
2013-02-06,0.172346,0.108421,0.063925
2013-02-07,0.187610,0.122834,0.064776
2013-02-08,0.145446,0.096308,0.049138
2013-02-18,0.116117,0.078980,0.037137
2013-02-19,0.096045,0.058540,0.037505
2013-02-20,0.105245,0.063734,0.041511
2013-02-21,0.064030,0.018771,0.045259
2013-02-22,0.045909,-0.000339,0.046247
2013-02-25,0.015782,-0.016261,0.032043
2013-02-26,0.001047,-0.030370,0.031416
2013-02-27,0.009488,-0.023297,0.032785
2013-02-28,0.038021,0.004083,0.033938
2013-03-01,0.036277,0.013477,0.022800
2013-03-04,-0.028614,-0.050080,0.021466
2013-03-05,-0.000519,-0.014981,0.014462
2013-03-06,0.034006,0.011121,0.022885
2013-03-07,0.040085,0.006327,0.033758
2013-03-08,0.022525,-0.010949,0.033474
2013-03-11,-0.007997,-0.026998,0.019000
2013-03-12,-0.023915,-0.037214,0.013298
2013-03-13,-0.040577,-0.057283,0.016707
2013-03-14,-0.014112,-0.027193,0.013081
2013-03-15,-0.010331,-0.017667,0.007336
2013-03-18,-0.039924,-0.046133,0.006209
2013-03-19,-0.029334,-0.039890,0.010556
2013-03-20,0.021659,0.009952,0.011707
2013-03-21,0.027166,0.010511,0.016655
2013-03-22,0.028173,0.013376,0.014797
2013-03-25,0.031853,0.023565,0.008288
2013-03-26,0.014570,0.007674,0.006896
2013-03-27,0.032957,0.014287,0.018671
2013-03-28,0.019160,0.009859,0.009301
2013-03-29,0.018026,0.021268,-0.003242
2013-04-01,0.017933,0.015597,0.002336
2013-04-02,0.007608,0.012827,-0.005219
2013-04-03,0.001293,0.011671,-0.010378
2013-04-08,-0.013101,-0.018862,0.005762
2013-04-09,-0.001979,-0.002292,0.000314
2013-04-10,-0.015898,-0.013684,-0.002215
2013-04-11,-0.017164,-0.016730,-0.000434
2013-04-12,-0.039388,-0.042145,0.002757
2013-04-15,-0.042874,-0.055661,0.012787
2013-04-16,-0.024950,-0.044463,0.019513
2013-04-17,-0.007670,-0.032814,0.025145
2013-04-18,-0.021333,-0.051948,0.030615
2013-04-19,0.011673,-0.023971,0.035644
2013-04-22,-0.001145,-0.036611,0.035465
2013-04-23,-0.027361,-0.060080,0.032719
2013-04-24,-0.006360,-0.041956,0.035596
2013-04-25,-0.026826,-0.060210,0.033384
2013-04-26,-0.034781,-0.069991,0.035210
2013-05-02,-0.042679,-0.087144,0.044465
2013-05-03,-0.021249,-0.073791,0.052542
2013-05-06,-0.022445,-0.069922,0.047477
2013-05-07,-0.021086,-0.069115,0.048029
2013-05-08,-0.012420,-0.061393,0.048973
2013-05-09,-0.007719,-0.048813,0.041093
2013-05-10,-0.003747,-0.043794,0.040047
2013-05-13,-0.007478,-0.040255,0.032777
2013-05-14,-0.013991,-0.046717,0.032726
2013-05-15,-0.009369,-0.042195,0.032826
2013-05-16,0.027829,-0.008522,0.036351
2013-05-17,0.031480,-0.008374,0.039854
2013-05-20,0.050719,0.013842,0.036877
2013-05-21,0.045183,0.010676,0.034507
2013-05-22,0.032193,-0.003616,0.035809
2013-05-23,0.031453,-0.013000,0.044453
2013-05-24,0.051371,0.000759,0.050612
2013-05-27,0.058704,0.010295,0.048409
2013-05-28,0.061866,0.011347,0.050519
2013-05-29,0.053182,-0.003127,0.056309
2013-05-30,0.052573,-0.003005,0.055578
2013-05-31,0.040171,-0.009730,0.049901
2013-06-03,0.032953,-0.011538,0.044492
2013-06-04,0.041587,0.002595,0.038993
2013-06-05,0.035190,0.000664,0.034526
2013-06-06,0.022689,-0.011555,0.034244
2013-06-07,0.010025,-0.022823,0.032848
2013-06-13,-0.018573,-0.070021,0.051449
2013-06-14,0.001742,-0.056104,0.057846
2013-06-17,-0.007773,-0.063943,0.056170
2013-06-18,-0.003198,-0.062939,0.059741
2013-06-19,-0.005082,-0.061693,0.056611
2013-06-20,-0.035640,-0.090550,0.054911
2013-06-21,-0.023033,-0.077542,0.054509
2013-06-24,-0.088326,-0.135730,0.047404
2013-06-25,-0.077222,-0.118501,0.041279
2013-06-26,-0.055897,-0.116753,0.060856
2013-06-27,-0.056391,-0.117056,0.060666
2013-06-28,-0.024949,-0.092793,0.067843
2013-07-01,-0.027436,-0.100865,0.073429
2013-07-02,-0.023423,-0.098676,0.075253
2013-07-03,-0.041478,-0.107299,0.065821
2013-07-04,-0.037403,-0.098559,0.061156
2013-07-05,-0.024774,-0.083740,0.058967
2013-07-08,-0.058002,-0.124965,0.066963
2013-07-09,-0.039518,-0.104870,0.065352
2013-07-10,-0.005410,-0.075888,0.070478
2013-07-11,0.034185,-0.040766,0.074951
2013-07-12,0.011892,-0.070967,0.082859
2013-07-15,0.025954,-0.058487,0.084441
2013-07-16,0.042910,-0.034121,0.077030
2013-07-17,0.024011,-0.054411,0.078423
2013-07-18,0.012745,-0.070003,0.082748
2013-07-19,-0.019115,-0.096456,0.077341
2013-07-22,-0.001475,-0.081832,0.080356
2013-07-23,0.047906,-0.042098,0.090004
2013-07-24,0.041557,-0.053384,0.094941
2013-07-25,0.035391,-0.051863,0.087254
2013-07-26,0.037070,-0.052601,0.089671
2013-07-29,0.010304,-0.073705,0.084008
2013-07-30,0.009644,-0.062677,0.072321
2013-07-31,0.009039,-0.059968,0.069006
2013-08-01,0.030838,-0.048032,0.078870
2013-08-02,0.041240,-0.037527,0.078767
2013-08-05,0.050706,-0.032038,0.082745
2013-08-06,0.050558,-0.038552,0.089110
2013-08-07,0.045461,-0.045314,0.090775
2013-08-08,0.040550,-0.047293,0.087843
2013-08-09,0.031702,-0.052117,0.083818
2013-08-12,0.067939,-0.019569,0.087508
2013-08-13,0.081408,0.003036,0.078372
2013-08-14,0.074829,-0.003369,0.078198
2013-08-15,0.068972,-0.004306,0.073278
2013-08-16,0.067710,-0.006695,0.074405
2013-08-19,0.093571,0.007759,0.085812
2013-08-20,0.088063,0.004640,0.083423
2013-08-21,0.074865,-0.002209,0.077073
2013-08-22,0.085274,0.003633,0.081641
2013-08-23,0.082108,-0.006633,0.088741
2013-08-26,0.109684,0.026339,0.083345
2013-08-27,0.123534,0.050570,0.072964
2013-08-28,0.105665,0.040051,0.065614
2013-08-29,0.115739,0.046731,0.069008
2013-08-30,0.108487,0.046369,0.062117
2013-09-02,0.114653,0.052370,0.062282
2013-09-03,0.132761,0.056602,0.076160
2013-09-04,0.135255,0.066362,0.068892
2013-09-05,0.140619,0.064485,0.076134
2013-09-06,0.137251,0.063107,0.074144
2013-09-09,0.126708,0.053267,0.073440
2013-09-10,0.137897,0.063705,0.074193
2013-09-11,0.144203,0.073965,0.070238
2013-09-12,0.148608,0.080769,0.067839
2013-09-13,0.149979,0.082855,0.067123
2013-09-16,0.133710,0.070329,0.063381
2013-09-17,0.141614,0.074649,0.066965
2013-09-18,0.153787,0.088255,0.065533
2013-09-23,0.215607,0.124249,0.091358
2013-09-24,0.211372,0.103077,0.108295
2013-09-25,0.191528,0.099034,0.092494
2013-09-26,0.202360,0.091332,0.111028
2013-09-27,0.171284,0.063618,0.107666
2013-09-30,0.158297,0.050556,0.107741
2013-10-08,0.182542,0.075664,0.106878
2013-10-09,0.164473,0.057505,0.106968
2013-10-10,0.161485,0.045264,0.116221
2013-10-11,0.180082,0.072086,0.107996
2013-10-14,0.177078,0.072904,0.104174
2013-10-15,0.171165,0.075238,0.095928
2013-10-16,0.150381,0.053612,0.096769
2013-10-17,0.152815,0.048909,0.103906
2013-10-18,0.139236,0.038513,0.100722
2013-10-21,0.169081,0.059529,0.109552
2013-10-22,0.150483,0.044542,0.105941
2013-10-23,0.151273,0.046023,0.105249
2013-10-24,0.140989,0.040181,0.100807
2013-10-25,0.123335,0.033746,0.089589
2013-10-28,0.129797,0.052511,0.077286
2013-10-29,0.131741,0.060916,0.070825
2013-10-30,0.143769,0.074821,0.068948
2013-10-31,0.108247,0.052731,0.055515
2013-11-01,0.089038,0.037896,0.051143
2013-11-04,0.083365,0.031941,0.051424
2013-11-05,0.091266,0.035575,0.055691
2013-11-06,0.078931,0.026769,0.052162
2013-11-07,0.066913,0.023187,0.043727
2013-11-08,0.074497,0.027852,0.046645
2013-11-11,0.099678,0.033455,0.066223
2013-11-12,0.105210,0.039146,0.066064
2013-11-13,0.102365,0.034207,0.068158
2013-11-14,0.111146,0.036611,0.074535
2013-11-15,0.138023,0.071621,0.066402
2013-11-18,0.168148,0.115587,0.052561
2013-11-19,0.169305,0.109044,0.060261
2013-11-20,0.175308,0.120085,0.055223
2013-11-21,0.150750,0.097995,0.052754
2013-11-22,0.153621,0.101219,0.052402
2013-11-25,0.140929,0.089366,0.051563
2013-11-26,0.155628,0.097362,0.058266
2013-11-27,0.178727,0.122680,0.056048
2013-11-28,0.205076,0.145771,0.059305
2013-11-29,0.219844,0.152792,0.067052
2013-12-02,0.163981,0.130455,0.033525
2013-12-03,0.201220,0.158347,0.042873
2013-12-04,0.201010,0.161236,0.039774
2013-12-05,0.157032,0.117905,0.039127
2013-12-06,0.152851,0.112856,0.039995
2013-12-09,0.143687,0.090846,0.052841
2013-12-10,0.130778,0.080258,0.050520
2013-12-11,0.127626,0.068302,0.059324
2013-12-12,0.128238,0.062727,0.065511
2013-12-13,0.139957,0.073128,0.066828
2013-12-16,0.069406,0.005115,0.064291
2013-12-17,0.065854,-0.004361,0.070214
2013-12-18,0.071678,-0.004599,0.076276
2013-12-19,0.057707,-0.016321,0.074028
2013-12-20,0.041121,-0.044733,0.085854
2013-12-23,0.054154,-0.036847,0.091000
2013-12-24,0.059434,-0.039043,0.098477
2013-12-25,0.041070,-0.058524,0.099594
2013-12-26,0.018647,-0.078242,0.096890
2013-12-27,0.036017,-0.057723,0.093740
2013-12-30,0.015661,-0.072817,0.088478
2013-12-31,0.000285,-0.076466,0.076751
2014-01-02,0.011566,-0.079657,0.091222
2014-01-03,0.005833,-0.092023,0.097856
2014-01-06,-0.020745,-0.113203,0.092457
2014-01-07,-0.020422,-0.117504,0.097083
2014-01-08,-0.010387,-0.112231,0.101844
2014-01-09,-0.020833,-0.120307,0.099474
2014-01-10,-0.032466,-0.128714,0.096248
2014-01-13,-0.021776,-0.116602,0.094826
2014-01-14,-0.051541,-0.141551,0.090010
2014-01-15,-0.048030,-0.149053,0.101023
2014-01-16,-0.044878,-0.141730,0.096852
2014-01-17,-0.056930,-0.146614,0.089684
2014-01-20,-0.088286,-0.165463,0.077177
2014-01-21,-0.078933,-0.162201,0.083268
2014-01-22,-0.051206,-0.135970,0.084764
2014-01-23,-0.056238,-0.144037,0.087798
2014-01-24,-0.049418,-0.130512,0.081094
2014-01-27,-0.058452,-0.138334,0.079882
2014-01-28,-0.083071,-0.162905,0.079834
2014-01-29,-0.091307,-0.167456,0.076149
2014-01-30,-0.109100,-0.180853,0.071752
2014-02-07,-0.122521,-0.198339,0.075818
2014-02-10,-0.094299,-0.181908,0.087609
2014-02-11,-0.092636,-0.175403,0.082767
2014-02-12,-0.088396,-0.173350,0.084954
2014-02-13,-0.098286,-0.177571,0.079285
2014-02-14,-0.091169,-0.171788,0.080619
2014-02-17,-0.091245,-0.165990,0.074746
2014-02-18,-0.078379,-0.166223,0.087844
2014-02-19,-0.052486,-0.140359,0.087873
2014-02-20,-0.069062,-0.153628,0.084566
2014-02-21,-0.045857,-0.132639,0.086782
2014-02-24,-0.061072,-0.147150,0.086078
2014-02-25,-0.093616,-0.171615,0.077999
2014-02-26,-0.082903,-0.157419,0.074517
2014-02-27,-0.112857,-0.169797,0.056940
2014-02-28,-0.121224,-0.184923,0.063699
2014-03-03,-0.107036,-0.179280,0.072244
2014-03-04,-0.070139,-0.141983,0.071844
2014-03-05,-0.106486,-0.174938,0.068452
2014-03-06,-0.122544,-0.179824,0.057280
2014-03-07,-0.105633,-0.172217,0.066584
2014-03-10,-0.116545,-0.195303,0.078757
2014-03-11,-0.099671,-0.186590,0.086919
2014-03-12,-0.083672,-0.172753,0.089080
2014-03-13,-0.061451,-0.153180,0.091728
2014-03-14,-0.072035,-0.162347,0.090312
2014-03-17,-0.061450,-0.156240,0.094791
2014-03-18,-0.062388,-0.145599,0.083211
2014-03-19,-0.090346,-0.160085,0.069739
2014-03-20,-0.146803,-0.200447,0.053644
2014-03-21,-0.126946,-0.174452,0.047506
2014-03-24,-0.131301,-0.168720,0.037419
2014-03-25,-0.120159,-0.167870,0.047711
2014-03-26,-0.102323,-0.156890,0.054568
2014-03-27,-0.128582,-0.165595,0.037013
2014-03-28,-0.109359,-0.138971,0.029612
2014-03-31,-0.106272,-0.139783,0.033511
2014-04-01,-0.104165,-0.132389,0.028224
2014-04-02,-0.099387,-0.122933,0.023547
2014-04-03,-0.092918,-0.128260,0.035342
2014-04-04,-0.076135,-0.120022,0.043887
2014-04-08,-0.057878,-0.095045,0.037167
2014-04-09,-0.056356,-0.100750,0.044394
2014-04-10,-0.042477,-0.085120,0.042643
2014-04-11,-0.042714,-0.083624,0.040910
2014-04-14,-0.033678,-0.078591,0.044913
2014-04-15,-0.041075,-0.085095,0.044019
2014-04-16,-0.057771,-0.092316,0.034546
2014-04-17,-0.064176,-0.095047,0.030870
2014-04-18,-0.069244,-0.097519,0.028275
2014-04-21,-0.108811,-0.136781,0.027970
2014-04-22,-0.114728,-0.131929,0.017201
2014-04-23,-0.092014,-0.104023,0.012008
2014-04-24,-0.121552,-0.122260,0.000708
2014-04-25,-0.122214,-0.121582,-0.000632
2014-04-28,-0.132897,-0.127626,-0.005271
2014-04-29,-0.116306,-0.118023,0.001717
2014-04-30,-0.105582,-0.117946,0.012364
2014-05-05,-0.131622,-0.134959,0.003337
2014-05-06,-0.138071,-0.145943,0.007872
2014-05-07,-0.155059,-0.155189,0.000130
2014-05-08,-0.166259,-0.160178,-0.006081
2014-05-09,-0.163104,-0.155820,-0.007284
2014-05-12,-0.148085,-0.141996,-0.006089
2014-05-13,-0.138673,-0.140637,0.001964
2014-05-14,-0.124703,-0.128731,0.004028
2014-05-15,-0.142878,-0.144739,0.001861
2014-05-16,-0.161106,-0.159344,-0.001762
2014-05-19,-0.183038,-0.183990,0.000951
2014-05-20,-0.187912,-0.189239,0.001327
2014-05-21,-0.184043,-0.183162,-0.000881
2014-05-22,-0.186832,-0.186079,-0.000753
2014-05-23,-0.173962,-0.168202,-0.005760
2014-05-26,-0.177034,-0.169893,-0.007141
2014-05-27,-0.182071,-0.173993,-0.008078
2014-05-28,-0.186391,-0.179631,-0.006760
2014-05-29,-0.193168,-0.184442,-0.008726
2014-05-30,-0.191096,-0.181398,-0.009698
2014-06-03,-0.181055,-0.173940,-0.007115
2014-06-04,-0.175408,-0.170482,-0.004926
2014-06-05,-0.168054,-0.160099,-0.007955
2014-06-06,-0.158679,-0.155520,-0.003160
2014-06-09,-0.150052,-0.140844,-0.009207
2014-06-10,-0.136302,-0.129980,-0.006322
2014-06-11,-0.134792,-0.130181,-0.004612
2014-06-12,-0.134895,-0.133144,-0.001751
2014-06-13,-0.104101,-0.093211,-0.010891
2014-06-16,-0.110473,-0.093062,-0.017411
2014-06-17,-0.113214,-0.097415,-0.015799
2014-06-18,-0.127427,-0.106878,-0.020550
2014-06-19,-0.136833,-0.114072,-0.022761
2014-06-20,-0.103757,-0.079579,-0.024178
2014-06-23,-0.104233,-0.079089,-0.025144
2014-06-24,-0.032671,-0.012155,-0.020517
2014-06-25,-0.033769,-0.014801,-0.018968
2014-06-26,-0.042416,-0.008864,-0.033552
2014-06-27,-0.039107,-0.004850,-0.034257
2014-06-30,-0.052372,-0.016141,-0.036231
2014-07-01,-0.065266,-0.022030,-0.043236
2014-07-02,-0.075315,-0.023002,-0.052313
2014-07-03,-0.064234,-0.010727,-0.053507
2014-07-04,-0.074513,-0.019478,-0.055035
2014-07-07,-0.084400,-0.022705,-0.061695
2014-07-08,-0.062728,0.007788,-0.070515
2014-07-09,-0.078865,-0.006455,-0.072410
2014-07-10,-0.118999,-0.036519,-0.082480
2014-07-11,-0.155894,-0.076796,-0.079098
2014-07-14,-0.133975,-0.045535,-0.088440
2014-07-15,-0.148223,-0.057348,-0.090875
2014-07-16,-0.158840,-0.063412,-0.095428
2014-07-17,-0.149123,-0.055094,-0.094029
2014-07-18,-0.130991,-0.036159,-0.094832
2014-07-21,-0.093146,-0.011039,-0.082107
2014-07-22,-0.093215,-0.004309,-0.088905
2014-07-23,-0.130648,-0.030020,-0.100628
2014-07-24,-0.125032,-0.005393,-0.119639
2014-07-25,-0.108746,0.010176,-0.118922
2014-07-28,-0.087941,0.044914,-0.132855
2014-07-29,-0.055272,0.071416,-0.126689
2014-07-30,-0.050130,0.060574,-0.110703
2014-07-31,-0.045550,0.071696,-0.117245
2014-08-01,-0.076342,0.037428,-0.113770
2014-08-04,-0.070325,0.057118,-0.127444
2014-08-05,-0.083100,0.039950,-0.123051
2014-08-06,-0.091039,0.030336,-0.121375
2014-08-07,-0.099204,0.020538,-0.119742
2014-08-08,-0.093262,0.023871,-0.117133
2014-08-11,-0.085986,0.034707,-0.120693
2014-08-12,-0.107949,0.001811,-0.109760
2014-08-13,-0.112462,-0.000072,-0.112390
2014-08-14,-0.117455,-0.005589,-0.111866
2014-08-15,-0.092534,0.016825,-0.109358
2014-08-18,-0.075589,0.030562,-0.106151
2014-08-19,-0.089266,0.018589,-0.107856
2014-08-20,-0.083753,0.023209,-0.106962
2014-08-21,-0.074279,0.019774,-0.094052
2014-08-22,-0.071641,0.026663,-0.098304
2014-08-25,-0.074782,0.024456,-0.099239
2014-08-26,-0.101944,-0.004937,-0.097007
2014-08-27,-0.097530,-0.005673,-0.091857
2014-08-28,-0.091459,-0.007208,-0.084251
2014-08-29,-0.076961,0.008618,-0.085579
2014-09-01,-0.060908,0.017896,-0.078804
2014-09-02,-0.054348,0.028496,-0.082844
2014-09-03,-0.064195,0.023079,-0.087274
2014-09-04,-0.055183,0.032127,-0.087310
2014-09-05,-0.037873,0.045915,-0.083788
2014-09-09,-0.068169,0.001889,-0.070058
2014-09-10,-0.079098,-0.017156,-0.061942
2014-09-11,-0.081016,-0.023940,-0.057076
2014-09-12,-0.082888,-0.027558,-0.055330
2014-09-15,-0.075935,-0.020776,-0.055158
2014-09-16,-0.098235,-0.036161,-0.062074
2014-09-17,-0.082779,-0.010707,-0.072072
2014-09-18,-0.076263,-0.009805,-0.066458
2014-09-19,-0.068707,-0.003001,-0.065706
2014-09-22,-0.086063,-0.022031,-0.064032
2014-09-23,-0.108081,-0.029459,-0.078622
2014-09-24,-0.100358,-0.000831,-0.099527
2014-09-25,-0.091623,0.003269,-0.094892
2014-09-26,-0.089207,0.022127,-0.111334
2014-09-29,-0.085846,0.022059,-0.107904
2014-09-30,-0.090505,0.017414,-0.107918
2014-10-08,-0.088702,0.014977,-0.103678
2014-10-09,-0.098297,0.011567,-0.109864
2014-10-10,-0.102803,0.015424,-0.118228
2014-10-13,-0.112735,-0.005493,-0.107242
2014-10-14,-0.112429,-0.010507,-0.101922
2014-10-15,-0.104076,-0.001479,-0.102597
2014-10-16,-0.092903,0.009511,-0.102414
2014-10-17,-0.088876,0.011768,-0.100644
2014-10-20,-0.085641,0.011813,-0.097455
2014-10-21,-0.116024,-0.015348,-0.100676
2014-10-22,-0.105870,-0.011141,-0.094729
2014-10-23,-0.096391,-0.009324,-0.087067
2014-10-24,-0.086841,-0.004082,-0.082759
2014-10-27,-0.076141,0.000114,-0.076255
2014-10-28,-0.051232,0.021429,-0.072661
2014-10-29,-0.032626,0.033444,-0.066069
2014-10-30,-0.035515,0.025529,-0.061044
2014-10-31,0.003346,0.056708,-0.053363
2014-11-03,-0.003394,0.053498,-0.056892
2014-11-04,-0.008770,0.055754,-0.064525
2014-11-05,-0.011518,0.050206,-0.061724
2014-11-06,0.007799,0.064795,-0.056996
2014-11-07,0.022062,0.069044,-0.046982
2014-11-10,0.054753,0.111692,-0.056939
2014-11-11,0.032763,0.104806,-0.072044
2014-11-12,0.042073,0.108684,-0.066611
2014-11-13,0.057321,0.127454,-0.070133
2014-11-14,0.043795,0.120022,-0.076226
2014-11-17,0.024931,0.092044,-0.067112
2014-11-18,0.007679,0.046325,-0.038647
2014-11-19,0.014822,0.051846,-0.037024
2014-11-20,0.014381,0.046292,-0.031911
2014-11-21,0.036322,0.071980,-0.035658
2014-11-24,0.066247,0.104797,-0.038550
2014-11-25,0.079631,0.124310,-0.044679
2014-11-26,0.090372,0.140570,-0.050198
2014-11-27,0.084263,0.140821,-0.056558
2014-11-28,0.093185,0.151378,-0.058192
2014-12-01,0.086649,0.156162,-0.069514
2014-12-02,0.166971,0.208844,-0.041874
2014-12-03,0.156870,0.214825,-0.057955
2014-12-04,0.197800,0.254212,-0.056412
2014-12-05,0.216985,0.266060,-0.049075
2014-12-08,0.271771,0.326466,-0.054695
2014-12-09,0.183990,0.267676,-0.083686
2014-12-10,0.227994,0.313139,-0.085145
2014-12-11,0.221121,0.319240,-0.098119
2014-12-12,0.214066,0.324981,-0.110915
2014-12-15,0.214426,0.336814,-0.122388
2014-12-16,0.271967,0.395064,-0.123097
2014-12-17,0.301687,0.426171,-0.124484
2014-12-18,0.291488,0.419433,-0.127945
2014-12-19,0.325377,0.450504,-0.125127
2014-12-22,0.344061,0.490023,-0.145961
2014-12-23,0.302850,0.455362,-0.152512
2014-12-24,0.250974,0.411729,-0.160755
2014-12-25,0.281081,0.446968,-0.165887
2014-12-26,0.350452,0.521121,-0.170669
2014-12-29,0.339559,0.500104,-0.160545
2014-12-30,0.346205,0.503636,-0.157431
2014-12-31,0.372952,0.516594,-0.143642
2015-01-05,0.411246,0.589651,-0.178405
2015-01-06,0.441651,0.626461,-0.184810
2015-01-07,0.436281,0.628146,-0.191864
2015-01-08,0.403576,0.587602,-0.184026
2015-01-09,0.415535,0.596026,-0.180491
2015-01-12,0.435133,0.593569,-0.158436
2015-01-13,0.449812,0.601893,-0.152080
2015-01-14,0.433660,0.582764,-0.149104
2015-01-15,0.472144,0.631606,-0.159462
2015-01-16,0.501701,0.643496,-0.141795
2015-01-19,0.408876,0.540131,-0.131255
2015-01-20,0.453313,0.567976,-0.114663
2015-01-21,0.514059,0.622416,-0.108358
2015-01-22,0.477600,0.589986,-0.112386
2015-01-23,0.480320,0.600316,-0.119996
2015-01-26,0.489095,0.606636,-0.117541
2015-01-27,0.507932,0.613294,-0.105362
2015-01-28,0.486382,0.588082,-0.101700
2015-01-29,0.466599,0.562901,-0.096302
2015-01-30,0.454421,0.559350,-0.104929
2015-02-02,0.412077,0.522831,-0.110754
2015-02-03,0.451408,0.560739,-0.109331
2015-02-04,0.436073,0.544539,-0.108466
2015-02-05,0.414296,0.528729,-0.114434
2015-02-06,0.387790,0.503971,-0.116181
2015-02-09,0.395639,0.512294,-0.116654
2015-02-10,0.378681,0.502489,-0.123808
2015-02-11,0.384634,0.502529,-0.117895
2015-02-12,0.387239,0.502616,-0.115377
2015-02-13,0.410126,0.522156,-0.112030
2015-02-16,0.408926,0.524443,-0.115516
2015-02-17,0.424305,0.523725,-0.099421
2015-02-25,0.512423,0.612083,-0.099660
2015-02-26,0.553186,0.648462,-0.095277
2015-02-27,0.584342,0.658615,-0.074273
2015-03-02,0.562246,0.652740,-0.090493
2015-03-03,0.500969,0.601510,-0.100541
2015-03-04,0.526707,0.616476,-0.089769
2015-03-05,0.529883,0.615699,-0.085816
2015-03-06,0.530739,0.600328,-0.069589
2015-03-09,0.546616,0.631533,-0.084917
2015-03-10,0.562853,0.678247,-0.115394
2015-03-11,0.547046,0.671512,-0.124465
2015-03-12,0.579580,0.699441,-0.119861
2015-03-13,0.563902,0.690235,-0.126333
2015-03-16,0.616568,0.745619,-0.129051
2015-03-17,0.618312,0.753173,-0.134861
2015-03-18,0.663160,0.798796,-0.135636
2015-03-19,0.690937,0.810455,-0.119518
2015-03-20,0.749865,0.865178,-0.115312
2015-03-23,0.746449,0.839939,-0.093490
2015-03-24,0.761260,0.825389,-0.064129
2015-03-25,0.717143,0.812149,-0.095006
2015-03-26,0.699994,0.819396,-0.119402
2015-03-27,0.742626,0.842409,-0.099784
2015-03-30,0.826727,0.899738,-0.073011
2015-03-31,0.811721,0.887519,-0.075798
2015-04-01,0.829655,0.906459,-0.076804
2015-04-02,0.826051,0.891468,-0.065416
2015-04-03,0.843214,0.926338,-0.083123
2015-04-07,0.846417,0.949256,-0.102839
2015-04-08,0.845504,0.920065,-0.074561
2015-04-09,0.821953,0.903914,-0.081961
2015-04-10,0.832542,0.910677,-0.078134
2015-04-13,0.871330,0.947033,-0.075703
2015-04-14,0.895560,0.956343,-0.060783
2015-04-15,0.908773,0.964830,-0.056057
2015-04-16,0.972510,1.021720,-0.049210
2015-04-17,1.046458,1.065867,-0.019408
2015-04-20,1.045340,1.032799,0.012542
2015-04-21,1.069518,1.111857,-0.042339
2015-04-22,1.139973,1.157597,-0.017625
2015-04-23,1.148738,1.160184,-0.011445
2015-04-24,1.161763,1.146863,0.014899
2015-04-27,1.269860,1.217697,0.052163
2015-04-28,1.314709,1.221043,0.093666
2015-04-29,1.258190,1.211905,0.046285
2015-04-30,1.217744,1.200388,0.017355
2015-05-04,1.238027,1.217922,0.020105
2015-05-05,1.141696,1.131650,0.010045
2015-05-06,1.104087,1.110632,-0.006545
2015-05-07,1.069936,1.091446,-0.021510
2015-05-08,1.122650,1.134582,-0.011932
2015-05-11,1.203567,1.198092,0.005476
2015-05-12,1.190312,1.177666,0.012646
2015-05-13,1.158428,1.169547,-0.011120
2015-05-14,1.150321,1.163895,-0.013574
2015-05-15,1.148807,1.153590,-0.004784
2015-05-18,1.109557,1.131988,-0.022431
2015-05-19,1.208114,1.236835,-0.028721
2015-05-20,1.208473,1.247371,-0.038898
2015-05-21,1.208251,1.266472,-0.058221
2015-05-22,1.272492,1.323624,-0.051131
2015-05-25,1.339306,1.373616,-0.034310
2015-05-26,1.360275,1.411395,-0.051120
2015-05-27,1.348454,1.413020,-0.064566
2015-05-28,1.143519,1.228322,-0.084803
2015-05-29,1.131358,1.246158,-0.114800
2015-06-01,1.232935,1.353941,-0.121006
2015-06-02,1.262888,1.393678,-0.130790
2015-06-03,1.294931,1.392456,-0.097526
2015-06-04,1.327549,1.434569,-0.107020
2015-06-05,1.356082,1.432135,-0.076054
2015-06-08,1.446987,1.507940,-0.060954
2015-06-09,1.423157,1.491454,-0.068297
2015-06-10,1.341697,1.456477,-0.114780
2015-06-11,1.323754,1.455879,-0.132125
2015-06-12,1.315121,1.477522,-0.162401
2015-06-15,1.252945,1.399170,-0.146226
2015-06-16,1.156678,1.310741,-0.154063
2015-06-17,1.215500,1.368485,-0.152984
2015-06-18,1.130811,1.282408,-0.151597
2015-06-19,1.037594,1.180182,-0.142587
2015-06-23,1.110500,1.242663,-0.132163
2015-06-24,1.124861,1.275310,-0.150449
2015-06-25,1.061249,1.206143,-0.144895
2015-06-26,0.887383,1.017696,-0.130313
2015-06-29,0.818933,0.949322,-0.130389
2015-06-30,0.930320,1.065936,-0.135616
2015-07-01,0.822126,0.964843,-0.142717
2015-07-02,0.770207,0.892329,-0.122121
2015-07-03,0.659373,0.782377,-0.123004
2015-07-06,0.743516,0.835287,-0.091771
2015-07-07,0.793045,0.804907,-0.011861
2015-07-08,0.702405,0.679931,0.022474
2015-07-09,0.853776,0.813940,0.039836
2015-07-10,0.984697,0.916401,0.068296
2015-07-13,0.994200,0.960796,0.033403
2015-07-14,0.899471,0.893464,0.006007
2015-07-15,0.834976,0.823814,0.011162
2015-07-16,0.856063,0.841363,0.014700
2015-07-17,0.933619,0.924601,0.009018
2015-07-20,0.936195,0.922523,0.013672
2015-07-21,0.937097,0.923099,0.013997
2015-07-22,0.897402,0.895909,0.001493
2015-07-23,0.953821,0.934094,0.019727
2015-07-24,0.906194,0.866894,0.039299
2015-07-27,0.721755,0.689367,0.032388
2015-07-28,0.662393,0.639954,0.022439
2015-07-29,0.695892,0.685867,0.010025
2015-07-30,0.630693,0.643150,-0.012457
2015-07-31,0.608500,0.623955,-0.015455
2015-08-03,0.611402,0.643874,-0.032472
2015-08-04,0.646984,0.661949,-0.014965
2015-08-05,0.610910,0.632051,-0.021141
2015-08-06,0.586512,0.621453,-0.034941
2015-08-07,0.639338,0.678628,-0.039290
2015-08-10,0.728071,0.752094,-0.024023
2015-08-11,0.690901,0.719268,-0.028367
2015-08-12,0.675206,0.703880,-0.028674
2015-08-13,0.703746,0.727695,-0.023949
2015-08-14,0.716027,0.743847,-0.027820
2015-08-17,0.690449,0.727443,-0.036994
2015-08-18,0.558684,0.610997,-0.052313
2015-08-19,0.570524,0.636428,-0.065904
2015-08-20,0.518011,0.589699,-0.071688
2015-08-21,0.444115,0.524713,-0.080598
2015-08-24,0.314934,0.384791,-0.069857
2015-08-25,0.226554,0.298810,-0.072256
2015-08-26,0.215767,0.301882,-0.086114
2015-08-27,0.295510,0.377230,-0.081720
2015-08-28,0.366570,0.446077,-0.079507
2015-08-31,0.370181,0.439744,-0.069564
2015-09-01,0.363149,0.427441,-0.064292
2015-09-02,0.367787,0.410386,-0.042599
2015-09-07,0.271427,0.327131,-0.055705
2015-09-08,0.297946,0.361236,-0.063289
2015-09-09,0.318542,0.390186,-0.071644
2015-09-10,0.305736,0.380332,-0.074596
2015-09-11,0.306255,0.381167,-0.074912
2015-09-14,0.289427,0.345630,-0.056203
2015-09-15,0.245688,0.293387,-0.047699
2015-09-16,0.339565,0.385336,-0.045771
2015-09-17,0.313044,0.348003,-0.034959
2015-09-18,0.307215,0.349825,-0.042610
2015-09-21,0.324034,0.364109,-0.040074
2015-09-22,0.360064,0.403591,-0.043527
2015-09-23,0.312371,0.359902,-0.047531
2015-09-24,0.302760,0.345286,-0.042526
2015-09-25,0.265887,0.326217,-0.060330
2015-09-28,0.266673,0.330523,-0.063849
2015-09-29,0.225255,0.298656,-0.073401
2015-09-30,0.233634,0.306798,-0.073164
2015-10-08,0.256966,0.330095,-0.073129
2015-10-09,0.273328,0.345759,-0.072431
2015-10-12,0.328870,0.397642,-0.068773
2015-10-13,0.336334,0.403304,-0.066970
2015-10-14,0.329593,0.392204,-0.062610
2015-10-15,0.347031,0.415180,-0.068149
2015-10-16,0.382074,0.445782,-0.063708
2015-10-19,0.382355,0.447408,-0.065053
2015-10-20,0.414594,0.457484,-0.042890
2015-10-21,0.387395,0.427330,-0.039935
2015-10-22,0.418573,0.457236,-0.038663
2015-10-23,0.427265,0.490538,-0.063273
2015-10-26,0.427488,0.501336,-0.073849
2015-10-27,0.442529,0.516732,-0.074202
2015-10-28,0.390307,0.458598,-0.068291
2015-10-29,0.371089,0.441355,-0.070266
2015-10-30,0.356142,0.431422,-0.075279
2015-11-02,0.317448,0.385767,-0.068319
2015-11-03,0.312984,0.379272,-0.066288
2015-11-04,0.372800,0.443810,-0.071010
2015-11-05,0.416551,0.480345,-0.063794
2015-11-06,0.429868,0.513673,-0.083805
2015-11-09,0.440245,0.534820,-0.094575
2015-11-10,0.397907,0.494015,-0.096109
2015-11-11,0.406392,0.498333,-0.091941
2015-11-12,0.376088,0.462934,-0.086846
2015-11-13,0.361846,0.452172,-0.090326
2015-11-16,0.364237,0.458349,-0.094112
2015-11-17,0.366976,0.464061,-0.097085
2015-11-18,0.344878,0.462009,-0.117132
2015-11-19,0.368079,0.487837,-0.119758
2015-11-20,0.364744,0.487675,-0.122931
2015-11-23,0.348480,0.452835,-0.104354
2015-11-24,0.311370,0.416958,-0.105588
2015-11-25,0.301119,0.408127,-0.107009
2015-11-26,0.274103,0.380610,-0.106508
2015-11-27,0.190284,0.291342,-0.101059
2015-11-30,0.158927,0.269718,-0.110791
2015-12-01,0.169384,0.273738,-0.104354
2015-12-02,0.148606,0.272923,-0.124317
2015-12-03,0.140503,0.263433,-0.122930
2015-12-04,0.073282,0.184657,-0.111375
2015-12-07,0.067209,0.180077,-0.112868
2015-12-08,0.009263,0.113788,-0.104526
2015-12-09,0.072163,0.170275,-0.098112
2015-12-10,0.027428,0.124639,-0.097211
2015-12-11,0.034275,0.133537,-0.099262
2015-12-14,0.062933,0.162246,-0.099314
2015-12-15,0.052216,0.148314,-0.096097
2015-12-16,0.018557,0.115651,-0.097093
2015-12-17,0.017719,0.117625,-0.099906
2015-12-18,0.026170,0.126117,-0.099947
2015-12-21,0.023797,0.142703,-0.118907
2015-12-22,0.019203,0.142069,-0.122866
2015-12-23,0.035806,0.162849,-0.127043
2015-12-24,0.059699,0.185430,-0.125730
2015-12-25,0.026225,0.150740,-0.124515
2015-12-28,-0.038037,0.081777,-0.119814
2015-12-29,-0.038063,0.088674,-0.126737
2015-12-30,-0.043175,0.088973,-0.132148
2015-12-31,-0.074770,0.055831,-0.130601
2016-01-04,-0.146905,-0.018292,-0.128612
2016-01-05,-0.182635,-0.044695,-0.137940
2016-01-06,-0.158629,-0.027808,-0.130821
2016-01-07,-0.220864,-0.095892,-0.124972
2016-01-08,-0.191232,-0.055545,-0.135687
2016-01-11,-0.219036,-0.099887,-0.119149
2016-01-12,-0.211010,-0.084777,-0.126234
2016-01-13,-0.240918,-0.101923,-0.138996
2016-01-14,-0.221915,-0.080187,-0.141727
2016-01-15,-0.279887,-0.134676,-0.145210
2016-01-18,-0.279530,-0.138762,-0.140768
2016-01-19,-0.178146,-0.039351,-0.138794
2016-01-20,-0.191362,-0.065320,-0.126042
2016-01-21,-0.264859,-0.131743,-0.133116
2016-01-22,-0.255367,-0.127298,-0.128069
2016-01-25,-0.259208,-0.123985,-0.135223
2016-01-26,-0.312148,-0.185001,-0.127148
2016-01-27,-0.311784,-0.180306,-0.131479
2016-01-28,-0.331939,-0.190496,-0.141443
2016-01-29,-0.298031,-0.153860,-0.144171
2016-02-01,-0.299980,-0.155294,-0.144686
2016-02-02,-0.262732,-0.117065,-0.145667
2016-02-03,-0.284889,-0.142201,-0.142688
2016-02-04,-0.267080,-0.122586,-0.144494
2016-02-05,-0.261288,-0.119740,-0.141547
2016-02-15,-0.290387,-0.150762,-0.139624
2016-02-16,-0.270420,-0.132145,-0.138275
2016-02-17,-0.262711,-0.130312,-0.132399
2016-02-18,-0.267644,-0.133043,-0.134601
2016-02-19,-0.268816,-0.133642,-0.135174
2016-02-22,-0.255255,-0.114541,-0.140714
2016-02-23,-0.265251,-0.122919,-0.142332
2016-02-24,-0.253544,-0.117187,-0.136357
2016-02-25,-0.306274,-0.160973,-0.145301
2016-02-26,-0.319943,-0.173365,-0.146578
2016-02-29,-0.344022,-0.194627,-0.149396
2016-03-01,-0.330287,-0.179731,-0.150556
2016-03-02,-0.301621,-0.152707,-0.148913
2016-03-03,-0.280599,-0.128134,-0.152466
2016-03-04,-0.283847,-0.123747,-0.160100
2016-03-07,-0.266985,-0.107425,-0.159560
2016-03-08,-0.265312,-0.106611,-0.158701
2016-03-09,-0.287757,-0.131677,-0.156080
2016-03-10,-0.302051,-0.144140,-0.157912
2016-03-11,-0.302070,-0.143665,-0.158405
2016-03-14,-0.305885,-0.152577,-0.153308
2016-03-15,-0.306975,-0.150064,-0.156911
2016-03-16,-0.321562,-0.166135,-0.155427
2016-03-17,-0.319467,-0.168459,-0.151008
2016-03-18,-0.319509,-0.175270,-0.144238
2016-03-21,-0.311678,-0.165220,-0.146458
2016-03-22,-0.313622,-0.171296,-0.142326
2016-03-23,-0.328957,-0.185287,-0.143670
2016-03-24,-0.338274,-0.199142,-0.139133
2016-03-25,-0.327360,-0.188455,-0.138905
2016-03-28,-0.331467,-0.201921,-0.129545
2016-03-29,-0.338408,-0.210562,-0.127846
2016-03-30,-0.348699,-0.213273,-0.135425
2016-03-31,-0.340518,-0.205645,-0.134873
2016-04-01,-0.352896,-0.218727,-0.134169
2016-04-05,-0.345712,-0.217250,-0.128462
2016-04-06,-0.344096,-0.218919,-0.125177
2016-04-07,-0.365133,-0.246653,-0.118480
2016-04-08,-0.384048,-0.258408,-0.125640
2016-04-11,-0.384337,-0.256495,-0.127843
2016-04-12,-0.387162,-0.259176,-0.127985
2016-04-13,-0.396680,-0.262310,-0.134371
2016-04-14,-0.403864,-0.261898,-0.141966
2016-04-15,-0.402238,-0.253007,-0.149231
2016-04-18,-0.445533,-0.297574,-0.147960
2016-04-19,-0.444432,-0.295431,-0.149002
2016-04-20,-0.448345,-0.296531,-0.151813
2016-04-21,-0.453535,-0.315763,-0.137772
2016-04-22,-0.462093,-0.330163,-0.131930
2016-04-25,-0.461779,-0.327605,-0.134174
2016-04-26,-0.459488,-0.323963,-0.135526
2016-04-27,-0.477342,-0.341475,-0.135868
2016-04-28,-0.476180,-0.333473,-0.142708
2016-04-29,-0.472898,-0.338808,-0.134090
2016-05-03,-0.458637,-0.323450,-0.135188
2016-05-04,-0.463897,-0.329650,-0.134247
2016-05-05,-0.440961,-0.300841,-0.140120
2016-05-06,-0.444100,-0.312514,-0.131586
2016-05-09,-0.440939,-0.327479,-0.113460
2016-05-10,-0.439335,-0.326713,-0.112621
2016-05-11,-0.452510,-0.342759,-0.109752
2016-05-12,-0.460189,-0.349091,-0.111098
2016-05-13,-0.457474,-0.348314,-0.109160
2016-05-16,-0.442819,-0.329652,-0.113167
2016-05-17,-0.444210,-0.331664,-0.112546
2016-05-18,-0.437144,-0.329411,-0.107734
2016-05-19,-0.457805,-0.352704,-0.105101
2016-05-20,-0.455279,-0.352624,-0.102655
2016-05-23,-0.471436,-0.376488,-0.094948
2016-05-24,-0.474075,-0.381266,-0.092808
2016-05-25,-0.495519,-0.400092,-0.095426
2016-05-26,-0.502712,-0.410606,-0.092105
2016-05-27,-0.498369,-0.408947,-0.089422
2016-05-30,-0.449622,-0.366491,-0.083131
2016-05-31,-0.434246,-0.345245,-0.089001
2016-06-01,-0.459211,-0.377376,-0.081834
2016-06-02,-0.465015,-0.386443,-0.078572
2016-06-03,-0.462855,-0.379941,-0.082914
2016-06-06,-0.477866,-0.392265,-0.085602
2016-06-07,-0.477645,-0.392597,-0.085048
2016-06-08,-0.498337,-0.409014,-0.089323
2016-06-13,-0.487334,-0.425254,-0.062080
2016-06-14,-0.485854,-0.423447,-0.062407
2016-06-15,-0.468369,-0.403128,-0.065241
2016-06-16,-0.452197,-0.388987,-0.063209
2016-06-17,-0.458847,-0.394734,-0.064113
2016-06-20,-0.396101,-0.328739,-0.067362
2016-06-21,-0.398540,-0.330109,-0.068431
2016-06-22,-0.393908,-0.324148,-0.069760
2016-06-23,-0.421580,-0.348671,-0.072909
2016-06-24,-0.437031,-0.369451,-0.067580
2016-06-27,-0.357442,-0.280350,-0.077092
2016-06-28,-0.352098,-0.276692,-0.075406
2016-06-29,-0.329302,-0.248156,-0.081146
2016-06-30,-0.372710,-0.294898,-0.077812
2016-07-01,-0.335335,-0.258362,-0.076973
2016-07-04,-0.265287,-0.175305,-0.089983
2016-07-05,-0.269966,-0.174615,-0.095351
2016-07-06,-0.294617,-0.195506,-0.099111
2016-07-07,-0.311375,-0.182803,-0.128572
2016-07-08,-0.280326,-0.128516,-0.151810
2016-07-11,-0.360065,-0.219948,-0.140117
2016-07-12,-0.346729,-0.202939,-0.143790
2016-07-13,-0.351898,-0.220556,-0.131342
2016-07-14,-0.328373,-0.203152,-0.125222
2016-07-15,-0.305946,-0.174066,-0.131880
2016-07-18,-0.334398,-0.214255,-0.120143
2016-07-19,-0.340728,-0.217577,-0.123152
2016-07-20,-0.344768,-0.221842,-0.122925
2016-07-21,-0.349998,-0.219272,-0.130726
2016-07-22,-0.345922,-0.224192,-0.121730
2016-07-25,-0.344334,-0.226371,-0.117963
2016-07-26,-0.335566,-0.217105,-0.118462
2016-07-27,-0.284367,-0.157249,-0.127118
2016-07-28,-0.268261,-0.154798,-0.113463
2016-07-29,-0.296537,-0.184829,-0.111707
2016-08-01,-0.275717,-0.167655,-0.108062
2016-08-02,-0.273593,-0.164448,-0.109145
2016-08-03,-0.267756,-0.166020,-0.101736
2016-08-04,-0.285714,-0.189169,-0.096545
2016-08-05,-0.268783,-0.171142,-0.097641
2016-08-08,-0.264309,-0.172196,-0.092113
2016-08-09,-0.259043,-0.166360,-0.092682
2016-08-10,-0.304905,-0.205912,-0.098992
2016-08-11,-0.300199,-0.204912,-0.095287
2016-08-12,-0.278572,-0.179750,-0.098822
2016-08-15,-0.266337,-0.166960,-0.099377
2016-08-16,-0.263331,-0.170684,-0.092647
2016-08-17,-0.266159,-0.172840,-0.093318
2016-08-18,-0.215495,-0.120489,-0.095006
2016-08-19,-0.227116,-0.134097,-0.093019
2016-08-22,-0.162971,-0.070413,-0.092558
2016-08-23,-0.161642,-0.069009,-0.092633
2016-08-24,-0.087991,0.016587,-0.104578
2016-08-25,-0.026027,0.087429,-0.113455
2016-08-26,-0.008788,0.093004,-0.101792
2016-08-29,-0.110812,-0.010325,-0.100487
2016-08-30,-0.110677,-0.009066,-0.101611
2016-08-31,-0.113763,-0.011510,-0.102252
2016-09-01,-0.128885,-0.017995,-0.110890
2016-09-02,-0.139729,-0.015366,-0.124362
2016-09-05,-0.140447,-0.013711,-0.126736
2016-09-06,-0.136654,-0.006893,-0.129761
2016-09-07,-0.103099,0.027790,-0.130888
2016-09-08,-0.119512,0.001662,-0.121173
2016-09-09,-0.142592,-0.023908,-0.118684
2016-09-12,-0.138042,-0.025272,-0.112770
2016-09-13,-0.137879,-0.025950,-0.111929
2016-09-14,-0.132348,-0.012922,-0.119426
2016-09-19,-0.123333,0.003645,-0.126978
2016-09-20,-0.124405,0.001885,-0.126291
2016-09-21,-0.140212,-0.012578,-0.127634
2016-09-22,-0.140021,-0.014348,-0.125672
2016-09-23,-0.117195,0.003874,-0.121068
2016-09-26,-0.112997,-0.003611,-0.109386
2016-09-27,-0.108045,0.002723,-0.110768
2016-09-28,-0.111607,-0.003657,-0.107950
2016-09-29,-0.084142,0.020618,-0.104759
2016-09-30,-0.086980,0.015714,-0.102693
2016-10-10,-0.108694,-0.013847,-0.094847
2016-10-11,-0.105437,-0.010048,-0.095389
2016-10-12,-0.136743,-0.042834,-0.093909
2016-10-13,-0.138512,-0.041332,-0.097181
2016-10-14,-0.132633,-0.029435,-0.103198
2016-10-17,-0.174421,-0.072491,-0.101930
2016-10-18,-0.166016,-0.060197,-0.105819
2016-10-19,-0.167219,-0.061666,-0.105553
2016-10-20,-0.190322,-0.072421,-0.117901
2016-10-21,-0.166992,-0.041894,-0.125097
2016-10-24,-0.175988,-0.057028,-0.118960
2016-10-25,-0.173279,-0.057064,-0.116214
2016-10-26,-0.173640,-0.065323,-0.108317
2016-10-27,-0.174676,-0.068797,-0.105878
2016-10-28,-0.157158,-0.052424,-0.104734
2016-10-31,-0.157617,-0.055969,-0.101648
2016-11-01,-0.153039,-0.049526,-0.103513
2016-11-02,-0.143707,-0.041028,-0.102679
2016-11-03,-0.136060,-0.028971,-0.107088
2016-11-04,-0.172447,-0.075614,-0.096833
2016-11-07,-0.208582,-0.115143,-0.093439
2016-11-08,-0.201697,-0.111313,-0.090384
2016-11-09,-0.210001,-0.126889,-0.083111
2016-11-10,-0.200647,-0.115472,-0.085175
2016-11-11,-0.203641,-0.108625,-0.095016
2016-11-14,-0.191257,-0.084349,-0.106909
2016-11-15,-0.189314,-0.084450,-0.104864
2016-11-16,-0.191192,-0.088876,-0.102316
2016-11-17,-0.190929,-0.085635,-0.105294
2016-11-18,-0.179589,-0.080235,-0.099354
2016-11-21,-0.187887,-0.088298,-0.099589
2016-11-22,-0.186619,-0.081078,-0.105541
2016-11-23,-0.181352,-0.074230,-0.107122
2016-11-24,-0.173237,-0.070633,-0.102604
2016-11-25,-0.170961,-0.068836,-0.102125
2016-11-28,-0.112417,-0.006160,-0.106257
2016-11-29,-0.100683,0.001982,-0.102665
2016-11-30,-0.103922,-0.007966,-0.095956
2016-12-01,-0.106453,-0.007423,-0.099031
2016-12-02,-0.132655,-0.051855,-0.080801
2016-12-05,-0.129753,-0.056608,-0.073145
2016-12-06,-0.128005,-0.059398,-0.068608
2016-12-07,-0.130310,-0.057452,-0.072859
2016-12-08,-0.109041,-0.042197,-0.066844
2016-12-09,-0.099116,-0.039121,-0.059996
2016-12-12,-0.099353,-0.055121,-0.044232
2016-12-13,-0.101263,-0.056268,-0.044995
2016-12-14,-0.130505,-0.089556,-0.040949
2016-12-15,-0.142320,-0.095810,-0.046510
2016-12-16,-0.138277,-0.092095,-0.046182
2016-12-19,-0.157107,-0.116492,-0.040616
2016-12-20,-0.162964,-0.121778,-0.041185
2016-12-21,-0.169373,-0.136427,-0.032946
2016-12-22,-0.173052,-0.139566,-0.033486
2016-12-23,-0.175774,-0.144523,-0.031251
2016-12-26,-0.163861,-0.134386,-0.029476
2016-12-27,-0.164420,-0.135952,-0.028468
2016-12-28,-0.142642,-0.114212,-0.028430
2016-12-29,-0.145714,-0.123372,-0.022342
2016-12-30,-0.134996,-0.120871,-0.014126
2017-01-03,-0.120948,-0.104200,-0.016748
2017-01-04,-0.033463,-0.029045,-0.004417
2017-01-05,-0.026186,-0.031905,0.005719
2017-01-06,-0.055793,-0.054280,-0.001513
2017-01-09,0.003016,0.000696,0.002320
2017-01-10,0.002987,-0.000979,0.003966
2017-01-11,0.031374,0.044496,-0.013122
2017-01-12,0.016232,0.031691,-0.015459
2017-01-13,0.053539,0.051976,0.001563
2017-01-16,0.083423,0.064360,0.019064
2017-01-17,0.088334,0.066575,0.021759
2017-01-18,0.088255,0.066643,0.021612
2017-01-19,0.035189,0.032937,0.002253
2017-01-20,0.042631,0.056865,-0.014234
2017-01-23,0.077354,0.080496,-0.003141
2017-01-24,0.081000,0.080614,0.000385
2017-01-25,0.084343,0.078945,0.005398
2017-01-26,0.158660,0.152167,0.006493
2017-02-03,0.175252,0.141031,0.034221
2017-02-06,0.169889,0.138141,0.031748
2017-02-07,0.169215,0.135600,0.033615
2017-02-08,0.172204,0.141542,0.030662
2017-02-09,0.174655,0.145928,0.028727
2017-02-10,0.177147,0.151731,0.025415
2017-02-13,0.188957,0.159421,0.029536
2017-02-14,0.186703,0.159259,0.027444
2017-02-15,0.193047,0.161197,0.031850
2017-02-16,0.155999,0.132988,0.023011
2017-02-17,0.130725,0.116906,0.013819
2017-02-20,0.163633,0.137568,0.026066
2017-02-21,0.162170,0.141313,0.020857
2017-02-22,0.146562,0.118918,0.027644
2017-02-23,0.159173,0.124285,0.034888
2017-02-24,0.139530,0.117155,0.022375
2017-02-27,0.220791,0.168991,0.051800
2017-02-28,0.220984,0.171226,0.049758
2017-03-01,0.241170,0.180077,0.061092
2017-03-02,0.177659,0.125771,0.051888
2017-03-03,0.176360,0.120794,0.055566
2017-03-06,0.177832,0.113963,0.063869
2017-03-07,0.177857,0.112444,0.065413
2017-03-08,0.171935,0.109748,0.062187
2017-03-09,0.176612,0.115573,0.061039
2017-03-10,0.211233,0.137643,0.073590
2017-03-13,0.217777,0.145719,0.072058
2017-03-14,0.190249,0.127541,0.062708
2017-03-15,0.194395,0.126468,0.067927
2017-03-16,0.191165,0.126691,0.064473
2017-03-17,0.165742,0.102942,0.062800
2017-03-20,0.151796,0.087533,0.064263
2017-03-21,0.147147,0.066753,0.080394
2017-03-22,0.148457,0.069521,0.078936
2017-03-23,0.148161,0.069803,0.078357
2017-03-24,0.167238,0.096720,0.070517
2017-03-27,0.155061,0.087628,0.067433
2017-03-28,0.155011,0.094671,0.060341
2017-03-29,0.166355,0.105179,0.061176
2017-03-30,0.137647,0.068551,0.069095
2017-03-31,0.148118,0.073944,0.074174
2017-04-05,0.146555,0.073335,0.073221
2017-04-06,0.149732,0.078747,0.070986
2017-04-07,0.163352,0.096024,0.067328
2017-04-10,0.165184,0.100263,0.064921
2017-04-11,0.158681,0.088923,0.069758
2017-04-12,0.161305,0.090413,0.070892
2017-04-13,0.156300,0.077633,0.078667
2017-04-14,0.143768,0.064310,0.079458
2017-04-17,0.144078,0.063483,0.080595
2017-04-18,0.156788,0.072570,0.084218
2017-04-19,0.151732,0.064102,0.087631
2017-04-20,0.176056,0.088185,0.087871
2017-04-21,0.188677,0.096877,0.091800
2017-04-24,0.166608,0.080746,0.085862
2017-04-25,0.182564,0.088215,0.094349
2017-04-26,0.173282,0.083676,0.089606
2017-04-27,0.174357,0.088695,0.085663
2017-04-28,0.165370,0.088329,0.077041
2017-05-02,0.160219,0.085477,0.074742
2017-05-03,0.137203,0.062109,0.075094
2017-05-04,0.136305,0.060736,0.075569
2017-05-05,0.129640,0.052469,0.077172
2017-05-08,0.148345,0.072982,0.075363
2017-05-09,0.159118,0.093590,0.065528
2017-05-10,0.160215,0.087514,0.072701
2017-05-11,0.162508,0.088828,0.073680
2017-05-12,0.177773,0.095543,0.082231
2017-05-15,0.197276,0.105449,0.091827
2017-05-16,0.198707,0.107692,0.091015
2017-05-17,0.188110,0.104973,0.083137
2017-05-18,0.193716,0.107583,0.086132
2017-05-19,0.205294,0.111461,0.093833
2017-05-22,0.212172,0.108186,0.103986
2017-05-23,0.223526,0.109150,0.114376
2017-05-24,0.226864,0.117709,0.109155
2017-05-25,0.251091,0.139391,0.111700
2017-05-26,0.250202,0.135833,0.114369
2017-05-31,0.220104,0.102008,0.118096
2017-06-01,0.231226,0.106687,0.124539
2017-06-02,0.219583,0.100853,0.118731
2017-06-05,0.195548,0.087611,0.107937
2017-06-06,0.210076,0.098808,0.111268
2017-06-07,0.226053,0.112312,0.113741
2017-06-08,0.245099,0.125471,0.119627
2017-06-09,0.255120,0.130272,0.124847
2017-06-12,0.262396,0.129710,0.132686
2017-06-13,0.292504,0.168256,0.124248
2017-06-14,0.265133,0.149325,0.115808
2017-06-15,0.240113,0.132340,0.107773
2017-06-16,0.241514,0.137039,0.104475
2017-06-19,0.246876,0.142527,0.104349
2017-06-20,0.243558,0.139372,0.104186
2017-06-21,0.268078,0.155052,0.113026
2017-06-22,0.265305,0.145624,0.119681
2017-06-23,0.284528,0.162178,0.122350
2017-06-26,0.315216,0.192037,0.123178
2017-06-27,0.297850,0.177591,0.120259
2017-06-28,0.276413,0.162533,0.113880
2017-06-29,0.285041,0.164194,0.120847
2017-06-30,0.279565,0.162617,0.116949
2017-07-03,0.266521,0.157457,0.109064
2017-07-04,0.248671,0.129585,0.119087
2017-07-05,0.278290,0.141019,0.137271
2017-07-06,0.266006,0.137808,0.128199
2017-07-07,0.258356,0.138937,0.119419
2017-07-10,0.270488,0.144539,0.125948
2017-07-11,0.283880,0.145936,0.137944
2017-07-12,0.249148,0.117818,0.131330
2017-07-13,0.259987,0.123078,0.136909
2017-07-14,0.273682,0.130107,0.143574
2017-07-17,0.270900,0.118207,0.152693
2017-07-18,0.277272,0.124205,0.153067
2017-07-19,0.302524,0.148241,0.154283
2017-07-20,0.313644,0.157607,0.156037
2017-07-21,0.303571,0.146373,0.157198
2017-07-24,0.319536,0.160708,0.158828
2017-07-25,0.309676,0.151249,0.158427
2017-07-26,0.282729,0.133289,0.149440
2017-07-27,0.303951,0.153485,0.150466
2017-07-28,0.301573,0.155457,0.146116
2017-07-31,0.313013,0.166652,0.146361
2017-08-01,0.340123,0.186845,0.153279
2017-08-02,0.329996,0.179301,0.150695
2017-08-03,0.306357,0.167314,0.139042
2017-08-04,0.291663,0.158152,0.133511
2017-08-07,0.295196,0.162765,0.132431
2017-08-08,0.280173,0.153990,0.126184
2017-08-09,0.276337,0.145552,0.130785
2017-08-10,0.284141,0.145708,0.138433
2017-08-11,0.266685,0.128037,0.138648
2017-08-14,0.257025,0.121561,0.135464
2017-08-15,0.223494,0.092131,0.131362
2017-08-16,0.213210,0.095662,0.117548
2017-08-17,0.226676,0.103239,0.123437
2017-08-18,0.232690,0.107053,0.125637
2017-08-21,0.245353,0.111729,0.133624
2017-08-22,0.262600,0.124524,0.138077
2017-08-23,0.265447,0.123962,0.141485
2017-08-24,0.266585,0.121564,0.145021
2017-08-25,0.298890,0.147109,0.151780
2017-08-28,0.307359,0.161961,0.145398
2017-08-29,0.295759,0.159249,0.136511
2017-08-30,0.294159,0.157703,0.136456
2017-08-31,0.269241,0.148537,0.120704
2017-09-01,0.283177,0.160214,0.122962
2017-09-04,0.287402,0.160378,0.127024
2017-09-05,0.289649,0.161874,0.127775
2017-09-06,0.277859,0.151623,0.126236
2017-09-07,0.273573,0.146386,0.127187
2017-09-08,0.267049,0.145657,0.121392
2017-09-11,0.272943,0.152985,0.119958
2017-09-12,0.297429,0.176341,0.121088
2017-09-13,0.300585,0.178595,0.121989
2017-09-14,0.296956,0.182550,0.114406
2017-09-15,0.296866,0.182964,0.113903
2017-09-18,0.297471,0.186619,0.110852
2017-09-19,0.287639,0.174373,0.113266
2017-09-20,0.288198,0.179603,0.108595
2017-09-21,0.292135,0.174852,0.117283
2017-09-22,0.284362,0.166086,0.118275
2017-09-25,0.291505,0.165499,0.126006
2017-09-26,0.313897,0.186474,0.127423
2017-09-27,0.304894,0.179110,0.125785
2017-09-28,0.312320,0.183123,0.129197
2017-09-29,0.305026,0.182503,0.122523
2017-10-09,0.311959,0.193322,0.118637
2017-10-10,0.298145,0.180939,0.117206
2017-10-11,0.303778,0.180287,0.123491
2017-10-12,0.314439,0.185739,0.128700
2017-10-13,0.320337,0.187228,0.133108
2017-10-16,0.327540,0.183795,0.143745
2017-10-17,0.336156,0.193781,0.142376
2017-10-18,0.338398,0.187524,0.150874
2017-10-19,0.346642,0.185454,0.161188
2017-10-20,0.335092,0.183285,0.151807
2017-10-23,0.332843,0.181222,0.151621
2017-10-24,0.327939,0.175740,0.152199
2017-10-25,0.330491,0.180997,0.149494
2017-10-26,0.338818,0.190408,0.148410
2017-10-27,0.370230,0.202131,0.168099
2017-10-30,0.367567,0.200468,0.167099
2017-10-31,0.363901,0.200954,0.162947
2017-11-01,0.356135,0.189807,0.166329
2017-11-02,0.360903,0.199133,0.161770
2017-11-03,0.360259,0.186506,0.173753
2017-11-06,0.380774,0.198773,0.182000
2017-11-07,0.392169,0.207848,0.184321
2017-11-08,0.372753,0.200791,0.171962
2017-11-09,0.390874,0.215580,0.175294
2017-11-10,0.398117,0.212735,0.185383
2017-11-13,0.413551,0.208020,0.205531
2017-11-14,0.412413,0.195059,0.217354
2017-11-15,0.404159,0.187704,0.216455
2017-11-16,0.424367,0.196939,0.227428
2017-11-17,0.432843,0.199128,0.233716
2017-11-20,0.449288,0.212547,0.236741
2017-11-21,0.460401,0.225680,0.234721
2017-11-22,0.459020,0.218896,0.240124
2017-11-23,0.399564,0.180638,0.218926
2017-11-24,0.386905,0.176413,0.210491
2017-11-27,0.356704,0.150129,0.206575
2017-11-28,0.362905,0.147306,0.215599
2017-11-29,0.343015,0.137403,0.205612
2017-11-30,0.340565,0.132306,0.208258
2017-12-01,0.323093,0.121485,0.201607
2017-12-04,0.347726,0.138826,0.208900
2017-12-05,0.372416,0.164512,0.207904
2017-12-06,0.353946,0.160927,0.193019
2017-12-07,0.332132,0.142504,0.189628
2017-12-08,0.338144,0.153665,0.184479
2017-12-11,0.358212,0.164811,0.193401
2017-12-12,0.362635,0.178002,0.184633
2017-12-13,0.380150,0.189440,0.190711
2017-12-14,0.378463,0.191539,0.186925
2017-12-15,0.388790,0.191721,0.197069
2017-12-18,0.399796,0.191050,0.208746
2017-12-19,0.423438,0.212182,0.211255
2017-12-20,0.438408,0.218017,0.220392
2017-12-21,0.445741,0.218452,0.227290
2017-12-22,0.447369,0.215528,0.231841
2017-12-25,0.464058,0.221895,0.242163
2017-12-26,0.462486,0.220088,0.242398
2017-12-27,0.434222,0.203480,0.230742
2017-12-28,0.461613,0.217151,0.244462
2017-12-29,0.458778,0.222299,0.236479
2018-01-02,0.467291,0.234834,0.232457
2018-01-03,0.458063,0.230134,0.227929
2018-01-04,0.449118,0.225781,0.223337
2018-01-05,0.457440,0.228922,0.228518
2018-01-08,0.471684,0.242703,0.228980
2018-01-09,0.488649,0.245370,0.243279
2018-01-10,0.502113,0.252970,0.249143
2018-01-11,0.514352,0.261236,0.253117
2018-01-12,0.537691,0.273503,0.264188
2018-01-15,0.548234,0.272697,0.275536
2018-01-16,0.541392,0.282884,0.258508
2018-01-17,0.523302,0.277108,0.246195
2018-01-18,0.527811,0.279110,0.248701
2018-01-19,0.537257,0.287181,0.250076
2018-01-22,0.552934,0.292621,0.260313
2018-01-23,0.571546,0.302766,0.268780
2018-01-24,0.554401,0.304787,0.249614
2018-01-25,0.546560,0.293012,0.253548
2018-01-26,0.554692,0.293197,0.261495
2018-01-29,0.526114,0.269797,0.256318
2018-01-30,0.509537,0.256243,0.253295
2018-01-31,0.533062,0.262087,0.270975
2018-02-01,0.536300,0.253232,0.283068
2018-02-02,0.549742,0.260709,0.289033
2018-02-05,0.560848,0.270371,0.290477
2018-02-06,0.521022,0.229953,0.291069
2018-02-07,0.466273,0.203472,0.262802
2018-02-08,0.437384,0.185843,0.251541
2018-02-09,0.380697,0.130837,0.249860
2018-02-12,0.390431,0.139625,0.250805
2018-02-13,0.400882,0.145317,0.255565
2018-02-14,0.419633,0.154596,0.265037
2018-02-22,0.418237,0.161321,0.256917
2018-02-23,0.429659,0.172103,0.257555
2018-02-26,0.443691,0.185549,0.258142
2018-02-27,0.423861,0.177806,0.246054
2018-02-28,0.402739,0.165323,0.237415
2018-03-01,0.412436,0.170785,0.241651
2018-03-02,0.404290,0.169241,0.235049
2018-03-05,0.399146,0.172189,0.226957
2018-03-06,0.404426,0.179917,0.224509
2018-03-07,0.385754,0.168702,0.217052
2018-03-08,0.402097,0.182348,0.219748
2018-03-09,0.419246,0.198991,0.220255
2018-03-12,0.417083,0.204143,0.212940
2018-03-13,0.395244,0.183092,0.212152
2018-03-14,0.396119,0.178393,0.217726
2018-03-15,0.410736,0.182617,0.228118
2018-03-16,0.393687,0.165132,0.228555
2018-03-19,0.416943,0.182378,0.234565
2018-03-20,0.408283,0.182076,0.226208
2018-03-21,0.386013,0.171564,0.214449
2018-03-22,0.368792,0.165302,0.203490
2018-03-23,0.334244,0.127950,0.206294
2018-03-26,0.300315,0.111844,0.188471
2018-03-27,0.311697,0.125137,0.186561
2018-03-28,0.285387,0.107473,0.177914
2018-03-29,0.310147,0.123762,0.186384
2018-03-30,0.310928,0.134353,0.176575
2018-04-02,0.287119,0.124671,0.162447
2018-04-03,0.283704,0.117600,0.166104
2018-04-04,0.285658,0.115395,0.170263
2018-04-09,0.262379,0.095373,0.167007
2018-04-10,0.304971,0.120403,0.184568
2018-04-11,0.311178,0.119696,0.191482
2018-04-12,0.294830,0.110901,0.183929
2018-04-13,0.281460,0.101455,0.180005
2018-04-16,0.259199,0.092459,0.166739
2018-04-17,0.234484,0.077214,0.157270
2018-04-18,0.235869,0.087659,0.148210
2018-04-19,0.261724,0.106202,0.155522
2018-04-20,0.237386,0.086464,0.150922
2018-04-23,0.246438,0.086403,0.160036
2018-04-24,0.282894,0.120140,0.162754
2018-04-25,0.266409,0.112680,0.153729
2018-04-26,0.241590,0.090071,0.151519
2018-04-27,0.235946,0.089987,0.145959
2018-05-02,0.256105,0.098369,0.157736
2018-05-03,0.262466,0.111297,0.151169
2018-05-04,0.255312,0.108745,0.146567
2018-05-07,0.282193,0.133521,0.148673
2018-05-08,0.307081,0.154778,0.152303
2018-05-09,0.308405,0.154835,0.153570
2018-05-10,0.313944,0.166390,0.147554
2018-05-11,0.300204,0.153781,0.146423
2018-05-14,0.304820,0.154757,0.150063
2018-05-15,0.298105,0.154422,0.143683
2018-05-16,0.277134,0.135386,0.141748
2018-05-17,0.279257,0.133162,0.146094
2018-05-18,0.296212,0.148597,0.147615
2018-05-21,0.291125,0.152001,0.139123
2018-05-22,0.273041,0.145100,0.127941
2018-05-23,0.233297,0.125691,0.107606
2018-05-24,0.222475,0.117707,0.104768
2018-05-25,0.199884,0.094915,0.104969
2018-05-28,0.215701,0.101375,0.114325
2018-05-29,0.206469,0.092971,0.113498
2018-05-30,0.187030,0.069802,0.117228
2018-05-31,0.215123,0.088609,0.126514
2018-06-01,0.192673,0.078008,0.114666
2018-06-04,0.226595,0.092089,0.134506
2018-06-05,0.252011,0.108561,0.143450
2018-06-06,0.235413,0.098621,0.136793
2018-06-07,0.217677,0.084083,0.133593
2018-06-08,0.191696,0.061399,0.130297
2018-06-11,0.186609,0.056991,0.129618
2018-06-12,0.198520,0.070378,0.128142
2018-06-13,0.191201,0.057525,0.133676
2018-06-14,0.206811,0.067341,0.139470
2018-06-15,0.216641,0.063659,0.152981
2018-06-19,0.184506,0.018980,0.165525
2018-06-20,0.197416,0.025081,0.172335
2018-06-21,0.173725,0.001396,0.172329
2018-06-22,0.170039,0.005169,0.164870
2018-06-25,0.144736,-0.017224,0.161960
2018-06-26,0.114789,-0.037344,0.152133
2018-06-27,0.076294,-0.058633,0.134927
2018-06-28,0.065272,-0.061061,0.126334
2018-06-29,0.089992,-0.043025,0.133017
2018-07-02,0.052997,-0.070590,0.123587
2018-07-03,0.055823,-0.066168,0.121991
2018-07-04,0.052432,-0.070782,0.123214
2018-07-05,0.038744,-0.086685,0.125429
2018-07-06,0.047850,-0.080593,0.128444
2018-07-09,0.095403,-0.053817,0.149220
2018-07-10,0.093786,-0.050954,0.144740
2018-07-11,0.068168,-0.071723,0.139890
2018-07-12,0.098125,-0.048584,0.146709
2018-07-13,0.085507,-0.052681,0.138188
2018-07-16,0.068007,-0.062380,0.130387
2018-07-17,0.059119,-0.058462,0.117581
2018-07-18,0.053783,-0.064316,0.118099
2018-07-19,0.042234,-0.080812,0.123047
2018-07-20,0.059772,-0.068036,0.127808
2018-07-23,0.068677,-0.054404,0.123081
2018-07-24,0.078598,-0.043211,0.121809
2018-07-25,0.083130,-0.038125,0.121255
2018-07-26,0.076899,-0.045647,0.122546
2018-07-27,0.074734,-0.051441,0.126176
2018-07-30,0.068449,-0.055566,0.124015
2018-07-31,0.068278,-0.058913,0.127192
2018-08-01,0.032594,-0.085665,0.118259
2018-08-02,0.011305,-0.103671,0.114976
2018-08-03,0.007508,-0.110668,0.118176
2018-08-06,0.002830,-0.117141,0.119971
2018-08-07,0.022730,-0.096040,0.118770
2018-08-08,0.005604,-0.111918,0.117522
2018-08-09,0.030579,-0.089388,0.119966
2018-08-10,0.032293,-0.083667,0.115960
2018-08-13,0.040746,-0.070465,0.111211
2018-08-14,0.021550,-0.087090,0.108641
2018-08-15,-0.009190,-0.111731,0.102541
2018-08-16,-0.009212,-0.114737,0.105525
2018-08-17,-0.024916,-0.132121,0.107205
2018-08-20,-0.012146,-0.122808,0.110662
2018-08-21,0.006460,-0.110757,0.117217
2018-08-22,-0.007035,-0.118421,0.111386
2018-08-23,-0.008108,-0.116094,0.107987
2018-08-24,-0.003467,-0.109601,0.106134
2018-08-27,0.009680,-0.102530,0.112210
2018-08-28,0.000005,-0.115164,0.115168
2018-08-29,0.000413,-0.116825,0.117238
2018-08-30,-0.008490,-0.126023,0.117533
2018-08-31,-0.009282,-0.127572,0.118289
2018-09-03,-0.011801,-0.132806,0.121005
2018-09-04,-0.004378,-0.125265,0.120887
2018-09-05,-0.027213,-0.144906,0.117693
2018-09-06,-0.037961,-0.152378,0.114417
2018-09-07,-0.021220,-0.144190,0.122971
2018-09-10,-0.028117,-0.155756,0.127638
2018-09-11,-0.026667,-0.157212,0.130546
2018-09-12,-0.049556,-0.165691,0.116135
2018-09-13,-0.042416,-0.157716,0.115299
2018-09-14,-0.029581,-0.153492,0.123911
2018-09-17,-0.038337,-0.163490,0.125154
2018-09-18,-0.020997,-0.149282,0.128285
2018-09-19,-0.005044,-0.135601,0.130558
2018-09-20,-0.003440,-0.138534,0.135095
2018-09-21,0.033077,-0.111347,0.144424
2018-09-25,0.019415,-0.114723,0.134138
2018-09-26,0.037983,-0.105617,0.143601
2018-09-27,0.038176,-0.109288,0.147464
2018-09-28,0.044724,-0.100373,0.145097
2018-10-08,-0.011637,-0.142213,0.130576
2018-10-09,-0.023860,-0.152882,0.129022
2018-10-10,-0.034314,-0.156371,0.122057
2018-10-11,-0.079865,-0.199498,0.119633
2018-10-12,-0.059989,-0.189683,0.129694
2018-10-15,-0.074661,-0.202640,0.127979
2018-10-16,-0.084852,-0.207612,0.122760
2018-10-17,-0.087221,-0.203119,0.115898
2018-10-18,-0.122969,-0.228127,0.105158
2018-10-19,-0.097397,-0.202556,0.105159
2018-10-22,-0.049506,-0.167203,0.117697
2018-10-23,-0.085109,-0.190132,0.105023
2018-10-24,-0.101954,-0.194777,0.092823
2018-10-25,-0.116306,-0.196794,0.080488
2018-10-26,-0.134547,-0.205315,0.070768
2018-10-29,-0.200916,-0.234979,0.034063
2018-10-30,-0.196335,-0.224320,0.027984
2018-10-31,-0.169298,-0.212867,0.043569
2018-11-01,-0.155900,-0.205071,0.049171
2018-11-02,-0.110650,-0.176847,0.066197
2018-11-05,-0.128407,-0.182799,0.054392
2018-11-06,-0.143619,-0.193425,0.049806
2018-11-07,-0.151070,-0.205301,0.054231
2018-11-08,-0.146448,-0.206333,0.059885
2018-11-09,-0.167621,-0.222886,0.055265
2018-11-12,-0.172259,-0.220523,0.048264
2018-11-13,-0.170984,-0.215764,0.044781
2018-11-14,-0.178147,-0.218183,0.040036
2018-11-15,-0.167696,-0.204067,0.036371
2018-11-16,-0.179979,-0.206416,0.026437
2018-11-19,-0.175274,-0.200505,0.025231
2018-11-20,-0.200029,-0.223325,0.023296
2018-11-21,-0.204305,-0.235012,0.030707
2018-11-22,-0.207820,-0.239651,0.031831
2018-11-23,-0.195042,-0.233746,0.038704
2018-11-26,-0.192409,-0.234628,0.042219
2018-11-27,-0.183438,-0.225363,0.041925
2018-11-28,-0.174167,-0.216205,0.042039
2018-11-29,-0.181045,-0.225988,0.044943
2018-11-30,-0.158510,-0.208035,0.049525
2018-12-03,-0.119156,-0.184383,0.065228
2018-12-04,-0.128187,-0.186906,0.058719
2018-12-05,-0.138100,-0.195083,0.056984
2018-12-06,-0.154409,-0.207716,0.053307
2018-12-07,-0.149602,-0.198813,0.049212
2018-12-10,-0.171176,-0.214474,0.043298
2018-12-11,-0.179998,-0.223536,0.043538
2018-12-12,-0.166573,-0.210509,0.043936
2018-12-13,-0.157223,-0.205032,0.047810
2018-12-14,-0.165685,-0.213663,0.047979
2018-12-17,-0.160239,-0.205900,0.045661
2018-12-18,-0.176141,-0.215006,0.038864
2018-12-19,-0.202744,-0.233983,0.031239
2018-12-20,-0.213645,-0.238946,0.025301
2018-12-21,-0.233326,-0.255282,0.021956
2018-12-24,-0.223191,-0.250678,0.027487
2018-12-25,-0.226427,-0.253433,0.027006
2018-12-26,-0.233669,-0.259420,0.025751
2018-12-27,-0.218809,-0.250726,0.031917
2018-12-28,-0.223572,-0.250877,0.027305
2019-01-02,-0.246445,-0.273489,0.027045
2019-01-03,-0.257935,-0.278872,0.020937
2019-01-04,-0.247610,-0.264711,0.017101
2019-01-07,-0.246377,-0.262024,0.015647
2019-01-08,-0.249731,-0.267408,0.017677
2019-01-09,-0.245499,-0.265156,0.019657
2019-01-10,-0.251483,-0.269765,0.018282
2019-01-11,-0.244977,-0.264127,0.019150
2019-01-14,-0.264603,-0.273898,0.009295
2019-01-15,-0.245693,-0.259689,0.013996
2019-01-16,-0.243348,-0.265311,0.021964
2019-01-17,-0.241072,-0.267577,0.026505
2019-01-18,-0.235277,-0.258286,0.023009
2019-01-21,-0.232205,-0.256629,0.024424
2019-01-22,-0.256586,-0.275165,0.018579
2019-01-23,-0.265418,-0.283292,0.017875
2019-01-24,-0.254218,-0.280442,0.026224
2019-01-25,-0.245957,-0.270467,0.024510
2019-01-28,-0.252039,-0.273325,0.021286
2019-01-29,-0.231605,-0.257565,0.025960
2019-01-30,-0.230609,-0.255544,0.024935
2019-01-31,-0.230992,-0.251238,0.020246
2019-02-01,-0.219964,-0.235168,0.015204
2019-02-11,-0.108605,-0.139086,0.030481
2019-02-12,-0.111159,-0.143893,0.032734
2019-02-13,-0.110819,-0.136852,0.026033
2019-02-14,-0.115251,-0.142381,0.027130
2019-02-15,-0.137073,-0.158373,0.021300
2019-02-18,-0.108577,-0.131390,0.022814
2019-02-19,-0.113165,-0.132936,0.019771
2019-02-20,-0.114115,-0.129830,0.015715
2019-02-21,-0.116389,-0.132154,0.015765
2019-02-22,-0.125740,-0.131420,0.005680
2019-02-25,-0.091703,-0.083911,-0.007792
2019-02-26,-0.115221,-0.105315,-0.009906
2019-02-27,-0.095735,-0.093765,-0.001970
2019-02-28,-0.071732,-0.088047,0.016315
2019-03-01,-0.056293,-0.073938,0.017645
2019-03-04,-0.038074,-0.055362,0.017289
2019-03-05,-0.035066,-0.050295,0.015229
2019-03-06,-0.044493,-0.053724,0.009231
2019-03-07,-0.059556,-0.056433,-0.003123
2019-03-08,-0.090942,-0.103007,0.012064
2019-03-11,-0.079115,-0.092220,0.013105
2019-03-12,-0.081187,-0.090201,0.009014
2019-03-13,-0.077226,-0.089718,0.012493
2019-03-14,-0.070389,-0.092025,0.021636
2019-03-15,-0.067341,-0.085727,0.018386
2019-03-18,-0.024056,-0.050456,0.026399
2019-03-19,-0.039021,-0.058978,0.019956
2019-03-20,-0.041039,-0.059411,0.018372
2019-03-21,-0.037603,-0.055198,0.017594
2019-03-22,-0.021377,-0.046401,0.025024
2019-03-25,-0.020295,-0.041514,0.021219
2019-03-26,-0.005357,-0.046251,0.040894
2019-03-27,0.011671,-0.043411,0.055082
2019-03-28,0.042489,-0.029750,0.072239
2019-03-29,0.061756,-0.005575,0.067331
2019-04-01,0.087430,0.019348,0.068082
2019-04-02,0.094286,0.021706,0.072580
2019-04-03,0.104915,0.041341,0.063574
2019-04-04,0.112607,0.053794,0.058812
2019-04-08,0.115040,0.052497,0.062542
2019-04-09,0.116835,0.057748,0.059087
2019-04-10,0.093556,0.040406,0.053151
2019-04-11,0.065271,0.015042,0.050229
2019-04-12,0.080862,0.023080,0.057782
2019-04-15,0.081892,0.026964,0.054928
2019-04-16,0.132827,0.072707,0.060121
2019-04-17,0.157720,0.090326,0.067394
2019-04-18,0.149984,0.081194,0.068789
2019-04-19,0.136839,0.081003,0.055836
2019-04-22,0.126482,0.070399,0.056083
2019-04-23,0.123197,0.067089,0.056108
2019-04-24,0.106653,0.048550,0.058104
2019-04-25,0.100873,0.029545,0.071328
2019-04-26,0.105897,0.035623,0.070275
2019-04-29,0.127189,0.038183,0.089006
2019-04-30,0.130259,0.041612,0.088647
2019-05-06,0.072381,-0.023838,0.096220
2019-05-07,0.069841,-0.029607,0.099448
2019-05-08,0.033694,-0.054457,0.088151
2019-05-09,0.016804,-0.070234,0.087038
2019-05-10,0.048704,-0.041769,0.090473
2019-05-13,0.038392,-0.052703,0.091095
2019-05-14,0.011875,-0.067567,0.079443
2019-05-15,0.040139,-0.050205,0.090344
2019-05-16,0.054852,-0.038245,0.093096
2019-05-17,0.041608,-0.055716,0.097324
2019-05-20,0.015516,-0.073089,0.088605
2019-05-21,0.028459,-0.064893,0.093352
2019-05-22,0.033262,-0.065749,0.099011
2019-05-23,0.030441,-0.070207,0.100648
2019-05-24,0.044931,-0.060961,0.105892
2019-05-27,0.061511,-0.046980,0.108491
2019-05-28,0.071397,-0.042001,0.113398
2019-05-29,0.074104,-0.036830,0.110933
2019-05-30,0.092345,-0.022074,0.114420
2019-05-31,0.067773,-0.045390,0.113163
2019-06-03,0.078787,-0.036753,0.115540
2019-06-04,0.041780,-0.054919,0.096699
2019-06-05,0.021570,-0.064549,0.086119
2019-06-06,0.015288,-0.071057,0.086345
2019-06-10,0.046222,-0.044682,0.090904
2019-06-11,0.074632,-0.016058,0.090690
2019-06-12,0.052333,-0.035246,0.087579
2019-06-13,0.060632,-0.027175,0.087807
2019-06-14,0.061153,-0.031402,0.092554
2019-06-17,0.060106,-0.026272,0.086378
2019-06-18,0.065831,-0.022862,0.088693
2019-06-19,0.106089,0.026185,0.079903
2019-06-20,0.130016,0.053110,0.076905
2019-06-21,0.133558,0.067067,0.066491
2019-06-24,0.134821,0.064388,0.070433
2019-06-25,0.140430,0.067640,0.072791
2019-06-26,0.156734,0.074543,0.082190
2019-06-27,0.207053,0.108567,0.098487
2019-06-28,0.226659,0.117440,0.109218
2019-07-01,0.224855,0.121000,0.103855
2019-07-02,0.269772,0.155286,0.114486
2019-07-03,0.258351,0.142039,0.116312
2019-07-04,0.256626,0.151423,0.105203
2019-07-05,0.269868,0.164778,0.105090
2019-07-08,0.230363,0.130061,0.100303
2019-07-09,0.184975,0.096540,0.088435
2019-07-10,0.184237,0.092060,0.092177
2019-07-11,0.197499,0.110840,0.086659
2019-07-12,0.176020,0.094129,0.081891
2019-07-15,0.185171,0.094913,0.090258
2019-07-16,0.186763,0.096412,0.090351
2019-07-17,0.195636,0.102992,0.092643
2019-07-18,0.193881,0.098236,0.095645
2019-07-19,0.206898,0.110730,0.096168
2019-07-22,0.178054,0.082679,0.095375
2019-07-23,0.175597,0.074923,0.100673
2019-07-24,0.165811,0.066482,0.099328
2019-07-25,0.177856,0.076394,0.101462
2019-07-26,0.200206,0.091147,0.109059
2019-07-29,0.207800,0.094581,0.113219
2019-07-30,0.208897,0.101062,0.107835
2019-07-31,0.202252,0.090316,0.111937
2019-08-01,0.219138,0.103290,0.115848
2019-08-02,0.242933,0.111683,0.131249
2019-08-05,0.240524,0.108712,0.131813
2019-08-06,0.248327,0.110917,0.137411
2019-08-07,0.217698,0.074969,0.142730
2019-08-08,0.261634,0.107038,0.154596
2019-08-09,0.215314,0.069462,0.145851
2019-08-12,0.233249,0.086367,0.146882
2019-08-13,0.240419,0.081234,0.159185
2019-08-14,0.256902,0.091758,0.165145
2019-08-15,0.296023,0.122121,0.173901
2019-08-16,0.316745,0.132391,0.184354
2019-08-19,0.353816,0.173850,0.179966
2019-08-20,0.335291,0.159302,0.175989
2019-08-21,0.298878,0.136807,0.162071
2019-08-22,0.317573,0.146786,0.170787
2019-08-23,0.334947,0.150851,0.184096
2019-08-26,0.318934,0.132492,0.186442
2019-08-27,0.298386,0.120467,0.177919
2019-08-28,0.298684,0.118350,0.180334
2019-08-29,0.298660,0.119183,0.179478
2019-08-30,0.327274,0.133837,0.193437
2019-09-02,0.349382,0.154092,0.195289
2019-09-03,0.353969,0.160090,0.193879
2019-09-04,0.337783,0.155207,0.182576
2019-09-05,0.381250,0.190162,0.191089
2019-09-06,0.408086,0.210130,0.197956
2019-09-09,0.397372,0.212137,0.185235
2019-09-10,0.404652,0.225754,0.178898
2019-09-11,0.384125,0.218934,0.165191
2019-09-12,0.419103,0.240586,0.178517
2019-09-16,0.396939,0.220731,0.176208
2019-09-17,0.389761,0.214140,0.175621
2019-09-18,0.384475,0.195952,0.188523
2019-09-19,0.362334,0.184726,0.177608
2019-09-20,0.367307,0.188971,0.178336
2019-09-23,0.295192,0.140792,0.154400
2019-09-24,0.298893,0.143847,0.155045
2019-09-25,0.303123,0.145328,0.157795
2019-09-26,0.263943,0.124047,0.139895
2019-09-27,0.274512,0.131937,0.142575
2019-09-30,0.245140,0.109243,0.135898
2019-10-08,0.330117,0.166149,0.163968
2019-10-09,0.335311,0.168623,0.166687
2019-10-10,0.360387,0.180717,0.179670
2019-10-11,0.433694,0.252110,0.181583
2019-10-14,0.406024,0.246792,0.159232
2019-10-15,0.423187,0.259016,0.164171
2019-10-16,0.419711,0.264988,0.154723
2019-10-17,0.428094,0.258789,0.169305
2019-10-18,0.448551,0.270987,0.177564
2019-10-21,0.410918,0.237927,0.172991
2019-10-22,0.353524,0.191302,0.162222
2019-10-23,0.398848,0.216009,0.182839
2019-10-24,0.411981,0.214061,0.197920
2019-10-25,0.448201,0.219916,0.228285
2019-10-28,0.478055,0.237251,0.240804
2019-10-29,0.566395,0.270838,0.295557
2019-10-30,0.555624,0.251095,0.304529
2019-10-31,0.503471,0.232394,0.271077
2019-11-01,0.501420,0.244052,0.257368
2019-11-04,0.438598,0.209063,0.229535
2019-11-05,0.475141,0.226787,0.248354
2019-11-06,0.477823,0.228707,0.249116
2019-11-07,0.483179,0.238976,0.244202
2019-11-08,0.473024,0.236631,0.236394
2019-11-11,0.480482,0.232219,0.248263
2019-11-12,0.473013,0.217947,0.255066
2019-11-13,0.457959,0.204672,0.253287
2019-11-14,0.478589,0.218700,0.259889
2019-11-15,0.454412,0.195758,0.258654
2019-11-18,0.469321,0.199609,0.269712
2019-11-19,0.462257,0.198033,0.264224
2019-11-20,0.480416,0.214221,0.266195
2019-11-21,0.461932,0.205521,0.256412
2019-11-22,0.443230,0.197721,0.245510
2019-11-25,0.469744,0.233731,0.236013
2019-11-26,0.474837,0.238890,0.235948
2019-11-27,0.480344,0.235360,0.244985
2019-11-28,0.452454,0.214969,0.237485
2019-11-29,0.445146,0.220235,0.224911
2019-12-02,0.429904,0.209088,0.220817
2019-12-03,0.379669,0.180972,0.198698
2019-12-04,0.379169,0.178140,0.201029
2019-12-05,0.395957,0.192915,0.203042
2019-12-06,0.450342,0.226523,0.223819
2019-12-09,0.456305,0.224384,0.231921
2019-12-10,0.473622,0.240279,0.233342
2019-12-11,0.461973,0.235118,0.226855
2019-12-12,0.449914,0.227215,0.222699
2019-12-13,0.452130,0.232485,0.219645
2019-12-16,0.474083,0.259527,0.214556
2019-12-17,0.503003,0.278565,0.224438
2019-12-18,0.514047,0.289075,0.224972
2019-12-19,0.536102,0.302808,0.233294
2019-12-20,0.547624,0.309651,0.237973
2019-12-23,0.552881,0.309533,0.243348
2019-12-24,0.543973,0.314252,0.229721
2019-12-25,0.546044,0.322671,0.223372
2019-12-26,0.568583,0.341089,0.227494
2019-12-27,0.575234,0.344931,0.230303
2019-12-30,0.587989,0.355730,0.232259
2019-12-31,0.595088,0.360696,0.234391
2020-01-02,0.638493,0.398277,0.240216
2020-01-03,0.653950,0.398038,0.255912
2020-01-06,0.615786,0.360170,0.255615
2020-01-07,0.622863,0.362090,0.260773
2020-01-08,0.600715,0.349319,0.251396
2020-01-09,0.588455,0.352736,0.235719
2020-01-10,0.588141,0.354898,0.233244
2020-01-13,0.596971,0.358413,0.238558
2020-01-14,0.605625,0.365773,0.239853
2020-01-15,0.546655,0.332079,0.214576
2020-01-16,0.533850,0.326144,0.207706
2020-01-17,0.539625,0.335355,0.204270
2020-01-20,0.521667,0.321214,0.200453
2020-01-21,0.481232,0.291518,0.189715
2020-01-22,0.513203,0.314511,0.198691
2020-01-23,0.464161,0.274701,0.189460
2020-02-03,0.292111,0.135789,0.156322
2020-02-04,0.335336,0.165745,0.169591
2020-02-05,0.345712,0.178952,0.166759
2020-02-06,0.372109,0.200893,0.171216
2020-02-07,0.371806,0.200921,0.170885
2020-02-10,0.382735,0.205891,0.176844
2020-02-11,0.361528,0.195371,0.166156
2020-02-12,0.359618,0.196403,0.163215
2020-02-13,0.327798,0.165701,0.162097
2020-02-14,0.331283,0.172124,0.159159
2020-02-17,0.393361,0.221260,0.172101
2020-02-18,0.340027,0.177544,0.162483
2020-02-19,0.353064,0.177840,0.175224
2020-02-20,0.388250,0.200679,0.187571
2020-02-21,0.391410,0.205298,0.186112
2020-02-24,0.364627,0.174062,0.190564
2020-02-25,0.303865,0.105744,0.198121
2020-02-26,0.313248,0.105390,0.207858
2020-02-27,0.326209,0.110508,0.215702
2020-02-28,0.263903,0.073767,0.190136
2020-03-02,0.274649,0.085329,0.189320
2020-03-03,0.281775,0.091114,0.190661
2020-03-04,0.279862,0.084592,0.195270
2020-03-05,0.319005,0.102390,0.216615
2020-03-06,0.298310,0.075471,0.222838
2020-03-09,0.316059,0.092835,0.223225
2020-03-10,0.342761,0.116238,0.226523
2020-03-11,0.305293,0.080023,0.225271
2020-03-12,0.275974,0.052075,0.223898
2020-03-13,0.258708,0.045948,0.212760
2020-03-16,0.168994,-0.004585,0.173579
2020-03-17,0.156361,-0.009434,0.165794
2020-03-18,0.092828,-0.055946,0.148774
2020-03-19,0.080655,-0.063869,0.144524
2020-03-20,0.110239,-0.047510,0.157748
2020-03-23,0.064311,-0.079162,0.143473
2020-03-24,0.098008,-0.054434,0.152442
2020-03-25,0.166605,-0.005426,0.172031
2020-03-26,0.163159,-0.000646,0.163805
2020-03-27,0.144124,-0.008904,0.153027
2020-03-30,0.084026,-0.051191,0.135218
2020-03-31,0.099306,-0.048079,0.147386
2020-04-01,0.076696,-0.075203,0.151899
2020-04-02,0.112995,-0.059618,0.172613
2020-04-03,0.101887,-0.076809,0.178696
2020-04-07,0.127857,-0.065041,0.192898
2020-04-08,0.118730,-0.068246,0.186976
2020-04-09,0.122214,-0.069347,0.191561
2020-04-10,0.104994,-0.077504,0.182498
2020-04-13,0.119083,-0.059008,0.178091
2020-04-14,0.147768,-0.040846,0.188614
2020-04-15,0.153353,-0.044814,0.198167
2020-04-16,0.126686,-0.069365,0.196051
2020-04-17,0.143751,-0.060615,0.204366
2020-04-20,0.146126,-0.064833,0.210959
2020-04-21,0.129395,-0.075853,0.205248
2020-04-22,0.164700,-0.046261,0.210961
2020-04-23,0.154314,-0.047091,0.201405
2020-04-24,0.138256,-0.057845,0.196101
2020-04-27,0.182963,-0.017098,0.200061
2020-04-28,0.211689,-0.010316,0.222005
2020-04-29,0.186099,-0.008538,0.194637
2020-04-30,0.198477,-0.000161,0.198638
2020-05-06,0.275449,0.068292,0.207157
2020-05-07,0.260651,0.054888,0.205763
2020-05-08,0.292394,0.080753,0.211641
2020-05-11,0.258242,0.061582,0.196660
2020-05-12,0.268864,0.061598,0.207266
2020-05-13,0.294860,0.081641,0.213218
2020-05-14,0.295234,0.076834,0.218401
2020-05-15,0.254867,0.049832,0.205035
2020-05-18,0.278575,0.075135,0.203440
2020-05-19,0.294240,0.084272,0.209968
2020-05-20,0.303266,0.087741,0.215525
2020-05-21,0.283745,0.067364,0.216381
2020-05-22,0.245657,0.047866,0.197792
2020-05-25,0.271689,0.065502,0.206186
2020-05-26,0.290100,0.077592,0.212507
2020-05-27,0.252695,0.057300,0.195396
2020-05-28,0.228650,0.050206,0.178444
2020-05-29,0.246896,0.055435,0.191460
2020-06-01,0.291058,0.094096,0.196961
2020-06-02,0.292177,0.097466,0.194712
2020-06-03,0.294770,0.096817,0.197954
2020-06-04,0.316385,0.106634,0.209751
2020-06-05,0.341771,0.112351,0.229420
2020-06-08,0.350819,0.128278,0.222541
2020-06-09,0.362810,0.135314,0.227496
2020-06-10,0.352746,0.118804,0.233942
2020-06-11,0.299280,0.074369,0.224911
2020-06-12,0.311779,0.084522,0.227256
2020-06-15,0.293363,0.082112,0.211251
2020-06-16,0.315730,0.098414,0.217316
2020-06-17,0.320664,0.099258,0.221406
2020-06-18,0.332421,0.102726,0.229695
2020-06-19,0.342715,0.103008,0.239707
2020-06-22,0.310572,0.069931,0.240642
2020-06-23,0.329713,0.075079,0.254634
2020-06-24,0.329666,0.077506,0.252160
2020-06-29,0.323540,0.074271,0.249269
2020-06-30,0.351177,0.088449,0.262728
2020-07-01,0.338327,0.079264,0.259063
2020-07-02,0.354387,0.101258,0.253129
2020-07-03,0.383024,0.135114,0.247910
2020-07-06,0.433679,0.199550,0.234129
2020-07-07,0.474711,0.206753,0.267958
2020-07-08,0.524814,0.255394,0.269420
2020-07-09,0.550189,0.276194,0.273995
2020-07-10,0.541929,0.255204,0.286725
2020-07-13,0.589930,0.274168,0.315763
2020-07-14,0.578158,0.262019,0.316139
2020-07-15,0.560477,0.240647,0.319829
2020-07-16,0.470172,0.186351,0.283820
2020-07-17,0.498075,0.194515,0.303560
2020-07-20,0.514700,0.229083,0.285617
2020-07-21,0.530220,0.231904,0.298316
2020-07-22,0.543359,0.246655,0.296704
2020-07-23,0.541403,0.243417,0.297985
2020-07-24,0.456324,0.179526,0.276798
2020-07-27,0.443103,0.173608,0.269494
2020-07-28,0.475192,0.183926,0.291266
2020-07-29,0.505443,0.213981,0.291462
2020-07-30,0.499691,0.203040,0.296651
2020-07-31,0.521740,0.224148,0.297591
2020-08-03,0.557045,0.273219,0.283826
2020-08-04,0.553076,0.274417,0.278659
2020-08-05,0.590496,0.299650,0.290846
2020-08-06,0.571929,0.309771,0.262158
2020-08-07,0.542947,0.300020,0.242927
2020-08-10,0.526533,0.300353,0.226180
2020-08-11,0.521659,0.288494,0.233165
2020-08-12,0.490988,0.256425,0.234563
2020-08-13,0.486956,0.264601,0.222355
2020-08-14,0.503608,0.277599,0.226010
2020-08-17,0.510274,0.297717,0.212557
2020-08-18,0.513132,0.297051,0.216081
2020-08-19,0.472687,0.250479,0.222207
2020-08-20,0.457470,0.235344,0.222126
2020-08-21,0.481119,0.247789,0.233330
2020-08-24,0.474499,0.244707,0.229792
2020-08-25,0.494362,0.246303,0.248059
2020-08-26,0.501433,0.249666,0.251767
2020-08-27,0.498157,0.239563,0.258594
2020-08-28,0.530576,0.273943,0.256633
2020-08-31,0.506673,0.267563,0.239110
2020-09-01,0.516934,0.274380,0.242554
2020-09-02,0.509614,0.258702,0.250912
2020-09-03,0.498708,0.250023,0.248685
2020-09-04,0.474118,0.227540,0.246578
2020-09-07,0.408125,0.182565,0.225560
2020-09-08,0.408506,0.188902,0.219604
2020-09-09,0.368007,0.153951,0.214056
2020-09-10,0.386790,0.157279,0.229511
2020-09-11,0.442628,0.177395,0.265233
2020-09-14,0.437445,0.170847,0.266598
2020-09-15,0.440446,0.180270,0.260176
2020-09-16,0.416283,0.176779,0.239505
2020-09-17,0.421743,0.190555,0.231188
2020-09-18,0.429924,0.211507,0.218417
2020-09-21,0.405081,0.192034,0.213046
2020-09-22,0.398854,0.177889,0.220964
2020-09-23,0.442190,0.195769,0.246421
2020-09-24,0.411558,0.169694,0.241864
2020-09-25,0.423790,0.180585,0.243205
2020-09-28,0.435200,0.189288,0.245912
2020-09-29,0.443675,0.191855,0.251821
2020-09-30,0.470971,0.202612,0.268359
2020-10-09,0.493167,0.218019,0.275148
2020-10-12,0.513493,0.232999,0.280494
2020-10-13,0.521240,0.237100,0.284140
2020-10-14,0.492252,0.215990,0.276262
2020-10-15,0.484342,0.219115,0.265228
2020-10-16,0.486598,0.221529,0.265069
2020-10-19,0.478245,0.229006,0.249239
2020-10-20,0.500933,0.238821,0.262112
2020-10-21,0.475484,0.234998,0.240486
2020-10-22,0.457272,0.226419,0.230853
2020-10-23,0.423491,0.218908,0.204583
2020-10-26,0.401726,0.203873,0.197853
2020-10-27,0.422513,0.205936,0.216577
2020-10-28,0.439522,0.206459,0.233063
2020-10-29,0.456473,0.220624,0.235849
2020-10-30,0.429340,0.206644,0.222696
2020-11-02,0.423645,0.194424,0.229221
2020-11-03,0.434107,0.208777,0.225330
2020-11-04,0.432828,0.210034,0.222795
2020-11-05,0.438624,0.220420,0.218204
2020-11-06,0.430552,0.226065,0.204488
2020-11-09,0.473787,0.253797,0.219989
2020-11-10,0.458750,0.246883,0.211866
2020-11-11,0.442775,0.256706,0.186068
2020-11-12,0.448792,0.257390,0.191402
2020-11-13,0.434235,0.245353,0.188882
2020-11-16,0.448946,0.264910,0.184036
2020-11-17,0.428478,0.262491,0.165987
2020-11-18,0.393055,0.251729,0.141326
2020-11-19,0.400323,0.248528,0.151795
2020-11-20,0.421619,0.264961,0.156658
2020-11-23,0.464991,0.300011,0.164980
2020-11-24,0.455891,0.292027,0.163864
2020-11-25,0.422850,0.266228,0.156622
2020-11-26,0.413399,0.264140,0.149259
2020-11-27,0.431223,0.285154,0.146068
2020-11-30,0.455710,0.295554,0.160155
2020-12-01,0.490989,0.323462,0.167526
2020-12-02,0.481937,0.320923,0.161014
2020-12-03,0.494338,0.313150,0.181188
2020-12-04,0.518880,0.315885,0.202996
2020-12-07,0.494448,0.286965,0.207483
2020-12-08,0.497871,0.283798,0.214073
2020-12-09,0.494301,0.268839,0.225462
2020-12-10,0.505977,0.266677,0.239301
2020-12-11,0.492781,0.252868,0.239913
2020-12-14,0.483201,0.243590,0.239611
2020-12-15,0.496254,0.246176,0.250078
2020-12-16,0.507741,0.242334,0.265407
2020-12-17,0.511773,0.241397,0.270375
2020-12-18,0.509106,0.239832,0.269274
2020-12-21,0.549055,0.256292,0.292763
2020-12-22,0.545239,0.235863,0.309376
2020-12-23,0.579415,0.262161,0.317254
2020-12-24,0.573196,0.252209,0.320988
2020-12-25,0.598519,0.263386,0.335133
2020-12-28,0.584700,0.259168,0.325533
2020-12-29,0.573705,0.253830,0.319876
2020-12-30,0.578014,0.252860,0.325154
2020-12-31,0.601682,0.272107,0.329574
2021-01-04,0.610918,0.270874,0.340044
2021-01-05,0.662314,0.295187,0.367127
2021-01-06,0.687755,0.312007,0.375748
2021-01-07,0.714712,0.325326,0.389386
2021-01-08,0.717198,0.336333,0.380864
2021-01-11,0.673710,0.306972,0.366738
2021-01-12,0.721713,0.344249,0.377464
2021-01-13,0.684199,0.326828,0.357371
2021-01-14,0.653752,0.305633,0.348118
2021-01-15,0.638230,0.309919,0.328311
2021-01-18,0.662906,0.328212,0.334695
2021-01-19,0.625816,0.308716,0.317100
2021-01-20,0.643344,0.308326,0.335018
2021-01-21,0.715500,0.352589,0.362911
2021-01-22,0.728559,0.347985,0.380574
2021-01-25,0.811633,0.405110,0.406523
2021-01-26,0.763922,0.376900,0.387022
2021-01-27,0.760382,0.380654,0.379728
2021-01-28,0.706404,0.342976,0.363429
2021-01-29,0.710805,0.336687,0.374118
2021-02-01,0.732823,0.353093,0.379730
2021-02-02,0.782622,0.373933,0.408689
2021-02-03,0.936175,0.487165,0.449010
2021-02-04,0.867039,0.445977,0.421062
2021-02-05,0.870341,0.432249,0.438092
2021-02-08,0.864937,0.426858,0.438079
2021-02-09,0.908949,0.458061,0.450887
2021-02-10,0.970353,0.483071,0.487282
2021-02-18,0.844033,0.421655,0.422378
2021-02-19,0.821596,0.426413,0.395183
2021-02-22,0.674710,0.348920,0.325790
2021-02-23,0.667801,0.344664,0.323137
2021-02-24,0.611103,0.315698,0.295405
2021-02-25,0.607317,0.326324,0.280993
2021-02-26,0.588781,0.310271,0.278510
2021-03-01,0.670308,0.375307,0.295000
2021-03-02,0.594083,0.314512,0.279571
2021-03-03,0.609041,0.332616,0.276425
2021-03-04,0.520128,0.283268,0.236860
2021-03-05,0.482013,0.251043,0.230970
2021-03-08,0.419620,0.227500,0.192120
2021-03-09,0.426955,0.243642,0.183313
2021-03-10,0.429513,0.225555,0.203958
2021-03-11,0.478805,0.273007,0.205798
2021-03-12,0.510261,0.302581,0.207680
2021-03-15,0.467101,0.292719,0.174382
2021-03-16,0.562324,0.362548,0.199776
2021-03-17,0.602955,0.375013,0.227942
2021-03-18,0.665705,0.414027,0.251678
2021-03-19,0.639146,0.395086,0.244060
2021-03-22,0.596339,0.384299,0.212039
2021-03-23,0.634710,0.418926,0.215783
2021-03-24,0.553244,0.359597,0.193647
2021-03-25,0.503761,0.323391,0.180370
2021-03-26,0.567260,0.362337,0.204923
2021-03-29,0.568525,0.360323,0.208202
2021-03-30,0.619380,0.386657,0.232723
2021-03-31,0.566541,0.369544,0.196996
2021-04-01,0.611877,0.390658,0.221219
2021-04-02,0.610406,0.382118,0.228288
2021-04-06,0.602828,0.384335,0.218493
2021-04-07,0.520039,0.343790,0.176249
2021-04-08,0.539810,0.352315,0.187495
2021-04-09,0.491315,0.327601,0.163714
2021-04-12,0.459488,0.312686,0.146802
2021-04-13,0.472144,0.316093,0.156051
2021-04-14,0.460183,0.301887,0.158296
2021-04-15,0.460384,0.303266,0.157118
2021-04-16,0.464896,0.306071,0.158824
2021-04-19,0.485649,0.324921,0.160728
2021-04-20,0.482455,0.319170,0.163285
2021-04-21,0.512066,0.338937,0.173128
2021-04-22,0.482832,0.325537,0.157295
2021-04-23,0.526610,0.340936,0.185674
2021-04-26,0.518913,0.337182,0.181731
2021-04-27,0.522339,0.331631,0.190708
2021-04-28,0.509019,0.329966,0.179052
2021-04-29,0.522509,0.335436,0.187073
2021-04-30,0.495511,0.309491,0.186020
2021-05-06,0.442865,0.285772,0.157093
2021-05-07,0.407205,0.272915,0.134290
2021-05-10,0.398099,0.259561,0.138539
2021-05-11,0.417951,0.268392,0.149560
2021-05-12,0.420231,0.273799,0.146432
2021-05-13,0.393614,0.258230,0.135385
2021-05-14,0.443164,0.301988,0.141175
2021-05-17,0.495320,0.325129,0.170191
2021-05-18,0.497575,0.322386,0.175190
2021-05-19,0.486353,0.307367,0.178986
2021-05-20,0.496997,0.317947,0.179050
2021-05-21,0.484046,0.311810,0.172236
2021-05-24,0.541050,0.348198,0.192852
2021-05-25,0.591555,0.388884,0.202671
2021-05-26,0.562045,0.373846,0.188199
2021-05-27,0.592382,0.388136,0.204246
2021-05-28,0.585952,0.379725,0.206227
2021-05-31,0.580584,0.378728,0.201856
2021-06-01,0.540254,0.345057,0.195197
2021-06-02,0.524073,0.327947,0.196126
2021-06-03,0.507046,0.319215,0.187831
2021-06-04,0.510318,0.326476,0.183842
2021-06-07,0.491112,0.318995,0.172117
2021-06-08,0.470740,0.300891,0.169849
2021-06-09,0.467697,0.293899,0.173797
2021-06-10,0.481365,0.304913,0.176452
2021-06-11,0.487125,0.307522,0.179603
2021-06-15,0.491106,0.306340,0.184767
2021-06-16,0.419026,0.265513,0.153513
2021-06-17,0.427390,0.269888,0.157502
2021-06-18,0.413701,0.261620,0.152082
2021-06-21,0.388507,0.241949,0.146558
2021-06-22,0.394155,0.248683,0.145472
2021-06-23,0.368307,0.248824,0.119483
2021-06-24,0.371249,0.245707,0.125542
2021-06-25,0.402545,0.266002,0.136542
2021-06-28,0.417735,0.268851,0.148885
2021-06-29,0.408613,0.262991,0.145622
2021-06-30,0.386743,0.254585,0.132159
2021-07-01,0.360672,0.231151,0.129520
2021-07-02,0.296643,0.171888,0.124754
2021-07-05,0.293936,0.150735,0.143201
2021-07-06,0.240977,0.088437,0.152539
2021-07-07,0.233427,0.094157,0.139270
2021-07-08,0.204592,0.065827,0.138765
2021-07-09,0.178984,0.047238,0.131746
2021-07-12,0.209234,0.079859,0.129375
2021-07-13,0.180088,0.059580,0.120508
2021-07-14,0.178941,0.057501,0.121440
2021-07-15,0.203669,0.085782,0.117887
2021-07-16,0.263468,0.128097,0.135370
2021-07-19,0.253728,0.125155,0.128574
2021-07-20,0.239730,0.091595,0.148135
2021-07-21,0.241695,0.096567,0.145128
2021-07-22,0.231385,0.092757,0.138628
2021-07-23,0.213343,0.079956,0.133387
2021-07-26,0.220780,0.093153,0.127627
2021-07-27,0.158357,0.049213,0.109144
2021-07-28,0.139262,0.042077,0.097185
2021-07-29,0.144298,0.036602,0.107696
2021-07-30,0.120723,0.033294,0.087429
2021-08-02,0.157036,0.050839,0.106198
2021-08-03,0.155943,0.034194,0.121749
2021-08-04,0.176404,0.042516,0.133888
2021-08-05,0.163390,0.035913,0.127477
2021-08-06,0.174491,0.033342,0.141149
2021-08-09,0.199646,0.058971,0.140675
2021-08-10,0.222491,0.067363,0.155128
2021-08-11,0.207595,0.071246,0.136348
2021-08-12,0.199897,0.070081,0.129817
2021-08-13,0.207489,0.066930,0.140559
2021-08-16,0.179660,0.050257,0.129403
2021-08-17,0.121753,0.004604,0.117149
2021-08-18,0.116883,0.016930,0.099953
2021-08-19,0.127437,0.025621,0.101816
2021-08-20,0.098235,0.019260,0.078976
2021-08-23,0.104849,0.024803,0.080046
2021-08-24,0.104609,0.027869,0.076740
2021-08-25,0.102471,0.028604,0.073867
2021-08-26,0.080455,0.020288,0.060166
2021-08-27,0.078735,0.020225,0.058511
2021-08-30,0.071553,-0.006399,0.077952
2021-08-31,0.055091,-0.002203,0.057294
2021-09-01,0.049613,0.005646,0.043967
2021-09-02,0.036376,0.005268,0.031108
2021-09-03,0.034375,0.005389,0.028986
2021-09-06,0.081568,0.034277,0.047290
2021-09-07,0.127732,0.069273,0.058459
2021-09-08,0.114294,0.059164,0.055130
2021-09-09,0.146092,0.084069,0.062024
2021-09-10,0.146724,0.094182,0.052542
2021-09-13,0.110925,0.078746,0.032179
2021-09-14,0.102543,0.057215,0.045328
2021-09-15,0.084023,0.038145,0.045878
2021-09-16,0.086432,0.032280,0.054151
2021-09-17,0.115082,0.048186,0.066897
2021-09-22,0.104852,0.040125,0.064727
2021-09-23,0.085382,0.043176,0.042206
2021-09-24,0.105736,0.062756,0.042980
2021-09-27,0.091885,0.067254,0.024632
2021-09-28,0.072494,0.065894,0.006600
2021-09-29,0.044862,0.052731,-0.007869
2021-09-30,0.065773,0.060814,0.004958
2021-10-08,0.062462,0.074670,-0.012207
2021-10-11,0.029586,0.054485,-0.024898
2021-10-12,-0.016195,0.012581,-0.028776
2021-10-13,0.011570,0.020853,-0.009283
2021-10-14,0.028283,0.022157,0.006126
2021-10-15,0.047426,0.027793,0.019633
2021-10-18,0.057977,0.017343,0.040634
2021-10-19,0.080823,0.035166,0.045657
2021-10-20,0.070155,0.024348,0.045808
2021-10-21,0.072433,0.028207,0.044226
2021-10-22,0.080436,0.038039,0.042397
2021-10-25,0.142836,0.055321,0.087515
2021-10-26,0.143564,0.057951,0.085614
2021-10-27,0.122289,0.042321,0.079968
2021-10-28,0.079719,0.026781,0.052938
2021-10-29,0.087946,0.028463,0.059483
2021-11-01,0.089476,0.041607,0.047869
2021-11-02,0.078439,0.025212,0.053227
2021-11-03,0.050775,0.009116,0.041660
2021-11-04,0.057373,0.011442,0.045930
2021-11-05,0.030280,-0.008753,0.039034
2021-11-08,0.060970,-0.007684,0.068653
2021-11-09,0.042335,-0.027023,0.069358
2021-11-10,0.039268,-0.026785,0.066053
2021-11-11,0.069273,-0.001274,0.070547
2021-11-12,0.065248,-0.004093,0.069341
2021-11-15,0.050524,0.005256,0.045267
2021-11-16,0.043689,-0.004251,0.047941
2021-11-17,0.070903,-0.001847,0.072750
2021-11-18,0.081549,-0.011049,0.092598
2021-11-19,0.074073,-0.007697,0.081769
2021-11-22,0.097108,-0.006249,0.103357
2021-11-23,0.082612,-0.018318,0.100929
2021-11-24,0.083223,-0.011586,0.094809
2021-11-25,0.097963,-0.002904,0.100867
2021-11-26,0.106123,-0.012086,0.118209
2021-11-29,0.097438,-0.025970,0.123408
2021-11-30,0.097701,-0.025850,0.123550
2021-12-01,0.061065,-0.044059,0.105123
2021-12-02,0.068204,-0.041637,0.109841
2021-12-03,0.059017,-0.030856,0.089873
2021-12-06,0.030438,-0.034209,0.064647
2021-12-07,0.026446,-0.019939,0.046385
2021-12-08,0.042361,-0.002784,0.045146
2021-12-09,0.062963,0.027513,0.035450
2021-12-10,0.059543,0.023196,0.036347
2021-12-13,0.070073,0.039711,0.030363
2021-12-14,0.043629,0.023275,0.020354
2021-12-15,0.022177,0.012295,0.009882
2021-12-16,0.020004,0.016323,0.003681
2021-12-17,-0.017996,-0.012500,-0.005496
2021-12-20,-0.036812,-0.023910,-0.012902
2021-12-21,-0.051114,-0.026422,-0.024692
2021-12-22,-0.049025,-0.010135,-0.038890
2021-12-23,-0.050663,-0.011659,-0.039003
2021-12-24,-0.073557,-0.015736,-0.057821
2021-12-27,-0.087401,-0.024334,-0.063068
2021-12-28,-0.069953,-0.021414,-0.048539
2021-12-29,-0.075035,-0.031620,-0.043414
2021-12-30,-0.090771,-0.037585,-0.053185
2021-12-31,-0.100482,-0.051987,-0.048495
2022-01-04,-0.130121,-0.066433,-0.063688
2022-01-05,-0.181248,-0.093207,-0.088042
2022-01-06,-0.200995,-0.110645,-0.090349
2022-01-07,-0.227640,-0.125378,-0.102262
2022-01-10,-0.216788,-0.118531,-0.098257
2022-01-11,-0.216510,-0.118245,-0.098265
2022-01-12,-0.216965,-0.134154,-0.082811
2022-01-13,-0.222916,-0.145582,-0.077334
2022-01-14,-0.200647,-0.135954,-0.064693
2022-01-17,-0.182982,-0.126565,-0.056418
2022-01-18,-0.182886,-0.127782,-0.055104
2022-01-19,-0.181439,-0.120853,-0.060586
2022-01-20,-0.199542,-0.119224,-0.080318
2022-01-21,-0.226628,-0.141180,-0.085449
2022-01-24,-0.229112,-0.140587,-0.088525
2022-01-25,-0.257020,-0.168412,-0.088608
2022-01-26,-0.226000,-0.145232,-0.080768
2022-01-27,-0.249492,-0.164276,-0.085216
2022-01-28,-0.239876,-0.151264,-0.088611
2022-02-07,-0.263013,-0.154889,-0.108124
2022-02-08,-0.291064,-0.171764,-0.119301
2022-02-09,-0.298098,-0.181876,-0.116223
2022-02-10,-0.333311,-0.201088,-0.132224
2022-02-11,-0.343169,-0.207710,-0.135459
2022-02-14,-0.345563,-0.216269,-0.129294
2022-02-15,-0.328186,-0.207934,-0.120253
2022-02-16,-0.324605,-0.204853,-0.119752
2022-02-17,-0.314977,-0.202930,-0.112047
2022-02-18,-0.295116,-0.193666,-0.101449
2022-02-21,-0.292593,-0.198055,-0.094537
2022-02-22,-0.253170,-0.182798,-0.070372
2022-02-23,-0.231436,-0.171447,-0.059989
2022-02-24,-0.212064,-0.167032,-0.045032
2022-02-25,-0.195388,-0.163841,-0.031547
2022-02-28,-0.167145,-0.141492,-0.025653
2022-03-01,-0.185766,-0.147467,-0.038299
2022-03-02,-0.181852,-0.144128,-0.037725
2022-03-03,-0.207579,-0.165177,-0.042402
2022-03-04,-0.180529,-0.148518,-0.032011
2022-03-07,-0.210003,-0.172916,-0.037087
2022-03-08,-0.178823,-0.160360,-0.018463
2022-03-09,-0.163006,-0.149799,-0.013207
2022-03-10,-0.155468,-0.142051,-0.013417
2022-03-11,-0.177888,-0.160231,-0.017656
2022-03-14,-0.206951,-0.188797,-0.018154
2022-03-15,-0.197363,-0.208861,0.011498
2022-03-16,-0.169608,-0.181771,0.012163
2022-03-17,-0.166754,-0.169219,0.002465
2022-03-18,-0.184355,-0.170344,-0.014011
2022-03-21,-0.151087,-0.149456,-0.001631
2022-03-22,-0.152129,-0.158558,0.006429
2022-03-23,-0.136847,-0.146275,0.009428
2022-03-24,-0.122848,-0.137436,0.014588
2022-03-25,-0.145536,-0.152604,0.007068
2022-03-28,-0.172898,-0.176562,0.003664
2022-03-29,-0.171654,-0.180852,0.009199
2022-03-30,-0.173475,-0.165000,-0.008475
2022-03-31,-0.166280,-0.163570,-0.002710
2022-04-01,-0.183237,-0.163306,-0.019931
2022-04-06,-0.202868,-0.170514,-0.032354
2022-04-07,-0.194244,-0.175291,-0.018953
2022-04-08,-0.192767,-0.172419,-0.020348
2022-04-11,-0.195691,-0.185741,-0.009950
2022-04-12,-0.163808,-0.155178,-0.008631
2022-04-13,-0.168179,-0.161935,-0.006245
2022-04-14,-0.175669,-0.158426,-0.017243
2022-04-15,-0.178941,-0.153612,-0.025329
2022-04-18,-0.183037,-0.161049,-0.021987
2022-04-19,-0.205433,-0.187167,-0.018266
2022-04-20,-0.233554,-0.199195,-0.034359
2022-04-21,-0.256740,-0.216310,-0.040430
2022-04-22,-0.249350,-0.211424,-0.037925
2022-04-25,-0.305781,-0.257142,-0.048639
2022-04-26,-0.303995,-0.254690,-0.049305
2022-04-27,-0.283545,-0.234746,-0.048799
2022-04-28,-0.281517,-0.234045,-0.047473
2022-04-29,-0.264244,-0.222287,-0.041956
2022-05-05,-0.261784,-0.217289,-0.044494
2022-05-06,-0.263290,-0.227677,-0.035613
2022-05-09,-0.249378,-0.223899,-0.025479
2022-05-10,-0.241587,-0.214836,-0.026751
2022-05-11,-0.235133,-0.208367,-0.026766
2022-05-12,-0.248588,-0.215244,-0.033344
2022-05-13,-0.227386,-0.201157,-0.026229
2022-05-16,-0.251938,-0.225815,-0.026123
2022-05-17,-0.263887,-0.227406,-0.036480
2022-05-18,-0.267939,-0.230490,-0.037449
2022-05-19,-0.262495,-0.226723,-0.035772
2022-05-20,-0.251584,-0.213791,-0.037792
2022-05-23,-0.246065,-0.210389,-0.035676
2022-05-24,-0.267321,-0.232067,-0.035254
2022-05-25,-0.285772,-0.251068,-0.034704
2022-05-26,-0.280052,-0.249512,-0.030541
2022-05-27,-0.276909,-0.250444,-0.026465
2022-05-30,-0.274800,-0.242821,-0.031979
2022-05-31,-0.270873,-0.232586,-0.038287
2022-06-01,-0.280059,-0.235600,-0.044459
2022-06-02,-0.270753,-0.226920,-0.043833
2022-06-06,-0.250885,-0.211308,-0.039576
2022-06-07,-0.253058,-0.208143,-0.044916
2022-06-08,-0.233130,-0.193480,-0.039650
2022-06-09,-0.243907,-0.202576,-0.041331
2022-06-10,-0.243644,-0.195862,-0.047782
2022-06-13,-0.244733,-0.198164,-0.046568
2022-06-14,-0.237149,-0.191856,-0.045293
2022-06-15,-0.228257,-0.171940,-0.056316
2022-06-16,-0.209587,-0.163455,-0.046132
2022-06-17,-0.206861,-0.155403,-0.051458
2022-06-20,-0.215602,-0.151307,-0.064295
2022-06-21,-0.222244,-0.150248,-0.071996
2022-06-22,-0.234398,-0.166246,-0.068152
2022-06-23,-0.218120,-0.156100,-0.062020
2022-06-24,-0.214751,-0.147635,-0.067116
2022-06-27,-0.226809,-0.151854,-0.074955
2022-06-28,-0.229882,-0.144950,-0.084933
2022-06-29,-0.235942,-0.148189,-0.087753
2022-06-30,-0.235300,-0.141467,-0.093832
2022-07-01,-0.233904,-0.145887,-0.088017
2022-07-04,-0.198549,-0.115150,-0.083400
2022-07-05,-0.195740,-0.117238,-0.078501
2022-07-06,-0.205916,-0.129671,-0.076245
2022-07-07,-0.212173,-0.135594,-0.076579
2022-07-08,-0.208021,-0.129608,-0.078413
2022-07-11,-0.222187,-0.141006,-0.081182
2022-07-12,-0.243209,-0.159582,-0.083627
2022-07-13,-0.243392,-0.159592,-0.083800
2022-07-14,-0.232042,-0.149714,-0.082327
2022-07-15,-0.257239,-0.175277,-0.081962
2022-07-18,-0.234148,-0.157452,-0.076696
2022-07-19,-0.250083,-0.165083,-0.085000
2022-07-20,-0.250316,-0.161517,-0.088799
2022-07-21,-0.271347,-0.176511,-0.094836
2022-07-22,-0.267640,-0.177322,-0.090317
2022-07-25,-0.264079,-0.172244,-0.091835
2022-07-26,-0.219788,-0.137925,-0.081863
2022-07-27,-0.185190,-0.110763,-0.074427
2022-07-28,-0.190287,-0.112344,-0.077943
2022-07-29,-0.223473,-0.140233,-0.083240
2022-08-01,-0.195652,-0.129384,-0.066268
2022-08-02,-0.244984,-0.167565,-0.077420
2022-08-03,-0.256355,-0.175800,-0.080555
2022-08-04,-0.263433,-0.176207,-0.087226
2022-08-05,-0.251610,-0.159995,-0.091615
2022-08-08,-0.243900,-0.157164,-0.086736
2022-08-09,-0.238759,-0.166334,-0.072424
2022-08-10,-0.255157,-0.185085,-0.070072
2022-08-11,-0.232787,-0.163857,-0.068930
2022-08-12,-0.225540,-0.157278,-0.068261
2022-08-15,-0.215655,-0.153721,-0.061934
2022-08-16,-0.212354,-0.154467,-0.057888
2022-08-17,-0.185867,-0.128259,-0.057608
2022-08-18,-0.189701,-0.145914,-0.043787
2022-08-19,-0.196008,-0.146246,-0.049762
2022-08-22,-0.153946,-0.123262,-0.030683
2022-08-23,-0.164956,-0.139540,-0.025416
2022-08-24,-0.198009,-0.164874,-0.033135
2022-08-25,-0.203060,-0.159635,-0.043425
2022-08-26,-0.189600,-0.144547,-0.045052
2022-08-29,-0.192930,-0.152789,-0.040140
2022-08-30,-0.208568,-0.153218,-0.055350
2022-08-31,-0.201905,-0.151234,-0.050671
2022-09-01,-0.206553,-0.169571,-0.036982
2022-09-02,-0.202843,-0.173697,-0.029146
2022-09-05,-0.185549,-0.170890,-0.014659
2022-09-06,-0.197524,-0.178658,-0.018866
2022-09-07,-0.198274,-0.187839,-0.010435
2022-09-08,-0.195888,-0.187938,-0.007950
2022-09-09,-0.189379,-0.176301,-0.013077
2022-09-13,-0.193713,-0.176404,-0.017309
2022-09-14,-0.201457,-0.173230,-0.028227
2022-09-15,-0.205553,-0.172621,-0.032933
2022-09-16,-0.215715,-0.182004,-0.033711
2022-09-19,-0.223478,-0.191094,-0.032385
2022-09-20,-0.223255,-0.190097,-0.033158
2022-09-21,-0.223905,-0.196092,-0.027813
2022-09-22,-0.218915,-0.197527,-0.021388
2022-09-23,-0.222838,-0.205469,-0.017369
2022-09-26,-0.229566,-0.208839,-0.020727
2022-09-27,-0.219700,-0.201967,-0.017733
2022-09-28,-0.219504,-0.216044,-0.003460
2022-09-29,-0.200001,-0.208276,0.008275
2022-09-30,-0.221791,-0.218127,-0.003664
2022-10-10,-0.225807,-0.245236,0.019429
2022-10-11,-0.222443,-0.244824,0.022381
2022-10-12,-0.207214,-0.225136,0.017923
2022-10-13,-0.246713,-0.240367,-0.006345
2022-10-14,-0.239877,-0.217995,-0.021882
2022-10-17,-0.255753,-0.220129,-0.035624
2022-10-18,-0.259880,-0.212627,-0.047253
2022-10-19,-0.271750,-0.232837,-0.038914
2022-10-20,-0.283684,-0.235277,-0.048408
2022-10-21,-0.276323,-0.240488,-0.035835
2022-10-24,-0.294423,-0.267426,-0.026997
2022-10-25,-0.312349,-0.271526,-0.040823
2022-10-26,-0.314865,-0.263182,-0.051683
2022-10-27,-0.318570,-0.258673,-0.059898
2022-10-28,-0.318495,-0.271951,-0.046543
2022-10-31,-0.349928,-0.285218,-0.064710
2022-11-01,-0.321531,-0.256921,-0.064610
2022-11-02,-0.309307,-0.240098,-0.069208
2022-11-03,-0.302845,-0.243349,-0.059496
2022-11-04,-0.289960,-0.226254,-0.063706
2022-11-07,-0.278417,-0.220358,-0.058059
2022-11-08,-0.295090,-0.226652,-0.068438
2022-11-09,-0.307004,-0.233656,-0.073348
2022-11-10,-0.302944,-0.235523,-0.067421
2022-11-11,-0.290158,-0.226636,-0.063522
2022-11-14,-0.300322,-0.223868,-0.076454
2022-11-15,-0.274554,-0.208179,-0.066374
2022-11-16,-0.275155,-0.214799,-0.060356
2022-11-17,-0.291307,-0.218409,-0.072898
2022-11-18,-0.290840,-0.214165,-0.076675
2022-11-21,-0.297398,-0.229226,-0.068172
2022-11-22,-0.309487,-0.232642,-0.076845
2022-11-23,-0.297151,-0.231984,-0.065167
2022-11-24,-0.295642,-0.235902,-0.059740
2022-11-25,-0.282328,-0.228872,-0.053456
2022-11-28,-0.291054,-0.231864,-0.059190
2022-11-29,-0.279890,-0.206744,-0.073147
2022-11-30,-0.277169,-0.202604,-0.074565
2022-12-01,-0.268702,-0.195935,-0.072767
2022-12-02,-0.277833,-0.202878,-0.074955
2022-12-05,-0.266503,-0.194682,-0.071821
2022-12-06,-0.257836,-0.188942,-0.068894
2022-12-07,-0.261722,-0.195782,-0.065939
2022-12-08,-0.275394,-0.207519,-0.067876
2022-12-09,-0.279681,-0.212742,-0.066939
2022-12-12,-0.292870,-0.217934,-0.074937
2022-12-13,-0.294549,-0.223872,-0.070678
2022-12-14,-0.283841,-0.216807,-0.067034
2022-12-15,-0.276392,-0.210534,-0.065858
2022-12-16,-0.277456,-0.214609,-0.062847
2022-12-19,-0.272579,-0.214247,-0.058333
2022-12-20,-0.265301,-0.215432,-0.049869
2022-12-21,-0.270933,-0.220403,-0.050529
2022-12-22,-0.273184,-0.219439,-0.053745
2022-12-23,-0.279623,-0.226425,-0.053198
2022-12-26,-0.258410,-0.219016,-0.039395
2022-12-27,-0.250437,-0.209677,-0.040759
2022-12-28,-0.266855,-0.218868,-0.047987
2022-12-29,-0.263986,-0.210256,-0.053731
2022-12-30,-0.263537,-0.213325,-0.050212
2023-01-03,-0.264416,-0.213035,-0.051381
2023-01-04,-0.252363,-0.208391,-0.043972
2023-01-05,-0.219430,-0.184782,-0.034648
2023-01-06,-0.207496,-0.173786,-0.033710
2023-01-09,-0.198133,-0.167812,-0.030321
2023-01-10,-0.199102,-0.170638,-0.028464
2023-01-11,-0.183290,-0.164189,-0.019101
2023-01-12,-0.205046,-0.170818,-0.034229
2023-01-13,-0.185067,-0.145101,-0.039966
2023-01-16,-0.181527,-0.124562,-0.056965
2023-01-17,-0.190563,-0.132159,-0.058403
2023-01-18,-0.200648,-0.141905,-0.058742
2023-01-19,-0.183883,-0.130611,-0.053272
2023-01-20,-0.174342,-0.133094,-0.041248
2023-01-30,-0.121184,-0.079412,-0.041771
2023-01-31,-0.125233,-0.089161,-0.036072
2023-02-01,-0.120163,-0.080600,-0.039563
2023-02-02,-0.121192,-0.083839,-0.037354
2023-02-03,-0.131017,-0.092498,-0.038519
2023-02-06,-0.138062,-0.104495,-0.033567
2023-02-07,-0.150550,-0.116498,-0.034053
2023-02-08,-0.134898,-0.115569,-0.019329
2023-02-09,-0.138349,-0.112036,-0.026313
2023-02-10,-0.132569,-0.114993,-0.017577
2023-02-13,-0.115893,-0.099498,-0.016395
2023-02-14,-0.112979,-0.089286,-0.023694
2023-02-15,-0.143347,-0.103565,-0.039782
2023-02-16,-0.153751,-0.113578,-0.040173
2023-02-17,-0.171658,-0.128457,-0.043200
2023-02-20,-0.151308,-0.111314,-0.039994
2023-02-21,-0.142835,-0.105724,-0.037110
2023-02-22,-0.143549,-0.102139,-0.041409
2023-02-23,-0.163240,-0.112350,-0.050890
2023-02-24,-0.156915,-0.103386,-0.053529
2023-02-27,-0.168914,-0.115795,-0.053119
2023-02-28,-0.176587,-0.111792,-0.064796
2023-03-01,-0.169406,-0.106663,-0.062743
2023-03-02,-0.161522,-0.100655,-0.060867
2023-03-03,-0.140456,-0.092512,-0.047944
2023-03-06,-0.128390,-0.086162,-0.042228
2023-03-07,-0.102157,-0.069824,-0.032333
2023-03-08,-0.088740,-0.054222,-0.034517
2023-03-09,-0.084235,-0.048860,-0.035375
2023-03-10,-0.126476,-0.075871,-0.050605
2023-03-13,-0.109729,-0.069158,-0.040572
2023-03-14,-0.082516,-0.045526,-0.036990
2023-03-15,-0.047125,0.000776,-0.047900
2023-03-16,-0.102225,-0.052196,-0.050029
2023-03-17,-0.109666,-0.065809,-0.043857
2023-03-20,-0.113336,-0.076612,-0.036723
2023-03-21,-0.114411,-0.064895,-0.049517
2023-03-22,-0.110405,-0.060127,-0.050277
2023-03-23,-0.103693,-0.055519,-0.048174
2023-03-24,-0.108846,-0.052751,-0.056095
2023-03-27,-0.095022,-0.038828,-0.056194
2023-03-28,-0.091572,-0.035907,-0.055665
2023-03-29,-0.094940,-0.030962,-0.063978
2023-03-30,-0.105058,-0.050673,-0.054384
2023-03-31,-0.093121,-0.040655,-0.052466
2023-04-03,-0.099043,-0.043401,-0.055642
2023-04-04,-0.090602,-0.040469,-0.050134
2023-04-06,-0.092148,-0.039213,-0.052934
2023-04-07,-0.084278,-0.020389,-0.063889
2023-04-10,-0.091398,-0.029772,-0.061625
2023-04-11,-0.062717,0.000020,-0.062736
2023-04-12,-0.066395,-0.019780,-0.046615
2023-04-13,-0.063751,-0.017093,-0.046658
2023-04-14,-0.068277,-0.023755,-0.044522
2023-04-17,-0.042689,-0.009399,-0.033290
2023-04-18,-0.030293,-0.001044,-0.029249
2023-04-19,-0.041709,-0.002501,-0.039208
2023-04-20,-0.013813,0.010374,-0.024187
2023-04-21,-0.004224,0.009195,-0.013419
2023-04-24,-0.012917,-0.007627,-0.005290
2023-04-25,0.048384,0.038732,0.009651
2023-04-26,0.056073,0.046275,0.009798
2023-04-27,0.026986,0.023843,0.003143
2023-04-28,0.017636,0.027538,-0.009902
2023-05-04,0.004934,0.003488,0.001445
2023-05-05,0.002381,0.001663,0.000718
2023-05-08,0.055767,0.039357,0.016409
2023-05-09,0.048707,0.038799,0.009908
2023-05-10,0.022621,0.019644,0.002977
2023-05-11,0.000532,0.003581,-0.003049
2023-05-12,-0.002083,-0.005300,0.003216
2023-05-15,0.000074,0.002580,-0.002506
2023-05-16,0.001500,0.005477,-0.003977
2023-05-17,-0.024294,-0.011413,-0.012881
2023-05-18,-0.012944,-0.008978,-0.003966
2023-05-19,-0.028718,-0.013766,-0.014952
2023-05-22,-0.038843,-0.026552,-0.012291
2023-05-23,-0.054611,-0.034729,-0.019882
2023-05-24,-0.053350,-0.025273,-0.028077
2023-05-25,-0.067223,-0.033310,-0.033912
2023-05-26,-0.073281,-0.035584,-0.037696
2023-05-29,-0.077529,-0.041826,-0.035702
2023-05-30,-0.077493,-0.047473,-0.030020
2023-05-31,-0.103006,-0.071607,-0.031399
2023-06-01,-0.097880,-0.067670,-0.030209
2023-06-02,-0.092515,-0.055688,-0.036827
2023-06-05,-0.094050,-0.059987,-0.034063
2023-06-06,-0.118855,-0.085915,-0.032939
2023-06-07,-0.119493,-0.093271,-0.026223
2023-06-08,-0.117267,-0.094701,-0.022566
2023-06-09,-0.106059,-0.081177,-0.024882
2023-06-12,-0.124659,-0.093079,-0.031581
2023-06-13,-0.118100,-0.077444,-0.040656
2023-06-14,-0.125588,-0.084856,-0.040732
2023-06-15,-0.117842,-0.082446,-0.035397
2023-06-16,-0.106955,-0.067460,-0.039495
2023-06-19,-0.125761,-0.087753,-0.038008
2023-06-20,-0.124207,-0.093799,-0.030408
2023-06-21,-0.130819,-0.106700,-0.024119
2023-06-26,-0.158934,-0.133129,-0.025805
2023-06-27,-0.153896,-0.134742,-0.019154
2023-06-28,-0.157315,-0.144687,-0.012628
2023-06-29,-0.144883,-0.135596,-0.009287
2023-06-30,-0.146538,-0.143268,-0.003269
2023-07-03,-0.131272,-0.128470,-0.002802
2023-07-04,-0.139977,-0.132788,-0.007188
2023-07-05,-0.152858,-0.138261,-0.014597
2023-07-06,-0.143985,-0.131380,-0.012605
2023-07-07,-0.159089,-0.139029,-0.020061
2023-07-10,-0.154034,-0.131966,-0.022067
2023-07-11,-0.128824,-0.111406,-0.017418
2023-07-12,-0.131729,-0.108999,-0.022730
2023-07-13,-0.126226,-0.097893,-0.028333
2023-07-14,-0.127204,-0.097863,-0.029341
2023-07-17,-0.128510,-0.089763,-0.038747
2023-07-18,-0.142344,-0.101955,-0.040389
2023-07-19,-0.132237,-0.098017,-0.034219
2023-07-20,-0.143091,-0.107407,-0.035684
2023-07-21,-0.129173,-0.097768,-0.031405
2023-07-24,-0.135444,-0.102168,-0.033276
2023-07-25,-0.102514,-0.070626,-0.031889
2023-07-26,-0.117963,-0.079833,-0.038130
2023-07-27,-0.115363,-0.076376,-0.038987
2023-07-28,-0.097732,-0.055123,-0.042610
2023-07-31,-0.083932,-0.037282,-0.046650
2023-08-01,-0.094401,-0.045523,-0.048878
2023-08-02,-0.086356,-0.033387,-0.052969
2023-08-03,-0.071429,-0.015245,-0.056185
2023-08-04,-0.070396,-0.019739,-0.050658
2023-08-07,-0.086560,-0.040116,-0.046444
2023-08-08,-0.091869,-0.040583,-0.051286
2023-08-09,-0.105182,-0.045406,-0.059776
2023-08-10,-0.096462,-0.032610,-0.063852
2023-08-11,-0.126699,-0.073754,-0.052945
2023-08-14,-0.131124,-0.079988,-0.051136
2023-08-15,-0.137738,-0.081024,-0.056714
2023-08-16,-0.146668,-0.086052,-0.060616
2023-08-17,-0.146688,-0.091502,-0.055186
2023-08-18,-0.146790,-0.094758,-0.052032
2023-08-21,-0.148135,-0.101542,-0.046593
2023-08-22,-0.146920,-0.101203,-0.045717
2023-08-23,-0.158286,-0.111618,-0.046668
2023-08-24,-0.139744,-0.087936,-0.051808
2023-08-25,-0.147539,-0.098899,-0.048640
2023-08-28,-0.129274,-0.086409,-0.042865
2023-08-29,-0.128013,-0.073214,-0.054799
2023-08-30,-0.122040,-0.070484,-0.051555
2023-08-31,-0.113174,-0.076877,-0.036297
2023-09-01,-0.097351,-0.062380,-0.034970
2023-09-04,-0.078832,-0.043409,-0.035423
2023-09-05,-0.096843,-0.048590,-0.048253
2023-09-06,-0.110097,-0.059288,-0.050810
2023-09-07,-0.124085,-0.073122,-0.050962
2023-09-08,-0.120539,-0.073728,-0.046811
2023-09-11,-0.122919,-0.079694,-0.043225
2023-09-12,-0.125660,-0.081389,-0.044271
2023-09-13,-0.122374,-0.091085,-0.031289
2023-09-14,-0.106192,-0.081629,-0.024563
2023-09-15,-0.095475,-0.079049,-0.016426
2023-09-18,-0.072370,-0.052120,-0.020250
2023-09-19,-0.070920,-0.052826,-0.018095
2023-09-20,-0.072840,-0.057757,-0.015083
2023-09-21,-0.077103,-0.059248,-0.017854
2023-09-22,-0.055819,-0.033703,-0.022115
2023-09-25,-0.060632,-0.036675,-0.023957
2023-09-26,-0.051759,-0.037478,-0.014281
2023-09-27,-0.058943,-0.049277,-0.009666
2023-09-28,-0.049538,-0.036354,-0.013184
2023-10-09,-0.053323,-0.031580,-0.021743
2023-10-10,-0.057512,-0.017149,-0.040363
2023-10-11,-0.056461,-0.016133,-0.040328
2023-10-12,-0.054359,-0.021650,-0.032709
2023-10-13,-0.043301,-0.023786,-0.019515
2023-10-16,-0.057269,-0.056180,-0.001089
2023-10-17,-0.041692,-0.053819,0.012127
2023-10-18,-0.045678,-0.059321,0.013643
2023-10-19,-0.055481,-0.064342,0.008861
2023-10-20,-0.058026,-0.065072,0.007046
2023-10-23,-0.074075,-0.071776,-0.002298
2023-10-24,-0.051955,-0.040249,-0.011706
2023-10-25,-0.061966,-0.033905,-0.028060
2023-10-26,-0.046858,-0.039039,-0.007820
2023-10-27,-0.037949,-0.018933,-0.019016
2023-10-30,-0.028411,0.011984,-0.040396
2023-10-31,0.004794,0.018186,-0.013392
2023-11-01,-0.020729,-0.017374,-0.003355
2023-11-02,-0.034767,-0.033612,-0.001155
2023-11-03,-0.023502,-0.017479,-0.006023
2023-11-06,-0.054675,-0.035719,-0.018956
2023-11-07,-0.056254,-0.041199,-0.015055
2023-11-08,-0.055150,-0.036876,-0.018274
2023-11-09,-0.040302,-0.027311,-0.012991
2023-11-10,-0.040196,-0.026915,-0.013281
2023-11-13,-0.057604,-0.055176,-0.002428
2023-11-14,-0.044439,-0.055867,0.011428
2023-11-15,-0.050771,-0.066922,0.016152
2023-11-16,-0.052119,-0.068337,0.016218
2023-11-17,-0.043442,-0.065622,0.022181
2023-11-20,-0.036822,-0.059252,0.022430
2023-11-21,-0.031097,-0.049895,0.018798
2023-11-22,-0.045435,-0.059728,0.014294
2023-11-23,-0.054154,-0.056183,0.002029
2023-11-24,-0.056850,-0.058241,0.001391
2023-11-27,-0.075187,-0.069877,-0.005310
2023-11-28,-0.067323,-0.057516,-0.009807
2023-11-29,-0.092755,-0.093573,0.000819
2023-11-30,-0.087730,-0.092613,0.004883
2023-12-01,-0.084666,-0.105755,0.021089
2023-12-04,-0.080402,-0.106126,0.025725
2023-12-05,-0.113322,-0.140014,0.026692
2023-12-06,-0.120544,-0.143289,0.022745
2023-12-07,-0.110961,-0.143279,0.032318
2023-12-08,-0.100692,-0.141373,0.040680
2023-12-11,-0.103249,-0.144761,0.041512
2023-12-12,-0.083854,-0.133211,0.049356
2023-12-13,-0.094258,-0.146000,0.051742
2023-12-14,-0.099493,-0.152452,0.052959
2023-12-15,-0.105126,-0.154464,0.049338
2023-12-18,-0.104633,-0.158023,0.053390
2023-12-19,-0.088660,-0.143629,0.054970
2023-12-20,-0.085435,-0.138814,0.053379
2023-12-21,-0.080530,-0.130444,0.049913
2023-12-22,-0.074966,-0.130030,0.055065
2023-12-25,-0.070604,-0.125586,0.054981
2023-12-26,-0.077572,-0.134955,0.057383
2023-12-27,-0.079543,-0.141850,0.062307
2023-12-28,-0.068507,-0.117977,0.049470
2023-12-29,-0.055655,-0.110351,0.054695
2024-01-02,-0.066422,-0.125343,0.058921
2024-01-03,-0.070276,-0.131073,0.060798
2024-01-04,-0.069143,-0.140228,0.071085
2024-01-05,-0.086571,-0.161133,0.074563
2024-01-08,-0.100848,-0.174541,0.073693
2024-01-09,-0.103954,-0.179566,0.075612
2024-01-10,-0.112612,-0.184280,0.071668
2024-01-11,-0.122698,-0.178143,0.055445
2024-01-12,-0.123051,-0.182609,0.059558
2024-01-15,-0.129695,-0.194744,0.065049
2024-01-16,-0.129815,-0.202293,0.072478
2024-01-17,-0.142545,-0.219509,0.076964
2024-01-18,-0.134388,-0.207147,0.072759
2024-01-19,-0.135090,-0.213241,0.078151
2024-01-22,-0.151675,-0.230210,0.078535
2024-01-23,-0.149563,-0.227094,0.077531
2024-01-24,-0.124865,-0.216289,0.091425
2024-01-25,-0.087960,-0.200551,0.112591
2024-01-26,-0.081248,-0.202727,0.121480
2024-01-29,-0.081920,-0.209868,0.127949
2024-01-30,-0.090954,-0.227620,0.136666
2024-01-31,-0.090585,-0.226495,0.135910
2024-02-01,-0.099664,-0.233135,0.133472
2024-02-02,-0.102087,-0.239532,0.137445
2024-02-05,-0.078673,-0.227256,0.148583
2024-02-06,-0.051643,-0.189678,0.138034
2024-02-07,-0.055546,-0.183331,0.127785
2024-02-08,-0.050320,-0.174481,0.124162
2024-02-19,-0.005004,-0.156326,0.151322
2024-02-20,-0.018495,-0.174826,0.156331
2024-02-21,-0.019209,-0.165884,0.146675
2024-02-22,0.003835,-0.151032,0.154866
2024-02-23,0.002398,-0.149601,0.151999
2024-02-26,-0.009588,-0.149639,0.140050
2024-02-27,0.002550,-0.135774,0.138324
2024-02-28,-0.012133,-0.152158,0.140025
2024-02-29,0.002229,-0.135984,0.138212
2024-03-01,0.003818,-0.142755,0.146573
2024-03-04,0.010143,-0.142761,0.152904
2024-03-05,0.023370,-0.136795,0.160165
2024-03-06,0.016097,-0.135789,0.151886
2024-03-07,0.020429,-0.128217,0.148645
2024-03-08,0.039879,-0.121266,0.161145
2024-03-11,0.060695,-0.095252,0.155947
2024-03-12,0.040888,-0.093178,0.134066
2024-03-13,0.015454,-0.108846,0.124300
2024-03-14,0.022209,-0.106026,0.128234
2024-03-15,0.020434,-0.104570,0.125004
2024-03-18,0.029017,-0.089746,0.118763
2024-03-19,0.024152,-0.096289,0.120441
2024-03-20,0.042586,-0.089793,0.132379
2024-03-21,0.039328,-0.100766,0.140094
2024-03-22,0.034965,-0.113626,0.148591
2024-03-25,0.038633,-0.124481,0.163113
2024-03-26,0.038245,-0.120013,0.158259
2024-03-27,0.043016,-0.127026,0.170042
2024-03-28,0.032786,-0.119652,0.152438
2024-03-29,0.049623,-0.116985,0.166608
2024-04-01,0.038889,-0.112389,0.151278
2024-04-02,0.045038,-0.116084,0.161122
2024-04-03,0.045247,-0.127799,0.173046
2024-04-08,0.054640,-0.142331,0.196971
2024-04-09,0.043285,-0.143039,0.186324
2024-04-10,0.046200,-0.146194,0.192394
2024-04-11,0.050046,-0.145339,0.195385
2024-04-12,0.045991,-0.151673,0.197665
2024-04-15,0.072844,-0.132678,0.205522
2024-04-16,0.075746,-0.141957,0.217703
2024-04-17,0.066867,-0.140739,0.207606
2024-04-18,0.052807,-0.142294,0.195101
2024-04-19,0.065695,-0.141324,0.207019
2024-04-22,0.066219,-0.124405,0.190624
2024-04-23,0.054333,-0.130525,0.184857
2024-04-24,0.064436,-0.115757,0.180193
2024-04-25,0.059060,-0.109116,0.168176
2024-04-26,0.063597,-0.094705,0.158302
2024-04-29,0.028495,-0.100564,0.129059
2024-04-30,0.033513,-0.105408,0.138921
2024-05-06,0.015776,-0.089373,0.105149
2024-05-07,0.017703,-0.089092,0.106795
2024-05-08,-0.007850,-0.106443,0.098593
2024-05-09,-0.002218,-0.090201,0.087984
2024-05-10,0.015498,-0.082712,0.098210
2024-05-13,0.032727,-0.069347,0.102073
2024-05-14,0.025844,-0.071287,0.097131
2024-05-15,0.001686,-0.093233,0.094919
2024-05-16,0.006868,-0.084925,0.091793
2024-05-17,0.022428,-0.071260,0.093687
2024-05-20,0.028114,-0.064286,0.092401
2024-05-21,0.031364,-0.068038,0.099402
2024-05-22,0.026074,-0.071770,0.097844
2024-05-23,0.040384,-0.069355,0.109739
2024-05-24,0.056301,-0.066754,0.123055
2024-05-27,0.079791,-0.055893,0.135684
2024-05-28,0.081951,-0.062785,0.144736
2024-05-29,0.079988,-0.057492,0.137479
2024-05-30,0.071147,-0.063433,0.134580
2024-05-31,0.085439,-0.057554,0.142993
2024-06-03,0.077600,-0.070713,0.148313
2024-06-04,0.076012,-0.063742,0.139754
2024-06-05,0.074210,-0.064892,0.139102
2024-06-06,0.089897,-0.056697,0.146594
2024-06-07,0.095279,-0.056799,0.152078
2024-06-11,0.060767,-0.076581,0.137348
2024-06-12,0.069367,-0.078116,0.147482
2024-06-13,0.072489,-0.087655,0.160145
2024-06-14,0.070489,-0.083460,0.153948
2024-06-17,0.045258,-0.107775,0.153033
2024-06-18,0.052640,-0.105406,0.158046
2024-06-19,0.066536,-0.102307,0.168843
2024-06-20,0.078559,-0.107272,0.185831
2024-06-21,0.088105,-0.095343,0.183449
2024-06-24,0.088284,-0.100211,0.188495
2024-06-25,0.085640,-0.105105,0.190746
2024-06-26,0.103899,-0.086474,0.190373
2024-06-27,0.090655,-0.101760,0.192414
2024-06-28,0.106109,-0.098714,0.204823
2024-07-01,0.124900,-0.094801,0.219702
2024-07-02,0.136139,-0.096464,0.232603
2024-07-03,0.106596,-0.110322,0.216918
2024-07-04,0.112249,-0.116235,0.228484
2024-07-05,0.111220,-0.113148,0.224368
2024-07-08,0.130629,-0.110814,0.241443
2024-07-09,0.142656,-0.100868,0.243524
2024-07-10,0.129409,-0.108045,0.237454
2024-07-11,0.122838,-0.103714,0.226552
2024-07-12,0.130539,-0.096539,0.227077
2024-07-15,0.125317,-0.108448,0.233765
2024-07-16,0.123931,-0.102798,0.226729
2024-07-17,0.128224,-0.094537,0.222760
2024-07-18,0.139848,-0.086645,0.226493
2024-07-19,0.134959,-0.080982,0.215941
2024-07-22,0.134295,-0.080324,0.214619
2024-07-23,0.135246,-0.099958,0.235204
2024-07-24,0.150411,-0.101716,0.252126
2024-07-25,0.101814,-0.131758,0.233573
2024-07-26,0.094163,-0.127392,0.221554
2024-07-29,0.082355,-0.150774,0.233129
2024-07-30,0.069164,-0.156123,0.225287
2024-07-31,0.064715,-0.142616,0.207331
2024-08-01,0.072182,-0.144755,0.216937
2024-08-02,0.077214,-0.147487,0.224701
2024-08-05,0.041462,-0.168448,0.209910
2024-08-06,0.036270,-0.168533,0.204803
2024-08-07,0.051510,-0.162565,0.214076
2024-08-08,0.050607,-0.160008,0.210615
2024-08-09,0.057582,-0.160285,0.217867
2024-08-12,0.075829,-0.143757,0.219587
2024-08-13,0.082830,-0.141561,0.224391
2024-08-14,0.093430,-0.141775,0.235204
2024-08-15,0.098657,-0.131180,0.229838
2024-08-16,0.119107,-0.123798,0.242905
2024-08-19,0.138653,-0.112851,0.251505
2024-08-20,0.135262,-0.119265,0.254527
2024-08-21,0.147744,-0.109375,0.257119
2024-08-22,0.138855,-0.118431,0.257286
2024-08-23,0.148514,-0.099940,0.248454
2024-08-26,0.149490,-0.103778,0.253268
2024-08-27,0.161018,-0.108871,0.269890
2024-08-28,0.140728,-0.124212,0.264940
2024-08-29,0.101540,-0.135202,0.236742
2024-08-30,0.090386,-0.123289,0.213674
2024-09-02,0.083546,-0.138858,0.222404
2024-09-03,0.057452,-0.136638,0.194089
2024-09-04,0.029124,-0.155053,0.184176
2024-09-05,0.030550,-0.147255,0.177805
2024-09-06,0.027276,-0.152328,0.179604
2024-09-09,0.029282,-0.146268,0.175550
2024-09-10,0.038675,-0.145516,0.184191
2024-09-11,0.005533,-0.154321,0.159854
2024-09-12,0.012079,-0.156393,0.168472
2024-09-13,0.013705,-0.154523,0.168228
2024-09-18,0.028069,-0.149341,0.177410
2024-09-19,0.017847,-0.140965,0.158811
2024-09-20,0.024570,-0.136180,0.160750
2024-09-23,0.018423,-0.140727,0.159150
2024-09-24,0.060093,-0.103511,0.163604
2024-09-25,0.078938,-0.084281,0.163219
2024-09-26,0.095827,-0.039961,0.135788
2024-09-27,0.093532,0.000859,0.092673
2024-09-30,0.153415,0.088990,0.064425
2024-10-08,0.161536,0.153565,0.007972
2024-10-09,0.105485,0.073615,0.031870
2024-10-10,0.157924,0.093150,0.064774
2024-10-11,0.142885,0.059882,0.083003
2024-10-14,0.161230,0.081326,0.079904
2024-10-15,0.131780,0.052569,0.079212
2024-10-16,0.137897,0.056524,0.081373
2024-10-17,0.119162,0.040891,0.078271
2024-10-18,0.143857,0.087147,0.056710
2024-10-21,0.173065,0.120951,0.052114
2024-10-22,0.178624,0.127383,0.051241
2024-10-23,0.191553,0.143620,0.047933
2024-10-24,0.192392,0.126666,0.065726
2024-10-25,0.190786,0.128967,0.061819
2024-10-28,0.176764,0.112781,0.063983
2024-10-29,0.173867,0.101690,0.072177
2024-10-30,0.173185,0.085296,0.087889
2024-10-31,0.162544,0.089161,0.073383
2024-11-01,0.179266,0.089327,0.089938
2024-11-04,0.176609,0.100615,0.075994
2024-11-05,0.185606,0.128463,0.057143
2024-11-06,0.170849,0.107821,0.063028
2024-11-07,0.181811,0.145297,0.036514
2024-11-08,0.176791,0.136519,0.040272
2024-11-11,0.168826,0.151859,0.016967
2024-11-12,0.156415,0.139203,0.017212
2024-11-13,0.159793,0.148483,0.011310
2024-11-14,0.152393,0.127737,0.024657
2024-11-15,0.141869,0.100237,0.041632
2024-11-18,0.167839,0.107148,0.060691
2024-11-19,0.165080,0.114577,0.050502
2024-11-20,0.163813,0.114489,0.049324
2024-11-21,0.164136,0.113997,0.050140
2024-11-22,0.148109,0.090644,0.057465
2024-11-25,0.147591,0.087642,0.059948
2024-11-26,0.151831,0.085407,0.066424
2024-11-27,0.176732,0.112502,0.064231
2024-11-28,0.170532,0.100619,0.069913
2024-11-29,0.179467,0.122773,0.056694
2024-12-02,0.169584,0.133438,0.036146
2024-12-03,0.183662,0.134662,0.049001
2024-12-04,0.201191,0.135954,0.065237
2024-12-05,0.216944,0.155359,0.061585
2024-12-06,0.233649,0.168708,0.064941
2024-12-09,0.223161,0.166824,0.056337
2024-12-10,0.226388,0.175375,0.051013
2024-12-11,0.222720,0.166512,0.056208
2024-12-12,0.225026,0.175587,0.049439
2024-12-13,0.225072,0.167251,0.057821
2024-12-16,0.256228,0.170666,0.085562
2024-12-17,0.257508,0.173716,0.083792
2024-12-18,0.258697,0.183975,0.074722
2024-12-19,0.248876,0.183387,0.065489
2024-12-20,0.253942,0.191127,0.062816
2024-12-23,0.270370,0.178693,0.091677
2024-12-24,0.283988,0.193712,0.090276
2024-12-25,0.295681,0.190647,0.105034
2024-12-26,0.292674,0.199318,0.093357
2024-12-27,0.282384,0.193226,0.089158
2024-12-30,0.270552,0.165527,0.105025
2024-12-31,0.264272,0.146833,0.117439
2025-01-02,0.244672,0.128176,0.116496
2025-01-03,0.233440,0.117473,0.115967
2025-01-06,0.241847,0.132125,0.109721
2025-01-07,0.246341,0.140278,0.106063
2025-01-08,0.268182,0.153120,0.115062
2025-01-09,0.252043,0.148027,0.104016
2025-01-10,0.255162,0.138948,0.116214
2025-01-13,0.251243,0.133471,0.117773
2025-01-14,0.266043,0.163320,0.102723
2025-01-15,0.259231,0.157002,0.102230
2025-01-16,0.261242,0.151323,0.109918
2025-01-17,0.275125,0.180627,0.094498
2025-01-20,0.260362,0.171235,0.089127
2025-01-21,0.258302,0.172131,0.086171
2025-01-22,0.257246,0.179602,0.077645
2025-01-23,0.265468,0.176925,0.088542
2025-01-24,0.231567,0.169585,0.061981
2025-01-27,0.189758,0.144957,0.044802
2025-02-05,0.177559,0.185807,-0.008248
2025-02-06,0.157719,0.160383,-0.002664
2025-02-07,0.157967,0.164214,-0.006247
2025-02-10,0.155106,0.159329,-0.004223
2025-02-11,0.164242,0.154003,0.010239
2025-02-12,0.168186,0.164916,0.003270
2025-02-13,0.166682,0.160541,0.006140
2025-02-14,0.169040,0.170607,-0.001567
2025-02-17,0.169374,0.173100,-0.003726
2025-02-18,0.173196,0.162812,0.010385
2025-02-19,0.132457,0.157573,-0.025117
2025-02-20,0.126085,0.151883,-0.025798
2025-02-21,0.113270,0.150879,-0.037609
2025-02-24,0.087753,0.137540,-0.049787
2025-02-25,0.078487,0.124912,-0.046425
2025-02-26,0.104991,0.146692,-0.041701
2025-02-27,0.091442,0.135439,-0.043997
2025-02-28,0.091331,0.127466,-0.036135
2025-03-03,0.062516,0.099121,-0.036605
2025-03-04,0.043104,0.097250,-0.054146
2025-03-05,0.040923,0.094533,-0.053611
2025-03-06,0.050250,0.114104,-0.063854
2025-03-07,0.048753,0.117372,-0.068619
2025-03-10,0.033567,0.108293,-0.074726
2025-03-11,0.034991,0.098115,-0.063124
2025-03-12,0.049476,0.091658,-0.042182
2025-03-13,0.064915,0.094957,-0.030042
2025-03-14,0.074215,0.124737,-0.050522
2025-03-17,0.072737,0.119552,-0.046815
2025-03-18,0.068819,0.112165,-0.043346
2025-03-19,0.078514,0.120901,-0.042388
2025-03-20,0.068249,0.108666,-0.040417
2025-03-21,0.058064,0.093159,-0.035095
2025-03-24,0.070480,0.109972,-0.039491
2025-03-25,0.064851,0.115306,-0.050455
2025-03-26,0.059674,0.105992,-0.046319
2025-03-27,0.066925,0.122651,-0.055726
2025-03-28,0.065372,0.111961,-0.046589
2025-03-31,0.048216,0.098892,-0.050677
2025-04-01,0.039633,0.081218,-0.041585
2025-04-02,0.037749,0.084819,-0.047071
2025-04-03,0.029340,0.082320,-0.052979
2025-04-07,-0.035404,0.006065,-0.041470
2025-04-08,-0.037388,0.032335,-0.069723
2025-04-09,-0.027380,0.043385,-0.070764
2025-04-10,-0.019614,0.065743,-0.085357
2025-04-11,-0.009419,0.070281,-0.079699
2025-04-14,-0.004212,0.081505,-0.085717
2025-04-15,-0.021184,0.059776,-0.080960
2025-04-16,-0.020347,0.074538,-0.094885
2025-04-17,-0.031573,0.058008,-0.089580
2025-04-18,-0.023928,0.056787,-0.080715
2025-04-21,-0.026772,0.068674,-0.095446
2025-04-22,-0.002257,0.071667,-0.073924
2025-04-23,0.011977,0.080046,-0.068069
2025-04-24,0.012239,0.074608,-0.062368
2025-04-25,0.006757,0.072717,-0.065960
2025-04-28,0.008366,0.055060,-0.046694
2025-04-29,0.017871,0.041715,-0.023844
2025-04-30,0.001681,0.046105,-0.044424
2025-05-06,0.015446,0.041188,-0.025742
2025-05-07,0.025285,0.047177,-0.021892
2025-05-08,0.028175,0.061341,-0.033165
2025-05-09,0.034480,0.049556,-0.015075
2025-05-12,0.042915,0.061187,-0.018273
2025-05-13,0.047907,0.063190,-0.015283
2025-05-14,0.067937,0.078249,-0.010312
2025-05-15,0.066275,0.077533,-0.011258
2025-05-16,0.060057,0.068326,-0.008268
2025-05-19,0.049767,0.054155,-0.004388
2025-05-20,0.045104,0.056140,-0.011036
2025-05-21,0.047813,0.065345,-0.017533
2025-05-22,0.049759,0.062267,-0.012508
2025-05-23,0.046452,0.066033,-0.019582
2025-05-26,0.041681,0.071812,-0.030131
2025-05-27,0.022802,0.056025,-0.033223
2025-05-28,0.020009,0.062915,-0.042905
2025-05-29,0.021214,0.067851,-0.046636
2025-05-30,0.028729,0.068419,-0.039690
2025-06-03,0.030783,0.073357,-0.042574
2025-06-04,0.034990,0.069993,-0.035002
2025-06-05,0.042843,0.078661,-0.035818
2025-06-06,0.032234,0.078427,-0.046193
2025-06-09,0.031454,0.087054,-0.055599
2025-06-10,0.030480,0.081520,-0.051039
2025-06-11,0.054590,0.099284,-0.044694
2025-06-12,0.048775,0.098213,-0.049438
2025-06-13,0.038440,0.095870,-0.057430
2025-06-16,0.046655,0.093821,-0.047166
2025-06-17,0.057139,0.094503,-0.037364
2025-06-18,0.058195,0.092899,-0.034704
2025-06-19,0.049153,0.089080,-0.039926
2025-06-20,0.044677,0.098011,-0.053334
2025-06-23,0.056821,0.103638,-0.046817
2025-06-24,0.070794,0.122877,-0.052083
2025-06-25,0.090656,0.145224,-0.054568
2025-06-26,0.089219,0.133829,-0.044610
2025-06-27,0.069506,0.135386,-0.065880
2025-06-30,0.056196,0.137050,-0.080854
2025-07-01,0.045497,0.133570,-0.088073
2025-07-02,0.031743,0.135921,-0.104178
2025-07-03,0.048877,0.145712,-0.096835
2025-07-04,0.055455,0.155664,-0.100209
2025-07-07,0.063943,0.155669,-0.091726
2025-07-08,0.061528,0.175406,-0.113879
2025-07-09,0.051436,0.160355,-0.108919
2025-07-10,0.070100,0.169453,-0.099353
2025-07-11,0.063025,0.157616,-0.094591
2025-07-14,0.068519,0.157030,-0.088511
2025-07-15,0.055506,0.156148,-0.100642
2025-07-16,0.050911,0.145477,-0.094566
2025-07-17,0.072332,0.152191,-0.079860
2025-07-18,0.070085,0.152693,-0.082608
2025-07-21,0.075303,0.154447,-0.079144
2025-07-22,0.084913,0.171850,-0.086938
2025-07-23,0.088139,0.197649,-0.109510
2025-07-24,0.073525,0.213819,-0.140294
2025-07-25,0.086972,0.214131,-0.127159
2025-07-28,0.105345,0.213103,-0.107758
2025-07-29,0.094261,0.224517,-0.130256
2025-07-30,0.105494,0.232049,-0.126555
2025-07-31,0.095876,0.184049,-0.088173
2025-08-01,0.087938,0.185905,-0.097968
2025-08-04,0.102190,0.202787,-0.100597
2025-08-05,0.134615,0.227358,-0.092743
2025-08-06,0.141708,0.230486,-0.088778
2025-08-07,0.138811,0.231388,-0.092576
2025-08-08,0.135976,0.227952,-0.091976
2025-08-11,0.132767,0.237385,-0.104618
2025-08-12,0.138971,0.245942,-0.106971
2025-08-13,0.139231,0.252577,-0.113346
2025-08-14,0.140040,0.261108,-0.121068
2025-08-15,0.130308,0.257454,-0.127147
2025-08-18,0.133601,0.267148,-0.133548
2025-08-19,0.117788,0.258090,-0.140302
2025-08-20,0.133280,0.281664,-0.148383
2025-08-21,0.144308,0.290950,-0.146641
2025-08-22,0.157743,0.321405,-0.163662
2025-08-25,0.169420,0.343242,-0.173821
2025-08-26,0.168192,0.339439,-0.171247
2025-08-27,0.139384,0.326987,-0.187603
2025-08-28,0.164364,0.358217,-0.193853
2025-08-29,0.211135,0.371934,-0.160799
2025-09-01,0.225486,0.361977,-0.136491
2025-09-02,0.216631,0.375325,-0.158694
2025-09-03,0.235815,0.362433,-0.126618
2025-09-04,0.237439,0.342249,-0.104810
2025-09-05,0.257798,0.369137,-0.111339
2025-09-08,0.257561,0.382571,-0.125009
2025-09-09,0.263517,0.389392,-0.125875
2025-09-10,0.256428,0.391018,-0.134591
2025-09-11,0.321353,0.427446,-0.106093
2025-09-12,0.307388,0.425388,-0.118000
2025-09-15,0.313601,0.434853,-0.121252
2025-09-16,0.311145,0.431777,-0.120632
2025-09-17,0.323252,0.440538,-0.117287
2025-09-18,0.292486,0.418510,-0.126024
2025-09-19,0.292042,0.408593,-0.116551
2025-09-22,0.296495,0.412852,-0.116357
2025-09-23,0.277010,0.406822,-0.129812
2025-09-24,0.236757,0.362229,-0.125472
2025-09-25,0.236106,0.350419,-0.114313
2025-09-26,0.204128,0.283396,-0.079268
2025-09-29,0.228436,0.247421,-0.018986
2025-09-30,0.171868,0.155018,0.016850
2025-10-09,0.235855,0.190471,0.045384
2025-10-10,0.174521,0.154846,0.019676
2025-10-13,0.187432,0.181832,0.005601
2025-10-14,0.155519,0.145840,0.009680
2025-10-15,0.206195,0.194580,0.011615
2025-10-16,0.207922,0.205353,0.002569
2025-10-17,0.199267,0.191649,0.007618
2025-10-20,0.189083,0.156167,0.032916
2025-10-21,0.222691,0.170937,0.051754
2025-10-22,0.221877,0.160390,0.061486
2025-10-23,0.225151,0.159350,0.065802
2025-10-24,0.248260,0.186277,0.061983
2025-10-27,0.277074,0.191992,0.085082
2025-10-28,0.272178,0.183598,0.088580
2025-10-29,0.278263,0.209749,0.068514
2025-10-30,0.273861,0.210945,0.062916
2025-10-31,0.257473,0.192655,0.064817
2025-11-03,0.239434,0.196241,0.043193
2025-11-04,0.241422,0.170844,0.070578
2025-11-05,0.231611,0.144067,0.087544
2025-11-06,0.264777,0.166271,0.098506
2025-11-07,0.241672,0.128589,0.113083
2025-11-10,0.248811,0.144004,0.104807
2025-11-11,0.251648,0.126125,0.125523
2025-11-12,0.272366,0.137104,0.135262
2025-11-13,0.277310,0.143808,0.133502
2025-11-14,0.267081,0.145687,0.121394
2025-11-17,0.255307,0.158540,0.096767
2025-11-18,0.234639,0.156393,0.078247
2025-11-19,0.243901,0.153738,0.090163
2025-11-20,0.238387,0.145312,0.093075
2025-11-21,0.204613,0.116389,0.088224
2025-11-24,0.230534,0.150645,0.079888
2025-11-25,0.248019,0.166917,0.081102
2025-11-26,0.247366,0.176411,0.070955
2025-11-27,0.235305,0.155709,0.079597
2025-11-28,0.242330,0.168909,0.073421
2025-12-01,0.252789,0.168491,0.084298
2025-12-02,0.239553,0.153687,0.085866
2025-12-03,0.217680,0.146553,0.071127
2025-12-04,0.210167,0.156723,0.053444
2025-12-05,0.226715,0.169051,0.057664
2025-12-08,0.235465,0.163249,0.072217
2025-12-09,0.229522,0.159243,0.070279
2025-12-10,0.217298,0.149210,0.068088
2025-12-11,0.211937,0.141232,0.070705
2025-12-12,0.203904,0.137135,0.066769
2025-12-15,0.207934,0.157349,0.050586
2025-12-16,0.175480,0.149727,0.025752
2025-12-17,0.196316,0.167732,0.028584
2025-12-18,0.188994,0.154976,0.034018
2025-12-19,0.199259,0.157832,0.041427
2025-12-22,0.215952,0.174115,0.041837
2025-12-23,0.202083,0.174691,0.027391
2025-12-24,0.189958,0.163258,0.026700
2025-12-25,0.175774,0.164820,0.010954
2025-12-26,0.180373,0.167966,0.012407
2025-12-29,0.184989,0.165369,0.019620
2025-12-30,0.180872,0.163096,0.017776
2025-12-31,0.181853,0.176632,0.005221
2026-01-05,0.235503,0.249682,-0.014179
2026-01-06,0.252305,0.271087,-0.018783
2026-01-07,0.245190,0.258307,-0.013116
2026-01-08,0.226520,0.250297,-0.023777
2026-01-09,0.245315,0.259014,-0.013698
2026-01-12,0.261543,0.283308,-0.021764
2026-01-13,0.265999,0.278984,-0.012985
2026-01-14,0.243104,0.241167,0.001937
2026-01-15,0.242397,0.251684,-0.009287
2026-01-16,0.222680,0.245104,-0.022424
2026-01-19,0.223567,0.241878,-0.018311
2026-01-20,0.221719,0.232187,-0.010468
2026-01-21,0.220813,0.232338,-0.011525
2026-01-22,0.229559,0.244057,-0.014499
2026-01-23,0.207336,0.236283,-0.028947
2026-01-26,0.204660,0.228054,-0.023394
2026-01-27,0.185226,0.232798,-0.047573
2026-01-28,0.181474,0.236021,-0.054547
2026-01-29,0.189506,0.245421,-0.055915
2026-01-30,0.179743,0.232969,-0.053226
2026-02-02,0.168680,0.206676,-0.037996
2026-02-03,0.163061,0.220857,-0.057796
2026-02-04,0.167713,0.230962,-0.063248
2026-02-05,0.185674,0.230651,-0.044977
2026-02-06,0.177224,0.208380,-0.031157
2026-02-09,0.192674,0.212285,-0.019611
2026-02-10,0.197517,0.211030,-0.013513
2026-02-11,0.186275,0.213920,-0.027645
2026-02-12,0.178093,0.204017,-0.025924
2026-02-13,0.165532,0.193404,-0.027872
2026-02-24,0.172297,0.185862,-0.013565
2026-02-25,0.191266,0.206396,-0.015130
2026-02-26,0.184883,0.193672,-0.008789
2026-02-27,0.180406,0.187124,-0.006718
2026-03-02,0.192334,0.215581,-0.023246
2026-03-03,0.182927,0.197360,-0.014433
2026-03-04,0.171932,0.184648,-0.012717
2026-03-05,0.175644,0.190931,-0.015286
2026-03-06,0.178606,0.177997,0.000609
2026-03-09,0.164687,0.170246,-0.005559
2026-03-10,0.183706,0.189870,-0.006164
2026-03-11,0.185142,0.193605,-0.008463
2026-03-12,0.185330,0.193605,-0.008275
2026-03-13,0.175263,0.193671,-0.018409
2026-03-16,0.170873,0.165978,0.004895
2026-03-17,0.171753,0.160291,0.011462
2026-03-18,0.175429,0.162339,0.013090
2026-03-19,0.159085,0.142907,0.016179
2026-03-20,0.154689,0.148939,0.005750
2026-03-23,0.116593,0.128567,-0.011973
2026-03-24,0.130759,0.137202,-0.006444
2026-03-25,0.161060,0.153897,0.007163
2026-03-26,0.145884,0.142414,0.003470
2026-03-27,0.140307,0.144990,-0.004683
2026-03-30,0.147049,0.147319,-0.000270
2026-03-31,0.134800,0.144763,-0.009964
2026-04-01,0.180232,0.164208,0.016023
2026-04-02,0.153918,0.153054,0.000864
2026-04-03,0.160948,0.150017,0.010932
2026-04-07,0.242783,0.237134,0.005649
2026-04-08,0.305433,0.258795,0.046637
2026-04-09,0.299010,0.238535,0.060475
2026-04-10,0.305635,0.241344,0.064291
2026-04-13,0.293156,0.238802,0.054354
2026-04-14,0.318926,0.250626,0.068300
2026-04-15,0.299389,0.245670,0.053719
2026-04-16,0.322415,0.255456,0.066959
2026-04-17,0.339430,0.253551,0.085879
2026-04-20,0.342952,0.261077,0.081874
2026-04-21,0.341231,0.259749,0.081482
2026-04-22,0.361372,0.268418,0.092954
2026-04-23,0.342008,0.263924,0.078084
2026-04-24,0.321447,0.260284,0.061162
2026-04-27,0.331450,0.259826,0.071623
2026-04-28,0.318795,0.258246,0.060549
2026-04-29,0.341187,0.274238,0.066949
2026-04-30,0.356881,0.274956,0.081926
2026-05-06,0.388236,0.280567,0.107669
2026-05-07,0.391650,0.278962,0.112688
2026-05-08,0.372107,0.264479,0.107628
2026-05-11,0.399292,0.287476,0.111816
2026-05-12,0.396995,0.271793,0.125203
2026-05-13,0.423416,0.282856,0.140560
2026-05-14,0.372228,0.246345,0.125883
2026-05-15,0.347282,0.243753,0.103529
2026-05-18,0.350401,0.242841,0.107560
2026-05-19,0.354620,0.251662,0.102959
2026-05-20,0.355682,0.244353,0.111329
2026-05-21,0.317387,0.221306,0.096080
2026-05-22,0.358513,0.237931,0.120582
2026-05-25,0.413581,0.267712,0.145870
2026-05-26,0.450749,0.281790,0.168959
2026-05-27,0.423320,0.278369,0.144951
2026-05-28,0.442679,0.280996,0.161682
2026-05-29,0.415320,0.267816,0.147505
2026-06-01,0.387511,0.261450,0.126061
2026-06-02,0.440138,0.279757,0.160381
2026-06-03,0.456849,0.282138,0.174711
2026-06-04,0.439755,0.267790,0.171965
2026-06-05,0.379486,0.242255,0.137230
2026-06-08,0.332657,0.216744,0.115914
2026-06-09,0.380695,0.235908,0.144787
2026-06-10,0.353606,0.228464,0.125142
2026-06-11,0.338076,0.212544,0.125532
2026-06-12,0.364541,0.227409,0.137132
2026-06-15,0.444986,0.265912,0.179075
2026-06-16,0.430901,0.260837,0.170064
2026-06-17,0.457572,0.274136,0.183436
2026-06-18,0.482424,0.275261,0.207163
2026-06-22,0.518599,0.315345,0.203254
2026-06-23,0.432858,0.275147,0.157711
2026-06-24,0.436045,0.266133,0.169913
2026-06-25,0.432858,0.267680,0.165178
2026-06-26,0.371553,0.233704,0.137849
2026-06-29,0.410183,0.256303,0.153880
2026-06-30,0.431888,0.265073,0.166814
2026-07-01,0.391827,0.257743,0.134084
2026-07-02,0.324530,0.220256,0.104274
2026-07-03,0.327375,0.220283,0.107091
2026-07-06,0.302817,0.215911,0.086906
2026-07-07,0.293693,0.208589,0.085104
2026-07-08,0.280976,0.189343,0.091632
2026-07-09,0.332475,0.221704,0.110771
2026-07-10,0.279408,0.192211,0.087197
2026-07-13,0.251696,0.169515,0.082181
2026-07-14,0.302603,0.193851,0.108752
2026-07-15,0.273899,0.191020,0.082880
2026-07-16,0.244919,0.172497,0.072422
2026-07-17,0.162065,0.122595,0.039470
2026-07-20,0.166801,0.132996,0.033805
2026-07-21,0.241122,0.159981,0.081141
2026-07-22,0.234858,0.145250,0.089608
2026-07-23,0.237917,0.147637,0.090280
2026-07-24,0.212175,0.120546,0.091629
2026-07-27,0.236335,0.139386,0.096948
2026-07-28,0.160642,0.104864,0.055778
2026-07-29,0.166675,0.107957,0.058718
2026-07-30,0.127968,0.095991,0.031978
2026-07-31,0.169615,0.125776,0.043839
2026-08-03,0.150231,0.120409,0.029822
2026-08-04,0.189083,0.130255,0.058828
2026-08-05,0.218314,0.135179,0.083135
2026-08-06,0.228493,0.130745,0.097748
2026-08-07,0.248482,0.140903,0.107579
2026-08-10,0.247158,0.145446,0.101713
2026-08-11,0.217545,0.131299,0.086247
2026-08-12,0.223913,0.132025,0.091888
2026-08-13,0.200096,0.116691,0.083405
2026-08-14,0.204108,0.118029,0.086080
2026-08-17,0.242942,0.128202,0.114740
2026-08-18,0.219578,0.114733,0.104845
2026-08-19,0.159186,0.086502,0.072684
2026-08-20,0.152415,0.075233,0.077182
2026-08-21,0.164550,0.077151,0.087399
2026-08-24,0.109754,0.042286,0.067468
2026-08-25,0.088158,0.018529,0.069629
2026-08-26,0.104952,0.031038,0.073914
2026-08-27,0.146748,0.055664,0.091084
2026-08-28,0.122489,0.032573,0.089916
2026-08-31,0.114422,0.028538,0.085884
2026-09-01,0.102615,0.019393,0.083221
2026-09-02,0.085308,0.012807,0.072501
2026-09-03,0.095081,0.020797,0.074284
2026-09-04,0.098297,0.041886,0.056412
2026-09-07,0.111215,0.025716,0.085499
2026-09-08,0.115187,0.020407,0.094780
2026-09-09,0.130497,0.030733,0.099764
