Date,Strategy,CSI300,Excess
2008-09-16,0.197964,0.274012,-0.076048
2008-09-17,0.195757,0.258648,-0.062891
2008-09-18,0.191090,0.251397,-0.060307
2008-09-19,0.223865,0.287598,-0.063732
2008-09-22,0.260332,0.337205,-0.076872
2008-09-23,0.244769,0.323408,-0.078639
2008-09-24,0.251119,0.326594,-0.075474
2008-09-25,0.263488,0.343875,-0.080387
2008-09-26,0.267311,0.346772,-0.079462
2008-10-06,0.242135,0.323895,-0.081760
2008-10-07,0.235078,0.318430,-0.083353
2008-10-08,0.222359,0.301584,-0.079225
2008-10-09,0.214317,0.295641,-0.081325
2008-10-10,0.199034,0.280935,-0.081901
2008-10-13,0.200667,0.293933,-0.093265
2008-10-14,0.197498,0.288278,-0.090780
2008-10-15,0.188112,0.283765,-0.095653
2008-10-16,0.168886,0.262524,-0.093639
2008-10-17,0.174486,0.268753,-0.094267
2008-10-20,0.183196,0.282135,-0.098939
2008-10-21,0.182779,0.276555,-0.093775
2008-10-22,0.176105,0.265584,-0.089479
2008-10-23,0.181387,0.265920,-0.084533
2008-10-24,0.174460,0.252536,-0.078076
2008-10-27,0.158705,0.236215,-0.077510
2008-10-28,0.172449,0.252707,-0.080258
2008-10-29,0.162983,0.240945,-0.077962
2008-10-30,0.170912,0.250706,-0.079794
2008-10-31,0.159020,0.238247,-0.079227
2008-11-03,0.162121,0.236531,-0.074410
2008-11-04,0.153324,0.228304,-0.074980
2008-11-05,0.165007,0.244112,-0.079105
2008-11-06,0.154404,0.233818,-0.079414
2008-11-07,0.158838,0.241280,-0.082443
2008-11-10,0.186019,0.278085,-0.092066
2008-11-11,0.180519,0.272371,-0.091852
2008-11-12,0.185106,0.277224,-0.092117
2008-11-13,0.201935,0.294074,-0.092140
2008-11-14,0.226161,0.311229,-0.085068
2008-11-17,0.244799,0.320696,-0.075897
2008-11-18,0.212640,0.277604,-0.064963
2008-11-19,0.238683,0.303318,-0.064635
2008-11-20,0.236053,0.298691,-0.062638
2008-11-21,0.227068,0.295269,-0.068201
2008-11-24,0.211581,0.277461,-0.065880
2008-11-25,0.211005,0.275422,-0.064417
2008-11-26,0.211753,0.277553,-0.065800
2008-11-27,0.217095,0.283753,-0.066658
2008-11-28,0.211452,0.276307,-0.064855
2008-12-01,0.231564,0.287702,-0.056137
2008-12-02,0.239262,0.290262,-0.051000
2008-12-03,0.256734,0.309322,-0.052588
2008-12-04,0.261106,0.316051,-0.054945
2008-12-05,0.272987,0.327987,-0.055000
2008-12-08,0.279576,0.338290,-0.058714
2008-12-09,0.266915,0.319989,-0.053074
2008-12-10,0.275158,0.331856,-0.056699
2008-12-11,0.266729,0.321172,-0.054443
2008-12-12,0.254228,0.301840,-0.047612
2008-12-15,0.254703,0.301225,-0.046522
2008-12-16,0.255884,0.302514,-0.046630
2008-12-17,0.260127,0.304029,-0.043902
2008-12-18,0.266548,0.313448,-0.046900
2008-12-19,0.269678,0.314777,-0.045099
2008-12-22,0.262192,0.304548,-0.042355
2008-12-23,0.238611,0.279600,-0.040989
2008-12-24,0.232849,0.272474,-0.039625
2008-12-25,0.227666,0.268798,-0.041132
2008-12-26,0.222451,0.263856,-0.041406
2008-12-29,0.212397,0.257822,-0.045426
2008-12-30,0.214827,0.256853,-0.042026
2008-12-31,0.210276,0.253250,-0.042975
2009-01-05,0.199104,0.252145,-0.053041
2009-01-06,0.207709,0.260514,-0.052804
2009-01-07,0.204253,0.257996,-0.053742
2009-01-08,0.196258,0.248547,-0.052289
2009-01-09,0.202339,0.252965,-0.050626
2009-01-12,0.200657,0.249862,-0.049204
2009-01-13,0.192077,0.242204,-0.050126
2009-01-14,0.207880,0.259410,-0.051530
2009-01-15,0.209350,0.259331,-0.049981
2009-01-16,0.220696,0.274458,-0.053762
2009-01-19,0.213519,0.266251,-0.052732
2009-01-20,0.216083,0.268010,-0.051926
2009-01-21,0.212442,0.267283,-0.054841
2009-01-22,0.221712,0.272038,-0.050326
2009-01-23,0.222843,0.268372,-0.045529
2009-02-02,0.217171,0.267747,-0.050576
2009-02-03,0.227394,0.278310,-0.050916
2009-02-04,0.234948,0.289824,-0.054876
2009-02-05,0.231531,0.286752,-0.055221
2009-02-06,0.238848,0.293722,-0.054875
2009-02-09,0.263093,0.310860,-0.047767
2009-02-10,0.263030,0.311122,-0.048092
2009-02-11,0.263829,0.311944,-0.048114
2009-02-12,0.263144,0.309538,-0.046394
2009-02-13,0.271755,0.324878,-0.053123
2009-02-16,0.283215,0.341406,-0.058191
2009-02-17,0.272252,0.327174,-0.054922
2009-02-18,0.253830,0.306556,-0.052726
2009-02-19,0.260616,0.310861,-0.050245
2009-02-20,0.272984,0.318984,-0.046000
2009-02-23,0.281052,0.322816,-0.041764
2009-02-24,0.260408,0.299291,-0.038883
2009-02-25,0.253326,0.299743,-0.046417
2009-02-26,0.226318,0.277933,-0.051615
2009-02-27,0.219990,0.268834,-0.048843
2009-03-02,0.233255,0.277335,-0.044080
2009-03-03,0.227891,0.271662,-0.043772
2009-03-04,0.255174,0.299352,-0.044178
2009-03-05,0.255360,0.303088,-0.047728
2009-03-06,0.251058,0.300794,-0.049735
2009-03-09,0.248693,0.299213,-0.050520
2009-03-10,0.254102,0.304719,-0.050617
2009-03-11,0.251218,0.300748,-0.049530
2009-03-12,0.248401,0.299833,-0.051433
2009-03-13,0.241202,0.293154,-0.051952
2009-03-16,0.241430,0.296908,-0.055478
2009-03-17,0.260813,0.313841,-0.053028
2009-03-18,0.266990,0.315771,-0.048782
2009-03-19,0.279344,0.325089,-0.045745
2009-03-20,0.278867,0.318755,-0.039889
2009-03-23,0.282273,0.325051,-0.042778
2009-03-24,0.286115,0.329805,-0.043690
2009-03-25,0.275343,0.320621,-0.045277
2009-03-26,0.286770,0.334850,-0.048080
2009-03-27,0.290823,0.334823,-0.044000
2009-03-30,0.290446,0.330174,-0.039728
2009-03-31,0.298895,0.332027,-0.033132
2009-04-01,0.303163,0.339147,-0.035984
2009-04-02,0.304442,0.344065,-0.039624
2009-04-03,0.289243,0.335434,-0.046191
2009-04-07,0.281158,0.326856,-0.045698
2009-04-08,0.265608,0.309889,-0.044281
2009-04-09,0.272557,0.316603,-0.044045
2009-04-10,0.288622,0.324158,-0.035536
2009-04-13,0.308688,0.344130,-0.035442
2009-04-14,0.304317,0.337569,-0.033252
2009-04-15,0.306545,0.339252,-0.032707
2009-04-16,0.304444,0.339272,-0.034828
2009-04-17,0.300414,0.330898,-0.030484
2009-04-20,0.292194,0.336428,-0.044235
2009-04-21,0.276149,0.325373,-0.049224
2009-04-22,0.258751,0.308793,-0.050041
2009-04-23,0.262417,0.311712,-0.049295
2009-04-24,0.250475,0.310679,-0.060204
2009-04-27,0.235626,0.295745,-0.060119
2009-04-28,0.233083,0.290318,-0.057235
2009-04-29,0.243386,0.304981,-0.061594
2009-04-30,0.248541,0.307906,-0.059365
2009-05-04,0.259832,0.322920,-0.063088
2009-05-05,0.263564,0.324981,-0.061417
2009-05-06,0.269081,0.331103,-0.062022
2009-05-07,0.263728,0.331440,-0.067711
2009-05-08,0.244116,0.317928,-0.073812
2009-05-11,0.222422,0.294951,-0.072529
2009-05-12,0.220293,0.290910,-0.070617
2009-05-13,0.223616,0.294825,-0.071210
2009-05-14,0.224832,0.291533,-0.066701
2009-05-15,0.209069,0.274019,-0.064950
2009-05-18,0.223808,0.282873,-0.059065
2009-05-19,0.217577,0.276290,-0.058713
2009-05-20,0.215821,0.272201,-0.056380
2009-05-21,0.209969,0.262653,-0.052684
2009-05-22,0.214887,0.258902,-0.044015
2009-05-25,0.233213,0.281596,-0.048384
2009-05-26,0.224319,0.268962,-0.044643
2009-05-27,0.224706,0.275145,-0.050439
2009-06-01,0.215868,0.267743,-0.051875
2009-06-02,0.225604,0.272611,-0.047008
2009-06-03,0.229007,0.283517,-0.054510
2009-06-04,0.226176,0.285604,-0.059427
2009-06-05,0.222416,0.279517,-0.057101
2009-06-08,0.248365,0.305230,-0.056865
2009-06-09,0.260834,0.317625,-0.056791
2009-06-10,0.264586,0.321920,-0.057333
2009-06-11,0.261977,0.317784,-0.055807
2009-06-12,0.250313,0.308353,-0.058040
2009-06-15,0.255426,0.321462,-0.066036
2009-06-16,0.243053,0.309737,-0.066684
2009-06-17,0.250011,0.316975,-0.066964
2009-06-18,0.254126,0.323770,-0.069644
2009-06-19,0.249936,0.321402,-0.071467
2009-06-22,0.249332,0.322873,-0.073540
2009-06-23,0.244728,0.320458,-0.075730
2009-06-24,0.254432,0.325694,-0.071262
2009-06-25,0.252642,0.325296,-0.072654
2009-06-26,0.247296,0.318964,-0.071668
2009-06-29,0.246586,0.316044,-0.069458
2009-06-30,0.243153,0.314544,-0.071391
2009-07-01,0.251774,0.324355,-0.072581
2009-07-02,0.255098,0.330389,-0.075291
2009-07-03,0.251567,0.328089,-0.076523
2009-07-06,0.259131,0.334911,-0.075780
2009-07-07,0.256975,0.332967,-0.075993
2009-07-08,0.264261,0.334532,-0.070271
2009-07-09,0.271245,0.340350,-0.069105
2009-07-10,0.269536,0.340079,-0.070543
2009-07-13,0.287843,0.356642,-0.068799
2009-07-14,0.294545,0.365416,-0.070871
2009-07-15,0.296414,0.370477,-0.074063
2009-07-16,0.293511,0.371514,-0.078002
2009-07-17,0.292504,0.368869,-0.076366
2009-07-20,0.310390,0.387231,-0.076840
2009-07-21,0.296432,0.376906,-0.080475
2009-07-22,0.304580,0.385551,-0.080971
2009-07-23,0.306926,0.391295,-0.084369
2009-07-24,0.300150,0.392557,-0.092408
2009-07-27,0.313547,0.403005,-0.089457
2009-07-28,0.324133,0.409451,-0.085318
2009-07-29,0.295860,0.384324,-0.088464
2009-07-30,0.301404,0.394149,-0.092745
2009-07-31,0.328853,0.423641,-0.094788
2009-08-03,0.342757,0.438689,-0.095932
2009-08-04,0.359864,0.450064,-0.090200
2009-08-05,0.354561,0.444210,-0.089648
2009-08-06,0.350049,0.434125,-0.084076
2009-08-07,0.342947,0.426740,-0.083794
2009-08-10,0.327369,0.407401,-0.080032
2009-08-11,0.331020,0.407426,-0.076406
2009-08-12,0.308915,0.386133,-0.077218
2009-08-13,0.309041,0.392014,-0.082973
2009-08-14,0.308009,0.389852,-0.081843
2009-08-17,0.272439,0.351664,-0.079225
2009-08-18,0.273800,0.357539,-0.083740
2009-08-19,0.252670,0.334700,-0.082030
2009-08-20,0.268440,0.353590,-0.085150
2009-08-21,0.275324,0.361075,-0.085751
2009-08-24,0.272647,0.357013,-0.084366
2009-08-25,0.261372,0.338977,-0.077605
2009-08-26,0.274116,0.347896,-0.073780
2009-08-27,0.274193,0.345613,-0.071421
2009-08-28,0.250143,0.319607,-0.069464
2009-08-31,0.213809,0.283461,-0.069651
2009-09-01,0.216448,0.292147,-0.075698
2009-09-02,0.219043,0.299261,-0.080218
2009-09-03,0.241341,0.322950,-0.081609
2009-09-04,0.239989,0.320219,-0.080230
2009-09-07,0.244053,0.327016,-0.082964
2009-09-08,0.250700,0.335200,-0.084500
2009-09-09,0.256709,0.338552,-0.081843
2009-09-10,0.252389,0.334068,-0.081679
2009-09-11,0.257557,0.342344,-0.084787
2009-09-14,0.269517,0.350098,-0.080581
2009-09-15,0.265137,0.343365,-0.078228
2009-09-16,0.261521,0.337318,-0.075797
2009-09-17,0.268900,0.345728,-0.076828
2009-09-18,0.249505,0.324980,-0.075475
2009-09-21,0.242872,0.322435,-0.079564
2009-09-22,0.233756,0.315661,-0.081904
2009-09-23,0.223072,0.305646,-0.082573
2009-09-24,0.227255,0.308606,-0.081351
2009-09-25,0.222435,0.306203,-0.083768
2009-09-28,0.203680,0.289304,-0.085624
2009-09-29,0.201587,0.284251,-0.082664
2009-09-30,0.208599,0.288918,-0.080319
2009-10-09,0.223327,0.301189,-0.077862
2009-10-12,0.234761,0.302430,-0.067669
2009-10-13,0.242536,0.307521,-0.064985
2009-10-14,0.248966,0.311444,-0.062478
2009-10-15,0.251199,0.313100,-0.061902
2009-10-16,0.261200,0.317183,-0.055983
2009-10-19,0.265616,0.322472,-0.056855
2009-10-20,0.268902,0.328605,-0.059703
2009-10-21,0.266890,0.327518,-0.060628
2009-10-22,0.263831,0.324627,-0.060796
2009-10-23,0.283073,0.343119,-0.060046
2009-10-26,0.267179,0.328519,-0.061340
2009-10-27,0.262521,0.320658,-0.058136
2009-10-28,0.265427,0.322595,-0.057169
2009-10-29,0.253525,0.311609,-0.058084
2009-10-30,0.257971,0.313895,-0.055924
2009-11-02,0.267403,0.318658,-0.051254
2009-11-03,0.270224,0.321593,-0.051370
2009-11-04,0.270178,0.323956,-0.053778
2009-11-05,0.271151,0.325288,-0.054137
2009-11-06,0.275338,0.321890,-0.046552
2009-11-09,0.274305,0.318619,-0.044315
2009-11-10,0.283620,0.325635,-0.042015
2009-11-11,0.281106,0.324611,-0.043505
2009-11-12,0.280759,0.325157,-0.044397
2009-11-13,0.288683,0.335942,-0.047259
2009-11-16,0.285221,0.332273,-0.047052
2009-11-17,0.282754,0.324348,-0.041594
2009-11-18,0.280659,0.324576,-0.043917
2009-11-19,0.281455,0.326060,-0.044604
2009-11-20,0.277686,0.316000,-0.038314
2009-11-23,0.267952,0.308821,-0.040869
2009-11-24,0.249532,0.294252,-0.044720
2009-11-25,0.259599,0.304092,-0.044494
2009-11-26,0.244550,0.286630,-0.042081
2009-11-27,0.219694,0.269874,-0.050180
2009-11-30,0.213334,0.270000,-0.056667
2009-12-01,0.208185,0.272234,-0.064049
2009-12-02,0.215131,0.276566,-0.061435
2009-12-03,0.213106,0.275803,-0.062697
2009-12-04,0.210651,0.269518,-0.058868
2009-12-07,0.223821,0.273655,-0.049834
2009-12-08,0.231934,0.284097,-0.052163
2009-12-09,0.224764,0.275830,-0.051066
2009-12-10,0.226639,0.278548,-0.051909
2009-12-11,0.208251,0.259355,-0.051104
2009-12-14,0.191862,0.253076,-0.061213
2009-12-15,0.175747,0.242601,-0.066854
2009-12-16,0.173124,0.239981,-0.066856
2009-12-17,0.164216,0.230557,-0.066341
2009-12-18,0.133638,0.209671,-0.076033
2009-12-21,0.141139,0.211754,-0.070615
2009-12-22,0.133179,0.203637,-0.070458
2009-12-23,0.136117,0.207381,-0.071264
2009-12-24,0.150033,0.219601,-0.069568
2009-12-25,0.141173,0.208771,-0.067599
2009-12-28,0.137357,0.206640,-0.069283
2009-12-29,0.128883,0.197022,-0.068139
2009-12-30,0.133319,0.203610,-0.070291
2009-12-31,0.134555,0.205503,-0.070948
2010-01-04,0.130728,0.195876,-0.065148
2010-01-05,0.130180,0.197998,-0.067818
2010-01-06,0.128405,0.195493,-0.067088
2010-01-07,0.122788,0.187534,-0.064745
2010-01-08,0.116449,0.177514,-0.061065
2010-01-11,0.089184,0.159857,-0.070673
2010-01-12,0.093569,0.175953,-0.082384
2010-01-13,0.078907,0.163198,-0.084291
2010-01-14,0.084277,0.168603,-0.084326
2010-01-15,0.067104,0.150439,-0.083334
2010-01-18,0.050651,0.147456,-0.096805
2010-01-19,0.038802,0.135440,-0.096637
2010-01-20,0.027658,0.123107,-0.095449
2010-01-21,0.027161,0.124665,-0.097504
2010-01-22,0.008538,0.105530,-0.096993
2010-01-25,0.015070,0.107063,-0.091993
2010-01-26,-0.004200,0.088714,-0.092914
2010-01-27,-0.007730,0.083742,-0.091472
2010-01-28,-0.005768,0.084644,-0.090412
2010-01-29,-0.010513,0.075320,-0.085834
2010-02-01,0.005672,0.095929,-0.090258
2010-02-02,0.018606,0.110397,-0.091791
2010-02-03,0.030440,0.120254,-0.089814
2010-02-04,0.028824,0.118874,-0.090050
2010-02-05,0.022615,0.115464,-0.092849
2010-02-08,0.010367,0.093387,-0.083020
2010-02-09,0.011875,0.097518,-0.085643
2010-02-10,0.017092,0.102681,-0.085590
2010-02-11,0.018443,0.103398,-0.084955
2010-02-12,0.007605,0.093671,-0.086066
2010-02-22,-0.014706,0.064998,-0.079704
2010-02-23,-0.017679,0.061172,-0.078852
2010-02-24,-0.012410,0.066219,-0.078628
2010-02-25,-0.006442,0.071413,-0.077855
2010-02-26,-0.007309,0.066185,-0.073493
2010-03-01,0.030115,0.103568,-0.073452
2010-03-02,0.021352,0.096930,-0.075578
2010-03-03,0.023102,0.099556,-0.076454
2010-03-04,0.013360,0.090189,-0.076829
2010-03-05,0.021856,0.096060,-0.074205
2010-03-08,-0.004261,0.077397,-0.081658
2010-03-09,0.004715,0.081777,-0.077062
2010-03-10,0.000574,0.078914,-0.078340
2010-03-11,-0.000933,0.078588,-0.079521
2010-03-12,-0.005663,0.073130,-0.078793
2010-03-15,-0.012045,0.063608,-0.075653
2010-03-16,-0.005898,0.071527,-0.077425
2010-03-17,0.001595,0.079269,-0.077674
2010-03-18,0.001891,0.078569,-0.076678
2010-03-19,-0.003408,0.073924,-0.077333
2010-03-22,-0.003382,0.067972,-0.071353
2010-03-23,-0.003870,0.064399,-0.068269
2010-03-24,-0.002109,0.064519,-0.066628
2010-03-25,-0.007307,0.059345,-0.066652
2010-03-26,-0.007568,0.058172,-0.065739
2010-03-29,-0.006975,0.064624,-0.071599
2010-03-30,-0.004290,0.065682,-0.069972
2010-03-31,-0.007647,0.063451,-0.071098
2010-04-01,-0.002515,0.068337,-0.070853
2010-04-02,-0.009650,0.061333,-0.070983
2010-04-06,-0.023986,0.046394,-0.070380
2010-04-07,-0.024076,0.044527,-0.068603
2010-04-08,-0.028158,0.040377,-0.068535
2010-04-09,-0.030520,0.036094,-0.066614
2010-04-12,-0.046153,0.018041,-0.064194
2010-04-13,-0.045873,0.022874,-0.068747
2010-04-14,-0.041468,0.024078,-0.065546
2010-04-15,-0.041799,0.023160,-0.064960
2010-04-16,-0.052921,0.010168,-0.063089
2010-04-19,-0.052640,0.002756,-0.055396
2010-04-20,-0.063441,-0.011887,-0.051554
2010-04-21,-0.054960,-0.005359,-0.049601
2010-04-22,-0.055741,-0.008972,-0.046769
2010-04-23,-0.066107,-0.024015,-0.042092
2010-04-26,-0.070614,-0.031676,-0.038938
2010-04-27,-0.071397,-0.036065,-0.035333
2010-04-28,-0.072454,-0.037209,-0.035245
2010-04-29,-0.080741,-0.041089,-0.039653
2010-04-30,-0.091576,-0.048319,-0.043256
2010-05-04,-0.092284,-0.053301,-0.038983
2010-05-05,-0.090417,-0.051534,-0.038883
2010-05-06,-0.104287,-0.066291,-0.037997
2010-05-07,-0.112460,-0.072790,-0.039671
2010-05-10,-0.122848,-0.084463,-0.038385
2010-05-11,-0.129374,-0.088845,-0.040529
2010-05-12,-0.130928,-0.086968,-0.043960
2010-05-13,-0.120261,-0.079603,-0.040657
2010-05-14,-0.129358,-0.084230,-0.045128
2010-05-17,-0.149705,-0.104365,-0.045340
2010-05-18,-0.142505,-0.098023,-0.044482
2010-05-19,-0.141792,-0.099020,-0.042772
2010-05-20,-0.145440,-0.102967,-0.042473
2010-05-21,-0.141088,-0.102621,-0.038467
2010-05-24,-0.136379,-0.098326,-0.038053
2010-05-25,-0.148676,-0.109529,-0.039147
2010-05-26,-0.149724,-0.109529,-0.040195
2010-05-27,-0.144186,-0.104699,-0.039487
2010-05-28,-0.149324,-0.112149,-0.037176
2010-05-31,-0.147181,-0.109553,-0.037629
2010-06-01,-0.147598,-0.103140,-0.044458
2010-06-02,-0.144529,-0.101685,-0.042843
2010-06-03,-0.146380,-0.104021,-0.042359
2010-06-04,-0.125976,-0.078871,-0.047105
2010-06-07,-0.154764,-0.108319,-0.046445
2010-06-08,-0.155751,-0.110685,-0.045066
2010-06-09,-0.148413,-0.101684,-0.046729
2010-06-10,-0.150541,-0.105154,-0.045388
2010-06-11,-0.156221,-0.111390,-0.044831
2010-06-17,-0.167850,-0.125376,-0.042475
2010-06-18,-0.183788,-0.139233,-0.044555
2010-06-21,-0.175716,-0.128247,-0.047469
2010-06-22,-0.167581,-0.117586,-0.049995
2010-06-23,-0.169350,-0.120259,-0.049091
2010-06-24,-0.170510,-0.120365,-0.050144
2010-06-25,-0.164222,-0.109706,-0.054516
2010-06-28,-0.164786,-0.110366,-0.054420
2010-06-29,-0.171412,-0.116934,-0.054478
2010-06-30,-0.173811,-0.120234,-0.053577
2010-07-01,-0.178108,-0.124488,-0.053620
2010-07-02,-0.179027,-0.123061,-0.055966
2010-07-05,-0.171013,-0.107761,-0.063251
2010-07-06,-0.176706,-0.116022,-0.060684
2010-07-07,-0.173364,-0.114005,-0.059359
2010-07-08,-0.172466,-0.114527,-0.057939
2010-07-09,-0.170878,-0.115184,-0.055694
2010-07-12,-0.170032,-0.111612,-0.058420
2010-07-13,-0.172602,-0.116489,-0.056113
2010-07-14,-0.171525,-0.114368,-0.057157
2010-07-15,-0.175947,-0.119413,-0.056534
2010-07-16,-0.163038,-0.108957,-0.054081
2010-07-19,-0.165247,-0.110149,-0.055098
2010-07-20,-0.171681,-0.116247,-0.055433
2010-07-21,-0.171019,-0.115620,-0.055399
2010-07-22,-0.167572,-0.111992,-0.055580
2010-07-23,-0.179057,-0.124121,-0.054936
2010-07-26,-0.184877,-0.132319,-0.052558
2010-07-27,-0.184810,-0.134165,-0.050644
2010-07-28,-0.178638,-0.127202,-0.051436
2010-07-29,-0.177533,-0.125755,-0.051777
2010-07-30,-0.185429,-0.133544,-0.051886
2010-08-02,-0.183136,-0.130394,-0.052742
2010-08-03,-0.201498,-0.145808,-0.055690
2010-08-04,-0.198837,-0.144770,-0.054067
2010-08-05,-0.198412,-0.147315,-0.051097
2010-08-06,-0.199996,-0.149135,-0.050861
2010-08-09,-0.205028,-0.151511,-0.053517
2010-08-10,-0.206192,-0.156901,-0.049291
2010-08-11,-0.204024,-0.155162,-0.048862
2010-08-12,-0.207274,-0.158517,-0.048757
2010-08-13,-0.200461,-0.154307,-0.046154
2010-08-16,-0.196058,-0.147835,-0.048223
2010-08-17,-0.186997,-0.140046,-0.046951
2010-08-18,-0.185927,-0.140527,-0.045400
2010-08-19,-0.184634,-0.138771,-0.045863
2010-08-20,-0.209643,-0.159737,-0.049906
2010-08-23,-0.223982,-0.173830,-0.050152
2010-08-24,-0.224760,-0.176686,-0.048074
2010-08-25,-0.230003,-0.183223,-0.046780
2010-08-26,-0.229116,-0.182546,-0.046570
2010-08-27,-0.226523,-0.183069,-0.043454
2010-08-30,-0.215762,-0.177627,-0.038135
2010-08-31,-0.216944,-0.181622,-0.035322
2010-09-01,-0.219314,-0.183426,-0.035888
2010-09-02,-0.213281,-0.179916,-0.033365
2010-09-03,-0.216239,-0.186245,-0.029994
2010-09-06,-0.210186,-0.180819,-0.029367
2010-09-07,-0.201113,-0.174076,-0.027036
2010-09-08,-0.198051,-0.174274,-0.023777
2010-09-09,-0.203176,-0.179338,-0.023838
2010-09-10,-0.203149,-0.182987,-0.020162
2010-09-13,-0.197378,-0.178842,-0.018536
2010-09-14,-0.198127,-0.181000,-0.017127
2010-09-15,-0.203803,-0.185800,-0.018003
2010-09-16,-0.209552,-0.190994,-0.018558
2010-09-17,-0.209579,-0.195673,-0.013906
2010-09-20,-0.207088,-0.196562,-0.010526
2010-09-21,-0.204481,-0.194531,-0.009950
2010-09-27,-0.200199,-0.188081,-0.012118
2010-09-28,-0.206600,-0.197810,-0.008790
2010-09-29,-0.209133,-0.198376,-0.010757
2010-09-30,-0.205709,-0.192768,-0.012941
2010-10-08,-0.205324,-0.186428,-0.018896
2010-10-11,-0.211648,-0.183720,-0.027928
2010-10-12,-0.208843,-0.179188,-0.029655
2010-10-13,-0.209552,-0.175338,-0.034214
2010-10-14,-0.215796,-0.174778,-0.041018
2010-10-15,-0.211074,-0.170079,-0.040995
2010-10-18,-0.207112,-0.161882,-0.045230
2010-10-19,-0.200790,-0.155964,-0.044826
2010-10-20,-0.195383,-0.154200,-0.041183
2010-10-21,-0.193166,-0.156046,-0.037120
2010-10-22,-0.187680,-0.148506,-0.039174
2010-10-25,-0.180202,-0.132587,-0.047615
2010-10-26,-0.186565,-0.137113,-0.049452
2010-10-27,-0.192110,-0.142306,-0.049803
2010-10-28,-0.192531,-0.142826,-0.049705
2010-10-29,-0.194039,-0.150238,-0.043801
2010-11-01,-0.193156,-0.147482,-0.045675
2010-11-02,-0.191309,-0.141482,-0.049827
2010-11-03,-0.196054,-0.145032,-0.051022
2010-11-04,-0.188884,-0.140048,-0.048836
2010-11-05,-0.176566,-0.130738,-0.045828
2010-11-08,-0.160921,-0.113509,-0.047412
2010-11-09,-0.153808,-0.112467,-0.041341
2010-11-10,-0.150203,-0.114557,-0.035646
2010-11-11,-0.154046,-0.113641,-0.040405
2010-11-12,-0.172475,-0.128795,-0.043680
2010-11-15,-0.164476,-0.132698,-0.031777
2010-11-16,-0.167458,-0.141407,-0.026051
2010-11-17,-0.180797,-0.147375,-0.033422
2010-11-18,-0.176888,-0.143360,-0.033528
2010-11-19,-0.166043,-0.139809,-0.026234
2010-11-22,-0.149520,-0.127318,-0.022202
2010-11-23,-0.158737,-0.138297,-0.020440
2010-11-24,-0.149769,-0.131886,-0.017883
2010-11-25,-0.147229,-0.127677,-0.019552
2010-11-26,-0.144111,-0.126893,-0.017217
2010-11-29,-0.143203,-0.129861,-0.013342
2010-11-30,-0.143971,-0.128386,-0.015585
2010-12-01,-0.146784,-0.128476,-0.018308
2010-12-02,-0.146421,-0.126716,-0.019705
2010-12-03,-0.152915,-0.128587,-0.024328
2010-12-06,-0.167675,-0.139665,-0.028010
2010-12-07,-0.166502,-0.140558,-0.025943
2010-12-08,-0.167056,-0.143114,-0.023943
2010-12-09,-0.173970,-0.147504,-0.026466
2010-12-10,-0.173592,-0.149162,-0.024430
2010-12-13,-0.144870,-0.125985,-0.018885
2010-12-14,-0.149143,-0.130737,-0.018406
2010-12-15,-0.150739,-0.132676,-0.018062
2010-12-16,-0.150717,-0.134190,-0.016527
2010-12-17,-0.139149,-0.127548,-0.011601
2010-12-20,-0.157287,-0.142268,-0.015019
2010-12-21,-0.158958,-0.139607,-0.019351
2010-12-22,-0.160747,-0.142624,-0.018123
2010-12-23,-0.163672,-0.145016,-0.018656
2010-12-24,-0.175455,-0.153101,-0.022354
2010-12-27,-0.189896,-0.167248,-0.022647
2010-12-28,-0.193808,-0.170674,-0.023134
2010-12-29,-0.189050,-0.169142,-0.019907
2010-12-30,-0.186857,-0.168937,-0.017920
2010-12-31,-0.181446,-0.163177,-0.018269
2011-01-04,-0.182536,-0.165245,-0.017291
2011-01-05,-0.186189,-0.166470,-0.019719
2011-01-06,-0.186573,-0.167874,-0.018699
2011-01-07,-0.193915,-0.170921,-0.022994
2011-01-10,-0.207623,-0.181686,-0.025937
2011-01-11,-0.214946,-0.181517,-0.033429
2011-01-12,-0.213747,-0.179999,-0.033748
2011-01-13,-0.211497,-0.180091,-0.031406
2011-01-14,-0.215702,-0.185963,-0.029739
2011-01-17,-0.206106,-0.178532,-0.027574
2011-01-18,-0.206142,-0.180707,-0.025435
2011-01-19,-0.200889,-0.174590,-0.026299
2011-01-20,-0.211097,-0.183739,-0.027358
2011-01-21,-0.196622,-0.166144,-0.030478
2011-01-24,-0.195608,-0.162395,-0.033212
2011-01-25,-0.203540,-0.166636,-0.036904
2011-01-26,-0.199132,-0.162893,-0.036240
2011-01-27,-0.194583,-0.158416,-0.036167
2011-01-28,-0.171247,-0.137436,-0.033811
2011-01-31,-0.160671,-0.126775,-0.033896
2011-02-01,-0.161748,-0.123628,-0.038120
2011-02-09,-0.185720,-0.148285,-0.037435
2011-02-10,-0.176624,-0.142424,-0.034200
2011-02-11,-0.173432,-0.140880,-0.032552
2011-02-14,-0.162761,-0.129506,-0.033255
2011-02-15,-0.156130,-0.125622,-0.030508
2011-02-16,-0.152396,-0.122836,-0.029561
2011-02-17,-0.153317,-0.123071,-0.030245
2011-02-18,-0.161384,-0.131979,-0.029404
2011-02-21,-0.149228,-0.125773,-0.023456
2011-02-22,-0.144305,-0.123757,-0.020549
2011-02-23,-0.142263,-0.122728,-0.019535
2011-02-24,-0.141051,-0.121238,-0.019813
2011-02-25,-0.128457,-0.108948,-0.019509
2011-02-28,-0.135744,-0.111719,-0.024025
2011-03-01,-0.138033,-0.113663,-0.024370
2011-03-02,-0.139334,-0.114716,-0.024618
2011-03-03,-0.151491,-0.123884,-0.027607
2011-03-04,-0.137533,-0.112018,-0.025515
2011-03-07,-0.132641,-0.103101,-0.029540
2011-03-08,-0.131304,-0.102836,-0.028467
2011-03-09,-0.132258,-0.102711,-0.029548
2011-03-10,-0.120054,-0.095415,-0.024640
2011-03-11,-0.121352,-0.099097,-0.022255
2011-03-14,-0.096108,-0.077616,-0.018492
2011-03-15,-0.101810,-0.083205,-0.018604
2011-03-16,-0.099087,-0.079005,-0.020082
2011-03-17,-0.094613,-0.069262,-0.025351
2011-03-18,-0.080683,-0.051123,-0.029560
2011-03-21,-0.104424,-0.073906,-0.030518
2011-03-22,-0.103686,-0.072382,-0.031304
2011-03-23,-0.098569,-0.068373,-0.030196
2011-03-24,-0.087954,-0.055355,-0.032598
2011-03-25,-0.088200,-0.055156,-0.033044
2011-03-28,-0.090380,-0.056527,-0.033853
2011-03-29,-0.098348,-0.059652,-0.038696
2011-03-30,-0.095828,-0.059835,-0.035993
2011-03-31,-0.088395,-0.052601,-0.035795
2011-04-01,-0.066110,-0.029728,-0.036382
2011-04-06,-0.063569,-0.032025,-0.031544
2011-04-07,-0.079564,-0.047404,-0.032161
2011-04-08,-0.081239,-0.048364,-0.032875
2011-04-11,-0.076813,-0.041357,-0.035456
2011-04-12,-0.079362,-0.041996,-0.037366
2011-04-13,-0.077011,-0.037671,-0.039340
2011-04-14,-0.060285,-0.017533,-0.042751
2011-04-15,-0.069147,-0.021322,-0.047825
2011-04-18,-0.044841,0.008778,-0.053619
2011-04-19,-0.050278,0.002369,-0.052647
2011-04-20,-0.048305,0.002364,-0.050668
2011-04-21,-0.039779,0.005057,-0.044836
2011-04-22,-0.036361,0.000370,-0.036731
2011-04-25,-0.085595,-0.051078,-0.034517
2011-04-26,-0.088304,-0.052893,-0.035411
2011-04-27,-0.091108,-0.054994,-0.036114
2011-04-28,-0.096888,-0.053529,-0.043359
2011-04-29,-0.094814,-0.054474,-0.040340
2011-05-03,-0.103818,-0.067419,-0.036399
2011-05-04,-0.111462,-0.075436,-0.036026
2011-05-05,-0.123216,-0.083124,-0.040092
2011-05-06,-0.121665,-0.080180,-0.041485
2011-05-09,-0.119466,-0.069035,-0.050432
2011-05-10,-0.118310,-0.066715,-0.051596
2011-05-11,-0.118357,-0.067517,-0.050839
2011-05-12,-0.123843,-0.073900,-0.049943
2011-05-13,-0.121597,-0.067012,-0.054585
2011-05-16,-0.128260,-0.076467,-0.051793
2011-05-17,-0.127409,-0.074923,-0.052486
2011-05-18,-0.125264,-0.072618,-0.052646
2011-05-19,-0.128335,-0.072733,-0.055602
2011-05-20,-0.112531,-0.056006,-0.056525
2011-05-23,-0.119061,-0.063042,-0.056019
2011-05-24,-0.116633,-0.062707,-0.053926
2011-05-25,-0.118870,-0.066427,-0.052444
2011-05-26,-0.108930,-0.057658,-0.051272
2011-05-27,-0.113335,-0.060742,-0.052593
2011-05-30,-0.113567,-0.064725,-0.048842
2011-05-31,-0.105637,-0.059786,-0.045851
2011-06-01,-0.103647,-0.059514,-0.044133
2011-06-02,-0.108107,-0.065847,-0.042260
2011-06-03,-0.104313,-0.061618,-0.042695
2011-06-07,-0.089450,-0.048684,-0.040766
2011-06-08,-0.088633,-0.048221,-0.040412
2011-06-09,-0.095407,-0.054244,-0.041163
2011-06-10,-0.075387,-0.026106,-0.049281
2011-06-13,-0.048213,-0.003229,-0.044984
2011-06-14,-0.042263,0.001613,-0.043876
2011-06-15,-0.046080,-0.001793,-0.044287
2011-06-16,-0.042057,-0.003929,-0.038129
2011-06-17,-0.034420,0.005769,-0.040188
2011-06-20,-0.045341,0.002943,-0.048284
2011-06-21,-0.039541,0.006900,-0.046441
2011-06-22,-0.038653,0.006844,-0.045497
2011-06-23,-0.024454,0.019647,-0.044101
2011-06-24,-0.028350,0.020111,-0.048461
2011-06-27,-0.026230,0.025444,-0.051674
2011-06-28,-0.022927,0.026034,-0.048961
2011-06-29,-0.027206,0.021339,-0.048545
2011-06-30,-0.021379,0.029256,-0.050635
2011-07-01,-0.013410,0.041650,-0.055061
2011-07-04,-0.007337,0.044228,-0.051565
2011-07-05,-0.005380,0.044286,-0.049666
2011-07-06,-0.004126,0.043305,-0.047432
2011-07-07,-0.019831,0.024699,-0.044530
2011-07-08,-0.026934,0.023271,-0.050205
2011-07-11,-0.029548,0.017709,-0.047257
2011-07-12,-0.034132,0.011537,-0.045669
2011-07-13,-0.028422,0.016950,-0.045373
2011-07-14,-0.029511,0.015429,-0.044940
2011-07-15,-0.015967,0.031250,-0.047217
2011-07-18,-0.004483,0.035116,-0.039599
2011-07-19,-0.008185,0.032072,-0.040257
2011-07-20,-0.008840,0.031676,-0.040516
2011-07-21,-0.021953,0.016678,-0.038631
2011-07-22,-0.019166,0.018393,-0.037559
2011-07-25,-0.023382,0.003288,-0.026671
2011-07-26,-0.022960,0.004355,-0.027316
2011-07-27,-0.019383,0.006854,-0.026237
2011-07-28,-0.023834,0.002263,-0.026097
2011-07-29,-0.026179,0.007566,-0.033744
2011-08-01,-0.008568,0.015816,-0.024383
2011-08-02,-0.010197,0.013383,-0.023580
2011-08-03,-0.009572,0.013211,-0.022783
2011-08-04,0.002851,0.022009,-0.019158
2011-08-05,0.015764,0.023413,-0.007649
2011-08-08,0.021988,0.025389,-0.003401
2011-08-09,0.022665,0.025914,-0.003249
2011-08-10,0.026128,0.029073,-0.002945
2011-08-11,0.053399,0.052805,0.000594
2011-08-12,0.058299,0.055653,0.002646
2011-08-15,0.067003,0.060330,0.006673
2011-08-16,0.064252,0.057866,0.006387
2011-08-17,0.061599,0.056456,0.005143
2011-08-18,0.081164,0.070030,0.011134
2011-08-19,0.074121,0.061337,0.012784
2011-08-22,0.059606,0.049218,0.010388
2011-08-23,0.064412,0.054630,0.009782
2011-08-24,0.064166,0.053260,0.010906
2011-08-25,0.077989,0.065501,0.012488
2011-08-26,0.096060,0.075589,0.020471
2011-08-29,0.084097,0.060537,0.023560
2011-08-30,0.081159,0.059163,0.021996
2011-08-31,0.081361,0.059789,0.021572
2011-09-01,0.090963,0.070719,0.020243
2011-09-02,0.091501,0.070525,0.020976
2011-09-05,0.103637,0.079126,0.024511
2011-09-06,0.097304,0.076429,0.020875
2011-09-07,0.105120,0.083730,0.021390
2011-09-08,0.116242,0.090291,0.025951
2011-09-09,0.113116,0.087481,0.025634
2011-09-13,0.120035,0.093956,0.026080
2011-09-14,0.120842,0.095673,0.025169
2011-09-15,0.121230,0.095130,0.026100
2011-09-16,0.129799,0.109708,0.020092
2011-09-19,0.099778,0.089260,0.010518
2011-09-20,0.101486,0.090691,0.010795
2011-09-21,0.114502,0.101553,0.012950
2011-09-22,0.084685,0.067524,0.017160
2011-09-23,0.096107,0.079260,0.016847
2011-09-26,0.068226,0.051830,0.016396
2011-09-27,0.072122,0.055438,0.016684
2011-09-28,0.069133,0.051786,0.017347
2011-09-29,0.063555,0.048769,0.014786
2011-09-30,0.062797,0.047844,0.014953
2011-10-10,0.116245,0.102726,0.013519
2011-10-11,0.109294,0.101994,0.007300
2011-10-12,0.120655,0.115188,0.005467
2011-10-13,0.122588,0.102756,0.019832
2011-10-14,0.129117,0.111108,0.018009
2011-10-17,0.157605,0.133088,0.024517
2011-10-18,0.144996,0.122403,0.022593
2011-10-19,0.141482,0.121083,0.020398
2011-10-20,0.116709,0.099416,0.017293
2011-10-21,0.111838,0.100545,0.011293
2011-10-24,0.128686,0.130879,-0.002193
2011-10-25,0.138727,0.137968,0.000759
2011-10-26,0.143898,0.141744,0.002154
2011-10-27,0.169249,0.171079,-0.001830
2011-10-28,0.168246,0.166701,0.001545
2011-10-31,0.174630,0.174487,0.000144
2011-11-01,0.173447,0.174809,-0.001362
2011-11-02,0.176451,0.181286,-0.004835
2011-11-03,0.181253,0.183965,-0.002712
2011-11-04,0.191531,0.192988,-0.001458
2011-11-07,0.186722,0.177071,0.009651
2011-11-08,0.186105,0.175845,0.010260
2011-11-09,0.189807,0.179275,0.010532
2011-11-10,0.158260,0.144303,0.013958
2011-11-11,0.160973,0.147984,0.012989
2011-11-14,0.130060,0.122661,0.007399
2011-11-15,0.128683,0.121910,0.006774
2011-11-16,0.119006,0.111657,0.007348
2011-11-17,0.105315,0.102354,0.002961
2011-11-18,0.117507,0.123123,-0.005617
2011-11-21,0.102731,0.107576,-0.004845
2011-11-22,0.104229,0.107546,-0.003317
2011-11-23,0.102273,0.103931,-0.001658
2011-11-24,0.115512,0.121036,-0.005523
2011-11-25,0.115938,0.118974,-0.003036
2011-11-28,0.117140,0.120350,-0.003210
2011-11-29,0.121095,0.125443,-0.004348
2011-11-30,0.108157,0.112782,-0.004625
2011-12-01,0.105564,0.114921,-0.009357
2011-12-02,0.095832,0.110248,-0.014416
2011-12-05,0.058910,0.077918,-0.019008
2011-12-06,0.059178,0.077198,-0.018021
2011-12-07,0.060382,0.078892,-0.018510
2011-12-08,0.047208,0.064199,-0.016991
2011-12-09,0.047603,0.070475,-0.022872
2011-12-12,0.054722,0.081191,-0.026468
2011-12-13,0.045190,0.073018,-0.027828
2011-12-14,0.040369,0.069395,-0.029026
2011-12-15,0.024198,0.058269,-0.034071
2011-12-16,0.028553,0.062183,-0.033630
2011-12-19,0.014884,0.051300,-0.036417
2011-12-20,0.014556,0.050220,-0.035665
2011-12-21,0.007441,0.044600,-0.037159
2011-12-22,0.012263,0.050865,-0.038601
2011-12-23,0.032259,0.071266,-0.039006
2011-12-26,0.041088,0.078462,-0.037374
2011-12-27,0.033823,0.073722,-0.039899
2011-12-28,0.035410,0.074170,-0.038761
2011-12-29,0.040039,0.076118,-0.036079
2011-12-30,0.048268,0.085603,-0.037335
2012-01-04,0.041947,0.081405,-0.039458
2012-01-05,0.027589,0.065292,-0.037703
2012-01-06,0.021657,0.056429,-0.034772
2012-01-09,0.039288,0.072798,-0.033510
2012-01-10,0.055054,0.084562,-0.029509
2012-01-11,0.055141,0.082825,-0.027685
2012-01-12,0.055048,0.082332,-0.027284
2012-01-13,0.059815,0.084682,-0.024867
2012-01-16,0.025876,0.056302,-0.030426
2012-01-17,0.046321,0.073282,-0.026962
2012-01-18,0.041025,0.067669,-0.026644
2012-01-19,0.047000,0.070432,-0.023432
2012-01-20,0.050472,0.073317,-0.022846
2012-01-30,0.041622,0.065772,-0.024151
2012-01-31,0.043955,0.066283,-0.022328
2012-02-01,0.037198,0.061171,-0.023974
2012-02-02,0.039224,0.065202,-0.025978
2012-02-03,0.031990,0.059204,-0.027214
2012-02-06,0.017663,0.038301,-0.020638
2012-02-07,0.011478,0.031852,-0.020375
2012-02-08,0.023996,0.041596,-0.017600
2012-02-09,0.010912,0.032674,-0.021762
2012-02-10,0.006617,0.028798,-0.022180
2012-02-13,-0.002099,0.018136,-0.020235
2012-02-14,-0.003511,0.016811,-0.020322
2012-02-15,0.000268,0.020494,-0.020226
2012-02-16,-0.008999,0.009895,-0.018894
2012-02-17,-0.000509,0.020779,-0.021287
2012-02-20,0.000206,0.027179,-0.026973
2012-02-21,0.003221,0.030100,-0.026879
2012-02-22,0.007923,0.034773,-0.026850
2012-02-23,0.002127,0.026372,-0.024245
2012-02-24,0.021066,0.047807,-0.026742
2012-02-27,0.062035,0.074656,-0.012621
2012-02-28,0.062417,0.075449,-0.013033
2012-02-29,0.062484,0.071623,-0.009139
2012-03-01,0.061304,0.071516,-0.010211
2012-03-02,0.060314,0.073768,-0.013455
2012-03-05,0.040593,0.049274,-0.008680
2012-03-06,0.037713,0.046557,-0.008844
2012-03-07,0.032512,0.044151,-0.011638
2012-03-08,0.037405,0.048515,-0.011111
2012-03-09,0.056801,0.065501,-0.008700
2012-03-12,0.055689,0.062067,-0.006378
2012-03-13,0.059285,0.067265,-0.007980
2012-03-14,0.050775,0.057089,-0.006315
2012-03-15,0.048630,0.054437,-0.005807
2012-03-16,0.053701,0.053840,-0.000139
2012-03-19,0.025144,0.033486,-0.008342
2012-03-20,0.016982,0.027875,-0.010893
2012-03-21,0.016620,0.028317,-0.011697
2012-03-22,0.017014,0.027782,-0.010768
2012-03-23,0.006625,0.015280,-0.008656
2012-03-26,0.005788,0.010067,-0.004279
2012-03-27,-0.003096,0.006390,-0.009486
2012-03-28,-0.009553,-0.003216,-0.006337
2012-03-29,-0.012101,-0.007501,-0.004600
2012-03-30,-0.012037,-0.003986,-0.008052
2012-04-05,-0.014601,-0.007535,-0.007066
2012-04-06,-0.013816,-0.006614,-0.007202
2012-04-09,-0.010216,-0.002991,-0.007226
2012-04-10,-0.021124,-0.009823,-0.011300
2012-04-11,-0.020751,-0.009790,-0.010960
2012-04-12,-0.014866,-0.003233,-0.011633
2012-04-13,-0.020073,-0.009638,-0.010435
2012-04-16,-0.024136,-0.014228,-0.009908
2012-04-17,-0.026168,-0.013875,-0.012293
2012-04-18,-0.020094,-0.006427,-0.013667
2012-04-19,-0.020917,-0.006918,-0.013999
2012-04-20,-0.020789,-0.010051,-0.010737
2012-04-23,-0.007851,0.001601,-0.009452
2012-04-24,-0.002719,0.004126,-0.006846
2012-04-25,-0.000819,0.006833,-0.007652
2012-04-26,-0.000284,0.007535,-0.007819
2012-04-27,0.009486,0.014751,-0.005265
2012-05-02,-0.002419,0.007638,-0.010057
2012-05-03,-0.002814,0.008642,-0.011456
2012-05-04,-0.008077,0.000194,-0.008271
2012-05-07,-0.011589,-0.005974,-0.005614
2012-05-08,-0.010098,-0.009666,-0.000433
2012-05-09,-0.015132,-0.015995,0.000863
2012-05-10,-0.015748,-0.016032,0.000283
2012-05-11,-0.007110,-0.010931,0.003821
2012-05-14,-0.021767,-0.021599,-0.000169
2012-05-15,-0.022745,-0.021780,-0.000965
2012-05-16,-0.027878,-0.027132,-0.000747
2012-05-17,-0.024496,-0.022208,-0.002289
2012-05-18,-0.028942,-0.028886,-0.000056
2012-05-21,-0.021216,-0.020133,-0.001083
2012-05-22,-0.015198,-0.013956,-0.001242
2012-05-23,-0.017168,-0.015291,-0.001877
2012-05-24,-0.020990,-0.018009,-0.002981
2012-05-25,-0.025247,-0.022242,-0.003005
2012-05-28,-0.018807,-0.017832,-0.000975
2012-05-29,-0.015561,-0.013326,-0.002236
2012-05-30,-0.016423,-0.014392,-0.002031
2012-05-31,-0.017183,-0.015665,-0.001518
2012-06-01,-0.024961,-0.027001,0.002040
2012-06-04,-0.032991,-0.046691,0.013700
2012-06-05,-0.028484,-0.045156,0.016672
2012-06-06,-0.029169,-0.045335,0.016166
2012-06-07,-0.031049,-0.047232,0.016184
2012-06-08,-0.031452,-0.050454,0.019002
2012-06-11,-0.034727,-0.047631,0.012904
2012-06-12,-0.031349,-0.043889,0.012540
2012-06-13,-0.026937,-0.038839,0.011902
2012-06-14,-0.029450,-0.041356,0.011906
2012-06-15,-0.030106,-0.046908,0.016802
2012-06-18,-0.038699,-0.054876,0.016176
2012-06-19,-0.041862,-0.059948,0.018086
2012-06-20,-0.042210,-0.060685,0.018475
2012-06-21,-0.046166,-0.065669,0.019504
2012-06-25,-0.051698,-0.076397,0.024700
2012-06-26,-0.054706,-0.077632,0.022927
2012-06-27,-0.055057,-0.078600,0.023544
2012-06-28,-0.057836,-0.081303,0.023467
2012-06-29,-0.057490,-0.081811,0.024321
2012-07-02,-0.063141,-0.091013,0.027872
2012-07-03,-0.064486,-0.094684,0.030198
2012-07-04,-0.063693,-0.095149,0.031456
2012-07-05,-0.066304,-0.099396,0.033093
2012-07-06,-0.065364,-0.098488,0.033124
2012-07-09,-0.079952,-0.107313,0.027361
2012-07-10,-0.080992,-0.108639,0.027647
2012-07-11,-0.078394,-0.106317,0.027922
2012-07-12,-0.076672,-0.103426,0.026755
2012-07-13,-0.075876,-0.099944,0.024069
2012-07-16,-0.086507,-0.118315,0.031808
2012-07-17,-0.088642,-0.118103,0.029461
2012-07-18,-0.090972,-0.118086,0.027113
2012-07-19,-0.090807,-0.116872,0.026065
2012-07-20,-0.098268,-0.125887,0.027619
2012-07-23,-0.104426,-0.134778,0.030352
2012-07-24,-0.100786,-0.134722,0.033935
2012-07-25,-0.101676,-0.136657,0.034982
2012-07-26,-0.103487,-0.138195,0.034709
2012-07-27,-0.107370,-0.143876,0.036505
2012-07-30,-0.094746,-0.137054,0.042308
2012-07-31,-0.101703,-0.145161,0.043458
2012-08-01,-0.100249,-0.142029,0.041781
2012-08-02,-0.102417,-0.144921,0.042504
2012-08-03,-0.103451,-0.146599,0.043147
2012-08-06,-0.099319,-0.133206,0.033887
2012-08-07,-0.092134,-0.124115,0.031982
2012-08-08,-0.091467,-0.124002,0.032535
2012-08-09,-0.088127,-0.121334,0.033207
2012-08-10,-0.092142,-0.121917,0.029776
2012-08-13,-0.082545,-0.119112,0.036567
2012-08-14,-0.074181,-0.110091,0.035909
2012-08-15,-0.078168,-0.113299,0.035130
2012-08-16,-0.080161,-0.114816,0.034655
2012-08-17,-0.063421,-0.096837,0.033416
2012-08-20,-0.061470,-0.098755,0.037284
2012-08-21,-0.067070,-0.102801,0.035731
2012-08-22,-0.069496,-0.105148,0.035652
2012-08-23,-0.069483,-0.104290,0.034807
2012-08-24,-0.075411,-0.110142,0.034731
2012-08-27,-0.080767,-0.109586,0.028819
2012-08-28,-0.070178,-0.097668,0.027490
2012-08-29,-0.073668,-0.100851,0.027183
2012-08-30,-0.073753,-0.101316,0.027563
2012-08-31,-0.051029,-0.079865,0.028835
2012-09-03,-0.066647,-0.099530,0.032883
2012-09-04,-0.072550,-0.105223,0.032672
2012-09-05,-0.075123,-0.105836,0.030713
2012-09-06,-0.073134,-0.103412,0.030277
2012-09-07,-0.062367,-0.092870,0.030503
2012-09-10,-0.070652,-0.097288,0.026636
2012-09-11,-0.078012,-0.106233,0.028221
2012-09-12,-0.077590,-0.105180,0.027590
2012-09-13,-0.079668,-0.107967,0.028299
2012-09-14,-0.084113,-0.110793,0.026679
2012-09-17,-0.093286,-0.120499,0.027212
2012-09-18,-0.087455,-0.112697,0.025242
2012-09-19,-0.089141,-0.111244,0.022103
2012-09-20,-0.094745,-0.117926,0.023181
2012-09-21,-0.094140,-0.118328,0.024188
2012-09-24,-0.079339,-0.104090,0.024751
2012-09-25,-0.072876,-0.102634,0.029758
2012-09-26,-0.076220,-0.106066,0.029846
2012-09-27,-0.066543,-0.097043,0.030500
2012-09-28,-0.049107,-0.082877,0.033771
2012-10-08,-0.061341,-0.089235,0.027894
2012-10-09,-0.073490,-0.098207,0.024717
2012-10-10,-0.074139,-0.097694,0.023555
2012-10-11,-0.077421,-0.100496,0.023075
2012-10-12,-0.078479,-0.099088,0.020609
2012-10-15,-0.088458,-0.108572,0.020113
2012-10-16,-0.090336,-0.108334,0.017999
2012-10-17,-0.092278,-0.107993,0.015715
2012-10-18,-0.087867,-0.103457,0.015589
2012-10-19,-0.098331,-0.111835,0.013504
2012-10-22,-0.096309,-0.112290,0.015981
2012-10-23,-0.107756,-0.121763,0.014007
2012-10-24,-0.107705,-0.122308,0.014603
2012-10-25,-0.109968,-0.124410,0.014442
2012-10-26,-0.113623,-0.130049,0.016425
2012-10-29,-0.099535,-0.116951,0.017417
2012-10-30,-0.101322,-0.119423,0.018101
2012-10-31,-0.099102,-0.117470,0.018367
2012-11-01,-0.092222,-0.111887,0.019665
2012-11-02,-0.102886,-0.120677,0.017791
2012-11-05,-0.108652,-0.127387,0.018735
2012-11-06,-0.112654,-0.130173,0.017519
2012-11-07,-0.113542,-0.130768,0.017226
2012-11-08,-0.117712,-0.136134,0.018422
2012-11-09,-0.119785,-0.137762,0.017977
2012-11-12,-0.119959,-0.136708,0.016749
2012-11-13,-0.125332,-0.143300,0.017968
2012-11-14,-0.123699,-0.141925,0.018226
2012-11-15,-0.126219,-0.145736,0.019517
2012-11-16,-0.140209,-0.156340,0.016131
2012-11-19,-0.142113,-0.157917,0.015804
2012-11-20,-0.142154,-0.158342,0.016189
2012-11-21,-0.138064,-0.154470,0.016406
2012-11-22,-0.140201,-0.156704,0.016503
2012-11-23,-0.140353,-0.157415,0.017063
2012-11-26,-0.131040,-0.145405,0.014366
2012-11-27,-0.121082,-0.140110,0.019028
2012-11-28,-0.124201,-0.142982,0.018782
2012-11-29,-0.126169,-0.144795,0.018626
2012-11-30,-0.133206,-0.152232,0.019026
2012-12-03,-0.142891,-0.162570,0.019679
2012-12-04,-0.143212,-0.163652,0.020439
2012-12-05,-0.134541,-0.153775,0.019233
2012-12-06,-0.134907,-0.154322,0.019415
2012-12-07,-0.133125,-0.150801,0.017675
2012-12-10,-0.123609,-0.140539,0.016929
2012-12-11,-0.124149,-0.141947,0.017799
2012-12-12,-0.122290,-0.140775,0.018485
2012-12-13,-0.124628,-0.143961,0.019333
2012-12-14,-0.111918,-0.132830,0.020912
2012-12-17,-0.099814,-0.120610,0.020796
2012-12-18,-0.089416,-0.112857,0.023441
2012-12-19,-0.089128,-0.112484,0.023356
2012-12-20,-0.087169,-0.110776,0.023607
2012-12-21,-0.090631,-0.112798,0.022167
2012-12-24,-0.093612,-0.115299,0.021687
2012-12-25,-0.083865,-0.105837,0.021972
2012-12-26,-0.082255,-0.104716,0.022461
2012-12-27,-0.083668,-0.106301,0.022633
2012-12-28,-0.083423,-0.106642,0.023219
2012-12-31,-0.081988,-0.109740,0.027753
2013-01-04,-0.076707,-0.106185,0.029479
2013-01-07,-0.070279,-0.099373,0.029094
2013-01-08,-0.072643,-0.101384,0.028741
2013-01-09,-0.072315,-0.101289,0.028974
2013-01-10,-0.072465,-0.100763,0.028298
2013-01-11,-0.075283,-0.106570,0.031287
2013-01-14,-0.058674,-0.094249,0.035575
2013-01-15,-0.059687,-0.093321,0.033634
2013-01-16,-0.063829,-0.095512,0.031683
2013-01-17,-0.066173,-0.098367,0.032195
2013-01-18,-0.060868,-0.094922,0.034053
2013-01-21,-0.052031,-0.085032,0.033001
2013-01-22,-0.046914,-0.082854,0.035940
2013-01-23,-0.044390,-0.081613,0.037223
2013-01-24,-0.045852,-0.084522,0.038670
2013-01-25,-0.046615,-0.082350,0.035735
2013-01-28,-0.025271,-0.061351,0.036080
2013-01-29,-0.021096,-0.058291,0.037195
2013-01-30,-0.017972,-0.056787,0.038815
2013-01-31,-0.019986,-0.057001,0.037015
2013-02-01,-0.005120,-0.045306,0.040187
2013-02-04,-0.017008,-0.051343,0.034335
2013-02-05,-0.005193,-0.042066,0.036873
2013-02-06,-0.004104,-0.041587,0.037483
2013-02-07,-0.005879,-0.043429,0.037549
2013-02-08,-0.005702,-0.041848,0.036145
2013-02-18,-0.023577,-0.055725,0.032148
2013-02-19,-0.029466,-0.061726,0.032260
2013-02-20,-0.026504,-0.059747,0.033243
2013-02-21,-0.035861,-0.070550,0.034689
2013-02-22,-0.034983,-0.070497,0.035514
2013-02-25,-0.043438,-0.075072,0.031634
2013-02-26,-0.047390,-0.078538,0.031148
2013-02-27,-0.043455,-0.075310,0.031854
2013-02-28,-0.034179,-0.066059,0.031880
2013-03-01,-0.039702,-0.070601,0.030899
2013-03-04,-0.045976,-0.078242,0.032266
2013-03-05,-0.038806,-0.069906,0.031099
2013-03-06,-0.034831,-0.066679,0.031848
2013-03-07,-0.037790,-0.070299,0.032509
2013-03-08,-0.043097,-0.074281,0.031184
2013-03-11,-0.043456,-0.075118,0.031662
2013-03-12,-0.043327,-0.075392,0.032065
2013-03-13,-0.046969,-0.078797,0.031827
2013-03-14,-0.046013,-0.077974,0.031961
2013-03-15,-0.043029,-0.072494,0.029465
2013-03-18,-0.055651,-0.085080,0.029429
2013-03-19,-0.055580,-0.084783,0.029203
2013-03-20,-0.042829,-0.074619,0.031790
2013-03-21,-0.041453,-0.074049,0.032596
2013-03-22,-0.041373,-0.074477,0.033105
2013-03-25,-0.036788,-0.068127,0.031339
2013-03-26,-0.044046,-0.077022,0.032976
2013-03-27,-0.041155,-0.076010,0.034855
2013-03-28,-0.051626,-0.086162,0.034537
2013-03-29,-0.061611,-0.094313,0.032702
2013-04-01,-0.063739,-0.097524,0.033785
2013-04-02,-0.069161,-0.099706,0.030545
2013-04-03,-0.071110,-0.100049,0.028939
2013-04-08,-0.065782,-0.096018,0.030236
2013-04-09,-0.068776,-0.096843,0.028067
2013-04-10,-0.071074,-0.097341,0.026267
2013-04-11,-0.071119,-0.098242,0.027123
2013-04-12,-0.071861,-0.097688,0.025827
2013-04-15,-0.077792,-0.104609,0.026817
2013-04-16,-0.070692,-0.098430,0.027738
2013-04-17,-0.068917,-0.098567,0.029650
2013-04-18,-0.067430,-0.097788,0.030358
2013-04-19,-0.042321,-0.072573,0.030252
2013-04-22,-0.051571,-0.075389,0.023818
2013-04-23,-0.060834,-0.084285,0.023451
2013-04-24,-0.053061,-0.078574,0.025513
2013-04-25,-0.057816,-0.081996,0.024180
2013-04-26,-0.060159,-0.082826,0.022666
2013-05-02,-0.039027,-0.072219,0.033192
2013-05-03,-0.032293,-0.066788,0.034496
2013-05-06,-0.015312,-0.044639,0.029328
2013-05-07,-0.006239,-0.037440,0.031201
2013-05-08,-0.003756,-0.035812,0.032056
2013-05-09,-0.007251,-0.037713,0.030462
2013-05-10,-0.006496,-0.038476,0.031980
2013-05-13,-0.014718,-0.042939,0.028220
2013-05-14,-0.019113,-0.045594,0.026481
2013-05-15,-0.017536,-0.043863,0.026328
2013-05-16,-0.010613,-0.038078,0.027465
2013-05-17,0.012537,-0.015295,0.027832
2013-05-20,0.011213,-0.014442,0.025655
2013-05-21,0.006647,-0.018887,0.025534
2013-05-22,0.007094,-0.018490,0.025584
2013-05-23,0.004840,-0.022906,0.027746
2013-05-24,-0.006816,-0.033130,0.026315
2013-05-27,-0.006344,-0.031319,0.024976
2013-05-28,-0.001596,-0.024689,0.023093
2013-05-29,-0.001031,-0.024910,0.023879
2013-05-30,-0.002098,-0.025924,0.023827
2013-05-31,0.001691,-0.020468,0.022160
2013-06-03,0.002995,-0.016531,0.019526
2013-06-04,-0.002180,-0.022196,0.020016
2013-06-05,-0.002375,-0.022848,0.020473
2013-06-06,-0.007108,-0.027025,0.019917
2013-06-07,-0.006784,-0.026876,0.020092
2013-06-13,-0.026258,-0.045396,0.019139
2013-06-14,-0.022117,-0.043170,0.021053
2013-06-17,-0.019447,-0.043010,0.023563
2013-06-18,-0.007303,-0.035547,0.028243
2013-06-19,-0.010243,-0.037942,0.027700
2013-06-20,-0.020837,-0.048654,0.027817
2013-06-21,-0.029152,-0.058941,0.029789
2013-06-24,-0.048147,-0.076588,0.028441
2013-06-25,-0.046143,-0.075032,0.028889
2013-06-26,-0.040678,-0.074622,0.033944
2013-06-27,-0.041202,-0.075699,0.034497
2013-06-28,-0.029648,-0.067823,0.038175
2013-07-01,-0.002355,-0.043101,0.040746
2013-07-02,0.003787,-0.042869,0.046656
2013-07-03,0.000486,-0.045482,0.045968
2013-07-04,0.002751,-0.042869,0.045620
2013-07-05,0.008412,-0.039451,0.047863
2013-07-08,-0.013323,-0.056483,0.043161
2013-07-09,-0.026933,-0.065154,0.038221
2013-07-10,-0.016769,-0.056390,0.039621
2013-07-11,-0.001075,-0.042094,0.041019
2013-07-12,-0.009866,-0.052651,0.042784
2013-07-15,0.004269,-0.040076,0.044346
2013-07-16,0.001899,-0.039549,0.041447
2013-07-17,-0.004341,-0.044409,0.040068
2013-07-18,-0.010543,-0.049672,0.039129
2013-07-19,-0.030559,-0.065309,0.034750
2013-07-22,-0.041380,-0.074870,0.033490
2013-07-23,-0.031554,-0.067356,0.035802
2013-07-24,-0.032225,-0.069653,0.037428
2013-07-25,-0.035094,-0.071237,0.036143
2013-07-26,-0.040818,-0.075113,0.034295
2013-07-29,-0.054379,-0.088993,0.034614
2013-07-30,-0.052184,-0.086157,0.033973
2013-07-31,-0.051190,-0.085652,0.034462
2013-08-01,-0.042859,-0.078435,0.035576
2013-08-02,-0.049209,-0.083305,0.034096
2013-08-05,-0.043412,-0.071999,0.028587
2013-08-06,-0.044703,-0.074963,0.030260
2013-08-07,-0.046031,-0.076716,0.030685
2013-08-08,-0.046827,-0.077235,0.030408
2013-08-09,-0.050283,-0.078167,0.027884
2013-08-12,-0.031942,-0.058190,0.026248
2013-08-13,-0.035663,-0.061681,0.026019
2013-08-14,-0.036770,-0.063008,0.026238
2013-08-15,-0.042663,-0.066678,0.024015
2013-08-16,-0.052698,-0.076141,0.023444
2013-08-19,-0.052559,-0.076007,0.023448
2013-08-20,-0.046598,-0.072510,0.025912
2013-08-21,-0.049275,-0.073029,0.023753
2013-08-22,-0.048696,-0.073653,0.024956
2013-08-23,-0.050173,-0.075709,0.025537
2013-08-26,-0.041178,-0.064204,0.023026
2013-08-27,-0.043755,-0.064429,0.020674
2013-08-28,-0.047844,-0.066140,0.018296
2013-08-29,-0.048546,-0.067445,0.018900
2013-08-30,-0.059130,-0.074090,0.014960
2013-09-02,-0.062844,-0.073908,0.011064
2013-09-03,-0.057905,-0.069260,0.011355
2013-09-04,-0.058955,-0.069761,0.010807
2013-09-05,-0.060089,-0.070945,0.010856
2013-09-06,-0.061984,-0.074590,0.012606
2013-09-09,-0.051691,-0.058721,0.007029
2013-09-10,-0.052961,-0.054989,0.002028
2013-09-11,-0.053476,-0.053972,0.000496
2013-09-12,-0.051829,-0.050862,-0.000967
2013-09-13,-0.057226,-0.056392,-0.000835
2013-09-16,-0.046121,-0.046370,0.000249
2013-09-17,-0.053579,-0.053361,-0.000218
2013-09-18,-0.054009,-0.052687,-0.001322
2013-09-23,-0.043976,-0.047119,0.003143
2013-09-24,-0.041749,-0.050782,0.009033
2013-09-25,-0.044932,-0.052709,0.007777
2013-09-26,-0.045502,-0.058542,0.013039
2013-09-27,-0.052421,-0.062330,0.009909
2013-09-30,-0.052721,-0.063767,0.011046
2013-10-08,-0.061496,-0.070866,0.009370
2013-10-09,-0.059663,-0.069376,0.009713
2013-10-10,-0.061127,-0.072453,0.011327
2013-10-11,-0.055893,-0.076374,0.020481
2013-10-14,-0.049386,-0.084673,0.035287
2013-10-15,-0.055119,-0.094880,0.039760
2013-10-16,-0.060454,-0.100558,0.040104
2013-10-17,-0.061800,-0.101555,0.039755
2013-10-18,-0.058439,-0.098030,0.039591
2013-10-21,-0.068786,-0.098640,0.029854
2013-10-22,-0.075359,-0.102094,0.026735
2013-10-23,-0.080298,-0.105460,0.025162
2013-10-24,-0.082992,-0.107682,0.024690
2013-10-25,-0.097678,-0.120458,0.022780
2013-10-28,-0.094411,-0.113646,0.019235
2013-10-29,-0.097664,-0.111338,0.013674
2013-10-30,-0.093637,-0.106937,0.013299
2013-10-31,-0.100904,-0.111130,0.010226
2013-11-01,-0.107170,-0.117749,0.010579
2013-11-04,-0.106350,-0.118940,0.012590
2013-11-05,-0.108252,-0.121906,0.013654
2013-11-06,-0.112970,-0.125630,0.012660
2013-11-07,-0.117161,-0.127245,0.010085
2013-11-08,-0.121968,-0.133588,0.011620
2013-11-11,-0.120317,-0.129429,0.009112
2013-11-12,-0.099741,-0.107532,0.007791
2013-11-13,-0.105259,-0.114177,0.008917
2013-11-14,-0.101215,-0.112068,0.010853
2013-11-15,-0.106940,-0.108247,0.001307
2013-11-18,-0.082297,-0.082808,0.000512
2013-11-19,-0.092116,-0.087894,-0.004222
2013-11-20,-0.091079,-0.086297,-0.004782
2013-11-21,-0.093151,-0.088167,-0.004983
2013-11-22,-0.097297,-0.089027,-0.008270
2013-11-25,-0.105784,-0.095085,-0.010699
2013-11-26,-0.104022,-0.092543,-0.011479
2013-11-27,-0.100189,-0.089127,-0.011062
2013-11-28,-0.096751,-0.085988,-0.010763
2013-11-29,-0.098639,-0.085604,-0.013036
2013-12-02,-0.098717,-0.084770,-0.013947
2013-12-03,-0.090524,-0.082055,-0.008470
2013-12-04,-0.087303,-0.078019,-0.009283
2013-12-05,-0.089459,-0.078882,-0.010577
2013-12-06,-0.088259,-0.081583,-0.006676
2013-12-09,-0.083380,-0.077643,-0.005737
2013-12-10,-0.086752,-0.081107,-0.005646
2013-12-11,-0.089238,-0.086199,-0.003039
2013-12-12,-0.087140,-0.086545,-0.000595
2013-12-13,-0.094094,-0.096314,0.002220
2013-12-16,-0.098864,-0.098377,-0.000487
2013-12-17,-0.099294,-0.099379,0.000085
2013-12-18,-0.099151,-0.099270,0.000119
2013-12-19,-0.102799,-0.102443,-0.000356
2013-12-20,-0.098967,-0.105091,0.006124
2013-12-23,-0.092511,-0.105179,0.012667
2013-12-24,-0.086379,-0.102289,0.015910
2013-12-25,-0.083443,-0.100090,0.016646
2013-12-26,-0.088473,-0.105296,0.016824
2013-12-27,-0.076540,-0.094223,0.017684
2013-12-30,-0.080393,-0.091257,0.010865
2013-12-31,-0.084397,-0.093531,0.009134
2014-01-02,-0.080968,-0.094576,0.013608
2014-01-03,-0.082707,-0.098650,0.015943
2014-01-06,-0.088043,-0.108512,0.020469
2014-01-07,-0.086018,-0.109252,0.023234
2014-01-08,-0.084466,-0.108734,0.024268
2014-01-09,-0.087376,-0.111351,0.023975
2014-01-10,-0.083750,-0.108153,0.024403
2014-01-13,-0.087528,-0.112799,0.025271
2014-01-14,-0.082004,-0.105506,0.023502
2014-01-15,-0.079831,-0.106033,0.026202
2014-01-16,-0.082874,-0.105642,0.022768
2014-01-17,-0.075698,-0.098593,0.022894
2014-01-20,-0.077382,-0.097311,0.019930
2014-01-21,-0.073929,-0.098284,0.024354
2014-01-22,-0.066179,-0.090601,0.024422
2014-01-23,-0.065364,-0.092213,0.026849
2014-01-24,-0.057475,-0.087356,0.029881
2014-01-27,-0.072529,-0.098693,0.026164
2014-01-28,-0.078288,-0.099177,0.020889
2014-01-29,-0.078081,-0.098107,0.020027
2014-01-30,-0.081215,-0.101538,0.020323
2014-02-07,-0.082624,-0.104146,0.021521
2014-02-10,-0.078659,-0.099391,0.020732
2014-02-11,-0.081655,-0.098633,0.016978
2014-02-12,-0.080227,-0.097886,0.017659
2014-02-13,-0.083565,-0.099424,0.015859
2014-02-14,-0.088817,-0.106590,0.017773
2014-02-17,-0.093014,-0.106979,0.013965
2014-02-18,-0.093052,-0.107626,0.014574
2014-02-19,-0.090157,-0.104222,0.014065
2014-02-20,-0.092734,-0.106975,0.014241
2014-02-21,-0.098718,-0.114210,0.015492
2014-02-24,-0.098975,-0.114640,0.015665
2014-02-25,-0.109561,-0.122860,0.013299
2014-02-26,-0.110410,-0.122116,0.011705
2014-02-27,-0.116569,-0.123375,0.006806
2014-02-28,-0.114965,-0.123830,0.008865
2014-03-03,-0.106371,-0.120688,0.014316
2014-03-04,-0.112212,-0.125909,0.013698
2014-03-05,-0.115802,-0.128624,0.012823
2014-03-06,-0.117496,-0.127331,0.009835
2014-03-07,-0.118602,-0.133637,0.015035
2014-03-10,-0.121658,-0.138442,0.016784
2014-03-11,-0.115749,-0.134053,0.018304
2014-03-12,-0.114754,-0.133305,0.018551
2014-03-13,-0.111053,-0.129740,0.018687
2014-03-14,-0.116767,-0.133497,0.016730
2014-03-17,-0.105466,-0.124832,0.019366
2014-03-18,-0.108858,-0.127189,0.018332
2014-03-19,-0.115195,-0.129544,0.014349
2014-03-20,-0.122199,-0.134207,0.012009
2014-03-21,-0.112709,-0.123606,0.010897
2014-03-24,-0.118706,-0.125215,0.006509
2014-03-25,-0.118084,-0.129330,0.011246
2014-03-26,-0.115354,-0.129783,0.014428
2014-03-27,-0.121417,-0.131837,0.010420
2014-03-28,-0.122755,-0.131996,0.009241
2014-03-31,-0.116788,-0.126765,0.009977
2014-04-01,-0.117289,-0.128922,0.011633
2014-04-02,-0.118722,-0.126565,0.007843
2014-04-03,-0.118467,-0.128669,0.010202
2014-04-04,-0.113063,-0.125933,0.012869
2014-04-08,-0.113754,-0.126192,0.012438
2014-04-09,-0.111982,-0.126023,0.014041
2014-04-10,-0.109852,-0.121474,0.011621
2014-04-11,-0.109075,-0.120125,0.011050
2014-04-14,-0.104434,-0.122155,0.017721
2014-04-15,-0.105679,-0.127700,0.022021
2014-04-16,-0.106386,-0.127300,0.020914
2014-04-17,-0.106713,-0.128308,0.021595
2014-04-18,-0.103945,-0.128393,0.024448
2014-04-21,-0.108544,-0.129635,0.021090
2014-04-22,-0.111367,-0.126838,0.015471
2014-04-23,-0.113712,-0.127120,0.013409
2014-04-24,-0.116174,-0.127677,0.011503
2014-04-25,-0.114494,-0.126225,0.011731
2014-04-28,-0.105454,-0.122689,0.017236
2014-04-29,-0.106412,-0.122336,0.015924
2014-04-30,-0.102812,-0.122310,0.019499
2014-05-05,-0.093946,-0.116420,0.022474
2014-05-06,-0.094733,-0.115857,0.021124
2014-05-07,-0.100716,-0.118599,0.017883
2014-05-08,-0.102469,-0.118850,0.016380
2014-05-09,-0.107396,-0.119853,0.012458
2014-05-12,-0.097286,-0.110880,0.013594
2014-05-13,-0.098471,-0.114103,0.015631
2014-05-14,-0.098869,-0.114440,0.015570
2014-05-15,-0.103711,-0.118301,0.014590
2014-05-16,-0.099887,-0.115432,0.015545
2014-05-19,-0.105476,-0.121588,0.016111
2014-05-20,-0.105415,-0.121590,0.016175
2014-05-21,-0.102561,-0.118812,0.016251
2014-05-22,-0.103186,-0.119506,0.016320
2014-05-23,-0.090657,-0.107598,0.016941
2014-05-26,-0.087104,-0.102113,0.015009
2014-05-27,-0.084843,-0.101805,0.016962
2014-05-28,-0.081222,-0.098738,0.017516
2014-05-29,-0.083262,-0.100708,0.017446
2014-05-30,-0.080611,-0.099635,0.019024
2014-06-03,-0.094422,-0.103754,0.009332
2014-06-04,-0.097078,-0.106773,0.009694
2014-06-05,-0.094579,-0.103660,0.009081
2014-06-06,-0.095502,-0.105871,0.010369
2014-06-09,-0.094359,-0.102467,0.008108
2014-06-10,-0.090408,-0.099719,0.009311
2014-06-11,-0.089878,-0.099788,0.009910
2014-06-12,-0.089914,-0.100812,0.010898
2014-06-13,-0.086879,-0.096466,0.009587
2014-06-16,-0.081637,-0.090931,0.009295
2014-06-17,-0.078312,-0.091363,0.013051
2014-06-18,-0.080556,-0.092681,0.012126
2014-06-19,-0.086584,-0.097372,0.010788
2014-06-20,-0.082571,-0.094179,0.011608
2014-06-23,-0.097669,-0.103072,0.005403
2014-06-24,-0.102007,-0.108536,0.006530
2014-06-25,-0.103175,-0.110125,0.006950
2014-06-26,-0.100735,-0.107946,0.007211
2014-06-27,-0.101224,-0.108668,0.007444
2014-06-30,-0.101214,-0.107363,0.006149
2014-07-01,-0.102009,-0.107993,0.005984
2014-07-02,-0.103247,-0.107127,0.003880
2014-07-03,-0.102640,-0.105851,0.003211
2014-07-04,-0.111892,-0.113002,0.001110
2014-07-07,-0.114477,-0.111399,-0.003078
2014-07-08,-0.114281,-0.111546,-0.002735
2014-07-09,-0.120671,-0.115881,-0.004790
2014-07-10,-0.124582,-0.116686,-0.007896
2014-07-11,-0.126340,-0.116359,-0.009981
2014-07-14,-0.126117,-0.113355,-0.012762
2014-07-15,-0.127441,-0.114161,-0.013280
2014-07-16,-0.130141,-0.114719,-0.015422
2014-07-17,-0.132243,-0.116599,-0.015644
2014-07-18,-0.130324,-0.115041,-0.015282
2014-07-21,-0.120880,-0.108667,-0.012213
2014-07-22,-0.120802,-0.105923,-0.014879
2014-07-23,-0.123106,-0.105226,-0.017880
2014-07-24,-0.121831,-0.099939,-0.021892
2014-07-25,-0.109568,-0.086806,-0.022762
2014-07-28,-0.106371,-0.079653,-0.026718
2014-07-29,-0.098811,-0.077747,-0.021065
2014-07-30,-0.096704,-0.078983,-0.017722
2014-07-31,-0.094306,-0.075264,-0.019042
2014-08-01,-0.097270,-0.078589,-0.018681
2014-08-04,-0.095540,-0.070720,-0.024820
2014-08-05,-0.089880,-0.064869,-0.025011
2014-08-06,-0.089834,-0.065676,-0.024158
2014-08-07,-0.093830,-0.070413,-0.023417
2014-08-08,-0.081585,-0.058576,-0.023009
2014-08-11,-0.086283,-0.062093,-0.024190
2014-08-12,-0.088827,-0.064110,-0.024717
2014-08-13,-0.089190,-0.063865,-0.025325
2014-08-14,-0.091944,-0.066911,-0.025034
2014-08-15,-0.094206,-0.068204,-0.026002
2014-08-18,-0.080470,-0.057282,-0.023188
2014-08-19,-0.076332,-0.054288,-0.022044
2014-08-20,-0.077210,-0.055435,-0.021775
2014-08-21,-0.076640,-0.057021,-0.019620
2014-08-22,-0.069519,-0.052165,-0.017354
2014-08-25,-0.082625,-0.069054,-0.013571
2014-08-26,-0.085562,-0.071267,-0.014295
2014-08-27,-0.084146,-0.070800,-0.013346
2014-08-28,-0.086022,-0.072977,-0.013045
2014-08-29,-0.078843,-0.064145,-0.014697
2014-09-01,-0.070586,-0.059867,-0.010718
2014-09-02,-0.064659,-0.052310,-0.012349
2014-09-03,-0.061548,-0.049356,-0.012192
2014-09-04,-0.059595,-0.047076,-0.012519
2014-09-05,-0.045437,-0.037148,-0.008290
2014-09-09,-0.040609,-0.038527,-0.002082
2014-09-10,-0.041678,-0.040206,-0.001472
2014-09-11,-0.042865,-0.041389,-0.001476
2014-09-12,-0.041850,-0.039427,-0.002423
2014-09-15,-0.036354,-0.037001,0.000647
2014-09-16,-0.045873,-0.043997,-0.001876
2014-09-17,-0.044807,-0.042325,-0.002482
2014-09-18,-0.042985,-0.041351,-0.001634
2014-09-19,-0.033892,-0.032663,-0.001229
2014-09-22,-0.042242,-0.039624,-0.002618
2014-09-23,-0.036884,-0.034922,-0.001962
2014-09-24,-0.031862,-0.029271,-0.002591
2014-09-25,-0.031966,-0.029919,-0.002046
2014-09-26,-0.025431,-0.022690,-0.002741
2014-09-29,-0.018288,-0.018418,0.000130
2014-09-30,-0.016720,-0.017125,0.000405
2014-10-08,-0.013963,-0.013477,-0.000486
2014-10-09,-0.015517,-0.013003,-0.002514
2014-10-10,-0.014101,-0.011911,-0.002190
2014-10-13,-0.023128,-0.026703,0.003574
2014-10-14,-0.021813,-0.026737,0.004924
2014-10-15,-0.018887,-0.024447,0.005560
2014-10-16,-0.020388,-0.027023,0.006636
2014-10-17,-0.023644,-0.028981,0.005337
2014-10-20,0.003866,-0.008781,0.012647
2014-10-21,0.005249,-0.010000,0.015249
2014-10-22,0.004718,-0.012005,0.016723
2014-10-23,0.002871,-0.015105,0.017976
2014-10-24,-0.005109,-0.024660,0.019551
2014-10-27,-0.021889,-0.037602,0.015713
2014-10-28,-0.024530,-0.037353,0.012823
2014-10-29,-0.019328,-0.032763,0.013435
2014-10-30,-0.015933,-0.030460,0.014527
2014-10-31,-0.009354,-0.023680,0.014326
2014-11-03,-0.013649,-0.028981,0.015332
2014-11-04,-0.018347,-0.031185,0.012838
2014-11-05,-0.018963,-0.032435,0.013472
2014-11-06,-0.017838,-0.032098,0.014260
2014-11-07,-0.015968,-0.029373,0.013405
2014-11-10,-0.004260,-0.016809,0.012549
2014-11-11,-0.004313,-0.017162,0.012850
2014-11-12,0.000634,-0.012611,0.013245
2014-11-13,-0.000673,-0.014463,0.013790
2014-11-14,-0.007359,-0.020932,0.013573
2014-11-17,0.002049,-0.012030,0.014079
2014-11-18,0.010235,-0.008393,0.018628
2014-11-19,0.009100,-0.008940,0.018040
2014-11-20,0.010106,-0.008955,0.019062
2014-11-21,0.014775,-0.003362,0.018136
2014-11-24,0.023623,0.007709,0.015913
2014-11-25,0.027199,0.014773,0.012426
2014-11-26,0.031708,0.019470,0.012239
2014-11-27,0.034183,0.023382,0.010802
2014-11-28,0.040389,0.029619,0.010770
2014-12-01,0.041581,0.029590,0.011991
2014-12-02,0.060500,0.045671,0.014829
2014-12-03,0.064205,0.050844,0.013361
2014-12-04,0.080424,0.066749,0.013674
2014-12-05,0.094330,0.074150,0.020180
2014-12-08,0.108589,0.088100,0.020489
2014-12-09,0.090482,0.074639,0.015843
2014-12-10,0.103078,0.087697,0.015381
2014-12-11,0.098020,0.083343,0.014678
2014-12-12,0.103216,0.088248,0.014968
2014-12-15,0.132042,0.111834,0.020208
2014-12-16,0.133778,0.113901,0.019877
2014-12-17,0.141254,0.120293,0.020961
2014-12-18,0.138446,0.118661,0.019785
2014-12-19,0.147192,0.123693,0.023499
2014-12-22,0.153745,0.131800,0.021945
2014-12-23,0.140016,0.121178,0.018838
2014-12-24,0.126562,0.110450,0.016111
2014-12-25,0.139177,0.122357,0.016820
2014-12-26,0.158045,0.138394,0.019650
2014-12-29,0.165423,0.143438,0.021984
2014-12-30,0.159452,0.138054,0.021398
2014-12-31,0.169733,0.146349,0.023383
2015-01-05,0.201738,0.169534,0.032204
2015-01-06,0.196828,0.167059,0.029769
2015-01-07,0.196452,0.167351,0.029102
2015-01-08,0.189318,0.158253,0.031065
2015-01-09,0.173103,0.144055,0.029048
2015-01-12,0.156851,0.129979,0.026872
2015-01-13,0.164319,0.136425,0.027893
2015-01-14,0.162932,0.135171,0.027761
2015-01-15,0.176023,0.146054,0.029969
2015-01-16,0.196364,0.157230,0.039134
2015-01-19,0.138253,0.107734,0.030519
2015-01-20,0.138193,0.106918,0.031275
2015-01-21,0.156955,0.123261,0.033694
2015-01-22,0.157198,0.125233,0.031965
2015-01-23,0.158918,0.125666,0.033252
2015-01-26,0.162213,0.129462,0.032751
2015-01-27,0.158888,0.126002,0.032886
2015-01-28,0.152528,0.120769,0.031759
2015-01-29,0.147650,0.116138,0.031512
2015-01-30,0.145144,0.117538,0.027605
2015-02-02,0.131710,0.104939,0.026771
2015-02-03,0.140549,0.111083,0.029466
2015-02-04,0.136517,0.107226,0.029292
2015-02-05,0.130743,0.103435,0.027309
2015-02-06,0.121031,0.097704,0.023327
2015-02-09,0.118555,0.097764,0.020790
2015-02-10,0.125258,0.103759,0.021499
2015-02-11,0.127564,0.106687,0.020878
2015-02-12,0.130026,0.107626,0.022400
2015-02-13,0.131044,0.110749,0.020295
2015-02-16,0.134913,0.113305,0.021609
2015-02-17,0.139284,0.115572,0.023712
2015-02-25,0.116680,0.095216,0.021464
2015-02-26,0.125549,0.104330,0.021219
2015-02-27,0.123694,0.103818,0.019876
2015-03-02,0.121130,0.103513,0.017617
2015-03-03,0.110411,0.093892,0.016519
2015-03-04,0.113068,0.096270,0.016799
2015-03-05,0.109630,0.095041,0.014588
2015-03-06,0.115706,0.098938,0.016768
2015-03-09,0.114360,0.099127,0.015233
2015-03-10,0.112624,0.097349,0.015274
2015-03-11,0.113797,0.097769,0.016028
2015-03-12,0.122087,0.106175,0.015912
2015-03-13,0.120879,0.105028,0.015852
2015-03-16,0.132740,0.122003,0.010737
2015-03-17,0.136567,0.127172,0.009395
2015-03-18,0.143987,0.135997,0.007990
2015-03-19,0.142943,0.134440,0.008503
2015-03-20,0.151118,0.146277,0.004841
2015-03-23,0.162383,0.158755,0.003628
2015-03-24,0.164550,0.158852,0.005699
2015-03-25,0.159515,0.155669,0.003845
2015-03-26,0.156866,0.156229,0.000638
2015-03-27,0.161906,0.159599,0.002307
2015-03-30,0.184851,0.185310,-0.000459
2015-03-31,0.179480,0.181726,-0.002246
2015-04-01,0.186057,0.188752,-0.002695
2015-04-02,0.183353,0.188837,-0.005484
2015-04-03,0.187393,0.193217,-0.005824
2015-04-07,0.187785,0.191281,-0.003496
2015-04-08,0.197195,0.194605,0.002590
2015-04-09,0.197186,0.195392,0.001794
2015-04-10,0.199723,0.199101,0.000622
2015-04-13,0.199534,0.196586,0.002948
2015-04-14,0.206496,0.198128,0.008368
2015-04-15,0.205506,0.192916,0.012590
2015-04-16,0.219179,0.205871,0.013308
2015-04-17,0.238657,0.218277,0.020380
2015-04-20,0.226542,0.198477,0.028065
2015-04-21,0.226117,0.207007,0.019110
2015-04-22,0.236884,0.217426,0.019459
2015-04-23,0.238050,0.220749,0.017301
2015-04-24,0.235713,0.217639,0.018074
2015-04-27,0.244082,0.223307,0.020775
2015-04-28,0.244380,0.217706,0.026674
2015-04-29,0.241990,0.220479,0.021510
2015-04-30,0.239504,0.218393,0.021111
2015-05-04,0.232125,0.208018,0.024108
2015-05-05,0.216469,0.191744,0.024725
2015-05-06,0.210298,0.187972,0.022326
2015-05-07,0.196307,0.180413,0.015894
2015-05-08,0.204557,0.189400,0.015157
2015-05-11,0.226862,0.211644,0.015218
2015-05-12,0.232547,0.216523,0.016024
2015-05-13,0.226541,0.214042,0.012498
2015-05-14,0.228891,0.215822,0.013068
2015-05-15,0.221942,0.208314,0.013628
2015-05-18,0.222109,0.211341,0.010768
2015-05-19,0.235681,0.224962,0.010719
2015-05-20,0.235172,0.227004,0.008168
2015-05-21,0.234912,0.232252,0.002660
2015-05-22,0.240170,0.235165,0.005005
2015-05-25,0.266078,0.256098,0.009979
2015-05-26,0.271421,0.264209,0.007213
2015-05-27,0.266944,0.262790,0.004155
2015-05-28,0.228017,0.227333,0.000684
2015-05-29,0.218936,0.222301,-0.003365
2015-06-01,0.238931,0.244597,-0.005666
2015-06-02,0.244446,0.251561,-0.007115
2015-06-03,0.247484,0.250082,-0.002598
2015-06-04,0.259731,0.265099,-0.005368
2015-06-05,0.266004,0.269116,-0.003112
2015-06-08,0.288748,0.284805,0.003943
2015-06-09,0.281099,0.281896,-0.000797
2015-06-10,0.273372,0.281224,-0.007852
2015-06-11,0.269847,0.275331,-0.005485
2015-06-12,0.270453,0.280639,-0.010185
2015-06-15,0.257461,0.266839,-0.009378
2015-06-16,0.241601,0.254065,-0.012464
2015-06-17,0.249206,0.260144,-0.010939
2015-06-18,0.228340,0.240768,-0.012429
2015-06-19,0.205036,0.219210,-0.014175
2015-06-23,0.226931,0.239680,-0.012749
2015-06-24,0.232863,0.247746,-0.014884
2015-06-25,0.224906,0.242014,-0.017108
2015-06-26,0.194956,0.208807,-0.013851
2015-06-29,0.178718,0.194131,-0.015412
2015-06-30,0.206334,0.220281,-0.013947
2015-07-01,0.183209,0.199940,-0.016730
2015-07-02,0.169252,0.185561,-0.016308
2015-07-03,0.141751,0.163253,-0.021502
2015-07-06,0.156525,0.173767,-0.017242
2015-07-07,0.165010,0.166824,-0.001814
2015-07-08,0.145494,0.139975,0.005519
2015-07-09,0.179297,0.172822,0.006475
2015-07-10,0.202555,0.194955,0.007600
2015-07-13,0.198279,0.197835,0.000444
2015-07-14,0.182715,0.188312,-0.005597
2015-07-15,0.170473,0.174139,-0.003666
2015-07-16,0.176448,0.185415,-0.008967
2015-07-17,0.189910,0.198056,-0.008146
2015-07-20,0.198697,0.201549,-0.002852
2015-07-21,0.203371,0.202069,0.001302
2015-07-22,0.197680,0.201217,-0.003537
2015-07-23,0.211902,0.215777,-0.003875
2015-07-24,0.202119,0.206836,-0.004717
2015-07-27,0.167706,0.175814,-0.008108
2015-07-28,0.161322,0.175029,-0.013707
2015-07-29,0.174137,0.187163,-0.013026
2015-07-30,0.160740,0.177703,-0.016963
2015-07-31,0.157073,0.178319,-0.021246
2015-08-03,0.153027,0.176119,-0.023092
2015-08-04,0.165057,0.188170,-0.023114
2015-08-05,0.157777,0.179962,-0.022186
2015-08-06,0.148514,0.171124,-0.022611
2015-08-07,0.155760,0.178188,-0.022429
2015-08-10,0.176836,0.193950,-0.017113
2015-08-11,0.172418,0.192223,-0.019805
2015-08-12,0.168606,0.187264,-0.018658
2015-08-13,0.178131,0.201114,-0.022982
2015-08-14,0.176342,0.200060,-0.023718
2015-08-17,0.184227,0.207969,-0.023743
2015-08-18,0.156789,0.182508,-0.025719
2015-08-19,0.160810,0.188733,-0.027923
2015-08-20,0.148102,0.177868,-0.029766
2015-08-21,0.128441,0.157650,-0.029209
2015-08-24,0.100029,0.129077,-0.029047
2015-08-25,0.072567,0.101692,-0.029125
2015-08-26,0.066067,0.099608,-0.033541
2015-08-27,0.095183,0.128895,-0.033712
2015-08-28,0.111390,0.142970,-0.031580
2015-08-31,0.122477,0.151508,-0.029031
2015-09-01,0.124461,0.150999,-0.026538
2015-09-02,0.129700,0.151427,-0.021727
2015-09-07,0.100113,0.119428,-0.019315
2015-09-08,0.107709,0.128936,-0.021227
2015-09-09,0.114502,0.136258,-0.021756
2015-09-10,0.110173,0.130047,-0.019874
2015-09-11,0.111594,0.131282,-0.019688
2015-09-14,0.105887,0.123200,-0.017313
2015-09-15,0.093960,0.108295,-0.014335
2015-09-16,0.110503,0.126399,-0.015896
2015-09-17,0.111964,0.127442,-0.015477
2015-09-18,0.116881,0.133034,-0.016153
2015-09-21,0.132333,0.145831,-0.013497
2015-09-22,0.135370,0.149373,-0.014003
2015-09-23,0.124756,0.140586,-0.015830
2015-09-24,0.123925,0.140302,-0.016377
2015-09-25,0.110679,0.135048,-0.024369
2015-09-28,0.096756,0.122439,-0.025683
2015-09-29,0.087841,0.115018,-0.027176
2015-09-30,0.091279,0.117828,-0.026550
2015-10-08,0.106454,0.132413,-0.025959
2015-10-09,0.101652,0.129141,-0.027489
2015-10-12,0.118670,0.143708,-0.025039
2015-10-13,0.118558,0.143415,-0.024858
2015-10-14,0.115773,0.139092,-0.023319
2015-10-15,0.122248,0.149629,-0.027381
2015-10-16,0.129819,0.154246,-0.024426
2015-10-19,0.126756,0.148570,-0.021814
2015-10-20,0.137811,0.153265,-0.015455
2015-10-21,0.127617,0.141931,-0.014314
2015-10-22,0.134256,0.146032,-0.011776
2015-10-23,0.140831,0.155949,-0.015119
2015-10-26,0.149895,0.168805,-0.018910
2015-10-27,0.149481,0.169198,-0.019717
2015-10-28,0.142239,0.161779,-0.019540
2015-10-29,0.144992,0.164787,-0.019795
2015-10-30,0.143703,0.164172,-0.020469
2015-11-02,0.125821,0.146455,-0.020634
2015-11-03,0.124023,0.145302,-0.021279
2015-11-04,0.138113,0.162990,-0.024877
2015-11-05,0.151800,0.172033,-0.020232
2015-11-06,0.158478,0.182833,-0.024355
2015-11-09,0.170157,0.196690,-0.026533
2015-11-10,0.168047,0.195951,-0.027904
2015-11-11,0.168936,0.195993,-0.027057
2015-11-12,0.165905,0.190062,-0.024157
2015-11-13,0.166505,0.191904,-0.025399
2015-11-16,0.172986,0.200198,-0.027211
2015-11-17,0.172607,0.199587,-0.026981
2015-11-18,0.165469,0.195015,-0.029546
2015-11-19,0.175285,0.201763,-0.026478
2015-11-20,0.176164,0.203568,-0.027404
2015-11-23,0.170557,0.196229,-0.025672
2015-11-24,0.168844,0.196287,-0.027443
2015-11-25,0.170263,0.199225,-0.028961
2015-11-26,0.170934,0.199999,-0.029066
2015-11-27,0.150093,0.182601,-0.032508
2015-11-30,0.147986,0.185665,-0.037679
2015-12-01,0.151211,0.188461,-0.037250
2015-12-02,0.159825,0.202657,-0.042833
2015-12-03,0.165918,0.211439,-0.045521
2015-12-04,0.155797,0.199393,-0.043596
2015-12-07,0.140893,0.179586,-0.038693
2015-12-08,0.134567,0.172658,-0.038091
2015-12-09,0.132328,0.174050,-0.041723
2015-12-10,0.125749,0.168469,-0.042720
2015-12-11,0.125088,0.169009,-0.043921
2015-12-14,0.118887,0.163570,-0.044682
2015-12-15,0.116092,0.161798,-0.045706
2015-12-16,0.114811,0.160859,-0.046048
2015-12-17,0.121874,0.166424,-0.044550
2015-12-18,0.124064,0.167434,-0.043369
2015-12-21,0.127254,0.176831,-0.049577
2015-12-22,0.127307,0.177923,-0.050616
2015-12-23,0.124671,0.176874,-0.052203
2015-12-24,0.119872,0.171594,-0.051722
2015-12-25,0.110281,0.161667,-0.051386
2015-12-28,0.093123,0.145489,-0.052366
2015-12-29,0.094640,0.148985,-0.054345
2015-12-30,0.093698,0.149322,-0.055624
2015-12-31,0.083119,0.139302,-0.056183
2016-01-04,0.053714,0.111777,-0.058063
2016-01-05,0.050297,0.112813,-0.062516
2016-01-06,0.059045,0.119283,-0.060238
2016-01-07,0.031092,0.091127,-0.060036
2016-01-08,0.039541,0.100038,-0.060497
2016-01-11,0.032534,0.087349,-0.054815
2016-01-12,0.036513,0.089984,-0.053471
2016-01-13,0.024895,0.083181,-0.058286
2016-01-14,0.018976,0.077151,-0.058175
2016-01-15,0.003055,0.063079,-0.060024
2016-01-18,0.007796,0.064498,-0.056702
2016-01-19,0.023926,0.074869,-0.050943
2016-01-20,0.023271,0.069422,-0.046151
2016-01-21,0.008327,0.056778,-0.048450
2016-01-22,0.014434,0.062338,-0.047904
2016-01-25,0.016993,0.067559,-0.050565
2016-01-26,-0.005013,0.045689,-0.050702
2016-01-27,-0.007685,0.044483,-0.052168
2016-01-28,-0.030769,0.024760,-0.055529
2016-01-29,-0.021977,0.032588,-0.054565
2016-02-01,-0.038629,0.018809,-0.057439
2016-02-02,-0.031458,0.025818,-0.057275
2016-02-03,-0.032439,0.024350,-0.056789
2016-02-04,-0.026221,0.027928,-0.054149
2016-02-05,-0.031786,0.022590,-0.054376
2016-02-15,-0.033691,0.020615,-0.054306
2016-02-16,-0.022429,0.030940,-0.053369
2016-02-17,-0.015470,0.033905,-0.049374
2016-02-18,-0.009998,0.037112,-0.047110
2016-02-19,-0.004523,0.043505,-0.048028
2016-02-22,0.009297,0.062994,-0.053697
2016-02-23,0.004761,0.059631,-0.054869
2016-02-24,0.010069,0.061934,-0.051865
2016-02-25,-0.016613,0.038641,-0.055253
2016-02-26,-0.010548,0.047132,-0.057680
2016-02-29,-0.036054,0.024832,-0.060886
2016-03-01,-0.027811,0.031690,-0.059501
2016-03-02,-0.012347,0.045656,-0.058003
2016-03-03,-0.012072,0.046465,-0.058537
2016-03-04,0.005526,0.067165,-0.061639
2016-03-07,-0.002116,0.058298,-0.060415
2016-03-08,-0.000410,0.060316,-0.060725
2016-03-09,-0.004011,0.056233,-0.060244
2016-03-10,-0.012262,0.049455,-0.061717
2016-03-11,-0.009384,0.052012,-0.061396
2016-03-14,0.005226,0.065512,-0.060287
2016-03-15,0.005470,0.065780,-0.060310
2016-03-16,0.006650,0.067539,-0.060889
2016-03-17,0.011090,0.071460,-0.060370
2016-03-18,0.019984,0.082227,-0.062243
2016-03-21,0.007685,0.075093,-0.067408
2016-03-22,0.006017,0.072025,-0.066008
2016-03-23,0.006944,0.073165,-0.066221
2016-03-24,0.004131,0.067135,-0.063005
2016-03-25,0.005382,0.069628,-0.064245
2016-03-28,0.016139,0.082434,-0.066295
2016-03-29,0.015599,0.079121,-0.063522
2016-03-30,0.022507,0.088320,-0.065813
2016-03-31,0.022115,0.088524,-0.066409
2016-04-01,0.019820,0.089227,-0.069407
2016-04-05,0.030379,0.095420,-0.065041
2016-04-06,0.031227,0.094641,-0.063415
2016-04-07,0.026929,0.089211,-0.062282
2016-04-08,0.023111,0.088185,-0.065073
2016-04-11,0.026131,0.092392,-0.066261
2016-04-12,0.026234,0.093402,-0.067168
2016-04-13,0.027911,0.098242,-0.070331
2016-04-14,0.029757,0.099861,-0.070104
2016-04-15,0.030439,0.103247,-0.072807
2016-04-18,0.018586,0.094127,-0.075542
2016-04-19,0.008899,0.085209,-0.076310
2016-04-20,0.006127,0.078773,-0.072646
2016-04-21,0.002614,0.076459,-0.073845
2016-04-22,0.006308,0.078528,-0.072221
2016-04-25,0.012389,0.086127,-0.073738
2016-04-26,0.016057,0.091125,-0.075068
2016-04-27,0.015837,0.089608,-0.073771
2016-04-28,0.016833,0.088995,-0.072162
2016-04-29,0.016995,0.088555,-0.071560
2016-05-03,0.012094,0.088326,-0.076232
2016-05-04,0.011871,0.087865,-0.075994
2016-05-05,0.013062,0.088369,-0.075307
2016-05-06,0.002714,0.074124,-0.071409
2016-05-09,-0.000040,0.066414,-0.066454
2016-05-10,0.000210,0.064989,-0.064778
2016-05-11,0.002501,0.066571,-0.064070
2016-05-12,0.002416,0.067416,-0.065000
2016-05-13,0.002864,0.067074,-0.064210
2016-05-16,0.001604,0.066353,-0.064749
2016-05-17,-0.003878,0.059868,-0.063746
2016-05-18,-0.005945,0.057806,-0.063751
2016-05-19,-0.007357,0.057169,-0.064526
2016-05-20,-0.007746,0.056594,-0.064339
2016-05-23,-0.005587,0.061262,-0.066849
2016-05-24,-0.009703,0.056587,-0.066290
2016-05-25,-0.010914,0.056089,-0.067003
2016-05-26,-0.011483,0.056662,-0.068145
2016-05-27,-0.012295,0.056145,-0.068440
2016-05-30,-0.017127,0.051965,-0.069092
2016-05-31,-0.003361,0.067377,-0.070737
2016-06-01,-0.003099,0.066364,-0.069463
2016-06-02,-0.002257,0.067100,-0.069357
2016-06-03,0.003164,0.070113,-0.066949
2016-06-06,0.012560,0.079370,-0.066809
2016-06-07,0.018891,0.085463,-0.066571
2016-06-08,0.016984,0.083973,-0.066989
2016-06-13,0.018538,0.085109,-0.066571
2016-06-14,0.015200,0.083717,-0.068517
2016-06-15,0.019445,0.088440,-0.068995
2016-06-16,0.016693,0.085908,-0.069215
2016-06-17,0.020635,0.089687,-0.069052
2016-06-20,0.031334,0.102698,-0.071364
2016-06-21,0.029747,0.102594,-0.072847
2016-06-22,0.032384,0.105855,-0.073471
2016-06-23,0.030247,0.103894,-0.073647
2016-06-24,0.049856,0.123266,-0.073410
2016-06-27,0.051687,0.130340,-0.078653
2016-06-28,0.046212,0.125367,-0.079155
2016-06-29,0.046021,0.127157,-0.081136
2016-06-30,0.046916,0.127458,-0.080543
2016-07-01,0.042213,0.125335,-0.083122
2016-07-04,0.042544,0.129837,-0.087293
2016-07-05,0.038712,0.129327,-0.090615
2016-07-06,0.042476,0.130432,-0.087956
2016-07-07,0.041741,0.129629,-0.087887
2016-07-08,0.047181,0.138431,-0.091250
2016-07-11,0.021861,0.112468,-0.090608
2016-07-12,0.034478,0.128858,-0.094380
2016-07-13,0.035015,0.129971,-0.094956
2016-07-14,0.033785,0.129269,-0.095484
2016-07-15,0.027503,0.123981,-0.096478
2016-07-18,0.037204,0.132580,-0.095376
2016-07-19,0.044790,0.140344,-0.095554
2016-07-20,0.043929,0.139100,-0.095170
2016-07-21,0.045204,0.140846,-0.095642
2016-07-22,0.040155,0.135618,-0.095463
2016-07-25,0.033324,0.130251,-0.096926
2016-07-26,0.039445,0.137066,-0.097621
2016-07-27,0.033228,0.131081,-0.097853
2016-07-28,0.035232,0.131421,-0.096189
2016-07-29,0.040676,0.137654,-0.096978
2016-08-01,0.026986,0.122626,-0.095640
2016-08-02,0.027028,0.123749,-0.096721
2016-08-03,0.028138,0.124273,-0.096135
2016-08-04,0.030301,0.125185,-0.094884
2016-08-05,0.025998,0.120492,-0.094494
2016-08-08,0.028867,0.124124,-0.095257
2016-08-09,0.030469,0.125241,-0.094773
2016-08-10,0.028029,0.123668,-0.095639
2016-08-11,0.026475,0.122515,-0.096039
2016-08-12,0.025377,0.118726,-0.093349
2016-08-15,0.042120,0.134884,-0.092763
2016-08-16,0.046214,0.136042,-0.089827
2016-08-17,0.042932,0.135459,-0.092527
2016-08-18,0.041693,0.134497,-0.092805
2016-08-19,0.033991,0.130113,-0.096122
2016-08-22,0.037552,0.131410,-0.093857
2016-08-23,0.039098,0.134777,-0.095679
2016-08-24,0.037424,0.133420,-0.095996
2016-08-25,0.033933,0.131045,-0.097112
2016-08-26,0.026692,0.122918,-0.096226
2016-08-29,0.034293,0.125784,-0.091491
2016-08-30,0.036691,0.126975,-0.090283
2016-08-31,0.041118,0.128764,-0.087646
2016-09-01,0.036993,0.125793,-0.088800
2016-09-02,0.036243,0.126173,-0.089930
2016-09-05,0.031316,0.123361,-0.092045
2016-09-06,0.031631,0.123384,-0.091753
2016-09-07,0.030192,0.123181,-0.092989
2016-09-08,0.030939,0.123040,-0.092101
2016-09-09,0.017512,0.107799,-0.090287
2016-09-12,0.009684,0.091717,-0.082033
2016-09-13,0.011625,0.094170,-0.082544
2016-09-14,0.010482,0.091748,-0.081266
2016-09-19,0.019162,0.102875,-0.083712
2016-09-20,0.018747,0.102230,-0.083483
2016-09-21,0.019669,0.103271,-0.083602
2016-09-22,0.022479,0.106020,-0.083541
2016-09-23,0.010995,0.098332,-0.087337
2016-09-26,0.007213,0.105357,-0.098143
2016-09-27,0.007378,0.106068,-0.098690
2016-09-28,0.006533,0.104945,-0.098412
2016-09-29,0.008536,0.106482,-0.097946
2016-09-30,0.008066,0.105331,-0.097265
2016-10-10,0.009299,0.106812,-0.097513
2016-10-11,0.008767,0.102336,-0.093569
2016-10-12,0.007889,0.101607,-0.093718
2016-10-13,0.007100,0.101901,-0.094801
2016-10-14,0.007801,0.101658,-0.093856
2016-10-17,0.012986,0.107453,-0.094467
2016-10-18,0.015500,0.110378,-0.094877
2016-10-19,0.015125,0.109810,-0.094685
2016-10-20,0.015516,0.110073,-0.094557
2016-10-21,0.007156,0.104265,-0.097110
2016-10-24,0.023482,0.119450,-0.095968
2016-10-25,0.032561,0.124447,-0.091886
2016-10-26,0.033054,0.123037,-0.089983
2016-10-27,0.032250,0.122021,-0.089770
2016-10-28,0.035951,0.121810,-0.085859
2016-10-31,0.041196,0.120154,-0.078957
2016-11-01,0.041224,0.120930,-0.079706
2016-11-02,0.040309,0.118064,-0.077755
2016-11-03,0.041731,0.121601,-0.079870
2016-11-04,0.040381,0.121094,-0.080713
2016-11-07,0.049740,0.127700,-0.077959
2016-11-08,0.055257,0.134617,-0.079360
2016-11-09,0.054069,0.132586,-0.078517
2016-11-10,0.056305,0.136799,-0.080495
2016-11-11,0.049716,0.138461,-0.088745
2016-11-14,0.047345,0.141782,-0.094437
2016-11-15,0.042864,0.134205,-0.091341
2016-11-16,0.042896,0.134174,-0.091278
2016-11-17,0.042671,0.134940,-0.092269
2016-11-18,0.035966,0.120550,-0.084584
2016-11-21,0.042191,0.126059,-0.083868
2016-11-22,0.044457,0.130908,-0.086451
2016-11-23,0.047601,0.131600,-0.083999
2016-11-24,0.049513,0.133119,-0.083606
2016-11-25,0.052097,0.138111,-0.086014
2016-11-28,0.042338,0.131612,-0.089275
2016-11-29,0.045017,0.134786,-0.089768
2016-11-30,0.041308,0.132015,-0.090708
2016-12-01,0.043249,0.134892,-0.091643
2016-12-02,0.051496,0.134181,-0.082685
2016-12-05,0.040577,0.120190,-0.079613
2016-12-06,0.042971,0.121500,-0.078529
2016-12-07,0.043135,0.123291,-0.080156
2016-12-08,0.045740,0.122686,-0.076947
2016-12-09,0.045745,0.125439,-0.079693
2016-12-12,0.041479,0.122561,-0.081081
2016-12-13,0.039934,0.122631,-0.082697
2016-12-14,0.038327,0.119756,-0.081429
2016-12-15,0.031020,0.115485,-0.084465
2016-12-16,0.037392,0.122159,-0.084766
2016-12-19,0.041813,0.125906,-0.084093
2016-12-20,0.042643,0.132508,-0.089866
2016-12-21,0.043939,0.135862,-0.091923
2016-12-22,0.042444,0.135536,-0.093092
2016-12-23,0.036111,0.131273,-0.095162
2016-12-26,0.037740,0.136162,-0.098421
2016-12-27,0.033269,0.129173,-0.095904
2016-12-28,0.032337,0.127525,-0.095188
2016-12-29,0.032533,0.127054,-0.094522
2016-12-30,0.036702,0.129113,-0.092412
2017-01-03,0.035553,0.134186,-0.098633
2017-01-04,0.040295,0.137129,-0.096833
2017-01-05,0.039517,0.137070,-0.097553
2017-01-06,0.046257,0.143544,-0.097287
2017-01-09,0.047543,0.148203,-0.100660
2017-01-10,0.051885,0.150568,-0.098683
2017-01-11,0.049034,0.147847,-0.098812
2017-01-12,0.047897,0.145907,-0.098009
2017-01-13,0.050551,0.148112,-0.097562
2017-01-16,0.050723,0.144909,-0.094185
2017-01-17,0.059424,0.151519,-0.092095
2017-01-18,0.063090,0.153019,-0.089928
2017-01-19,0.062256,0.151857,-0.089601
2017-01-20,0.070076,0.157019,-0.086943
2017-01-23,0.057403,0.146563,-0.089160
2017-01-24,0.057674,0.144253,-0.086579
2017-01-25,0.058511,0.145550,-0.087039
2017-01-26,0.058744,0.146912,-0.088168
2017-02-03,0.068476,0.151696,-0.083220
2017-02-06,0.069186,0.152690,-0.083504
2017-02-07,0.066164,0.150088,-0.083925
2017-02-08,0.067071,0.152091,-0.085019
2017-02-09,0.067814,0.153564,-0.085750
2017-02-10,0.057088,0.146081,-0.088992
2017-02-13,0.062173,0.146603,-0.084430
2017-02-14,0.058723,0.143875,-0.085152
2017-02-15,0.058053,0.142309,-0.084256
2017-02-16,0.059188,0.144444,-0.085256
2017-02-17,0.058927,0.139626,-0.080699
2017-02-20,0.069071,0.149171,-0.080100
2017-02-21,0.070175,0.154338,-0.084163
2017-02-22,0.071909,0.155104,-0.083196
2017-02-23,0.070989,0.153287,-0.082298
2017-02-24,0.077414,0.161924,-0.084511
2017-02-27,0.096025,0.169567,-0.073541
2017-02-28,0.088991,0.165844,-0.076854
2017-03-01,0.089022,0.166477,-0.077455
2017-03-02,0.087144,0.163847,-0.076704
2017-03-03,0.082998,0.161008,-0.078010
2017-03-06,0.094479,0.166085,-0.071605
2017-03-07,0.093802,0.167872,-0.074070
2017-03-08,0.092796,0.167282,-0.074486
2017-03-09,0.090305,0.164819,-0.074514
2017-03-10,0.097294,0.177845,-0.080551
2017-03-13,0.089751,0.173417,-0.083666
2017-03-14,0.092192,0.176471,-0.084279
2017-03-15,0.092885,0.177258,-0.084373
2017-03-16,0.093181,0.179280,-0.086099
2017-03-17,0.086854,0.171531,-0.084676
2017-03-20,0.108991,0.182364,-0.073373
2017-03-21,0.103699,0.170990,-0.067291
2017-03-22,0.103079,0.169152,-0.066073
2017-03-23,0.104001,0.170498,-0.066497
2017-03-24,0.108035,0.170404,-0.062368
2017-03-27,0.105034,0.172865,-0.067831
2017-03-28,0.108105,0.172618,-0.064513
2017-03-29,0.107860,0.172097,-0.064238
2017-03-30,0.106168,0.168883,-0.062715
2017-03-31,0.111118,0.172094,-0.060976
2017-04-05,0.107284,0.170402,-0.063118
2017-04-06,0.109218,0.171533,-0.062315
2017-04-07,0.108940,0.171911,-0.062972
2017-04-10,0.093396,0.155190,-0.061794
2017-04-11,0.093563,0.157052,-0.063490
2017-04-12,0.092711,0.156187,-0.063475
2017-04-13,0.092923,0.156750,-0.063827
2017-04-14,0.089282,0.154011,-0.064729
2017-04-17,0.094162,0.160808,-0.066645
2017-04-18,0.095142,0.158948,-0.063806
2017-04-19,0.094267,0.157064,-0.062797
2017-04-20,0.098889,0.158815,-0.059926
2017-04-21,0.103651,0.165940,-0.062290
2017-04-24,0.109266,0.161374,-0.052108
2017-04-25,0.118132,0.166501,-0.048370
2017-04-26,0.116778,0.166977,-0.050198
2017-04-27,0.116877,0.167151,-0.050273
2017-04-28,0.122141,0.172317,-0.050176
2017-05-02,0.109138,0.166520,-0.057382
2017-05-03,0.109377,0.164992,-0.055615
2017-05-04,0.108842,0.163997,-0.055155
2017-05-05,0.105893,0.161895,-0.056002
2017-05-08,0.112854,0.162952,-0.050098
2017-05-09,0.114640,0.162516,-0.047875
2017-05-10,0.116058,0.160799,-0.044741
2017-05-11,0.119350,0.162992,-0.043641
2017-05-12,0.116700,0.158014,-0.041313
2017-05-15,0.125768,0.166035,-0.040267
2017-05-16,0.128144,0.169054,-0.040910
2017-05-17,0.123873,0.166927,-0.043054
2017-05-18,0.123302,0.165572,-0.042271
2017-05-19,0.130030,0.171864,-0.041834
2017-05-22,0.131173,0.169818,-0.038645
2017-05-23,0.133542,0.168101,-0.034558
2017-05-24,0.132681,0.168098,-0.035417
2017-05-25,0.138694,0.175049,-0.036355
2017-05-26,0.136363,0.173085,-0.036722
2017-05-31,0.137592,0.174395,-0.036803
2017-06-01,0.141337,0.174939,-0.033602
2017-06-02,0.138689,0.173680,-0.034991
2017-06-05,0.138199,0.172747,-0.034549
2017-06-06,0.142978,0.178368,-0.035390
2017-06-07,0.148148,0.182960,-0.034811
2017-06-08,0.151903,0.185977,-0.034074
2017-06-09,0.158097,0.187742,-0.029645
2017-06-12,0.153514,0.184018,-0.030504
2017-06-13,0.150892,0.180730,-0.029837
2017-06-14,0.143809,0.175547,-0.031738
2017-06-15,0.140970,0.174825,-0.033855
2017-06-16,0.136198,0.170916,-0.034718
2017-06-19,0.153773,0.186614,-0.032840
2017-06-20,0.150305,0.183995,-0.033690
2017-06-21,0.156255,0.188592,-0.032336
2017-06-22,0.158370,0.188854,-0.030484
2017-06-23,0.161781,0.192923,-0.031142
2017-06-26,0.161421,0.195077,-0.033656
2017-06-27,0.162527,0.195578,-0.033050
2017-06-28,0.159287,0.192473,-0.033186
2017-06-29,0.161681,0.194938,-0.033257
2017-06-30,0.157142,0.191978,-0.034837
2017-07-03,0.154082,0.187499,-0.033417
2017-07-04,0.152003,0.184412,-0.032409
2017-07-05,0.158570,0.188726,-0.030156
2017-07-06,0.159033,0.188772,-0.029739
2017-07-07,0.158224,0.188759,-0.030535
2017-07-10,0.172565,0.194666,-0.022102
2017-07-11,0.175170,0.195571,-0.020400
2017-07-12,0.172510,0.194267,-0.021758
2017-07-13,0.176502,0.197317,-0.020815
2017-07-14,0.175639,0.194678,-0.019039
2017-07-17,0.180615,0.193108,-0.012493
2017-07-18,0.179281,0.192200,-0.012918
2017-07-19,0.183227,0.198942,-0.015715
2017-07-20,0.185607,0.200881,-0.015275
2017-07-21,0.179596,0.198420,-0.018824
2017-07-24,0.180081,0.187230,-0.007148
2017-07-25,0.174783,0.180589,-0.005807
2017-07-26,0.171847,0.179088,-0.007241
2017-07-27,0.171227,0.179809,-0.008582
2017-07-28,0.165519,0.169990,-0.004470
2017-07-31,0.155590,0.167267,-0.011677
2017-08-01,0.162632,0.174123,-0.011492
2017-08-02,0.160828,0.173133,-0.012305
2017-08-03,0.155156,0.169690,-0.014534
2017-08-04,0.149662,0.159946,-0.010284
2017-08-07,0.156219,0.169906,-0.013687
2017-08-08,0.154219,0.169858,-0.015639
2017-08-09,0.155810,0.169736,-0.013926
2017-08-10,0.155419,0.168154,-0.012735
2017-08-11,0.144424,0.155298,-0.010873
2017-08-14,0.153516,0.165121,-0.011605
2017-08-15,0.151264,0.162236,-0.010972
2017-08-16,0.149595,0.161751,-0.012155
2017-08-17,0.150212,0.163825,-0.013612
2017-08-18,0.146575,0.161899,-0.015324
2017-08-21,0.148053,0.166931,-0.018878
2017-08-22,0.149547,0.166273,-0.016726
2017-08-23,0.151019,0.166665,-0.015647
2017-08-24,0.149509,0.164441,-0.014932
2017-08-25,0.157716,0.174493,-0.016777
2017-08-28,0.164186,0.184664,-0.020478
2017-08-29,0.158097,0.179248,-0.021151
2017-08-30,0.157679,0.179223,-0.021544
2017-08-31,0.155112,0.177970,-0.022858
2017-09-01,0.150717,0.175989,-0.025273
2017-09-04,0.142293,0.165947,-0.023653
2017-09-05,0.137116,0.163430,-0.026314
2017-09-06,0.135305,0.162665,-0.027360
2017-09-07,0.132452,0.160690,-0.028238
2017-09-08,0.131335,0.160298,-0.028963
2017-09-11,0.131669,0.164368,-0.032700
2017-09-12,0.133459,0.163232,-0.029773
2017-09-13,0.134449,0.163705,-0.029256
2017-09-14,0.132111,0.162426,-0.030315
2017-09-15,0.131339,0.162748,-0.031409
2017-09-18,0.138538,0.168522,-0.029984
2017-09-19,0.135392,0.164742,-0.029350
2017-09-20,0.135093,0.165787,-0.030694
2017-09-21,0.137277,0.165320,-0.028043
2017-09-22,0.145280,0.172820,-0.027541
2017-09-25,0.137960,0.161415,-0.023455
2017-09-26,0.138070,0.161681,-0.023612
2017-09-27,0.137573,0.161724,-0.024151
2017-09-28,0.138771,0.161860,-0.023088
2017-09-29,0.135598,0.161591,-0.025993
2017-10-09,0.137622,0.160811,-0.023189
2017-10-10,0.141559,0.163949,-0.022390
2017-10-11,0.144599,0.165227,-0.020629
2017-10-12,0.146712,0.166247,-0.019536
2017-10-13,0.149784,0.168920,-0.019136
2017-10-16,0.150864,0.169847,-0.018983
2017-10-17,0.150880,0.170236,-0.019355
2017-10-18,0.155418,0.173327,-0.017909
2017-10-19,0.157357,0.172045,-0.014688
2017-10-20,0.152087,0.169539,-0.017452
2017-10-23,0.157634,0.179420,-0.021785
2017-10-24,0.159553,0.183135,-0.023581
2017-10-25,0.161566,0.184880,-0.023314
2017-10-26,0.164540,0.186529,-0.021989
2017-10-27,0.177193,0.192985,-0.015792
2017-10-30,0.160000,0.175443,-0.015444
2017-10-31,0.153391,0.168965,-0.015573
2017-11-01,0.153280,0.167982,-0.014702
2017-11-02,0.153615,0.168031,-0.014416
2017-11-03,0.155549,0.166946,-0.011397
2017-11-06,0.161316,0.170693,-0.009377
2017-11-07,0.163644,0.174534,-0.010890
2017-11-08,0.161558,0.173931,-0.012373
2017-11-09,0.165334,0.176621,-0.011288
2017-11-10,0.160344,0.170247,-0.009903
2017-11-13,0.161245,0.169651,-0.008407
2017-11-14,0.158435,0.166731,-0.008295
2017-11-15,0.157099,0.164289,-0.007190
2017-11-16,0.162659,0.167267,-0.004608
2017-11-17,0.165866,0.170886,-0.005020
2017-11-20,0.169530,0.177664,-0.008134
2017-11-21,0.168440,0.177492,-0.009052
2017-11-22,0.168680,0.178410,-0.009730
2017-11-23,0.156054,0.166663,-0.010609
2017-11-24,0.145647,0.157092,-0.011445
2017-11-27,0.127672,0.137111,-0.009439
2017-11-28,0.121844,0.130277,-0.008433
2017-11-29,0.121257,0.130085,-0.008827
2017-11-30,0.116597,0.125639,-0.009042
2017-12-01,0.114008,0.123430,-0.009422
2017-12-04,0.082857,0.089877,-0.007019
2017-12-05,0.083115,0.089402,-0.006288
2017-12-06,0.078955,0.087209,-0.008254
2017-12-07,0.073298,0.083155,-0.009857
2017-12-08,0.063624,0.071650,-0.008026
2017-12-11,0.087195,0.085345,0.001850
2017-12-12,0.082338,0.079415,0.002923
2017-12-13,0.086187,0.082459,0.003728
2017-12-14,0.084067,0.080322,0.003745
2017-12-15,0.078174,0.073573,0.004601
2017-12-18,0.066649,0.060021,0.006628
2017-12-19,0.066897,0.060519,0.006378
2017-12-20,0.068139,0.060095,0.008044
2017-12-21,0.071281,0.063360,0.007921
2017-12-22,0.068495,0.061023,0.007472
2017-12-25,0.077988,0.066102,0.011886
2017-12-26,0.065679,0.055640,0.010038
2017-12-27,0.058533,0.050195,0.008338
2017-12-28,0.064268,0.052618,0.011650
2017-12-29,0.062298,0.052681,0.009617
2018-01-02,0.057520,0.049717,0.007803
2018-01-03,0.058474,0.051766,0.006707
2018-01-04,0.061142,0.053250,0.007892
2018-01-05,0.050738,0.043586,0.007152
2018-01-08,0.060125,0.053376,0.006749
2018-01-09,0.065277,0.057073,0.008204
2018-01-10,0.068468,0.058627,0.009841
2018-01-11,0.068459,0.058441,0.010018
2018-01-12,0.072287,0.063389,0.008898
2018-01-15,0.063117,0.054429,0.008688
2018-01-16,0.059900,0.054169,0.005731
2018-01-17,0.057330,0.053315,0.004015
2018-01-18,0.062035,0.055237,0.006798
2018-01-19,0.093588,0.084991,0.008597
2018-01-22,0.076021,0.067228,0.008793
2018-01-23,0.078692,0.070577,0.008115
2018-01-24,0.075966,0.071170,0.004796
2018-01-25,0.075004,0.069148,0.005855
2018-01-26,0.074068,0.066873,0.007195
2018-01-29,0.080991,0.073057,0.007934
2018-01-30,0.083746,0.074123,0.009623
2018-01-31,0.089347,0.075786,0.013560
2018-02-01,0.090113,0.073264,0.016849
2018-02-02,0.104104,0.083923,0.020181
2018-02-05,0.104176,0.082774,0.021402
2018-02-06,0.102361,0.077942,0.024419
2018-02-07,0.088764,0.069353,0.019411
2018-02-08,0.082487,0.065959,0.016528
2018-02-09,0.063990,0.047039,0.016950
2018-02-12,0.055610,0.041550,0.014060
2018-02-13,0.059847,0.042882,0.016964
2018-02-14,0.063881,0.045642,0.018239
2018-02-22,0.065904,0.047867,0.018037
2018-02-23,0.067841,0.049447,0.018394
2018-02-26,0.065406,0.049150,0.016256
2018-02-27,0.057694,0.043441,0.014254
2018-02-28,0.052494,0.040404,0.012090
2018-03-01,0.054944,0.042593,0.012352
2018-03-02,0.049194,0.037041,0.012153
2018-03-05,0.058959,0.047456,0.011503
2018-03-06,0.063506,0.053443,0.010064
2018-03-07,0.061607,0.050854,0.010754
2018-03-08,0.064784,0.054395,0.010389
2018-03-09,0.059513,0.051151,0.008362
2018-03-12,0.052422,0.047343,0.005079
2018-03-13,0.049077,0.041860,0.007217
2018-03-14,0.048731,0.040338,0.008393
2018-03-15,0.053046,0.042277,0.010770
2018-03-16,0.040437,0.030605,0.009833
2018-03-19,0.034691,0.019957,0.014734
2018-03-20,0.031549,0.015608,0.015941
2018-03-21,0.030527,0.014224,0.016302
2018-03-22,0.025664,0.010825,0.014840
2018-03-23,0.009244,-0.005665,0.014909
2018-03-26,0.006054,-0.005952,0.012006
2018-03-27,0.005200,-0.004928,0.010128
2018-03-28,-0.002497,-0.010944,0.008448
2018-03-29,0.003645,-0.006560,0.010205
2018-03-30,-0.009648,-0.015711,0.006063
2018-04-02,-0.011799,-0.019604,0.007805
2018-04-03,-0.016033,-0.025254,0.009222
2018-04-04,-0.015534,-0.025896,0.010362
2018-04-09,-0.028537,-0.033086,0.004549
2018-04-10,-0.023603,-0.033098,0.009495
2018-04-11,-0.022036,-0.032182,0.010146
2018-04-12,-0.026876,-0.035445,0.008569
2018-04-13,-0.036672,-0.043312,0.006640
2018-04-16,-0.058390,-0.055014,-0.003377
2018-04-17,-0.075495,-0.065685,-0.009810
2018-04-18,-0.074519,-0.064221,-0.010298
2018-04-19,-0.068854,-0.060463,-0.008391
2018-04-20,-0.070605,-0.059582,-0.011023
2018-04-23,-0.074896,-0.073840,-0.001056
2018-04-24,-0.067827,-0.065036,-0.002790
2018-04-25,-0.069350,-0.066237,-0.003113
2018-04-26,-0.076589,-0.072227,-0.004361
2018-04-27,-0.087977,-0.078914,-0.009063
2018-05-02,-0.082322,-0.074645,-0.007677
2018-05-03,-0.080577,-0.072245,-0.008332
2018-05-04,-0.085540,-0.076195,-0.009344
2018-05-07,-0.051794,-0.049864,-0.001930
2018-05-08,-0.053226,-0.052403,-0.000823
2018-05-09,-0.053524,-0.052978,-0.000546
2018-05-10,-0.050985,-0.051233,0.000248
2018-05-11,-0.061154,-0.061857,0.000703
2018-05-14,-0.054178,-0.059607,0.005429
2018-05-15,-0.048330,-0.052792,0.004462
2018-05-16,-0.051621,-0.055314,0.003693
2018-05-17,-0.054689,-0.057649,0.002960
2018-05-18,-0.045026,-0.051581,0.006555
2018-05-21,-0.057643,-0.067827,0.010184
2018-05-22,-0.067514,-0.075988,0.008474
2018-05-23,-0.072616,-0.080077,0.007461
2018-05-24,-0.076039,-0.082259,0.006220
2018-05-25,-0.088498,-0.092084,0.003586
2018-05-28,-0.061343,-0.074407,0.013064
2018-05-29,-0.059860,-0.077201,0.017341
2018-05-30,-0.064937,-0.083768,0.018831
2018-05-31,-0.056920,-0.077332,0.020412
2018-06-01,-0.073961,-0.094356,0.020395
2018-06-04,-0.075461,-0.097598,0.022137
2018-06-05,-0.078085,-0.097470,0.019384
2018-06-06,-0.079263,-0.098094,0.018831
2018-06-07,-0.079546,-0.098591,0.019045
2018-06-08,-0.093724,-0.109576,0.015852
2018-06-11,-0.079815,-0.106918,0.027103
2018-06-12,-0.073781,-0.104913,0.031132
2018-06-13,-0.075833,-0.107856,0.032023
2018-06-14,-0.077527,-0.109033,0.031506
2018-06-15,-0.070867,-0.104181,0.033315
2018-06-19,-0.037073,-0.079126,0.042053
2018-06-20,-0.034782,-0.077913,0.043131
2018-06-21,-0.036231,-0.081518,0.045287
2018-06-22,-0.035480,-0.080163,0.044683
2018-06-25,-0.046249,-0.088823,0.042573
2018-06-26,-0.025533,-0.066170,0.040637
2018-06-27,-0.035381,-0.072548,0.037167
2018-06-28,-0.041364,-0.075752,0.034388
2018-06-29,-0.020610,-0.057348,0.036739
2018-07-02,-0.025363,-0.060375,0.035011
2018-07-03,-0.007374,-0.042682,0.035308
2018-07-04,-0.011629,-0.046963,0.035333
2018-07-05,-0.010323,-0.048979,0.038657
2018-07-06,-0.021892,-0.055867,0.033975
2018-07-09,-0.021405,-0.038998,0.017593
2018-07-10,-0.038647,-0.054822,0.016175
2018-07-11,-0.042585,-0.060304,0.017719
2018-07-12,-0.035905,-0.053593,0.017688
2018-07-13,-0.039390,-0.060499,0.021110
2018-07-16,-0.020213,-0.045874,0.025660
2018-07-17,-0.034024,-0.059890,0.025866
2018-07-18,-0.035987,-0.061534,0.025547
2018-07-19,-0.036308,-0.061805,0.025498
2018-07-20,-0.030171,-0.056643,0.026472
2018-07-23,-0.034865,-0.060435,0.025570
2018-07-24,-0.023941,-0.049905,0.025964
2018-07-25,-0.023867,-0.050255,0.026389
2018-07-26,-0.028177,-0.053942,0.025765
2018-07-27,0.000962,-0.026674,0.027636
2018-07-30,0.005590,-0.026959,0.032549
2018-07-31,0.008227,-0.026830,0.035057
2018-08-01,0.000754,-0.033354,0.034108
2018-08-02,-0.007713,-0.040551,0.032838
2018-08-03,-0.012231,-0.046906,0.034675
2018-08-06,-0.014493,-0.051164,0.036671
2018-08-07,-0.012044,-0.048192,0.036148
2018-08-08,-0.017957,-0.053340,0.035382
2018-08-09,-0.008529,-0.045501,0.036972
2018-08-10,-0.026909,-0.058836,0.031927
2018-08-13,-0.028437,-0.059507,0.031071
2018-08-14,-0.029634,-0.060974,0.031340
2018-08-15,-0.038322,-0.068545,0.030223
2018-08-16,-0.039723,-0.069986,0.030262
2018-08-17,-0.042531,-0.074792,0.032261
2018-08-20,-0.006404,-0.045867,0.039463
2018-08-21,0.017873,-0.025034,0.042907
2018-08-22,0.016202,-0.026864,0.043067
2018-08-23,0.017137,-0.025681,0.042818
2018-08-24,0.048033,0.005042,0.042991
2018-08-27,0.067101,0.020471,0.046630
2018-08-28,0.049089,0.005739,0.043350
2018-08-29,0.048494,0.004397,0.044097
2018-08-30,0.044996,0.000877,0.044120
2018-08-31,0.036767,-0.003183,0.039950
2018-09-03,0.028924,-0.004378,0.033302
2018-09-04,0.033114,-0.000191,0.033305
2018-09-05,0.025464,-0.006749,0.032214
2018-09-06,0.020047,-0.010301,0.030348
2018-09-07,0.037890,0.002776,0.035113
2018-09-10,0.025540,-0.012821,0.038360
2018-09-11,0.025960,-0.012400,0.038360
2018-09-12,0.020545,-0.014671,0.035216
2018-09-13,0.023987,-0.011140,0.035127
2018-09-14,0.029777,-0.003982,0.033759
2018-09-17,0.028068,-0.003314,0.031383
2018-09-18,0.033935,0.001858,0.032077
2018-09-19,0.039467,0.006237,0.033231
2018-09-20,0.039752,0.005999,0.033754
2018-09-21,0.046994,0.010197,0.036796
2018-09-25,0.058714,0.015022,0.043692
2018-09-26,0.065514,0.018756,0.046757
2018-09-27,0.065115,0.017398,0.047717
2018-09-28,0.067945,0.019766,0.048179
2018-10-08,0.044294,-0.000565,0.044858
2018-10-09,0.041171,-0.005159,0.046330
2018-10-10,0.037677,-0.005875,0.043551
2018-10-11,0.023816,-0.022039,0.045856
2018-10-12,0.021734,-0.027528,0.049262
2018-10-15,0.012304,-0.035711,0.048015
2018-10-16,0.003100,-0.042643,0.045742
2018-10-17,0.002291,-0.040868,0.043158
2018-10-18,-0.007068,-0.048501,0.041433
2018-10-19,0.004060,-0.039168,0.043229
2018-10-22,0.011217,-0.024649,0.035867
2018-10-23,-0.001857,-0.037593,0.035736
2018-10-24,-0.005808,-0.037113,0.031304
2018-10-25,-0.009417,-0.036498,0.027081
2018-10-26,-0.014376,-0.040192,0.025817
2018-10-29,-0.027730,-0.045059,0.017328
2018-10-30,-0.025651,-0.041688,0.016037
2018-10-31,-0.015432,-0.037235,0.021803
2018-11-01,-0.010262,-0.034879,0.024617
2018-11-02,0.011985,-0.018136,0.030121
2018-11-05,-0.014188,-0.041561,0.027373
2018-11-06,-0.021095,-0.050896,0.029801
2018-11-07,-0.022035,-0.052972,0.030937
2018-11-08,-0.022020,-0.053869,0.031849
2018-11-09,-0.029315,-0.062195,0.032880
2018-11-12,-0.024121,-0.054780,0.030659
2018-11-13,-0.015833,-0.047498,0.031665
2018-11-14,-0.020836,-0.050690,0.029854
2018-11-15,-0.017837,-0.047009,0.029172
2018-11-16,-0.018785,-0.047026,0.028241
2018-11-19,-0.013353,-0.044355,0.031002
2018-11-20,-0.021218,-0.051730,0.030512
2018-11-21,-0.019130,-0.050937,0.031808
2018-11-22,-0.020375,-0.052121,0.031746
2018-11-23,-0.026608,-0.057392,0.030784
2018-11-26,-0.023929,-0.058126,0.034197
2018-11-27,-0.005444,-0.040993,0.035549
2018-11-28,-0.000332,-0.036764,0.036432
2018-11-29,-0.003637,-0.040951,0.037315
2018-11-30,0.003600,-0.038243,0.041843
2018-12-03,0.004944,-0.045452,0.050396
2018-12-04,0.010356,-0.038624,0.048980
2018-12-05,0.009706,-0.040167,0.049873
2018-12-06,-0.000556,-0.047137,0.046581
2018-12-07,-0.004950,-0.048011,0.043061
2018-12-10,0.000724,-0.046099,0.046824
2018-12-11,0.006237,-0.043255,0.049492
2018-12-12,0.007551,-0.042167,0.049719
2018-12-13,0.014902,-0.037250,0.052152
2018-12-14,-0.000006,-0.051603,0.051598
2018-12-17,-0.005047,-0.055838,0.050791
2018-12-18,-0.008637,-0.060114,0.051476
2018-12-19,-0.014698,-0.063864,0.049166
2018-12-20,-0.018067,-0.066264,0.048196
2018-12-21,-0.027173,-0.078066,0.050894
2018-12-24,-0.017510,-0.074247,0.056737
2018-12-25,-0.018929,-0.077083,0.058154
2018-12-26,-0.021422,-0.078640,0.057219
2018-12-27,-0.021741,-0.079821,0.058080
2018-12-28,-0.009095,-0.068730,0.059634
2019-01-02,-0.012409,-0.073267,0.060858
2019-01-03,-0.016568,-0.073756,0.057188
2019-01-04,0.017627,-0.043489,0.061115
2019-01-07,0.040877,-0.024907,0.065784
2019-01-08,0.033923,-0.032145,0.066067
2019-01-09,0.040527,-0.028897,0.069424
2019-01-10,0.040878,-0.029507,0.070384
2019-01-11,0.056496,-0.010304,0.066800
2019-01-14,0.051867,-0.016173,0.068040
2019-01-15,0.079685,0.000989,0.078696
2019-01-16,0.081108,0.001059,0.080049
2019-01-17,0.079567,-0.000782,0.080349
2019-01-18,0.083348,0.003971,0.079378
2019-01-21,0.086364,0.011157,0.075207
2019-01-22,0.075434,0.003187,0.072247
2019-01-23,0.075413,0.002945,0.072468
2019-01-24,0.078119,0.004829,0.073291
2019-01-25,0.081375,0.005886,0.075489
2019-01-28,0.124657,0.037151,0.087507
2019-01-29,0.114066,0.027294,0.086772
2019-01-30,0.110498,0.024554,0.085943
2019-01-31,0.116051,0.028115,0.087936
2019-02-01,0.130159,0.038310,0.091849
2019-02-11,0.130732,0.037144,0.093588
2019-02-12,0.133099,0.039634,0.093466
2019-02-13,0.139863,0.046528,0.093336
2019-02-14,0.142298,0.047052,0.095246
2019-02-15,0.135561,0.042509,0.093052
2019-02-18,0.129204,0.041083,0.088121
2019-02-19,0.127866,0.040705,0.087161
2019-02-20,0.127463,0.041946,0.085517
2019-02-21,0.126497,0.041018,0.085480
2019-02-22,0.124421,0.041166,0.083255
2019-02-25,0.171482,0.085135,0.086347
2019-02-26,0.163085,0.077183,0.085902
2019-02-27,0.162701,0.076569,0.086132
2019-02-28,0.167132,0.075689,0.091444
2019-03-01,0.182712,0.085615,0.097097
2019-03-04,0.166010,0.070372,0.095638
2019-03-05,0.165693,0.072428,0.093265
2019-03-06,0.164855,0.075425,0.089431
2019-03-07,0.153552,0.070496,0.083057
2019-03-08,0.143118,0.055811,0.087306
2019-03-11,0.162673,0.073119,0.089554
2019-03-12,0.162777,0.075549,0.087228
2019-03-13,0.161728,0.072566,0.089162
2019-03-14,0.155989,0.064548,0.091441
2019-03-15,0.162623,0.067939,0.094684
2019-03-18,0.161786,0.066867,0.094919
2019-03-19,0.158971,0.065222,0.093750
2019-03-20,0.158658,0.065359,0.093300
2019-03-21,0.152339,0.056956,0.095382
2019-03-22,0.154399,0.059248,0.095150
2019-03-25,0.146850,0.053858,0.092992
2019-03-26,0.145879,0.049864,0.096015
2019-03-27,0.152991,0.053910,0.099081
2019-03-28,0.156726,0.055602,0.101124
2019-03-29,0.175056,0.072901,0.102154
2019-04-01,0.176225,0.072432,0.103792
2019-04-02,0.174645,0.072195,0.102450
2019-04-03,0.177393,0.076753,0.100639
2019-04-04,0.180717,0.080317,0.100400
2019-04-08,0.182451,0.083944,0.098507
2019-04-09,0.181903,0.085562,0.096340
2019-04-10,0.184711,0.086487,0.098224
2019-04-11,0.174073,0.073644,0.100429
2019-04-12,0.175736,0.074134,0.101602
2019-04-15,0.168161,0.067049,0.101112
2019-04-16,0.177139,0.076825,0.100314
2019-04-17,0.178098,0.076952,0.101146
2019-04-18,0.180246,0.080457,0.099790
2019-04-19,0.182147,0.083631,0.098516
2019-04-22,0.179124,0.082349,0.096775
2019-04-23,0.180914,0.081757,0.099157
2019-04-24,0.183157,0.082750,0.100407
2019-04-25,0.181350,0.076243,0.105108
2019-04-26,0.172281,0.069511,0.102770
2019-04-29,0.176984,0.073051,0.103933
2019-04-30,0.178052,0.074231,0.103821
2019-05-06,0.158898,0.055844,0.103054
2019-05-07,0.165274,0.059277,0.105998
2019-05-08,0.157681,0.054203,0.103479
2019-05-09,0.155320,0.054992,0.100328
2019-05-10,0.169291,0.067209,0.102082
2019-05-13,0.165973,0.060620,0.105353
2019-05-14,0.162274,0.058343,0.103931
2019-05-15,0.173632,0.066214,0.107418
2019-05-16,0.173222,0.065473,0.107749
2019-05-17,0.165484,0.057423,0.108061
2019-05-20,0.162907,0.055313,0.107594
2019-05-21,0.168393,0.060055,0.108338
2019-05-22,0.168259,0.058376,0.109883
2019-05-23,0.158514,0.050990,0.107524
2019-05-24,0.161560,0.054663,0.106897
2019-05-27,0.169429,0.059003,0.110427
2019-05-28,0.177224,0.062394,0.114829
2019-05-29,0.175224,0.061589,0.113636
2019-05-30,0.175098,0.058904,0.116194
2019-05-31,0.165463,0.046231,0.119233
2019-06-03,0.160351,0.044277,0.116074
2019-06-04,0.155014,0.041053,0.113961
2019-06-05,0.152076,0.040922,0.111154
2019-06-06,0.149224,0.038930,0.110295
2019-06-10,0.157882,0.045010,0.112872
2019-06-11,0.169726,0.055378,0.114349
2019-06-12,0.167700,0.052706,0.114995
2019-06-13,0.177589,0.063215,0.114374
2019-06-14,0.174495,0.059164,0.115331
2019-06-17,0.170258,0.055241,0.115017
2019-06-18,0.172361,0.056472,0.115889
2019-06-19,0.177742,0.061091,0.116651
2019-06-20,0.189411,0.071435,0.117976
2019-06-21,0.190471,0.072671,0.117800
2019-06-24,0.196280,0.076734,0.119546
2019-06-25,0.193065,0.072987,0.120078
2019-06-26,0.192544,0.072330,0.120214
2019-06-27,0.190220,0.071121,0.119099
2019-06-28,0.185929,0.068454,0.117475
2019-07-01,0.196185,0.076585,0.119600
2019-07-02,0.196097,0.076709,0.119388
2019-07-03,0.189420,0.072716,0.116704
2019-07-04,0.181996,0.065182,0.116814
2019-07-05,0.190233,0.066724,0.123509
2019-07-08,0.180813,0.060068,0.120745
2019-07-09,0.180270,0.059170,0.121100
2019-07-10,0.180630,0.058575,0.122055
2019-07-11,0.179813,0.057215,0.122598
2019-07-12,0.172808,0.051809,0.120999
2019-07-15,0.175456,0.052898,0.122558
2019-07-16,0.172456,0.051303,0.121153
2019-07-17,0.171885,0.051100,0.120784
2019-07-18,0.171292,0.049277,0.122015
2019-07-19,0.178892,0.054424,0.124468
2019-07-22,0.180979,0.054495,0.126484
2019-07-23,0.181862,0.055259,0.126602
2019-07-24,0.183867,0.058029,0.125838
2019-07-25,0.186622,0.060278,0.126344
2019-07-26,0.183555,0.056763,0.126792
2019-07-29,0.192019,0.063538,0.128481
2019-07-30,0.191633,0.065012,0.126621
2019-07-31,0.190281,0.061796,0.128486
2019-08-01,0.190444,0.061849,0.128595
2019-08-02,0.186843,0.055256,0.131587
2019-08-05,0.173248,0.046724,0.126525
2019-08-06,0.171924,0.042974,0.128950
2019-08-07,0.172768,0.041547,0.131221
2019-08-08,0.175465,0.042972,0.132493
2019-08-09,0.169261,0.037141,0.132120
2019-08-12,0.171711,0.039395,0.132316
2019-08-13,0.170044,0.036262,0.133782
2019-08-14,0.173010,0.037829,0.135181
2019-08-15,0.162523,0.028695,0.133829
2019-08-16,0.165394,0.031767,0.133627
2019-08-19,0.177462,0.040540,0.136922
2019-08-20,0.177681,0.040233,0.137448
2019-08-21,0.176393,0.039686,0.136707
2019-08-22,0.182111,0.043688,0.138423
2019-08-23,0.187748,0.045664,0.142084
2019-08-26,0.189452,0.044258,0.145194
2019-08-27,0.194410,0.048955,0.145455
2019-08-28,0.192981,0.047637,0.145344
2019-08-29,0.189597,0.046425,0.143172
2019-08-30,0.194213,0.046845,0.147368
2019-09-02,0.196911,0.051078,0.145834
2019-09-03,0.196854,0.051559,0.145295
2019-09-04,0.196919,0.054497,0.142422
2019-09-05,0.201122,0.057449,0.143673
2019-09-06,0.200701,0.057097,0.143604
2019-09-09,0.205635,0.061884,0.143751
2019-09-10,0.203693,0.060664,0.143029
2019-09-11,0.196966,0.058053,0.138914
2019-09-12,0.205058,0.067814,0.137244
2019-09-16,0.206944,0.069113,0.137832
2019-09-17,0.201211,0.063091,0.138121
2019-09-18,0.207042,0.064806,0.142236
2019-09-19,0.204002,0.063439,0.140563
2019-09-20,0.206287,0.065079,0.141209
2019-09-23,0.197704,0.059029,0.138676
2019-09-24,0.198844,0.059973,0.138871
2019-09-25,0.197138,0.057240,0.139898
2019-09-26,0.199020,0.060528,0.138492
2019-09-27,0.199675,0.059346,0.140328
2019-09-30,0.190243,0.054484,0.135760
2019-10-08,0.194596,0.056613,0.137983
2019-10-09,0.195836,0.057123,0.138713
2019-10-10,0.194741,0.055622,0.139120
2019-10-11,0.198130,0.057623,0.140507
2019-10-14,0.203355,0.061427,0.141928
2019-10-15,0.202765,0.059904,0.142861
2019-10-16,0.199259,0.058685,0.140574
2019-10-17,0.203169,0.061916,0.141252
2019-10-18,0.193561,0.052228,0.141333
2019-10-21,0.195948,0.052589,0.143359
2019-10-22,0.197029,0.053947,0.143082
2019-10-23,0.194831,0.051706,0.143125
2019-10-24,0.189694,0.047505,0.142189
2019-10-25,0.194119,0.049869,0.144249
2019-10-28,0.196540,0.055401,0.141140
2019-10-29,0.196189,0.053933,0.142256
2019-10-30,0.195756,0.052223,0.143533
2019-10-31,0.194284,0.052224,0.142061
2019-11-01,0.197843,0.055718,0.142125
2019-11-04,0.203666,0.058516,0.145149
2019-11-05,0.207097,0.060702,0.146395
2019-11-06,0.204492,0.059116,0.145377
2019-11-07,0.205737,0.059480,0.146257
2019-11-08,0.199529,0.056287,0.143242
2019-11-11,0.194804,0.045300,0.149503
2019-11-12,0.195164,0.045364,0.149801
2019-11-13,0.195473,0.045033,0.150441
2019-11-14,0.197295,0.044232,0.153063
2019-11-15,0.193426,0.041700,0.151725
2019-11-18,0.199273,0.045718,0.153555
2019-11-19,0.201750,0.049195,0.152555
2019-11-20,0.197304,0.045711,0.151592
2019-11-21,0.193206,0.041683,0.151523
2019-11-22,0.185970,0.035409,0.150561
2019-11-25,0.178381,0.032705,0.145676
2019-11-26,0.179602,0.033896,0.145706
2019-11-27,0.179268,0.032475,0.146793
2019-11-28,0.178022,0.029949,0.148073
2019-11-29,0.167036,0.024162,0.142874
2019-12-02,0.173484,0.028206,0.145278
2019-12-03,0.174427,0.029547,0.144881
2019-12-04,0.174575,0.029434,0.145142
2019-12-05,0.181966,0.037930,0.144036
2019-12-06,0.184161,0.041007,0.143154
2019-12-09,0.176644,0.036949,0.139695
2019-12-10,0.175903,0.037386,0.138517
2019-12-11,0.176451,0.037596,0.138855
2019-12-12,0.180855,0.045052,0.135803
2019-12-13,0.190917,0.052344,0.138573
2019-12-16,0.200330,0.060211,0.140119
2019-12-17,0.205226,0.064997,0.140229
2019-12-18,0.204164,0.064204,0.139960
2019-12-19,0.203516,0.065521,0.137995
2019-12-20,0.205190,0.066780,0.138410
2019-12-23,0.204285,0.062478,0.141807
2019-12-24,0.205975,0.064782,0.141193
2019-12-25,0.205296,0.064596,0.140700
2019-12-26,0.206902,0.066122,0.140780
2019-12-27,0.208480,0.066416,0.142065
2019-12-30,0.212681,0.072338,0.140343
2019-12-31,0.214486,0.073646,0.140840
2020-01-02,0.219061,0.078486,0.140574
2020-01-03,0.214079,0.074388,0.139690
2020-01-06,0.211070,0.072452,0.138618
2020-01-07,0.214907,0.075123,0.139783
2020-01-08,0.209062,0.070980,0.138082
2020-01-09,0.212855,0.073747,0.139108
2020-01-10,0.213196,0.074245,0.138952
2020-01-13,0.222667,0.081878,0.140789
2020-01-14,0.219049,0.080668,0.138381
2020-01-15,0.217847,0.078673,0.139174
2020-01-16,0.213941,0.077194,0.136747
2020-01-17,0.211901,0.076950,0.134951
2020-01-20,0.210263,0.076551,0.133712
2020-01-21,0.202576,0.070384,0.132192
2020-01-22,0.204371,0.071910,0.132461
2020-01-23,0.191202,0.059755,0.131447
2020-02-03,0.158977,0.031109,0.127868
2020-02-04,0.171760,0.040096,0.131664
2020-02-05,0.174787,0.044009,0.130778
2020-02-06,0.181633,0.049540,0.132093
2020-02-07,0.181773,0.050330,0.131443
2020-02-10,0.182236,0.046843,0.135392
2020-02-11,0.186929,0.050081,0.136848
2020-02-12,0.188858,0.052905,0.135953
2020-02-13,0.182609,0.048414,0.134196
2020-02-14,0.186922,0.050911,0.136011
2020-02-17,0.194904,0.060211,0.134693
2020-02-18,0.192302,0.058482,0.133820
2020-02-19,0.194100,0.057943,0.136158
2020-02-20,0.195784,0.060869,0.134915
2020-02-21,0.196167,0.060119,0.136048
2020-02-24,0.193144,0.059610,0.133535
2020-02-25,0.192386,0.058841,0.133545
2020-02-26,0.188188,0.054472,0.133716
2020-02-27,0.195249,0.058308,0.136941
2020-02-28,0.180650,0.044984,0.135666
2020-03-02,0.195314,0.058132,0.137182
2020-03-03,0.197645,0.060754,0.136890
2020-03-04,0.200308,0.062798,0.137510
2020-03-05,0.212092,0.070633,0.141460
2020-03-06,0.203290,0.062893,0.140397
2020-03-09,0.190893,0.052642,0.138251
2020-03-10,0.197278,0.060005,0.137273
2020-03-11,0.193268,0.055285,0.137983
2020-03-12,0.184372,0.048472,0.135900
2020-03-13,0.174601,0.040483,0.134118
2020-03-16,0.154010,0.023049,0.130961
2020-03-17,0.153051,0.024901,0.128151
2020-03-18,0.144439,0.018094,0.126345
2020-03-19,0.137412,0.013673,0.123739
2020-03-20,0.144552,0.019300,0.125253
2020-03-23,0.124547,0.006536,0.118011
2020-03-24,0.133233,0.012780,0.120453
2020-03-25,0.147927,0.021772,0.126156
2020-03-26,0.145825,0.019528,0.126297
2020-03-27,0.149340,0.021760,0.127580
2020-03-30,0.148485,0.022510,0.125974
2020-03-31,0.150778,0.021719,0.129059
2020-04-01,0.150442,0.020694,0.129748
2020-04-02,0.161665,0.026168,0.135496
2020-04-03,0.160496,0.024213,0.136283
2020-04-07,0.166889,0.025910,0.140979
2020-04-08,0.164580,0.024316,0.140264
2020-04-09,0.165247,0.025441,0.139806
2020-04-10,0.163949,0.024504,0.139445
2020-04-13,0.161086,0.022144,0.138942
2020-04-14,0.173077,0.031432,0.141645
2020-04-15,0.171517,0.028878,0.142638
2020-04-16,0.171351,0.029332,0.142019
2020-04-17,0.177986,0.033318,0.144668
2020-04-20,0.175262,0.036398,0.138864
2020-04-21,0.169444,0.031791,0.137653
2020-04-22,0.175227,0.034613,0.140614
2020-04-23,0.173501,0.033747,0.139754
2020-04-24,0.173494,0.034335,0.139159
2020-04-27,0.175392,0.035120,0.140272
2020-04-28,0.186705,0.038196,0.148509
2020-04-29,0.184111,0.039801,0.144310
2020-04-30,0.189293,0.043868,0.145425
2020-05-06,0.198383,0.051831,0.146551
2020-05-07,0.200298,0.050819,0.149480
2020-05-08,0.204194,0.056742,0.147453
2020-05-11,0.197803,0.056662,0.141140
2020-05-12,0.196054,0.053670,0.142383
2020-05-13,0.199537,0.054380,0.145157
2020-05-14,0.195846,0.050555,0.145291
2020-05-15,0.192156,0.048025,0.144131
2020-05-18,0.194952,0.049036,0.145916
2020-05-19,0.197659,0.051408,0.146252
2020-05-20,0.194957,0.049541,0.145416
2020-05-21,0.194569,0.047633,0.146937
2020-05-22,0.178919,0.038813,0.140105
2020-05-25,0.169330,0.031840,0.137490
2020-05-26,0.175900,0.036246,0.139654
2020-05-27,0.169470,0.033818,0.135652
2020-05-28,0.169684,0.034805,0.134879
2020-05-29,0.173449,0.035733,0.137716
2020-06-01,0.183734,0.043237,0.140496
2020-06-02,0.186829,0.045427,0.141402
2020-06-03,0.188207,0.045434,0.142773
2020-06-04,0.189287,0.045307,0.143980
2020-06-05,0.197250,0.048755,0.148495
2020-06-08,0.182919,0.041412,0.141508
2020-06-09,0.183243,0.042092,0.141151
2020-06-10,0.187157,0.041463,0.145694
2020-06-11,0.183287,0.037683,0.145604
2020-06-12,0.182732,0.038478,0.144254
2020-06-15,0.186111,0.038739,0.147371
2020-06-16,0.195688,0.044920,0.150768
2020-06-17,0.197050,0.045182,0.151867
2020-06-18,0.202748,0.047500,0.155248
2020-06-19,0.207175,0.048713,0.158462
2020-06-22,0.201425,0.045414,0.156011
2020-06-23,0.203685,0.043944,0.159741
2020-06-24,0.205057,0.045394,0.159662
2020-06-29,0.197874,0.038552,0.159322
2020-06-30,0.206840,0.043293,0.163547
2020-07-01,0.214144,0.050247,0.163897
2020-07-02,0.218892,0.057455,0.161437
2020-07-03,0.224826,0.065769,0.159057
2020-07-06,0.236137,0.084620,0.151517
2020-07-07,0.251224,0.087199,0.164025
2020-07-08,0.256127,0.093020,0.163107
2020-07-09,0.262475,0.098092,0.164382
2020-07-10,0.259346,0.091648,0.167698
2020-07-13,0.266695,0.095925,0.170770
2020-07-14,0.260514,0.090839,0.169675
2020-07-15,0.258466,0.086112,0.172354
2020-07-16,0.230558,0.068410,0.162148
2020-07-17,0.237919,0.074486,0.163434
2020-07-20,0.237224,0.076868,0.160355
2020-07-21,0.243107,0.079546,0.163561
2020-07-22,0.246042,0.081339,0.164703
2020-07-23,0.246447,0.081185,0.165262
2020-07-24,0.223438,0.063716,0.159721
2020-07-27,0.231608,0.068497,0.163111
2020-07-28,0.239022,0.070687,0.168336
2020-07-29,0.248561,0.079270,0.169291
2020-07-30,0.246565,0.077510,0.169055
2020-07-31,0.250279,0.078960,0.171319
2020-08-03,0.257007,0.085743,0.171264
2020-08-04,0.258035,0.088058,0.169978
2020-08-05,0.259467,0.088157,0.171310
2020-08-06,0.253130,0.087066,0.166064
2020-08-07,0.243227,0.081015,0.162212
2020-08-10,0.241572,0.083364,0.158208
2020-08-11,0.247807,0.086787,0.161020
2020-08-12,0.245702,0.084139,0.161563
2020-08-13,0.242807,0.083211,0.159596
2020-08-14,0.245180,0.083884,0.161296
2020-08-17,0.252986,0.089703,0.163283
2020-08-18,0.253223,0.089186,0.164037
2020-08-19,0.247514,0.083721,0.163793
2020-08-20,0.243434,0.079012,0.164422
2020-08-21,0.246383,0.080479,0.165905
2020-08-24,0.251491,0.083909,0.167582
2020-08-25,0.250785,0.078522,0.172263
2020-08-26,0.248029,0.074291,0.173738
2020-08-27,0.252319,0.076207,0.176112
2020-08-28,0.257342,0.080265,0.177077
2020-08-31,0.259089,0.080111,0.178978
2020-09-01,0.262358,0.081248,0.181110
2020-09-02,0.264136,0.081379,0.182756
2020-09-03,0.261024,0.079382,0.181642
2020-09-04,0.252192,0.074461,0.177731
2020-09-07,0.243312,0.068296,0.175017
2020-09-08,0.244653,0.070562,0.174091
2020-09-09,0.233457,0.062149,0.171308
2020-09-10,0.237080,0.061948,0.175132
2020-09-11,0.247950,0.065467,0.182482
2020-09-14,0.248419,0.066888,0.181531
2020-09-15,0.249316,0.069618,0.179698
2020-09-16,0.242908,0.067246,0.175662
2020-09-17,0.238591,0.065360,0.173232
2020-09-18,0.246792,0.072198,0.174594
2020-09-21,0.239336,0.069236,0.170100
2020-09-22,0.236586,0.064998,0.171587
2020-09-23,0.244060,0.066266,0.177794
2020-09-24,0.236364,0.059402,0.176962
2020-09-25,0.236690,0.061782,0.174908
2020-09-28,0.237045,0.062262,0.174783
2020-09-29,0.239314,0.061734,0.177579
2020-09-30,0.241323,0.061395,0.179928
2020-10-09,0.248536,0.064366,0.184170
2020-10-12,0.256884,0.072200,0.184684
2020-10-13,0.258133,0.072652,0.185481
2020-10-14,0.253184,0.070275,0.182909
2020-10-15,0.250352,0.069654,0.180698
2020-10-16,0.245360,0.069817,0.175543
2020-10-19,0.231696,0.065503,0.166192
2020-10-20,0.241046,0.068731,0.172315
2020-10-21,0.237060,0.068684,0.168376
2020-10-22,0.233063,0.067579,0.165484
2020-10-23,0.221326,0.062773,0.158552
2020-10-26,0.211958,0.055136,0.156822
2020-10-27,0.209481,0.053248,0.156233
2020-10-28,0.217208,0.056079,0.161129
2020-10-29,0.221608,0.058722,0.162887
2020-10-30,0.213496,0.054024,0.159472
2020-11-02,0.217044,0.057037,0.160008
2020-11-03,0.218545,0.061646,0.156899
2020-11-04,0.222393,0.064314,0.158080
2020-11-05,0.227528,0.069554,0.157975
2020-11-06,0.218796,0.067093,0.151703
2020-11-09,0.224284,0.069156,0.155128
2020-11-10,0.215417,0.064063,0.151355
2020-11-11,0.206800,0.060544,0.146256
2020-11-12,0.208840,0.060801,0.148040
2020-11-13,0.201276,0.055689,0.145587
2020-11-16,0.200215,0.061086,0.139129
2020-11-17,0.192433,0.059048,0.133385
2020-11-18,0.186327,0.058823,0.127504
2020-11-19,0.190842,0.061437,0.129404
2020-11-20,0.189635,0.060567,0.129068
2020-11-23,0.200555,0.068537,0.132018
2020-11-24,0.199509,0.066189,0.133320
2020-11-25,0.191009,0.061626,0.129382
2020-11-26,0.189598,0.062266,0.127331
2020-11-27,0.200475,0.071393,0.129082
2020-11-30,0.203809,0.073810,0.130000
2020-12-01,0.216507,0.082182,0.134324
2020-12-02,0.215679,0.082185,0.133494
2020-12-03,0.220041,0.081467,0.138573
2020-12-04,0.222329,0.080236,0.142093
2020-12-07,0.230232,0.081426,0.148805
2020-12-08,0.226262,0.077623,0.148639
2020-12-09,0.222839,0.072784,0.150055
2020-12-10,0.225243,0.072627,0.152616
2020-12-11,0.214088,0.063110,0.150977
2020-12-14,0.222235,0.070190,0.152045
2020-12-15,0.231430,0.074978,0.156453
2020-12-16,0.234183,0.075613,0.158571
2020-12-17,0.240321,0.080197,0.160124
2020-12-18,0.234726,0.078539,0.156187
2020-12-21,0.231709,0.074529,0.157179
2020-12-22,0.231999,0.069836,0.162164
2020-12-23,0.235591,0.072869,0.162722
2020-12-24,0.235698,0.072362,0.163336
2020-12-25,0.241120,0.076512,0.164608
2020-12-28,0.242615,0.080125,0.162490
2020-12-29,0.240301,0.077529,0.162772
2020-12-30,0.248969,0.082546,0.166423
2020-12-31,0.257050,0.089389,0.167661
2021-01-04,0.251947,0.084591,0.167356
2021-01-05,0.263655,0.090589,0.173066
2021-01-06,0.269233,0.093909,0.175324
2021-01-07,0.279997,0.100332,0.179666
2021-01-08,0.272869,0.097229,0.175641
2021-01-11,0.257749,0.089653,0.168096
2021-01-12,0.264574,0.098229,0.166346
2021-01-13,0.261267,0.097025,0.164242
2021-01-14,0.249910,0.089931,0.159979
2021-01-15,0.241001,0.089088,0.151913
2021-01-18,0.242318,0.089139,0.153179
2021-01-19,0.231448,0.082605,0.148844
2021-01-20,0.239651,0.085181,0.154471
2021-01-21,0.249548,0.090998,0.158551
2021-01-22,0.248161,0.087000,0.161161
2021-01-25,0.253297,0.088263,0.165034
2021-01-26,0.239754,0.079595,0.160159
2021-01-27,0.238924,0.080575,0.158349
2021-01-28,0.226129,0.070655,0.155475
2021-01-29,0.234795,0.075508,0.159288
2021-02-01,0.237323,0.084627,0.152696
2021-02-02,0.245443,0.088008,0.157435
2021-02-03,0.246020,0.086959,0.159061
2021-02-04,0.244586,0.086215,0.158371
2021-02-05,0.247802,0.086593,0.161209
2021-02-08,0.287839,0.115205,0.172634
2021-02-09,0.314500,0.139743,0.174757
2021-02-10,0.331965,0.147802,0.184163
2021-02-18,0.301134,0.132919,0.168216
2021-02-19,0.297790,0.133603,0.164187
2021-02-22,0.262270,0.113639,0.148631
2021-02-23,0.258246,0.110792,0.147454
2021-02-24,0.241092,0.101281,0.139811
2021-02-25,0.239331,0.103436,0.135895
2021-02-26,0.226729,0.090224,0.136505
2021-03-01,0.248488,0.101999,0.146489
2021-03-02,0.246906,0.100255,0.146650
2021-03-03,0.253120,0.107243,0.145877
2021-03-04,0.232334,0.095510,0.136824
2021-03-05,0.235564,0.094121,0.141443
2021-03-08,0.206165,0.076020,0.130145
2021-03-09,0.193045,0.065550,0.127496
2021-03-10,0.201777,0.067875,0.133902
2021-03-11,0.211364,0.076667,0.134697
2021-03-12,0.209781,0.076297,0.133484
2021-03-15,0.189926,0.071247,0.118679
2021-03-16,0.198795,0.077843,0.120952
2021-03-17,0.204727,0.079361,0.125366
2021-03-18,0.211132,0.082239,0.128893
2021-03-19,0.194005,0.071139,0.122866
2021-03-22,0.200232,0.079478,0.120754
2021-03-23,0.203315,0.086558,0.116757
2021-03-24,0.195339,0.080701,0.114638
2021-03-25,0.197841,0.080530,0.117311
2021-03-26,0.219408,0.090970,0.128439
2021-03-29,0.221818,0.090286,0.131532
2021-03-30,0.232296,0.093305,0.138992
2021-03-31,0.224444,0.089978,0.134467
2021-04-01,0.235783,0.094452,0.141331
2021-04-02,0.251756,0.099154,0.152603
2021-04-06,0.249005,0.100680,0.148325
2021-04-07,0.240176,0.098061,0.142115
2021-04-08,0.243066,0.098669,0.144398
2021-04-09,0.231813,0.093316,0.138496
2021-04-12,0.212250,0.082675,0.129575
2021-04-13,0.216035,0.084640,0.131396
2021-04-14,0.223008,0.087632,0.135376
2021-04-15,0.221437,0.085322,0.136115
2021-04-16,0.231945,0.092469,0.139475
2021-04-19,0.244062,0.100972,0.143090
2021-04-20,0.248227,0.105661,0.142566
2021-04-21,0.250339,0.106774,0.143565
2021-04-22,0.248371,0.106086,0.142284
2021-04-23,0.255556,0.108886,0.146670
2021-04-26,0.253226,0.105742,0.147485
2021-04-27,0.259950,0.106568,0.153382
2021-04-28,0.266353,0.108646,0.157707
2021-04-29,0.267338,0.111880,0.155459
2021-04-30,0.265316,0.108952,0.156364
2021-05-06,0.254332,0.102703,0.151629
2021-05-07,0.238104,0.092239,0.145865
2021-05-10,0.228613,0.086442,0.142170
2021-05-11,0.232921,0.090552,0.142369
2021-05-12,0.237043,0.092105,0.144938
2021-05-13,0.232846,0.088370,0.144476
2021-05-14,0.236698,0.093430,0.143268
2021-05-17,0.258111,0.102982,0.155129
2021-05-18,0.253876,0.099479,0.154396
2021-05-19,0.255823,0.098395,0.157428
2021-05-20,0.255973,0.099395,0.156578
2021-05-21,0.251328,0.093994,0.157334
2021-05-24,0.268033,0.104413,0.163620
2021-05-25,0.284787,0.116968,0.167819
2021-05-26,0.282929,0.117116,0.165813
2021-05-27,0.284120,0.118349,0.165771
2021-05-28,0.278075,0.115520,0.162554
2021-05-31,0.279997,0.119266,0.160731
2021-06-01,0.289074,0.123111,0.165962
2021-06-02,0.284915,0.119476,0.165439
2021-06-03,0.281597,0.117024,0.164574
2021-06-04,0.274703,0.115298,0.159406
2021-06-07,0.271084,0.112693,0.158391
2021-06-08,0.268855,0.114491,0.154364
2021-06-09,0.271720,0.114798,0.156921
2021-06-10,0.279875,0.117278,0.162597
2021-06-11,0.275763,0.113928,0.161835
2021-06-15,0.269328,0.112392,0.156936
2021-06-16,0.255692,0.106180,0.149513
2021-06-17,0.259587,0.107731,0.151856
2021-06-18,0.261525,0.107773,0.153752
2021-06-21,0.271729,0.123136,0.148592
2021-06-22,0.273699,0.123810,0.149889
2021-06-23,0.271911,0.125652,0.146259
2021-06-24,0.274272,0.126277,0.147995
2021-06-25,0.289470,0.137470,0.152000
2021-06-28,0.322297,0.153303,0.168993
2021-06-29,0.304770,0.139186,0.165584
2021-06-30,0.306954,0.141632,0.165323
2021-07-01,0.306572,0.142041,0.164531
2021-07-02,0.306460,0.142409,0.164051
2021-07-05,0.314640,0.150178,0.164462
2021-07-06,0.307840,0.147386,0.160455
2021-07-07,0.317517,0.151688,0.165830
2021-07-08,0.312291,0.147774,0.164517
2021-07-09,0.293800,0.135871,0.157930
2021-07-12,0.298477,0.138182,0.160295
2021-07-13,0.302465,0.137610,0.164855
2021-07-14,0.298821,0.133241,0.165580
2021-07-15,0.305715,0.138300,0.167415
2021-07-16,0.301464,0.136348,0.165116
2021-07-19,0.312622,0.142557,0.170065
2021-07-20,0.303626,0.135142,0.168484
2021-07-21,0.308754,0.137732,0.171023
2021-07-22,0.308204,0.138300,0.169904
2021-07-23,0.300327,0.130143,0.170184
2021-07-26,0.280550,0.116769,0.163782
2021-07-27,0.262756,0.105027,0.157729
2021-07-28,0.265019,0.105738,0.159281
2021-07-29,0.276633,0.112646,0.163987
2021-07-30,0.266572,0.110295,0.156276
2021-08-02,0.304613,0.135379,0.169234
2021-08-03,0.315932,0.141756,0.174177
2021-08-04,0.322526,0.145169,0.177357
2021-08-05,0.319131,0.142851,0.176280
2021-08-06,0.320901,0.145619,0.175282
2021-08-09,0.306489,0.136362,0.170126
2021-08-10,0.313569,0.139884,0.173685
2021-08-11,0.306818,0.137785,0.169033
2021-08-12,0.301836,0.134601,0.167235
2021-08-13,0.305920,0.134148,0.171772
2021-08-16,0.320090,0.146727,0.173363
2021-08-17,0.312900,0.144160,0.168739
2021-08-18,0.311823,0.148624,0.163199
2021-08-19,0.309948,0.146107,0.163841
2021-08-20,0.288122,0.134375,0.153747
2021-08-23,0.286673,0.133560,0.153113
2021-08-24,0.295190,0.137043,0.158146
2021-08-25,0.300140,0.137800,0.162339
2021-08-26,0.288581,0.130275,0.158307
2021-08-27,0.280242,0.123193,0.157049
2021-08-30,0.291680,0.128283,0.163397
2021-08-31,0.285789,0.129551,0.156238
2021-09-01,0.286467,0.134532,0.151935
2021-09-02,0.282841,0.134528,0.148313
2021-09-03,0.280367,0.133917,0.146450
2021-09-06,0.303722,0.147779,0.155944
2021-09-07,0.303428,0.150611,0.152817
2021-09-08,0.298347,0.149019,0.149329
2021-09-09,0.298793,0.148855,0.149938
2021-09-10,0.307212,0.157827,0.149385
2021-09-13,0.306694,0.155367,0.151327
2021-09-14,0.302685,0.148938,0.153747
2021-09-15,0.296250,0.145043,0.151208
2021-09-16,0.290555,0.140348,0.150207
2021-09-17,0.301236,0.148556,0.152680
2021-09-22,0.265523,0.122354,0.143169
2021-09-23,0.265648,0.124787,0.140861
2021-09-24,0.265633,0.124496,0.141137
2021-09-27,0.257724,0.127412,0.130311
2021-09-28,0.247910,0.124041,0.123869
2021-09-29,0.239530,0.120199,0.119331
2021-09-30,0.249767,0.122700,0.127066
2021-10-08,0.271600,0.144219,0.127382
2021-10-11,0.292462,0.164721,0.127741
2021-10-12,0.276107,0.154873,0.121235
2021-10-13,0.290195,0.159291,0.130904
2021-10-14,0.292159,0.157214,0.134944
2021-10-15,0.303086,0.164109,0.138977
2021-10-18,0.320428,0.169908,0.150520
2021-10-19,0.307945,0.162318,0.145627
2021-10-20,0.310263,0.161330,0.148933
2021-10-21,0.306980,0.162735,0.144245
2021-10-22,0.286872,0.148924,0.137947
2021-10-25,0.325374,0.159498,0.165875
2021-10-26,0.329923,0.160732,0.169191
2021-10-27,0.328125,0.155647,0.172478
2021-10-28,0.319492,0.152965,0.166527
2021-10-29,0.353953,0.168477,0.185476
2021-11-01,0.322149,0.154648,0.167501
2021-11-02,0.297819,0.137281,0.160538
2021-11-03,0.289769,0.135811,0.153958
2021-11-04,0.296544,0.139539,0.157005
2021-11-05,0.297913,0.140653,0.157260
2021-11-08,0.310248,0.147008,0.163241
2021-11-09,0.319606,0.152339,0.167267
2021-11-10,0.313811,0.150311,0.163500
2021-11-11,0.316932,0.156439,0.160493
2021-11-12,0.314885,0.151080,0.163804
2021-11-15,0.302594,0.146189,0.156404
2021-11-16,0.300692,0.144465,0.156226
2021-11-17,0.305693,0.144655,0.161038
2021-11-18,0.303298,0.140884,0.162413
2021-11-19,0.300455,0.140698,0.159757
2021-11-22,0.320581,0.151852,0.168729
2021-11-23,0.325202,0.160528,0.164674
2021-11-24,0.322701,0.160789,0.161912
2021-11-25,0.319258,0.159195,0.160062
2021-11-26,0.321105,0.156598,0.164508
2021-11-29,0.322395,0.156347,0.166048
2021-11-30,0.315334,0.150537,0.164797
2021-12-01,0.310957,0.151475,0.159483
2021-12-02,0.312997,0.152449,0.160548
2021-12-03,0.297305,0.145462,0.151843
2021-12-06,0.306482,0.154238,0.152244
2021-12-07,0.309860,0.156565,0.153295
2021-12-08,0.317599,0.162319,0.155280
2021-12-09,0.322522,0.168702,0.153820
2021-12-10,0.329763,0.171425,0.158338
2021-12-13,0.315404,0.164461,0.150944
2021-12-14,0.316922,0.168393,0.148529
2021-12-15,0.311661,0.165005,0.146656
2021-12-16,0.313662,0.167237,0.146424
2021-12-17,0.306732,0.161601,0.145131
2021-12-20,0.313230,0.167422,0.145808
2021-12-21,0.322439,0.174928,0.147511
2021-12-22,0.322321,0.175004,0.147317
2021-12-23,0.325414,0.177731,0.147684
2021-12-24,0.310430,0.174417,0.136013
2021-12-27,0.315183,0.180465,0.134718
2021-12-28,0.319688,0.180744,0.138943
2021-12-29,0.314226,0.174960,0.139266
2021-12-30,0.315863,0.178002,0.137861
2021-12-31,0.319644,0.179505,0.140139
2022-01-04,0.313988,0.174433,0.139555
2022-01-05,0.301275,0.170468,0.130807
2022-01-06,0.296426,0.166455,0.129970
2022-01-07,0.290519,0.164438,0.126081
2022-01-10,0.282605,0.163849,0.118756
2022-01-11,0.273361,0.157364,0.115997
2022-01-12,0.285171,0.161195,0.123976
2022-01-13,0.278555,0.154797,0.123758
2022-01-14,0.285142,0.154992,0.130150
2022-01-17,0.274620,0.152844,0.121775
2022-01-18,0.270064,0.149599,0.120465
2022-01-19,0.261294,0.146968,0.114326
2022-01-20,0.260266,0.150407,0.109859
2022-01-21,0.252566,0.144782,0.107784
2022-01-24,0.260204,0.148612,0.111592
2022-01-25,0.247138,0.136811,0.110327
2022-01-26,0.253061,0.139547,0.113514
2022-01-27,0.239423,0.132047,0.107375
2022-01-28,0.232740,0.127527,0.105214
2022-02-07,0.228695,0.125839,0.102856
2022-02-08,0.219517,0.123785,0.095732
2022-02-09,0.224958,0.127292,0.097665
2022-02-10,0.220119,0.126306,0.093813
2022-02-11,0.203060,0.116456,0.086604
2022-02-14,0.189430,0.101895,0.087535
2022-02-15,0.209895,0.112747,0.097148
2022-02-16,0.212041,0.114188,0.097853
2022-02-17,0.217774,0.115086,0.102688
2022-02-18,0.203188,0.105169,0.098018
2022-02-21,0.205056,0.104150,0.100906
2022-02-22,0.197695,0.091233,0.106461
2022-02-23,0.207537,0.095108,0.112429
2022-02-24,0.200999,0.087657,0.113342
2022-02-25,0.190255,0.070363,0.119893
2022-02-28,0.198077,0.076821,0.121256
2022-03-01,0.188562,0.072025,0.116537
2022-03-02,0.184617,0.068837,0.115779
2022-03-03,0.177909,0.066735,0.111174
2022-03-04,0.168223,0.058245,0.109977
2022-03-07,0.164921,0.045501,0.119420
2022-03-08,0.165973,0.052580,0.113393
2022-03-09,0.162705,0.049358,0.113346
2022-03-10,0.174720,0.054833,0.119887
2022-03-11,0.166407,0.049078,0.117329
2022-03-14,0.150442,0.041204,0.109238
2022-03-15,0.131841,0.020819,0.111023
2022-03-16,0.148917,0.035326,0.113592
2022-03-17,0.155924,0.042059,0.113865
2022-03-18,0.140820,0.034628,0.106192
2022-03-21,0.145740,0.035383,0.110357
2022-03-22,0.144204,0.035381,0.108823
2022-03-23,0.145159,0.037099,0.108060
2022-03-24,0.143686,0.035057,0.108628
2022-03-25,0.144455,0.037060,0.107395
2022-03-28,0.136980,0.036228,0.100753
2022-03-29,0.124783,0.022046,0.102737
2022-03-30,0.132092,0.031838,0.100254
2022-03-31,0.128133,0.029285,0.098848
2022-04-01,0.123329,0.024734,0.098595
2022-04-06,0.117618,0.016277,0.101341
2022-04-07,0.113707,0.011909,0.101797
2022-04-08,0.116170,0.014059,0.102111
2022-04-11,0.109404,0.008474,0.100930
2022-04-12,0.112852,0.015742,0.097110
2022-04-13,0.110744,0.012473,0.098271
2022-04-14,0.113750,0.016681,0.097069
2022-04-15,0.114127,0.017568,0.096559
2022-04-18,0.105171,0.007660,0.097511
2022-04-19,0.104043,0.001155,0.102888
2022-04-20,0.092024,-0.004046,0.096070
2022-04-21,0.082727,-0.010198,0.092925
2022-04-22,0.090389,-0.001024,0.091413
2022-04-25,0.071092,-0.010849,0.081941
2022-04-26,0.073978,-0.009094,0.083073
2022-04-27,0.088656,0.000537,0.088118
2022-04-28,0.095219,0.002721,0.092497
2022-04-29,0.099356,0.009809,0.089546
2022-05-05,0.097828,0.008195,0.089633
2022-05-06,0.106781,0.019884,0.086897
2022-05-09,0.113829,0.025084,0.088745
2022-05-10,0.102807,0.016647,0.086160
2022-05-11,0.109185,0.021512,0.087672
2022-05-12,0.106329,0.019996,0.086332
2022-05-13,0.117144,0.028257,0.088887
2022-05-16,0.106067,0.018579,0.087488
2022-05-17,0.120639,0.031616,0.089024
2022-05-18,0.119147,0.030414,0.088733
2022-05-19,0.123657,0.031075,0.092582
2022-05-20,0.134486,0.040688,0.093798
2022-05-23,0.135661,0.041932,0.093729
2022-05-24,0.126521,0.032789,0.093732
2022-05-25,0.130697,0.034874,0.095823
2022-05-26,0.132068,0.035727,0.096341
2022-05-27,0.129870,0.032313,0.097557
2022-05-30,0.123856,0.034314,0.089542
2022-05-31,0.127155,0.040721,0.086434
2022-06-01,0.127055,0.040014,0.087041
2022-06-02,0.128238,0.040556,0.087683
2022-06-06,0.148738,0.053342,0.095396
2022-06-07,0.147114,0.054440,0.092674
2022-06-08,0.150672,0.057850,0.092822
2022-06-09,0.147842,0.054149,0.093694
2022-06-10,0.148687,0.054926,0.093760
2022-06-13,0.135784,0.043649,0.092135
2022-06-14,0.141478,0.049282,0.092196
2022-06-15,0.141740,0.053893,0.087847
2022-06-16,0.138511,0.051576,0.086935
2022-06-17,0.143479,0.056424,0.087055
2022-06-20,0.123035,0.041918,0.081117
2022-06-21,0.121659,0.041037,0.080623
2022-06-22,0.118386,0.036610,0.081776
2022-06-23,0.124675,0.042503,0.082172
2022-06-24,0.127082,0.045893,0.081189
2022-06-27,0.128723,0.050392,0.078331
2022-06-28,0.132244,0.054871,0.077373
2022-06-29,0.125171,0.049428,0.075743
2022-06-30,0.127370,0.054439,0.072931
2022-07-01,0.117377,0.043081,0.074295
2022-07-04,0.132336,0.050970,0.081367
2022-07-05,0.128980,0.048653,0.080327
2022-07-06,0.122089,0.043523,0.078567
2022-07-07,0.127415,0.045053,0.082361
2022-07-08,0.133070,0.052109,0.080962
2022-07-11,0.124503,0.047819,0.076684
2022-07-12,0.121040,0.042367,0.078674
2022-07-13,0.123883,0.042998,0.080885
2022-07-14,0.126315,0.043047,0.083268
2022-07-15,0.117389,0.035698,0.081691
2022-07-18,0.128062,0.044369,0.083693
2022-07-19,0.120092,0.038858,0.081235
2022-07-20,0.120755,0.040029,0.080726
2022-07-21,0.114542,0.036151,0.078391
2022-07-22,0.116508,0.038723,0.077785
2022-07-25,0.106589,0.030365,0.076224
2022-07-26,0.109300,0.032406,0.076894
2022-07-27,0.108490,0.030706,0.077784
2022-07-28,0.108156,0.030757,0.077399
2022-07-29,0.101843,0.026600,0.075243
2022-08-01,0.110075,0.032680,0.077395
2022-08-02,0.104887,0.031013,0.073874
2022-08-03,0.102049,0.027651,0.074398
2022-08-04,0.104046,0.030554,0.073492
2022-08-05,0.114625,0.041863,0.072762
2022-08-08,0.110326,0.041729,0.068597
2022-08-09,0.117850,0.045825,0.072025
2022-08-10,0.116021,0.041906,0.074115
2022-08-11,0.121290,0.048940,0.072350
2022-08-12,0.114823,0.042507,0.072316
2022-08-15,0.116689,0.042533,0.074156
2022-08-16,0.112278,0.040331,0.071947
2022-08-17,0.113139,0.043568,0.069571
2022-08-18,0.110478,0.040519,0.069959
2022-08-19,0.101078,0.030699,0.070379
2022-08-22,0.104124,0.032984,0.071140
2022-08-23,0.100398,0.028841,0.071557
2022-08-24,0.093136,0.022317,0.070819
2022-08-25,0.095005,0.025132,0.069873
2022-08-26,0.095479,0.029369,0.066110
2022-08-29,0.094537,0.025661,0.068876
2022-08-30,0.087191,0.023666,0.063525
2022-08-31,0.082566,0.023921,0.058645
2022-09-01,0.081030,0.020976,0.060054
2022-09-02,0.076405,0.014958,0.061447
2022-09-05,0.077279,0.007594,0.069685
2022-09-06,0.080901,0.008685,0.072217
2022-09-07,0.083821,0.008909,0.074913
2022-09-08,0.080666,0.007472,0.073195
2022-09-09,0.083200,0.010037,0.073163
2022-09-13,0.085913,0.011508,0.074405
2022-09-14,0.081670,0.007742,0.073928
2022-09-15,0.074484,0.004572,0.069912
2022-09-16,0.064655,-0.002113,0.066768
2022-09-19,0.066613,0.000307,0.066306
2022-09-20,0.065129,-0.000238,0.065367
2022-09-21,0.064832,-0.002711,0.067543
2022-09-22,0.064776,-0.005648,0.070424
2022-09-23,0.067511,-0.002977,0.070487
2022-09-26,0.068939,-0.000387,0.069326
2022-09-27,0.067967,0.003419,0.064548
2022-09-28,0.063064,-0.002076,0.065139
2022-09-29,0.064648,-0.002212,0.066860
2022-09-30,0.068534,-0.000843,0.069377
2022-10-10,0.057596,-0.013402,0.070997
2022-10-11,0.054006,-0.015935,0.069941
2022-10-12,0.056854,-0.010978,0.067832
2022-10-13,0.050473,-0.013742,0.064215
2022-10-14,0.052639,-0.009429,0.062068
2022-10-17,0.051697,-0.006738,0.058435
2022-10-18,0.055611,-0.002687,0.058299
2022-10-19,0.051785,-0.008064,0.059849
2022-10-20,0.047862,-0.009958,0.057821
2022-10-21,0.046204,-0.011992,0.058196
2022-10-24,0.038477,-0.020868,0.059345
2022-10-25,0.033994,-0.023592,0.057586
2022-10-26,0.031731,-0.020956,0.052688
2022-10-27,0.028476,-0.023261,0.051736
2022-10-28,0.019372,-0.033837,0.053209
2022-10-31,0.011236,-0.033534,0.044770
2022-11-01,0.014588,-0.027592,0.042180
2022-11-02,0.019751,-0.023715,0.043466
2022-11-03,0.016577,-0.026369,0.042946
2022-11-04,0.024633,-0.017998,0.042631
2022-11-07,0.024617,-0.018422,0.043039
2022-11-08,0.024853,-0.019130,0.043983
2022-11-09,0.021075,-0.022197,0.043272
2022-11-10,0.018573,-0.024712,0.043284
2022-11-11,0.030741,-0.009880,0.040621
2022-11-14,0.026090,-0.009637,0.035727
2022-11-15,0.033035,-0.000957,0.033992
2022-11-16,0.031073,-0.003685,0.034758
2022-11-17,0.027292,-0.005049,0.032341
2022-11-18,0.022318,-0.009156,0.031474
2022-11-21,0.024456,-0.010433,0.034888
2022-11-22,0.032865,-0.007012,0.039877
2022-11-23,0.036867,-0.006664,0.043532
2022-11-24,0.035651,-0.008134,0.043784
2022-11-25,0.038861,-0.008883,0.047744
2022-11-28,0.036440,-0.011265,0.047705
2022-11-29,0.048392,0.001717,0.046675
2022-11-30,0.049217,0.002117,0.047099
2022-12-01,0.049793,0.005722,0.044071
2022-12-02,0.045620,0.003023,0.042597
2022-12-05,0.047265,0.005768,0.041497
2022-12-06,0.044993,0.005590,0.039403
2022-12-07,0.042347,0.004765,0.037582
2022-12-08,0.041993,0.004828,0.037165
2022-12-09,0.045909,0.008719,0.037189
2022-12-12,0.042097,0.005319,0.036778
2022-12-13,0.034061,-0.001897,0.035958
2022-12-14,0.034948,-0.001121,0.036069
2022-12-15,0.034376,-0.001365,0.035741
2022-12-16,0.035772,-0.002793,0.038565
2022-12-19,0.028207,-0.011211,0.039418
2022-12-20,0.024445,-0.015869,0.040314
2022-12-21,0.023331,-0.015739,0.039070
2022-12-22,0.022186,-0.015269,0.037454
2022-12-23,0.026027,-0.011808,0.037835
2022-12-26,0.024493,-0.015344,0.039837
2022-12-27,0.026772,-0.011246,0.038018
2022-12-28,0.026158,-0.012655,0.038812
2022-12-29,0.023242,-0.013894,0.037136
2022-12-30,0.018541,-0.017453,0.035994
2023-01-03,0.016826,-0.021115,0.037941
2023-01-04,0.015643,-0.020692,0.036334
2023-01-05,0.020373,-0.014390,0.034764
2023-01-06,0.022398,-0.012127,0.034525
2023-01-09,0.021284,-0.012256,0.033540
2023-01-10,0.020913,-0.011805,0.032718
2023-01-11,0.023121,-0.012416,0.035537
2023-01-12,0.023359,-0.011773,0.035132
2023-01-13,0.021710,-0.010384,0.032095
2023-01-16,0.029115,-0.000891,0.030006
2023-01-17,0.028735,-0.001415,0.030150
2023-01-18,0.027928,-0.001973,0.029901
2023-01-19,0.027918,0.000093,0.027825
2023-01-20,0.027912,-0.000343,0.028254
2023-01-30,0.044612,0.016175,0.028437
2023-01-31,0.043005,0.012575,0.030430
2023-02-01,0.045016,0.015738,0.029278
2023-02-02,0.044608,0.014544,0.030064
2023-02-03,0.069267,0.039392,0.029875
2023-02-06,0.045230,0.015743,0.029486
2023-02-07,0.047271,0.016344,0.030927
2023-02-08,0.045794,0.014845,0.030949
2023-02-09,0.049061,0.019366,0.029695
2023-02-10,0.044481,0.015943,0.028538
2023-02-13,0.042122,0.015226,0.026896
2023-02-14,0.038867,0.013001,0.025867
2023-02-15,0.035883,0.011238,0.024645
2023-02-16,0.033502,0.008763,0.024739
2023-02-17,0.023958,-0.003520,0.027478
2023-02-20,0.023284,-0.000899,0.024183
2023-02-21,0.025362,-0.000413,0.025775
2023-02-22,0.023186,-0.003429,0.026615
2023-02-23,0.023627,-0.003696,0.027323
2023-02-24,0.022889,-0.005824,0.028713
2023-02-27,0.024938,-0.003360,0.028298
2023-02-28,0.038611,0.010831,0.027780
2023-03-01,0.041465,0.015568,0.025898
2023-03-02,0.030255,0.003922,0.026333
2023-03-03,0.031012,0.003183,0.027830
2023-03-06,0.023931,-0.002382,0.026312
2023-03-07,0.022886,-0.007274,0.030161
2023-03-08,0.020353,-0.008481,0.028833
2023-03-09,0.030320,0.001891,0.028429
2023-03-10,0.017872,-0.009528,0.027399
2023-03-13,0.040085,0.009610,0.030476
2023-03-14,0.037563,0.007592,0.029971
2023-03-15,0.039134,0.007777,0.031357
2023-03-16,0.052141,0.018549,0.033592
2023-03-17,0.059455,0.021903,0.037552
2023-03-20,0.061293,0.025431,0.035862
2023-03-21,0.062784,0.029174,0.033610
2023-03-22,0.063855,0.030642,0.033213
2023-03-23,0.081422,0.045900,0.035521
2023-03-24,0.066815,0.035671,0.031144
2023-03-27,0.052772,0.026465,0.026308
2023-03-28,0.055273,0.025357,0.029916
2023-03-29,0.055505,0.025924,0.029581
2023-03-30,0.062022,0.032025,0.029996
2023-03-31,0.058044,0.031954,0.026090
2023-04-03,0.049377,0.032788,0.016590
2023-04-04,0.052644,0.033842,0.018802
2023-04-06,0.050697,0.033298,0.017399
2023-04-07,0.038980,0.027768,0.011212
2023-04-10,0.043693,0.028842,0.014851
2023-04-11,0.042707,0.028453,0.014255
2023-04-12,0.044455,0.028213,0.016242
2023-04-13,0.046623,0.027288,0.019335
2023-04-14,0.038960,0.022684,0.016275
2023-04-17,0.041109,0.026211,0.014898
2023-04-18,0.044768,0.027253,0.017515
2023-04-19,0.041953,0.024161,0.017792
2023-04-20,0.038662,0.021966,0.016695
2023-04-21,0.038224,0.019279,0.018945
2023-04-24,0.036262,0.016041,0.020221
2023-04-25,0.038609,0.014340,0.024269
2023-04-26,0.037401,0.014046,0.023354
2023-04-27,0.038536,0.014240,0.024296
2023-04-28,0.033319,0.015346,0.017973
2023-05-04,0.035731,0.009926,0.025805
2023-05-05,0.034353,0.008808,0.025545
2023-05-08,0.035720,0.008261,0.027459
2023-05-09,0.032880,0.005375,0.027505
2023-05-10,0.027353,0.002788,0.024564
2023-05-11,0.027605,0.002559,0.025046
2023-05-12,0.021199,-0.001896,0.023095
2023-05-15,0.028989,0.007279,0.021710
2023-05-16,0.027215,0.005540,0.021675
2023-05-17,0.024077,0.004018,0.020059
2023-05-18,0.026658,0.002810,0.023848
2023-05-19,0.021121,-0.000988,0.022109
2023-05-22,0.035786,0.012506,0.023281
2023-05-23,0.029297,0.007710,0.021587
2023-05-24,0.022445,0.003044,0.019401
2023-05-25,0.019715,0.001840,0.017875
2023-05-26,0.013867,-0.001882,0.015748
2023-05-29,0.016848,-0.002860,0.019707
2023-05-30,0.016662,-0.002529,0.019192
2023-05-31,0.011122,-0.005938,0.017060
2023-06-01,0.000118,-0.014000,0.014118
2023-06-02,0.002859,-0.010292,0.013151
2023-06-05,-0.003591,-0.013254,0.009663
2023-06-06,-0.004833,-0.016352,0.011519
2023-06-07,-0.006480,-0.017975,0.011495
2023-06-08,-0.001467,-0.017009,0.015542
2023-06-09,-0.002667,-0.017633,0.014966
2023-06-12,-0.004655,-0.013389,0.008734
2023-06-13,-0.004619,-0.011640,0.007021
2023-06-14,-0.004133,-0.011716,0.007583
2023-06-15,0.005023,-0.002492,0.007514
2023-06-16,0.000551,-0.004271,0.004822
2023-06-19,-0.015214,-0.013837,-0.001377
2023-06-20,-0.016754,-0.014395,-0.002358
2023-06-21,-0.020885,-0.019462,-0.001423
2023-06-26,-0.032499,-0.027255,-0.005244
2023-06-27,-0.028277,-0.024224,-0.004053
2023-06-28,-0.027389,-0.024616,-0.002773
2023-06-29,-0.027295,-0.023917,-0.003378
2023-06-30,-0.032709,-0.026430,-0.006279
2023-07-03,-0.037618,-0.041418,0.003800
2023-07-04,-0.038082,-0.040915,0.002833
2023-07-05,-0.041140,-0.043398,0.002258
2023-07-06,-0.055133,-0.062929,0.007796
2023-07-07,-0.065101,-0.066183,0.001082
2023-07-10,-0.072272,-0.068291,-0.003981
2023-07-11,-0.070740,-0.066263,-0.004478
2023-07-12,-0.073781,-0.068363,-0.005418
2023-07-13,-0.079420,-0.070405,-0.009016
2023-07-14,-0.075485,-0.067377,-0.008108
2023-07-17,-0.064374,-0.052391,-0.011983
2023-07-18,-0.065677,-0.053391,-0.012286
2023-07-19,-0.065586,-0.053724,-0.011862
2023-07-20,-0.073071,-0.065162,-0.007908
2023-07-21,-0.076389,-0.066021,-0.010368
2023-07-24,-0.063920,-0.054759,-0.009162
2023-07-25,-0.055003,-0.045745,-0.009258
2023-07-26,-0.056419,-0.046404,-0.010015
2023-07-27,-0.058353,-0.048390,-0.009963
2023-07-28,-0.059346,-0.043892,-0.015453
2023-07-31,-0.068286,-0.050849,-0.017437
2023-08-01,-0.068879,-0.052162,-0.016717
2023-08-02,-0.072402,-0.054388,-0.018014
2023-08-03,-0.072375,-0.056690,-0.015685
2023-08-04,-0.069559,-0.055763,-0.013796
2023-08-07,-0.063697,-0.053647,-0.010050
2023-08-08,-0.064077,-0.054472,-0.009605
2023-08-09,-0.065089,-0.055436,-0.009654
2023-08-10,-0.062973,-0.055920,-0.007052
2023-08-11,-0.068177,-0.060352,-0.007825
2023-08-14,-0.072461,-0.064162,-0.008298
2023-08-15,-0.071109,-0.064921,-0.006188
2023-08-16,-0.074446,-0.067213,-0.007233
2023-08-17,-0.079762,-0.073379,-0.006383
2023-08-18,-0.082577,-0.077034,-0.005543
2023-08-21,-0.083485,-0.075428,-0.008058
2023-08-22,-0.078477,-0.073065,-0.005412
2023-08-23,-0.080837,-0.078157,-0.002680
2023-08-24,-0.086584,-0.078338,-0.008246
2023-08-25,-0.091854,-0.079911,-0.011943
2023-08-28,-0.094977,-0.081593,-0.013384
2023-08-29,-0.093155,-0.078544,-0.014611
2023-08-30,-0.093640,-0.078674,-0.014966
2023-08-31,-0.092749,-0.078780,-0.013968
2023-09-01,-0.090739,-0.078296,-0.012443
2023-09-04,-0.079744,-0.069032,-0.010712
2023-09-05,-0.082076,-0.071346,-0.010730
2023-09-06,-0.082493,-0.072019,-0.010475
2023-09-07,-0.074809,-0.069783,-0.005026
2023-09-08,-0.076343,-0.072963,-0.003380
2023-09-11,-0.075718,-0.066221,-0.009497
2023-09-12,-0.076682,-0.066795,-0.009887
2023-09-13,-0.077086,-0.068780,-0.008306
2023-09-14,-0.076764,-0.070630,-0.006134
2023-09-15,-0.079887,-0.075161,-0.004726
2023-09-18,-0.078431,-0.076769,-0.001662
2023-09-19,-0.076215,-0.077365,0.001150
2023-09-20,-0.076763,-0.078591,0.001828
2023-09-21,-0.074382,-0.078384,0.004002
2023-09-22,-0.065988,-0.069159,0.003171
2023-09-25,-0.070232,-0.066750,-0.003482
2023-09-26,-0.070025,-0.068572,-0.001453
2023-09-27,-0.070995,-0.067932,-0.003062
2023-09-28,-0.073383,-0.069661,-0.003722
2023-10-09,-0.086342,-0.076682,-0.009660
2023-10-10,-0.090208,-0.078993,-0.011215
2023-10-11,-0.089280,-0.078119,-0.011161
2023-10-12,-0.096495,-0.084378,-0.012118
2023-10-13,-0.099997,-0.088611,-0.011386
2023-10-16,-0.092545,-0.088681,-0.003864
2023-10-17,-0.090444,-0.087610,-0.002834
2023-10-18,-0.092547,-0.090024,-0.002522
2023-10-19,-0.094097,-0.094257,0.000160
2023-10-20,-0.102853,-0.098616,-0.004238
2023-10-23,-0.092675,-0.097004,0.004329
2023-10-24,-0.093882,-0.095889,0.002007
2023-10-25,-0.096648,-0.094394,-0.002254
2023-10-26,-0.092741,-0.091809,-0.000932
2023-10-27,-0.097235,-0.088192,-0.009043
2023-10-30,-0.103123,-0.086115,-0.017007
2023-10-31,-0.101686,-0.087074,-0.014613
2023-11-01,-0.102123,-0.087200,-0.014923
2023-11-02,-0.104145,-0.090281,-0.013865
2023-11-03,-0.105658,-0.091358,-0.014300
2023-11-06,-0.108141,-0.094066,-0.014076
2023-11-07,-0.107822,-0.095135,-0.012687
2023-11-08,-0.109296,-0.095860,-0.013436
2023-11-09,-0.114971,-0.101537,-0.013434
2023-11-10,-0.114084,-0.102072,-0.012012
2023-11-13,-0.104407,-0.096727,-0.007680
2023-11-14,-0.104184,-0.096504,-0.007680
2023-11-15,-0.102308,-0.094391,-0.007916
2023-11-16,-0.104930,-0.100233,-0.004697
2023-11-17,-0.101248,-0.100019,-0.001228
2023-11-20,-0.100625,-0.102282,0.001657
2023-11-21,-0.100297,-0.101884,0.001588
2023-11-22,-0.102415,-0.104959,0.002544
2023-11-23,-0.103841,-0.107223,0.003382
2023-11-24,-0.103885,-0.107361,0.003476
2023-11-27,-0.102544,-0.109945,0.007401
2023-11-28,-0.102519,-0.109389,0.006870
2023-11-29,-0.104976,-0.111946,0.006969
2023-11-30,-0.102127,-0.110053,0.007925
2023-12-01,-0.107780,-0.117476,0.009696
2023-12-04,-0.116252,-0.119333,0.003080
2023-12-05,-0.121768,-0.124958,0.003190
2023-12-06,-0.123850,-0.124499,0.000650
2023-12-07,-0.123351,-0.122685,-0.000666
2023-12-08,-0.120958,-0.121259,0.000301
2023-12-11,-0.117346,-0.112381,-0.004965
2023-12-12,-0.115701,-0.111745,-0.003956
2023-12-13,-0.119029,-0.116714,-0.002315
2023-12-14,-0.123643,-0.120960,-0.002683
2023-12-15,-0.128507,-0.122479,-0.006029
2023-12-18,-0.132426,-0.126764,-0.005662
2023-12-19,-0.132043,-0.126356,-0.005687
2023-12-20,-0.135009,-0.129559,-0.005449
2023-12-21,-0.139984,-0.129345,-0.010639
2023-12-22,-0.138510,-0.124017,-0.014493
2023-12-25,-0.144365,-0.127624,-0.016740
2023-12-26,-0.145122,-0.129597,-0.015524
2023-12-27,-0.142902,-0.128589,-0.014313
2023-12-28,-0.140409,-0.123132,-0.017278
2023-12-29,-0.136927,-0.120471,-0.016457
2024-01-02,-0.150446,-0.133845,-0.016601
2024-01-03,-0.149517,-0.134532,-0.014985
2024-01-04,-0.154051,-0.140301,-0.013750
2024-01-05,-0.164244,-0.147243,-0.017000
2024-01-08,-0.174574,-0.157523,-0.017050
2024-01-09,-0.174655,-0.156973,-0.017682
2024-01-10,-0.177398,-0.158287,-0.019111
2024-01-11,-0.175071,-0.153908,-0.021162
2024-01-12,-0.182729,-0.162779,-0.019951
2024-01-15,-0.169240,-0.156046,-0.013193
2024-01-16,-0.167767,-0.154338,-0.013429
2024-01-17,-0.172295,-0.160515,-0.011780
2024-01-18,-0.173109,-0.159668,-0.013442
2024-01-19,-0.167103,-0.155941,-0.011161
2024-01-22,-0.185231,-0.167042,-0.018189
2024-01-23,-0.184555,-0.165919,-0.018636
2024-01-24,-0.176736,-0.162051,-0.014686
2024-01-25,-0.169192,-0.159294,-0.009898
2024-01-26,-0.159716,-0.154360,-0.005356
2024-01-29,-0.151315,-0.148521,-0.002794
2024-01-30,-0.153910,-0.153613,-0.000297
2024-01-31,-0.155097,-0.156202,0.001105
2024-02-01,-0.159883,-0.159421,-0.000462
2024-02-02,-0.168852,-0.167005,-0.001847
2024-02-05,-0.166895,-0.164297,-0.002598
2024-02-06,-0.161105,-0.154722,-0.006383
2024-02-07,-0.160683,-0.152013,-0.008670
2024-02-08,-0.164877,-0.154367,-0.010510
2024-02-19,-0.162412,-0.161747,-0.000664
2024-02-20,-0.160467,-0.161170,0.000703
2024-02-21,-0.159050,-0.157414,-0.001636
2024-02-22,-0.137295,-0.145963,0.008668
2024-02-23,-0.136146,-0.144812,0.008666
2024-02-26,-0.122555,-0.135056,0.012501
2024-02-27,-0.118295,-0.131611,0.013316
2024-02-28,-0.121729,-0.135315,0.013586
2024-02-29,-0.117494,-0.129851,0.012357
2024-03-01,-0.121117,-0.132484,0.011367
2024-03-04,-0.102296,-0.124736,0.022440
2024-03-05,-0.099570,-0.121716,0.022146
2024-03-06,-0.102509,-0.122905,0.020396
2024-03-07,-0.102152,-0.124665,0.022513
2024-03-08,-0.080213,-0.113021,0.032808
2024-03-11,-0.085796,-0.112137,0.026340
2024-03-12,-0.091098,-0.112505,0.021407
2024-03-13,-0.093765,-0.114576,0.020811
2024-03-14,-0.093962,-0.115415,0.021452
2024-03-15,-0.079310,-0.108324,0.029014
2024-03-18,-0.090896,-0.111743,0.020847
2024-03-19,-0.081818,-0.106002,0.024184
2024-03-20,-0.079284,-0.105357,0.026073
2024-03-21,-0.078951,-0.105714,0.026762
2024-03-22,-0.079234,-0.111679,0.032444
2024-03-25,-0.069060,-0.105509,0.036450
2024-03-26,-0.080236,-0.110658,0.030423
2024-03-27,-0.080222,-0.114098,0.033876
2024-03-28,-0.081061,-0.112569,0.031508
2024-03-29,-0.076775,-0.111705,0.034930
2024-04-01,-0.085796,-0.110601,0.024805
2024-04-02,-0.092570,-0.114759,0.022189
2024-04-03,-0.092342,-0.115822,0.023480
2024-04-08,-0.082345,-0.115595,0.033250
2024-04-09,-0.076373,-0.111362,0.034988
2024-04-10,-0.075203,-0.113781,0.038578
2024-04-11,-0.074946,-0.113821,0.038875
2024-04-12,-0.065314,-0.111036,0.045722
2024-04-15,-0.061286,-0.104909,0.043623
2024-04-16,-0.061273,-0.109144,0.047871
2024-04-17,-0.057834,-0.104576,0.046742
2024-04-18,-0.058694,-0.104208,0.045514
2024-04-19,-0.067275,-0.113699,0.046424
2024-04-22,-0.074449,-0.114726,0.040277
2024-04-23,-0.085458,-0.119451,0.033993
2024-04-24,-0.083647,-0.118164,0.034517
2024-04-25,-0.083120,-0.117441,0.034321
2024-04-26,-0.078785,-0.109588,0.030803
2024-04-29,-0.091345,-0.111360,0.020016
2024-04-30,-0.088415,-0.110617,0.022202
2024-05-06,-0.084662,-0.102583,0.017921
2024-05-07,-0.077885,-0.098611,0.020726
2024-05-08,-0.076557,-0.100981,0.024424
2024-05-09,-0.077350,-0.098155,0.020806
2024-05-10,-0.076508,-0.097796,0.021288
2024-05-13,-0.078571,-0.097959,0.019388
2024-05-14,-0.088463,-0.105556,0.017093
2024-05-15,-0.089690,-0.108089,0.018400
2024-05-16,-0.089695,-0.106918,0.017224
2024-05-17,-0.097809,-0.108160,0.010352
2024-05-20,-0.097047,-0.107193,0.010146
2024-05-21,-0.093181,-0.105373,0.012192
2024-05-22,-0.093355,-0.104701,0.011346
2024-05-23,-0.094866,-0.108170,0.013304
2024-05-24,-0.098504,-0.112706,0.014202
2024-05-27,-0.104374,-0.120173,0.015798
2024-05-28,-0.102732,-0.121378,0.018646
2024-05-29,-0.102513,-0.121025,0.018511
2024-05-30,-0.105132,-0.122585,0.017453
2024-05-31,-0.107929,-0.124332,0.016403
2024-06-03,-0.104264,-0.119393,0.015129
2024-06-04,-0.106164,-0.118703,0.012539
2024-06-05,-0.107167,-0.120402,0.013235
2024-06-06,-0.103960,-0.120610,0.016649
2024-06-07,-0.103573,-0.121835,0.018261
2024-06-11,-0.108924,-0.121453,0.012529
2024-06-12,-0.106970,-0.121350,0.014381
2024-06-13,-0.106068,-0.122840,0.016771
2024-06-14,-0.106188,-0.121565,0.015376
2024-06-17,-0.099178,-0.115016,0.015838
2024-06-18,-0.098450,-0.114267,0.015818
2024-06-19,-0.097077,-0.115672,0.018595
2024-06-20,-0.095114,-0.117805,0.022691
2024-06-21,-0.097304,-0.117751,0.020447
2024-06-24,-0.099758,-0.123086,0.023328
2024-06-25,-0.107229,-0.129382,0.022153
2024-06-26,-0.106717,-0.127509,0.020792
2024-06-27,-0.106422,-0.129699,0.023277
2024-06-28,-0.104621,-0.129718,0.025097
2024-07-01,-0.097618,-0.127110,0.029491
2024-07-02,-0.083543,-0.119226,0.035683
2024-07-03,-0.085884,-0.119935,0.034051
2024-07-04,-0.084771,-0.121428,0.036657
2024-07-05,-0.088582,-0.122952,0.034370
2024-07-08,-0.088214,-0.125597,0.037384
2024-07-09,-0.083049,-0.121265,0.038216
2024-07-10,-0.086811,-0.122189,0.035378
2024-07-11,-0.087080,-0.118856,0.031776
2024-07-12,-0.094325,-0.122135,0.027810
2024-07-15,-0.094526,-0.122878,0.028352
2024-07-16,-0.089210,-0.117780,0.028570
2024-07-17,-0.093803,-0.117503,0.023701
2024-07-18,-0.091967,-0.115881,0.023914
2024-07-19,-0.096077,-0.115451,0.019374
2024-07-22,-0.103448,-0.119654,0.016206
2024-07-23,-0.099067,-0.122399,0.023332
2024-07-24,-0.096102,-0.124249,0.028147
2024-07-25,-0.100525,-0.125866,0.025341
2024-07-26,-0.090239,-0.115406,0.025167
2024-07-29,-0.083689,-0.112484,0.028795
2024-07-30,-0.079601,-0.111959,0.032358
2024-07-31,-0.080650,-0.105617,0.024967
2024-08-01,-0.079092,-0.107597,0.028505
2024-08-02,-0.094243,-0.118069,0.023826
2024-08-05,-0.104290,-0.122535,0.018245
2024-08-06,-0.104100,-0.120957,0.016857
2024-08-07,-0.102524,-0.121087,0.018564
2024-08-08,-0.103144,-0.120960,0.017816
2024-08-09,-0.103555,-0.125726,0.022171
2024-08-12,-0.099950,-0.125516,0.025566
2024-08-13,-0.097800,-0.123158,0.025358
2024-08-14,-0.097016,-0.125368,0.028352
2024-08-15,-0.094261,-0.122496,0.028235
2024-08-16,-0.090561,-0.121883,0.031322
2024-08-19,-0.075333,-0.116161,0.040828
2024-08-20,-0.065078,-0.112610,0.047531
2024-08-21,-0.065934,-0.113592,0.047658
2024-08-22,-0.063261,-0.114349,0.051088
2024-08-23,-0.068885,-0.117190,0.048305
2024-08-26,-0.070863,-0.115358,0.044495
2024-08-27,-0.070467,-0.118590,0.048123
2024-08-28,-0.072470,-0.120267,0.047797
2024-08-29,-0.081370,-0.121055,0.039685
2024-08-30,-0.088361,-0.116320,0.027959
2024-09-02,-0.078446,-0.124742,0.046296
2024-09-03,-0.083058,-0.122404,0.039347
2024-09-04,-0.086307,-0.124309,0.038003
2024-09-05,-0.088201,-0.123807,0.035606
2024-09-06,-0.098109,-0.131567,0.033458
2024-09-09,-0.100765,-0.137131,0.036366
2024-09-10,-0.100844,-0.139382,0.038538
2024-09-11,-0.108617,-0.140247,0.031630
2024-09-12,-0.107618,-0.141478,0.033859
2024-09-13,-0.104834,-0.141422,0.036588
2024-09-18,-0.096975,-0.132423,0.035448
2024-09-19,-0.097814,-0.130146,0.032332
2024-09-20,-0.096368,-0.129692,0.033324
2024-09-23,-0.091097,-0.128468,0.037371
2024-09-24,-0.078855,-0.115834,0.036979
2024-09-25,-0.076465,-0.111492,0.035027
2024-09-26,-0.071464,-0.099145,0.027681
2024-09-27,-0.070528,-0.087676,0.017148
2024-09-30,-0.052052,-0.061871,0.009819
2024-10-08,-0.048846,-0.047810,-0.001036
2024-10-09,-0.065167,-0.070739,0.005572
2024-10-10,-0.054630,-0.067477,0.012847
2024-10-11,-0.057029,-0.076549,0.019519
2024-10-14,-0.059070,-0.069291,0.010222
2024-10-15,-0.070710,-0.078771,0.008060
2024-10-16,-0.069384,-0.080718,0.011334
2024-10-17,-0.072377,-0.084200,0.011823
2024-10-18,-0.068629,-0.069671,0.001042
2024-10-21,-0.072648,-0.072249,-0.000399
2024-10-22,-0.070481,-0.072463,0.001982
2024-10-23,-0.071589,-0.071259,-0.000330
2024-10-24,-0.072606,-0.074730,0.002124
2024-10-25,-0.084187,-0.073800,-0.010387
2024-10-28,-0.076858,-0.065925,-0.010933
2024-10-29,-0.083261,-0.071869,-0.011392
2024-10-30,-0.086364,-0.074652,-0.011712
2024-10-31,-0.087676,-0.074526,-0.013150
2024-11-01,-0.078105,-0.073468,-0.004637
2024-11-04,-0.076148,-0.067745,-0.008403
2024-11-05,-0.069659,-0.058243,-0.011416
2024-11-06,-0.073045,-0.059821,-0.013225
2024-11-07,-0.069828,-0.050459,-0.019370
2024-11-08,-0.077998,-0.054029,-0.023969
2024-11-11,-0.080885,-0.055220,-0.025666
2024-11-12,-0.084545,-0.058033,-0.026512
2024-11-13,-0.081517,-0.056104,-0.025413
2024-11-14,-0.083247,-0.061591,-0.021656
2024-11-15,-0.077009,-0.066724,-0.010285
2024-11-18,-0.073209,-0.065307,-0.007902
2024-11-19,-0.075315,-0.066581,-0.008733
2024-11-20,-0.075019,-0.065887,-0.009132
2024-11-21,-0.074596,-0.065611,-0.008985
2024-11-22,-0.088716,-0.076767,-0.011950
2024-11-25,-0.084091,-0.077170,-0.006921
2024-11-26,-0.084140,-0.075512,-0.008628
2024-11-27,-0.080266,-0.070178,-0.010089
2024-11-28,-0.081859,-0.072922,-0.008937
2024-11-29,-0.083210,-0.068865,-0.014345
2024-12-02,-0.079776,-0.066715,-0.013062
2024-12-03,-0.076748,-0.069236,-0.007511
2024-12-04,-0.073218,-0.070914,-0.002304
2024-12-05,-0.074993,-0.071621,-0.003372
2024-12-06,-0.069674,-0.067038,-0.002636
2024-12-09,-0.076270,-0.079082,0.002812
2024-12-10,-0.076281,-0.075405,-0.000876
2024-12-11,-0.076462,-0.075930,-0.000531
2024-12-12,-0.074159,-0.072877,-0.001282
2024-12-13,-0.078396,-0.081981,0.003585
2024-12-16,-0.067928,-0.080677,0.012748
2024-12-17,-0.060409,-0.074955,0.014546
2024-12-18,-0.058969,-0.073396,0.014428
2024-12-19,-0.061008,-0.073117,0.012109
2024-12-20,-0.055503,-0.069831,0.014328
2024-12-23,-0.053423,-0.073674,0.020251
2024-12-24,-0.042374,-0.068033,0.025659
2024-12-25,-0.038574,-0.067881,0.029307
2024-12-26,-0.040168,-0.067737,0.027569
2024-12-27,-0.039988,-0.068113,0.028125
2024-12-30,-0.041786,-0.066847,0.025061
2024-12-31,-0.046109,-0.073045,0.026937
2025-01-02,-0.053314,-0.082126,0.028812
2025-01-03,-0.055138,-0.085763,0.030625
2025-01-06,-0.036157,-0.078607,0.042450
2025-01-07,-0.032231,-0.076665,0.044433
2025-01-08,-0.030426,-0.077224,0.046798
2025-01-09,-0.034652,-0.077983,0.043331
2025-01-10,-0.037361,-0.083225,0.045864
2025-01-13,-0.039581,-0.079063,0.039483
2025-01-14,-0.036168,-0.068489,0.032321
2025-01-15,-0.037344,-0.070485,0.033141
2025-01-16,-0.035124,-0.070130,0.035006
2025-01-17,-0.039901,-0.071803,0.031901
2025-01-20,-0.037442,-0.074024,0.036582
2025-01-21,-0.034572,-0.070941,0.036370
2025-01-22,-0.038113,-0.073826,0.035714
2025-01-23,-0.035221,-0.073280,0.038059
2025-01-24,-0.037588,-0.071402,0.033814
2025-01-27,-0.019567,-0.061646,0.042079
2025-02-05,-0.019451,-0.059629,0.040178
2025-02-06,-0.018214,-0.055702,0.037488
2025-02-07,-0.024251,-0.056456,0.032205
2025-02-10,-0.017782,-0.056173,0.038391
2025-02-11,-0.010297,-0.055002,0.044705
2025-02-12,-0.009181,-0.052032,0.042852
2025-02-13,-0.009606,-0.053220,0.043614
2025-02-14,-0.007732,-0.047047,0.039315
2025-02-17,-0.022633,-0.051721,0.029088
2025-02-18,-0.020374,-0.055999,0.035625
2025-02-19,-0.021530,-0.053803,0.032273
2025-02-20,-0.021101,-0.054705,0.033604
2025-02-21,-0.021831,-0.049594,0.027763
2025-02-24,-0.024827,-0.043007,0.018180
2025-02-25,-0.032996,-0.049636,0.016639
2025-02-26,-0.031870,-0.046877,0.015006
2025-02-27,-0.031163,-0.046221,0.015058
2025-02-28,-0.038925,-0.053085,0.014160
2025-03-03,-0.030897,-0.051136,0.020239
2025-03-04,-0.027108,-0.047534,0.020426
2025-03-05,-0.023562,-0.046119,0.022557
2025-03-06,-0.023850,-0.041766,0.017916
2025-03-07,-0.013224,-0.032338,0.019114
2025-03-10,-0.014306,-0.029106,0.014800
2025-03-11,-0.012862,-0.029098,0.016236
2025-03-12,-0.014490,-0.030265,0.015775
2025-03-13,-0.012587,-0.031554,0.018968
2025-03-14,0.002482,-0.013614,0.016096
2025-03-17,-0.006973,-0.019321,0.012347
2025-03-18,-0.005173,-0.020595,0.015423
2025-03-19,-0.003749,-0.020396,0.016647
2025-03-20,-0.004179,-0.023269,0.019090
2025-03-21,-0.008791,-0.027688,0.018898
2025-03-24,-0.004375,-0.025455,0.021080
2025-03-25,0.001813,-0.019732,0.021545
2025-03-26,0.000063,-0.020808,0.020871
2025-03-27,0.002354,-0.019723,0.022076
2025-03-28,-0.000152,-0.019109,0.018957
2025-03-31,-0.004375,-0.027201,0.022826
2025-04-01,-0.009234,-0.031249,0.022015
2025-04-02,-0.007883,-0.031522,0.023639
2025-04-03,-0.010322,-0.033428,0.023107
2025-04-07,-0.026871,-0.051700,0.024828
2025-04-08,-0.026886,-0.047961,0.021076
2025-04-09,-0.027042,-0.044840,0.017798
2025-04-10,-0.023224,-0.040684,0.017460
2025-04-11,-0.008431,-0.029266,0.020836
2025-04-14,-0.010075,-0.035644,0.025570
2025-04-15,-0.004651,-0.035249,0.030598
2025-04-16,-0.003471,-0.034259,0.030789
2025-04-17,-0.003654,-0.034310,0.030656
2025-04-18,-0.001173,-0.032560,0.031387
2025-04-21,0.017611,-0.017917,0.035528
2025-04-22,0.017640,-0.019420,0.037060
2025-04-23,0.018642,-0.019167,0.037809
2025-04-24,0.020749,-0.019385,0.040133
2025-04-25,0.037819,-0.002446,0.040265
2025-04-28,0.022173,-0.012001,0.034174
2025-04-29,0.012477,-0.020430,0.032907
2025-04-30,0.008716,-0.020820,0.029536
2025-05-06,0.018673,-0.008626,0.027299
2025-05-07,0.022599,-0.006626,0.029225
2025-05-08,0.025032,-0.004792,0.029824
2025-05-09,0.026764,-0.002696,0.029461
2025-05-12,0.023677,-0.005770,0.029446
2025-05-13,0.019957,-0.007777,0.027734
2025-05-14,0.024130,-0.003808,0.027937
2025-05-15,0.022220,-0.006850,0.029069
2025-05-16,0.022471,-0.005715,0.028186
2025-05-19,0.012776,-0.010311,0.023087
2025-05-20,0.009262,-0.014889,0.024151
2025-05-21,0.011196,-0.013357,0.024553
2025-05-22,0.011628,-0.013568,0.025196
2025-05-23,0.009658,-0.014323,0.023981
2025-05-26,0.008720,-0.011222,0.019943
2025-05-27,0.005370,-0.013673,0.019044
2025-05-28,0.005124,-0.013944,0.019068
2025-05-29,0.005764,-0.012023,0.017788
2025-05-30,0.005480,-0.015870,0.021350
2025-06-03,0.002662,-0.019751,0.022413
2025-06-04,0.003531,-0.018334,0.021865
2025-06-05,0.004934,-0.017588,0.022522
2025-06-06,-0.002904,-0.023941,0.021037
2025-06-09,-0.002392,-0.023743,0.021351
2025-06-10,-0.009175,-0.030279,0.021104
2025-06-11,-0.006478,-0.027847,0.021369
2025-06-12,-0.006132,-0.028049,0.021917
2025-06-13,-0.005974,-0.026573,0.020599
2025-06-16,-0.004218,-0.030427,0.026209
2025-06-17,-0.008636,-0.035155,0.026519
2025-06-18,-0.005977,-0.034773,0.028796
2025-06-19,-0.007307,-0.037428,0.030121
2025-06-20,-0.004421,-0.038719,0.034298
2025-06-23,-0.002848,-0.038776,0.035928
2025-06-24,-0.001706,-0.038700,0.036994
2025-06-25,0.003615,-0.034122,0.037737
2025-06-26,0.003748,-0.035266,0.039014
2025-06-27,-0.004370,-0.040834,0.036464
2025-06-30,-0.000899,-0.042585,0.041686
2025-07-01,0.000929,-0.040738,0.041668
2025-07-02,-0.000172,-0.040663,0.040492
2025-07-03,0.002765,-0.038690,0.041455
2025-07-04,0.003192,-0.039646,0.042838
2025-07-07,0.001907,-0.037251,0.039158
2025-07-08,0.005307,-0.033499,0.038806
2025-07-09,0.005652,-0.034067,0.039719
2025-07-10,0.007418,-0.032567,0.039985
2025-07-11,0.013107,-0.026719,0.039826
2025-07-14,0.011274,-0.024050,0.035324
2025-07-15,0.017997,-0.018338,0.036335
2025-07-16,0.016100,-0.019305,0.035405
2025-07-17,0.017800,-0.017083,0.034883
2025-07-18,0.015140,-0.018515,0.033655
2025-07-21,0.024381,-0.011982,0.036363
2025-07-22,0.022035,-0.009470,0.031504
2025-07-23,0.023332,-0.009405,0.032737
2025-07-24,0.022083,-0.007065,0.029147
2025-07-25,0.024357,-0.006810,0.031167
2025-07-28,0.022830,-0.007138,0.029968
2025-07-29,0.027302,-0.001447,0.028749
2025-07-30,0.026600,-0.001510,0.028110
2025-07-31,0.022447,-0.007612,0.030059
2025-08-01,0.018442,-0.010759,0.029201
2025-08-04,0.028275,-0.002513,0.030787
2025-08-05,0.028981,-0.004305,0.033287
2025-08-06,0.029405,-0.003494,0.032899
2025-08-07,0.030343,-0.003399,0.033742
2025-08-08,0.027194,-0.003476,0.030670
2025-08-11,0.020302,-0.005678,0.025980
2025-08-12,0.023539,-0.003778,0.027317
2025-08-13,0.025832,-0.001160,0.026993
2025-08-14,0.026967,-0.001421,0.028387
2025-08-15,0.023056,0.001326,0.021730
2025-08-18,0.028458,0.004707,0.023751
2025-08-19,0.032020,0.005772,0.026247
2025-08-20,0.035735,0.009571,0.026165
2025-08-21,0.038133,0.010882,0.027250
2025-08-22,0.039976,0.015433,0.024543
2025-08-25,0.046865,0.027804,0.019061
2025-08-26,0.049586,0.027251,0.022335
2025-08-27,0.044355,0.022114,0.022240
2025-08-28,0.049665,0.028111,0.021554
2025-08-29,0.051722,0.032149,0.019573
2025-09-01,0.060691,0.038095,0.022596
2025-09-02,0.061025,0.037269,0.023756
2025-09-03,0.057941,0.034906,0.023035
2025-09-04,0.054654,0.027535,0.027120
2025-09-05,0.053936,0.035646,0.018290
2025-09-08,0.047806,0.034300,0.013506
2025-09-09,0.042624,0.027142,0.015482
2025-09-10,0.043826,0.027844,0.015982
2025-09-11,0.052329,0.035697,0.016633
2025-09-12,0.049783,0.033717,0.016066
2025-09-15,0.064527,0.040237,0.024290
2025-09-16,0.073152,0.047748,0.025404
2025-09-17,0.076445,0.049881,0.026564
2025-09-18,0.072196,0.045796,0.026400
2025-09-19,0.069065,0.046507,0.022558
2025-09-22,0.072259,0.053378,0.018881
2025-09-23,0.072535,0.054369,0.018166
2025-09-24,0.075425,0.057956,0.017469
2025-09-25,0.078026,0.060070,0.017956
2025-09-26,0.077568,0.058490,0.019077
2025-09-29,0.084639,0.064774,0.019865
2025-09-30,0.086539,0.068432,0.018107
2025-10-09,0.089534,0.073685,0.015849
2025-10-10,0.086273,0.074559,0.011713
2025-10-13,0.089553,0.069752,0.019802
2025-10-14,0.081904,0.057106,0.024798
2025-10-15,0.088136,0.062299,0.025837
2025-10-16,0.090210,0.063231,0.026978
2025-10-17,0.087522,0.054814,0.032708
2025-10-20,0.098903,0.065192,0.033711
2025-10-21,0.104507,0.071760,0.032747
2025-10-22,0.106004,0.070573,0.035431
2025-10-23,0.105672,0.071642,0.034030
2025-10-24,0.121634,0.086542,0.035091
2025-10-27,0.131740,0.091049,0.040691
2025-10-28,0.136653,0.098322,0.038331
2025-10-29,0.137528,0.102664,0.034864
2025-10-30,0.132375,0.099720,0.032655
2025-10-31,0.136741,0.097686,0.039055
2025-11-03,0.124765,0.084532,0.040233
2025-11-04,0.112965,0.070290,0.042675
2025-11-05,0.112847,0.070951,0.041896
2025-11-06,0.118661,0.076029,0.042632
2025-11-07,0.114645,0.074140,0.040506
2025-11-10,0.122508,0.084028,0.038480
2025-11-11,0.110393,0.070858,0.039535
2025-11-12,0.112520,0.070377,0.042143
2025-11-13,0.117644,0.074673,0.042971
2025-11-14,0.117432,0.068486,0.048946
2025-11-17,0.114295,0.063868,0.050427
2025-11-18,0.114929,0.063148,0.051781
2025-11-19,0.116829,0.064705,0.052124
2025-11-20,0.115532,0.062897,0.052635
2025-11-21,0.107585,0.057200,0.050386
2025-11-24,0.101855,0.057913,0.043942
2025-11-25,0.101415,0.059480,0.041935
2025-11-26,0.102577,0.061617,0.040960
2025-11-27,0.103660,0.061443,0.042217
2025-11-28,0.106923,0.066344,0.040579
2025-12-01,0.101158,0.055238,0.045920
2025-12-02,0.101800,0.055688,0.046112
2025-12-03,0.099657,0.053886,0.045771
2025-12-04,0.101586,0.055088,0.046498
2025-12-05,0.097977,0.051189,0.046789
2025-12-08,0.105759,0.052932,0.052827
2025-12-09,0.103948,0.047708,0.056240
2025-12-10,0.101245,0.047223,0.054022
2025-12-11,0.099410,0.044200,0.055210
2025-12-12,0.105522,0.050332,0.055189
2025-12-15,0.102228,0.048248,0.053980
2025-12-16,0.096225,0.043850,0.052375
2025-12-17,0.103038,0.050181,0.052858
2025-12-18,0.102471,0.048106,0.054365
2025-12-19,0.109271,0.054738,0.054533
2025-12-22,0.119684,0.063303,0.056380
2025-12-23,0.122745,0.064726,0.058019
2025-12-24,0.122941,0.065749,0.057192
2025-12-25,0.122899,0.066399,0.056501
2025-12-26,0.120677,0.066107,0.054569
2025-12-29,0.122211,0.063525,0.058686
2025-12-30,0.121536,0.063064,0.058471
2025-12-31,0.119995,0.061436,0.058559
2026-01-05,0.119248,0.059335,0.059913
2026-01-06,0.122645,0.063668,0.058977
2026-01-07,0.121865,0.062629,0.059236
2026-01-08,0.118312,0.059728,0.058584
2026-01-09,0.117917,0.058462,0.059455
2026-01-12,0.117376,0.060338,0.057038
2026-01-13,0.112324,0.053286,0.059038
2026-01-14,0.109920,0.051876,0.058044
2026-01-15,0.108356,0.052578,0.055778
2026-01-16,0.102997,0.045720,0.057277
2026-01-19,0.102747,0.044395,0.058352
2026-01-20,0.096859,0.041121,0.055738
2026-01-21,0.095990,0.041429,0.054560
2026-01-22,0.094571,0.041476,0.053095
2026-01-23,0.091207,0.039915,0.051292
2026-01-26,0.090936,0.040244,0.050692
2026-01-27,0.090150,0.040150,0.050000
2026-01-28,0.088998,0.041056,0.047942
2026-01-29,0.091460,0.043688,0.047772
2026-01-30,0.088210,0.038560,0.049651
2026-02-02,0.084802,0.032782,0.052020
2026-02-03,0.087127,0.040100,0.047027
2026-02-04,0.088574,0.042961,0.045613
2026-02-05,0.087562,0.040866,0.046696
2026-02-06,0.089293,0.043488,0.045804
2026-02-09,0.090749,0.045374,0.045375
2026-02-10,0.093680,0.047841,0.045839
2026-02-11,0.093114,0.047065,0.046048
2026-02-12,0.091825,0.047492,0.044333
2026-02-13,0.085962,0.039960,0.046002
2026-02-24,0.088438,0.050474,0.037965
2026-02-25,0.091161,0.052578,0.038583
2026-02-26,0.090477,0.051910,0.038568
2026-02-27,0.089045,0.052194,0.036852
2026-03-02,0.084514,0.047193,0.037321
2026-03-03,0.077953,0.040715,0.037238
2026-03-04,0.072846,0.036730,0.036116
2026-03-05,0.077893,0.040103,0.037790
2026-03-06,0.079441,0.042869,0.036572
2026-03-09,0.080116,0.047133,0.032984
2026-03-10,0.090766,0.056235,0.034531
2026-03-11,0.091690,0.058470,0.033219
2026-03-12,0.089947,0.057198,0.032748
2026-03-13,0.083187,0.052151,0.031035
2026-03-16,0.091045,0.058489,0.032555
2026-03-17,0.088233,0.054154,0.034079
2026-03-18,0.089367,0.055735,0.033633
2026-03-19,0.085847,0.050032,0.035815
2026-03-20,0.087468,0.050540,0.036928
2026-03-23,0.066184,0.030340,0.035844
2026-03-24,0.077874,0.035761,0.042113
2026-03-25,0.086931,0.040580,0.046350
2026-03-26,0.080283,0.035978,0.044305
2026-03-27,0.082635,0.039160,0.043475
2026-03-30,0.077500,0.036105,0.041395
2026-03-31,0.072883,0.031819,0.041065
2026-04-01,0.084273,0.037661,0.046612
2026-04-02,0.077622,0.034044,0.043577
2026-04-03,0.076954,0.027761,0.049193
2026-04-07,0.077410,0.025023,0.052387
2026-04-08,0.098424,0.036808,0.061616
2026-04-09,0.096444,0.034597,0.061846
2026-04-10,0.102244,0.041441,0.060803
2026-04-13,0.103069,0.045208,0.057862
2026-04-14,0.111510,0.047354,0.064156
2026-04-15,0.109155,0.046162,0.062993
2026-04-16,0.116991,0.049971,0.067020
2026-04-17,0.114378,0.044524,0.069853
2026-04-20,0.117898,0.049714,0.068185
2026-04-21,0.123818,0.057430,0.066388
2026-04-22,0.131394,0.059763,0.071632
2026-04-23,0.127114,0.058783,0.068331
2026-04-24,0.124995,0.061932,0.063064
2026-04-27,0.120410,0.061536,0.058874
2026-04-28,0.114430,0.057009,0.057420
2026-04-29,0.119768,0.060856,0.058912
2026-04-30,0.119943,0.060633,0.059310
2026-05-06,0.127126,0.066819,0.060308
2026-05-07,0.132397,0.068524,0.063873
2026-05-08,0.118607,0.062420,0.056187
2026-05-11,0.138176,0.074585,0.063592
2026-05-12,0.145152,0.079100,0.066052
2026-05-13,0.154906,0.082743,0.072163
2026-05-14,0.145560,0.076663,0.068897
2026-05-15,0.128980,0.067137,0.061844
2026-05-18,0.130198,0.069055,0.061144
2026-05-19,0.131542,0.071522,0.060020
2026-05-20,0.133582,0.071361,0.062220
2026-05-21,0.124958,0.066361,0.058597
2026-05-22,0.135300,0.068715,0.066585
2026-05-25,0.163703,0.085250,0.078453
2026-05-26,0.171257,0.087134,0.084123
2026-05-27,0.162727,0.084220,0.078508
2026-05-28,0.167689,0.084664,0.083025
2026-05-29,0.160015,0.084636,0.075379
2026-06-01,0.156244,0.083644,0.072600
2026-06-02,0.167144,0.083670,0.083473
2026-06-03,0.174032,0.085450,0.088582
2026-06-04,0.170435,0.082949,0.087487
2026-06-05,0.156135,0.078084,0.078051
2026-06-08,0.141921,0.072565,0.069356
2026-06-09,0.153160,0.077662,0.075499
2026-06-10,0.145208,0.073665,0.071543
2026-06-11,0.143918,0.071689,0.072229
2026-06-12,0.152387,0.075105,0.077283
2026-06-15,0.167592,0.076106,0.091485
2026-06-16,0.165225,0.072123,0.093102
2026-06-17,0.172182,0.075562,0.096620
2026-06-18,0.181969,0.076304,0.105665
2026-06-22,0.201116,0.094024,0.107091
2026-06-23,0.181114,0.083819,0.097295
2026-06-24,0.187241,0.085552,0.101689
2026-06-25,0.192685,0.091166,0.101519
2026-06-26,0.181460,0.085158,0.096301
2026-06-29,0.181010,0.088348,0.092662
2026-06-30,0.187183,0.090244,0.096939
2026-07-01,0.178530,0.088750,0.089781
2026-07-02,0.157946,0.077907,0.080038
2026-07-03,0.154966,0.075449,0.079517
2026-07-06,0.158888,0.080092,0.078796
2026-07-07,0.156612,0.077978,0.078634
2026-07-08,0.154155,0.075217,0.078938
2026-07-09,0.169820,0.084243,0.085577
2026-07-10,0.156365,0.075374,0.080991
2026-07-13,0.141639,0.063965,0.077674
2026-07-14,0.155674,0.071486,0.084187
2026-07-15,0.148040,0.070762,0.077278
2026-07-16,0.137144,0.064134,0.073011
2026-07-17,0.120258,0.054078,0.066180
2026-07-20,0.128784,0.063422,0.065362
2026-07-21,0.152804,0.074342,0.078463
2026-07-22,0.149686,0.072678,0.077009
2026-07-23,0.152096,0.073492,0.078603
2026-07-24,0.143958,0.069053,0.074906
2026-07-27,0.141204,0.064140,0.077065
2026-07-28,0.112391,0.046004,0.066388
2026-07-29,0.113816,0.048344,0.065472
2026-07-30,0.100608,0.044491,0.056117
2026-07-31,0.109207,0.045520,0.063687
2026-08-03,0.104001,0.042925,0.061076
2026-08-04,0.116214,0.045969,0.070244
2026-08-05,0.129147,0.050288,0.078859
2026-08-06,0.132749,0.049773,0.082975
2026-08-07,0.143447,0.055678,0.087769
2026-08-10,0.141182,0.057522,0.083659
2026-08-11,0.139819,0.062863,0.076956
2026-08-12,0.144640,0.064920,0.079720
2026-08-13,0.139714,0.062875,0.076839
2026-08-14,0.144965,0.065620,0.079345
2026-08-17,0.158956,0.073623,0.085332
2026-08-18,0.158522,0.076899,0.081623
2026-08-19,0.138417,0.066382,0.072035
2026-08-20,0.140287,0.066696,0.073591
2026-08-21,0.152167,0.073891,0.078276
2026-08-24,0.137464,0.070138,0.067325
2026-08-25,0.135612,0.070640,0.064972
2026-08-26,0.140567,0.073670,0.066897
2026-08-27,0.149015,0.076740,0.072275
2026-08-28,0.142398,0.070935,0.071464
2026-08-31,0.142992,0.070964,0.072028
2026-09-01,0.133854,0.067437,0.066417
2026-09-02,0.126816,0.062516,0.064300
2026-09-03,0.126903,0.062876,0.064028
2026-09-04,0.118331,0.057209,0.061122
2026-09-07,0.132779,0.067728,0.065051
2026-09-08,0.134117,0.068214,0.065903
2026-09-09,0.137090,0.069295,0.067795
