Date,MA20,MA50,MA100,MA200
2005-09-16,,,,
2005-09-19,,,,
2005-09-20,,,,
2005-09-21,,,,
2005-09-22,,,,
2005-09-23,,,,
2005-09-26,,,,
2005-09-27,,,,
2005-09-28,,,,
2005-09-29,,,,
2005-09-30,,,,
2005-10-10,,,,
2005-10-11,,,,
2005-10-12,,,,
2005-10-13,,,,
2005-10-14,,,,
2005-10-17,,,,
2005-10-18,,,,
2005-10-19,,,,
2005-10-20,963.9480,,,
2005-10-21,961.6072,,,
2005-10-24,959.5291,,,
2005-10-25,957.2445,,,
2005-10-26,955.1305,,,
2005-10-27,953.7546,,,
2005-10-28,952.2255,,,
2005-10-31,951.1300,,,
2005-11-01,950.2451,,,
2005-11-02,949.3813,,,
2005-11-03,947.2826,,,
2005-11-04,945.1832,,,
2005-11-07,943.0448,,,
2005-11-08,940.5377,,,
2005-11-09,938.0214,,,
2005-11-10,935.4965,,,
2005-11-11,933.8851,,,
2005-11-14,932.0287,,,
2005-11-15,929.5773,,,
2005-11-16,927.1162,,,
2005-11-17,924.3965,,,
2005-11-18,922.4280,,,
2005-11-21,920.6134,,,
2005-11-22,919.0868,,,
2005-11-23,918.6183,,,
2005-11-24,918.0721,,,
2005-11-25,917.9004,,,
2005-11-28,916.9754,,,
2005-11-29,915.6901,,,
2005-11-30,913.9446,,,
2005-12-01,912.6304,937.9250,,
2005-12-02,910.8699,935.7822,,
2005-12-05,909.1561,933.5813,,
2005-12-06,907.6063,931.6405,,
2005-12-07,906.3804,930.2533,,
2005-12-08,905.8358,929.1471,,
2005-12-09,905.6713,928.3182,,
2005-12-12,905.9105,927.3521,,
2005-12-13,906.4326,926.4816,,
2005-12-14,907.6195,925.8244,,
2005-12-15,908.8737,924.9274,,
2005-12-16,909.6724,924.1221,,
2005-12-19,910.1479,923.4152,,
2005-12-20,911.1339,922.6032,,
2005-12-21,911.7950,921.7249,,
2005-12-22,912.8337,921.2500,,
2005-12-23,914.3146,921.2806,,
2005-12-26,915.9552,921.4478,,
2005-12-27,917.7677,921.4036,,
2005-12-28,920.1610,921.4647,,
2005-12-29,923.4264,921.7164,,
2005-12-30,926.4043,921.7010,,
2006-01-04,930.7672,922.0766,,
2006-01-05,936.3184,923.2701,,
2006-01-06,941.5999,924.8411,,
2006-01-09,946.8940,926.4029,,
2006-01-10,951.7366,928.1226,,
2006-01-11,956.5911,929.5366,,
2006-01-12,961.7161,931.0700,,
2006-01-13,965.8697,932.4197,,
2006-01-16,969.2532,933.7157,,
2006-01-17,972.4113,935.0133,,
2006-01-18,976.4269,936.7680,,
2006-01-19,980.3980,938.5473,,
2006-01-20,984.2811,940.2288,,
2006-01-23,987.5690,942.0790,,
2006-01-24,990.7224,944.0155,,
2006-01-25,994.8321,946.5691,,
2006-02-06,1000.3626,949.7177,,
2006-02-07,1005.4639,952.8038,,
2006-02-08,1009.7013,955.8383,,
2006-02-09,1013.9004,958.2900,,
2006-02-10,1017.8318,960.9640,,
2006-02-13,1020.7687,963.9428,,
2006-02-14,1023.9303,966.9659,,
2006-02-15,1026.9268,969.9447,,
2006-02-16,1028.9743,972.5522,,
2006-02-17,1031.1228,975.1955,,
2006-02-20,1032.9451,977.9720,,
2006-02-21,1035.6306,981.0941,,
2006-02-22,1038.9096,984.2274,961.0762,
2006-02-23,1042.0668,987.4921,961.6371,
2006-02-24,1045.0003,991.1057,962.3435,
2006-02-27,1046.9361,994.2792,962.9599,
2006-02-28,1049.3106,997.4009,963.8271,
2006-03-01,1052.2619,1000.6494,964.8983,
2006-03-02,1053.2881,1003.0622,965.6902,
2006-03-03,1053.4354,1005.5791,966.4656,
2006-03-06,1052.3313,1008.0772,967.2794,
2006-03-07,1050.4548,1009.9379,967.8811,
2006-03-08,1048.4166,1011.6555,968.2915,
2006-03-09,1046.9681,1013.2082,968.6652,
2006-03-10,1045.0199,1014.9127,969.1640,
2006-03-13,1043.2979,1016.8084,969.7058,
2006-03-14,1041.0658,1018.6742,970.1996,
2006-03-15,1039.3142,1020.5369,970.8934,
2006-03-16,1038.5241,1022.2359,971.7582,
2006-03-17,1037.2543,1023.7152,972.5815,
2006-03-20,1036.8761,1025.6153,973.5094,
2006-03-21,1036.2780,1027.5409,974.5028,
2006-03-22,1036.3021,1029.3776,975.5470,
2006-03-23,1036.4678,1031.5175,976.6093,
2006-03-24,1035.9849,1033.1928,977.6347,
2006-03-27,1036.8028,1034.4730,978.8715,
2006-03-28,1037.5355,1035.7751,980.3081,
2006-03-29,1038.2556,1037.1941,981.7985,
2006-03-30,1040.1509,1038.4280,983.2753,
2006-03-31,1042.1860,1039.8171,984.6768,
2006-04-03,1045.6016,1041.6313,986.3507,
2006-04-04,1050.1727,1043.6591,988.0394,
2006-04-05,1055.8288,1046.2857,990.0007,
2006-04-06,1061.9315,1049.0163,992.0148,
2006-04-07,1067.5256,1051.3522,994.0601,
2006-04-10,1072.5871,1053.6840,996.1157,
2006-04-11,1077.8158,1056.0881,998.1584,
2006-04-12,1082.1216,1058.3580,1000.2185,
2006-04-13,1085.1572,1060.0099,1002.0127,
2006-04-14,1089.7470,1061.6811,1004.1251,
2006-04-17,1093.8138,1062.9958,1006.3567,
2006-04-18,1098.2471,1064.6542,1008.7290,
2006-04-19,1103.1903,1066.7732,1011.3058,
2006-04-20,1108.0196,1069.1652,1013.7276,
2006-04-21,1114.3482,1071.7993,1016.3816,
2006-04-24,1121.2162,1074.6520,1019.2974,
2006-04-25,1128.3469,1077.5418,1022.2538,
2006-04-26,1135.2228,1080.5125,1025.2286,
2006-04-27,1142.5386,1083.8537,1028.2029,
2006-04-28,1150.9209,1087.7364,1031.4659,
2006-05-08,1160.6857,1092.7276,1035.3498,
2006-05-09,1171.5171,1098.0137,1039.5539,
2006-05-10,1182.1411,1103.5783,1043.9028,
2006-05-11,1191.7689,1108.8972,1048.1946,
2006-05-12,1203.4814,1114.7447,1052.9252,
2006-05-15,1217.9835,1122.1030,1058.1911,
2006-05-16,1230.6935,1128.6413,1063.0211,
2006-05-17,1243.3328,1134.7863,1067.7179,
2006-05-18,1256.8781,1141.4459,1072.2540,
2006-05-19,1270.7917,1148.6236,1077.1014,
2006-05-22,1283.3421,1155.4001,1081.7386,
2006-05-23,1292.7061,1161.5547,1085.7463,
2006-05-24,1301.7820,1168.1194,1089.8874,
2006-05-25,1310.0075,1174.3810,1093.7946,
2006-05-26,1317.8444,1180.9291,1097.9209,
2006-05-29,1326.3063,1187.8553,1102.3319,
2006-05-30,1335.2722,1195.2243,1106.9493,
2006-05-31,1343.1903,1202.0629,1111.2999,
2006-06-01,1352.5888,1209.4796,1115.8578,
2006-06-02,1358.9621,1216.4195,1120.0673,
2006-06-05,1362.7836,1223.0906,1124.3530,
2006-06-06,1363.5997,1228.9424,1128.2416,
2006-06-07,1360.6168,1233.3042,1131.3409,
2006-06-08,1358.3742,1237.6598,1134.5886,
2006-06-09,1352.9980,1241.5499,1137.3714,
2006-06-12,1345.4682,1245.5692,1140.0211,
2006-06-13,1339.8096,1249.5509,1142.6630,
2006-06-14,1333.9067,1253.0468,1145.1204,
2006-06-15,1328.5304,1256.7977,1147.6128,
2006-06-16,1323.9243,1261.3189,1150.5680,
2006-06-19,1321.3222,1265.6884,1153.6599,
2006-06-20,1321.3765,1270.0363,1156.8477,
2006-06-21,1320.2879,1273.9030,1160.0943,
2006-06-22,1319.7508,1277.5087,1163.2625,
2006-06-23,1318.4535,1281.3003,1166.3263,
2006-06-26,1316.6562,1285.4830,1169.5835,
2006-06-27,1313.9652,1289.6841,1172.8861,
2006-06-28,1311.7696,1293.9221,1176.1400,
2006-06-29,1309.4174,1299.1837,1179.5968,
2006-06-30,1308.7810,1304.0331,1182.8571,
2006-07-03,1309.5667,1309.3918,1186.1938,
2006-07-04,1311.7723,1314.3525,1189.5033,
2006-07-05,1315.9522,1318.4090,1192.5911,
2006-07-06,1320.9399,1322.8279,1195.9965,
2006-07-07,1326.8273,1326.5416,1199.1705,
2006-07-10,1332.2069,1329.9654,1202.3087,
2006-07-11,1337.6581,1333.2754,1205.4086,
2006-07-12,1344.2933,1336.6750,1208.5937,
2006-07-13,1347.4062,1338.7447,1211.2992,
2006-07-14,1348.8949,1340.5085,1214.1224,
2006-07-17,1350.1319,1341.4668,1217.0972,
2006-07-18,1350.9328,1341.8025,1219.9081,
2006-07-19,1350.2745,1341.1564,1222.3673,1091.7218
2006-07-20,1350.1767,1340.8718,1224.8845,1093.2608
2006-07-21,1350.7860,1340.2221,1227.4834,1094.9135
2006-07-24,1350.7856,1338.6039,1230.3534,1096.6566
2006-07-25,1351.3296,1337.9385,1233.2899,1098.5585
2006-07-26,1351.6915,1337.2655,1236.0259,1100.4621
2006-07-27,1349.6645,1336.2982,1238.8720,1102.2811
2006-07-28,1346.8366,1334.4510,1241.5373,1104.0015
2006-07-31,1340.2426,1332.1520,1243.7760,1105.5277
2006-08-01,1333.5985,1330.7094,1246.1321,1107.0066
2006-08-02,1327.7130,1328.7814,1248.4504,1108.3709
2006-08-03,1320.4934,1327.0222,1250.7016,1109.6834
2006-08-04,1312.3548,1324.3457,1252.6374,1110.9007
2006-08-07,1303.5214,1320.8515,1254.3534,1112.0296
2006-08-08,1295.7467,1317.4651,1256.3447,1113.2722
2006-08-09,1287.4994,1314.3987,1258.2308,1114.5621
2006-08-10,1283.6178,1311.1563,1260.3179,1116.0381
2006-08-11,1279.2733,1308.6330,1262.5262,1117.5539
2006-08-14,1272.9653,1305.5395,1264.3151,1118.9122
2006-08-15,1267.9494,1303.5424,1266.2424,1120.3726
2006-08-16,1265.8380,1303.2448,1268.2745,1121.9108
2006-08-17,1262.7531,1302.6233,1270.1415,1123.3754
2006-08-18,1258.6723,1302.4918,1272.0209,1124.8278
2006-08-21,1254.4395,1302.1923,1273.8808,1126.3761
2006-08-22,1250.4577,1302.1978,1275.8743,1128.0912
2006-08-23,1247.1368,1302.5576,1277.8022,1129.8003
2006-08-24,1245.1303,1302.9382,1279.8679,1131.5716
2006-08-25,1243.9844,1302.4751,1281.8970,1133.2869
2006-08-28,1246.8089,1302.3467,1284.0175,1135.1841
2006-08-29,1250.4453,1302.3370,1286.1866,1137.1130
2006-08-30,1254.7931,1302.5835,1288.2432,1139.1220
2006-08-31,1259.7531,1303.0231,1290.2659,1141.1404
2006-09-01,1265.1246,1303.0142,1292.1572,1143.1087
2006-09-04,1272.0473,1303.0079,1294.2455,1145.1806
2006-09-05,1277.7653,1302.9852,1296.3346,1147.2465
2006-09-06,1283.9094,1303.2546,1298.5883,1149.4034
2006-09-07,1288.2674,1302.6963,1300.9400,1151.4763
2006-09-08,1292.8757,1302.2709,1303.1520,1153.6385
2006-09-11,1299.1428,1301.3699,1305.3809,1155.8688
2006-09-12,1304.6613,1300.6980,1307.5252,1158.1271
2006-09-13,1308.6642,1300.3296,1309.3693,1160.3375
2006-09-14,1313.3606,1299.5916,1311.2097,1162.4686
2006-09-15,1318.8420,1299.2977,1312.9196,1164.6506
2006-09-18,1325.0054,1299.3117,1314.6386,1166.9680
2006-09-19,1330.5900,1299.3705,1316.3229,1169.2884
2006-09-20,1336.2683,1299.3476,1318.0113,1171.6199
2006-09-21,1342.3525,1300.9167,1319.8307,1174.0168
2006-09-22,1348.3497,1302.2570,1321.3828,1176.4243
2006-09-25,1352.4777,1303.2850,1322.3759,1178.8629
2006-09-26,1354.8723,1303.9128,1322.8576,1181.2058
2006-09-27,1357.4444,1305.4514,1323.3039,1183.6034
2006-09-28,1361.3445,1307.4903,1324.1810,1186.1878
2006-09-29,1366.9908,1309.4961,1324.8591,1188.8921
2006-10-09,1373.2592,1311.9973,1325.3006,1191.7459
2006-10-10,1379.3793,1314.2051,1326.0718,1194.5464
2006-10-11,1384.9723,1316.5669,1326.9162,1197.3170
2006-10-12,1389.7282,1318.7218,1327.5100,1199.8820
2006-10-13,1393.9703,1321.1243,1327.7877,1202.4445
2006-10-16,1396.7374,1323.9679,1328.0599,1204.8993
2006-10-17,1399.7159,1327.1449,1328.9272,1207.3367
2006-10-18,1404.1383,1330.8998,1329.8406,1209.8640
2006-10-19,1408.8283,1334.9255,1330.9739,1212.3842
2006-10-20,1412.8120,1339.4806,1331.9132,1214.9170
2006-10-23,1414.0818,1343.5359,1332.1937,1217.2628
2006-10-24,1416.4644,1347.6576,1332.5614,1219.7553
2006-10-25,1419.8814,1352.3004,1333.3495,1222.3247
2006-10-26,1422.4379,1356.4448,1333.8005,1224.8291
2006-10-27,1423.5733,1359.9770,1334.3050,1227.1861
2006-10-30,1424.7605,1364.0031,1334.7713,1229.5621
2006-10-31,1427.5827,1367.7661,1335.6542,1231.9479
2006-11-01,1431.0026,1371.5173,1337.3811,1234.3610
2006-11-02,1432.6852,1375.4631,1339.0432,1236.8159
2006-11-03,1433.7914,1379.5437,1341.0178,1239.1946
2006-11-06,1433.0984,1383.4609,1342.8266,1241.4239
2006-11-07,1432.3515,1386.9626,1344.5802,1243.6216
2006-11-08,1431.7712,1390.4206,1346.4891,1245.8048
2006-11-09,1433.1234,1393.9190,1348.4286,1248.0207
2006-11-10,1433.6572,1396.9935,1349.7343,1250.1511
2006-11-13,1434.2373,1398.9392,1350.6429,1252.1514
2006-11-14,1435.3692,1401.1145,1351.7257,1254.2867
2006-11-15,1437.3306,1403.9148,1353.2491,1256.6717
2006-11-16,1439.4479,1406.8035,1354.9133,1259.0879
2006-11-17,1441.8239,1410.1603,1356.5873,1261.4568
2006-11-20,1446.4315,1413.2896,1358.1488,1263.8661
2006-11-21,1450.7950,1416.8695,1359.9273,1266.4067
2006-11-22,1455.1889,1420.8122,1362.0334,1269.0867
2006-11-23,1459.8259,1425.0682,1363.8822,1271.7395
2006-11-24,1466.9878,1429.6218,1365.9463,1274.4017
2006-11-27,1475.8124,1434.6709,1368.0204,1277.1071
2006-11-28,1484.0994,1439.5413,1370.1197,1279.8115
2006-11-29,1494.0104,1445.6558,1372.9927,1282.7919
2006-11-30,1506.2341,1452.6125,1376.1020,1286.0493
2006-12-01,1520.0325,1460.0199,1379.6588,1289.4146
2006-12-04,1535.4625,1467.6437,1383.4777,1292.8932
2006-12-05,1551.6021,1475.3674,1387.3690,1296.3888
2006-12-06,1566.5853,1482.5475,1390.9475,1299.7706
2006-12-07,1579.5398,1488.7939,1394.8553,1303.0773
2006-12-08,1590.9237,1494.0230,1398.1400,1306.1312
2006-12-11,1606.9884,1500.7435,1402.0142,1309.5557
2006-12-12,1622.3223,1508.0945,1406.0036,1312.9559
2006-12-13,1636.3846,1515.4909,1410.4711,1316.4192
2006-12-14,1653.1093,1523.5094,1415.4998,1320.1922
2006-12-15,1672.2694,1532.2718,1420.8839,1324.1837
2006-12-18,1694.7348,1541.8798,1426.9386,1328.6460
2006-12-19,1715.2834,1551.2311,1432.7181,1333.0040
2006-12-20,1735.8986,1561.1827,1438.8748,1337.4504
2006-12-21,1754.5756,1571.0071,1444.8644,1341.8682
2006-12-22,1770.8859,1580.3881,1450.7562,1346.1468
2006-12-25,1787.4064,1590.9385,1457.4532,1350.6146
2006-12-26,1803.7286,1601.1464,1464.1457,1355.1389
2006-12-27,1819.8559,1611.9428,1471.4213,1359.9358
2006-12-28,1834.4217,1622.8499,1478.8877,1364.7947
2006-12-29,1849.5976,1634.7341,1487.1074,1369.8724
2007-01-04,1862.6341,1647.0647,1495.3003,1374.8269
2007-01-05,1875.3506,1658.9219,1503.2898,1379.8172
2007-01-08,1891.2546,1671.0968,1511.6986,1384.9647
2007-01-09,1911.9769,1684.6095,1520.5271,1390.4225
2007-01-10,1938.9781,1700.1850,1530.0810,1396.3036
2007-01-11,1962.6617,1715.9040,1539.9535,1402.1343
2007-01-12,1985.9058,1731.4237,1549.5949,1407.9186
2007-01-15,2014.8450,1749.0278,1560.2725,1414.2735
2007-01-16,2045.7050,1768.7173,1572.0902,1421.1159
2007-01-17,2070.7388,1787.0508,1583.2972,1427.6591
2007-01-18,2095.4945,1806.8383,1595.1496,1434.5152
2007-01-19,2125.6201,1828.5386,1607.7506,1441.8124
2007-01-22,2158.8362,1852.0087,1621.2147,1449.5084
2007-01-23,2191.4767,1874.3484,1634.1337,1457.0008
2007-01-24,2227.8719,1898.0740,1647.5337,1464.7154
2007-01-25,2258.7792,1920.7553,1659.8472,1471.9324
2007-01-26,2292.6655,1944.0649,1672.5897,1479.3882
2007-01-29,2325.6276,1967.2616,1685.5882,1486.9157
2007-01-30,2356.9588,1989.8542,1698.3289,1494.2974
2007-01-31,2376.5679,2008.6317,1709.3960,1500.7766
2007-02-01,2398.4862,2027.8865,1720.5881,1507.4168
2007-02-02,2415.6089,2044.8475,1730.8585,1513.5966
2007-02-05,2429.8068,2060.9439,1740.8780,1519.7332
2007-02-06,2440.8144,2077.0049,1751.0365,1525.9883
2007-02-07,2450.4544,2093.5716,1761.5967,1532.3743
2007-02-08,2461.8543,2110.3207,1772.4958,1538.9383
2007-02-09,2473.1391,2127.0396,1783.2905,1545.4078
2007-02-12,2483.3908,2144.7800,1795.2179,1552.2936
2007-02-13,2489.8372,2162.1586,1807.3855,1559.2976
2007-02-14,2502.7113,2180.1223,1820.0711,1566.4954
2007-02-15,2516.8022,2199.3742,1833.5090,1574.0738
2007-02-16,2524.8222,2217.8266,1846.5970,1581.4600
2007-02-26,2528.5115,2236.7792,1859.6633,1588.8373
2007-02-27,2521.8544,2251.2743,1870.0341,1594.9324
2007-02-28,2516.4823,2268.2974,1881.1602,1601.2715
2007-03-01,2511.2160,2282.4463,1891.5949,1606.9854
2007-03-02,2505.6380,2297.3912,1902.7428,1612.8002
2007-03-05,2496.1594,2311.1715,1913.3312,1618.3175
2007-03-06,2490.6733,2324.8798,1924.1946,1624.1878
2007-03-07,2499.8637,2339.6694,1935.9706,1630.4149
2007-03-08,2510.5627,2354.2177,1948.0488,1636.6747
2007-03-09,2523.8576,2368.2771,1959.7541,1642.9130
2007-03-12,2538.0292,2381.7961,1971.4894,1649.2028
2007-03-13,2552.9343,2396.3484,1983.6777,1655.5939
2007-03-14,2562.9680,2410.4045,1995.3963,1661.5920
2007-03-15,2573.8034,2424.8796,2007.9090,1667.9845
2007-03-16,2583.7125,2439.0331,2020.0898,1674.5085
2007-03-19,2591.7465,2453.5362,2032.7395,1681.2900
2007-03-20,2597.4388,2467.3654,2045.1076,1688.0408
2007-03-21,2601.0153,2480.6894,2057.7117,1694.8124
2007-03-22,2599.8959,2494.2789,2070.6718,1701.4327
2007-03-23,2599.7901,2507.6024,2083.2622,1707.9118
2007-03-26,2601.3432,2520.8146,2095.9557,1714.6526
2007-03-27,2615.4187,2532.6510,2108.6302,1721.2154
2007-03-28,2627.1703,2543.5743,2121.8796,1728.0923
2007-03-29,2644.2752,2555.0917,2135.4978,1735.1346
2007-03-30,2658.7981,2566.5481,2148.9859,1742.3201
2007-04-02,2679.8055,2577.1557,2163.0918,1750.2364
2007-04-03,2700.0812,2586.6303,2177.6738,1758.3585
2007-04-04,2716.9778,2598.1650,2192.6079,1766.8128
2007-04-05,2732.0345,2608.8337,2207.8360,1775.3313
2007-04-06,2749.7293,2617.9208,2223.2297,1783.9049
2007-04-09,2770.6922,2626.5385,2239.2736,1792.8814
2007-04-10,2793.6579,2637.2209,2255.7846,1802.1066
2007-04-11,2821.2022,2647.7366,2272.9053,1811.3198
2007-04-12,2848.3764,2660.7184,2290.7368,1820.6899
2007-04-13,2877.3540,2672.9085,2308.4867,1830.1062
2007-04-16,2907.4897,2686.2810,2326.7713,1840.0102
2007-04-17,2937.7453,2699.6800,2344.7671,1849.8402
2007-04-18,2966.9511,2716.8426,2362.7372,1859.6622
2007-04-19,2988.8173,2730.4113,2379.1489,1868.6488
2007-04-20,3017.1965,2748.2374,2396.5425,1878.2349
2007-04-23,3048.7013,2768.3724,2414.6582,1888.3458
2007-04-24,3079.6429,2788.1824,2432.5936,1898.2379
2007-04-25,3109.5911,2807.2290,2450.4003,1908.1733
2007-04-26,3140.7885,2826.6654,2468.4931,1918.2567
2007-04-27,3170.3953,2845.4506,2486.2451,1928.1824
2007-04-30,3200.5816,2864.0320,2504.4060,1938.6993
2007-05-08,3234.2204,2884.3836,2523.2711,1949.6866
2007-05-09,3266.6977,2903.7596,2541.9409,1960.7999
2007-05-10,3297.3638,2921.0583,2560.2163,1971.8470
2007-05-11,3328.2292,2939.2836,2578.5551,1982.9620
2007-05-14,3360.8441,2959.4716,2598.1254,1994.5364
2007-05-15,3384.1540,2982.1407,2616.7075,2005.7814
2007-05-16,3409.8826,3005.0967,2636.6971,2017.4185
2007-05-17,3438.1717,3031.5007,2656.9735,2029.4939
2007-05-18,3464.6276,3056.5044,2676.9478,2041.4757
2007-05-21,3487.2495,3082.7171,2696.9443,2053.7077
2007-05-22,3511.4474,3107.9896,2716.4347,2065.9673
2007-05-23,3538.5238,3132.3067,2735.9880,2078.4360
2007-05-24,3574.1133,3155.8316,2755.0246,2090.9816
2007-05-25,3608.7169,3182.1812,2775.2292,2103.9736
2007-05-28,3642.6504,3210.2209,2796.0085,2117.4417
2007-05-29,3681.7318,3239.7014,2818.0249,2131.4447
2007-05-30,3705.9783,3264.4331,2837.4188,2144.0875
2007-05-31,3730.7507,3289.4443,2857.1619,2157.3075
2007-06-01,3755.1572,3314.0285,2876.5308,2170.3382
2007-06-04,3761.7148,3332.0194,2892.7778,2182.0995
2007-06-05,3770.4656,3353.5943,2910.4798,2194.6838
2007-06-06,3779.7600,3375.2575,2927.9734,2207.5404
2007-06-07,3795.3218,3399.2287,2946.7538,2221.0270
2007-06-08,3812.4980,3424.3667,2965.9846,2234.6372
2007-06-11,3829.2968,3450.6530,2985.7338,2248.7162
2007-06-12,3856.3492,3478.5129,3005.5820,2263.0545
2007-06-13,3882.4658,3507.2149,3025.3946,2277.7378
2007-06-14,3901.4796,3534.3824,3044.7371,2292.3453
2007-06-15,3922.3234,3561.9145,3064.2313,2306.9131
2007-06-18,3948.8881,3590.3501,3083.7529,2322.0127
2007-06-19,3974.9185,3617.9245,3102.2774,2337.1838
2007-06-20,3993.6128,3642.9607,3120.5629,2351.9300
2007-06-21,4014.5167,3668.8245,3138.8291,2366.9893
2007-06-22,4024.2285,3691.9809,3154.9508,2381.3507
2007-06-25,4023.2989,3711.2636,3168.9011,2395.0579
2007-06-26,4019.1166,3729.8849,3183.5529,2408.8433
2007-06-27,4034.9393,3749.9280,3198.8323,2423.1830
2007-06-28,4038.5812,3765.5262,3213.1223,2436.4848
2007-06-29,4040.2202,3779.1750,3226.0417,2449.3157
2007-07-02,4053.4546,3790.4053,3238.3432,2461.9657
2007-07-03,4062.5598,3803.5201,3251.6000,2474.9644
2007-07-04,4066.9142,3815.2428,3266.0427,2487.7194
2007-07-05,4057.1396,3826.5576,3278.4845,2499.5363
2007-07-06,4054.0118,3839.0929,3293.6652,2512.2618
2007-07-09,4052.5240,3852.1821,3310.2773,2525.5776
2007-07-10,4047.6398,3865.7117,3326.9470,2538.9918
2007-07-11,4038.8781,3878.9297,3343.0793,2552.3380
2007-07-12,4033.7430,3891.5643,3359.1148,2565.8053
2007-07-13,4027.7637,3904.8619,3375.1562,2579.2233
2007-07-16,4008.2885,3913.4329,3388.7325,2591.9752
2007-07-17,3995.5152,3922.4425,3403.4130,2605.3993
2007-07-18,3987.5344,3931.2953,3417.5275,2618.7993
2007-07-19,3976.2722,3940.3878,3430.7231,2632.1160
2007-07-20,3981.1168,3953.1359,3446.2098,2646.4034
2007-07-23,4002.2707,3967.8342,3463.6529,2661.6581
2007-07-24,4023.3084,3985.5466,3483.8437,2676.9389
2007-07-25,4041.9362,4002.7494,3503.9230,2692.5416
2007-07-26,4072.9273,4019.4284,3525.4646,2708.5297
2007-07-27,4106.7089,4036.0075,3546.2559,2724.4994
2007-07-30,4147.5561,4054.5280,3568.6225,2740.9769
2007-07-31,4186.7490,4073.6407,3590.8152,2757.5049
2007-08-01,4221.9793,4088.6249,3610.4658,2773.2182
2007-08-02,4274.0149,4106.5183,3631.1749,2789.6118
2007-08-03,4330.4165,4127.7727,3654.9770,2807.3655
2007-08-06,4385.3554,4149.2641,3679.7425,2825.6160
2007-08-07,4441.1148,4169.4649,3704.5831,2844.1304
2007-08-08,4495.8014,4194.8589,3729.6460,2862.5212
2007-08-09,4557.6574,4222.3269,3755.8856,2881.8973
2007-08-10,4613.2298,4248.0909,3781.0597,2900.5747
2007-08-13,4673.3682,4278.0943,3805.0568,2918.8982
2007-08-14,4731.5139,4306.8618,3830.2280,2937.6678
2007-08-15,4790.4785,4335.5827,3855.4201,2956.5659
2007-08-16,4845.0288,4360.2706,3879.7497,2975.2107
2007-08-17,4883.1832,4381.4100,3902.8884,2993.0753
2007-08-20,4928.4997,4407.5153,3929.0842,3012.5199
2007-08-21,4978.4733,4434.3963,3956.4546,3032.5424
2007-08-22,5029.2723,4461.4720,3984.3434,3053.1115
2007-08-23,5082.3294,4491.7684,4013.0754,3074.2866
2007-08-24,5140.2771,4523.1889,4042.5517,3095.7688
2007-08-27,5192.1364,4551.8273,4071.0887,3117.0902
2007-08-28,5239.2563,4579.3759,4098.6502,3138.1620
2007-08-29,5288.6800,4606.6518,4124.8062,3158.7071
2007-08-30,5333.0028,4633.9127,4151.3686,3179.6023
2007-08-31,5365.4664,4664.2679,4178.1244,3200.6770
2007-09-03,5397.7197,4699.0324,4205.1480,3222.2108
2007-09-04,5425.0133,4731.8236,4230.8542,3243.3194
2007-09-05,5451.7685,4761.5906,4255.7593,3264.3323
2007-09-06,5471.7739,4795.6040,4280.5651,3285.6510
2007-09-07,5490.4220,4828.1716,4303.6733,3306.0800
2007-09-10,5515.1244,4862.7621,4326.5837,3326.6775
2007-09-11,5521.4107,4890.4021,4346.9611,3345.8641
2007-09-12,5529.1087,4920.4605,4367.8516,3365.2944
2007-09-13,5549.0996,4957.0547,4391.8061,3385.4775
2007-09-14,5577.5156,4990.8115,4414.9522,3405.7473
2007-09-17,5591.7316,5023.1984,4437.6903,3426.1742
2007-09-18,5596.9728,5054.1295,4459.9206,3446.2571
2007-09-19,5594.1976,5083.5998,4481.2648,3465.8325
2007-09-20,5588.6689,5113.7387,4502.6515,3485.5723
2007-09-21,5578.5706,5143.5117,4524.1868,3505.2159
2007-09-24,5574.1996,5178.1917,4545.8123,3525.1092
2007-09-25,5571.0799,5209.6017,4566.0221,3544.6466
2007-09-26,5569.7135,5239.5235,4585.4094,3563.6752
2007-09-27,5567.4219,5270.3726,4605.3802,3582.7982
2007-09-28,5571.7821,5300.5340,4626.8350,3602.6950
2007-10-08,5581.1980,5330.6033,4649.2188,3623.6721
2007-10-09,5594.0714,5360.1288,4672.8377,3644.7726
2007-10-10,5608.3943,5388.1738,4695.4616,3666.0793
2007-10-11,5625.4202,5416.6012,4718.0148,3687.4942
2007-10-12,5648.0590,5444.7117,4740.3596,3708.6537
2007-10-15,5667.1845,5470.6135,4762.5707,3729.7575
2007-10-16,5706.9082,5498.4658,4786.0533,3751.2440
2007-10-17,5739.6458,5527.5271,4808.0760,3772.0320
2007-10-18,5754.7729,5549.3578,4827.9381,3791.4814
2007-10-19,5769.8771,5566.5957,4847.1842,3811.2067
2007-10-22,5778.6526,5580.5173,4864.8907,3830.4496
2007-10-23,5793.6953,5595.1617,4882.3133,3850.1691
2007-10-24,5817.1378,5612.1343,4903.4966,3870.4577
2007-10-25,5829.4127,5622.4409,4922.3839,3889.7729
2007-10-26,5850.4383,5638.3951,4943.2430,3909.8869
2007-10-29,5870.2536,5656.9459,4967.5201,3930.1489
2007-10-30,5894.6271,5674.8470,4990.8544,3950.6671
2007-10-31,5929.7958,5695.2504,5015.4166,3971.6950
2007-11-01,5958.7077,5715.8441,5038.0574,3992.4056
2007-11-02,5973.0718,5736.4895,5058.9497,4012.4672
2007-11-05,5966.5938,5745.8410,5076.6782,4031.2060
2007-11-06,5959.7863,5752.6539,5093.5251,4049.5535
2007-11-07,5955.9298,5758.8368,5110.1544,4067.7745
2007-11-08,5932.3308,5756.6017,5124.1851,4084.4611
2007-11-09,5907.4623,5751.5858,5137.3874,4100.8093
2007-11-12,5883.3886,5747.1144,5149.4708,4116.6119
2007-11-13,5846.7670,5741.4701,5160.4230,4131.3502
2007-11-14,5824.4924,5741.8521,5174.2520,4147.4074
2007-11-15,5808.7554,5739.6589,5186.7858,4162.8074
2007-11-16,5785.0050,5734.4112,5199.3395,4177.1452
2007-11-19,5760.1173,5725.4763,5212.2544,4190.5777
2007-11-20,5736.2001,5719.6364,5225.7300,4204.6414
2007-11-21,5704.3635,5713.1724,5237.3815,4218.1069
2007-11-22,5667.1807,5700.6036,5248.1038,4230.6131
2007-11-23,5627.3067,5693.1490,5260.6603,4243.3510
2007-11-26,5580.0837,5682.9296,5272.8459,4255.5945
2007-11-27,5522.8487,5675.4222,5282.9122,4267.2561
2007-11-28,5455.3023,5665.7278,5293.0942,4279.5684
2007-11-29,5403.2393,5657.5000,5307.2773,4292.8809
2007-11-30,5352.4493,5646.4629,5318.6372,4306.1512
2007-12-03,5316.6657,5635.8146,5329.5065,4319.8919
2007-12-04,5284.7284,5627.7562,5340.9428,4333.9449
2007-12-05,5257.9863,5624.3523,5353.9761,4348.5277
2007-12-06,5247.0131,5619.9394,5366.8391,4362.9770
2007-12-07,5242.7563,5617.2600,5380.3859,4377.7711
2007-12-10,5239.8522,5613.3754,5395.7836,4392.2580
2007-12-11,5240.8148,5609.3641,5409.4829,4406.4480
2007-12-12,5225.1166,5604.0133,5421.7684,4419.6479
2007-12-13,5200.5081,5592.8934,5431.6330,4431.1780
2007-12-14,5186.7190,5580.3859,5440.4600,4443.3349
2007-12-17,5166.9282,5559.7685,5445.1859,4454.4194
2007-12-18,5142.5505,5539.0280,5449.5784,4466.7110
2007-12-19,5127.1863,5520.6892,5454.4315,4479.1773
2007-12-20,5130.8097,5502.7594,5459.6803,4492.5724
2007-12-21,5131.9283,5486.6967,5465.7042,4505.9801
2007-12-24,5143.6963,5473.5343,5472.0739,4520.3482
2007-12-25,5161.7045,5457.3408,5477.9033,4534.3592
2007-12-26,5183.5661,5443.2960,5485.4116,4547.9387
2007-12-27,5200.2293,5435.6825,5492.5202,4561.8476
2007-12-28,5221.5856,5427.1464,5496.8710,4575.9240
2008-01-02,5239.5230,5420.1627,5500.3400,4590.0413
2008-01-03,5251.6633,5410.9434,5503.0525,4603.8178
2008-01-04,5261.4700,5402.0852,5507.1098,4618.3779
2008-01-07,5277.1274,5399.0253,5510.7331,4633.3094
2008-01-08,5289.2352,5392.7788,5515.5870,4648.3233
2008-01-09,5303.5934,5386.7114,5521.8286,4663.4427
2008-01-10,5323.4393,5380.8889,5527.8680,4679.0480
2008-01-11,5356.2178,5374.5821,5534.9163,4695.1682
2008-01-14,5402.5613,5370.4348,5543.1395,4711.4446
2008-01-15,5439.8156,5367.0835,5551.7865,4727.3374
2008-01-16,5474.6738,5363.0005,5554.4207,4741.7525
2008-01-17,5504.6027,5356.9546,5554.8043,4755.6294
2008-01-18,5531.1271,5350.7681,5554.8025,4769.5730
2008-01-21,5536.4987,5344.4266,5550.5141,4781.7948
2008-01-22,5519.7858,5331.6261,5541.6059,4792.0788
2008-01-23,5507.4559,5323.1613,5535.1378,4803.1133
2008-01-24,5497.0339,5317.4475,5529.4588,4814.0545
2008-01-25,5491.4948,5310.0969,5525.9745,4825.3904
2008-01-28,5462.0215,5296.9890,5518.3239,4834.8463
2008-01-29,5433.9361,5286.7188,5510.5650,4844.3447
2008-01-30,5401.2219,5276.6046,5501.0405,4853.0942
2008-01-31,5367.6844,5263.5371,5491.5868,4861.2205
2008-02-01,5330.2381,5252.4350,5482.8037,4869.2815
2008-02-04,5306.8049,5254.8750,5477.7393,4879.1522
2008-02-05,5281.2831,5254.3693,5473.7592,4888.7162
2008-02-13,5244.1483,5252.3372,5467.6334,4897.1086
2008-02-14,5207.1127,5254.5946,5465.0084,4905.9848
2008-02-15,5158.7374,5255.9561,5460.8420,4914.3468
2008-02-18,5113.6017,5254.5798,5456.0399,4923.9230
2008-02-19,5078.6293,5257.5555,5452.0092,4933.4807
2008-02-20,5047.3826,5255.2873,5445.5509,4941.6206
2008-02-21,5018.2598,5250.3672,5439.0617,4949.4911
2008-02-22,4975.7429,5237.8707,5431.1115,4956.1881
2008-02-25,4938.4604,5221.0055,5420.4725,4961.5620
2008-02-26,4922.0903,5203.3597,5410.3099,4967.2483
2008-02-27,4901.8163,5187.9469,5400.6612,4973.2367
2008-02-28,4880.3010,5173.2420,5391.3030,4978.6626
2008-02-29,4855.4857,5162.2445,5383.1289,4984.2692
2008-03-03,4854.2329,5158.4789,5375.6861,4990.5332
2008-03-04,4842.5590,5149.0548,5364.7204,4995.7777
2008-03-05,4833.7364,5143.3278,5351.5482,5000.3835
2008-03-06,4831.7402,5139.2130,5339.1205,5005.9791
2008-03-07,4825.6501,5131.8205,5326.2548,5010.8582
2008-03-10,4788.1988,5117.8306,5310.2950,5014.1549
2008-03-11,4752.6778,5102.6692,5294.6829,5017.5213
2008-03-12,4716.6258,5081.5090,5277.5217,5020.0462
2008-03-13,4671.5159,5058.5191,5257.9299,5021.9916
2008-03-14,4628.6541,5033.9914,5238.6437,5023.3598
2008-03-17,4574.0458,5004.1064,5219.8945,5023.9163
2008-03-18,4505.3122,4971.0461,5199.0962,5023.1402
2008-03-19,4452.4840,4940.4716,5180.3172,5022.6039
2008-03-20,4409.8680,4913.6491,5162.2962,5022.3047
2008-03-21,4379.7372,4885.1776,5143.6314,5023.5640
2008-03-24,4352.4268,4851.1252,5125.0753,5023.7296
2008-03-25,4326.0685,4818.0931,5105.4359,5024.3395
2008-03-26,4293.7545,4784.0114,5085.3614,5026.4407
2008-03-27,4253.7331,4745.3595,5063.1242,5026.9893
2008-03-28,4217.0718,4706.5861,5040.5841,5028.0003
2008-03-31,4167.9262,4664.6249,5017.5298,5027.7936
2008-04-01,4116.1240,4619.5781,4993.3308,5026.1403
2008-04-02,4058.9854,4577.0525,4970.0265,5023.3523
2008-04-03,4004.0234,4538.9813,4947.9679,5020.7465
2008-04-07,3963.0762,4504.6002,4927.6841,5018.9193
2008-04-08,3937.0702,4478.0592,4911.2429,5017.7140
2008-04-09,3902.0892,4455.5905,4893.6083,5015.4978
2008-04-10,3879.9525,4430.5076,4876.8344,5013.1526
2008-04-11,3864.0910,4405.3420,4861.3948,5010.9089
2008-04-14,3839.0184,4373.0008,4841.5488,5007.9004
2008-04-15,3825.0150,4349.3038,4823.1464,5004.9661
2008-04-16,3815.4480,4323.6509,4805.1848,5002.2622
2008-04-17,3793.8780,4297.5341,4787.0693,4999.6619
2008-04-18,3759.4109,4270.3397,4766.9384,4996.3342
2008-04-21,3721.5388,4241.6979,4747.0665,4992.2240
2008-04-22,3689.7282,4204.2945,4729.5848,4988.8443
2008-04-23,3664.2879,4171.2950,4712.8322,4986.7462
2008-04-24,3651.5567,4146.9747,4699.6560,4986.2509
2008-04-25,3647.4759,4121.5048,4688.0497,4985.4809
2008-04-28,3635.0712,4097.1197,4676.5379,4984.8160
2008-04-29,3631.8589,4071.9277,4663.2538,4985.2655
2008-04-30,3647.5419,4047.1432,4652.3493,4985.4933
2008-05-05,3677.1222,4028.9483,4642.1178,4985.8121
2008-05-06,3701.1402,4012.1334,4631.2503,4986.0966
2008-05-07,3705.6037,3996.5445,4617.2076,4985.5918
2008-05-08,3713.8282,3988.2063,4604.6059,4985.7225
2008-05-09,3732.3770,3979.7052,4591.5325,4985.9592
2008-05-12,3746.1245,3968.2309,4578.0889,4986.9362
2008-05-13,3758.0016,3956.4222,4564.8321,4987.1575
2008-05-14,3787.2449,3945.7045,4553.9745,4987.8715
2008-05-15,3810.3531,3931.7519,4545.1154,4988.3742
2008-05-16,3835.6659,3920.8937,4534.9742,4987.7171
2008-05-19,3867.7353,3911.1337,4527.2308,4986.2083
2008-05-20,3894.8250,3895.5736,4517.3933,4983.4858
2008-05-21,3928.4290,3882.8095,4507.3150,4980.8733
2008-05-22,3961.1398,3873.4710,4495.6508,4977.6655
2008-05-23,3981.2318,3862.7166,4482.6929,4974.1985
2008-05-26,3978.9059,3851.8868,4466.6979,4969.3859
2008-05-27,3975.9109,3843.2628,4450.8909,4964.3971
2008-05-28,3979.2414,3837.3546,4435.6730,4960.5423
2008-05-29,3974.5258,3832.1197,4418.1131,4955.3166
2008-05-30,3962.3770,3829.9691,4400.5076,4948.6893
2008-06-02,3944.2751,3825.6647,4383.0682,4941.7041
2008-06-03,3926.4255,3818.7564,4366.2027,4934.6276
2008-06-04,3913.1327,3809.9027,4347.5401,4927.3250
2008-06-05,3888.5326,3802.6487,4326.8869,4918.8100
2008-06-06,3862.6695,3794.3456,4306.2193,4910.9031
2008-06-10,3825.7661,3781.0355,4282.5234,4902.1760
2008-06-11,3785.0237,3768.9385,4257.1490,4892.5085
2008-06-12,3735.7946,3753.1936,4229.8899,4882.4031
2008-06-13,3681.6506,3737.2416,4200.9332,4872.0364
2008-06-16,3624.3933,3724.2014,4171.8898,4861.8381
2008-06-17,3559.5407,3711.3558,4144.2041,4849.3124
2008-06-18,3515.3153,3700.0904,4119.5358,4837.1700
2008-06-19,3457.5971,3680.6179,4092.6090,4823.7057
2008-06-20,3405.6675,3660.9099,4069.4846,4809.9994
2008-06-23,3355.6147,3644.1268,4049.8587,4795.7323
2008-06-24,3318.5612,3627.3303,4028.9190,4782.0284
2008-06-25,3286.9157,3612.3927,4008.8673,4769.1631
2008-06-26,3252.4390,3602.7228,3987.8618,4756.9182
2008-06-27,3215.6830,3588.3869,3968.8454,4743.5846
2008-06-30,3178.6737,3575.2594,3949.4551,4730.0100
2008-07-01,3137.2658,3563.0199,3930.2770,4715.6587
2008-07-02,3096.6875,3553.6670,3912.0033,4701.7950
2008-07-03,3063.4235,3546.6565,3894.1772,4688.4905
2008-07-04,3030.1514,3538.8179,3871.5562,4674.6478
2008-07-07,3003.3446,3529.9683,3850.6316,4662.1954
2008-07-08,2990.7810,3516.7252,3831.8500,4649.7417
2008-07-09,2987.1620,3504.8129,3813.1589,4639.0836
2008-07-10,2985.1103,3493.2092,3795.1644,4628.0032
2008-07-11,2989.9773,3480.4890,3776.2084,4616.1241
2008-07-14,3000.8547,3465.5265,3756.3348,4604.1720
2008-07-15,3012.7343,3445.6006,3737.2745,4591.4127
2008-07-16,3008.5004,3423.0344,3717.5839,4578.3228
2008-07-17,3010.3090,3402.5000,3699.5222,4565.3169
2008-07-18,3012.5126,3380.3837,3684.2950,4552.3837
2008-07-21,3021.6975,3359.8550,3669.7801,4540.0450
2008-07-22,3025.5439,3339.0980,3653.6645,4527.1628
2008-07-23,3020.3132,3317.3173,3636.8698,4514.0864
2008-07-24,3016.8413,3294.5614,3620.1329,4501.6309
2008-07-25,3018.2582,3271.5490,3601.6504,4488.6683
2008-07-28,3021.7913,3249.7095,3585.3016,4475.0110
2008-07-29,3027.7737,3227.0352,3569.0844,4460.3163
2008-07-30,3030.5423,3207.9540,3551.7638,4445.4421
2008-07-31,3025.0944,3185.3227,3534.0661,4430.1605
2008-08-01,3022.4681,3163.3493,3518.4101,4414.3526
2008-08-04,3009.4845,3141.2693,3501.9930,4398.3379
2008-08-05,2985.8401,3119.4989,3485.6928,4381.6072
2008-08-06,2957.5153,3097.4547,3470.3587,4364.1443
2008-08-07,2930.5622,3073.7375,3455.5461,4347.0949
2008-08-08,2897.0204,3049.4868,3440.8033,4330.3489
2008-08-11,2854.3116,3022.3004,3426.1347,4312.6155
2008-08-12,2816.1774,2994.3615,3410.0131,4295.1652
2008-08-13,2785.3123,2966.5892,3392.6728,4277.4845
2008-08-14,2757.4298,2940.2188,3375.0607,4259.3461
2008-08-15,2724.3092,2914.6943,3358.6715,4241.8734
2008-08-18,2678.2188,2886.0747,3340.2102,4222.8230
2008-08-19,2633.4437,2862.1691,3321.6023,4203.4818
2008-08-20,2600.3572,2843.4507,3306.1946,4184.6594
2008-08-21,2560.0204,2824.2517,3288.7226,4164.6534
2008-08-22,2520.5738,2807.1182,3272.1799,4144.8549
2008-08-25,2478.0631,2791.1774,3257.6894,4125.5101
2008-08-26,2431.0700,2775.6469,3243.5014,4106.7639
2008-08-27,2385.4864,2756.0224,3228.0564,4088.0122
2008-08-28,2344.9946,2740.2817,3210.4498,4069.0669
2008-08-29,2307.7976,2724.2013,3192.5556,4051.8992
2008-09-01,2271.2729,2707.5326,3175.8297,4034.7190
2008-09-02,2240.9757,2688.4647,3157.8975,4017.3660
2008-09-03,2208.5773,2666.1193,3139.2560,4000.3254
2008-09-04,2176.1505,2643.2222,3122.9725,3982.2607
2008-09-05,2146.6116,2621.8583,3105.1226,3964.1345
2008-09-08,2121.1534,2599.2922,3087.2758,3946.2303
2008-09-09,2096.5751,2578.0852,3070.5525,3928.8109
2008-09-10,2070.6167,2556.1609,3054.9139,3910.9262
2008-09-11,2042.1134,2531.6948,3039.1757,3893.1211
2008-09-12,2015.1116,2508.6784,3023.7482,3876.6665
2008-09-16,1994.4857,2482.5312,3006.2497,3859.5409
2008-09-17,1972.4243,2454.8264,2985.7758,3842.7159
2008-09-18,1940.9965,2424.9845,2964.8987,3826.4742
2008-09-19,1920.6650,2398.4736,2945.8414,3811.1897
2008-09-22,1906.5616,2373.7520,2927.1205,3795.1871
2008-09-23,1890.3107,2346.9598,2906.2432,3779.2962
2008-09-24,1880.7231,2322.8424,2884.2215,3763.1697
2008-09-25,1874.7065,2302.5048,2862.7696,3747.0100
2008-09-26,1869.4491,2283.9377,2843.2188,3730.2132
2008-10-06,1856.9286,2261.9677,2821.1757,3712.8908
2008-10-07,1846.4876,2237.4486,2798.6518,3695.0921
2008-10-08,1834.2660,2211.9535,2775.5258,3676.8073
2008-10-09,1822.7431,2187.0913,2752.2043,3658.5182
2008-10-10,1807.5547,2159.5075,2727.0345,3640.5045
2008-10-13,1796.3744,2133.1047,2702.3269,3623.7211
2008-10-14,1786.9565,2105.3583,2677.5339,3606.2541
2008-10-15,1775.4542,2077.1574,2652.0963,3589.6635
2008-10-16,1760.9121,2048.3088,2628.1314,3572.7623
2008-10-17,1749.6814,2021.5296,2603.4261,3555.3706
2008-10-20,1740.6735,1995.9605,2579.6549,3537.6529
2008-10-21,1733.5729,1972.1665,2556.7179,3519.7054
2008-10-22,1725.6190,1950.7380,2535.1184,3500.9082
2008-10-23,1719.7115,1929.8629,2513.6588,3482.2749
2008-10-24,1705.7249,1908.5387,2491.1381,3463.4055
2008-10-27,1682.2093,1887.8275,2468.6572,3443.3851
2008-10-28,1664.6122,1871.0800,2446.6902,3423.5989
2008-10-29,1643.8097,1853.8954,2424.1285,3403.5983
2008-10-30,1621.7040,1837.0615,2401.8253,3384.0140
2008-10-31,1597.0649,1819.7917,2380.0053,3363.7727
2008-11-03,1576.6516,1802.9046,2358.7995,3342.8432
2008-11-04,1556.4595,1788.7449,2337.4098,3321.8146
2008-11-05,1541.2469,1775.0748,2318.6219,3300.5727
2008-11-06,1525.7862,1757.2629,2300.3568,3278.7529
2008-11-07,1514.3840,1741.2530,2282.7523,3256.3211
2008-11-10,1507.1553,1727.7373,2267.4278,3234.1805
2008-11-11,1501.0880,1714.5682,2252.8728,3212.3813
2008-11-12,1497.8036,1703.8509,2239.7489,3191.9765
2008-11-13,1501.6152,1694.7603,2225.3913,3172.4636
2008-11-14,1508.7223,1687.0207,2213.6512,3153.1301
2008-11-17,1516.4281,1679.4128,2201.8070,3135.6458
2008-11-18,1519.0430,1671.2746,2189.4036,3119.6311
2008-11-19,1528.3482,1665.6870,2177.0758,3102.9974
2008-11-20,1536.0521,1660.8528,2163.4861,3086.1767
2008-11-21,1543.5653,1655.5046,2149.3634,3068.6126
2008-11-24,1552.9604,1650.3670,2136.1126,3052.4790
2008-11-25,1560.2464,1646.7173,2123.0047,3036.2299
2008-11-26,1569.4732,1643.0546,2110.5699,3020.4235
2008-11-27,1578.2913,1640.1314,2098.1461,3005.0747
2008-11-28,1586.9979,1637.7455,2084.7201,2989.4487
2008-12-01,1598.3398,1636.1959,2072.4371,2971.9967
2008-12-02,1612.1178,1635.7977,2059.1644,2954.8980
2008-12-03,1627.3548,1637.0470,2045.9367,2938.8933
2008-12-04,1645.5050,1639.0663,2032.0254,2922.5921
2008-12-05,1665.2922,1639.1038,2018.7887,2906.9766
2008-12-08,1683.6435,1638.5701,2006.1610,2891.1847
2008-12-09,1701.1032,1638.8852,1992.9225,2874.6287
2008-12-10,1719.5046,1639.3635,1981.1030,2859.1887
2008-12-11,1732.7453,1637.9758,1970.2403,2843.9121
2008-12-12,1739.0815,1634.8737,1959.4057,2829.4640
2008-12-15,1743.6390,1634.0969,1948.0323,2816.1636
2008-12-16,1754.2519,1634.3803,1935.9145,2802.8473
2008-12-17,1760.4385,1636.1560,1924.0547,2788.8596
2008-12-18,1768.6064,1639.1981,1913.1447,2775.0073
2008-12-19,1778.7300,1643.9747,1901.7411,2760.9370
2008-12-22,1791.4994,1648.4170,1890.7609,2746.2057
2008-12-23,1800.0328,1651.9478,1878.6530,2731.9773
2008-12-24,1807.1605,1655.7371,1866.4473,2717.7659
2008-12-25,1812.0818,1660.5993,1854.4540,2703.1089
2008-12-26,1817.3225,1664.8019,1843.1658,2688.6159
2008-12-29,1819.2857,1667.6407,1831.8006,2675.1054
2008-12-30,1819.6971,1670.2474,1821.2070,2661.6000
2008-12-31,1815.5080,1673.0026,1811.8703,2648.7816
2009-01-05,1812.3633,1676.1271,1802.9950,2636.6769
2009-01-06,1809.5730,1680.6431,1794.5909,2625.0685
2009-01-07,1802.8955,1686.8446,1787.3361,2614.0697
2009-01-08,1796.1765,1691.5109,1781.2955,2603.7151
2009-01-09,1789.1422,1697.4965,1775.6959,2592.8545
2009-01-12,1783.7992,1702.8139,1769.9377,2581.3052
2009-01-13,1779.0476,1707.6667,1763.7292,2569.3950
2009-01-14,1776.5167,1714.0430,1758.4738,2558.5726
2009-01-15,1773.2342,1721.0902,1754.9176,2547.5639
2009-01-16,1770.1757,1727.7275,1751.4011,2536.5017
2009-01-19,1766.0670,1735.3105,1746.2867,2526.2406
2009-01-20,1761.8430,1742.9583,1742.1056,2515.4141
2009-01-21,1757.2509,1748.4553,1738.0963,2505.1381
2009-01-22,1758.9833,1755.1059,1734.8371,2496.2632
2009-01-23,1761.9267,1761.3864,1732.6186,2488.0600
2009-02-02,1767.1704,1766.8214,1730.7908,2479.4236
2009-02-03,1775.8275,1771.6440,1729.3324,2469.8911
2009-02-04,1787.2820,1775.9823,1727.6975,2460.1266
2009-02-05,1798.4011,1781.9907,1726.6326,2451.2312
2009-02-06,1814.2941,1787.3810,1726.5340,2442.2157
2009-02-09,1832.3254,1794.6364,1727.7446,2433.5003
2009-02-10,1849.6990,1803.0965,1729.3006,2426.1365
2009-02-11,1868.0327,1812.8735,1731.6203,2418.3714
2009-02-12,1887.9323,1822.5853,1734.6513,2410.9635
2009-02-13,1909.3966,1833.4658,1738.2602,2404.4064
2009-02-16,1932.9695,1844.6851,1742.4082,2398.6611
2009-02-17,1956.0700,1855.2956,1746.5206,2392.8481
2009-02-18,1971.1123,1863.1519,1749.6739,2386.7110
2009-02-19,1987.5212,1871.2516,1753.5246,2379.8872
2009-02-20,2005.5628,1879.0107,1758.0288,2371.9023
2009-02-23,2026.2305,1887.6007,1763.3335,2364.1161
2009-02-24,2042.3036,1893.7629,1766.4334,2356.1374
2009-02-25,2057.3989,1897.9575,1768.2638,2347.6921
2009-02-26,2063.7704,1900.1728,1769.5290,2337.8861
2009-02-27,2067.1060,1900.4270,1769.8952,2327.0584
2009-03-02,2070.9081,1902.0865,1770.0312,2316.4004
2009-03-03,2071.2970,1904.5302,1769.7019,2306.4604
2009-03-04,2076.4478,1909.1058,1771.6014,2296.3885
2009-03-05,2082.4497,1913.2697,1773.8250,2286.2384
2009-03-06,2083.2833,1916.5189,1776.3374,2275.9316
2009-03-09,2076.9321,1917.9667,1778.5824,2265.3934
2009-03-10,2070.8574,1919.9475,1781.9611,2254.4978
2009-03-11,2063.8934,1921.8311,1785.1241,2243.7255
2009-03-12,2056.4333,1925.1455,1788.5466,2233.0403
2009-03-13,2045.4641,1928.7873,1792.2622,2222.1793
2009-03-16,2033.4541,1933.2340,1796.9167,2212.5240
2009-03-17,2028.0181,1939.5738,1802.1879,2202.8070
2009-03-18,2028.7296,1946.9295,1807.2851,2193.4700
2009-03-19,2030.8303,1955.7048,1812.9761,2184.8470
2009-03-20,2031.5433,1965.4248,1819.2137,2177.1661
2009-03-23,2032.2106,1975.5396,1825.8333,2169.7461
2009-03-24,2037.8539,1985.0753,1832.8592,2161.9986
2009-03-25,2042.4856,1993.7935,1840.3191,2154.4881
2009-03-26,2056.7368,2004.3970,1847.9540,2147.3221
2009-03-27,2076.0802,2015.2022,1856.3493,2140.2389
2009-03-30,2094.2778,2026.2780,1864.5459,2133.1856
2009-03-31,2116.3577,2039.4543,1873.5605,2126.7829
2009-04-01,2133.0679,2051.7263,1882.8846,2120.8421
2009-04-02,2150.0835,2064.0094,1892.5498,2114.9798
2009-04-03,2166.9499,2075.2286,1901.4780,2110.0500
2009-04-07,2187.1794,2086.4116,1910.8611,2105.6089
2009-04-08,2201.2957,2095.7286,1919.3435,2101.0479
2009-04-09,2217.9889,2106.1263,1927.2908,2097.3593
2009-04-10,2240.0673,2117.5791,1936.3425,2094.6077
2009-04-13,2264.7492,2129.9163,1945.6513,2092.7001
2009-04-14,2289.6239,2142.2154,1954.5184,2089.9549
2009-04-15,2311.4485,2153.8222,1962.7331,2088.1921
2009-04-16,2331.1560,2164.4791,1970.2307,2086.0189
2009-04-17,2347.0937,2175.1818,1978.5863,2083.9949
2009-04-20,2363.0852,2184.9413,1986.1611,2081.6185
2009-04-21,2374.4349,2192.3834,1993.5099,2078.4980
2009-04-22,2380.0297,2197.2076,2000.1521,2074.7577
2009-04-23,2389.4615,2202.3650,2007.6193,2071.8660
2009-04-24,2394.4849,2207.0180,2014.8017,2068.9032
2009-04-27,2394.7275,2209.3345,2021.4002,2065.9851
2009-04-28,2396.2373,2211.5851,2028.1351,2063.1406
2009-04-29,2397.8602,2216.1703,2035.7330,2060.2266
2009-04-30,2399.8098,2223.2053,2043.1786,2057.8079
2009-05-04,2404.7240,2230.8906,2051.0711,2055.1178
2009-05-05,2412.2470,2237.9022,2058.4564,2052.1966
2009-05-06,2421.1323,2244.3724,2065.9865,2049.0060
2009-05-07,2432.6707,2251.8754,2072.8192,2045.8039
2009-05-08,2441.5883,2259.8021,2078.8798,2042.5204
2009-05-11,2441.6831,2268.7441,2084.4585,2038.6905
2009-05-12,2442.3763,2280.0244,2090.2257,2035.6643
2009-05-13,2442.9942,2291.0499,2096.5682,2033.4042
2009-05-14,2443.3477,2302.6425,2103.5864,2031.4960
2009-05-15,2444.6947,2311.7779,2110.4418,2029.2371
2009-05-18,2446.7080,2320.8852,2117.0775,2026.4960
2009-05-19,2447.9051,2330.7900,2123.6544,2023.8546
2009-05-20,2450.2404,2341.7067,2129.8367,2021.4907
2009-05-21,2455.7379,2351.1597,2135.5536,2018.6474
2009-05-22,2459.6399,2360.6636,2141.2474,2016.0041
2009-05-25,2465.8029,2370.7658,2147.9557,2013.3044
2009-05-26,2473.9259,2380.7192,2154.7533,2010.6003
2009-05-27,2480.3957,2390.3617,2161.7979,2008.1259
2009-06-01,2487.1458,2399.8214,2169.6976,2006.4317
2009-06-02,2492.3259,2408.6438,2177.7867,2004.7937
2009-06-03,2495.2454,2416.6566,2186.1807,2003.6938
2009-06-04,2496.1778,2423.7560,2194.5904,2003.2303
2009-06-05,2494.4041,2429.2498,2202.3947,2002.6948
2009-06-08,2493.0549,2433.9558,2209.5155,2002.0532
2009-06-09,2493.6628,2440.2729,2217.0332,2002.1846
2009-06-10,2499.5004,2445.8496,2225.1233,2003.2094
2009-06-11,2501.7898,2450.3082,2232.7552,2004.2256
2009-06-12,2501.1015,2453.7793,2240.0286,2004.9832
2009-06-15,2500.7949,2456.4174,2247.9358,2005.8325
2009-06-16,2500.6363,2458.8052,2255.2658,2006.8698
2009-06-17,2502.6153,2461.8979,2262.9537,2008.9356
2009-06-18,2505.2119,2466.0948,2270.6617,2011.0314
2009-06-19,2508.7239,2470.3245,2278.3680,2012.3274
2009-06-22,2512.8621,2475.7863,2285.7575,2013.9315
2009-06-23,2516.6350,2480.1221,2293.1242,2015.6103
2009-06-24,2522.5690,2483.7665,2300.6728,2017.7549
2009-06-25,2528.7561,2486.3220,2308.1191,2020.3689
2009-06-26,2535.3214,2488.6407,2315.4281,2023.1094
2009-06-29,2540.5868,2491.4768,2322.6495,2025.9909
2009-06-30,2544.8672,2494.1283,2329.3037,2028.5006
2009-07-01,2550.8281,2498.1504,2336.6661,2031.6494
2009-07-02,2558.7314,2502.0144,2343.4779,2035.0059
2009-07-03,2569.4597,2507.2597,2349.8215,2038.7831
2009-07-06,2582.6587,2515.0074,2356.1075,2042.7040
2009-07-07,2593.2024,2521.7693,2362.0672,2046.8437
2009-07-08,2605.0018,2530.0563,2368.5372,2051.5942
2009-07-09,2619.8889,2540.3728,2374.8537,2056.5569
2009-07-10,2636.6961,2549.9628,2380.7740,2061.5911
2009-07-13,2653.2477,2558.5724,2387.3714,2066.9460
2009-07-14,2672.6810,2567.9537,2395.5795,2072.6267
2009-07-15,2690.6281,2576.2596,2403.5751,2078.5499
2009-07-16,2706.3413,2583.7325,2410.8174,2084.4231
2009-07-17,2722.6328,2590.9247,2417.6485,2090.4910
2009-07-20,2742.0662,2599.5445,2425.7100,2096.0717
2009-07-21,2759.8571,2607.4296,2433.6158,2100.9398
2009-07-22,2777.4030,2618.0545,2443.3993,2106.4642
2009-07-23,2796.2996,2627.8913,2453.9578,2111.9265
2009-07-24,2813.4959,2636.8414,2463.9456,2116.9884
2009-07-27,2831.2742,2646.6474,2474.6449,2122.1734
2009-07-28,2851.9238,2657.0200,2484.3989,2128.0001
2009-07-29,2860.3566,2663.6098,2492.2475,2133.0363
2009-07-30,2869.5519,2670.6732,2500.7316,2138.5345
2009-07-31,2880.8895,2679.5193,2510.6130,2144.5977
2009-08-03,2892.6534,2689.7736,2520.4667,2151.2139
2009-08-04,2908.3938,2701.2708,2530.9672,2158.0457
2009-08-05,2919.9869,2711.7299,2541.2479,2164.8973
2009-08-06,2927.7801,2721.9145,2551.3169,2171.7895
2009-08-07,2932.2217,2730.6933,2560.5275,2178.7221
2009-08-10,2936.5422,2738.3310,2569.0762,2185.6320
2009-08-11,2938.8647,2746.5692,2577.6065,2192.4458
2009-08-12,2933.3629,2751.5066,2584.0816,2198.5289
2009-08-13,2928.8745,2756.8112,2590.2836,2204.7487
2009-08-14,2920.0456,2761.1812,2595.2155,2210.5244
2009-08-17,2901.2728,2762.8317,2598.3937,2215.6265
2009-08-18,2885.3988,2764.1241,2602.1985,2221.2588
2009-08-19,2860.4831,2762.4476,2604.1486,2226.0513
2009-08-20,2839.4525,2762.9564,2606.6323,2231.4908
2009-08-21,2822.4172,2765.3676,2609.5735,2237.0597
2009-08-24,2804.7544,2768.2312,2612.3243,2242.9424
2009-08-25,2781.9550,2769.5474,2614.1763,2248.5305
2009-08-26,2772.5690,2771.5913,2616.7446,2254.6472
2009-08-27,2761.3797,2773.1403,2619.6175,2260.5478
2009-08-28,2742.2133,2772.9151,2621.6198,2266.2404
2009-08-31,2712.0955,2769.4669,2622.6266,2270.9850
2009-09-01,2678.6388,2766.0723,2623.0972,2275.1940
2009-09-02,2647.7090,2761.7859,2622.7762,2279.5594
2009-09-03,2624.9261,2760.3825,2623.3522,2284.5018
2009-09-04,2607.2484,2759.4641,2624.0524,2289.2854
2009-09-07,2589.9313,2758.0687,2624.7728,2293.7529
2009-09-08,2573.9277,2758.1934,2626.1609,2298.1958
2009-09-09,2567.0170,2757.9822,2628.0663,2303.3263
2009-09-10,2558.7014,2756.7992,2629.4068,2307.7840
2009-09-11,2555.9895,2755.7931,2631.5264,2312.5182
2009-09-14,2564.7161,2755.6546,2635.3310,2317.7415
2009-09-15,2573.2080,2756.1263,2638.9478,2323.2835
2009-09-16,2586.8257,2755.1772,2642.6168,2328.7092
2009-09-17,2598.1630,2754.2660,2647.3194,2334.3598
2009-09-18,2602.4578,2751.6723,2650.8176,2339.4763
2009-09-21,2605.1063,2748.9746,2653.7735,2344.7532
2009-09-22,2608.1175,2743.7221,2655.8379,2349.5083
2009-09-23,2603.8114,2736.8646,2656.5621,2353.8166
2009-09-24,2600.7998,2730.9237,2657.3281,2357.8923
2009-09-25,2599.9963,2723.8605,2657.3926,2361.6895
2009-09-28,2603.8412,2714.1769,2656.8607,2364.8399
2009-09-29,2609.3540,2705.8711,2656.6504,2367.7651
2009-09-30,2616.2884,2697.3401,2657.6973,2371.0779
2009-10-09,2624.4047,2691.6245,2659.7579,2374.9918
2009-10-12,2631.2456,2686.5639,2661.7026,2379.1354
2009-10-13,2639.5755,2681.3893,2664.0183,2383.8023
2009-10-14,2647.2966,2676.3425,2666.6813,2388.5616
2009-10-15,2653.8667,2675.3862,2669.4980,2393.2877
2009-10-16,2662.7951,2674.0965,2672.3848,2398.0196
2009-10-19,2674.5045,2673.2392,2676.3792,2403.1080
2009-10-20,2683.9673,2672.1802,2680.9769,2408.2653
2009-10-21,2692.6386,2669.8242,2685.5475,2413.3975
2009-10-22,2701.4289,2667.7540,2689.7420,2418.8488
2009-10-23,2710.9642,2667.5397,2694.7271,2424.7402
2009-10-26,2724.4444,2668.5614,2699.6273,2430.7126
2009-10-27,2733.1742,2667.6274,2702.9792,2436.3384
2009-10-28,2745.8584,2666.5195,2706.5444,2442.1655
2009-10-29,2757.8995,2666.6792,2709.0929,2447.6368
2009-10-30,2769.8534,2667.3153,2712.0632,2453.3268
2009-11-02,2789.2700,2671.5503,2716.3658,2459.3802
2009-11-03,2814.8630,2679.6130,2721.2223,2465.3689
2009-11-04,2839.5645,2687.5374,2725.8307,2471.4320
2009-11-05,2862.4273,2698.1178,2730.2827,2477.7030
2009-11-06,2878.7938,2707.3611,2735.1587,2483.9570
2009-11-09,2894.9075,2715.5600,2740.4638,2490.2462
2009-11-10,2910.0268,2723.4982,2745.8647,2496.9003
2009-11-11,2922.1274,2732.4115,2750.9795,2503.1226
2009-11-12,2933.3611,2739.7030,2755.6471,2509.3004
2009-11-13,2943.9786,2747.1361,2760.1382,2515.3999
2009-11-16,2955.3326,2758.4869,2765.7010,2522.0345
2009-11-17,2965.1998,2773.4219,2771.4444,2528.6009
2009-11-18,2974.9979,2788.3679,2777.2201,2535.1722
2009-11-19,2986.1407,2803.1267,2782.4563,2541.5645
2009-11-20,2993.8957,2815.1275,2787.7550,2547.9371
2009-11-23,3003.6185,2827.1095,2793.2868,2554.3574
2009-11-24,3013.2185,2836.9423,2797.5055,2560.0775
2009-11-25,3025.5492,2847.1681,2802.6808,2565.9922
2009-11-26,3036.3673,2854.4194,2806.2008,2571.4334
2009-11-27,3039.8678,2859.7818,2808.2905,2575.8842
2009-11-30,3043.6887,2866.6299,2811.2115,2580.5165
2009-12-01,3047.3078,2872.6497,2814.1522,2585.1298
2009-12-02,3053.5817,2879.6869,2817.9066,2589.9869
2009-12-03,3058.7417,2886.8842,2821.0307,2594.7839
2009-12-04,3064.4079,2893.8590,2824.0625,2599.4581
2009-12-07,3070.9809,2902.9692,2827.3208,2604.0474
2009-12-08,3074.6800,2911.3277,2830.1512,2608.7613
2009-12-09,3076.5725,2919.7935,2831.7578,2613.6686
2009-12-10,3079.2891,2929.8941,2833.3793,2618.4772
2009-12-11,3081.0867,2939.2508,2835.0873,2622.9523
2009-12-14,3077.6771,2949.5592,2836.7098,2627.1792
2009-12-15,3072.8481,2961.0247,2837.6008,2631.6554
2009-12-16,3067.7717,2971.7350,2838.8030,2636.2094
2009-12-17,3059.0005,2980.2115,2838.7758,2641.0876
2009-12-18,3044.7814,2983.2782,2837.4514,2645.7046
2009-12-21,3029.8843,2986.5650,2836.5645,2650.2550
2009-12-22,3014.8023,2987.0330,2834.2111,2654.4280
2009-12-23,2997.0725,2987.0785,2831.7105,2658.0547
2009-12-24,2990.0437,2988.8902,2832.1382,2662.1928
2009-12-25,2988.3873,2990.0187,2832.0576,2666.3946
2009-12-28,2983.2351,2990.1222,2831.6807,2671.1468
2009-12-29,2977.0327,2989.8759,2831.0280,2675.7474
2009-12-30,2969.9184,2990.5988,2830.2115,2680.5894
2009-12-31,2964.0605,2991.9368,2829.8454,2685.5466
2010-01-04,2954.0341,2991.0870,2829.3133,2690.3151
2010-01-05,2943.1161,2990.4379,2829.4997,2695.0136
2010-01-06,2933.1526,2991.3191,2829.4733,2699.2747
2010-01-07,2923.7254,2990.9403,2828.7299,2703.1682
2010-01-08,2913.9603,2992.3184,2829.4988,2706.7902
2010-01-11,2903.7058,2992.7918,2830.0535,2710.1686
2010-01-12,2894.4648,2991.6371,2831.5937,2713.4046
2010-01-13,2881.1991,2987.5591,2833.5861,2715.9899
2010-01-14,2871.0213,2984.3177,2835.9275,2719.0630
2010-01-15,2865.1816,2981.3132,2839.7155,2721.9320
2010-01-18,2865.0402,2977.7767,2842.5689,2724.6006
2010-01-19,2864.4275,2974.3730,2844.9665,2727.2700
2010-01-20,2864.1185,2968.6697,2846.0840,2729.2041
2010-01-21,2862.5369,2963.2423,2847.8269,2731.0016
2010-01-22,2852.9714,2956.7343,2848.2187,2732.4816
2010-01-25,2842.8882,2949.5825,2848.3593,2733.9884
2010-01-26,2825.4996,2938.1890,2848.3379,2734.9789
2010-01-27,2806.4121,2926.3608,2849.8913,2736.2590
2010-01-28,2786.3516,2915.1402,2851.7540,2737.4256
2010-01-29,2765.4089,2903.6441,2853.3854,2738.0808
2010-02-01,2744.4728,2891.3179,2853.2227,2738.2875
2010-02-02,2723.4523,2878.3714,2852.7405,2738.3964
2010-02-03,2707.5263,2869.0422,2852.9923,2738.8825
2010-02-04,2693.1517,2857.9814,2852.5747,2739.3678
2010-02-05,2675.1002,2847.8116,2851.1155,2739.5909
2010-02-08,2658.1066,2840.0873,2849.9346,2739.6707
2010-02-09,2639.8684,2830.1090,2848.3695,2739.9480
2010-02-10,2629.3022,2820.3569,2846.5033,2740.9172
2010-02-11,2617.1702,2809.7531,2844.7200,2741.8339
2010-02-12,2605.3097,2799.9404,2843.4123,2743.0145
2010-02-22,2592.6812,2789.0860,2841.4725,2744.3960
2010-02-23,2578.3799,2777.3326,2840.1509,2745.4843
2010-02-24,2570.6591,2767.0613,2839.1945,2746.4840
2010-02-25,2565.5014,2758.8138,2839.3037,2747.5708
2010-02-26,2562.8782,2750.1700,2840.0320,2748.2971
2010-03-01,2563.1273,2742.3988,2840.8248,2749.0765
2010-03-02,2567.3092,2734.0418,2841.8005,2749.5965
2010-03-03,2573.5314,2726.6341,2843.8294,2750.3451
2010-03-04,2575.2343,2718.1253,2844.9301,2750.7902
2010-03-05,2578.0171,2711.2507,2845.7311,2751.7142
2010-03-08,2584.9157,2707.3716,2845.3249,2752.5414
2010-03-09,2593.3549,2703.7597,2845.1623,2753.4325
2010-03-10,2595.7439,2701.4188,2844.2259,2754.1221
2010-03-11,2598.1458,2698.4107,2842.7446,2754.7129
2010-03-12,2601.9534,2692.5754,2840.7328,2755.1154
2010-03-15,2604.2337,2686.4259,2838.2223,2755.3036
2010-03-16,2607.4553,2679.7971,2834.9596,2755.6694
2010-03-17,2611.6608,2674.2081,2832.0420,2756.5094
2010-03-18,2615.4735,2667.9751,2829.2869,2757.4172
2010-03-19,2619.2264,2662.0068,2826.9718,2758.3569
2010-03-22,2623.9909,2657.0688,2824.0779,2759.4025
2010-03-23,2629.3418,2651.8229,2821.1304,2760.3789
2010-03-24,2633.3349,2647.1342,2819.2267,2761.1029
2010-03-25,2632.8872,2642.4785,2816.7094,2761.6269
2010-03-26,2634.3022,2638.3067,2815.3126,2762.2027
2010-03-29,2637.1621,2635.7813,2814.2865,2763.1749
2010-03-30,2641.7758,2632.9662,2812.3017,2764.3337
2010-03-31,2644.3268,2631.8852,2809.7222,2765.4722
2010-04-01,2652.7579,2630.8199,2807.5688,2766.6998
2010-04-02,2661.5069,2629.7808,2805.5470,2767.9148
2010-04-06,2668.4974,2628.7545,2803.2656,2769.2122
2010-04-07,2673.7991,2627.5083,2800.9407,2770.7022
2010-04-08,2679.0100,2627.3754,2798.0226,2771.9436
2010-04-09,2686.7482,2628.0952,2795.6687,2773.3241
2010-04-12,2696.0469,2629.8056,2793.2700,2774.4586
2010-04-13,2707.5023,2632.2715,2790.9270,2775.5326
2010-04-14,2719.6622,2637.4621,2787.8256,2776.7633
2010-04-15,2728.7361,2643.1377,2784.7493,2778.0968
2010-04-16,2736.5950,2648.0725,2781.6063,2779.4132
2010-04-19,2736.6094,2650.4869,2777.0655,2779.7609
2010-04-20,2736.9010,2654.0400,2772.6789,2780.2170
2010-04-21,2741.4352,2659.0160,2768.6937,2780.9903
2010-04-22,2744.9227,2662.0928,2765.5675,2781.5365
2010-04-23,2749.9654,2665.2040,2761.5927,2782.1367
2010-04-26,2753.5529,2669.6878,2758.7497,2782.4752
2010-04-27,2752.1968,2673.4174,2756.7524,2782.5214
2010-04-28,2749.5688,2676.8464,2753.4777,2782.3446
2010-04-29,2744.7520,2678.0651,2749.2110,2781.6816
2010-04-30,2736.7200,2678.6398,2744.1964,2781.0515
2010-05-04,2727.3856,2678.6112,2739.2758,2780.1532
2010-05-05,2718.8108,2679.2063,2734.1462,2779.1044
2010-05-06,2704.4085,2677.9198,2727.6262,2777.4735
2010-05-07,2688.3673,2674.4587,2720.7600,2775.4556
2010-05-10,2670.3736,2670.0441,2714.4290,2773.0934
2010-05-11,2650.6541,2664.9160,2707.5430,2770.4612
2010-05-12,2629.6425,2658.8776,2700.6382,2767.8627
2010-05-13,2611.1010,2654.9789,2694.5103,2765.6101
2010-05-14,2592.2161,2650.6116,2688.6229,2763.1118
2010-05-17,2567.8433,2645.1161,2681.6207,2760.2118
2010-05-18,2552.3625,2640.2251,2675.7379,2757.2568
2010-05-19,2536.6463,2634.7323,2671.0519,2754.2516
2010-05-20,2515.7637,2627.9795,2665.8696,2751.2170
2010-05-21,2497.3840,2622.7489,2662.0839,2748.1475
2010-05-24,2484.6728,2619.8148,2659.1127,2745.4116
2010-05-25,2469.8004,2616.8266,2654.7010,2743.4196
2010-05-26,2456.3373,2614.2588,2650.3424,2741.2000
2010-05-27,2445.7209,2612.1526,2645.9749,2738.8278
2010-05-28,2439.0265,2609.0114,2641.6098,2736.3189
2010-05-31,2430.3025,2604.5714,2636.2733,2733.2424
2010-06-01,2420.3074,2599.0436,2630.5252,2730.1853
2010-06-02,2410.8069,2593.9327,2625.5007,2727.4070
2010-06-03,2406.3905,2588.7393,2620.2811,2724.8904
2010-06-04,2405.3266,2583.2554,2615.1948,2722.3340
2010-06-07,2401.9963,2577.6878,2610.0831,2719.4065
2010-06-08,2401.8520,2571.9359,2605.1213,2717.3101
2010-06-09,2405.4659,2566.1991,2600.9902,2715.5219
2010-06-10,2403.7609,2559.7729,2596.3696,2713.9816
2010-06-11,2402.8913,2554.0374,2592.9613,2713.2737
2010-06-17,2406.9588,2546.7964,2588.8082,2712.3678
2010-06-18,2405.5208,2537.8307,2583.8058,2711.7606
2010-06-21,2406.8714,2530.0818,2579.4182,2710.9935
2010-06-22,2409.8028,2522.3810,2574.9447,2709.9556
2010-06-23,2409.8115,2515.0695,2571.2224,2708.6532
2010-06-24,2404.1771,2506.7863,2567.4408,2707.6338
2010-06-25,2399.5171,2498.2147,2564.0102,2706.1144
2010-06-28,2393.9097,2488.8218,2560.5466,2704.4530
2010-06-29,2380.7594,2476.5915,2557.0268,2702.6824
2010-06-30,2366.2991,2464.0366,2553.5872,2701.7393
2010-07-01,2353.2666,2451.2401,2549.6563,2700.7052
2010-07-02,2340.5479,2440.6190,2545.5530,2699.4692
2010-07-05,2325.2377,2429.2674,2541.6537,2697.4382
2010-07-06,2313.6759,2417.6355,2538.3258,2695.5331
2010-07-07,2303.4588,2406.6698,2534.3813,2693.6868
2010-07-08,2295.8859,2396.0560,2530.6300,2691.6024
2010-07-09,2291.3840,2387.0683,2528.3781,2689.7468
2010-07-12,2284.9454,2379.2985,2526.3580,2688.1463
2010-07-13,2278.2176,2371.2324,2524.0394,2686.2044
2010-07-14,2271.5909,2364.7729,2521.4190,2683.9612
2010-07-15,2264.7867,2358.0231,2518.3315,2681.5257
2010-07-16,2262.4673,2351.8633,2515.2373,2679.3248
2010-07-19,2260.5243,2346.7672,2512.9868,2677.2297
2010-07-20,2261.5207,2345.2259,2511.5728,2675.8619
2010-07-21,2263.5662,2345.1491,2509.8039,2674.4992
2010-07-22,2267.6211,2345.6853,2507.8647,2673.5842
2010-07-23,2273.1965,2347.2317,2506.0738,2673.0529
2010-07-26,2281.8261,2349.6952,2504.2864,2672.5556
2010-07-27,2294.8473,2350.0900,2502.5344,2672.1675
2010-07-28,2311.6557,2351.8125,2501.2120,2672.5207
2010-07-29,2330.6773,2356.3736,2500.7448,2672.8375
2010-07-30,2350.2780,2359.7852,2500.0052,2672.8681
2010-08-02,2374.0845,2364.2427,2499.4875,2672.4062
2010-08-03,2393.3033,2368.6514,2498.3154,2671.7389
2010-08-04,2412.4766,2372.7068,2497.7279,2670.9769
2010-08-05,2431.4977,2374.7859,2497.3004,2670.0225
2010-08-06,2448.0098,2378.3521,2497.5894,2669.1611
2010-08-09,2465.0948,2382.8015,2498.5302,2668.3762
2010-08-10,2479.5396,2384.7599,2498.4563,2666.7079
2010-08-11,2494.5949,2387.0003,2498.0058,2665.0239
2010-08-12,2509.8939,2389.8597,2497.2155,2663.2512
2010-08-13,2526.0132,2394.1456,2496.5946,2661.7832
2010-08-16,2541.8255,2399.1747,2496.5537,2660.3158
2010-08-17,2555.7678,2404.9768,2496.8580,2658.9942
2010-08-18,2569.9531,2410.9996,2497.1275,2658.1771
2010-08-19,2583.2698,2418.1947,2497.9412,2657.3253
2010-08-20,2592.4291,2423.4625,2497.6992,2656.5059
2010-08-23,2600.1659,2427.5752,2496.8872,2655.5869
2010-08-24,2609.8647,2432.5315,2496.1522,2654.2269
2010-08-25,2614.0473,2436.2749,2495.1561,2652.4391
2010-08-26,2618.1705,2440.8583,2493.8274,2650.6981
2010-08-27,2624.0032,2447.1782,2492.5044,2649.0257
2010-08-30,2630.5110,2453.6985,2491.8902,2647.5779
2010-08-31,2638.8370,2460.2651,2491.3230,2646.1318
2010-09-01,2644.6536,2466.6437,2490.8566,2644.4396
2010-09-02,2653.4109,2474.4794,2490.6329,2643.1508
2010-09-03,2661.1367,2482.9999,2490.6073,2641.9386
2010-09-06,2668.4305,2492.6098,2490.7158,2640.8214
2010-09-07,2680.4241,2504.6258,2490.6086,2639.2171
2010-09-08,2692.9837,2517.6741,2490.8553,2637.8023
2010-09-09,2704.4155,2530.3192,2490.7796,2636.1930
2010-09-10,2715.6064,2544.1690,2492.3940,2634.7298
2010-09-13,2725.2873,2559.1945,2494.2310,2633.4550
2010-09-14,2734.4933,2573.3038,2495.4697,2632.0817
2010-09-15,2740.1391,2585.6718,2496.1708,2630.8691
2010-09-16,2742.1170,2596.6871,2496.3716,2628.9821
2010-09-17,2749.1692,2606.5766,2496.8225,2627.7861
2010-09-20,2755.2321,2615.6899,2497.4942,2627.1233
2010-09-21,2760.8872,2625.5994,2498.4159,2625.9468
2010-09-27,2773.0188,2636.8460,2500.8095,2625.0102
2010-09-28,2785.4632,2649.1289,2503.5760,2623.8862
2010-09-29,2795.5084,2660.3946,2506.1290,2622.7024
2010-09-30,2803.8246,2671.0187,2508.8929,2621.5196
2010-10-08,2816.9755,2682.4470,2513.8364,2620.7313
2010-10-11,2829.6599,2693.0811,2519.1151,2619.9375
2010-10-12,2839.6569,2703.2938,2524.4895,2619.4593
2010-10-13,2848.6134,2713.1667,2530.1992,2618.8711
2010-10-14,2852.7771,2720.9902,2535.3427,2617.9905
2010-10-15,2858.6582,2730.1502,2540.1201,2617.3152
2010-10-18,2861.7437,2737.7093,2544.7609,2616.6919
2010-10-19,2872.0976,2746.8873,2551.6305,2616.6256
2010-10-20,2883.7633,2757.5631,2558.6742,2617.2060
2010-10-21,2895.0551,2767.5827,2565.9127,2618.4823
2010-10-22,2906.9480,2778.7617,2573.7065,2619.7881
2010-10-25,2925.8418,2791.0178,2581.8623,2621.9731
2010-10-26,2948.1666,2803.3547,2589.0703,2624.0915
2010-10-27,2965.8744,2813.7225,2596.0373,2625.3692
2010-10-28,2984.0917,2823.2887,2603.0451,2626.6937
2010-10-29,3002.6702,2834.8516,2609.8058,2627.8903
2010-11-01,3021.6612,2847.6726,2617.3364,2629.4731
2010-11-02,3037.7177,2860.2585,2625.0591,2630.6662
2010-11-03,3052.3523,2870.9303,2632.5380,2631.5316
2010-11-04,3069.3648,2882.0344,2640.6045,2633.0526
2010-11-05,3082.5226,2893.1489,2649.0628,2634.6719
2010-11-08,3098.8958,2904.6582,2657.8289,2636.5119
2010-11-09,3116.8707,2916.7341,2667.4644,2638.7738
2010-11-10,3137.3707,2931.1433,2677.3029,2641.2121
2010-11-11,3159.0687,2944.5513,2686.0633,2643.5267
2010-11-12,3168.0032,2953.4056,2692.9685,2644.6690
2010-11-15,3183.5562,2965.5128,2700.8939,2646.9276
2010-11-16,3189.4009,2975.3795,2708.1189,2648.4635
2010-11-17,3184.8149,2981.8878,2714.5330,2649.1694
2010-11-18,3181.0952,2987.8164,2720.7575,2650.0878
2010-11-19,3179.4217,2994.9955,2727.6303,2651.2875
2010-11-22,3175.1345,3003.2102,2734.9270,2653.0747
2010-11-23,3168.3731,3009.3396,2741.9095,2654.6751
2010-11-24,3169.8093,3017.1915,2750.0957,2657.0529
2010-11-25,3172.9114,3025.0811,2758.8455,2659.6960
2010-11-26,3174.4376,3032.4571,2768.5414,2662.7841
2010-11-29,3173.6355,3039.9333,2778.8037,2666.1954
2010-11-30,3171.4742,3047.0820,2788.7006,2669.1784
2010-12-01,3170.5588,3052.9113,2798.5402,2672.0466
2010-12-02,3165.6102,3058.1635,2808.6790,2675.1664
2010-12-03,3158.2426,3062.6486,2817.9762,2678.1510
2010-12-06,3147.9932,3067.7999,2826.7358,2680.5586
2010-12-07,3138.1787,3075.1588,2835.9230,2683.2765
2010-12-08,3125.9248,3081.8456,2844.2111,2686.2946
2010-12-09,3112.0947,3087.2964,2851.4932,2688.9256
2010-12-10,3109.8272,3092.9815,2859.2904,2691.6649
2010-12-13,3106.0345,3098.7191,2867.7826,2694.6008
2010-12-14,3108.0481,3104.4135,2876.7712,2697.5513
2010-12-15,3116.5433,3110.3018,2885.3482,2700.2927
2010-12-16,3122.9159,3115.4529,2893.2358,2703.1113
2010-12-17,3125.6600,3118.4694,2900.4582,2706.0155
2010-12-20,3123.6150,3120.7923,2906.9367,2708.3703
2010-12-21,3124.1598,3123.1408,2913.2173,2710.5410
2010-12-22,3118.7760,3125.2565,2919.2116,2712.6427
2010-12-23,3110.3799,3128.1222,2924.5562,2714.4213
2010-12-24,3100.1311,3129.0462,2929.5982,2716.0663
2010-12-27,3084.0822,3128.8687,2933.2890,2717.2505
2010-12-28,3069.3457,3125.9812,2936.4343,2718.5896
2010-12-29,3058.6979,3122.8851,2940.2241,2720.1147
2010-12-30,3049.0317,3119.7542,2943.6685,2721.5780
2010-12-31,3043.5506,3117.2896,2948.0256,2723.1705
2011-01-04,3040.4774,3113.6541,2952.3360,2725.0319
2011-01-05,3032.9015,3109.0528,2956.2037,2726.7520
2011-01-06,3025.4268,3105.6665,2959.6945,2728.6419
2011-01-07,3021.2248,3102.1496,2962.7192,2730.6247
2011-01-10,3012.0987,3096.7529,2965.8023,2732.1293
2011-01-11,2998.1746,3089.3245,2968.4985,2733.2522
2011-01-12,2984.2516,3083.0270,2971.6427,2734.4291
2011-01-13,2972.4529,3078.3420,2974.6361,2735.6154
2011-01-14,2959.1302,3071.3591,2976.6967,2736.6252
2011-01-17,2939.9873,3061.4552,2977.3021,2737.0800
2011-01-18,2925.3082,3051.3573,2978.0077,2737.5676
2011-01-19,2912.8738,3041.5420,2979.1381,2738.5397
2011-01-20,2896.0738,3028.7378,2979.9405,2738.8199
2011-01-21,2880.4440,3016.6723,2980.6118,2738.7495
2011-01-24,2864.0632,3007.4702,2980.4379,2738.2950
2011-01-25,2850.7617,2995.7509,2980.6319,2737.8940
2011-01-26,2841.8742,2986.9705,2981.1750,2737.5012
2011-01-27,2832.7382,2982.0545,2981.9711,2737.2378
2011-01-28,2824.6952,2977.1942,2982.5053,2737.1978
2011-01-31,2815.1613,2971.5855,2983.2905,2737.3068
2011-02-01,2804.8737,2965.5498,2984.3800,2737.6183
2011-02-09,2794.6650,2959.5695,2984.4545,2737.5437
2011-02-10,2789.3490,2953.4824,2985.3369,2737.9721
2011-02-11,2786.2726,2947.4941,2986.2876,2738.5017
2011-02-14,2790.4192,2943.1455,2987.8013,2739.2050
2011-02-15,2796.0041,2938.2719,2989.1026,2739.9790
2011-02-16,2802.9154,2935.6035,2991.3427,2741.0612
2011-02-17,2808.0976,2933.3575,2993.1344,2742.7642
2011-02-18,2813.4225,2930.4840,2994.3238,2744.2774
2011-02-21,2827.1985,2929.0376,2995.8431,2745.6564
2011-02-22,2835.5071,2926.3628,2997.0813,2746.6261
2011-02-23,2842.1019,2923.1113,2999.1350,2747.7533
2011-02-24,2854.6686,2920.2353,3001.0404,2748.9315
2011-02-25,2867.4835,2918.8278,3003.0621,2750.2782
2011-02-28,2885.4227,2917.7084,3005.3450,2751.8804
2011-03-01,2904.7487,2915.2366,3006.9779,2753.8937
2011-03-02,2921.1948,2912.2292,3008.3213,2755.9487
2011-03-03,2932.8373,2908.5721,3009.4369,2757.7830
2011-03-04,2943.6668,2905.4946,3010.4738,2759.6834
2011-03-07,2955.0936,2903.3589,3010.9141,2762.3753
2011-03-08,2966.9294,2902.8755,3011.8339,2765.4745
2011-03-09,2980.1931,2901.9828,3012.5618,2768.5257
2011-03-10,2987.8643,2901.1177,3013.1871,2771.6931
2011-03-11,2992.8488,2900.4817,3014.3019,2774.8223
2011-03-14,2995.8149,2901.4190,3015.2326,2777.6764
2011-03-15,2995.3767,2902.7897,3015.8292,2780.2950
2011-03-16,2994.3077,2905.5883,3015.7847,2783.7076
2011-03-17,2990.8833,2906.2317,3014.5584,2786.6163
2011-03-18,2989.3551,2906.6133,3013.1838,2789.5483
2011-03-21,2984.7745,2905.5272,3011.4084,2792.5575
2011-03-22,2984.9904,2904.1680,3008.9110,2795.3867
2011-03-23,2986.6848,2904.6246,3006.8387,2797.9545
2011-03-24,2987.4441,2905.0422,3005.3544,2800.6958
2011-03-25,2989.9139,2906.3035,3004.2265,2803.6358
2011-03-28,2989.3042,2908.5906,3002.6718,2806.2388
2011-03-29,2984.2528,2909.6678,2999.4962,2808.4163
2011-03-30,2981.1105,2910.9728,2996.9999,2811.0295
2011-03-31,2979.3503,2911.3311,2994.8365,2813.6872
2011-04-01,2977.3804,2912.7947,2992.0769,2816.3407
2011-04-06,2973.5429,2916.7811,2989.1182,2819.0905
2011-04-07,2970.4130,2920.9175,2986.1374,2821.9831
2011-04-08,2970.1482,2924.8926,2983.2173,2825.3409
2011-04-11,2970.3390,2930.8238,2979.7808,2828.5418
2011-04-12,2970.3032,2936.4254,2976.5488,2831.3061
2011-04-13,2969.7594,2943.6975,2975.5839,2834.2762
2011-04-14,2970.4933,2950.6824,2973.2166,2837.0552
2011-04-15,2969.0955,2956.4768,2971.7237,2839.9213
2011-04-18,2969.0796,2960.7682,2971.4113,2842.9722
2011-04-19,2966.0434,2963.1526,2970.1734,2845.4654
2011-04-20,2964.6357,2965.3169,2968.4512,2848.0408
2011-04-21,2964.8465,2968.1571,2966.8534,2850.8902
2011-04-22,2962.8590,2971.9022,2965.7359,2853.8227
2011-04-25,2958.0330,2972.5158,2962.9991,2856.5474
2011-04-26,2950.3896,2971.9502,2959.7222,2859.2838
2011-04-27,2942.4131,2969.3882,2956.2669,2862.4041
2011-04-28,2933.9859,2964.8606,2951.5662,2865.1850
2011-04-29,2927.4130,2960.7719,2948.1877,2868.4441
2011-05-03,2922.8277,2957.2231,2945.2903,2871.9152
2011-05-04,2913.4038,2952.7872,2941.6356,2875.1573
2011-05-05,2903.2117,2947.1864,2938.1120,2878.0441
2011-05-06,2892.3082,2943.6379,2935.0004,2880.8681
2011-05-09,2880.3908,2940.2081,2931.6597,2883.7913
2011-05-10,2869.4768,2936.7471,2928.4912,2886.3511
2011-05-11,2859.7858,2933.3463,2926.0870,2888.7901
2011-05-12,2846.4991,2928.1281,2922.9183,2891.1044
2011-05-13,2835.3216,2922.9116,2919.0741,2893.4283
2011-05-16,2823.1140,2917.2445,2914.7368,2895.7540
2011-05-17,2812.7693,2912.7410,2910.6565,2898.0024
2011-05-18,2805.9271,2908.0567,2906.7757,2900.0057
2011-05-19,2797.6161,2902.3259,2902.8424,2901.6503
2011-05-20,2787.1047,2896.2272,2899.5514,2903.2440
2011-05-23,2771.8689,2888.5725,2895.2777,2904.2475
2011-05-24,2760.8762,2881.7206,2891.4191,2905.3154
2011-05-25,2750.1522,2874.8716,2887.6766,2906.1164
2011-05-26,2739.6063,2866.9048,2884.1619,2906.8800
2011-05-27,2731.7200,2859.3979,2881.0938,2907.1914
2011-05-30,2719.5528,2850.8699,2878.2291,2907.3317
2011-05-31,2710.0026,2844.8708,2875.5512,2907.8877
2011-06-01,2704.9217,2839.0138,2872.8136,2908.2410
2011-06-02,2699.2962,2832.9951,2869.2611,2908.6434
2011-06-03,2694.8066,2827.5644,2865.8662,2909.1011
2011-06-07,2690.0155,2821.5404,2863.0825,2909.6431
2011-06-08,2685.0373,2815.7844,2860.4133,2910.0539
2011-06-09,2677.0968,2808.2194,2857.2614,2909.9903
2011-06-10,2671.9982,2801.2057,2854.8982,2910.3502
2011-06-13,2665.8689,2795.5580,2852.6129,2910.5557
2011-06-14,2664.0352,2790.4143,2850.6936,2911.1681
2011-06-15,2660.2040,2785.0825,2848.2068,2911.4215
2011-06-16,2652.9585,2778.2880,2845.5413,2911.1190
2011-06-17,2643.7732,2770.4180,2843.5996,2910.4508
2011-06-20,2633.8105,2761.5862,2841.2518,2909.6298
2011-06-21,2630.5626,2752.7383,2838.8154,2908.9768
2011-06-22,2626.5759,2744.2153,2837.5196,2908.7301
2011-06-23,2627.3924,2737.7073,2837.0663,2908.8391
2011-06-24,2632.3306,2731.9333,2837.8154,2909.1266
2011-06-27,2639.4318,2726.9733,2838.8278,2909.7299
2011-06-28,2649.1284,2722.8831,2839.6799,2910.4275
2011-06-29,2653.5428,2718.6561,2839.7121,2910.8416
2011-06-30,2658.8601,2716.1405,2839.6465,2911.0759
2011-07-01,2665.6217,2713.3895,2839.3532,2911.3219
2011-07-04,2674.3134,2711.3512,2839.7541,2912.0671
2011-07-05,2682.7982,2709.5161,2840.7091,2912.5818
2011-07-06,2691.4619,2709.1559,2840.8359,2913.0864
2011-07-07,2702.1060,2708.9060,2840.4281,2913.3578
2011-07-08,2712.4309,2709.2128,2839.3005,2913.5509
2011-07-11,2724.7844,2711.8774,2838.3690,2913.7358
2011-07-12,2732.6186,2712.4966,2836.6342,2913.9885
2011-07-13,2744.5862,2713.7859,2835.5045,2914.3194
2011-07-14,2759.7137,2716.8120,2834.7996,2914.5617
2011-07-15,2778.4980,2720.5326,2833.8595,2914.8513
2011-07-18,2797.6522,2723.7237,2833.6808,2915.3811
2011-07-19,2812.8601,2725.7261,2832.9671,2916.0511
2011-07-20,2827.4244,2727.3944,2832.0707,2916.5556
2011-07-21,2837.0446,2728.6108,2830.9786,2917.0203
2011-07-22,2844.5728,2731.1627,2829.6454,2917.4952
2011-07-25,2847.0952,2731.6827,2827.2971,2917.1375
2011-07-26,2848.4025,2732.9984,2825.1215,2916.7214
2011-07-27,2853.0524,2734.7693,2823.7552,2916.5960
2011-07-28,2855.3026,2735.8907,2821.9737,2916.2237
2011-07-29,2855.5246,2736.5529,2819.4394,2915.1768
2011-08-01,2852.4371,2737.4842,2816.8557,2914.3448
2011-08-02,2847.8232,2739.8978,2814.2352,2913.3985
2011-08-03,2842.9301,2741.9775,2811.8490,2912.5181
2011-08-04,2839.9587,2744.8285,2809.8501,2912.0760
2011-08-05,2834.7829,2747.2834,2807.0941,2911.1634
2011-08-08,2823.1809,2748.4618,2803.9298,2909.8795
2011-08-09,2813.8750,2750.2254,2800.5477,2908.1662
2011-08-10,2803.3880,2751.1400,2798.0054,2906.2819
2011-08-11,2793.9986,2752.4428,2795.7283,2904.4560
2011-08-12,2784.5407,2754.6304,2793.8127,2902.6106
2011-08-15,2778.0480,2757.0203,2792.2924,2900.6017
2011-08-16,2772.1017,2758.5605,2790.0505,2898.4446
2011-08-17,2765.4089,2759.5430,2787.6637,2896.5090
2011-08-18,2757.2711,2760.6806,2784.4500,2894.3383
2011-08-19,2746.8184,2761.0908,2781.1482,2891.9100
2011-08-22,2738.4747,2760.7250,2778.1415,2888.8188
2011-08-23,2731.7391,2760.0800,2775.2472,2886.1235
2011-08-24,2723.3748,2760.0377,2772.5601,2883.6983
2011-08-25,2718.7640,2762.2129,2770.2504,2881.1636
2011-08-26,2715.8977,2765.4027,2767.9104,2878.5143
2011-08-29,2711.2476,2768.4590,2765.0226,2875.5800
2011-08-30,2706.1924,2770.1497,2761.4440,2872.3306
2011-08-31,2700.9498,2771.7271,2757.9712,2868.8760
2011-09-01,2693.6283,2771.3229,2754.5151,2865.5320
2011-09-02,2687.3140,2769.2768,2750.6050,2863.0944
2011-09-05,2681.9729,2765.4782,2746.2257,2859.7212
2011-09-06,2674.1916,2760.2507,2741.5669,2856.6453
2011-09-07,2667.7469,2756.8216,2737.7389,2854.5751
2011-09-08,2658.1574,2752.1617,2734.1511,2852.1622
2011-09-09,2646.6808,2747.0540,2730.2218,2849.3365
2011-09-13,2630.5786,2739.5264,2725.4388,2846.1461
2011-09-14,2615.8181,2731.7685,2720.6423,2843.1891
2011-09-15,2602.2183,2723.8456,2716.5007,2839.7499
2011-09-16,2591.4819,2716.4309,2712.6685,2836.1953
2011-09-19,2579.6877,2707.9935,2708.6032,2832.4350
2011-09-20,2570.8873,2699.1662,2705.5218,2828.5440
2011-09-21,2564.6766,2692.9032,2702.6999,2825.4438
2011-09-22,2554.4941,2684.0008,2698.8933,2822.0918
2011-09-23,2540.0503,2674.3475,2695.5797,2818.6077
2011-09-26,2523.2568,2663.3063,2691.9194,2815.0157
2011-09-27,2509.0998,2653.0380,2688.3809,2811.6906
2011-09-28,2495.0295,2643.0174,2684.3717,2808.0157
2011-09-29,2479.0279,2632.3685,2679.8814,2804.1863
2011-09-30,2463.9374,2622.0800,2675.3454,2800.7162
2011-10-10,2448.3413,2610.7842,2670.9734,2796.9459
2011-10-11,2434.5121,2600.4450,2666.0639,2792.5690
2011-10-12,2426.3784,2591.4411,2662.2198,2788.4783
2011-10-13,2416.7130,2582.2859,2658.5276,2784.5921
2011-10-14,2407.5800,2573.0726,2654.4817,2780.6287
2011-10-17,2400.4455,2565.0224,2650.7876,2776.8150
2011-10-18,2391.7693,2555.2593,2646.3717,2772.9615
2011-10-19,2381.7745,2545.3491,2642.6234,2768.9506
2011-10-20,2367.7400,2533.7695,2637.8735,2764.6463
2011-10-21,2352.1616,2521.3121,2633.0703,2760.3735
2011-10-24,2341.8846,2510.8342,2629.0588,2756.6104
2011-10-25,2334.0352,2503.5079,2625.9848,2753.5393
2011-10-26,2323.3704,2496.7013,2623.4634,2750.8462
2011-10-27,2316.6890,2489.3212,2620.2306,2747.8909
2011-10-28,2314.1802,2482.4201,2617.4314,2745.1225
2011-10-31,2313.4421,2474.8668,2614.7486,2742.0049
2011-11-01,2311.0415,2466.2354,2611.6279,2738.7470
2011-11-02,2310.5507,2458.3970,2608.4788,2735.7806
2011-11-03,2312.7488,2451.3044,2605.4237,2732.9185
2011-11-04,2316.0548,2445.5935,2603.1370,2730.1992
2011-11-07,2320.2845,2440.1706,2600.6307,2727.7644
2011-11-08,2326.4720,2435.6439,2598.1845,2725.3987
2011-11-09,2330.2637,2430.8509,2595.4655,2723.0795
2011-11-10,2330.6439,2425.1935,2592.6156,2720.4112
2011-11-11,2331.3575,2418.1100,2590.1615,2717.8514
2011-11-14,2333.3576,2412.0063,2588.7045,2716.1521
2011-11-15,2338.7469,2406.2590,2587.3590,2714.3054
2011-11-16,2342.1274,2399.7231,2584.9364,2711.8759
2011-11-17,2349.2106,2393.0738,2582.4004,2709.9600
2011-11-18,2354.5262,2385.6713,2578.4971,2707.7817
2011-11-21,2357.1042,2378.7503,2574.0135,2705.9145
2011-11-22,2357.1519,2373.5795,2569.5289,2704.1783
2011-11-23,2355.0308,2369.0370,2564.6439,2702.1619
2011-11-24,2352.8440,2363.3601,2560.0909,2699.9015
2011-11-25,2347.7236,2358.2466,2555.2042,2697.4253
2011-11-28,2343.3445,2353.5323,2550.2932,2694.8232
2011-11-29,2340.5350,2350.2180,2544.8722,2692.3132
2011-11-30,2332.8823,2345.2226,2538.4956,2689.6024
2011-12-01,2326.6657,2341.0834,2532.4645,2686.6502
2011-12-02,2318.0482,2336.2200,2526.3255,2683.3768
2011-12-05,2306.8764,2331.0461,2519.5198,2679.4102
2011-12-06,2295.9733,2325.6783,2512.4223,2675.3956
2011-12-07,2284.3184,2318.7077,2505.8054,2671.2198
2011-12-08,2274.4969,2313.1946,2498.5977,2667.0511
2011-12-09,2263.2736,2307.3993,2490.8734,2662.8365
2011-12-12,2248.1865,2301.9782,2482.6423,2658.2509
2011-12-13,2230.7083,2294.9024,2473.9702,2653.8255
2011-12-14,2214.8784,2287.6627,2465.3400,2649.1536
2011-12-15,2195.9112,2279.8271,2456.0978,2644.0842
2011-12-16,2182.4108,2273.0607,2447.5703,2639.2744
2011-12-19,2167.9082,2266.5771,2438.6806,2634.1630
2011-12-20,2152.8450,2260.9127,2430.6788,2628.9880
2011-12-21,2136.3159,2253.0120,2422.2265,2623.6740
2011-12-22,2120.8725,2245.0239,2413.6549,2618.7050
2011-12-23,2106.5692,2237.8423,2405.4575,2613.7156
2011-12-26,2090.7860,2229.6685,2397.3454,2608.3924
2011-12-27,2071.7523,2222.2112,2388.7352,2602.7954
2011-12-28,2057.0973,2215.3518,2380.3504,2597.2928
2011-12-29,2040.3223,2210.1163,2371.9429,2591.8960
2011-12-30,2026.8602,2206.0995,2363.7058,2586.7779
2012-01-04,2013.8064,2199.8149,2355.3245,2581.2093
2012-01-05,1998.9167,2191.6309,2347.5694,2575.7496
2012-01-06,1984.4295,2183.1313,2339.9163,2570.2320
2012-01-09,1974.2307,2176.2113,2332.7663,2565.3858
2012-01-10,1970.4056,2169.8895,2326.1548,2560.9415
2012-01-11,1967.9906,2163.7976,2319.3322,2556.5725
2012-01-12,1968.1753,2157.7559,2311.9957,2552.1440
2012-01-13,1968.2964,2150.7610,2304.5790,2547.3147
2012-01-16,1967.6474,2141.7865,2296.5455,2542.1046
2012-01-17,1970.4997,2134.8386,2290.2161,2537.3330
2012-01-18,1972.7156,2127.5495,2283.8601,2532.5041
2012-01-19,1977.2206,2121.2121,2278.4280,2528.2848
2012-01-20,1985.3073,2115.0295,2272.9402,2524.0937
2012-01-30,1991.1996,2109.2462,2267.2198,2519.8899
2012-01-31,1996.5355,2103.9135,2261.0118,2515.6311
2012-02-01,2001.1405,2096.7817,2254.3940,2511.1522
2012-02-02,2009.7126,2090.5975,2248.4282,2506.7254
2012-02-03,2018.2750,2085.8108,2242.7669,2502.1055
2012-02-06,2027.4220,2081.4009,2237.2373,2497.6043
2012-02-07,2032.8835,2077.4424,2231.5568,2493.0360
2012-02-08,2045.0969,2075.0119,2226.8811,2488.7431
2012-02-09,2059.2346,2072.4640,2223.0218,2484.6238
2012-02-10,2072.8424,2070.2560,2219.6465,2480.6067
2012-02-13,2082.8798,2068.2256,2215.7928,2476.7659
2012-02-14,2087.9120,2065.9649,2212.1057,2473.1284
2012-02-15,2094.1516,2064.1205,2208.8264,2469.5241
2012-02-16,2099.4990,2061.3415,2205.7798,2465.6093
2012-02-17,2106.2406,2060.1043,2202.6635,2461.6529
2012-02-20,2117.1828,2057.9934,2199.5384,2458.0196
2012-02-21,2123.1815,2056.8919,2196.5560,2454.6122
2012-02-22,2132.2777,2057.7100,2194.3781,2451.4906
2012-02-23,2140.3085,2058.9462,2192.3122,2448.9170
2012-02-24,2148.8292,2060.8338,2189.7707,2446.2353
2012-02-27,2159.0567,2063.0701,2188.1323,2443.5128
2012-02-28,2168.7073,2066.0870,2186.7432,2441.1615
2012-02-29,2180.3985,2069.6664,2185.8223,2438.8709
2012-03-01,2189.7800,2074.2262,2184.5643,2436.4726
2012-03-02,2200.3749,2080.0094,2183.8360,2434.1039
2012-03-05,2210.1447,2087.0943,2183.4607,2431.6711
2012-03-06,2219.3652,2092.2241,2182.6424,2428.9939
2012-03-07,2222.9928,2097.0458,2181.8114,2426.3924
2012-03-08,2228.0398,2102.5419,2181.7273,2423.8956
2012-03-09,2235.6683,2109.9969,2181.5045,2421.8621
2012-03-12,2243.2231,2117.1658,2181.0949,2419.8112
2012-03-13,2251.9089,2124.1007,2180.9715,2417.7266
2012-03-14,2256.5728,2130.4352,2180.0518,2415.4197
2012-03-15,2261.6644,2137.3064,2179.7588,2413.0652
2012-03-16,2269.5336,2145.0788,2180.2153,2411.4194
2012-03-19,2277.0744,2152.6942,2181.4053,2409.6394
2012-03-20,2282.3740,2159.0975,2182.5985,2407.8344
2012-03-21,2286.0109,2166.5918,2183.2033,2406.1311
2012-03-22,2288.6533,2174.8408,2183.2359,2404.6103
2012-03-23,2288.8452,2182.6000,2182.8657,2403.1645
2012-03-26,2289.2813,2189.0903,2182.6508,2401.4407
2012-03-27,2288.5785,2193.3562,2181.6228,2399.5271
2012-03-28,2285.6611,2196.7347,2180.2661,2397.5074
2012-03-29,2282.2664,2199.8626,2178.8093,2395.2186
2012-03-30,2277.7315,2203.7834,2177.2722,2392.8755
2012-04-05,2275.1574,2210.0983,2175.9424,2390.6831
2012-04-06,2275.3187,2214.1517,2174.4952,2388.8161
2012-04-09,2276.4005,2218.5197,2173.0346,2386.8327
2012-04-10,2276.6403,2222.3098,2171.7609,2384.9727
2012-04-11,2274.1843,2225.5477,2170.2886,2382.8770
2012-04-12,2273.5587,2230.1095,2169.6778,2381.1467
2012-04-13,2272.4822,2234.4794,2169.1965,2379.6790
2012-04-16,2273.8068,2239.5017,2168.1417,2378.4231
2012-04-17,2274.4711,2243.2098,2166.9036,2377.1313
2012-04-18,2274.5828,2247.6020,2166.7064,2375.8214
2012-04-19,2274.6469,2251.5842,2166.4925,2374.4465
2012-04-20,2277.3877,2256.8991,2167.1707,2372.8339
2012-04-23,2279.4730,2260.3422,2167.6771,2370.8453
2012-04-24,2281.8173,2263.8739,2168.1689,2368.8489
2012-04-25,2285.2809,2267.5754,2168.9157,2366.7798
2012-04-26,2288.2368,2271.2331,2169.7294,2364.9101
2012-04-27,2292.8420,2275.3282,2170.6465,2362.9253
2012-05-02,2301.6750,2279.7440,2171.9322,2361.1127
2012-05-03,2311.2230,2284.5522,2172.9469,2358.9095
2012-05-04,2321.6094,2289.9309,2175.0176,2356.7566
2012-05-07,2329.9599,2295.2091,2176.6012,2354.5329
2012-05-08,2337.8797,2300.0310,2178.4615,2352.3935
2012-05-09,2344.7321,2303.5015,2180.6057,2350.0628
2012-05-10,2350.6124,2306.4313,2182.6887,2347.5555
2012-05-11,2355.5061,2308.2185,2184.5261,2345.1658
2012-05-14,2357.0720,2309.3156,2186.1928,2342.3953
2012-05-15,2358.4342,2310.3702,2188.2286,2339.5510
2012-05-16,2358.3516,2310.6829,2190.1747,2336.4085
2012-05-17,2360.8305,2311.6300,2192.9281,2333.4491
2012-05-18,2359.5612,2311.2765,2195.6429,2330.4915
2012-05-21,2359.7466,2311.4249,2199.2596,2327.6787
2012-05-22,2360.1309,2313.2054,2202.7148,2325.1425
2012-05-23,2360.5893,2315.3808,2206.2133,2322.4470
2012-05-24,2359.2987,2316.3774,2209.4597,2320.0692
2012-05-25,2356.6063,2315.9506,2212.9738,2317.6002
2012-05-28,2355.3609,2316.0882,2216.6270,2315.1410
2012-05-29,2354.6401,2316.4206,2220.2607,2312.8591
2012-05-30,2351.5761,2317.7453,2224.0902,2310.7178
2012-05-31,2348.3834,2319.2398,2228.2731,2308.5041
2012-06-01,2344.0862,2319.7519,2232.4154,2306.3829
2012-06-04,2337.1769,2319.2501,2235.9722,2303.9575
2012-06-05,2331.0676,2319.5084,2239.3029,2301.5044
2012-06-06,2326.5532,2319.7184,2243.1551,2299.2398
2012-06-07,2321.5973,2319.6089,2247.2249,2297.3971
2012-06-08,2316.2858,2319.1947,2250.8974,2295.4069
2012-06-11,2312.5154,2318.6092,2253.8498,2293.3080
2012-06-12,2308.1331,2318.1920,2255.7741,2290.9645
2012-06-13,2307.1285,2319.2699,2258.0023,2288.6673
2012-06-14,2304.0369,2320.3382,2260.1004,2286.0480
2012-06-15,2303.0083,2321.3872,2262.5853,2283.5821
2012-06-18,2301.3003,2321.8821,2265.9902,2281.2678
2012-06-19,2297.1808,2321.9502,2268.0510,2279.1335
2012-06-20,2293.6412,2322.2771,2270.3984,2277.1292
2012-06-21,2290.0617,2321.7460,2272.0279,2275.2279
2012-06-25,2285.5639,2320.5025,2273.0251,2272.9826
2012-06-26,2278.8037,2318.1863,2274.1479,2270.6839
2012-06-27,2270.7632,2315.7330,2275.1062,2268.0590
2012-06-28,2262.0682,2313.0499,2276.2758,2265.3349
2012-06-29,2255.3796,2311.6032,2277.4065,2262.9174
2012-07-02,2248.7325,2309.4118,2278.5069,2260.6369
2012-07-03,2245.8386,2307.7268,2279.6555,2258.4464
2012-07-04,2242.5892,2305.5890,2281.2441,2256.4005
2012-07-05,2238.6506,2303.3894,2281.8658,2254.3735
2012-07-06,2236.7675,2301.5890,2282.7314,2252.8766
2012-07-09,2233.4598,2298.4663,2283.0208,2251.3337
2012-07-10,2229.4770,2295.1053,2283.1692,2249.4810
2012-07-11,2227.0176,2291.8622,2283.5952,2247.8505
2012-07-12,2223.6317,2288.0526,2283.8983,2246.3623
2012-07-13,2221.8070,2284.5718,2284.5620,2245.1709
2012-07-16,2218.0693,2279.9712,2284.9511,2243.8073
2012-07-17,2213.7981,2275.4174,2285.3132,2242.4258
2012-07-18,2209.4827,2270.5914,2285.3112,2240.9336
2012-07-19,2205.3505,2266.5245,2285.0130,2239.6955
2012-07-20,2201.3933,2262.0584,2284.2449,2238.2785
2012-07-23,2197.5897,2257.3359,2282.7772,2236.2740
2012-07-24,2194.8388,2253.2930,2281.3043,2234.7183
2012-07-25,2191.8933,2249.1167,2279.7434,2233.2433
2012-07-26,2189.2679,2245.4164,2278.0497,2231.9360
2012-07-27,2185.3241,2241.4006,2276.5153,2230.5398
2012-07-30,2181.3361,2238.1218,2274.6991,2229.2676
2012-07-31,2176.7734,2234.5376,2272.9813,2228.2210
2012-08-01,2172.4469,2230.5154,2271.8604,2227.2514
2012-08-02,2168.2778,2226.4648,2270.9228,2226.3671
2012-08-03,2163.5892,2223.3052,2269.8413,2225.7843
2012-08-06,2162.5086,2220.8272,2268.3889,2224.9467
2012-08-07,2161.9096,2217.7248,2266.9065,2224.0007
2012-08-08,2160.6218,2214.2549,2265.3378,2223.1547
2012-08-09,2159.9198,2211.3901,2264.5677,2222.3098
2012-08-10,2157.3737,2208.1679,2263.7038,2221.7313
2012-08-13,2155.3444,2204.4745,2262.1132,2221.1643
2012-08-14,2153.6521,2202.0074,2260.6288,2221.0170
2012-08-15,2151.4089,2198.7280,2259.1182,2220.8583
2012-08-16,2148.4149,2195.2692,2257.4938,2220.3486
2012-08-17,2145.9888,2191.8150,2255.7120,2219.4739
2012-08-20,2144.6567,2188.6843,2253.9395,2218.4026
2012-08-21,2143.2952,2185.6049,2252.1071,2217.3790
2012-08-22,2141.4299,2182.4354,2250.3137,2215.9683
2012-08-23,2140.2116,2178.6496,2248.9597,2214.6129
2012-08-24,2138.0787,2175.0173,2247.6778,2213.2435
2012-08-27,2134.3978,2170.6776,2246.0324,2211.6523
2012-08-28,2130.6447,2166.2753,2244.0787,2210.0106
2012-08-29,2125.2145,2161.7289,2241.8396,2208.1674
2012-08-30,2120.5309,2157.2207,2239.7489,2206.3918
2012-08-31,2114.7771,2153.1914,2237.4687,2204.6148
2012-09-03,2108.4925,2149.9986,2235.2505,2202.7696
2012-09-04,2101.5682,2146.8306,2232.5084,2201.0931
2012-09-05,2093.5610,2143.3741,2229.5535,2199.3750
2012-09-06,2085.0010,2140.5632,2226.8065,2197.4741
2012-09-07,2081.7902,2138.7322,2225.1677,2196.0356
2012-09-10,2079.3667,2136.7281,2223.0700,2194.8882
2012-09-11,2075.9038,2134.0335,2220.8802,2193.6863
2012-09-12,2073.9766,2131.2830,2218.4360,2192.8034
2012-09-13,2072.0335,2128.6224,2216.0059,2191.8415
2012-09-14,2071.9018,2125.8687,2213.7289,2190.9489
2012-09-17,2070.0274,2123.3113,2210.8888,2189.9022
2012-09-18,2066.5287,2120.4256,2207.7655,2188.7474
2012-09-19,2063.2866,2116.9430,2204.4026,2187.5246
2012-09-20,2058.1801,2112.4690,2200.2608,2186.0965
2012-09-21,2053.9479,2107.8737,2196.2227,2184.5848
2012-09-24,2052.0780,2104.2810,2192.1261,2183.5719
2012-09-25,2050.5425,2100.9731,2188.1952,2182.3982
2012-09-26,2049.0686,2097.5633,2184.0773,2181.2694
2012-09-27,2050.8148,2095.4064,2180.9655,2180.7856
2012-09-28,2054.7404,2094.5302,2178.2943,2180.4915
2012-10-08,2056.7262,2093.6532,2175.4946,2180.0103
2012-10-09,2061.5148,2093.5010,2173.3970,2179.7949
2012-10-10,2066.9231,2093.3860,2171.2513,2179.7400
2012-10-11,2070.5544,2093.0778,2169.2471,2179.7109
2012-10-12,2069.9782,2092.5938,2166.9972,2179.9626
2012-10-15,2070.0403,2092.2098,2165.1658,2180.4044
2012-10-16,2070.9518,2091.7048,2163.1212,2181.1904
2012-10-17,2071.0442,2090.7218,2160.6186,2181.6667
2012-10-18,2073.3812,2090.6637,2158.5643,2182.3888
2012-10-19,2074.5984,2090.2724,2156.7888,2183.1242
2012-10-22,2078.2856,2089.6221,2155.2247,2184.0992
2012-10-23,2081.4251,2088.2318,2152.9783,2184.8027
2012-10-24,2085.1468,2086.7530,2150.5040,2185.3823
2012-10-25,2089.9308,2084.4733,2147.9317,2186.0110
2012-10-26,2092.8442,2082.0619,2145.1149,2186.6940
2012-10-29,2094.1744,2079.8130,2142.1438,2187.2796
2012-10-30,2095.1282,2077.5635,2139.7855,2187.8788
2012-10-31,2097.9396,2076.1755,2137.4518,2188.3773
2012-11-01,2099.9446,2076.0183,2135.6437,2189.3994
2012-11-02,2100.3357,2076.2690,2134.0420,2190.6334
2012-11-05,2101.5527,2076.4116,2132.5480,2191.7227
2012-11-06,2100.0537,2076.2044,2130.9046,2192.3772
2012-11-07,2098.4632,2076.1993,2129.3174,2192.5457
2012-11-08,2096.5291,2075.6048,2127.1272,2192.5647
2012-11-09,2094.0148,2074.9683,2124.9928,2192.5466
2012-11-12,2091.1029,2074.8918,2122.7847,2192.6850
2012-11-13,2086.4782,2074.0382,2120.1568,2193.0735
2012-11-14,2083.0956,2073.8743,2117.8016,2192.9263
2012-11-15,2077.3016,2073.3720,2115.2964,2192.8474
2012-11-16,2070.3517,2072.5022,2112.8468,2192.4373
2012-11-19,2061.9472,2071.0040,2110.5013,2191.7632
2012-11-20,2055.1512,2069.6650,2108.2478,2191.1978
2012-11-21,2049.7497,2069.2285,2106.3013,2190.7037
2012-11-22,2044.4062,2068.2354,2104.3993,2190.3375
2012-11-23,2041.5592,2065.9695,2102.3508,2189.8787
2012-11-26,2038.2926,2063.3834,2100.0558,2189.2813
2012-11-27,2034.0513,2060.8226,2097.4280,2188.5418
2012-11-28,2028.0049,2057.7869,2094.5349,2187.8895
2012-11-29,2018.9184,2054.7722,2091.6973,2186.7816
2012-11-30,2011.0104,2051.9124,2088.8906,2185.8110
2012-12-03,2002.5729,2049.4298,2086.3706,2184.6957
2012-12-04,1995.6649,2047.8588,2084.1422,2183.6557
2012-12-05,1992.0782,2047.7160,2082.3295,2182.9623
2012-12-06,1989.8329,2048.2659,2080.3674,2182.1329
2012-12-07,1989.5227,2049.1982,2078.5359,2181.5490
2012-12-10,1990.0794,2050.0924,2077.1867,2181.0689
2012-12-11,1991.6978,2050.5003,2075.7367,2180.5250
2012-12-12,1993.4039,2051.6084,2074.5858,2179.9485
2012-12-13,1995.1608,2051.1104,2073.2584,2179.1357
2012-12-14,2002.9308,2051.7784,2073.1543,2178.6996
2012-12-17,2011.8267,2053.0442,2073.3487,2178.0630
2012-12-18,2020.3569,2053.2018,2073.3514,2177.3279
2012-12-19,2027.5757,2053.4895,2073.4377,2176.5906
2012-12-20,2036.2255,2054.5039,2073.7908,2175.9202
2012-12-21,2043.3920,2055.3350,2073.9644,2175.2398
2012-12-24,2051.5119,2055.9720,2074.0909,2174.3950
2012-12-25,2063.2654,2057.7480,2074.7264,2173.8538
2012-12-26,2076.6434,2060.0265,2075.3742,2173.6173
2012-12-27,2090.1655,2061.4859,2076.0748,2173.4988
2012-12-28,2104.1038,2063.7146,2076.9935,2173.4174
2012-12-31,2121.7468,2066.8143,2078.2182,2173.3036
2013-01-04,2138.4991,2070.6884,2079.4601,2173.1833
2013-01-07,2152.5275,2074.6683,2080.7106,2173.0242
2013-01-08,2166.0987,2078.7331,2081.6032,2173.0855
2013-01-09,2178.4592,2083.4442,2082.7530,2173.2284
2013-01-10,2189.8076,2088.3457,2084.0794,2173.0963
2013-01-11,2199.8541,2092.3907,2084.9771,2172.8030
2013-01-14,2213.6721,2097.9014,2087.0385,2173.0783
2013-01-15,2228.7117,2102.6173,2089.3178,2173.4058
2013-01-16,2237.3109,2106.5685,2091.4187,2173.5653
2013-01-17,2245.0469,2110.4419,2093.4267,2173.6831
2013-01-18,2255.2950,2115.2984,2095.7514,2173.9292
2013-01-21,2265.1957,2120.1825,2098.1909,2174.2523
2013-01-22,2273.8626,2125.4373,2100.5210,2174.7404
2013-01-23,2283.9369,2131.3038,2103.1361,2175.4069
2013-01-24,2293.4720,2136.9197,2105.9058,2175.9691
2013-01-25,2298.7151,2142.6428,2108.3405,2176.2096
2013-01-28,2306.2232,2149.2776,2111.5759,2176.7078
2013-01-29,2315.3931,2156.7226,2115.0473,2177.3981
2013-01-30,2323.7485,2165.0733,2118.7878,2178.1282
2013-01-31,2328.8634,2173.5808,2122.2924,2178.7715
2013-02-01,2337.0675,2183.4550,2126.5600,2179.5342
2013-02-04,2344.3464,2192.5070,2130.8677,2180.2106
2013-02-05,2353.4133,2202.3360,2135.2857,2181.0461
2013-02-06,2362.7649,2211.9264,2138.9480,2182.0578
2013-02-07,2371.5102,2221.6327,2142.5081,2182.7890
2013-02-08,2382.2040,2231.6518,2146.2372,2183.5587
2013-02-18,2385.6255,2240.9496,2149.3682,2183.9021
2013-02-19,2386.4808,2249.6422,2152.2072,2184.1066
2013-02-20,2389.9689,2258.1519,2155.0322,2184.3805
2013-02-21,2390.9143,2265.7784,2157.6041,2184.2465
2013-02-22,2389.5152,2272.8385,2160.3487,2184.0571
2013-02-25,2388.2066,2278.6339,2163.1749,2183.7888
2013-02-26,2385.7650,2283.8101,2166.0380,2183.1494
2013-02-27,2383.8133,2289.0201,2169.1091,2182.6659
2013-02-28,2385.7845,2295.2017,2172.6471,2182.3866
2013-03-01,2388.5323,2301.3766,2175.9385,2182.0668
2013-03-04,2382.6393,2304.9718,2178.2901,2181.1837
2013-03-05,2378.7505,2310.1584,2180.6344,2180.7999
2013-03-06,2375.1540,2313.9626,2182.8705,2180.5824
2013-03-07,2371.2253,2317.3402,2185.1922,2180.3434
2013-03-08,2363.7175,2320.7992,2187.0005,2180.1988
2013-03-11,2356.2083,2323.9600,2188.7247,2179.9880
2013-03-12,2345.8728,2326.1949,2190.3494,2179.7982
2013-03-13,2333.8431,2328.1069,2191.7209,2179.3591
2013-03-14,2322.8126,2330.1530,2193.0625,2179.1142
2013-03-15,2311.4313,2330.9181,2194.3331,2178.7271
2013-03-18,2302.1354,2331.1465,2195.5865,2178.1026
2013-03-19,2295.9973,2331.9749,2196.7304,2177.6474
2013-03-20,2293.3795,2333.8621,2198.7884,2177.7886
2013-03-21,2294.6774,2334.9507,2200.8825,2178.0536
2013-03-22,2296.5920,2336.0757,2203.3820,2178.1802
2013-03-25,2298.6177,2337.0699,2205.8691,2178.1865
2013-03-26,2301.0568,2337.7934,2208.2632,2178.0975
2013-03-27,2303.1378,2338.8915,2211.1678,2178.1414
2013-03-28,2298.0308,2338.4910,2213.4184,2177.7811
2013-03-29,2292.4953,2338.4331,2215.4119,2177.5987
2013-04-01,2293.2593,2336.8066,2217.3540,2177.4029
2013-04-02,2289.7210,2334.5622,2218.5897,2177.1167
2013-04-03,2284.0432,2332.6555,2219.6120,2176.8270
2013-04-08,2279.9496,2331.3014,2220.8716,2176.7098
2013-04-09,2276.6753,2329.3514,2222.3249,2176.6148
2013-04-10,2273.2164,2327.1683,2223.6754,2176.4964
2013-04-11,2271.3650,2325.1958,2225.3166,2176.2219
2013-04-12,2270.2578,2322.6352,2226.9695,2175.9812
2013-04-15,2268.6220,2320.2130,2228.5664,2175.6755
2013-04-16,2268.9377,2319.0072,2230.8250,2175.4909
2013-04-17,2270.6588,2316.9207,2233.0991,2175.4504
2013-04-18,2271.9320,2314.5905,2235.6565,2175.4764
2013-04-19,2272.1306,2313.2150,2239.1441,2175.9955
2013-04-22,2271.7562,2312.1078,2242.8443,2176.6728
2013-04-23,2267.3040,2308.1702,2245.8126,2177.0302
2013-04-24,2265.7284,2305.6227,2249.0648,2177.6831
2013-04-25,2263.6770,2301.8988,2252.1174,2178.2584
2013-04-26,2259.8157,2297.7119,2254.8191,2178.5850
2013-05-02,2261.3828,2294.4401,2258.0364,2179.0461
2013-05-03,2266.3862,2292.1060,2261.8789,2179.6534
2013-05-06,2272.0555,2291.3786,2266.1641,2180.3495
2013-05-07,2278.8730,2291.5190,2270.5806,2181.1390
2013-05-08,2287.2841,2291.5816,2274.8667,2181.8787
2013-05-09,2293.9282,2292.5069,2279.1427,2182.7566
2013-05-10,2300.3329,2293.6784,2283.2585,2183.7003
2013-05-13,2306.2713,2294.3941,2286.5140,2184.4217
2013-05-14,2310.2008,2294.9702,2289.3901,2184.8788
2013-05-15,2315.2315,2295.2025,2292.1113,2185.3236
2013-05-16,2322.9191,2295.0669,2295.1343,2186.1605
2013-05-17,2330.5771,2295.8251,2298.6008,2187.1688
2013-05-20,2338.1416,2299.1216,2302.0467,2188.3163
2013-05-21,2345.7443,2301.3880,2305.7732,2189.5158
2013-05-22,2349.9761,2303.1438,2308.5532,2190.8538
2013-05-23,2353.4640,2305.0033,2311.1718,2192.2602
2013-05-24,2361.6770,2307.3540,2314.0766,2193.7140
2013-05-27,2367.1279,2309.9905,2316.9753,2195.2065
2013-05-28,2376.4161,2314.1162,2320.1555,2196.9732
2013-05-29,2386.6658,2318.8409,2323.4739,2198.7192
2013-05-30,2394.8933,2323.2724,2326.7127,2200.4018
2013-05-31,2398.9485,2327.1128,2329.0155,2201.8710
2013-06-03,2401.2371,2331.0193,2331.0829,2203.2285
2013-06-04,2401.6409,2333.7765,2332.8757,2204.4753
2013-06-05,2401.0826,2334.6628,2334.2625,2205.6280
2013-06-06,2400.0926,2334.6730,2334.8118,2206.5150
2013-06-07,2396.7266,2333.7323,2334.9040,2207.1821
2013-06-13,2391.3980,2331.5063,2334.2881,2207.4994
2013-06-14,2389.5289,2330.3590,2334.0762,2207.8397
2013-06-17,2386.4798,2328.5393,2333.7154,2208.2342
2013-06-18,2381.9669,2328.6413,2333.5662,2208.8228
2013-06-19,2374.7826,2328.7400,2333.5865,2209.2818
2013-06-20,2363.4639,2327.2034,2332.0050,2209.5218
2013-06-21,2351.6274,2326.1506,2330.3564,2209.8371
2013-06-24,2332.3269,2322.4573,2327.5564,2209.4876
2013-06-25,2313.5569,2318.4462,2324.8738,2209.1503
2013-06-26,2295.6456,2314.9422,2322.1468,2208.9491
2013-06-27,2277.4950,2311.7020,2319.4351,2208.8130
2013-06-28,2259.7473,2309.4691,2317.3325,2208.9268
2013-07-01,2243.2076,2308.0209,2315.3280,2209.2320
2013-07-02,2227.7810,2306.9359,2313.5745,2209.7401
2013-07-03,2213.0288,2304.7493,2311.8782,2210.1094
2013-07-04,2199.5997,2302.5957,2309.7582,2210.6671
2013-07-05,2188.5561,2300.4261,2307.5083,2211.2778
2013-07-08,2175.2093,2295.8943,2304.5546,2211.6712
2013-07-09,2163.0895,2291.2063,2301.6571,2211.9747
2013-07-10,2156.4277,2289.3817,2298.7760,2212.6680
2013-07-11,2158.3058,2288.5372,2297.0800,2213.9738
2013-07-12,2156.9210,2287.6566,2294.7777,2215.0317
2013-07-15,2158.4129,2287.9782,2292.8450,2215.8965
2013-07-16,2159.2742,2287.7979,2291.1190,2216.8135
2013-07-17,2159.0143,2285.7912,2288.9486,2217.5929
2013-07-18,2160.2480,2282.4805,2286.9295,2218.1489
2013-07-19,2158.0034,2277.8027,2284.6609,2218.4341
2013-07-22,2163.7654,2273.0498,2282.3157,2218.6739
2013-07-23,2173.5670,2270.3017,2281.4043,2219.5042
2013-07-24,2181.3791,2267.3607,2280.5195,2220.4341
2013-07-25,2188.3739,2264.5430,2279.4686,2221.3217
2013-07-26,2192.3787,2262.3402,2278.6552,2222.3466
2013-07-29,2192.5536,2258.9497,2277.0761,2223.0926
2013-07-30,2192.1808,2254.6406,2274.8538,2223.7504
2013-07-31,2193.2078,2249.8016,2272.8133,2224.3759
2013-08-01,2196.3738,2245.8886,2272.5051,2225.3976
2013-08-02,2199.3483,2241.8677,2271.6279,2226.1311
2013-08-05,2206.6199,2238.5518,2270.8478,2226.8592
2013-08-06,2215.3544,2235.9625,2270.4829,2227.8375
2013-08-07,2220.2814,2232.8235,2270.0888,2228.5447
2013-08-08,2219.6423,2229.5430,2269.7668,2229.2458
2013-08-09,2221.1111,2225.5346,2269.8254,2230.0874
2013-08-12,2223.0687,2222.5394,2270.6902,2231.2055
2013-08-13,2225.1065,2219.8831,2271.5777,2232.3201
2013-08-14,2228.8718,2217.7605,2272.4367,2233.3849
2013-08-15,2232.6050,2215.0276,2273.0235,2234.3050
2013-08-16,2238.8812,2212.6989,2273.2377,2234.9841
2013-08-19,2246.4819,2211.2095,2272.9362,2235.8623
2013-08-20,2249.3046,2209.9865,2272.3298,2236.6061
2013-08-21,2251.3988,2209.2295,2271.4809,2237.4315
2013-08-22,2254.6865,2209.8584,2270.6823,2238.2757
2013-08-23,2258.1356,2209.7829,2270.0709,2239.1671
2013-08-26,2266.3296,2210.8896,2269.7145,2240.4412
2013-08-27,2274.3239,2211.5834,2270.1124,2241.7654
2013-08-28,2280.5040,2212.0901,2270.4151,2242.9135
2013-08-29,2283.5657,2213.9293,2270.5664,2243.9602
2013-08-30,2285.5458,2215.4351,2270.7928,2244.6913
2013-09-02,2286.0079,2220.0242,2271.2408,2245.4264
2013-09-03,2287.8072,2225.6626,2272.0544,2246.4630
2013-09-04,2289.6948,2230.4432,2272.6927,2247.5088
2013-09-05,2291.4496,2235.1248,2273.4134,2248.5444
2013-09-06,2293.3261,2238.9661,2274.2176,2249.7671
2013-09-09,2296.1052,2243.6984,2275.8596,2251.4146
2013-09-10,2299.4430,2248.5479,2277.7419,2253.1541
2013-09-11,2302.9865,2253.7436,2279.2464,2255.0357
2013-09-12,2309.2783,2258.8990,2280.7474,2256.9233
2013-09-13,2315.7733,2263.5858,2282.0059,2258.8312
2013-09-16,2319.8568,2269.0685,2282.4814,2260.8128
2013-09-17,2323.3425,2274.0877,2282.6470,2262.7457
2013-09-18,2327.6281,2277.7097,2283.5457,2264.6792
2013-09-23,2335.5200,2280.7441,2284.6406,2266.8527
2013-09-24,2344.5891,2284.8501,2286.2534,2269.1854
2013-09-25,2350.1107,2287.5687,2287.7734,2271.2963
2013-09-26,2355.4457,2290.0520,2288.9249,2273.4807
2013-09-27,2362.8714,2293.6330,2289.7121,2275.7955
2013-09-30,2371.4952,2298.4282,2290.4543,2278.3092
2013-10-08,2381.6783,2304.9050,2291.3539,2280.9673
2013-10-09,2392.1787,2311.3895,2292.2197,2283.5432
2013-10-10,2399.7604,2316.1399,2293.2208,2286.1817
2013-10-11,2408.3754,2321.2417,2294.3012,2288.7798
2013-10-14,2417.0646,2326.6011,2295.5721,2291.0430
2013-10-15,2425.3021,2332.1354,2297.2378,2293.3140
2013-10-16,2427.8122,2337.8019,2298.3758,2295.2435
2013-10-17,2428.7909,2343.1920,2298.9163,2297.0253
2013-10-18,2430.2916,2348.5771,2299.1893,2298.8951
2013-10-21,2434.3877,2354.1046,2299.9966,2301.0216
2013-10-22,2437.5439,2358.8640,2300.3659,2303.0695
2013-10-23,2439.1234,2362.0699,2300.3109,2304.4320
2013-10-24,2441.2610,2364.4504,2300.2064,2305.6891
2013-10-25,2440.8074,2365.9201,2299.3718,2306.7242
2013-10-28,2435.5265,2367.0977,2298.3204,2307.6478
2013-10-29,2428.9928,2368.0028,2296.7687,2308.4621
2013-10-30,2425.2306,2368.4335,2295.4864,2309.4802
2013-10-31,2418.8862,2367.5639,2293.7235,2310.2181
2013-11-01,2412.5398,2367.1002,2292.4304,2310.7229
2013-11-04,2405.0439,2367.4037,2291.2157,2311.1493
2013-11-05,2396.8618,2368.0973,2290.3981,2311.6369
2013-11-06,2386.1402,2367.2529,2289.2312,2311.7468
2013-11-07,2374.3993,2366.1778,2288.0821,2311.4470
2013-11-08,2361.2262,2365.1727,2287.2011,2311.0525
2013-11-11,2350.3298,2364.8584,2287.3584,2310.8233
2013-11-12,2340.1502,2364.9413,2287.3621,2310.7191
2013-11-13,2329.9795,2363.2618,2287.0757,2310.3956
2013-11-14,2321.8471,2362.2013,2286.8923,2310.2293
2013-11-15,2315.1242,2362.4252,2287.2577,2310.4221
2013-11-18,2306.9064,2363.4409,2288.6851,2310.3451
2013-11-19,2299.0902,2364.2818,2289.8584,2310.1074
2013-11-20,2293.6287,2365.1183,2292.5713,2310.0638
2013-11-21,2288.4390,2364.7031,2295.1828,2310.0283
2013-11-22,2285.4337,2364.2156,2297.3294,2309.7381
2013-11-25,2283.3300,2363.8499,2299.4874,2309.4612
2013-11-26,2281.9982,2363.4717,2301.2189,2309.2757
2013-11-27,2280.5846,2362.2252,2302.9618,2309.1449
2013-11-28,2283.3037,2361.1082,2304.8281,2309.2013
2013-11-29,2286.0480,2360.3248,2307.0342,2309.4562
2013-12-02,2285.3952,2357.8504,2308.3747,2309.0665
2013-12-03,2286.8500,2356.5279,2310.0568,2308.7826
2013-12-04,2291.3633,2355.8555,2312.4620,2308.5083
2013-12-05,2296.6412,2355.4973,2314.7925,2308.2248
2013-12-06,2302.1346,2354.9753,2316.3425,2307.5592
2013-12-09,2306.2926,2353.1675,2316.9558,2307.0179
2013-12-10,2309.5463,2350.9242,2317.8872,2306.3324
2013-12-11,2313.9230,2348.7868,2318.1777,2305.5114
2013-12-12,2317.5842,2347.0567,2318.5543,2304.8367
2013-12-13,2319.7817,2345.1893,2319.4112,2304.1799
2013-12-16,2318.2572,2342.1457,2320.2869,2303.6082
2013-12-17,2317.5531,2338.6317,2321.7684,2303.2146
2013-12-18,2316.5084,2334.8502,2323.1199,2302.7178
2013-12-19,2314.8669,2330.7457,2323.4428,2302.4235
2013-12-20,2312.7386,2325.9609,2323.6013,2302.0604
2013-12-23,2311.6183,2321.6714,2324.1363,2301.8024
2013-12-24,2310.6960,2317.6292,2324.8823,2301.7688
2013-12-25,2309.3966,2314.8590,2326.3304,2301.7033
2013-12-26,2304.8873,2311.5467,2327.3694,2301.1116
2013-12-27,2301.1331,2308.6614,2328.6193,2300.7163
2013-12-30,2300.7284,2304.3867,2329.2457,2300.8754
2013-12-31,2298.8915,2301.0670,2329.9655,2300.7967
2014-01-02,2297.1053,2299.0482,2330.5591,2300.7035
2014-01-03,2295.4944,2297.1906,2330.8205,2300.6517
2014-01-06,2291.5645,2295.2781,2330.5991,2300.3439
2014-01-07,2287.3496,2293.8967,2330.4972,2300.1320
2014-01-08,2283.9481,2292.9063,2330.4545,2300.1400
2014-01-09,2280.4198,2290.8624,2329.6479,2300.1690
2014-01-10,2274.7031,2289.3834,2328.4737,2300.0257
2014-01-13,2268.1233,2287.4227,2327.2615,2299.8491
2014-01-14,2264.3824,2285.8811,2326.6424,2299.8329
2014-01-15,2261.8194,2284.6147,2326.3560,2299.7968
2014-01-16,2258.0956,2283.6323,2325.4426,2299.1894
2014-01-17,2253.5404,2282.4021,2324.2899,2298.3098
2014-01-20,2248.2349,2280.7644,2322.9685,2297.2247
2014-01-21,2242.9022,2278.7004,2321.7794,2296.2309
2014-01-22,2239.7259,2277.4595,2321.2004,2295.6357
2014-01-23,2235.7410,2277.1635,2320.2127,2294.9636
2014-01-24,2233.9211,2276.3763,2319.2888,2294.7006
2014-01-27,2228.3849,2273.9657,2318.1955,2294.3053
2014-01-28,2222.8705,2270.7724,2317.1066,2293.8365
2014-01-29,2216.6514,2268.0914,2316.1866,2293.4897
2014-01-30,2208.0371,2264.8115,2314.9649,2293.1028
2014-02-07,2200.9329,2262.1882,2313.4456,2292.7500
2014-02-10,2200.2808,2261.2169,2312.7163,2292.7045
2014-02-11,2199.5200,2260.3727,2312.1113,2292.7624
2014-02-12,2198.7069,2259.5897,2311.5307,2292.8741
2014-02-13,2197.7504,2257.7288,2309.9770,2292.9183
2014-02-14,2199.0590,2255.6855,2308.3969,2293.0694
2014-02-17,2200.9492,2253.3832,2306.8540,2293.0502
2014-02-18,2200.9595,2252.1068,2304.9786,2292.8630
2014-02-19,2201.2464,2250.3733,2303.4506,2292.7283
2014-02-20,2201.6891,2247.7627,2301.8091,2292.1452
2014-02-21,2203.8656,2245.2919,2300.3946,2291.5208
2014-02-24,2205.7378,2242.2057,2298.5905,2291.0681
2014-02-25,2202.8365,2237.3179,2295.2427,2289.9417
2014-02-26,2196.9115,2232.4056,2291.6649,2288.9591
2014-02-27,2188.5439,2227.0119,2287.8993,2287.8364
2014-02-28,2181.8982,2222.1019,2284.5793,2286.7521
2014-03-03,2178.7490,2217.5526,2281.3710,2285.5415
2014-03-04,2174.7975,2213.3885,2277.7671,2284.1107
2014-03-05,2169.5115,2208.8748,2273.7533,2282.5536
2014-03-06,2164.7361,2204.1026,2269.4764,2280.8480
2014-03-07,2160.1256,2200.2917,2265.5187,2279.3697
2014-03-10,2150.3976,2196.2805,2261.1207,2277.7110
2014-03-11,2141.8328,2192.4585,2257.0650,2276.3185
2014-03-12,2133.0944,2188.5491,2253.0892,2275.1635
2014-03-13,2126.8826,2184.7232,2249.7911,2274.0834
2014-03-14,2118.9214,2181.2992,2246.4230,2272.6696
2014-03-17,2111.9155,2177.6962,2243.1788,2271.1841
2014-03-18,2105.1270,2173.8663,2239.1265,2269.5615
2014-03-19,2095.0621,2168.8415,2234.9542,2267.6600
2014-03-20,2083.5426,2162.3376,2230.6929,2265.5019
2014-03-21,2075.2663,2157.2006,2227.1956,2263.7010
2014-03-24,2068.8061,2153.1023,2224.1902,2261.7810
2014-03-25,2067.5222,2149.3870,2221.6419,2259.9811
2014-03-26,2067.5010,2145.8268,2219.3665,2258.0676
2014-03-27,2067.5019,2141.8447,2216.3536,2255.9200
2014-03-28,2064.3612,2137.9652,2213.6743,2253.6989
2014-03-31,2059.5042,2134.1049,2210.7638,2251.5971
2014-04-01,2056.3682,2130.1829,2208.0320,2249.6238
2014-04-02,2054.0011,2125.7475,2205.1811,2247.7896
2014-04-03,2052.3134,2121.7897,2202.7110,2245.9711
2014-04-04,2051.4738,2119.4651,2200.9336,2244.5079
2014-04-08,2054.7017,2118.8673,2199.8158,2243.5085
2014-04-09,2057.1934,2118.1750,2198.4377,2242.8981
2014-04-10,2060.0994,2116.6985,2197.0790,2242.2206
2014-04-11,2061.6572,2115.0897,2196.1266,2241.6012
2014-04-14,2064.5668,2113.5574,2194.9669,2240.9296
2014-04-15,2065.5276,2112.5532,2193.2595,2240.2586
2014-04-16,2067.0554,2111.5402,2191.1563,2239.9207
2014-04-17,2070.6764,2110.4515,2189.2715,2239.5649
2014-04-18,2076.6345,2109.7766,2187.2941,2239.9327
2014-04-21,2078.4899,2108.2234,2185.2058,2240.1943
2014-04-22,2079.8842,2104.9437,2183.0803,2240.2049
2014-04-23,2079.1901,2101.2550,2180.8139,2240.1506
2014-04-24,2076.6789,2097.0155,2178.3026,2239.7608
2014-04-25,2074.6966,2092.6232,2175.1760,2239.0689
2014-04-28,2071.9729,2087.1308,2171.4081,2238.1181
2014-04-29,2071.6747,2082.3951,2167.8892,2237.4617
2014-04-30,2071.9039,2078.5606,2165.3337,2236.8542
2014-05-05,2073.1989,2074.5286,2162.4509,2236.2539
2014-05-06,2074.6574,2070.9771,2159.3699,2235.9159
2014-05-07,2072.2345,2066.8127,2156.0523,2235.4224
2014-05-08,2066.7131,2063.2573,2152.7315,2234.5370
2014-05-09,2059.8866,2060.9951,2149.1565,2233.0561
2014-05-12,2054.2875,2059.6489,2146.0273,2231.9572
2014-05-13,2048.7310,2059.1645,2143.0882,2230.6330
2014-05-14,2042.5605,2057.8224,2139.9621,2229.2582
2014-05-15,2035.7751,2055.3637,2136.4581,2227.9346
2014-05-16,2029.1981,2053.3004,2133.3445,2226.8157
2014-05-19,2021.5016,2051.2475,2130.0612,2225.9148
2014-05-20,2013.7359,2049.3765,2126.7396,2224.9297
2014-05-21,2008.2526,2047.4742,2123.8830,2223.6629
2014-05-22,2003.3164,2046.1112,2121.1959,2222.3986
2014-05-23,2000.0868,2044.5566,2118.5076,2221.3219
2014-05-26,1998.0809,2043.0102,2115.7796,2220.3310
2014-05-27,1997.1236,2040.7196,2112.7214,2219.5259
2014-05-28,1999.2218,2039.2509,2110.2750,2218.8222
2014-05-29,1998.7695,2037.1367,2107.4164,2218.0179
2014-05-30,1997.0362,2035.3243,2104.5953,2216.9205
2014-06-03,1994.0589,2034.1273,2101.4844,2215.7249
2014-06-04,1989.9609,2033.5444,2097.9410,2214.2500
2014-06-05,1988.6961,2032.1846,2094.6926,2212.7565
2014-06-06,1987.7143,2030.8206,2091.9615,2211.2803
2014-06-09,1986.6112,2028.6307,2089.0088,2209.7530
2014-06-10,1985.1016,2026.6892,2086.2580,2208.3562
2014-06-11,1983.7649,2025.6698,2083.7572,2206.7026
2014-06-12,1982.5501,2025.0979,2081.5316,2205.0026
2014-06-13,1983.5831,2024.9952,2079.5501,2203.4058
2014-06-16,1985.2214,2024.8417,2077.5123,2202.0773
2014-06-17,1987.2322,2024.5400,2075.1437,2200.7499
2014-06-18,1988.6513,2023.9117,2072.8507,2199.1467
2014-06-19,1987.1904,2021.7608,2070.6130,2197.4515
2014-06-20,1986.4548,2018.8124,2068.8398,2195.9042
2014-06-23,1984.8337,2015.6127,2066.8939,2194.3366
2014-06-24,1983.5982,2012.4097,2064.5541,2192.8772
2014-06-25,1982.5321,2009.0695,2062.0796,2191.1461
2014-06-26,1981.0865,2005.8588,2059.7081,2189.4985
2014-06-27,1980.4885,2003.1211,2057.8372,2188.0163
2014-06-30,1980.9558,2000.8845,2056.2123,2186.6595
2014-07-01,1982.0553,1998.6788,2054.5652,2185.3759
2014-07-02,1983.6103,1996.3347,2053.0556,2184.0103
2014-07-03,1984.5503,1994.6087,2051.4161,2182.4309
2014-07-04,1985.3676,1993.0140,2048.9789,2180.8476
2014-07-07,1986.3752,1991.5047,2046.3799,2179.2456
2014-07-08,1985.9165,1990.3842,2043.6999,2177.6153
2014-07-09,1983.1551,1989.0532,2040.8382,2175.4076
2014-07-10,1979.1178,1987.9559,2037.5433,2172.9701
2014-07-11,1974.9035,1986.2867,2034.3409,2170.5975
2014-07-14,1971.0389,1984.4957,2031.5281,2168.2534
2014-07-15,1968.3610,1982.6048,2028.5667,2166.0086
2014-07-16,1965.5109,1980.2530,2025.6150,2163.7121
2014-07-17,1963.9036,1978.4285,2022.6206,2161.5076
2014-07-18,1962.0017,1976.9279,2020.0926,2159.3416
2014-07-21,1961.1776,1976.1291,2018.5621,2156.9024
2014-07-22,1960.2295,1974.7865,2017.2177,2154.4413
2014-07-23,1958.9000,1973.1371,2016.1508,2152.0251
2014-07-24,1957.1899,1971.7105,2014.7664,2149.6729
2014-07-25,1956.2325,1971.3041,2013.3339,2147.3524
2014-07-28,1956.1230,1971.6544,2012.4774,2145.1223
2014-07-29,1957.3594,1973.0219,2012.1347,2142.9440
2014-07-30,1959.7229,1974.7295,2012.0530,2140.7647
2014-07-31,1962.6993,1976.3874,2011.9308,2138.7248
2014-08-01,1965.4269,1977.8582,2011.9847,2136.5527
2014-08-04,1969.7134,1979.3554,2011.9560,2134.5105
2014-08-05,1974.2273,1980.8428,2011.9265,2132.5078
2014-08-06,1980.8854,1982.5579,2011.6387,2130.7149
2014-08-07,1987.4729,1983.2563,2011.2536,2128.8383
2014-08-08,1994.0243,1984.3887,2010.7627,2126.9707
2014-08-11,2000.7429,1985.9784,2010.6513,2124.8889
2014-08-12,2007.0918,1987.8179,2010.9726,2122.9634
2014-08-13,2014.2177,1989.9558,2011.7501,2121.2215
2014-08-14,2021.1041,1991.3917,2011.7881,2119.4919
2014-08-15,2028.7390,1993.3377,2012.0792,2118.1347
2014-08-18,2036.4197,1996.0525,2012.3416,2116.9917
2014-08-19,2043.7672,1998.2527,2012.4709,2115.9187
2014-08-20,2051.5813,2000.2637,2012.9667,2114.6601
2014-08-21,2059.1662,2002.3570,2013.7274,2113.7009
2014-08-22,2066.3097,2004.3947,2014.6950,2112.7294
2014-08-25,2070.9453,2005.9440,2015.3928,2111.7124
2014-08-26,2073.2932,2007.4463,2015.9931,2110.5871
2014-08-27,2075.4108,2009.4333,2016.6725,2109.6918
2014-08-28,2076.0733,2011.9406,2016.8507,2108.8922
2014-08-29,2078.8309,2014.8087,2016.8106,2108.3132
2014-09-01,2081.7362,2018.1163,2016.8645,2107.6511
2014-09-02,2085.4213,2021.5720,2016.9908,2107.0349
2014-09-03,2090.1648,2025.6110,2017.3402,2106.7334
2014-09-04,2096.9446,2029.5996,2017.7292,2106.3480
2014-09-05,2104.9038,2034.1548,2018.6380,2105.9487
2014-09-09,2112.0714,2038.4246,2019.6545,2105.4054
2014-09-10,2118.9147,2042.5617,2020.6203,2104.9459
2014-09-11,2125.4717,2046.7003,2021.5175,2104.4058
2014-09-12,2133.3161,2050.8980,2022.7534,2103.9796
2014-09-15,2140.4065,2055.3533,2024.1837,2103.6320
2014-09-16,2143.3527,2058.8435,2025.1741,2102.9940
2014-09-17,2146.3621,2062.4309,2026.4076,2102.3551
2014-09-18,2150.2899,2067.1176,2028.0854,2101.6307
2014-09-19,2154.9126,2072.6749,2030.3154,2100.8618
2014-09-22,2157.0024,2077.2343,2031.7605,2099.8248
2014-09-23,2160.5623,2081.7534,2033.1245,2099.2291
2014-09-24,2166.8059,2086.8243,2034.7145,2098.5827
2014-09-25,2172.5314,2092.2415,2036.2473,2097.8086
2014-09-26,2178.9912,2097.9757,2038.2021,2097.1272
2014-09-29,2184.9987,2104.0075,2040.4677,2096.5996
2014-09-30,2190.1978,2109.7244,2042.9268,2096.0416
2014-10-08,2195.2108,2115.5645,2045.1755,2095.6014
2014-10-09,2198.6199,2121.4989,2047.3180,2095.2031
2014-10-10,2200.2742,2126.8333,2049.2719,2094.6170
2014-10-13,2199.6808,2131.5341,2051.4191,2093.9386
2014-10-14,2198.5336,2135.3889,2053.5216,2093.4331
2014-10-15,2198.7445,2139.1158,2056.0688,2093.0650
2014-10-16,2198.8583,2142.3545,2058.5420,2092.6408
2014-10-17,2198.6359,2145.2726,2060.8300,2092.3565
2014-10-20,2198.8843,2148.7363,2063.2973,2092.2466
2014-10-21,2201.3112,2151.4826,2065.4190,2091.9633
2014-10-22,2203.2027,2154.0211,2067.4319,2091.6058
2014-10-23,2203.8694,2156.3112,2069.4346,2091.0780
2014-10-24,2203.8348,2159.2196,2071.2380,2090.7565
2014-10-27,2204.5829,2161.4577,2072.9232,2090.1698
2014-10-28,2206.4763,2164.0467,2075.0125,2089.8039
2014-10-29,2208.4390,2167.3632,2077.5906,2089.5375
2014-10-30,2211.6039,2171.1960,2080.5759,2089.2584
2014-10-31,2216.4244,2176.1038,2083.7477,2089.2202
2014-11-03,2220.1154,2180.5581,2086.9479,2089.4547
2014-11-04,2222.6913,2184.2331,2090.1428,2089.5758
2014-11-05,2224.1134,2187.7030,2092.9778,2089.6179
2014-11-06,2226.4571,2191.4492,2095.8565,2089.8068
2014-11-07,2229.8601,2195.1108,2098.7339,2090.1327
2014-11-10,2236.7347,2199.7041,2102.0494,2090.7998
2014-11-11,2243.4359,2204.3851,2105.1645,2091.3384
2014-11-12,2250.8936,2210.1559,2108.8011,2091.9724
2014-11-13,2258.3965,2215.5487,2112.4910,2092.6709
2014-11-14,2265.9621,2221.2281,2116.5844,2093.5987
2014-11-17,2272.4878,2226.1990,2120.5039,2094.6719
2014-11-18,2279.6147,2230.6341,2124.3752,2095.6345
2014-11-19,2286.5213,2234.4611,2128.0165,2096.2853
2014-11-20,2294.3831,2237.9986,2131.8048,2096.9422
2014-11-21,2303.7754,2241.9520,2135.7758,2097.7419
2014-11-24,2317.2553,2246.3983,2140.2766,2099.0569
2014-11-25,2330.1852,2251.2922,2144.8584,2100.5354
2014-11-26,2342.9711,2256.9858,2149.7737,2102.1694
2014-11-27,2355.4902,2263.2034,2154.9519,2104.0037
2014-11-28,2368.7509,2270.2777,2160.5878,2106.0020
2014-12-01,2382.0996,2277.2353,2166.2943,2107.6366
2014-12-02,2401.5350,2287.5060,2173.1747,2109.7773
2014-12-03,2422.5876,2298.1932,2180.3121,2112.0060
2014-12-04,2449.5041,2311.1349,2189.1263,2114.9822
2014-12-05,2477.6837,2324.2193,2198.4471,2117.9952
2014-12-08,2508.7222,2340.3921,2208.8132,2121.5771
2014-12-09,2530.6984,2352.4395,2217.0964,2124.3123
2014-12-10,2555.7830,2365.7468,2226.2855,2127.4261
2014-12-11,2579.3679,2378.2833,2235.2624,2130.4387
2014-12-12,2603.0321,2390.8445,2244.4101,2133.5153
2014-12-15,2627.4189,2403.1671,2253.5873,2136.8400
2014-12-16,2656.2264,2417.0455,2263.3849,2140.9735
2014-12-17,2688.3366,2431.7114,2273.6380,2145.4278
2014-12-18,2719.0002,2446.1507,2283.8248,2149.9878
2014-12-19,2749.9898,2461.8382,2294.3357,2154.5511
2014-12-22,2778.8473,2478.0649,2304.7995,2159.0667
2014-12-23,2802.8476,2493.0178,2314.2033,2163.3404
2014-12-24,2820.0711,2505.5164,2322.3161,2167.2254
2014-12-25,2841.2180,2520.1473,2331.2509,2171.6519
2014-12-26,2865.2892,2536.9390,2341.1058,2176.5183
2014-12-29,2890.0718,2553.7103,2351.2233,2181.6040
2014-12-30,2910.0088,2570.9850,2361.2338,2186.5949
2014-12-31,2932.6569,2589.9749,2371.9980,2191.9622
2015-01-05,2954.3369,2611.3219,2383.8166,2197.7276
2015-01-06,2974.1117,2632.3301,2395.7748,2203.5142
2015-01-07,2988.0544,2653.7807,2407.6192,2209.1910
2015-01-08,3008.6206,2673.2972,2418.6720,2214.6617
2015-01-09,3024.1644,2692.0369,2429.7001,2220.3363
2015-01-12,3041.8790,2710.3933,2440.7947,2226.2724
2015-01-13,3060.2068,2728.3574,2452.2306,2232.0094
2015-01-14,3077.5921,2746.1578,2463.3579,2237.7186
2015-01-15,3096.2319,2766.4617,2475.3474,2243.8445
2015-01-16,3113.6087,2787.5095,2487.6063,2250.0386
2015-01-19,3118.6779,2803.0390,2497.2441,2255.1054
2015-01-20,3123.9048,2819.4561,2507.2835,2260.5055
2015-01-21,3136.2335,2837.8644,2518.7843,2266.7396
2015-01-22,3152.1151,2856.4895,2530.4373,2272.9151
2015-01-23,3173.8731,2874.7082,2542.4320,2279.2126
2015-01-26,3192.2084,2893.6720,2554.6104,2285.6414
2015-01-27,3203.7137,2912.0396,2566.6339,2291.7423
2015-01-28,3211.8994,2929.4749,2577.8370,2297.3238
2015-01-29,3217.6284,2946.1905,2588.4123,2302.6384
2015-01-30,3216.3201,2961.8944,2598.1777,2307.5843
2015-02-02,3205.1797,2975.6405,2606.8195,2312.0799
2015-02-03,3198.9202,2990.3880,2616.1700,2316.9496
2015-02-04,3191.1675,3003.3456,2624.8719,2321.7549
2015-02-05,3183.9562,3014.8056,2633.0489,2326.3517
2015-02-06,3174.0696,3024.4763,2640.7310,2330.6757
2015-02-09,3166.0074,3034.6002,2648.9018,2335.2097
2015-02-10,3160.2532,3044.9584,2657.6180,2340.1857
2015-02-11,3156.0185,3055.7254,2666.4803,2345.3320
2015-02-12,3147.3628,3064.7928,2676.1494,2350.6618
2015-02-13,3137.9153,3073.6406,2685.9169,2356.1622
2015-02-16,3142.9757,3080.4277,2695.7813,2361.9333
2015-02-17,3147.5458,3087.4009,2705.8101,2368.0627
2015-02-25,3142.9817,3091.5682,2715.9801,2373.8703
2015-02-26,3142.1184,3101.0575,2726.7485,2379.9365
2015-02-27,3140.3679,3108.5421,2737.1444,2385.9295
2015-03-02,3138.0987,3117.1644,2747.7238,2391.9856
2015-03-03,3132.6157,3123.8731,2757.3588,2397.7804
2015-03-04,3130.9524,3130.8884,2767.0277,2403.7477
2015-03-05,3129.7271,3135.5908,2776.3181,2409.6224
2015-03-06,3130.6081,3138.8030,2785.2572,2415.2163
2015-03-09,3139.2362,3143.7349,2794.9428,2421.1304
2015-03-10,3142.8953,3147.5502,2804.6942,2426.9830
2015-03-11,3148.7050,3151.2886,2814.6768,2433.0479
2015-03-12,3160.7672,3157.9735,2825.4957,2439.5086
2015-03-13,3176.0911,3166.8844,2836.2004,2446.1346
2015-03-16,3193.5053,3175.5151,2847.8312,2453.1866
2015-03-17,3209.5541,3182.6644,2859.8017,2460.3158
2015-03-18,3228.0067,3190.8993,2872.3048,2467.8010
2015-03-19,3244.6033,3198.6306,2884.8078,2475.1134
2015-03-20,3262.1537,3205.4393,2897.7071,2482.5695
2015-03-23,3283.0806,3211.9251,2911.6235,2490.5290
2015-03-24,3303.2989,3219.0758,2925.7029,2498.4705
2015-03-25,3322.5291,3225.3581,2939.5694,2506.2463
2015-03-26,3337.8203,3232.7374,2953.0173,2514.0149
2015-03-27,3354.0064,3240.4789,2966.2579,2521.9242
2015-03-30,3375.8443,3250.7505,2980.5719,2530.5739
2015-03-31,3399.8087,3259.7138,2994.0356,2538.8917
2015-04-01,3425.6997,3270.1314,3008.1446,2547.5462
2015-04-02,3451.9246,3277.8679,3022.1648,2556.1538
2015-04-03,3480.8581,3285.7028,3036.6061,2564.7920
2015-04-07,3510.3577,3300.4068,3051.7229,2573.7897
2015-04-08,3545.1490,3316.0478,3067.7520,2583.2429
2015-04-09,3578.1091,3328.0389,3082.9517,2592.5005
2015-04-10,3609.6747,3340.9973,3098.7434,2601.9540
2015-04-13,3644.8814,3355.2877,3114.9979,2611.8995
2015-04-14,3679.4584,3370.4151,3132.0436,2622.2673
2015-04-15,3711.8235,3385.9083,3148.9740,2632.7792
2015-04-16,3747.1005,3404.9798,3167.2274,2643.8656
2015-04-17,3790.8040,3427.9008,3187.0457,2655.7104
2015-04-20,3832.4434,3451.8887,3206.8915,2667.4540
2015-04-21,3869.3783,3477.6046,3226.6226,2679.2137
2015-04-22,3911.0468,3503.9265,3247.1572,2691.4665
2015-04-23,3954.1906,3530.5673,3266.9564,2703.6165
2015-04-24,3996.9624,3557.9399,3286.3728,2715.6156
2015-04-27,4046.3733,3589.4003,3306.9383,2728.3560
2015-04-28,4089.4137,3620.1130,3327.3566,2741.1542
2015-04-29,4133.6450,3649.0705,3347.0145,2753.8011
2015-04-30,4173.4540,3677.1055,3366.4154,2766.3549
2015-05-04,4216.5860,3705.5572,3385.1750,2779.1749
2015-05-05,4249.2773,3730.2475,3401.9441,2791.1281
2015-05-06,4274.8896,3753.1724,3416.8000,2802.9631
2015-05-07,4288.2922,3772.3464,3429.8737,2814.1604
2015-05-08,4307.0657,3793.6725,3442.6204,2825.7168
2015-05-11,4329.9055,3816.1122,3458.5848,2837.8406
2015-05-12,4351.7351,3839.8346,3474.1883,2850.2369
2015-05-13,4366.8517,3861.9164,3489.5404,2862.4014
2015-05-14,4381.3612,3885.4065,3504.6398,2874.5249
2015-05-15,4385.9768,3906.9895,3518.9389,2886.2631
2015-05-18,4379.0171,3927.6168,3531.6038,2897.4944
2015-05-19,4379.3672,3951.3923,3545.0977,2909.3678
2015-05-20,4379.6741,3973.7798,3558.7573,2921.2911
2015-05-21,4376.2987,3997.2878,3572.4190,2933.3774
2015-05-22,4379.6509,4022.9457,3587.1172,2945.9583
2015-05-25,4392.1798,4050.5049,3604.2392,2959.2213
2015-05-26,4400.2934,4079.0812,3622.9828,2972.6494
2015-05-27,4405.7619,4105.0157,3640.2654,2985.7581
2015-05-28,4394.7249,4123.1388,3652.9016,2997.0037
2015-05-29,4382.3992,4138.8625,3664.8809,3008.0521
2015-06-01,4378.0122,4158.9207,3678.7757,3020.0047
2015-06-02,4385.1629,4179.4512,3692.4453,3032.2216
2015-06-03,4397.2810,4198.8525,3705.3888,3044.6027
2015-06-04,4418.2733,4218.3362,3718.7060,3057.2404
2015-06-05,4439.9508,4240.6412,3732.9996,3070.3094
2015-06-08,4463.3042,4266.3057,3749.5216,3084.0968
2015-06-09,4479.3330,4289.9652,3765.2221,3097.4611
2015-06-10,4494.3130,4309.3038,3780.0272,3110.4109
2015-06-11,4509.0179,4329.0902,3794.4020,3123.3163
2015-06-12,4526.4637,4347.2951,3808.7133,3136.0356
2015-06-15,4543.1179,4364.0942,3820.9810,3148.1642
2015-06-16,4544.2748,4376.7590,3831.2309,3159.4186
2015-06-17,4549.7212,4389.5252,3844.9660,3171.1051
2015-06-18,4543.0904,4396.4644,3856.2561,3181.7698
2015-06-19,4517.3715,4398.6506,3863.3448,3191.0645
2015-06-23,4491.1852,4403.1091,3872.0532,3201.2453
2015-06-24,4465.0501,4407.1487,3881.2182,3211.8251
2015-06-25,4434.3298,4406.9642,3888.6897,3221.6500
2015-06-26,4405.8610,4400.7538,3893.3311,3229.9825
2015-06-29,4373.5849,4389.4563,3897.2180,3237.5275
2015-06-30,4344.2971,4380.3179,3904.1094,3246.2608
2015-07-01,4301.1063,4366.9164,3909.4025,3253.7901
2015-07-02,4250.3238,4351.2307,3914.4177,3260.6186
2015-07-03,4187.6108,4328.9618,3916.4441,3266.3070
2015-07-06,4127.8394,4310.1007,3920.3340,3272.6030
2015-07-07,4063.6536,4292.9822,3925.4610,3279.2550
2015-07-08,3994.9766,4269.4066,3929.4035,3285.0673
2015-07-09,3941.6180,4250.1856,3935.1493,3292.0255
2015-07-10,3899.7769,4235.5429,3942.3067,3299.9624
2015-07-13,3860.6363,4222.1680,3949.6368,3308.0586
2015-07-14,3818.9032,4205.0211,3955.2891,3315.7193
2015-07-15,3779.9513,4189.0286,3959.6381,3322.7775
2015-07-16,3737.3578,4174.5124,3963.8424,3329.8118
2015-07-17,3710.9189,4165.5151,3968.9307,3337.3704
2015-07-20,3698.3701,4155.1724,3974.4224,3345.2013
2015-07-21,3679.8021,4143.0678,3979.5900,3353.1692
2015-07-22,3655.5689,4128.6822,3984.2584,3360.7014
2015-07-23,3642.4170,4117.1903,3989.5533,3368.6386
2015-07-24,3641.0203,4104.6175,3995.0120,3376.1854
2015-07-27,3629.7291,4086.9572,3996.9734,3382.0005
2015-07-28,3602.6926,4069.7881,3998.7025,3387.5103
2015-07-29,3592.1418,4052.0262,4001.7093,3393.4832
2015-07-30,3582.0755,4032.1913,4002.9855,3398.9642
2015-07-31,3581.7768,4011.1530,4004.2204,3404.4573
2015-08-03,3573.0194,3987.4481,4005.1969,3409.9368
2015-08-04,3565.6261,3962.3607,4006.4328,3415.9642
2015-08-05,3563.8331,3934.8225,4006.9519,3421.5761
2015-08-06,3548.4874,3907.2757,4006.1457,3426.9885
2015-08-07,3526.2516,3888.1536,4005.6462,3432.7240
2015-08-10,3511.9963,3874.0069,4006.4347,3439.3698
2015-08-11,3503.1216,3855.0649,4006.9928,3445.9003
2015-08-12,3498.2048,3834.2454,4006.8483,3452.2777
2015-08-13,3495.6559,3813.8624,4006.3575,3458.9905
2015-08-14,3486.6400,3792.8618,4005.5990,3465.6510
2015-08-17,3475.9625,3769.5770,4005.1091,3472.3393
2015-08-18,3451.2093,3738.2298,4002.2678,3477.6425
2015-08-19,3430.8187,3709.2764,3999.6208,3482.9394
2015-08-20,3400.4437,3679.6426,3994.4732,3487.5226
2015-08-21,3366.4188,3647.5778,3988.3340,3491.1848
2015-08-24,3335.8330,3610.7050,3979.0000,3493.5723
2015-08-25,3297.8823,3571.6939,3967.8940,3495.0294
2015-08-26,3252.0387,3535.1318,3955.9454,3496.2758
2015-08-27,3220.5459,3500.5212,3945.0232,3498.3730
2015-08-28,3196.5430,3472.5340,3934.4992,3501.1256
2015-08-31,3175.6485,3450.7589,3924.7048,3503.8282
2015-09-01,3150.3062,3426.0091,3914.5591,3506.6513
2015-09-02,3130.1631,3400.8677,3904.0082,3509.5031
2015-09-07,3106.4433,3376.1211,3891.5427,3511.7931
2015-09-08,3082.4110,3358.7736,3879.7637,3514.3688
2015-09-09,3051.2436,3345.0703,3867.2633,3517.2453
2015-09-10,3020.1628,3325.4111,3852.8645,3519.9551
2015-09-11,2990.3093,3309.9266,3838.4215,3522.6565
2015-09-14,2956.3061,3296.2553,3823.7430,3525.1828
2015-09-15,2918.0794,3285.0492,3807.0055,3527.0814
2015-09-16,2887.1839,3273.3149,3791.7078,3529.3321
2015-09-17,2865.8007,3259.0886,3776.0354,3531.2041
2015-09-18,2842.8890,3248.4414,3758.9240,3532.9312
2015-09-21,2828.9512,3234.5759,3742.3807,3534.8687
2015-09-22,2823.6427,3217.1242,3726.3335,3536.6740
2015-09-23,2827.1799,3197.3224,3709.7452,3538.0803
2015-09-24,2842.0197,3180.9404,3692.9808,3539.0779
2015-09-25,2855.0799,3165.1832,3677.1059,3539.5250
2015-09-28,2859.4462,3149.3565,3661.9345,3539.3673
2015-09-29,2853.9049,3129.7284,3647.6218,3538.7477
2015-09-30,2847.3363,3110.3454,3632.7589,3537.6896
2015-10-08,2843.7814,3091.6009,3617.3343,3537.9596
2015-10-09,2839.3571,3074.3830,3601.5326,3537.8605
2015-10-12,2845.7881,3057.4696,3587.3299,3538.4352
2015-10-13,2849.2414,3042.0621,3573.3398,3538.9898
2015-10-14,2848.9418,3032.7554,3559.8563,3539.3976
2015-10-15,2853.7905,3025.8503,3547.8192,3539.7115
2015-10-16,2862.2971,3017.9887,3535.0075,3540.0526
2015-10-19,2872.2559,3012.3275,3522.2594,3540.5084
2015-10-20,2891.3042,3008.8602,3510.0066,3541.2128
2015-10-21,2899.8214,3004.0357,3495.7419,3541.4295
2015-10-22,2913.9057,2998.4004,3480.3806,3542.3099
2015-10-23,2927.9017,2994.0689,3464.4457,3543.7142
2015-10-26,2939.1853,2990.8551,3449.0654,3544.6654
2015-10-27,2949.1299,2986.2754,3437.2145,3545.0581
2015-10-28,2960.2041,2976.6055,3425.3062,3545.0936
2015-10-29,2970.4126,2967.8568,3411.4608,3545.1183
2015-10-30,2984.6315,2959.7539,3396.9996,3544.7225
2015-11-02,2996.5714,2949.7227,3381.7926,3543.5907
2015-11-03,3011.1598,2939.5364,3366.1991,3542.4525
2015-11-04,3030.1911,2932.0368,3350.8069,3541.9033
2015-11-05,3050.1240,2931.1667,3334.6983,3542.1099
2015-11-06,3070.9690,2930.4431,3319.8598,3542.5409
2015-11-09,3088.1967,2932.5707,3306.1067,3543.0669
2015-11-10,3104.5812,2937.3270,3292.4524,3543.4272
2015-11-11,3122.4349,2947.3961,3279.0505,3543.8819
2015-11-12,3135.9153,2961.0635,3266.3787,3543.6799
2015-11-13,3143.9031,2974.7345,3254.9331,3543.0820
2015-11-16,3152.2268,2984.9998,3242.7605,3543.8633
2015-11-17,3155.8644,2992.5887,3232.5614,3544.4087
2015-11-18,3160.7679,2998.0834,3224.4212,3543.8830
2015-11-19,3164.6660,3004.1443,3215.0767,3543.5650
2015-11-20,3168.5602,3009.4277,3205.1477,3543.1829
2015-11-23,3172.5732,3017.3070,3196.7141,3542.7019
2015-11-24,3176.0519,3023.7318,3191.2527,3542.2919
2015-11-25,3183.0458,3029.3264,3187.1984,3542.2082
2015-11-26,3188.4756,3035.1820,3180.2965,3542.2030
2015-11-27,3184.6101,3037.4742,3173.7004,3541.5515
2015-11-30,3181.7642,3039.9060,3168.0806,3541.2492
2015-12-01,3180.8974,3044.6636,3164.8564,3540.6503
2015-12-02,3177.6812,3048.2358,3160.7753,3540.5547
2015-12-03,3170.3040,3052.9681,3156.0283,3540.7447
2015-12-04,3158.5082,3056.6908,3152.5661,3540.9848
2015-12-07,3146.0264,3059.4008,3146.9884,3541.0688
2015-12-08,3131.9206,3060.6382,3138.8812,3540.5940
2015-12-09,3116.5588,3063.1477,3130.2350,3539.9359
2015-12-10,3101.1186,3064.7031,3122.8218,3539.0555
2015-12-11,3086.9434,3067.4799,3116.3315,3537.9848
2015-12-14,3076.5977,3071.8605,3110.6085,3537.2255
2015-12-15,3065.2838,3077.1403,3103.4344,3536.1826
2015-12-16,3056.3710,3081.6973,3096.0213,3535.2219
2015-12-17,3048.1153,3085.8779,3088.7394,3534.1647
2015-12-18,3039.9052,3089.6469,3082.0150,3533.1367
2015-12-21,3033.0260,3092.2022,3074.8359,3532.1946
2015-12-22,3026.8713,3094.7838,3068.4229,3531.7175
2015-12-23,3019.0604,3097.3739,3065.0646,3531.0190
2015-12-24,3010.5614,3097.8903,3061.8703,3530.2864
2015-12-25,3011.6458,3097.2137,3057.6012,3529.6552
2015-12-28,3009.5584,3094.8270,3053.5772,3528.2814
2015-12-29,3006.8263,3090.8724,3049.8663,3527.0434
2015-12-30,3000.3277,3088.4383,3046.2370,3525.7169
2015-12-31,2992.2729,3084.3150,3041.3577,3523.8953
2016-01-04,2975.2082,3075.6134,3034.8411,3520.8965
2016-01-05,2956.3684,3066.2741,3028.5646,3517.3551
2016-01-06,2943.3905,3058.3425,3022.3090,3513.9776
2016-01-07,2921.0918,3047.5028,3012.0542,3509.2444
2016-01-08,2902.4690,3037.5257,3002.6913,3504.8420
2016-01-11,2880.3412,3025.7638,2992.7588,3499.8036
2016-01-12,2855.4362,3015.4064,2982.5646,3494.4610
2016-01-13,2827.4833,3003.6697,2971.6030,3488.6010
2016-01-14,2802.6370,2990.6757,2961.3563,3483.2327
2016-01-15,2769.6380,2973.6835,2952.4251,3477.3464
2016-01-18,2737.7499,2956.3593,2943.4012,3471.5110
2016-01-19,2709.9665,2940.9101,2936.7404,3465.6068
2016-01-20,2681.9207,2925.7195,2931.5233,3459.9287
2016-01-21,2649.2809,2908.1123,2927.7542,3453.3771
2016-01-22,2620.2037,2891.6056,2926.3346,3447.1143
2016-01-25,2590.8427,2875.9895,2925.3620,3440.6537
2016-01-26,2558.0005,2857.1364,2921.0681,3433.0457
2016-01-27,2523.6351,2837.9807,2915.2847,3424.8920
2016-01-28,2484.5578,2817.9542,2908.0188,3416.3618
2016-01-29,2450.5495,2798.6684,2901.4064,3407.9827
2016-02-01,2425.5389,2778.4048,2893.9163,3398.9622
2016-02-02,2404.2944,2758.9625,2888.1348,3389.8387
2016-02-03,2379.3600,2739.6657,2881.6987,3380.7312
2016-02-04,2366.1965,2720.7630,2875.0447,3371.1540
2016-02-05,2349.7304,2702.0276,2868.6048,3360.7347
2016-02-15,2337.0099,2686.7237,2862.0989,3350.2602
2016-02-16,2326.7877,2673.4158,2856.6609,3340.2019
2016-02-17,2323.2169,2660.5975,2852.6305,3329.8180
2016-02-18,2316.2652,2646.1093,2847.1725,3319.4401
2016-02-19,2314.4415,2631.3385,2842.1533,3309.0943
2016-02-22,2313.5393,2618.3718,2837.5313,3298.2276
2016-02-23,2305.1945,2604.5774,2831.9891,3287.1849
2016-02-24,2298.9600,2592.5353,2826.5868,3276.4602
2016-02-25,2289.0465,2577.1074,2820.1275,3264.9364
2016-02-26,2277.9321,2562.3310,2813.5171,3253.2489
2016-02-29,2262.8954,2546.3703,2806.9251,3242.0155
2016-03-01,2257.7892,2529.6130,2800.7367,3231.3356
2016-03-02,2258.8559,2515.4095,2796.2749,3221.9483
2016-03-03,2265.1086,2501.4493,2791.5733,3212.1661
2016-03-04,2267.6312,2486.4748,2786.1763,3201.7553
2016-03-07,2273.4274,2471.8137,2780.7303,3191.1315
2016-03-08,2277.0223,2456.5611,2774.3816,3180.8558
2016-03-09,2279.7143,2440.8029,2767.7933,3170.5665
2016-03-10,2278.0269,2424.3497,2760.8618,3160.3590
2016-03-11,2277.5225,2408.8121,2753.3512,3150.5852
2016-03-14,2280.2228,2394.1545,2745.6841,3140.3458
2016-03-15,2278.8064,2381.1150,2737.9710,3130.1152
2016-03-16,2275.3120,2367.9918,2729.4321,3119.7193
2016-03-17,2274.1235,2355.6276,2722.0329,3108.8874
2016-03-18,2275.3968,2344.5880,2714.4515,3097.4160
2016-03-21,2276.5293,2338.9002,2707.2568,3085.8512
2016-03-22,2278.9192,2333.5977,2699.9359,3074.5006
2016-03-23,2279.7711,2327.0875,2692.7150,3064.9648
2016-03-24,2288.9665,2324.2572,2685.8800,3055.5931
2016-03-25,2298.1407,2320.5997,2679.0627,3045.2618
2016-03-28,2310.9956,2318.6321,2672.1979,3034.5988
2016-03-29,2320.3887,2315.5940,2665.5002,3023.6464
2016-03-30,2326.9436,2315.1936,2659.4317,3012.8154
2016-03-31,2333.2653,2313.7006,2652.1881,3001.4975
2016-04-01,2339.0135,2314.2249,2643.9542,2989.3262
2016-04-05,2345.5859,2314.9481,2635.6537,2977.7567
2016-04-06,2352.1962,2313.4530,2627.1815,2966.6441
2016-04-07,2358.5305,2311.4468,2618.5832,2955.5178
2016-04-08,2366.8873,2311.3922,2609.7523,2944.4014
2016-04-11,2375.5740,2310.9602,2601.2829,2933.8308
2016-04-12,2381.3118,2310.3421,2593.1658,2924.0495
2016-04-13,2387.8169,2313.0415,2585.0890,2913.9247
2016-04-14,2394.5703,2316.3659,2577.1733,2904.8673
2016-04-15,2399.8371,2321.7393,2569.8468,2897.1340
2016-04-18,2401.7442,2325.0659,2561.8672,2888.4719
2016-04-19,2401.8645,2329.4305,2553.9176,2879.5327
2016-04-20,2401.3359,2332.4143,2545.6884,2871.2013
2016-04-21,2399.2316,2335.0362,2537.3509,2864.3018
2016-04-22,2399.3693,2337.5264,2529.1447,2858.1715
2016-04-25,2398.4460,2340.0859,2521.0567,2850.6766
2016-04-26,2398.3552,2343.1702,2514.9469,2844.3237
2016-04-27,2399.4241,2344.6486,2509.0322,2838.5564
2016-04-28,2398.4212,2345.2753,2502.9364,2833.8964
2016-04-29,2397.6136,2346.2400,2496.1746,2828.4750
2016-05-03,2399.5726,2348.2774,2489.8079,2822.9181
2016-05-04,2399.7101,2349.4164,2483.8941,2818.2301
2016-05-05,2399.9775,2351.3661,2477.9718,2812.4801
2016-05-06,2399.2369,2351.5576,2472.0464,2805.4638
2016-05-09,2397.9414,2354.9502,2466.0288,2798.1319
2016-05-10,2396.3064,2358.3100,2460.3205,2791.5711
2016-05-11,2396.0407,2363.6003,2454.9853,2785.6584
2016-05-12,2395.1562,2367.9883,2448.8007,2779.7046
2016-05-13,2392.4762,2369.8140,2442.6118,2773.0231
2016-05-16,2390.3221,2371.8247,2436.6370,2766.3292
2016-05-17,2388.9564,2373.5960,2430.0354,2759.3874
2016-05-18,2386.6157,2374.7058,2423.2597,2752.6374
2016-05-19,2384.7614,2375.5099,2416.0355,2745.4357
2016-05-20,2384.5522,2376.9714,2408.8871,2738.6550
2016-05-23,2383.8053,2379.8377,2402.0937,2733.5792
2016-05-24,2383.1276,2382.3279,2395.5700,2728.7201
2016-05-25,2381.5136,2383.6865,2388.9205,2723.2608
2016-05-26,2379.7744,2385.0358,2383.0754,2718.3263
2016-05-27,2377.4639,2386.1361,2377.0639,2713.4651
2016-05-30,2375.2041,2386.6722,2371.1499,2708.6934
2016-05-31,2373.7212,2387.6072,2366.0976,2703.7277
2016-06-01,2372.4134,2387.7700,2363.3351,2699.0881
2016-06-02,2370.9806,2388.1907,2360.8942,2694.7294
2016-06-03,2373.4520,2389.0299,2358.0587,2690.1838
2016-06-06,2376.9541,2390.1453,2357.2013,2684.6277
2016-06-07,2380.1682,2391.1210,2355.8603,2679.2758
2016-06-08,2381.8818,2391.9547,2355.2934,2674.0261
2016-06-13,2380.7401,2392.1289,2353.8615,2668.2130
2016-06-14,2381.0858,2391.4709,2353.3323,2662.4676
2016-06-15,2382.3689,2391.4661,2352.5834,2656.9698
2016-06-16,2382.9781,2391.1818,2352.7034,2652.5643
2016-06-17,2385.0537,2390.4929,2352.7205,2648.0609
2016-06-20,2387.5049,2389.6334,2351.5432,2644.1418
2016-06-21,2389.0715,2389.1878,2350.3173,2640.9203
2016-06-22,2390.8561,2389.4253,2350.4087,2639.0815
2016-06-23,2392.4868,2389.0930,2350.0266,2638.1806
2016-06-24,2393.0527,2388.3829,2349.3625,2637.3622
2016-06-27,2395.9594,2388.2928,2350.6672,2635.8676
2016-06-28,2400.0861,2388.3424,2352.3541,2633.8194
2016-06-29,2404.0387,2388.3529,2355.0461,2631.5325
2016-06-30,2405.0307,2388.9218,2356.9939,2629.2001
2016-07-01,2405.9046,2389.3861,2359.4083,2626.6623
2016-07-04,2407.0230,2390.4656,2361.4399,2624.7874
2016-07-05,2405.9874,2391.7322,2363.3842,2622.5415
2016-07-06,2406.5865,2393.0321,2365.2793,2620.1620
2016-07-07,2406.8753,2394.4927,2367.2893,2617.9470
2016-07-08,2407.0463,2395.4312,2369.3007,2615.6998
2016-07-11,2410.2123,2396.4442,2370.5464,2613.6036
2016-07-12,2415.5684,2398.3298,2371.8026,2612.2165
2016-07-13,2419.6229,2400.2698,2373.2549,2610.2137
2016-07-14,2424.2060,2401.0352,2374.6563,2608.4048
2016-07-15,2428.2617,2401.9136,2375.6650,2606.5981
2016-07-18,2431.6954,2402.3206,2376.8434,2604.4162
2016-07-19,2434.4409,2403.2694,2377.4135,2602.0001
2016-07-20,2435.9661,2404.6352,2379.7927,2599.9601
2016-07-21,2438.6830,2406.0437,2382.1768,2597.8469
2016-07-22,2441.9268,2406.7373,2385.1688,2596.0469
2016-07-25,2443.4615,2407.6149,2387.8016,2594.2692
2016-07-26,2445.6240,2409.6015,2389.7078,2592.9913
2016-07-27,2445.6541,2410.4857,2391.1552,2591.3642
2016-07-28,2446.0789,2411.7708,2392.6834,2589.4299
2016-07-29,2445.7399,2413.0358,2393.8708,2587.3005
2016-08-01,2443.7932,2414.0783,2394.7941,2584.5879
2016-08-02,2442.9743,2415.1011,2396.0362,2581.9148
2016-08-03,2441.2242,2415.9997,2397.9187,2579.3902
2016-08-04,2440.4962,2417.4402,2399.8840,2576.6176
2016-08-05,2441.1319,2419.2785,2401.4825,2573.5833
2016-08-08,2442.9518,2421.7151,2403.3754,2570.6732
2016-08-09,2443.1227,2424.5933,2405.3647,2567.3984
2016-08-10,2442.2204,2427.0764,2406.8743,2564.4536
2016-08-11,2441.2020,2428.0275,2407.8173,2561.1344
2016-08-12,2442.5445,2429.9660,2408.8680,2558.0624
2016-08-15,2448.5301,2433.3404,2410.7655,2555.3507
2016-08-16,2456.2171,2436.3754,2412.7027,2552.7088
2016-08-17,2462.9881,2439.0487,2414.5970,2550.2385
2016-08-18,2468.8551,2441.5184,2416.3197,2547.6912
2016-08-19,2475.1151,2444.0306,2417.9927,2545.0953
2016-08-22,2480.2867,2447.4335,2419.7812,2542.6407
2016-08-23,2484.0328,2450.7803,2421.1256,2540.2786
2016-08-24,2489.3650,2453.2841,2422.3751,2537.2816
2016-08-25,2492.7195,2455.6674,2423.4246,2533.6894
2016-08-26,2496.7747,2457.7242,2424.1085,2529.8811
2016-08-29,2502.7410,2460.1727,2424.9030,2526.0423
2016-08-30,2508.3747,2462.8223,2426.0051,2522.2941
2016-08-31,2515.2382,2465.7525,2427.5889,2518.6706
2016-09-01,2519.8280,2468.3767,2428.7349,2515.0089
2016-09-02,2524.0341,2471.6710,2430.0270,2511.5964
2016-09-05,2526.8414,2474.0679,2431.1803,2508.1347
2016-09-06,2529.3225,2476.2878,2432.3151,2504.7442
2016-09-07,2532.1541,2478.3225,2433.3377,2501.5922
2016-09-08,2535.8186,2480.3426,2434.6322,2498.2497
2016-09-09,2535.8848,2481.9581,2435.6721,2494.7949
2016-09-12,2530.6677,2482.7982,2436.6319,2491.1602
2016-09-13,2524.9446,2483.9583,2437.8453,2487.5981
2016-09-14,2520.0188,2484.4217,2438.7269,2483.9358
2016-09-19,2516.4752,2485.3584,2439.9255,2480.4911
2016-09-20,2513.3561,2486.5546,2440.9929,2477.9699
2016-09-21,2511.2343,2487.8423,2442.1432,2475.5877
2016-09-22,2509.9451,2488.5310,2443.4304,2473.1834
2016-09-23,2509.0198,2489.0428,2444.6563,2470.4155
2016-09-26,2507.3699,2488.9329,2444.9841,2467.3960
2016-09-27,2506.4960,2489.0179,2445.4657,2464.6799
2016-09-28,2504.4566,2489.2772,2445.7989,2461.8853
2016-09-29,2503.1391,2490.3016,2446.7855,2459.4160
2016-09-30,2500.9966,2491.7647,2448.1999,2457.1144
2016-10-10,2501.7854,2493.6176,2449.8306,2455.0756
2016-10-11,2502.8588,2496.0438,2451.3906,2453.1879
2016-10-12,2503.7058,2498.1656,2452.8903,2450.8455
2016-10-13,2503.6980,2499.5174,2454.5595,2448.5856
2016-10-14,2504.1338,2501.7144,2456.1000,2446.3685
2016-10-17,2503.5003,2503.3112,2457.5410,2443.7882
2016-10-18,2505.1825,2505.7351,2459.3854,2441.3226
2016-10-19,2508.1120,2508.5258,2461.3020,2438.6688
2016-10-20,2511.1648,2511.2345,2463.1678,2436.0274
2016-10-21,2514.8170,2513.8588,2464.9292,2433.5115
2016-10-24,2518.8708,2516.7082,2467.0742,2431.3221
2016-10-25,2523.4997,2519.5017,2469.3901,2429.1553
2016-10-26,2527.9755,2521.8518,2471.7835,2427.4294
2016-10-27,2531.1160,2523.7283,2474.1608,2425.6124
2016-10-28,2534.7690,2526.0623,2476.5693,2423.8596
2016-10-31,2540.5343,2528.6659,2478.3467,2422.2221
2016-11-01,2546.3128,2530.5252,2480.2456,2421.7904
2016-11-02,2552.0611,2530.6896,2482.0150,2421.4546
2016-11-03,2557.6006,2530.8550,2483.6152,2420.8370
2016-11-04,2561.6105,2531.2137,2485.1312,2421.1662
2016-11-07,2563.8938,2531.6331,2486.5758,2421.2180
2016-11-08,2566.8370,2532.7326,2488.3816,2421.8375
2016-11-09,2569.6727,2533.9200,2490.6768,2422.2691
2016-11-10,2573.6342,2535.3579,2493.0691,2423.2007
2016-11-11,2577.4897,2536.9643,2495.1242,2423.8538
2016-11-14,2581.3847,2538.7773,2497.2223,2424.9628
2016-11-15,2584.3106,2540.7495,2499.2368,2425.9787
2016-11-16,2587.3893,2542.3851,2501.2789,2426.4110
2016-11-17,2590.2371,2543.9795,2503.4009,2426.8591
2016-11-18,2592.3357,2544.6978,2505.2251,2427.8169
2016-11-21,2593.6416,2546.2336,2507.3051,2428.6659
2016-11-22,2594.7276,2547.7791,2509.7251,2429.5438
2016-11-23,2596.8070,2549.8381,2511.9530,2431.3101
2016-11-24,2599.9078,2551.9625,2514.1251,2433.2396
2016-11-25,2603.5910,2554.6370,2516.4798,2435.7629
2016-11-28,2607.0959,2557.1768,2518.7597,2437.8768
2016-11-29,2611.6534,2560.8327,2521.3954,2440.4018
2016-11-30,2615.1255,2564.4727,2523.6355,2442.5377
2016-12-01,2618.8113,2568.4017,2526.1800,2444.7821
2016-12-02,2622.2447,2572.1040,2528.2628,2446.7710
2016-12-05,2624.8397,2574.9789,2530.1686,2448.7290
2016-12-06,2626.5759,2578.0205,2532.2875,2450.7941
2016-12-07,2628.8138,2580.9518,2534.3971,2452.4717
2016-12-08,2631.2156,2583.8662,2536.1986,2454.0006
2016-12-09,2634.4963,2587.1549,2538.0988,2455.6769
2016-12-12,2636.4657,2590.4156,2539.6742,2457.1653
2016-12-13,2637.8444,2593.2888,2541.1534,2458.4092
2016-12-14,2638.6033,2596.0438,2542.6605,2459.7519
2016-12-15,2636.7050,2597.4058,2543.8537,2460.6336
2016-12-16,2635.5380,2598.5144,2545.1395,2462.4661
2016-12-19,2633.5404,2598.9356,2546.2766,2464.2267
2016-12-20,2630.4514,2598.8161,2547.4300,2466.2994
2016-12-21,2626.6582,2599.0190,2548.5923,2468.1970
2016-12-22,2621.5980,2599.1225,2549.3199,2469.5139
2016-12-23,2614.3890,2598.7391,2550.2267,2470.6910
2016-12-26,2607.6005,2598.8169,2551.0640,2471.8737
2016-12-27,2598.9728,2598.3488,2552.0419,2472.9564
2016-12-28,2591.4322,2597.8008,2553.1633,2473.9787
2016-12-29,2583.2175,2597.2228,2554.2286,2475.1324
2016-12-30,2577.2376,2597.0723,2555.4655,2476.6921
2017-01-03,2573.5504,2596.8507,2556.7795,2478.3318
2017-01-04,2571.3654,2597.1668,2558.3342,2479.9084
2017-01-05,2568.8271,2597.2924,2559.5721,2481.4738
2017-01-06,2564.5236,2597.2292,2560.4788,2482.9217
2017-01-09,2559.7929,2597.1644,2561.6133,2484.2438
2017-01-10,2557.1247,2597.0517,2562.8588,2485.3381
2017-01-11,2553.6902,2596.2398,2563.3825,2486.1253
2017-01-12,2550.4480,2595.3985,2563.0441,2486.9048
2017-01-13,2550.2329,2594.4587,2562.6569,2487.6798
2017-01-16,2550.5327,2594.0832,2562.6484,2488.6227
2017-01-17,2551.7119,2594.0629,2562.8480,2489.5838
2017-01-18,2555.1241,2594.1310,2563.4318,2490.7122
2017-01-19,2557.7553,2594.2521,2564.0861,2491.9336
2017-01-20,2561.6175,2594.3158,2564.8369,2492.9812
2017-01-23,2566.7799,2594.4552,2565.7097,2494.0424
2017-01-24,2572.0265,2595.0736,2566.9254,2495.1750
2017-01-25,2577.6691,2595.6922,2568.2208,2496.1647
2017-01-26,2583.7393,2596.3408,2569.3630,2497.1330
2017-02-03,2589.0322,2596.7408,2570.3601,2498.1826
2017-02-06,2593.3384,2597.4733,2571.0855,2499.3372
2017-02-07,2596.4202,2597.9622,2572.0979,2500.4164
2017-02-08,2598.0705,2598.5040,2573.1415,2501.5842
2017-02-09,2600.2867,2598.6843,2574.2612,2502.7208
2017-02-10,2603.5558,2598.6884,2575.3254,2503.8203
2017-02-13,2607.8895,2598.8838,2576.7604,2505.0491
2017-02-14,2611.9741,2599.0030,2578.0899,2506.3611
2017-02-15,2616.8522,2598.3193,2579.5760,2507.6240
2017-02-16,2622.5734,2598.3777,2581.4252,2509.0286
2017-02-17,2627.8992,2598.0939,2583.2478,2510.5465
2017-02-20,2635.2889,2599.3009,2585.7025,2512.2147
2017-02-21,2641.9255,2600.8972,2587.9380,2513.9318
2017-02-22,2647.8781,2602.6519,2590.3362,2515.6645
2017-02-23,2653.7870,2604.2414,2592.5966,2517.3699
2017-02-24,2658.8374,2605.3645,2594.6153,2519.0229
2017-02-27,2662.6810,2605.7291,2596.4420,2520.5492
2017-02-28,2666.1034,2606.9287,2598.6721,2521.8281
2017-03-01,2669.2258,2608.2448,2600.7668,2523.1163
2017-03-02,2671.5654,2609.5256,2602.7847,2524.2918
2017-03-03,2674.5746,2611.8886,2604.6472,2525.7164
2017-03-06,2677.8453,2614.3962,2606.4553,2527.3276
2017-03-07,2682.2745,2617.4558,2608.1957,2529.0132
2017-03-08,2685.9949,2620.7214,2609.7687,2530.5797
2017-03-09,2688.5182,2623.4283,2611.2237,2532.0570
2017-03-10,2691.3063,2626.5717,2612.8471,2533.7033
2017-03-13,2693.9235,2630.6976,2614.7184,2535.4092
2017-03-14,2696.5738,2634.5923,2616.7046,2537.1228
2017-03-15,2699.7352,2638.6243,2618.4865,2538.9360
2017-03-16,2702.5792,2642.8365,2620.3187,2540.8103
2017-03-17,2704.3983,2646.5662,2621.8945,2542.5311
2017-03-20,2704.4826,2650.1989,2623.6356,2544.2824
2017-03-21,2706.5120,2654.0818,2625.4663,2546.2702
2017-03-22,2707.6487,2657.1652,2627.1660,2548.2780
2017-03-23,2709.4811,2660.5030,2628.8977,2550.3406
2017-03-24,2712.6069,2664.5979,2630.9135,2552.5372
2017-03-27,2715.9552,2668.1940,2632.6792,2554.6243
2017-03-28,2718.8971,2671.6376,2634.3447,2556.3457
2017-03-29,2721.7358,2675.4630,2635.8514,2558.0485
2017-03-30,2724.6414,2679.2030,2637.3008,2559.6579
2017-03-31,2728.6842,2683.2692,2638.8639,2561.2396
2017-04-05,2733.7010,2687.6635,2640.8734,2563.0023
2017-04-06,2738.3667,2692.1178,2643.0903,2564.8330
2017-04-07,2743.3007,2695.9920,2645.0615,2566.7215
2017-04-10,2748.4580,2699.7094,2646.9807,2568.8288
2017-04-11,2753.0801,2703.1567,2648.7363,2570.9027
2017-04-12,2756.2234,2706.4750,2650.4651,2572.7946
2017-04-13,2759.6673,2709.6486,2652.3611,2574.7917
2017-04-14,2762.0872,2712.3915,2654.0418,2576.6393
2017-04-17,2764.4704,2715.1289,2655.7349,2578.5069
2017-04-18,2768.2713,2718.2619,2657.5013,2580.4511
2017-04-19,2770.7346,2721.1574,2659.3154,2582.2703
2017-04-20,2773.1852,2724.7878,2661.3750,2584.3401
2017-04-21,2775.8931,2728.2942,2663.3991,2586.5621
2017-04-24,2777.0977,2731.2274,2664.9559,2588.4544
2017-04-25,2778.3042,2734.4972,2666.5928,2590.3590
2017-04-26,2779.9892,2737.0339,2667.9588,2592.2193
2017-04-27,2782.0964,2739.6866,2669.3448,2594.0523
2017-04-28,2783.6341,2742.1758,2670.2475,2595.8215
2017-05-02,2785.2524,2744.2746,2671.3261,2597.4808
2017-05-03,2785.8594,2746.4532,2672.2736,2599.2268
2017-05-04,2784.7688,2747.4555,2673.3782,2600.8205
2017-05-05,2782.6209,2748.3959,2674.6465,2602.4076
2017-05-08,2779.9633,2748.8260,2675.7390,2604.0132
2017-05-09,2777.7359,2749.2889,2676.7652,2605.5811
2017-05-10,2776.0235,2750.0312,2677.6979,2606.9482
2017-05-11,2775.8586,2751.7461,2678.7376,2608.4182
2017-05-12,2777.4012,2754.1678,2680.5482,2610.1112
2017-05-15,2780.6668,2756.9679,2682.6063,2611.8798
2017-05-16,2784.6963,2760.3813,2684.9535,2613.8070
2017-05-17,2786.8304,2763.1642,2687.5264,2615.6901
2017-05-18,2789.0820,2765.6521,2690.0242,2617.5818
2017-05-19,2790.3320,2768.0108,2692.7333,2619.5050
2017-05-22,2792.8497,2771.0361,2695.8787,2621.6544
2017-05-23,2798.7198,2775.3081,2699.3682,2623.9803
2017-05-24,2803.1391,2779.2303,2702.9010,2626.1105
2017-05-25,2810.3816,2783.6171,2707.1574,2628.6921
2017-05-26,2817.2293,2787.9488,2711.2705,2631.1673
2017-05-31,2825.0635,2792.3071,2715.4657,2633.7538
2017-06-01,2834.9014,2797.2035,2720.0200,2636.5916
2017-06-02,2843.6196,2802.1418,2724.3540,2639.2913
2017-06-05,2851.2829,2806.1756,2728.1873,2641.8264
2017-06-06,2860.6673,2810.0581,2732.0699,2644.4247
2017-06-07,2872.6766,2814.8372,2736.0012,2647.1677
2017-06-08,2886.4254,2820.0667,2740.2848,2649.9285
2017-06-09,2900.8649,2825.3344,2744.9661,2652.7224
2017-06-12,2914.9641,2831.3497,2749.7718,2655.6926
2017-06-13,2927.1945,2837.4867,2754.5622,2658.7105
2017-06-14,2935.6605,2842.5377,2759.0004,2661.1914
2017-06-15,2942.1738,2847.3943,2763.2986,2663.1713
2017-06-16,2949.2627,2851.3956,2767.3324,2664.9946
2017-06-19,2958.1152,2855.4178,2771.5407,2667.0946
2017-06-20,2965.6534,2858.9254,2775.5216,2669.1848
2017-06-21,2974.2223,2863.4048,2779.6984,2671.5651
2017-06-22,2981.4288,2868.4964,2784.1029,2674.0945
2017-06-23,2990.3192,2874.1259,2788.6413,2676.7391
2017-06-26,2998.5928,2880.5648,2793.5199,2679.6148
2017-06-27,3007.9503,2887.2620,2798.4553,2682.6904
2017-06-28,3015.6824,2893.7452,2803.0683,2685.6446
2017-06-29,3022.9188,2900.5829,2807.8559,2688.6094
2017-06-30,3030.9203,2907.2013,2812.7316,2691.5459
2017-07-03,3038.5645,2913.3076,2817.2325,2694.1590
2017-07-04,3043.3341,2918.1176,2821.4527,2696.7753
2017-07-05,3048.7119,2923.9647,2826.1295,2699.6355
2017-07-06,3052.8042,2930.3492,2830.7883,2702.5248
2017-07-07,3054.4196,2935.7806,2835.1389,2705.2322
2017-07-10,3055.6176,2941.6010,2839.3175,2708.0389
2017-07-11,3058.6619,2948.1129,2843.8997,2710.9948
2017-07-12,3063.4557,2954.4664,2848.3211,2713.9485
2017-07-13,3070.9523,2961.6742,2852.9744,2717.1998
2017-07-14,3080.6236,2969.3014,2857.8773,2720.5625
2017-07-17,3088.6590,2976.9739,2862.2147,2723.9586
2017-07-18,3097.0833,2984.7104,2866.5532,2727.2456
2017-07-19,3104.7690,2993.3271,2871.0765,2730.7064
2017-07-20,3112.5841,3002.4357,2875.8623,2734.2295
2017-07-21,3118.4010,3011.0769,2880.5541,2737.5847
2017-07-24,3123.1910,3019.4978,2885.6219,2741.0320
2017-07-25,3126.6215,3026.9501,2890.5589,2744.6155
2017-07-26,3130.1605,3033.5427,2895.2553,2748.0110
2017-07-27,3132.4888,3039.6999,2900.0406,2751.4126
2017-07-28,3135.7128,3046.7543,2904.9592,2754.8032
2017-07-31,3140.9091,3054.0384,2909.8453,2758.1503
2017-08-01,3149.4475,3061.7638,2914.8873,2761.5415
2017-08-02,3154.6209,3068.6732,2919.8547,2764.8117
2017-08-03,3157.2751,3073.7714,2924.5397,2767.8817
2017-08-04,3160.4042,3078.6866,2928.9585,2770.9028
2017-08-07,3164.2267,3083.1391,2933.3781,2774.0482
2017-08-08,3166.1061,3087.6636,2937.8062,2777.2554
2017-08-09,3169.6961,3092.3194,2942.3133,2780.3999
2017-08-10,3171.5377,3096.3287,2946.7661,2783.5424
2017-08-11,3169.3817,3099.6062,2950.8740,2786.3842
2017-08-14,3169.3491,3104.2003,2955.1880,2789.4118
2017-08-15,3170.0456,3108.4618,2959.2599,2792.3631
2017-08-16,3168.4706,3111.6447,2963.2409,2795.2035
2017-08-17,3166.1880,3114.3407,2967.2037,2798.0507
2017-08-18,3164.7587,3116.6344,2970.9844,2800.9490
2017-08-21,3163.5616,3118.9368,2975.1432,2803.9112
2017-08-22,3164.3642,3121.8180,2979.6523,2806.9985
2017-08-23,3166.9741,3126.0681,2984.3029,2810.0772
2017-08-24,3169.2032,3130.5116,2988.9529,2813.1269
2017-08-25,3173.2336,3136.3426,2993.8691,2816.3665
2017-08-28,3177.8511,3141.9328,2998.6753,2819.7743
2017-08-29,3180.2607,3147.6067,3003.2661,2823.1782
2017-08-30,3183.2404,3152.2805,3007.8426,2826.4521
2017-08-31,3187.4724,3156.1888,3012.3426,2829.6617
2017-09-01,3192.3313,3159.4915,3016.8087,2832.7725
2017-09-04,3196.7952,3162.4200,3021.4924,2835.9788
2017-09-05,3201.5840,3165.1171,3026.1895,2839.2753
2017-09-06,3204.9435,3168.0239,3030.8845,2842.4632
2017-09-07,3207.2467,3170.0599,3035.3214,2845.5281
2017-09-08,3211.9345,3172.0119,3039.6066,2848.5540
2017-09-11,3214.0135,3174.3799,3043.8437,2851.5796
2017-09-12,3216.7978,3177.8472,3047.9824,2854.6787
2017-09-13,3220.6905,3180.4361,3052.2004,2857.7997
2017-09-14,3223.3345,3182.5528,3056.4510,2860.7035
2017-09-15,3225.7586,3185.1700,3060.4753,2863.5340
2017-09-18,3227.3540,3187.6313,3064.6162,2866.2875
2017-09-19,3227.5582,3189.3765,3068.7447,2869.0447
2017-09-20,3227.0200,3191.4938,3072.9801,2871.6138
2017-09-21,3228.0399,3193.3467,3077.5104,2874.4183
2017-09-22,3226.9865,3194.8878,3082.0946,2877.1841
2017-09-25,3225.5632,3196.6945,3086.8342,2880.1062
2017-09-26,3224.6718,3198.6421,3091.6763,2883.1614
2017-09-27,3223.7448,3199.8708,3096.5989,2886.1689
2017-09-28,3224.4122,3200.9200,3101.6778,2889.2215
2017-09-29,3225.3033,3202.2524,3106.6647,2892.1813
2017-10-09,3227.3387,3204.0791,3111.7884,2895.2630
2017-10-10,3229.3388,3206.2040,3116.5771,2898.5626
2017-10-11,3233.4333,3209.3330,3121.4378,2902.0221
2017-10-12,3239.6657,3212.9307,3126.3153,2905.6344
2017-10-13,3246.7283,3216.4181,3131.5862,2909.5563
2017-10-16,3255.1619,3220.0810,3137.0597,2913.5419
2017-10-17,3262.3553,3223.0104,3142.3871,2917.5602
2017-10-18,3271.1227,3227.0368,3147.8550,2921.8669
2017-10-19,3281.7429,3232.3399,3153.0557,2926.2119
2017-10-20,3291.1042,3237.4500,3158.0683,2930.4847
2017-10-23,3300.3438,3242.0782,3162.6086,2934.8830
2017-10-24,3310.7452,3247.2321,3167.4479,2939.3592
2017-10-25,3322.1639,3252.4809,3172.4002,2943.9329
2017-10-26,3333.9777,3258.3227,3177.3257,2948.6728
2017-10-27,3349.0782,3266.7663,3183.1863,2953.7701
2017-10-30,3363.6191,3274.4024,3189.3014,2958.7443
2017-10-31,3377.6576,3281.6869,3195.0743,2963.5721
2017-11-01,3391.8573,3289.2255,3200.4351,2968.2181
2017-11-02,3405.6984,3296.7242,3205.5324,2972.9086
2017-11-03,3420.1163,3304.3955,3210.5149,2977.7405
2017-11-06,3434.2831,3312.3677,3215.6522,2982.7120
2017-11-07,3449.3870,3320.2131,3221.0155,2987.7889
2017-11-08,3462.2072,3327.4263,3226.7472,2992.8738
2017-11-09,3475.8556,3335.5916,3233.0516,2998.1751
2017-11-10,3491.2462,3343.6231,3239.9829,3003.6576
2017-11-13,3507.5832,3351.9739,3246.9533,3009.2470
2017-11-14,3522.6763,3359.9766,3253.7917,3014.6566
2017-11-15,3535.1406,3367.7969,3260.0387,3019.8685
2017-11-16,3549.3907,3377.1072,3266.6480,3025.3755
2017-11-17,3565.8924,3386.8744,3273.1830,3030.9121
2017-11-20,3583.7513,3396.8606,3279.6403,3036.5801
2017-11-21,3602.6897,3407.6744,3286.3958,3042.4255
2017-11-22,3620.8541,3418.8452,3293.4345,3048.2514
2017-11-23,3631.6118,3428.0687,3299.0643,3053.4601
2017-11-24,3638.0613,3437.2171,3304.6145,3058.6730
2017-11-27,3641.6555,3445.4592,3309.9196,3063.5760
2017-11-28,3646.3036,3453.4892,3315.6682,3068.5605
2017-11-29,3650.7191,3461.2370,3320.8365,3073.4830
2017-11-30,3652.7375,3468.4854,3325.5191,3078.1537
2017-12-01,3652.7767,3475.2027,3330.1864,3082.6626
2017-12-04,3653.1271,3482.6770,3335.1541,3087.2358
2017-12-05,3654.1382,3490.8451,3340.1108,3092.0053
2017-12-06,3654.0396,3498.2341,3344.8640,3096.5925
2017-12-07,3649.3963,3504.1341,3348.7404,3100.8574
2017-12-08,3644.7763,3510.7390,3352.8134,3105.3453
2017-12-11,3642.0141,3518.5543,3357.6244,3109.9195
2017-12-12,3638.2426,3525.4049,3362.0235,3114.2883
2017-12-13,3637.0245,3533.1087,3366.4898,3118.7832
2017-12-14,3632.1032,3540.1837,3370.5519,3123.2071
2017-12-15,3623.7436,3546.2505,3374.2515,3127.4028
2017-12-18,3615.7084,3552.2085,3378.1438,3131.8829
2017-12-19,3608.0640,3559.1645,3382.6843,3136.6216
2017-12-20,3600.9395,3565.8476,3387.5903,3141.4228
2017-12-21,3601.5168,3572.8091,3392.8699,3146.4552
2017-12-22,3602.1730,3579.3950,3397.9065,3151.4329
2017-12-25,3605.8782,3585.7457,3402.9134,3156.3793
2017-12-26,3609.1711,3592.2155,3407.6129,3161.2501
2017-12-27,3609.0664,3596.4144,3411.7256,3165.7901
2017-12-28,3614.1557,3601.4505,3416.8952,3170.7175
2017-12-29,3620.3322,3606.8939,3422.1720,3175.5652
2018-01-02,3627.4425,3613.5164,3427.7973,3180.5877
2018-01-03,3633.3467,3619.8857,3433.5589,3185.6826
2018-01-04,3642.7405,3626.4647,3439.4728,3190.8930
2018-01-05,3655.5860,3632.7774,3445.5501,3196.1581
2018-01-08,3667.0169,3637.9145,3452.3404,3201.6072
2018-01-09,3677.4158,3644.0729,3459.2377,3207.2128
2018-01-10,3691.7699,3651.0499,3466.3684,3212.8141
2018-01-11,3704.1986,3658.0452,3473.6354,3218.4382
2018-01-12,3720.0339,3665.9179,3481.3210,3224.2624
2018-01-15,3740.1126,3674.2491,3489.3223,3230.1533
2018-01-16,3758.7245,3681.9850,3497.1764,3236.1598
2018-01-17,3773.2917,3688.7264,3504.4698,3242.0611
2018-01-18,3789.8587,3696.9082,3512.1672,3248.2351
2018-01-19,3805.5689,3704.6945,3520.1430,3254.5480
2018-01-22,3824.9651,3712.8825,3528.2528,3261.0610
2018-01-23,3846.5806,3721.3447,3536.6593,3267.6673
2018-01-24,3866.3152,3729.6711,3544.8238,3274.0450
2018-01-25,3889.1843,3738.0319,3552.9144,3280.3785
2018-01-26,3910.3078,3745.8174,3561.4623,3286.9025
2018-01-29,3927.9214,3751.7056,3569.2900,3293.0494
2018-01-30,3940.4524,3756.1969,3576.5287,3299.0106
2018-01-31,3955.5755,3761.0400,3584.3572,3305.2734
2018-02-01,3969.7099,3766.0070,3592.4261,3311.6553
2018-02-02,3984.9576,3774.1158,3601.0922,3318.2068
2018-02-05,3999.8596,3782.6338,3609.9255,3324.7660
2018-02-06,4007.3745,3790.3606,3617.9099,3330.8768
2018-02-07,4005.8659,3794.8748,3624.1820,3336.0822
2018-02-08,4001.0564,3798.1802,3629.7086,3340.9545
2018-02-09,3986.8286,3799.5543,3634.0198,3345.2354
2018-02-12,3972.4847,3802.1322,3638.6675,3349.5714
2018-02-13,3961.2076,3805.2172,3643.9471,3354.2816
2018-02-14,3953.5084,3808.4745,3649.6598,3359.2023
2018-02-22,3947.6615,3814.3570,3656.2955,3364.6378
2018-02-23,3942.1107,3821.7802,3662.9572,3370.2338
2018-02-26,3935.1147,3829.0179,3669.8785,3375.9865
2018-02-27,3921.2730,3833.0482,3675.8013,3381.3177
2018-02-28,3906.1720,3836.8428,3681.1239,3386.4001
2018-03-01,3892.9401,3840.3982,3686.7534,3391.6762
2018-03-02,3876.4291,3843.5477,3691.8657,3396.7718
2018-03-05,3862.9403,3847.3842,3696.8174,3401.7410
2018-03-06,3853.0745,3851.1433,3701.6759,3406.7322
2018-03-07,3839.1028,3853.4555,3706.3100,3411.4435
2018-03-08,3826.3959,3856.1896,3711.0186,3416.2282
2018-03-09,3812.9287,3858.6805,3715.7448,3421.0300
2018-03-12,3799.5819,3861.5974,3720.4962,3426.0412
2018-03-13,3789.7175,3863.8963,3724.8210,3430.9404
2018-03-14,3786.9579,3865.9895,3729.1025,3435.7448
2018-03-15,3789.8528,3870.4947,3733.4546,3440.6548
2018-03-16,3797.6547,3872.9539,3737.2022,3445.1289
2018-03-19,3805.3430,3876.1366,3741.5153,3449.7918
2018-03-20,3810.0439,3878.2578,3745.8871,3454.2479
2018-03-21,3812.0353,3879.9499,3749.9178,3458.6829
2018-03-22,3806.8488,3880.0003,3753.2325,3462.8163
2018-03-23,3796.3165,3878.0724,3755.4249,3466.3753
2018-03-26,3780.9056,3874.5734,3756.2440,3469.7151
2018-03-27,3770.1975,3870.1609,3757.1169,3473.2092
2018-03-28,3758.1780,3863.4061,3757.2280,3476.1511
2018-03-29,3748.1231,3857.9680,3758.0066,3479.2209
2018-03-30,3739.4253,3851.3043,3758.6111,3482.0718
2018-04-02,3729.6253,3843.1893,3758.7192,3484.6171
2018-04-03,3717.9128,3834.8187,3758.4019,3487.0271
2018-04-04,3707.4797,3827.1307,3757.9286,3489.4721
2018-04-09,3694.8243,3818.1758,3757.5420,3492.1446
2018-04-10,3686.2146,3810.9388,3757.8166,3495.4341
2018-04-11,3678.0011,3802.8118,3757.8471,3498.9150
2018-04-12,3668.4216,3792.6327,3756.9887,3501.9710
2018-04-13,3657.2738,3782.3730,3756.0220,3504.9068
2018-04-16,3639.7161,3770.7075,3754.3697,3507.2042
2018-04-17,3620.9934,3757.2282,3751.5228,3509.0854
2018-04-18,3601.2552,3745.4701,3748.5878,3510.8854
2018-04-19,3584.4378,3735.8520,3746.0244,3512.8324
2018-04-20,3567.0000,3724.5197,3742.7799,3514.5878
2018-04-23,3553.5521,3713.5372,3739.7721,3516.6033
2018-04-24,3548.0193,3703.2971,3738.7064,3518.8854
2018-04-25,3544.8356,3692.5638,3737.5988,3521.1066
2018-04-26,3537.2547,3682.1130,3736.2368,3523.0782
2018-04-27,3533.0567,3674.2824,3734.5786,3525.1234
2018-05-02,3526.8690,3668.2930,3733.2366,3527.0366
2018-05-03,3522.3924,3665.5298,3732.5421,3529.0306
2018-05-04,3518.5141,3661.6011,3731.8666,3531.0265
2018-05-07,3518.4094,3657.6994,3731.4583,3533.3062
2018-05-08,3520.6667,3653.9941,3731.2343,3535.6726
2018-05-09,3523.2860,3648.4256,3731.3913,3538.1276
2018-05-10,3522.2984,3643.0139,3732.3971,3540.5687
2018-05-11,3520.1314,3636.8185,3732.9182,3542.8658
2018-05-14,3523.6388,3633.5790,3733.3136,3545.4690
2018-05-15,3529.2010,3631.5846,3734.2137,3548.1186
2018-05-16,3536.9233,3628.3007,3734.3494,3550.4196
2018-05-17,3546.2150,3625.1425,3734.3451,3552.4485
2018-05-18,3557.0754,3623.1241,3735.2542,3554.7528
2018-05-21,3565.0331,3620.6354,3735.8894,3557.0166
2018-05-22,3573.2687,3618.1861,3735.8208,3559.2525
2018-05-23,3577.2374,3613.8738,3735.0317,3561.3110
2018-05-24,3575.6091,3608.3693,3733.5249,3563.1974
2018-05-25,3574.3646,3602.4769,3732.0371,3564.9718
2018-05-28,3579.1189,3597.8736,3730.8849,3566.8992
2018-05-29,3583.2628,3592.8044,3729.3969,3568.5049
2018-05-30,3583.2606,3585.6561,3728.0754,3569.9005
2018-05-31,3586.7767,3581.1786,3727.0663,3571.9807
2018-06-01,3589.9747,3575.4537,3725.7951,3573.9836
2018-06-04,3593.6384,3571.1372,3724.6975,3576.2474
2018-06-05,3596.8420,3567.9168,3723.9334,3578.7461
2018-06-06,3599.5153,3565.4922,3722.7463,3581.1095
2018-06-07,3600.5729,3564.7164,3721.3944,3583.4722
2018-06-08,3599.8032,3564.3775,3719.4754,3585.9079
2018-06-11,3596.7329,3564.1932,3717.1770,3588.2074
2018-06-12,3596.2328,3566.8065,3715.1063,3590.7373
2018-06-13,3596.4178,3567.6186,3712.7933,3593.2143
2018-06-14,3597.3632,3568.3176,3709.8110,3595.5660
2018-06-15,3596.3172,3569.8009,3706.4951,3597.9087
2018-06-19,3590.8240,3569.7999,3702.3093,3599.7428
2018-06-20,3587.5087,3570.1977,3698.6642,3601.5670
2018-06-21,3586.3579,3570.4873,3694.3316,3603.2494
2018-06-22,3587.5944,3568.9212,3689.9300,3605.0365
2018-06-25,3587.0205,3566.0846,3684.4482,3606.3505
2018-06-26,3581.8546,3563.2468,3677.9398,3607.2995
2018-06-27,3572.8497,3559.0347,3670.7038,3607.7638
2018-06-28,3563.5905,3555.2059,3662.9567,3607.9355
2018-06-29,3554.6868,3554.6560,3655.9421,3608.7022
2018-07-02,3541.3104,3551.4758,3648.4729,3608.8815
2018-07-03,3522.9020,3546.5229,3641.1874,3608.8581
2018-07-04,3500.2442,3541.2145,3632.8671,3608.6122
2018-07-05,3478.9222,3535.6403,3624.5887,3608.5074
2018-07-06,3459.3720,3529.2575,3616.2773,3608.6848
2018-07-09,3447.9400,3525.6193,3609.0915,3609.5085
2018-07-10,3436.0938,3523.7288,3602.9209,3610.4154
2018-07-11,3419.3140,3521.3094,3597.7959,3610.9890
2018-07-12,3407.2623,3519.7759,3594.0344,3611.8715
2018-07-13,3395.9788,3517.7522,3591.6410,3612.8304
2018-07-16,3383.0528,3515.6164,3588.6087,3613.6381
2018-07-17,3372.8151,3511.5622,3584.6308,3614.2889
2018-07-18,3360.2959,3506.0493,3580.0217,3614.8408
2018-07-19,3348.4128,3500.5380,3574.4818,3615.3887
2018-07-20,3339.9209,3495.9702,3569.4920,3616.2246
2018-07-23,3334.4640,3491.8177,3564.3181,3617.0983
2018-07-24,3334.0144,3487.3971,3560.4880,3618.1446
2018-07-25,3338.7959,3482.8727,3557.2286,3619.1763
2018-07-26,3344.4046,3478.1984,3553.2496,3620.0015
2018-07-27,3344.5334,3473.9833,3549.5629,3620.7143
2018-07-30,3350.3776,3468.7967,3545.9604,3621.3889
2018-07-31,3357.8429,3463.6468,3542.1411,3621.9085
2018-08-01,3363.6402,3457.3630,3537.7746,3622.0423
2018-08-02,3364.6240,3450.5949,3532.2344,3621.6265
2018-08-03,3361.0448,3443.4318,3525.9005,3620.8227
2018-08-06,3349.9502,3435.8535,3519.1652,3619.8307
2018-08-07,3342.9020,3429.2420,3513.5578,3619.1894
2018-08-08,3335.0336,3422.0178,3507.4111,3618.2568
2018-08-09,3328.2693,3417.7794,3501.7177,3617.5862
2018-08-10,3321.8419,3411.7783,3496.4785,3616.8403
2018-08-13,3315.3006,3405.7468,3490.6002,3616.0577
2018-08-14,3309.3482,3397.8461,3484.4916,3615.1894
2018-08-15,3300.1270,3387.3633,3477.6401,3613.7789
2018-08-16,3290.3877,3376.8870,3471.1896,3612.2111
2018-08-17,3274.6171,3365.5879,3465.1522,3610.2886
2018-08-20,3260.3306,3356.0286,3460.2030,3608.2235
2018-08-21,3247.5863,3347.7384,3455.9658,3606.5414
2018-08-22,3234.0172,3337.9864,3452.3965,3604.8122
2018-08-23,3223.1630,3328.8965,3448.2575,3603.1321
2018-08-24,3213.0374,3320.2530,3444.2853,3601.4482
2018-08-27,3207.7906,3313.3861,3441.5935,3600.1563
2018-08-28,3201.5609,3307.9415,3438.8707,3598.6363
2018-08-29,3198.7987,3301.8791,3436.0384,3596.9835
2018-08-30,3198.5861,3295.4862,3432.9867,3595.2644
2018-08-31,3200.1316,3288.4467,3428.6839,3593.2503
2018-09-03,3202.6379,3282.1004,3424.0925,3590.9698
2018-09-04,3202.7984,3277.6195,3420.4332,3588.7109
2018-09-05,3202.2765,3273.7885,3416.4116,3586.2168
2018-09-06,3194.6445,3270.2010,3412.7034,3583.5366
2018-09-07,3188.4253,3265.2737,3409.9648,3580.7438
2018-09-10,3182.2738,3262.1321,3406.8040,3577.6959
2018-09-11,3176.7019,3259.3661,3402.9445,3574.4844
2018-09-12,3172.9668,3256.4524,3398.8334,3570.8066
2018-09-13,3171.4679,3253.9053,3394.7728,3567.2724
2018-09-14,3173.2983,3251.1584,3390.2080,3564.4572
2018-09-17,3171.4949,3245.4506,3385.5349,3561.5669
2018-09-18,3168.6976,3240.7800,3382.2544,3559.2456
2018-09-19,3169.2197,3237.9487,3379.6291,3557.1038
2018-09-20,3169.4337,3233.7650,3376.7705,3555.0035
2018-09-21,3176.3386,3232.3969,3375.0746,3553.8083
2018-09-25,3177.4351,3231.1390,3373.3777,3552.6222
2018-09-26,3182.3612,3231.7600,3371.6611,3551.5597
2018-09-27,3187.3765,3232.7113,3369.3803,3550.3073
2018-09-28,3195.6160,3234.3675,3367.4527,3549.4220
2018-10-08,3195.9570,3230.8611,3363.4157,3547.9064
2018-10-09,3196.7382,3227.0101,3359.4139,3546.1660
2018-10-10,3193.9477,3221.5928,3354.4950,3543.9043
2018-10-11,3188.4380,3213.6453,3348.2590,3541.2364
2018-10-12,3189.5868,3208.2738,3343.2361,3538.7928
2018-10-15,3187.0971,3202.2992,3338.1412,3536.2432
2018-10-16,3185.2036,3196.0625,3332.4296,3533.8419
2018-10-17,3183.2633,3189.5342,3326.5905,3531.2399
2018-10-18,3179.5126,3182.8013,3320.0822,3527.9515
2018-10-19,3179.3322,3179.7886,3315.1917,3525.1117
2018-10-22,3185.0257,3180.7508,3312.0913,3522.8081
2018-10-23,3186.0503,3179.8906,3307.8720,3519.9546
2018-10-24,3182.3866,3176.5738,3302.9079,3516.8964
2018-10-25,3174.5257,3173.7455,3297.8816,3513.6393
2018-10-26,3164.5469,3168.2761,3293.0277,3510.5516
2018-10-29,3139.1948,3159.3380,3285.5582,3506.3122
2018-10-30,3115.9134,3151.3841,3278.5654,3502.1803
2018-10-31,3093.9416,3145.5974,3271.7217,3498.2096
2018-11-01,3074.4780,3142.4517,3264.9075,3494.4204
2018-11-02,3061.5297,3142.8243,3259.8556,3491.3009
2018-11-05,3055.1067,3143.0570,3254.3224,3487.8584
2018-11-06,3047.5348,3141.8918,3248.9602,3484.2178
2018-11-07,3041.1337,3139.0118,3243.3751,3480.2761
2018-11-08,3041.0262,3136.4489,3237.2177,3476.1620
2018-11-09,3034.4249,3132.7786,3230.8375,3471.8154
2018-11-12,3030.8422,3129.4211,3224.8371,3467.3240
2018-11-13,3029.9125,3124.9113,3219.1487,3462.8219
2018-11-14,3027.0353,3119.7240,3213.8328,3458.0710
2018-11-15,3029.8030,3115.2031,3208.5411,3453.6026
2018-11-16,3027.3736,3111.3036,3203.3949,3448.8632
2018-11-19,3019.6466,3108.5567,3198.5017,3444.2159
2018-11-20,3014.4426,3104.6125,3193.3565,3438.9023
2018-11-21,3012.0364,3100.2690,3188.9443,3433.4420
2018-11-22,3010.7193,3097.1226,3185.4556,3428.0797
2018-11-23,3008.9162,3093.9848,3182.0929,3422.5248
2018-11-26,3015.6271,3090.2188,3177.7462,3416.8441
2018-11-27,3020.8398,3086.8105,3174.4713,3411.4721
2018-11-28,3023.8201,3084.4446,3171.9054,3406.5464
2018-11-29,3023.0044,3082.4667,3169.4596,3401.1633
2018-11-30,3016.2603,3080.7412,3167.3232,3395.9560
2018-12-03,3017.9327,3080.9108,3166.0346,3391.1560
2018-12-04,3020.9958,3081.6922,3163.5714,3386.3314
2018-12-05,3024.1986,3081.2122,3160.9961,3381.9585
2018-12-06,3022.6921,3077.8379,3157.8933,3377.8446
2018-12-07,3021.9965,3073.8037,3153.7844,3373.9094
2018-12-10,3018.3652,3066.2318,3149.3143,3370.4777
2018-12-11,3014.4381,3059.7125,3145.4257,3367.0172
2018-12-12,3013.4148,3052.1454,3141.9527,3363.2918
2018-12-13,3014.2998,3045.9724,3139.3418,3359.6818
2018-12-14,3012.8408,3038.1935,3136.2805,3355.3811
2018-12-17,3008.6193,3033.6217,3132.2414,3350.8667
2018-12-18,3006.4774,3028.5082,3127.7591,3346.0386
2018-12-19,3000.6790,3022.9615,3122.2772,3341.3826
2018-12-20,2993.9710,3019.3358,3116.4906,3336.8596
2018-12-21,2987.3804,3013.1022,3110.6880,3331.9688
2018-12-24,2982.2557,3008.2822,3105.2907,3327.4268
2018-12-25,2977.3749,3003.6791,3099.8708,3322.9156
2018-12-26,2969.1317,2998.7920,3094.1631,3318.1521
2018-12-27,2962.2274,2995.5526,3089.1770,3313.4758
2018-12-28,2954.5705,2990.8365,3085.3125,3308.7734
2019-01-02,2938.8702,2982.4486,3081.5997,3303.7501
2019-01-03,2921.2894,2975.7878,3077.8392,3298.5022
2019-01-04,2907.0014,2971.0582,3073.8160,3293.6869
2019-01-07,2898.1418,2967.2844,3070.5149,3288.9630
2019-01-08,2890.6976,2964.2640,3066.2701,3283.9939
2019-01-09,2888.0316,2965.7665,3062.5523,3279.5154
2019-01-10,2884.1284,2966.9984,3059.1913,3274.8958
2019-01-11,2880.8978,2966.9279,3056.2626,3270.3771
2019-01-14,2872.2949,2965.0992,3053.7754,3265.7077
2019-01-15,2871.1659,2962.0479,3052.4361,3261.8128
2019-01-16,2871.7096,2960.2628,3051.6599,3258.4060
2019-01-17,2873.0937,2958.7317,3050.3118,3255.2574
2019-01-18,2880.3275,2958.6390,3048.8254,3252.3956
2019-01-21,2890.2407,2959.0216,3047.7353,3250.0659
2019-01-22,2899.9394,2959.3080,3046.0433,3247.1504
2019-01-23,2908.2154,2959.2315,3044.3263,3244.3058
2019-01-24,2918.0654,2958.9402,3041.9257,3241.7596
2019-01-25,2930.2698,2960.0858,3039.9049,3239.3878
2019-01-28,2942.2763,2960.5419,3037.8725,3236.9554
2019-01-29,2954.1431,2961.5443,3036.4239,3234.7053
2019-01-30,2966.7323,2961.2828,3034.9198,3231.8019
2019-01-31,2983.3914,2963.3674,3033.9899,3229.0412
2019-02-01,2999.6162,2966.0901,3033.1795,3226.8064
2019-02-11,3019.4873,2970.7916,3033.9571,3225.1843
2019-02-12,3040.4820,2976.8903,3035.4376,3224.0705
2019-02-13,3061.6742,2984.1853,3037.2021,3223.5834
2019-02-14,3083.7862,2992.1770,3039.4938,3223.1489
2019-02-15,3100.5191,2997.6075,3041.0261,3221.9853
2019-02-18,3124.7114,3005.7820,3044.1244,3221.4789
2019-02-19,3142.9814,3012.7364,3046.7388,3220.7558
2019-02-20,3160.4807,3017.2820,3049.0964,3219.6522
2019-02-21,3178.1904,3021.6096,3051.6509,3218.5929
2019-02-22,3194.9025,3026.9205,3054.0664,3218.1604
2019-02-25,3217.9607,3037.1290,3057.4835,3218.5563
2019-02-26,3240.4818,3046.7021,3060.2529,3218.5117
2019-02-27,3262.8399,3057.0214,3061.6266,3218.3506
2019-02-28,3286.0446,3067.5828,3063.6476,3218.5127
2019-03-01,3312.1405,3079.5761,3065.8608,3218.7609
2019-03-04,3340.0426,3090.8391,3068.4057,3218.8930
2019-03-05,3366.5059,3103.0103,3070.6019,3219.0273
2019-03-06,3394.0584,3115.4585,3074.5401,3218.9779
2019-03-07,3415.5122,3126.9813,3077.7447,3218.5793
2019-03-08,3430.0507,3137.8388,3080.4001,3217.4475
2019-03-11,3443.3872,3150.5581,3084.9469,3216.6030
2019-03-12,3455.7504,3164.2383,3088.6703,3215.9532
2019-03-13,3464.7003,3177.1632,3092.7227,3215.4320
2019-03-14,3473.7060,3190.7094,3097.1943,3214.8119
2019-03-15,3489.6020,3205.7956,3102.2938,3214.4422
2019-03-18,3506.3055,3223.4132,3109.4829,3214.7826
2019-03-19,3522.5339,3239.9217,3115.3791,3215.2854
2019-03-20,3538.7930,3257.2511,3119.8498,3215.9706
2019-03-21,3555.5922,3275.3307,3125.5593,3216.7157
2019-03-22,3570.6994,3292.3997,3131.7289,3217.3184
2019-03-25,3574.2659,3307.5787,3137.4315,3217.6566
2019-03-26,3580.4821,3322.6159,3143.4400,3218.2339
2019-03-27,3590.2375,3337.9037,3151.8351,3218.6966
2019-03-28,3599.2807,3353.6437,3160.3211,3219.4433
2019-03-29,3611.0573,3371.6399,3169.2839,3220.5028
2019-04-01,3625.2090,3392.0047,3178.5519,3221.7297
2019-04-02,3638.7233,3410.0333,3186.0406,3222.9481
2019-04-03,3653.9938,3428.3722,3194.3175,3224.3200
2019-04-04,3674.7203,3447.6319,3203.1818,3226.0710
2019-04-08,3700.2361,3465.8022,3212.2206,3227.7979
2019-04-09,3722.3064,3483.3843,3221.2030,3229.2103
2019-04-10,3745.7406,3502.5588,3230.9334,3230.8855
2019-04-11,3765.4381,3520.0523,3239.6419,3232.2395
2019-04-12,3783.9449,3537.0613,3248.0007,3233.5747
2019-04-15,3797.9692,3552.8754,3256.4806,3235.1567
2019-04-16,3810.2855,3570.6169,3265.5794,3237.0602
2019-04-17,3824.4268,3588.0352,3274.7898,3239.0923
2019-04-18,3838.0174,3605.7652,3283.5240,3241.0129
2019-04-19,3852.8452,3623.1122,3293.2398,3243.2981
2019-04-22,3864.0590,3638.1769,3302.1335,3245.5389
2019-04-23,3880.1629,3651.8489,3311.3202,3248.3879
2019-04-24,3897.8450,3665.5612,3321.2258,3251.6593
2019-04-25,3910.1678,3677.3012,3330.7433,3254.2447
2019-04-26,3917.5602,3687.1533,3339.6651,3257.0682
2019-04-29,3920.9104,3699.7964,3348.7019,3260.3036
2019-04-30,3920.9451,3710.4982,3358.1401,3263.7998
2019-05-06,3912.8963,3717.9992,3365.3678,3266.3455
2019-05-07,3906.5722,3726.8087,3372.0454,3269.0400
2019-05-08,3894.9081,3734.3190,3377.9643,3270.7678
2019-05-09,3879.6060,3739.6836,3383.3021,3272.1491
2019-05-10,3871.8224,3744.9290,3391.0290,3274.4612
2019-05-13,3860.4481,3750.5453,3398.6237,3276.2041
2019-05-14,3851.5054,3755.5185,3406.2699,3277.7921
2019-05-15,3848.1309,3761.8958,3414.7393,3280.0825
2019-05-16,3847.1709,3766.8875,3423.2318,3282.5923
2019-05-17,3837.4850,3769.5939,3430.2165,3284.7792
2019-05-20,3824.7565,3771.3355,3437.1729,3286.7267
2019-05-21,3815.3604,3774.2860,3444.8722,3288.5568
2019-05-22,3804.5520,3778.7282,3452.8547,3290.3069
2019-05-23,3793.3229,3783.4857,3460.6623,3291.4697
2019-05-24,3781.7321,3787.1869,3468.8725,3292.6815
2019-05-27,3771.4320,3791.8338,3478.0361,3294.3621
2019-05-28,3766.8901,3798.1771,3487.6701,3296.4804
2019-05-29,3765.0307,3803.6832,3497.1963,3298.5335
2019-05-30,3760.4295,3808.1274,3506.9615,3300.5623
2019-05-31,3755.8421,3810.3128,3516.8630,3303.0200
2019-06-03,3760.4047,3813.1476,3526.5346,3305.9236
2019-06-04,3759.2545,3814.9933,3536.1222,3308.8609
2019-06-05,3760.3492,3816.2218,3545.7762,3311.8077
2019-06-06,3762.7914,3816.5204,3554.4601,3314.1380
2019-06-10,3761.2206,3819.7109,3563.6448,3317.0799
2019-06-11,3767.6629,3825.4176,3574.0168,3320.1434
2019-06-12,3774.8786,3829.3749,3583.6393,3323.0958
2019-06-13,3776.8267,3832.9142,3593.2789,3326.2351
2019-06-14,3777.1089,3833.3082,3602.4740,3329.3683
2019-06-17,3781.5712,3832.1387,3612.0717,3332.9236
2019-06-18,3789.6306,3831.6984,3620.8658,3336.6510
2019-06-19,3797.7298,3831.7804,3630.0763,3340.8681
2019-06-20,3811.5627,3833.4651,3640.5485,3345.4302
2019-06-21,3828.6878,3834.8664,3650.3343,3349.5799
2019-06-24,3845.9793,3836.6561,3660.0202,3353.8777
2019-06-25,3859.2355,3837.2318,3669.8953,3357.9693
2019-06-26,3868.4628,3839.3870,3679.7196,3362.0230
2019-06-27,3881.0988,3842.5447,3689.8030,3365.8644
2019-06-28,3893.1049,3846.1816,3699.5285,3369.7167
2019-07-01,3910.2327,3850.2917,3710.4543,3374.1634
2019-07-02,3927.0334,3854.1902,3721.1127,3378.7683
2019-07-03,3942.9973,3856.9853,3731.3752,3383.1475
2019-07-04,3957.5030,3858.0849,3740.5986,3387.2942
2019-07-05,3976.7966,3861.6154,3749.8961,3391.5378
2019-07-08,3988.4799,3863.0377,3757.4433,3395.7002
2019-07-09,3994.0540,3863.9012,3764.7312,3400.0844
2019-07-10,4000.8173,3865.6347,3771.4679,3404.3350
2019-07-11,4007.1131,3868.7354,3777.9443,3408.7191
2019-07-12,4014.9263,3870.9146,3785.3555,3413.1908
2019-07-15,4024.0854,3873.3948,3791.9465,3418.0354
2019-07-16,4030.6691,3878.8075,3798.4034,3422.5711
2019-07-17,4034.2881,3882.8668,3804.8378,3426.9671
2019-07-18,4030.7337,3887.7953,3811.0572,3431.3540
2019-07-19,4029.4153,3894.7901,3817.2369,3435.6516
2019-07-22,4027.1064,3898.7696,3821.8493,3439.6664
2019-07-23,4026.8696,3903.8004,3827.1728,3443.7129
2019-07-24,4027.9157,3909.9511,3832.7348,3447.1807
2019-07-25,4028.6485,3914.7518,3838.3238,3450.9857
2019-07-26,4031.0235,3919.7227,3843.3051,3454.5829
2019-07-29,4028.2872,3926.6126,3848.1032,3458.2545
2019-07-30,4025.3975,3934.4466,3852.8910,3461.7465
2019-07-31,4025.2699,3940.9491,3857.6175,3466.0788
2019-08-01,4026.3326,3946.7971,3862.7626,3470.2537
2019-08-02,4023.2237,3953.5758,3868.5307,3474.4654
2019-08-05,4020.4340,3958.5184,3872.8527,3478.8998
2019-08-06,4017.2536,3962.2299,3877.0318,3482.8511
2019-08-07,4014.3150,3964.6047,3881.3909,3487.0568
2019-08-08,4015.0734,3968.7524,3886.2178,3491.7060
2019-08-09,4013.5371,3972.1576,3890.1425,3496.2181
2019-08-12,4013.7785,3976.5694,3893.4411,3501.4620
2019-08-13,4014.6984,3980.5250,3896.8363,3506.1077
2019-08-14,4017.4405,3986.1412,3900.5672,3510.2085
2019-08-15,4022.4304,3992.6278,3904.4248,3514.9920
2019-08-16,4027.8070,4000.7963,3908.6584,3520.1937
2019-08-19,4036.2475,4008.7804,3914.2457,3525.8386
2019-08-20,4044.3561,4014.4777,3919.9476,3531.6938
2019-08-21,4050.7620,4020.3045,3924.8397,3538.3374
2019-08-22,4056.9956,4026.8193,3929.8668,3545.0939
2019-08-23,4065.4524,4035.0600,3934.1841,3551.7340
2019-08-26,4070.9555,4042.3663,3937.2525,3557.9022
2019-08-27,4079.3000,4050.3144,3941.0064,3563.5235
2019-08-28,4087.5766,4056.8878,3944.3341,3569.3258
2019-08-29,4097.1887,4061.0475,3947.2563,3575.2191
2019-08-30,4110.5533,4066.3220,3950.5942,3581.4074
2019-09-02,4129.9302,4072.0988,3954.3774,3587.7902
2019-09-03,4149.9428,4078.5128,3957.8723,3594.4029
2019-09-04,4169.5660,4085.0460,3962.2165,3600.9292
2019-09-05,4187.8330,4091.4461,3966.9954,3607.4981
2019-09-06,4208.5768,4098.3464,3972.2640,3614.3723
2019-09-09,4226.7141,4103.1620,3976.7268,3621.1531
2019-09-10,4244.6500,4107.5716,3980.8809,3627.8353
2019-09-11,4257.4104,4111.9064,3984.4459,3633.9849
2019-09-12,4271.3886,4118.1821,3988.1335,3640.6866
2019-09-16,4283.3442,4123.4154,3992.5154,3647.3244
2019-09-17,4289.4484,4129.1678,3996.1028,3653.7115
2019-09-18,4298.5710,4136.2844,4000.0928,3660.6593
2019-09-19,4308.3516,4143.3182,4004.4765,3667.6099
2019-09-20,4317.1528,4150.8352,4009.7853,3674.7252
2019-09-23,4319.9081,4157.0528,4013.9837,3681.3428
2019-09-24,4325.6789,4163.0037,4018.1993,3688.1697
2019-09-25,4327.8854,4169.2009,4024.0042,3694.6860
2019-09-26,4328.4316,4174.5452,4028.7060,3700.3757
2019-09-27,4330.8823,4181.1069,4034.4511,3706.2077
2019-09-30,4327.8695,4185.7037,4040.2469,3711.7745
2019-10-08,4325.2332,4191.3495,4045.0596,3718.0443
2019-10-09,4323.2943,4197.0827,4050.4415,3724.5326
2019-10-10,4323.1552,4203.1418,4056.5464,3731.4082
2019-10-11,4323.5535,4209.4081,4062.0799,3738.4096
2019-10-14,4324.8475,4215.8760,4067.7993,3745.5156
2019-10-15,4325.3633,4221.9924,4074.3025,3752.2595
2019-10-16,4325.0194,4227.4204,4080.9335,3759.0532
2019-10-17,4329.0790,4233.4300,4087.1896,3766.0309
2019-10-18,4328.1484,4238.9084,4092.8528,3772.8537
2019-10-21,4328.5100,4245.5299,4099.5528,3780.1075
2019-10-22,4332.5445,4254.0120,4106.2652,3787.5689
2019-10-23,4332.2441,4262.2806,4112.2552,3795.1457
2019-10-24,4331.4136,4270.1577,4117.3812,3802.5256
2019-10-25,4332.7551,4277.9079,4123.3302,3810.2632
2019-10-28,4338.3851,4286.9920,4129.5748,3818.2681
2019-10-29,4343.2042,4294.7740,4135.6717,3826.2674
2019-10-30,4348.7054,4302.8037,4141.6643,3834.0995
2019-10-31,4356.0137,4309.9745,4148.0578,3842.0900
2019-11-01,4364.9642,4318.1205,4155.3741,3850.5752
2019-11-04,4379.1921,4326.2577,4163.5270,3858.9936
2019-11-05,4393.0272,4334.0614,4171.4209,3867.5328
2019-11-06,4404.7255,4341.2304,4177.8540,3875.9354
2019-11-07,4414.7547,4348.7388,4184.5216,3884.0805
2019-11-08,4420.6023,4354.8508,4190.8351,3892.0570
2019-11-11,4422.5096,4358.6989,4196.8795,3899.6767
2019-11-12,4424.9429,4363.5874,4202.9768,3907.5243
2019-11-13,4429.4691,4367.4881,4208.9012,3914.8835
2019-11-14,4432.9612,4371.5839,4214.2358,3922.1561
2019-11-15,4437.8608,4375.1773,4218.1124,3929.3305
2019-11-18,4443.3011,4378.6290,4222.4755,3936.4049
2019-11-19,4449.5355,4381.8541,4226.9765,3943.4983
2019-11-20,4454.4881,4384.0987,4231.3058,3950.6005
2019-11-21,4458.6294,4385.7830,4235.4145,3957.5671
2019-11-22,4455.9747,4385.1646,4238.3054,3964.0542
2019-11-25,4452.0805,4384.3934,4241.3699,3970.4492
2019-11-26,4449.0578,4383.7115,4243.4367,3976.9455
2019-11-27,4446.0894,4383.3794,4245.4755,3983.2941
2019-11-28,4442.9464,4384.1889,4248.0477,3989.7114
2019-11-29,4433.3957,4382.9233,4250.5527,3995.5756
2019-12-02,4422.3884,4381.8754,4252.6454,4001.2708
2019-12-03,4409.9637,4382.2675,4255.7177,4006.5805
2019-12-04,4399.0908,4381.4384,4258.8614,4011.7963
2019-12-05,4390.2524,4381.4991,4262.4087,4016.9383
2019-12-06,4384.6060,4381.8321,4266.3336,4022.1390
2019-12-09,4379.9600,4382.7196,4269.8862,4027.6208
2019-12-10,4374.7007,4383.1961,4273.0999,4032.5232
2019-12-11,4369.5731,4384.1631,4276.6820,4037.5427
2019-12-12,4363.7729,4385.7204,4280.1328,4042.4853
2019-12-13,4364.7113,4388.7089,4284.9079,4047.9825
2019-12-16,4363.2838,4392.7947,4289.2492,4053.2430
2019-12-17,4363.1945,4397.0387,4294.1941,4058.0217
2019-12-18,4364.9949,4400.7790,4298.9308,4063.0518
2019-12-19,4367.2820,4403.4337,4303.2877,4068.0113
2019-12-20,4372.5963,4404.7817,4307.0949,4072.7094
2019-12-23,4374.6560,4404.3169,4310.0964,4076.7008
2019-12-24,4376.9638,4404.3516,4313.1720,4080.6376
2019-12-25,4379.0856,4405.0059,4316.2131,4084.5521
2019-12-26,4383.5090,4405.9609,4319.6955,4088.6565
2019-12-27,4391.8802,4408.4160,4323.6622,4093.2124
2019-12-30,4403.4558,4411.8537,4328.6918,4098.6113
2019-12-31,4415.5243,4415.4594,4334.7357,4103.7942
2020-01-02,4430.0898,4420.5767,4341.4286,4109.2302
2020-01-03,4441.7040,4425.6153,4347.8865,4114.6387
2020-01-06,4451.2129,4429.2152,4353.5615,4119.8897
2020-01-07,4464.2124,4433.0505,4360.0213,4125.0819
2020-01-08,4474.3082,4435.6377,4365.2058,4129.3235
2020-01-09,4486.7112,4439.3655,4371.0846,4133.9604
2020-01-10,4500.2502,4443.4150,4376.6947,4138.6310
2020-01-13,4511.9596,4447.5070,4382.8138,4143.6193
2020-01-14,4521.8111,4449.8423,4388.0500,4148.3542
2020-01-15,4528.2549,4451.1297,4392.5956,4153.4206
2020-01-16,4534.2870,4452.6036,4396.9170,4158.4323
2020-01-17,4541.0776,4453.9629,4401.3509,4163.0953
2020-01-20,4550.6143,4456.7866,4405.8187,4167.8427
2020-01-21,4558.6642,4458.7787,4408.7388,4171.4615
2020-01-22,4566.8095,4461.0983,4412.3428,4174.7977
2020-01-23,4567.9090,4460.3818,4413.9349,4177.4707
2020-02-03,4550.2504,4452.8766,4412.2302,4178.2822
2020-02-04,4538.6884,4448.7471,4411.9622,4179.6092
2020-02-05,4524.6915,4444.4099,4411.5194,4181.0568
2020-02-06,4513.8470,4441.1840,4411.5191,4182.9483
2020-02-07,4500.3764,4438.9320,4411.5154,4184.6938
2020-02-10,4489.3805,4437.9157,4411.8494,4187.0329
2020-02-11,4481.4448,4439.4032,4412.2839,4189.6397
2020-02-12,4472.4069,4441.1811,4412.7873,4192.5256
2020-02-13,4465.3955,4442.1728,4412.9421,4194.8345
2020-02-14,4457.7710,4444.0381,4413.7088,4197.2948
2020-02-17,4454.5905,4448.0727,4416.1308,4200.2883
2020-02-18,4446.6418,4452.8054,4417.8644,4202.9989
2020-02-19,4441.7837,4457.6005,4419.7379,4206.1267
2020-02-20,4443.2552,4464.4464,4423.3569,4209.7298
2020-02-21,4445.6620,4471.2320,4426.3352,4213.2140
2020-02-24,4446.6628,4476.5271,4429.0131,4216.7448
2020-02-25,4445.1019,4480.9849,4431.4085,4220.5969
2020-02-26,4445.5075,4484.9977,4433.8587,4223.9212
2020-02-27,4446.9141,4489.9836,4436.5899,4227.3946
2020-02-28,4447.4521,4491.5335,4437.8483,4230.9262
2020-03-02,4472.4300,4496.3394,4441.0299,4234.8679
2020-03-03,4491.8687,4499.6100,4444.1594,4239.3053
2020-03-04,4511.2091,4503.5800,4448.1874,4244.2171
2020-03-05,4533.2744,4509.2160,4453.1273,4249.0935
2020-03-06,4551.1402,4513.3901,4457.0845,4253.7630
2020-03-09,4559.7567,4514.9056,4459.1697,4257.8580
2020-03-10,4570.3652,4518.5107,4461.6462,4261.8631
2020-03-11,4577.5795,4522.3505,4463.3337,4265.5665
2020-03-12,4580.9988,4523.7868,4464.0692,4269.1859
2020-03-13,4578.7925,4523.9209,4464.4634,4272.6984
2020-03-16,4560.8011,4518.9895,4462.4752,4274.8324
2020-03-17,4542.0302,4512.8654,4460.6407,4276.7468
2020-03-18,4517.6356,4503.2724,4457.5630,4278.5579
2020-03-19,4483.8923,4491.7935,4453.6265,4279.9459
2020-03-20,4455.4889,4481.3917,4450.9842,4281.6197
2020-03-23,4420.7924,4468.1624,4446.8889,4282.1350
2020-03-24,4392.7419,4457.5965,4443.4059,4283.3680
2020-03-25,4375.0836,4449.3462,4441.1984,4285.3866
2020-03-26,4354.2513,4441.9609,4438.7993,4287.2355
2020-03-27,4342.1364,4433.7035,4436.5345,4289.0994
2020-03-30,4320.6878,4424.5144,4433.9647,4291.0113
2020-03-31,4300.8828,4415.1793,4431.3432,4293.3587
2020-04-01,4279.3552,4406.5977,4428.2200,4295.8735
2020-04-02,4257.1475,4400.7730,4425.9514,4298.6861
2020-04-03,4238.5348,4395.0892,4423.8464,4300.8502
2020-04-07,4234.4044,4392.2363,4423.0996,4303.8106
2020-04-08,4224.3556,4388.0072,4422.3969,4306.6160
2020-04-09,4217.0034,4385.6862,4422.2324,4309.5559
2020-04-10,4212.8931,4382.2202,4421.6592,4312.3180
2020-04-13,4210.4231,4380.9265,4420.6542,4314.7777
2020-04-14,4224.6901,4388.7654,4420.8210,4317.5284
2020-04-15,4240.3270,4393.5209,4421.1340,4319.6232
2020-04-16,4260.4705,4397.5840,4420.9969,4321.7362
2020-04-17,4288.2387,4401.5502,4421.3671,4324.1718
2020-04-20,4311.9491,4406.0208,4422.4764,4326.8911
2020-04-21,4340.1567,4408.4730,4423.1943,4329.3044
2020-04-22,4365.5009,4411.2190,4425.3111,4331.8082
2020-04-23,4381.8753,4413.1336,4427.1573,4334.2636
2020-04-24,4397.5264,4414.8132,4428.4930,4335.9649
2020-04-27,4414.8930,4416.5523,4430.2952,4337.8854
2020-04-28,4439.9103,4418.6423,4433.3575,4340.7026
2020-04-29,4460.4844,4420.7164,4436.7609,4343.6568
2020-04-30,4484.2869,4423.5989,4440.5997,4346.6225
2020-05-06,4505.5900,4425.7069,4445.0766,4350.3972
2020-05-07,4528.6866,4428.2991,4449.7656,4354.3135
2020-05-08,4546.0843,4432.0049,4454.2660,4358.3373
2020-05-11,4563.5384,4435.3818,4458.1834,4362.2585
2020-05-12,4582.6274,4440.5341,4462.7659,4366.3261
2020-05-13,4605.6679,4445.7218,4467.8527,4370.4763
2020-05-14,4628.4604,4453.3298,4472.4316,4374.5568
2020-05-15,4645.0719,4457.8222,4477.0808,4378.6068
2020-05-18,4662.5778,4461.8045,4480.7073,4382.8076
2020-05-19,4683.1189,4466.3479,4484.9640,4387.1066
2020-05-20,4698.0975,4467.4794,4488.3477,4391.2709
2020-05-21,4711.6284,4470.2160,4491.8031,4395.3670
2020-05-22,4721.2479,4473.0694,4493.9875,4398.6376
2020-05-25,4728.5462,4474.4914,4496.5011,4401.7980
2020-05-26,4740.2459,4478.2001,4500.2753,4405.1858
2020-05-27,4749.9339,4482.3873,4503.0870,4408.1295
2020-05-28,4757.6032,4488.0766,4505.9988,4411.1059
2020-05-29,4762.0360,4499.1363,4509.0629,4414.3792
2020-06-01,4777.2242,4514.7940,4513.8297,4418.7460
2020-06-02,4789.5818,4532.3774,4517.8249,4423.2583
2020-06-03,4799.0885,4551.7854,4521.7895,4428.2626
2020-06-04,4808.1286,4569.3549,4525.3733,4433.4010
2020-06-05,4818.7663,4591.1944,4529.6784,4438.7825
2020-06-08,4829.8449,4610.2230,4533.9098,4443.7357
2020-06-09,4841.1257,4626.9510,4538.1486,4449.0849
2020-06-10,4852.8061,4645.1437,4543.5523,4454.3791
2020-06-11,4864.2403,4662.1714,4547.9374,4459.5110
2020-06-12,4877.3767,4680.4977,4552.5061,4464.6004
2020-06-15,4886.0061,4695.8539,4555.5166,4469.1652
2020-06-16,4895.9948,4713.0038,4559.8007,4473.9254
2020-06-17,4908.4895,4728.0162,4564.3946,4478.4951
2020-06-18,4924.8610,4744.7465,4569.9179,4483.4174
2020-06-19,4954.0438,4760.9252,4576.5807,4488.9658
2020-06-22,4982.9750,4777.9392,4582.9732,4494.3959
2020-06-23,5012.3586,4796.3422,4591.0142,4499.8765
2020-06-24,5046.5459,4815.8484,4599.0343,4505.6886
2020-06-29,5079.4132,4835.6727,4608.2996,4511.1173
2020-06-30,5115.5918,4855.4970,4622.1312,4517.1807
2020-07-01,5147.5220,4877.6720,4635.5964,4523.7793
2020-07-02,5182.5123,4901.1941,4649.3890,4530.4542
2020-07-03,5217.8078,4923.6131,4662.5817,4537.0504
2020-07-06,5262.8263,4949.7058,4677.8633,4544.6893
2020-07-07,5313.3685,4980.4792,4694.4761,4553.1627
2020-07-08,5368.2860,5011.3370,4711.2780,4561.7810
2020-07-09,5425.6290,5044.4525,4728.7930,4570.7901
2020-07-10,5479.0966,5077.7718,4746.2925,4579.6173
2020-07-13,5545.1360,5114.2686,4765.4105,4589.5596
2020-07-14,5607.7156,5147.6198,4783.1311,4599.6309
2020-07-15,5673.2621,5180.9649,4800.8406,4609.3525
2020-07-16,5714.0654,5204.9152,4814.2570,4616.9975
2020-07-17,5759.1418,5229.4370,4827.5719,4625.4644
2020-07-20,5804.5816,5255.1045,4841.7018,4634.0185
2020-07-21,5847.5471,5281.5103,4856.7576,4642.8853
2020-07-22,5891.9154,5309.2900,4872.3359,4651.8722
2020-07-23,5932.7311,5336.3837,4888.4589,4661.1588
2020-07-24,5957.0905,5356.4174,4901.0696,4668.8297
2020-07-27,5984.6721,5378.1574,4915.7436,4676.7959
2020-07-28,6013.2294,5402.7600,4930.2911,4685.6605
2020-07-29,6043.8175,5430.1678,4945.9862,4695.0728
2020-07-30,6069.6550,5455.8085,4961.0782,4704.6328
2020-07-31,6097.7841,5483.4878,4975.4836,4714.3055
2020-08-03,6118.1372,5512.3093,4991.2627,4724.1736
2020-08-04,6129.3125,5543.7050,5008.3872,4733.7784
2020-08-05,6138.0014,5575.1191,5024.8053,4743.2257
2020-08-06,6137.3405,5603.2903,5040.7452,4752.0394
2020-08-07,6133.0098,5631.0021,5056.6947,4760.3819
2020-08-10,6117.9810,5658.4197,5073.2481,4768.8558
2020-08-11,6104.3398,5684.5414,5091.8388,4777.1570
2020-08-12,6090.7084,5706.3586,5110.5763,4785.6085
2020-08-13,6095.4298,5727.2544,5129.8159,4793.6895
2020-08-14,6100.6568,5750.0643,5150.9249,4802.2757
2020-08-17,6107.8918,5775.0098,5172.1824,4811.5833
2020-08-18,6112.6102,5799.0478,5195.1211,4821.0050
2020-08-19,6110.9289,5821.7236,5215.9733,4829.6896
2020-08-20,6105.9498,5842.3133,5234.6321,4837.9153
2020-08-21,6120.4252,5863.4651,5254.3044,4846.5518
2020-08-24,6139.3120,5888.1861,5275.1787,4855.8566
2020-08-25,6155.8679,5914.1564,5297.3271,4865.6459
2020-08-26,6163.3087,5941.0889,5318.4714,4874.9073
2020-08-27,6175.4960,5967.6090,5340.3064,4884.2632
2020-08-28,6189.9670,5996.0788,5362.0475,4893.9994
2020-08-31,6199.9729,6022.3541,5383.5503,4903.6984
2020-09-01,6212.9776,6047.2785,5404.1018,4913.6007
2020-09-02,6226.2913,6072.4456,5425.1924,4923.7946
2020-09-03,6241.9050,6095.1088,5445.7255,4933.9790
2020-09-04,6257.2858,6115.2981,5465.5732,4943.6162
2020-09-07,6262.9884,6131.8498,5483.7612,4952.2077
2020-09-08,6269.7421,6146.2015,5500.8492,4960.8351
2020-09-09,6269.7626,6155.2549,5516.4634,4968.7987
2020-09-10,6274.5300,6164.0615,5532.6278,4976.8124
2020-09-11,6280.6047,6175.1830,5549.3981,4985.3826
2020-09-14,6282.3704,6182.8275,5566.2666,4994.3715
2020-09-15,6284.2003,6187.3805,5583.9298,5003.5621
2020-09-16,6285.4719,6188.5980,5599.9675,5012.6393
2020-09-17,6286.5458,6186.6800,5615.5662,5021.3618
2020-09-18,6289.9404,6187.8026,5632.7872,5030.6401
2020-09-21,6282.8255,6183.2619,5648.7652,5039.5302
2020-09-22,6270.1233,6179.1195,5663.3697,5048.3636
2020-09-23,6265.0896,6177.8198,5679.3924,5058.0766
2020-09-24,6251.0517,6182.4035,5693.6593,5067.1295
2020-09-25,6232.6069,6185.4648,5707.4509,5076.2638
2020-09-28,6217.1926,6187.3985,5721.2515,5085.5085
2020-09-29,6201.3950,6188.8177,5735.1640,5094.7150
2020-09-30,6185.7286,6189.9709,5749.6304,5103.9069
2020-10-09,6181.6346,6194.6702,5765.5269,5114.1464
2020-10-12,6193.9458,6210.0402,5783.2288,5125.5407
2020-10-13,6218.2384,6225.2762,5801.7168,5137.0742
2020-10-14,6238.5325,6236.3228,5819.5414,5148.3111
2020-10-15,6264.8599,6243.6718,5836.9198,5158.8136
2020-10-16,6286.1731,6250.6687,5853.2386,5169.1013
2020-10-19,6295.3550,6254.2114,5868.8496,5178.5986
2020-10-20,6307.7341,6258.6662,5885.4878,5188.6454
2020-10-21,6316.3469,6262.1943,5902.9496,5198.4686
2020-10-22,6326.6421,6264.0542,5919.5867,5208.0439
2020-10-23,6331.0508,6264.1642,5933.7272,5217.0013
2020-10-26,6328.1316,6265.8513,5948.4267,5225.7569
2020-10-27,6333.8455,6269.6077,5964.0137,5235.0062
2020-10-28,6346.9456,6276.1618,5980.3516,5244.7072
2020-10-29,6357.9413,6284.7130,5995.5358,5254.6828
2020-10-30,6368.3315,6291.5642,6009.4093,5263.6171
2020-11-02,6379.7828,6297.1152,6023.5898,5272.6896
2020-11-03,6392.3846,6301.1956,6038.1027,5281.7380
2020-11-04,6406.2129,6306.2587,6052.6533,5291.1659
2020-11-05,6422.6259,6314.6497,6068.1866,5301.0482
2020-11-06,6425.9326,6322.6633,6082.4883,5310.3185
2020-11-09,6425.8575,6332.2131,6097.8391,5320.6957
2020-11-10,6420.7064,6337.8340,6113.0100,5330.4737
2020-11-11,6412.5453,6338.9937,6126.5751,5339.5406
2020-11-12,6408.2409,6341.6447,6141.3668,5348.4417
2020-11-13,6403.3006,6341.7906,6154.6998,5357.2502
2020-11-16,6404.0700,6339.8525,6167.9657,5366.1801
2020-11-17,6395.4150,6336.8431,6179.5986,5374.7582
2020-11-18,6385.0516,6331.0239,6189.1512,5382.8660
2020-11-19,6381.3524,6326.0787,6199.2622,5391.1177
2020-11-20,6387.9869,6322.5969,6208.8529,5399.9335
2020-11-23,6397.9937,6322.1345,6218.7163,5408.8753
2020-11-24,6401.4601,6324.9964,6228.4231,5418.3613
2020-11-25,6392.2307,6325.1573,6235.6794,5428.9053
2020-11-26,6378.4371,6328.1828,6241.7188,5438.6576
2020-11-27,6374.6043,6331.5939,6247.8277,5448.6084
2020-11-30,6367.8634,6332.0187,6253.6009,5458.0913
2020-12-01,6366.3290,6334.7790,6258.8032,5468.3333
2020-12-02,6361.1002,6337.0187,6262.1996,5478.3378
2020-12-03,6355.2154,6342.5471,6265.5725,5488.4253
2020-12-04,6358.6769,6351.5158,6269.0979,5498.9455
2020-12-07,6354.8830,6358.1902,6272.9964,5509.6444
2020-12-08,6355.2194,6366.7916,6275.0267,5520.2186
2020-12-09,6359.7400,6374.8404,6276.9799,5530.0555
2020-12-10,6364.5535,6381.4303,6279.6251,5540.2329
2020-12-11,6369.9458,6389.3482,6285.8759,5550.0665
2020-12-14,6378.9064,6398.3723,6291.9186,5559.7453
2020-12-15,6395.2857,6408.0803,6297.7394,5569.7206
2020-12-16,6418.7204,6417.9541,6303.3859,5580.0717
2020-12-17,6443.6048,6429.2292,6309.6000,5590.9680
2020-12-18,6465.7447,6436.2410,6315.4556,5601.9573
2020-12-21,6492.2181,6441.4434,6325.7418,5613.4057
2020-12-22,6519.8178,6445.6281,6335.4522,5625.5979
2020-12-23,6557.0993,6452.5840,6344.4534,5637.3722
2020-12-24,6595.5690,6460.4664,6352.0691,5649.0277
2020-12-25,6635.4038,6471.2862,6360.9774,5661.0278
2020-12-28,6676.2500,6484.3767,6369.2940,5672.3888
2020-12-29,6707.1099,6494.5294,6376.5978,5683.9302
2020-12-30,6746.0024,6508.8809,6385.5376,5696.9624
2020-12-31,6788.4331,6527.2635,6395.6589,5710.2321
2021-01-04,6830.5017,6551.2961,6407.7301,5724.2377
2021-01-05,6883.8458,6580.4759,6423.1636,5739.9291
2021-01-06,6941.5051,6609.8554,6439.7315,5756.4898
2021-01-07,7011.8068,6640.7849,6458.4734,5775.1561
2021-01-08,7075.0658,6668.2801,6476.4966,5793.5364
2021-01-11,7135.5304,6696.2278,6493.8960,5811.8559
2021-01-12,7202.9529,6727.6404,6512.3778,5831.6513
2021-01-13,7264.3765,6756.8771,6529.0363,5850.6094
2021-01-14,7313.0358,6780.6833,6543.4710,5869.2961
2021-01-15,7351.9696,6800.9667,6557.8082,5886.8907
2021-01-18,7396.2225,6824.3570,6573.5101,5904.0711
2021-01-19,7425.3421,6841.2372,6586.7252,5920.5148
2021-01-20,7462.8237,6862.4750,6600.1545,5937.6666
2021-01-21,7506.4906,6890.1621,6614.5779,5955.9525
2021-01-22,7554.8009,6919.0904,6630.3676,5974.4195
2021-01-25,7603.6687,6951.4334,6646.6120,5993.4592
2021-01-26,7641.4928,6979.3459,6659.5992,6010.8233
2021-01-27,7680.9774,7008.7543,6672.7987,6028.1745
2021-01-28,7701.1478,7035.3194,6683.1716,6043.6367
2021-01-29,7715.3159,7060.8489,6693.4638,6059.3281
2021-02-01,7729.3083,7087.8247,6705.2108,6075.4682
2021-02-02,7742.5341,7118.2920,6720.2133,6092.8932
2021-02-03,7751.2433,7149.7687,6737.3825,6110.5719
2021-02-04,7748.6898,7183.3685,6754.2629,6127.5561
2021-02-05,7755.0121,7218.9101,6773.5465,6145.0049
2021-02-08,7773.0725,7255.6151,6793.6045,6163.1161
2021-02-09,7789.6003,7296.3351,6814.1769,6181.7875
2021-02-10,7825.9143,7340.7112,6837.7451,6202.0059
2021-02-18,7859.1259,7379.8936,6858.4561,6221.1930
2021-02-19,7893.8517,7416.4212,6879.4841,6239.7258
2021-02-22,7900.7951,7441.2043,6896.3600,6255.9631
2021-02-23,7914.6544,7465.1458,6911.6680,6272.2276
2021-02-24,7905.3733,7482.5366,6924.6641,6286.7147
2021-02-25,7885.3135,7500.3915,6937.6160,6300.4928
2021-02-26,7852.4014,7514.2296,6947.8300,6313.6112
2021-03-01,7822.0593,7532.2788,6960.8135,6327.2364
2021-03-02,7796.8374,7546.5182,6972.4453,6339.9481
2021-03-03,7777.8779,7561.7912,6984.9358,6353.0936
2021-03-04,7752.7332,7568.9245,6993.4393,6364.3016
2021-03-05,7727.9972,7574.6059,7001.9175,6375.7740
2021-03-08,7677.4838,7572.5203,7004.3807,6384.9538
2021-03-09,7606.9423,7564.1817,7002.8126,6393.0207
2021-03-10,7543.0076,7559.0446,7002.3364,6402.0266
2021-03-11,7488.4111,7555.8932,7004.2386,6411.8900
2021-03-12,7429.5832,7552.5158,7006.4911,6421.7055
2021-03-15,7349.2411,7541.1500,7006.2181,6429.7284
2021-03-16,7262.9271,7531.0060,7007.6913,6438.2705
2021-03-17,7164.8044,7523.7890,7009.1592,6447.3235
2021-03-18,7085.6340,7515.7462,7012.3136,6457.6316
2021-03-19,6998.2215,7500.3365,7013.8000,6466.6933
2021-03-22,6934.6785,7482.8750,7017.0855,6475.4064
2021-03-23,6867.7796,7458.7193,7019.5976,6484.0122
2021-03-24,6810.1779,7430.0057,7019.9305,6491.9721
2021-03-25,6756.1329,7398.1220,7019.4534,6499.9025
2021-03-26,6721.7474,7372.9022,7020.5912,6508.0635
2021-03-29,6680.1903,7350.1428,7023.1853,6516.2973
2021-03-30,6651.2444,7325.8349,7026.7376,6525.1637
2021-03-31,6610.4413,7300.2171,7028.5471,6533.3249
2021-04-01,6596.9908,7282.5064,7031.5949,6542.1241
2021-04-02,6591.8480,7270.5572,7035.7619,6551.9743
2021-04-06,6604.9305,7256.0035,7040.1802,6561.3343
2021-04-07,6619.7560,7241.9472,7041.5922,6569.7157
2021-04-08,6629.7966,7225.8338,7044.1544,6578.5822
2021-04-09,6621.6970,7201.9757,7046.0689,6586.3220
2021-04-12,6604.3291,7172.3271,7045.7088,6593.5378
2021-04-13,6601.8039,7140.4041,7045.9187,6600.3093
2021-04-14,6601.2748,7114.9188,7047.1323,6607.5490
2021-04-15,6594.6159,7089.2444,7048.9994,6614.2990
2021-04-16,6583.5050,7068.6891,7052.0042,6620.5777
2021-04-19,6594.2781,7051.9214,7056.3851,6627.8237
2021-04-20,6606.2132,7033.6369,7060.7308,6634.7918
2021-04-21,6624.8237,7011.6352,7064.9636,6641.8399
2021-04-22,6648.1654,6988.7746,7069.2716,6648.8473
2021-04-23,6677.9655,6969.8323,7076.6004,6656.1399
2021-04-26,6691.6314,6947.5499,7083.2300,6662.4744
2021-04-27,6708.3943,6924.2715,7089.9433,6668.8855
2021-04-28,6723.2638,6899.3002,7097.8177,6675.7093
2021-04-29,6745.3300,6867.9834,7104.3473,6681.5753
2021-04-30,6756.4812,6841.4486,7110.6711,6686.4353
2021-05-06,6750.9823,6813.4094,7114.9153,6690.2439
2021-05-07,6741.3015,6792.2061,7116.7052,6692.9015
2021-05-10,6738.4828,6771.4786,7118.3122,6695.6543
2021-05-11,6736.2682,6758.1918,7120.3642,6697.6954
2021-05-12,6747.6232,6746.8996,7123.6456,6700.3128
2021-05-13,6765.2531,6737.4678,7125.8487,6702.7369
2021-05-14,6791.8338,6728.3139,7130.2963,6708.0861
2021-05-17,6824.5232,6725.9931,7136.2557,6714.0871
2021-05-18,6859.0151,6721.6993,7141.7452,6719.7423
2021-05-19,6894.3189,6725.3233,7147.1239,6725.2549
2021-05-20,6919.3103,6728.4466,7151.5263,6730.5631
2021-05-21,6939.7528,6738.5446,7155.5324,6735.4940
2021-05-24,6961.0761,6753.2887,7158.7352,6742.2385
2021-05-25,6997.4344,6770.5453,7164.7949,6750.1236
2021-05-26,7023.7384,6783.9632,7169.9282,6757.1908
2021-05-27,7055.6740,6797.9862,7175.2510,6763.6601
2021-05-28,7082.2676,6817.4821,7179.3160,6770.1467
2021-05-31,7105.9025,6836.4904,7183.7482,6776.5211
2021-06-01,7133.3924,6855.4186,7189.6038,6783.1008
2021-06-02,7158.9062,6870.7575,7193.2518,6789.3947
2021-06-03,7188.4819,6889.5136,7194.9251,6795.2920
2021-06-04,7226.7513,6909.0352,7195.9551,6801.8426
2021-06-07,7264.9352,6930.3408,7194.5301,6808.8468
2021-06-08,7293.8309,6951.6530,7190.8293,6815.2804
2021-06-09,7321.8145,6973.1722,7185.6471,6822.0602
2021-06-10,7360.4277,6992.9399,7182.9211,6829.7088
2021-06-11,7388.0096,7011.4416,7180.7922,6837.3441
2021-06-15,7399.8717,7025.4440,7175.6394,6844.0086
2021-06-16,7399.3656,7037.2690,7168.7431,6848.8897
2021-06-17,7400.5323,7046.7399,7164.6232,6854.0471
2021-06-18,7403.2441,7053.0051,7161.7811,6859.7947
2021-06-21,7410.6878,7060.8475,7158.4255,6865.9678
2021-06-22,7418.0950,7072.6243,7157.2858,6872.0055
2021-06-23,7410.5185,7082.8340,7154.3339,6877.2442
2021-06-24,7406.6051,7097.9265,7149.9511,6882.2645
2021-06-25,7410.0587,7120.2781,7146.3026,6888.3351
2021-06-28,7418.8957,7144.3188,7142.3614,6894.4867
2021-06-29,7421.2721,7164.4893,7139.7040,6899.6516
2021-06-30,7420.8691,7185.9199,7137.5821,6905.1904
2021-07-01,7423.7901,7206.8715,7137.7803,6910.4760
2021-07-02,7416.0577,7218.2254,7135.0734,6914.2686
2021-07-05,7407.2425,7229.4469,7131.5419,6918.3764
2021-07-06,7396.8755,7239.1616,7125.3984,6922.8058
2021-07-07,7400.9470,7252.7656,7120.7701,6929.0763
2021-07-08,7398.1212,7261.2345,7115.5334,6934.8981
2021-07-09,7385.8046,7270.6092,7109.0796,6941.3130
2021-07-12,7383.4175,7281.4509,7102.8612,6948.2328
2021-07-13,7388.0253,7291.3486,7095.3244,6954.7507
2021-07-14,7401.3124,7299.6620,7083.8227,6960.7839
2021-07-15,7417.2080,7311.0306,7076.2396,6967.3479
2021-07-16,7424.3882,7322.3674,7067.8884,6973.6863
2021-07-19,7433.8907,7337.8831,7065.0446,6980.7023
2021-07-20,7441.6159,7353.8775,7062.6781,6987.1730
2021-07-21,7455.3371,7370.4616,7064.3267,6994.4954
2021-07-22,7466.5357,7385.4915,7066.1955,7001.9057
2021-07-23,7464.1333,7399.8301,7068.6490,7008.2395
2021-07-26,7440.9737,7403.9747,7066.1443,7013.4789
2021-07-27,7406.0088,7397.0836,7061.5383,7016.9918
2021-07-28,7370.9890,7390.7094,7056.2044,7020.5701
2021-07-29,7345.8493,7387.4837,7056.4035,7024.9214
2021-07-30,7325.3328,7380.6344,7054.5405,7028.2290
2021-08-02,7319.2202,7381.2339,7059.8892,7032.1349
2021-08-03,7317.8504,7381.8713,7067.5800,7035.1963
2021-08-04,7313.8236,7379.3213,7074.9333,7038.6348
2021-08-05,7311.3773,7376.2900,7080.1266,7042.1826
2021-08-06,7309.2110,7372.0240,7085.0051,7045.7481
2021-08-09,7301.0626,7368.9689,7093.2255,7049.7218
2021-08-10,7296.1780,7367.4588,7101.9746,7054.8330
2021-08-11,7288.7520,7361.8058,7108.6122,7058.8857
2021-08-12,7271.2108,7355.9525,7113.3550,7062.8343
2021-08-13,7260.4680,7351.1619,7120.3377,7067.0689
2021-08-16,7244.4957,7344.9809,7127.0080,7072.0468
2021-08-17,7216.8768,7334.6542,7132.4975,7076.0475
2021-08-18,7183.9541,7326.5109,7139.0819,7079.5062
2021-08-19,7150.0243,7316.7754,7144.9738,7082.2136
2021-08-20,7109.0484,7299.2784,7146.1091,7083.3502
2021-08-23,7091.0813,7285.2034,7148.3225,7085.7539
2021-08-24,7096.0903,7275.5710,7150.5075,7088.6226
2021-08-25,7103.2494,7272.2630,7154.7660,7091.6565
2021-08-26,7091.5906,7263.9070,7155.3235,7093.4592
2021-08-27,7091.8447,7256.0747,7154.5399,7095.1509
2021-08-30,7080.8071,7249.2816,7155.0645,7097.6224
2021-08-31,7059.7833,7238.5466,7155.5854,7098.5888
2021-09-01,7033.8312,7228.6463,7155.7402,7099.9473
2021-09-02,7007.8219,7216.7768,7157.3516,7101.7103
2021-09-03,6980.7182,7200.2878,7160.2830,7102.9959
2021-09-06,6961.4972,7186.0095,7165.1641,7105.5414
2021-09-07,6939.2106,7174.6342,7169.5618,7108.3470
2021-09-08,6918.5508,7160.8785,7173.3992,7111.1993
2021-09-09,6902.4023,7147.3974,7177.1345,7114.5693
2021-09-10,6889.7323,7140.6317,7179.4286,7117.9069
2021-09-13,6875.5771,7132.3147,7180.8808,7120.8058
2021-09-14,6871.5662,7124.5304,7181.8460,7123.4048
2021-09-15,6863.3395,7111.4679,7182.1167,7125.6942
2021-09-16,6852.1532,7098.3882,7179.8113,7128.2059
2021-09-17,6858.4635,7088.3420,7179.4756,7131.3528
2021-09-22,6856.2196,7074.3243,7177.8876,7133.9154
2021-09-23,6847.0337,7059.1744,7175.2615,7136.5396
2021-09-24,6833.8454,7045.2761,7172.4691,7138.4082
2021-09-27,6827.1539,7027.8854,7169.4580,7140.0646
2021-09-28,6812.8071,7011.4422,7166.9048,7140.9101
2021-09-29,6787.9993,6990.9250,7164.4041,7140.5546
2021-09-30,6778.5669,6973.3270,7163.6023,7140.9572
2021-10-08,6767.5652,6953.5376,7161.9996,7141.1819
2021-10-11,6758.6535,6933.6239,7159.5577,7141.6016
2021-10-12,6749.1807,6914.3068,7157.0685,7141.4586
2021-10-13,6741.0173,6906.0270,7155.0008,7142.6486
2021-10-14,6731.2654,6904.7369,7150.9102,7143.5829
2021-10-15,6729.5384,6904.2983,7147.5038,7144.6245
2021-10-18,6728.4114,6900.4222,7143.9530,7145.5384
2021-10-19,6725.8643,6900.8443,7140.7394,7146.1328
2021-10-20,6728.2897,6895.9425,7138.5882,7147.0603
2021-10-21,6728.8334,6888.9237,7135.3975,7147.0663
2021-10-22,6733.6659,6879.4048,7129.3630,7147.0790
2021-10-25,6752.4118,6874.8020,7125.5460,7147.7371
2021-10-26,6764.8783,6870.6089,7121.3164,7148.2837
2021-10-27,6778.1414,6865.1558,7117.0623,7148.1892
2021-10-28,6784.5100,6854.5072,7110.9830,7147.3656
2021-10-29,6797.2823,6848.6882,7105.2470,7147.4254
2021-11-01,6806.4123,6841.9660,7098.9592,7146.1055
2021-11-02,6819.3116,6834.9797,7093.0708,7143.9979
2021-11-03,6832.4738,6826.1162,7085.5486,7140.7518
2021-11-04,6842.8882,6823.7316,7079.1929,7136.8615
2021-11-05,6849.7878,6819.8711,7073.1910,7132.0101
2021-11-08,6863.3457,6818.9525,7067.8639,7126.7555
2021-11-09,6882.6620,6823.7523,7061.5153,7122.2182
2021-11-10,6886.5336,6824.2079,7054.7057,7117.7489
2021-11-11,6891.2984,6822.8201,7049.1956,7112.4175
2021-11-12,6892.5395,6820.0143,7046.1386,7107.4408
2021-11-15,6884.9307,6817.7583,7040.8326,7102.7279
2021-11-16,6873.8740,6813.6560,7034.8654,7098.3232
2021-11-17,6864.8478,6809.5588,7029.4202,7093.9228
2021-11-18,6856.5668,6807.6370,7023.0918,7090.1888
2021-11-19,6850.5695,6806.1001,7017.3732,7085.8536
2021-11-22,6843.7194,6809.1610,7012.9689,7081.4600
2021-11-23,6835.7865,6812.6362,7006.4620,7076.3823
2021-11-24,6827.3351,6811.4909,6998.7502,7070.5558
2021-11-25,6823.0119,6808.0277,6991.3310,7065.5175
2021-11-26,6813.6064,6806.7105,6983.7945,7060.6883
2021-11-29,6811.9127,6805.7701,6976.5838,7057.1820
2021-11-30,6810.6386,6803.3422,6971.9869,7053.5302
2021-12-01,6812.3065,6800.8080,6966.5614,7049.0517
2021-12-02,6810.2237,6799.1946,6961.8625,7043.6304
2021-12-03,6813.4020,6799.8961,6955.6820,7038.2260
2021-12-06,6807.0909,6800.9275,6949.6579,7032.5956
2021-12-07,6797.9330,6799.5401,6943.9410,7026.5103
2021-12-08,6799.2980,6801.4392,6937.8817,7020.3715
2021-12-09,6802.0780,6804.8378,6932.0061,7013.6653
2021-12-10,6805.3376,6808.6112,6926.9436,7005.3832
2021-12-13,6817.3561,6813.8391,6920.8623,6998.5509
2021-12-14,6826.6884,6819.2085,6915.3254,6991.6069
2021-12-15,6828.0519,6825.5799,6908.2524,6986.6485
2021-12-16,6832.8275,6829.3413,6901.3341,6982.0061
2021-12-17,6828.3213,6830.4025,6891.9700,6978.1484
2021-12-20,6807.3793,6828.6513,6881.1376,6973.6666
2021-12-21,6789.9892,6828.9596,6871.6332,6970.1411
2021-12-22,6774.4563,6824.8665,6865.4467,6965.7955
2021-12-23,6763.8869,6821.0763,6862.9066,6962.2225
2021-12-24,6744.1586,6812.5586,6858.4284,6957.3164
2021-12-27,6722.8844,6803.5593,6851.9908,6954.1972
2021-12-28,6708.6903,6796.4726,6848.6584,6951.5995
2021-12-29,6693.8464,6787.0307,6841.4866,6950.6879
2021-12-30,6678.6311,6779.1136,6834.0186,6950.7993
2021-12-31,6665.5057,6772.6320,6826.0184,6950.4758
2022-01-04,6649.5990,6759.8024,6817.3022,6948.7144
2022-01-05,6625.2569,6743.6915,6807.1502,6946.0777
2022-01-06,6591.4479,6726.7619,6795.9588,6944.5921
2022-01-07,6551.1553,6711.4959,6783.0015,6942.4881
2022-01-10,6510.2235,6693.7876,6771.2379,6939.9251
2022-01-11,6464.4551,6677.0562,6759.5111,6936.4330
2022-01-12,6431.4866,6664.0785,6749.5291,6934.9334
2022-01-13,6397.8469,6651.7291,6738.9227,6932.9654
2022-01-14,6362.9940,6637.3836,6730.5576,6931.5275
2022-01-17,6338.8330,6626.0206,6722.9458,6931.0139
2022-01-18,6325.6560,6613.5754,6716.2639,6930.6189
2022-01-19,6304.6130,6597.7399,6710.7461,6928.4276
2022-01-20,6282.9106,6583.4173,6703.8126,6926.0676
2022-01-21,6255.7042,6566.8386,6694.8294,6922.6684
2022-01-24,6239.0275,6551.1538,6685.5841,6920.1750
2022-01-25,6215.6967,6535.8658,6676.8120,6916.0678
2022-01-26,6190.0281,6522.9342,6668.2951,6911.4175
2022-01-27,6158.6611,6504.5560,6657.0574,6906.0610
2022-01-28,6120.7566,6484.7896,6646.2133,6900.8994
2022-02-07,6085.9044,6466.7660,6636.4330,6896.0866
2022-02-08,6050.9464,6442.6933,6625.9271,6891.6394
2022-02-09,6029.0626,6421.0020,6616.8191,6888.5510
2022-02-10,6007.2294,6398.7196,6605.1053,6885.1347
2022-02-11,5983.7948,6375.8091,6591.9184,6880.7401
2022-02-14,5959.0456,6351.9633,6579.3369,6876.3681
2022-02-15,5945.7368,6330.5859,6568.1780,6872.6562
2022-02-16,5925.4850,6310.0171,6556.6796,6868.0541
2022-02-17,5914.1416,6292.4631,6546.6356,6863.7582
2022-02-18,5901.3807,6273.8464,6536.5205,6859.1832
2022-02-21,5884.4938,6254.4573,6527.1767,6854.6467
2022-02-22,5862.8305,6235.8712,6518.3994,6849.1054
2022-02-23,5854.8090,6220.4903,6510.0152,6844.7454
2022-02-24,5842.7251,6200.7881,6501.1137,6839.5006
2022-02-25,5838.7744,6181.5172,6493.1775,6834.2195
2022-02-28,5835.8361,6163.3532,6485.9822,6829.2256
2022-03-01,5839.6659,6144.7897,6479.3144,6824.3862
2022-03-02,5836.2450,6126.7568,6472.9827,6819.9438
2022-03-03,5837.5313,6108.3478,6466.9638,6815.6840
2022-03-04,5839.3123,6087.3835,6458.3624,6810.9823
2022-03-07,5825.9486,6065.8169,6448.1097,6805.0546
2022-03-08,5812.9425,6044.9186,6436.7849,6798.1713
2022-03-09,5793.8006,6022.5265,6425.7430,6791.4058
2022-03-10,5786.5627,6003.5621,6414.2143,6784.6076
2022-03-11,5782.7055,5983.3365,6402.2064,6776.5583
2022-03-14,5769.6586,5962.1633,6387.3610,6767.4324
2022-03-15,5740.3585,5937.5755,6370.5674,6757.2602
2022-03-16,5721.4387,5915.1165,6355.7945,6748.2669
2022-03-17,5703.3756,5896.2748,6341.6528,6740.1205
2022-03-18,5684.8885,5876.3493,6327.7315,6731.5645
2022-03-21,5669.1110,5855.8994,6314.2657,6721.8144
2022-03-22,5654.5345,5837.8454,6298.8239,6712.1850
2022-03-23,5633.4290,5823.7592,6283.7254,6702.5209
2022-03-24,5616.0668,5810.6357,6268.6988,6692.8806
2022-03-25,5588.3396,5796.3909,6253.9434,6682.4632
2022-03-28,5557.8165,5782.3905,6238.0891,6671.6680
2022-03-29,5528.6161,5770.4541,6223.7552,6661.3572
2022-03-30,5507.7470,5757.2610,6210.6698,6651.8703
2022-03-31,5489.0167,5744.8158,6198.2724,6641.9105
2022-04-01,5477.0774,5733.0168,6185.2002,6632.1965
2022-04-06,5473.3596,5719.6275,6172.8241,6623.0075
2022-04-07,5472.9095,5703.8200,6158.6977,6613.2808
2022-04-08,5477.1626,5691.5464,6144.6432,6603.0792
2022-04-11,5463.7634,5675.9033,6129.6603,6592.1830
2022-04-12,5453.6115,5662.4994,6114.6690,6581.9323
2022-04-13,5452.1571,5647.4152,6099.2845,6572.7116
2022-04-14,5461.6597,5635.9607,6085.9132,6563.3729
2022-04-15,5457.1452,5621.9633,6072.4488,6553.6571
2022-04-18,5447.0125,5611.6154,6058.0857,6543.7530
2022-04-19,5439.3792,5603.7984,6044.2940,6533.6929
2022-04-20,5421.6184,5590.1850,6028.4755,6522.9244
2022-04-21,5397.7230,5576.5560,6009.6247,6511.2968
2022-04-22,5374.4423,5561.9111,5991.4565,6498.9593
2022-04-25,5339.0403,5543.3601,5971.0398,6484.8950
2022-04-26,5306.4968,5525.4717,5950.6404,6470.9857
2022-04-27,5282.9297,5511.9441,5931.9537,6457.8741
2022-04-28,5262.6769,5497.2302,5913.9080,6445.2459
2022-04-29,5243.7437,5484.5645,5897.2908,6434.6389
2022-05-05,5227.3362,5470.0936,5881.2784,6423.9199
2022-05-06,5203.3162,5453.7910,5863.8187,6412.8406
2022-05-09,5179.9749,5437.8200,5846.1386,6400.9103
2022-05-10,5161.8191,5423.4154,5829.6433,6389.6506
2022-05-11,5145.6904,5407.8989,5814.1946,6379.0678
2022-05-12,5136.7377,5393.5083,5797.1482,6367.5150
2022-05-13,5129.9625,5378.9746,5780.2459,6356.1260
2022-05-16,5122.9880,5362.2759,5762.8146,6344.8791
2022-05-17,5118.2734,5347.4037,5746.0967,6333.4795
2022-05-18,5114.6030,5333.3065,5730.0317,6322.6785
2022-05-19,5114.7504,5322.5030,5715.4254,6311.8389
2022-05-20,5117.9355,5315.2477,5701.3156,6301.3248
2022-05-23,5129.1273,5311.4565,5688.6367,6290.3034
2022-05-24,5141.1630,5307.8442,5676.3814,6278.7595
2022-05-25,5154.8400,5306.3268,5664.4267,6268.0299
2022-05-26,5182.6766,5301.8056,5652.6839,6259.0653
2022-05-27,5215.0131,5298.3947,5640.8656,6251.8861
2022-05-30,5237.3188,5299.0082,5630.5857,6244.5071
2022-05-31,5258.2838,5304.4003,5620.9879,6236.4893
2022-06-01,5272.5166,5304.9957,5610.0561,6229.3573
2022-06-02,5287.9853,5303.9375,5600.1062,6220.7964
2022-06-06,5315.7622,5306.1405,5591.2449,6212.6318
2022-06-07,5342.7370,5307.2704,5581.5849,6203.8016
2022-06-08,5370.0151,5309.6076,5573.7265,6195.5144
2022-06-09,5390.7789,5310.8389,5567.2990,6187.2246
2022-06-10,5419.0515,5314.7022,5562.6689,6179.3139
2022-06-13,5440.6648,5319.9047,5558.1478,6170.5747
2022-06-14,5466.8413,5325.8858,5554.1381,6162.6880
2022-06-15,5488.7835,5331.4706,5550.9624,6155.2367
2022-06-16,5509.3581,5333.9510,5545.6060,6147.5675
2022-06-17,5530.3743,5339.0460,5541.9309,6140.4268
2022-06-20,5545.5000,5342.6167,5537.8168,6134.1872
2022-06-21,5559.8119,5346.0374,5532.8325,6127.8892
2022-06-22,5577.3476,5349.6195,5526.7197,6121.4918
2022-06-23,5596.7130,5354.1470,5522.8467,6116.7964
2022-06-24,5617.9449,5363.4782,5519.6907,6111.7517
2022-06-27,5639.3143,5372.6759,5517.5876,6106.2085
2022-06-28,5662.8260,5383.2757,5515.3454,6100.4647
2022-06-29,5677.7150,5390.8224,5513.3915,6095.1018
2022-06-30,5694.3679,5399.8847,5510.9240,6089.6096
2022-07-01,5710.4343,5409.3062,5510.4608,6083.7591
2022-07-04,5722.3569,5419.3316,5511.5650,6078.8891
2022-07-05,5737.0901,5433.4591,5511.8221,6074.1275
2022-07-06,5743.8695,5448.0662,5512.3111,6069.1191
2022-07-07,5756.8501,5463.8020,5512.8565,6064.8378
2022-07-08,5762.3719,5484.0348,5513.6974,6059.4014
2022-07-11,5762.9721,5502.4949,5513.9833,6052.9508
2022-07-12,5758.8940,5516.2715,5514.1078,6046.7224
2022-07-13,5756.7685,5529.1072,5513.1687,6040.6734
2022-07-14,5758.9125,5540.0185,5512.2915,6034.4856
2022-07-15,5752.4676,5549.0986,5509.5961,6028.1158
2022-07-18,5751.2167,5561.7769,5507.7840,6022.1522
2022-07-19,5748.1752,5573.3176,5505.5688,6016.3727
2022-07-20,5748.1122,5584.1367,5503.7761,6011.0877
2022-07-21,5738.6166,5591.3175,5499.6082,6004.8117
2022-07-22,5727.3401,5599.7192,5496.6137,5998.8637
2022-07-25,5711.5328,5605.3040,5492.1393,5992.6584
2022-07-26,5697.3070,5613.0033,5487.6396,5986.8109
2022-07-27,5687.9324,5618.6860,5483.0449,5981.1796
2022-07-28,5676.6152,5624.6896,5478.9981,5975.9904
2022-07-29,5661.0386,5627.8214,5475.1622,5971.0630
2022-08-01,5645.5927,5630.3945,5472.8211,5965.5917
2022-08-02,5622.9840,5631.0017,5471.2291,5959.6694
2022-08-03,5603.6386,5633.0565,5470.4503,5953.6176
2022-08-04,5581.6313,5634.5185,5470.4227,5948.0828
2022-08-05,5563.8006,5636.4844,5469.1450,5941.6797
2022-08-08,5554.2433,5638.1870,5468.2908,5935.2486
2022-08-09,5549.6979,5641.2231,5470.1157,5928.7383
2022-08-10,5541.6437,5642.4512,5473.4257,5921.9966
2022-08-11,5535.6688,5645.2794,5475.1375,5915.4660
2022-08-12,5534.0721,5647.5333,5475.7354,5908.6941
2022-08-15,5532.5095,5648.4758,5477.3082,5902.5198
2022-08-16,5534.0671,5649.8496,5478.5600,5896.4128
2022-08-17,5535.7831,5650.4439,5480.0258,5889.4248
2022-08-18,5540.1279,5651.0570,5480.9480,5882.3367
2022-08-19,5540.0314,5648.1111,5481.4067,5875.0527
2022-08-22,5546.5850,5647.6721,5483.7884,5868.8659
2022-08-23,5551.1899,5646.7428,5486.3143,5862.2017
2022-08-24,5550.8272,5643.5035,5487.4871,5855.6211
2022-08-25,5552.1447,5641.8043,5487.8776,5849.2737
2022-08-26,5554.6558,5637.5341,5488.2900,5843.2812
2022-08-29,5555.7978,5634.5136,5488.5652,5836.8827
2022-08-30,5560.1460,5631.1354,5488.5864,5830.7052
2022-08-31,5563.0765,5627.3480,5488.4837,5823.5907
2022-09-01,5563.3848,5621.1872,5487.6671,5816.1551
2022-09-02,5560.4327,5613.4796,5488.4789,5809.0696
2022-09-05,5559.5142,5606.2669,5489.4714,5802.0702
2022-09-06,5559.1111,5599.7372,5491.5064,5795.3955
2022-09-07,5562.3175,5596.2922,5493.5573,5789.7353
2022-09-08,5559.1659,5591.1985,5495.5416,5783.9952
2022-09-09,5559.1169,5587.0063,5498.1562,5778.1210
2022-09-13,5554.2824,5581.2460,5500.2888,5772.2914
2022-09-14,5546.3129,5573.5387,5503.4989,5765.9872
2022-09-15,5532.2494,5565.7959,5506.9310,5758.2778
2022-09-16,5513.2828,5553.6301,5508.7161,5750.0863
2022-09-19,5499.1843,5542.8361,5513.4354,5742.2376
2022-09-20,5480.9842,5534.8769,5518.6859,5734.6631
2022-09-21,5460.9463,5527.5637,5521.9176,5726.9357
2022-09-22,5446.4450,5519.3741,5524.2407,5719.0743
2022-09-23,5429.2697,5509.9472,5524.9828,5711.1368
2022-09-26,5412.6058,5501.5894,5525.3440,5703.3112
2022-09-27,5395.8370,5492.3618,5527.0693,5695.4440
2022-09-28,5377.8208,5482.9936,5528.1556,5687.1471
2022-09-29,5364.4601,5473.8872,5529.0120,5679.3276
2022-09-30,5351.4962,5466.3391,5528.8283,5671.5114
2022-10-10,5337.4322,5457.5164,5528.6178,5662.8830
2022-10-11,5320.5704,5449.8820,5527.5930,5653.9194
2022-10-12,5302.1012,5441.6549,5527.3291,5645.0718
2022-10-13,5276.7282,5431.8105,5525.2483,5635.6725
2022-10-14,5257.2601,5423.4565,5524.0731,5627.0524
2022-10-17,5232.8449,5415.7289,5521.7752,5618.6003
2022-10-18,5209.1338,5406.6624,5518.5285,5609.9220
2022-10-19,5185.9133,5398.7105,5514.8561,5601.7464
2022-10-20,5165.3273,5390.4713,5511.7639,5594.0726
2022-10-21,5152.3424,5381.9146,5508.2165,5586.3216
2022-10-24,5131.0874,5369.7508,5503.1176,5577.9007
2022-10-25,5110.1069,5357.2223,5497.7046,5569.2851
2022-10-26,5087.7563,5342.7871,5492.0051,5561.2954
2022-10-27,5063.1710,5327.9850,5485.2181,5553.1030
2022-10-28,5035.2273,5309.7705,5477.5249,5543.7905
2022-10-31,5002.9099,5289.1245,5468.3289,5534.2175
2022-11-01,4975.0205,5269.3662,5458.9210,5525.0829
2022-11-02,4954.2914,5251.0833,5450.4665,5516.0257
2022-11-03,4930.2041,5231.6556,5441.0498,5507.3881
2022-11-04,4914.9998,5216.2878,5433.6724,5500.4857
2022-11-07,4902.5915,5202.5405,5425.3258,5493.9974
2022-11-08,4888.1975,5186.5269,5417.0995,5487.6237
2022-11-09,4869.0529,5168.8001,5407.7714,5480.9548
2022-11-10,4852.8069,5152.6024,5398.0530,5474.5077
2022-11-11,4839.1714,5138.2672,5390.0357,5467.8209
2022-11-14,4824.7787,5123.7780,5380.6560,5461.2935
2022-11-15,4814.2205,5110.0315,5372.2726,5455.0447
2022-11-16,4805.0311,5096.6645,5363.8999,5448.3662
2022-11-17,4795.9892,5083.6364,5355.4922,5441.1060
2022-11-18,4785.1164,5070.6072,5345.8972,5434.3719
2022-11-21,4779.8803,5057.5298,5335.5047,5427.5977
2022-11-22,4776.1609,5043.8810,5325.0739,5421.3308
2022-11-23,4776.8221,5029.8715,5314.8043,5415.0749
2022-11-24,4778.9092,5014.6217,5305.4570,5409.4242
2022-11-25,4788.2430,5001.4014,5296.3000,5403.6120
2022-11-28,4802.1961,4986.3562,5286.6813,5398.5710
2022-11-29,4815.2942,4973.7709,5277.5084,5394.5367
2022-11-30,4825.3945,4962.7159,5268.1273,5389.9747
2022-12-01,4838.1067,4953.9986,5259.8972,5386.1042
2022-12-02,4840.7491,4947.2743,5250.4522,5381.6544
2022-12-05,4847.1001,4941.7068,5242.2714,5377.9844
2022-12-06,4855.2037,4936.2147,5235.5458,5374.7645
2022-12-07,4864.0788,4930.0530,5228.8084,5371.4581
2022-12-08,4874.4561,4923.8069,5221.5905,5367.3796
2022-12-09,4880.0546,4918.5812,5214.2642,5363.2778
2022-12-12,4884.9204,4912.7038,5207.1466,5358.3713
2022-12-13,4886.6849,4906.3707,5199.3662,5353.5751
2022-12-14,4890.4659,4901.7225,5192.3581,5348.9634
2022-12-15,4896.4937,4896.4498,5185.1685,5344.4723
2022-12-16,4904.4433,4891.7861,5179.0626,5339.3354
2022-12-19,4909.5453,4886.3750,5171.9457,5334.2797
2022-12-20,4909.4590,4879.4364,5164.6592,5328.3992
2022-12-21,4905.8036,4871.3524,5156.5037,5322.0716
2022-12-22,4902.1995,4864.8102,5148.3104,5315.6776
2022-12-23,4895.5041,4856.6990,5140.0778,5309.5379
2022-12-26,4892.0004,4850.0184,5132.8736,5304.0179
2022-12-27,4886.1316,4844.5700,5125.6162,5299.2186
2022-12-28,4879.2493,4840.0503,5119.3804,5295.3048
2022-12-29,4869.9191,4835.8353,5113.1533,5291.8018
2022-12-30,4863.5722,4831.7662,5106.8404,5288.6315
2023-01-03,4854.6281,4831.1231,5100.4369,5284.7910
2023-01-04,4844.5798,4830.0039,5093.6131,5280.9520
2023-01-05,4839.7954,4830.8687,5086.8279,5278.4718
2023-01-06,4836.2328,4833.0316,5080.5083,5276.9670
2023-01-09,4832.1384,4837.3456,5073.5581,5274.3478
2023-01-10,4831.8859,4844.2942,5066.7094,5271.2224
2023-01-11,4833.2004,4849.6427,5059.5044,5268.4063
2023-01-12,4834.0552,4853.6280,5052.3557,5265.4578
2023-01-13,4837.6335,4859.4216,5045.5386,5262.7822
2023-01-16,4841.8114,4862.5107,5039.3993,5260.1736
2023-01-17,4849.5775,4865.1694,5033.8550,5257.6308
2023-01-18,4860.0773,4868.1884,5027.3577,5255.5730
2023-01-19,4871.3483,4872.2706,5020.5353,5253.4248
2023-01-20,4885.7187,4877.9750,5015.2887,5251.3879
2023-01-30,4900.7148,4881.3163,5009.7918,5248.8347
2023-01-31,4913.3929,4885.4641,5004.6210,5246.4555
2023-02-01,4925.1507,4888.9420,4999.4868,5244.0260
2023-02-02,4937.0450,4892.8559,4994.7602,5241.6733
2023-02-03,4948.1631,4896.7049,4990.1706,5239.3272
2023-02-06,4956.2249,4900.2096,4985.4084,5236.5378
2023-02-07,4963.9037,4904.7324,4981.1311,5234.8050
2023-02-08,4971.3719,4908.0883,4975.9846,5232.7280
2023-02-09,4977.7974,4911.2588,4970.5652,5231.0358
2023-02-10,4981.9612,4914.2524,4964.4370,5228.9972
2023-02-13,4986.3831,4916.6017,4959.0015,5227.2716
2023-02-14,4990.7826,4919.7288,4953.0425,5225.5994
2023-02-15,4991.4448,4920.1029,4946.9369,5223.6128
2023-02-16,4990.2336,4919.5637,4941.1398,5222.3194
2023-02-17,4984.9369,4918.1537,4936.0761,5221.5036
2023-02-20,4983.3557,4919.5534,4933.4139,5221.0650
2023-02-21,4983.6277,4919.7805,4930.7437,5222.0896
2023-02-22,4982.8971,4919.2657,4927.7402,5223.2131
2023-02-23,4982.4961,4919.6375,4924.8453,5223.3814
2023-02-24,4977.6231,4919.2417,4921.5243,5222.8825
2023-02-27,4973.1530,4918.5557,4918.5684,5221.7756
2023-02-28,4970.5989,4919.7355,4916.2197,5220.7818
2023-03-01,4968.6441,4921.7257,4914.0482,5220.5588
2023-03-02,4966.8523,4923.4105,4912.5665,5220.3610
2023-03-03,4969.8312,4926.0398,4911.2448,5220.1284
2023-03-06,4974.1566,4928.0949,4909.9405,5219.3844
2023-03-07,4976.3173,4931.4412,4908.9081,5218.7630
2023-03-08,4977.6703,4935.3728,4907.4046,5217.4988
2023-03-09,4975.8297,4939.2693,4905.3109,5216.3200
2023-03-10,4971.2531,4941.8738,4903.3420,5214.2951
2023-03-13,4969.5591,4946.2236,4901.4613,5212.7672
2023-03-14,4966.1562,4949.3911,4899.7048,5210.7400
2023-03-15,4966.0168,4952.0570,4898.3135,5208.4210
2023-03-16,4963.9861,4953.4584,4896.7544,5205.8052
2023-03-17,4966.1532,4956.6473,4896.2413,5204.0026
2023-03-20,4960.8989,4958.4841,4895.1251,5201.6708
2023-03-21,4955.2288,4960.0208,4895.5719,5199.3448
2023-03-22,4951.8892,4962.1895,4896.0967,5196.9007
2023-03-23,4950.6990,4963.9990,4897.4338,5194.7195
2023-03-24,4949.3055,4964.4708,4898.7512,5191.9847
2023-03-27,4946.2193,4964.1880,4900.7668,5189.1459
2023-03-28,4944.1241,4964.6308,4904.4625,5186.3957
2023-03-29,4940.1381,4964.5008,4907.0718,5182.9964
2023-03-30,4938.3093,4965.1121,4909.3701,5179.9183
2023-03-31,4935.2084,4965.0698,4912.2457,5176.6477
2023-04-03,4932.9184,4964.5378,4913.5242,5173.5983
2023-04-04,4933.7314,4965.1028,4915.1361,5170.2310
2023-04-06,4935.0093,4965.3456,4916.7670,5166.9332
2023-04-07,4936.6823,4965.4029,4918.8367,5163.3041
2023-04-10,4942.6362,4964.6408,4921.3079,5159.6804
2023-04-11,4943.9678,4963.5248,4922.4206,5156.2282
2023-04-12,4948.3535,4963.3754,4924.4197,5152.5379
2023-04-13,4950.9046,4962.3586,4925.6503,5148.9614
2023-04-14,4957.8642,4961.7861,4927.3210,5145.6105
2023-04-17,4967.2680,4964.2893,4930.4971,5142.9946
2023-04-18,4981.7183,4968.6814,4934.4455,5140.1714
2023-04-19,4993.0587,4971.6828,4938.2076,5136.8562
2023-04-20,5002.5997,4974.6806,4941.3845,5133.2292
2023-04-21,5005.6294,4975.1318,4943.1953,5128.9998
2023-04-24,5010.1329,4975.7395,4944.9959,5125.2264
2023-04-25,5017.4511,4976.6153,4946.6085,5121.4542
2023-04-26,5022.1458,4977.1760,4948.4524,5117.5668
2023-04-27,5029.9081,4979.8862,4949.9945,5113.7515
2023-04-28,5037.9131,4984.1839,4951.8738,5110.0006
2023-05-04,5048.7289,4990.5866,4954.3701,5107.1337
2023-05-05,5058.3707,4994.5438,4957.0486,5103.7504
2023-05-08,5073.4922,5001.0486,4960.4146,5101.3430
2023-05-09,5087.8202,5007.3148,4963.2903,5099.4181
2023-05-10,5098.3968,5011.7631,4965.7003,5097.2544
2023-05-11,5107.5435,5016.6090,4967.9254,5094.7579
2023-05-12,5114.7298,5020.1555,4969.3556,5091.8099
2023-05-15,5125.7850,5025.4498,4972.5926,5089.8696
2023-05-16,5136.2047,5029.3828,4975.5543,5087.4602
2023-05-17,5143.4318,5032.4179,4977.9142,5085.1361
2023-05-18,5147.7452,5035.4549,4980.7474,5082.9579
2023-05-19,5148.3075,5038.3418,4983.2184,5081.1405
2023-05-22,5152.1345,5042.0097,4986.7255,5079.3356
2023-05-23,5152.1668,5044.4793,4989.9260,5077.2926
2023-05-24,5151.1803,5045.2720,4992.2706,5074.3872
2023-05-25,5150.1816,5047.3109,4994.5923,5071.4514
2023-05-26,5146.7638,5047.4972,4996.8604,5068.4691
2023-05-29,5144.8568,5048.6562,4999.0237,5065.9487
2023-05-30,5139.5841,5049.3130,5000.6850,5063.1506
2023-05-31,5127.9975,5049.7885,5001.6235,5060.5019
2023-06-01,5114.2519,5049.8261,5003.2367,5058.1950
2023-06-02,5103.7869,5051.6990,5005.0915,5055.9660
2023-06-05,5085.0879,5052.9922,5006.5065,5053.4717
2023-06-06,5067.6499,5053.6191,5007.9043,5050.7587
2023-06-07,5053.2106,5052.7677,5008.3834,5047.6056
2023-06-08,5042.8709,5054.0351,5009.2530,5044.8806
2023-06-09,5036.5030,5056.2690,5010.2285,5041.8933
2023-06-12,5024.6356,5057.6544,5011.1426,5038.9260
2023-06-13,5014.1461,5058.9860,5011.7434,5035.6239
2023-06-14,5006.3995,5059.6539,5012.3830,5032.3693
2023-06-15,4999.0826,5061.0046,5013.0372,5029.2879
2023-06-16,4993.7673,5062.6813,5013.6096,5026.5044
2023-06-19,4985.1110,5062.5615,5013.8321,5023.8436
2023-06-20,4980.1321,5062.5284,5013.9370,5020.6473
2023-06-21,4977.0739,5061.4287,5013.4158,5016.9755
2023-06-26,4971.2632,5058.7617,5011.7012,5013.4950
2023-06-27,4969.3670,5057.6569,5010.5908,5010.1913
2023-06-28,4967.5139,5056.3204,5009.8479,5007.2345
2023-06-29,4964.7721,5054.8600,5008.6093,5004.0480
2023-06-30,4967.0434,5053.4602,5007.6231,5001.1917
2023-07-03,4972.6384,5051.9743,5008.1318,4999.1512
2023-07-04,4975.6253,5049.2618,5008.9716,4997.1900
2023-07-05,4976.6427,5046.4259,5009.0543,4995.0927
2023-07-06,4976.6156,5043.2255,5008.9531,4992.4689
2023-07-07,4976.9259,5041.2863,5008.2091,4989.3871
2023-07-10,4974.1489,5039.6415,5007.6905,4986.0638
2023-07-11,4971.2882,5037.8039,5007.2096,4983.1055
2023-07-12,4966.3849,5035.3501,5006.2630,4979.6528
2023-07-13,4964.8832,5032.9760,5006.4311,4976.6840
2023-07-14,4964.3509,5030.2290,5007.2065,4974.1731
2023-07-17,4956.7402,5024.2091,5007.3979,4971.7370
2023-07-18,4947.1556,5018.1953,5006.3695,4969.8917
2023-07-19,4939.7989,5009.0842,5005.0664,4967.9050
2023-07-20,4930.9961,4999.7987,5003.5568,4965.6485
2023-07-21,4925.1954,4992.1481,5001.9556,4963.4005
2023-07-24,4922.2393,4984.6400,5000.6245,4961.0744
2023-07-25,4923.0175,4980.9719,5000.5637,4959.5661
2023-07-26,4922.0093,4974.8101,5000.1300,4958.1748
2023-07-27,4922.2114,4969.2627,4999.3228,4956.6855
2023-07-28,4926.1277,4966.5386,4999.4782,4956.0224
2023-07-31,4925.5746,4963.1060,4999.2805,4955.2626
2023-08-01,4924.9063,4959.9013,4999.1215,4954.5310
2023-08-02,4923.7929,4955.0892,4998.5495,4953.7288
2023-08-03,4926.7635,4953.0641,4998.7717,4953.0882
2023-08-04,4932.2615,4953.7188,4999.4954,4952.4031
2023-08-07,4935.5893,4953.8046,5000.5578,4951.9499
2023-08-08,4937.3940,4954.0559,5000.7765,4951.1189
2023-08-09,4940.8091,4953.7310,5001.1936,4950.4492
2023-08-10,4941.9851,4953.9364,5001.6247,4949.9691
2023-08-11,4936.9115,4953.7946,5001.7916,4949.2730
2023-08-14,4934.7899,4952.4243,5001.1252,4948.6832
2023-08-15,4934.7519,4950.5813,5001.1401,4948.1326
2023-08-16,4932.0257,4947.8593,5000.4258,4947.9988
2023-08-17,4932.4772,4945.7297,4999.6744,4947.8855
2023-08-18,4931.3067,4943.3866,4998.0772,4947.7555
2023-08-21,4927.6975,4938.5706,4996.3029,4947.5270
2023-08-22,4921.0568,4934.7935,4995.5313,4948.1490
2023-08-23,4913.6825,4930.4289,4994.0417,4949.2521
2023-08-24,4906.5827,4926.2374,4992.6117,4949.8417
2023-08-25,4893.8523,4921.5197,4990.5868,4949.9784
2023-08-28,4883.6078,4916.9161,4988.9603,4950.6030
2023-08-29,4875.2997,4912.5142,4987.5978,4950.5610
2023-08-30,4869.4375,4908.8198,4985.6907,4950.4134
2023-08-31,4860.7996,4905.3311,4983.9298,4950.3484
2023-09-01,4853.7829,4904.4024,4982.9155,4950.8761
2023-09-04,4853.1724,4906.5683,4982.6650,4951.9864
2023-09-05,4850.9792,4906.7008,4982.1788,4952.2997
2023-09-06,4849.2574,4906.4284,4981.3744,4952.8971
2023-09-07,4844.4435,4905.8050,4980.3325,4952.9914
2023-09-08,4843.3957,4904.3355,4978.8979,4953.1094
2023-09-11,4845.6444,4901.6267,4976.8005,4953.6488
2023-09-12,4846.0649,4898.7571,4974.0094,4954.2275
2023-09-13,4848.7825,4896.7152,4971.5705,4954.8891
2023-09-14,4852.5415,4896.1000,4969.6627,4955.5236
2023-09-15,4856.0840,4895.0498,4968.1681,4955.6817
2023-09-18,4862.6778,4893.9822,4966.8119,4955.9039
2023-09-19,4867.1299,4893.1301,4965.4670,4956.0377
2023-09-20,4872.9898,4893.0708,4964.2104,4956.3314
2023-09-21,4877.0614,4891.1087,4962.0423,4956.0184
2023-09-22,4887.6531,4890.8406,4960.5348,4956.2043
2023-09-25,4893.1330,4891.4732,4957.8412,4956.1056
2023-09-26,4897.3207,4892.5802,4955.3878,4956.2182
2023-09-27,4901.1264,4893.3508,4951.2175,4955.8160
2023-09-28,4904.6473,4894.7916,4947.2952,4955.2927
2023-10-09,4904.3039,4896.0458,4944.0970,4954.8986
2023-10-10,4896.8036,4896.3940,4940.5170,4954.2212
2023-10-11,4891.9270,4894.2646,4937.6183,4953.4869
2023-10-12,4889.8963,4893.5832,4934.1967,4953.3947
2023-10-13,4888.1737,4892.1899,4930.7263,4953.1403
2023-10-16,4887.3295,4888.8163,4927.6774,4952.7958
2023-10-17,4886.6155,4886.0430,4924.5745,4952.6609
2023-10-18,4884.9769,4882.7854,4921.3433,4952.2808
2023-10-19,4878.5666,4878.6247,4916.8569,4951.7912
2023-10-20,4867.2804,4872.3068,4912.6855,4951.3058
2023-10-23,4854.6013,4863.9857,4908.8523,4950.5615
2023-10-24,4841.2114,4856.2310,4905.0178,4949.8051
2023-10-25,4823.9635,4847.7579,4900.9069,4948.8837
2023-10-26,4809.3038,4840.4687,4897.0999,4948.0618
2023-10-27,4795.9314,4832.6872,4893.3118,4946.9984
2023-10-30,4774.7946,4825.9938,4889.8942,4945.7588
2023-10-31,4757.1916,4820.4339,4886.4291,4944.8329
2023-11-01,4739.0903,4814.3156,4882.4484,4943.7700
2023-11-02,4721.9398,4809.3165,4878.5879,4942.5472
2023-11-03,4706.2516,4804.3014,4875.0155,4941.4599
2023-11-06,4691.5298,4800.1351,4871.7608,4940.0721
2023-11-07,4680.1415,4797.3716,4867.9711,4938.6120
2023-11-08,4666.8774,4792.5928,4863.6932,4936.9608
2023-11-09,4652.1373,4788.9651,4859.6970,4935.4198
2023-11-10,4637.3323,4784.4897,4855.3636,4933.5535
2023-11-13,4624.3962,4781.0338,4851.2767,4931.8299
2023-11-14,4609.9430,4776.5771,4846.7466,4929.8919
2023-11-15,4598.6268,4772.1162,4842.3152,4927.9624
2023-11-16,4590.7615,4767.1543,4837.9870,4925.9096
2023-11-17,4585.7377,4762.2820,4833.8066,4923.8718
2023-11-20,4584.5507,4756.2928,4830.3476,4921.8817
2023-11-21,4584.5349,4748.7761,4827.6722,4919.6867
2023-11-22,4584.9985,4741.3657,4824.0332,4917.3120
2023-11-23,4583.8640,4734.3113,4820.3699,4915.1089
2023-11-24,4581.3160,4727.4362,4816.6206,4912.6149
2023-11-27,4578.9863,4720.2300,4812.2828,4909.9530
2023-11-28,4575.5796,4712.4080,4807.0173,4907.5746
2023-11-29,4570.6602,4704.1537,4801.4554,4905.2135
2023-11-30,4567.3294,4696.7352,4796.7252,4902.8898
2023-12-01,4564.6126,4689.1298,4792.6149,4900.7840
2023-12-04,4560.7964,4682.0201,4788.5349,4898.3720
2023-12-05,4552.5344,4673.3143,4783.6482,4895.6694
2023-12-06,4543.8381,4663.2761,4778.2031,4892.7063
2023-12-07,4534.8200,4653.6972,4773.3840,4889.8235
2023-12-08,4529.7819,4645.5779,4768.3433,4887.3872
2023-12-11,4523.6820,4635.4454,4763.1430,4885.1747
2023-12-12,4518.6622,4626.7888,4759.1310,4883.2644
2023-12-13,4509.6680,4617.0551,4754.8177,4880.5936
2023-12-14,4501.5990,4607.3433,4750.3471,4877.7067
2023-12-15,4492.2174,4597.3101,4746.0508,4874.8038
2023-12-18,4483.1703,4587.8394,4741.9426,4871.9491
2023-12-19,4474.1642,4579.7203,4738.0572,4869.3408
2023-12-20,4464.5215,4570.4035,4732.3340,4866.4489
2023-12-21,4454.7804,4560.2649,4726.9241,4863.5270
2023-12-22,4447.0800,4550.9987,4721.5943,4860.4585
2023-12-25,4441.9740,4542.0879,4715.4521,4857.4651
2023-12-26,4436.2654,4532.2679,4709.1555,4854.2180
2023-12-27,4434.1186,4523.8104,4703.2979,4851.2097
2023-12-28,4432.4552,4518.2907,4698.4577,4848.5036
2023-12-29,4430.8208,4514.5459,4693.4264,4846.0990
2024-01-02,4428.3265,4511.5101,4687.7479,4843.6217
2024-01-03,4430.7641,4509.1353,4682.6832,4841.6205
2024-01-04,4434.2642,4507.3964,4677.5772,4839.1769
2024-01-05,4435.9470,4504.3545,4672.4116,4836.8026
2024-01-08,4432.7049,4500.2873,4666.4873,4834.0560
2024-01-09,4428.8605,4497.0717,4661.5328,4831.6622
2024-01-10,4421.5818,4492.5449,4656.4894,4828.8073
2024-01-11,4415.7573,4487.7219,4651.0188,4826.0794
2024-01-12,4410.7122,4482.8523,4646.0844,4823.2551
2024-01-15,4407.7932,4477.9267,4641.1140,4820.3942
2024-01-16,4405.2257,4473.3177,4636.7264,4817.4018
2024-01-17,4398.8267,4467.1944,4632.2830,4814.2929
2024-01-18,4396.2151,4462.1385,4627.3657,4811.4485
2024-01-19,4392.9657,4456.5963,4622.7807,4808.4112
2024-01-22,4386.9432,4450.8431,4617.6664,4805.1390
2024-01-23,4380.8336,4444.6628,4612.8483,4801.7176
2024-01-24,4381.5271,4440.9016,4608.7393,4798.8498
2024-01-25,4389.7974,4440.2787,4606.1974,4796.8976
2024-01-26,4397.5055,4440.9883,4604.0713,4794.8810
2024-01-29,4403.8864,4441.8054,4602.0437,4792.9867
2024-01-30,4409.7491,4441.5895,4598.9411,4790.9283
2024-01-31,4413.9161,4440.8878,4594.8319,4788.7485
2024-02-01,4417.6237,4440.4465,4590.9061,4786.5425
2024-02-02,4421.5604,4439.4331,4586.8722,4784.1233
2024-02-05,4431.4052,4440.3230,4583.8796,4782.1061
2024-02-06,4446.1344,4443.9309,4582.0805,4780.4892
2024-02-07,4463.4000,4447.6730,4580.0405,4778.4205
2024-02-08,4482.0406,4452.2741,4578.2139,4776.1117
2024-02-19,4508.2119,4459.2053,4577.9703,4774.7704
2024-02-20,4535.7017,4466.3624,4577.7461,4773.7044
2024-02-21,4563.2755,4474.3093,4578.1647,4773.1664
2024-02-22,4598.5614,4485.6052,4579.4597,4773.1358
2024-02-23,4632.2812,4497.5158,4580.3959,4772.9315
2024-02-26,4661.0460,4507.0867,4580.3920,4772.3012
2024-02-27,4695.5767,4517.1610,4581.3695,4771.7059
2024-02-28,4726.6873,4525.8650,4580.6552,4770.5950
2024-02-29,4755.1443,4535.4944,4581.1416,4769.4914
2024-03-01,4776.7641,4547.1171,4582.0861,4768.7369
2024-03-04,4800.1168,4560.3954,4583.8694,4767.5434
2024-03-05,4826.9738,4575.7080,4586.5090,4766.9021
2024-03-06,4853.4262,4589.6919,4588.7656,4766.4313
2024-03-07,4881.1466,4603.6808,4591.7005,4766.1088
2024-03-08,4912.7794,4619.7497,4595.0766,4766.3474
2024-03-11,4945.2751,4635.6309,4597.9479,4766.0723
2024-03-12,4969.6346,4649.3449,4600.1718,4765.4491
2024-03-13,4986.9460,4661.9197,4602.0038,4764.8406
2024-03-14,5003.7388,4674.6624,4603.4652,4764.0198
2024-03-15,5020.9363,4687.0012,4605.4058,4763.3746
2024-03-18,5031.4622,4698.8080,4608.5494,4762.7032
2024-03-19,5039.0974,4709.6730,4612.1095,4762.3975
2024-03-20,5047.5848,4722.0127,4616.7614,4762.8068
2024-03-21,5052.1745,4734.1694,4621.6524,4763.3351
2024-03-22,5056.4975,4746.4091,4626.9027,4763.9048
2024-03-25,5066.9573,4759.4908,4631.9227,4764.5113
2024-03-26,5073.7427,4773.5761,4636.9317,4765.1218
2024-03-27,5083.4278,4787.6919,4642.3818,4766.1380
2024-03-28,5088.8502,4802.4018,4647.4733,4766.9512
2024-03-29,5096.1323,4819.2671,4653.4945,4767.9715
2024-04-01,5100.1588,4836.1740,4659.5132,4769.0505
2024-04-02,5102.3815,4853.5433,4665.7350,4770.3753
2024-04-03,5107.3183,4870.5289,4671.9233,4771.8421
2024-04-08,5114.7855,4890.0643,4678.6293,4773.3002
2024-04-09,5116.4741,4907.8533,4684.9959,4774.3445
2024-04-10,5119.1671,4926.1115,4691.3539,4775.5255
2024-04-11,5126.9105,4945.3318,4698.0874,4776.7255
2024-04-12,5137.1854,4964.4604,4704.5616,4777.9192
2024-04-15,5154.4580,4983.8348,4712.3682,4779.5574
2024-04-16,5171.7518,4999.7829,4720.0308,4781.1730
2024-04-17,5191.0962,5016.2443,4728.6163,4783.3017
2024-04-18,5210.8914,5032.4750,4737.1402,4785.4734
2024-04-19,5229.7042,5049.9947,4745.7921,4788.0699
2024-04-22,5242.9390,5065.7785,4753.3332,4790.5027
2024-04-23,5253.4925,5080.7566,4760.6015,4792.3174
2024-04-24,5264.6217,5096.7154,4768.0742,4794.2220
2024-04-25,5276.3050,5111.5360,4775.9295,4796.2751
2024-04-26,5288.1858,5124.5125,4784.2217,4798.2522
2024-04-29,5297.6122,5136.0867,4791.8798,4799.4486
2024-04-30,5304.0100,5148.0548,4800.1645,4800.8099
2024-05-06,5308.1876,5156.1643,4807.6848,4802.2050
2024-05-07,5311.3328,5163.7957,4815.0791,4803.8470
2024-05-08,5315.4212,5171.3872,4822.8482,4805.6916
2024-05-09,5315.9938,5177.0372,4831.3212,4807.4847
2024-05-10,5319.7974,5182.8598,4840.1878,4809.1954
2024-05-13,5323.1216,5190.9417,4849.0142,4811.1991
2024-05-14,5324.4627,5196.8862,4857.0236,4812.6834
2024-05-15,5324.4404,5203.5617,4864.7133,4813.9281
2024-05-16,5317.5803,5208.8092,4872.1518,4815.6414
2024-05-17,5311.6108,5213.7216,4880.4194,4817.6185
2024-05-20,5305.0693,5218.2253,4889.3104,4819.8287
2024-05-21,5300.1142,5221.7312,4898.7196,4822.3852
2024-05-22,5293.8965,5226.1828,4907.9373,4824.9400
2024-05-23,5291.6501,5229.9799,4916.8304,4827.4438
2024-05-24,5291.1020,5232.0856,4925.9176,4829.1258
2024-05-27,5293.0895,5235.8411,4935.7360,4831.3301
2024-05-28,5295.1544,5241.7439,4945.5444,4833.5694
2024-05-29,5297.2068,5248.6168,4955.2683,4835.3602
2024-05-30,5300.0642,5254.6168,4964.6396,4836.8975
2024-05-31,5300.7997,5260.0002,4973.5007,4838.3993
2024-06-03,5305.5239,5265.7890,4982.2985,4840.3781
2024-06-04,5309.3549,5271.8988,4990.7859,4842.1061
2024-06-05,5311.1481,5276.8125,4999.4126,4843.5802
2024-06-06,5316.5018,5282.7681,5008.4688,4845.5760
2024-06-07,5321.4475,5288.8398,5017.6244,4847.6008
2024-06-11,5321.8813,5292.9113,5026.2011,4849.3063
2024-06-12,5325.8286,5297.7206,5035.6483,4851.0678
2024-06-13,5331.6457,5302.8489,5045.2704,4853.4016
2024-06-14,5337.3596,5308.2129,5055.3074,4855.8984
2024-06-17,5338.6401,5310.7247,5064.9959,4858.0073
2024-06-18,5339.3894,5313.9176,5075.0458,4860.5651
2024-06-19,5340.5183,5316.9859,5085.2646,4863.1893
2024-06-20,5343.5523,5320.6764,5095.6027,4866.1645
2024-06-21,5346.8896,5322.8216,5106.4429,4869.3630
2024-06-24,5351.5557,5326.1183,5116.9858,4872.1757
2024-06-25,5351.4579,5328.7574,5127.4345,4875.1076
2024-06-26,5351.2843,5331.4935,5138.4126,4878.0395
2024-06-27,5351.1813,5334.2151,5149.3378,4881.0931
2024-06-28,5357.9812,5336.0261,5159.9304,4884.3349
2024-07-01,5370.1953,5339.3776,5169.5803,4887.8889
2024-07-02,5383.2495,5342.6503,5179.4473,4891.7593
2024-07-03,5394.5530,5345.3634,5188.9192,4895.4815
2024-07-04,5407.7734,5348.0401,5199.0174,4898.9793
2024-07-05,5415.1998,5351.6724,5208.7255,4901.7787
2024-07-08,5424.2390,5357.1384,5218.9475,4904.9268
2024-07-09,5440.2382,5363.1579,5229.9366,4908.4044
2024-07-10,5451.0413,5367.6151,5239.5756,4911.7276
2024-07-11,5460.7897,5371.8904,5248.2014,4915.1410
2024-07-12,5469.8156,5377.0943,5256.5905,4918.3155
2024-07-15,5485.7410,5383.4171,5265.7360,4921.9750
2024-07-16,5499.4502,5390.4226,5273.2935,4925.6319
2024-07-17,5507.7189,5395.5403,5279.6680,4928.7071
2024-07-18,5515.9181,5400.8752,5286.1312,4932.1479
2024-07-19,5524.0337,5406.0376,5291.5374,4935.4986
2024-07-22,5528.8141,5409.7250,5296.2924,4938.3442
2024-07-23,5534.4764,5413.2993,5302.1205,4941.2563
2024-07-24,5542.3888,5418.6639,5307.7750,4944.5723
2024-07-25,5545.9963,5422.8375,5313.1996,4946.9274
2024-07-26,5541.9411,5425.7704,5317.2898,4949.2157
2024-07-29,5535.6692,5429.0010,5321.3613,4951.7237
2024-07-30,5523.3104,5429.9468,5324.0860,4953.9777
2024-07-31,5512.1801,5430.1897,5325.9605,4956.2347
2024-08-01,5501.3930,5431.0388,5328.6108,4958.6882
2024-08-02,5491.7278,5431.7035,5330.8417,4961.2711
2024-08-05,5475.5102,5430.9017,5331.4936,4963.2851
2024-08-06,5455.0266,5427.9328,5331.8869,4964.9174
2024-08-07,5439.3683,5425.3007,5333.5223,4966.8470
2024-08-08,5423.4126,5422.3727,5335.4948,4968.7493
2024-08-09,5409.1697,5420.7365,5337.6767,4970.5709
2024-08-12,5391.3644,5419.6430,5339.8216,4972.6137
2024-08-13,5375.6160,5418.4594,5342.1242,4975.3368
2024-08-14,5364.7785,5417.7098,5344.8043,4978.4569
2024-08-15,5354.6952,5418.2940,5347.5532,4982.1573
2024-08-16,5347.7787,5418.5483,5350.6582,4986.1553
2024-08-19,5347.4966,5420.1446,5354.4922,4990.6975
2024-08-20,5346.1717,5423.0155,5357.9634,4994.9430
2024-08-21,5341.3883,5424.8878,5361.3042,4999.1180
2024-08-22,5342.9823,5427.3722,5365.1105,5003.7462
2024-08-23,5347.8885,5429.9820,5369.0974,5008.2854
2024-08-26,5350.1034,5433.5863,5372.1555,5012.8250
2024-08-27,5358.3753,5437.5411,5375.7294,5017.6213
2024-08-28,5365.7797,5440.2943,5378.6401,5022.1876
2024-08-29,5363.9872,5439.2127,5379.9446,5025.9339
2024-08-30,5360.8597,5437.2915,5380.0566,5029.3430
2024-09-02,5363.8449,5435.8173,5380.9678,5032.9818
2024-09-03,5361.7543,5432.0514,5380.4044,5035.8791
2024-09-04,5355.5460,5427.0053,5379.2494,5038.6684
2024-09-05,5348.2927,5421.2173,5377.7162,5041.1389
2024-09-06,5339.0035,5413.1454,5374.5858,5043.4770
2024-09-09,5326.5479,5402.1840,5370.7808,5045.4058
2024-09-10,5314.6671,5391.0265,5366.8384,5047.7274
2024-09-11,5295.5971,5378.1274,5361.7454,5049.4428
2024-09-12,5274.9195,5365.1525,5356.5963,5051.1942
2024-09-13,5252.2588,5353.3719,5352.5222,5052.9277
2024-09-18,5229.1537,5342.1105,5349.6244,5055.1130
2024-09-19,5206.1663,5329.3867,5346.2723,5057.1733
2024-09-20,5185.1270,5318.5221,5343.0686,5059.4991
2024-09-23,5164.5659,5308.8826,5340.3865,5062.3041
2024-09-24,5154.1675,5303.7227,5340.4085,5066.1442
2024-09-25,5146.1568,5297.7526,5340.5849,5070.3747
2024-09-26,5139.7417,5293.6577,5342.0402,5074.8625
2024-09-27,5133.7023,5290.6877,5343.1140,5079.0965
2024-09-30,5149.1242,5292.4952,5346.6852,5084.7667
2024-10-08,5169.6614,5295.5426,5350.7901,5091.0557
2024-10-09,5174.6475,5294.1507,5351.9378,5096.0628
2024-10-10,5195.2488,5296.3603,5354.8298,5101.9220
2024-10-11,5215.8069,5296.3726,5357.5182,5107.2709
2024-10-14,5243.4538,5300.2003,5361.5189,5113.1161
2024-10-15,5265.1036,5302.4104,5364.0904,5118.1211
2024-10-16,5290.5770,5304.1472,5366.5741,5123.4967
2024-10-17,5311.1106,5306.1466,5368.0467,5128.6785
2024-10-18,5342.2406,5310.1516,5370.1707,5134.4451
2024-10-21,5369.8055,5312.5175,5371.7781,5139.8577
2024-10-22,5398.6000,5316.1208,5373.9122,5145.3713
2024-10-23,5423.5101,5321.3105,5376.1061,5151.0118
2024-10-24,5448.2132,5326.6614,5377.2971,5156.5166
2024-10-25,5468.8472,5330.3136,5377.8072,5161.6758
2024-10-28,5485.9549,5333.8996,5378.1361,5166.7022
2024-10-29,5492.0280,5336.8660,5378.8013,5171.7204
2024-10-30,5493.3122,5338.5318,5379.0874,5176.2940
2024-10-31,5489.1053,5339.0534,5378.7564,5180.5275
2024-11-01,5489.7393,5340.6720,5379.1909,5184.9884
2024-11-04,5476.9591,5341.4008,5379.8474,5189.6300
2024-11-05,5464.2522,5342.1320,5380.3402,5194.4045
2024-11-06,5462.9792,5340.3437,5380.2442,5198.9343
2024-11-07,5455.2806,5340.0039,5381.5097,5203.8554
2024-11-08,5447.8728,5338.9663,5381.9271,5208.7877
2024-11-11,5432.4127,5335.9724,5381.6723,5213.4713
2024-11-12,5421.2734,5331.7644,5380.8732,5218.0903
2024-11-13,5411.5804,5328.7380,5381.1622,5223.0790
2024-11-14,5403.0404,5324.0126,5380.7769,5227.9113
2024-11-15,5389.6366,5319.6944,5379.9943,5232.6295
2024-11-18,5382.5459,5319.9410,5379.5768,5237.5898
2024-11-19,5373.5214,5321.1855,5379.2385,5242.8407
2024-11-20,5365.7379,5322.0677,5378.9425,5247.9641
2024-11-21,5359.2245,5325.6495,5378.8504,5253.1424
2024-11-22,5350.0363,5328.1097,5377.5575,5257.9851
2024-11-25,5340.4059,5330.7448,5375.9811,5262.6594
2024-11-26,5332.4053,5334.2267,5373.6861,5266.8083
2024-11-27,5330.4717,5340.1013,5371.1427,5270.3615
2024-11-28,5328.3117,5344.5113,5367.7689,5273.6081
2024-11-29,5322.5554,5351.4553,5364.7914,5276.8553
2024-12-02,5317.7680,5358.5402,5361.8463,5280.4319
2024-12-03,5314.1067,5366.8712,5360.1216,5284.4235
2024-12-04,5316.4866,5375.2769,5358.6937,5288.8206
2024-12-05,5314.5042,5383.3391,5356.3629,5293.1498
2024-12-06,5316.7750,5391.6255,5355.0738,5297.3247
2024-12-09,5323.0007,5399.3463,5354.1145,5301.1580
2024-12-10,5332.7754,5403.2075,5353.4651,5305.0278
2024-12-11,5339.7646,5406.1811,5351.9669,5308.8514
2024-12-12,5350.3038,5408.2374,5350.9476,5312.1205
2024-12-13,5358.5227,5409.6225,5350.1551,5314.9116
2024-12-16,5366.9900,5407.0873,5349.7912,5317.9612
2024-12-17,5376.3708,5403.8692,5349.7059,5320.6217
2024-12-18,5386.7687,5406.9161,5350.5334,5323.4129
2024-12-19,5394.9989,5405.5495,5350.9549,5326.5377
2024-12-20,5407.0622,5404.6119,5350.4922,5329.1336
2024-12-23,5425.1917,5403.4400,5351.8201,5332.5099
2024-12-24,5445.3482,5406.3246,5354.3675,5335.8286
2024-12-25,5465.5385,5410.0859,5357.1165,5339.2389
2024-12-26,5485.6871,5414.3419,5360.2442,5342.1651
2024-12-27,5505.9392,5416.9347,5363.5432,5344.7518
2024-12-30,5526.7245,5421.3077,5366.9126,5347.7617
2024-12-31,5542.9106,5424.5954,5370.3581,5350.5999
2025-01-02,5549.6194,5425.7206,5373.5155,5352.5046
2025-01-03,5556.2799,5426.5658,5376.6136,5354.2503
2025-01-06,5561.0568,5428.5093,5379.4115,5356.4669
2025-01-07,5565.4295,5431.1362,5382.5179,5359.0063
2025-01-08,5570.6361,5434.6507,5385.7584,5361.7175
2025-01-09,5572.3762,5437.8067,5388.1692,5363.9954
2025-01-10,5570.0132,5440.6006,5389.8270,5365.9756
2025-01-13,5568.6208,5441.1751,5390.9236,5367.8639
2025-01-14,5566.6069,5442.9464,5392.1736,5369.8634
2025-01-15,5563.3098,5443.4923,5392.8121,5371.7352
2025-01-16,5560.6329,5445.9776,5393.1607,5373.8264
2025-01-17,5558.2704,5446.7454,5393.3747,5375.6690
2025-01-20,5556.1527,5447.9239,5393.4451,5377.3746
2025-01-21,5548.6756,5449.9451,5392.9588,5379.0346
2025-01-22,5535.2305,5451.9074,5391.8359,5380.4667
2025-01-23,5520.8445,5453.7915,5391.2647,5381.7101
2025-01-24,5508.2751,5456.4358,5390.2242,5382.9768
2025-01-27,5499.6200,5460.9281,5390.3112,5384.4757
2025-02-05,5484.3258,5462.0197,5390.9803,5385.4625
2025-02-06,5471.4680,5463.7741,5392.4798,5386.2682
2025-02-07,5465.4702,5465.6135,5393.8406,5387.4042
2025-02-10,5460.7518,5467.1767,5396.4131,5388.4087
2025-02-11,5458.3031,5471.8160,5399.9629,5389.6061
2025-02-12,5455.7822,5477.2867,5404.0158,5390.8660
2025-02-13,5451.3543,5482.2304,5408.2285,5391.4072
2025-02-14,5451.1078,5486.0612,5413.0812,5391.9310
2025-02-17,5452.9941,5490.4736,5417.4924,5392.1654
2025-02-18,5457.8946,5495.3108,5423.3831,5392.5642
2025-02-19,5458.6168,5499.2859,5428.9130,5392.7547
2025-02-20,5460.7023,5502.1305,5434.5009,5393.5115
2025-02-21,5459.1434,5503.0403,5439.1586,5394.3915
2025-02-24,5457.3063,5503.8663,5443.6027,5394.9375
2025-02-25,5454.6206,5503.0621,5447.3438,5395.2062
2025-02-26,5453.3214,5502.0735,5450.7099,5395.5482
2025-02-27,5455.5921,5501.0341,5452.1208,5396.2647
2025-02-28,5452.2540,5498.7872,5452.4842,5396.5345
2025-03-03,5447.8465,5495.4528,5451.8451,5396.9427
2025-03-04,5438.2780,5492.8302,5451.2264,5397.1702
2025-03-05,5436.5508,5489.8440,5448.4656,5397.5754
2025-03-06,5433.5610,5486.6502,5445.2597,5398.0249
2025-03-07,5430.0403,5482.9222,5444.9192,5398.4285
2025-03-10,5426.0011,5479.5775,5442.5635,5398.6967
2025-03-11,5420.1694,5477.0589,5440.8354,5399.1768
2025-03-12,5412.0877,5472.0451,5437.7426,5399.6307
2025-03-13,5405.9063,5466.4536,5436.3891,5400.2398
2025-03-14,5401.3348,5460.3796,5435.2328,5400.9034
2025-03-17,5397.0701,5455.0268,5434.6843,5401.3655
2025-03-18,5391.9053,5449.6973,5433.3160,5401.7433
2025-03-19,5388.8788,5444.1476,5432.7277,5402.2529
2025-03-20,5385.1388,5439.0218,5431.8086,5402.8604
2025-03-21,5380.8538,5435.5341,5430.6274,5403.3667
2025-03-24,5381.1685,5433.8217,5430.1937,5403.7454
2025-03-25,5383.4317,5432.0121,5430.2607,5404.0339
2025-03-26,5383.3319,5429.2344,5430.1853,5404.1607
2025-03-27,5384.4998,5426.5797,5430.6152,5404.7082
2025-03-28,5387.7088,5424.9203,5431.3635,5405.2254
2025-03-31,5391.7487,5424.1470,5432.3738,5405.5651
2025-04-01,5395.0508,5423.4022,5432.2887,5405.7398
2025-04-02,5396.5384,5421.8166,5432.3815,5406.1144
2025-04-03,5396.2772,5419.8371,5431.6647,5406.0024
2025-04-07,5379.2159,5410.3553,5428.1665,5404.2053
2025-04-08,5365.2096,5402.3532,5424.5493,5403.0295
2025-04-09,5350.7265,5394.8884,5421.4061,5401.6666
2025-04-10,5340.5604,5388.7991,5419.3721,5400.5222
2025-04-11,5331.7298,5385.0533,5418.4804,5399.6768
2025-04-14,5322.3989,5381.0014,5417.3965,5399.2793
2025-04-15,5314.9249,5377.6867,5417.0612,5398.9191
2025-04-16,5308.3899,5373.2052,5417.0667,5398.5305
2025-04-17,5300.5454,5370.6354,5416.3276,5397.9522
2025-04-18,5294.4082,5368.1979,5415.9860,5397.6122
2025-04-21,5290.8735,5365.6954,5415.6545,5397.2985
2025-04-22,5285.9025,5363.8820,5415.5293,5397.1899
2025-04-23,5282.0865,5361.5255,5416.6708,5397.1142
2025-04-24,5281.3560,5359.4639,5418.3753,5397.1782
2025-04-25,5277.7676,5357.1450,5419.6877,5396.6869
2025-04-28,5275.9574,5354.8601,5420.4606,5395.8016
2025-04-29,5273.3143,5352.2751,5421.3743,5394.5716
2025-04-30,5269.7358,5348.1387,5421.7248,5393.2581
2025-05-06,5266.6188,5345.0174,5422.1516,5391.9990
2025-05-07,5268.5863,5342.9907,5422.5606,5391.3411
2025-05-08,5289.3492,5342.4377,5422.7390,5390.7164
2025-05-09,5308.8634,5342.9761,5423.4212,5389.8920
2025-05-12,5331.1386,5345.4956,5424.2788,5389.6763
2025-05-13,5352.2749,5348.3804,5425.2269,5389.6707
2025-05-14,5373.9481,5352.3957,5426.7149,5390.0900
2025-05-15,5392.3893,5357.0556,5427.9214,5389.9441
2025-05-16,5406.9546,5361.3300,5428.3914,5389.6695
2025-05-19,5419.5855,5365.7282,5429.2792,5389.7172
2025-05-20,5433.6432,5369.4724,5429.6582,5389.7247
2025-05-21,5447.9467,5373.9521,5430.3012,5390.0035
2025-05-22,5462.3020,5378.6001,5430.7611,5390.6473
2025-05-23,5472.9836,5382.6750,5431.1263,5391.0406
2025-05-26,5480.2715,5385.5663,5431.3126,5390.9024
2025-05-27,5485.1155,5388.6750,5430.3601,5391.0901
2025-05-28,5490.7550,5391.0845,5428.7690,5391.5683
2025-05-29,5496.2792,5392.8379,5426.6088,5391.8626
2025-05-30,5502.0818,5394.2798,5424.6533,5392.4488
2025-06-03,5512.5465,5396.3952,5423.0462,5393.2947
2025-06-04,5522.1660,5398.3323,5421.2400,5394.0763
2025-06-05,5529.8489,5400.8748,5419.9483,5395.1532
2025-06-06,5535.7467,5404.3948,5419.9645,5396.7400
2025-06-09,5540.4583,5406.6920,5420.2569,5398.4352
2025-06-10,5542.2689,5409.0304,5420.5213,5399.9664
2025-06-11,5544.4960,5412.8460,5421.0402,5401.7790
2025-06-12,5543.5961,5416.0342,5421.3069,5403.5327
2025-06-13,5542.3457,5418.9103,5421.9153,5405.0423
2025-06-16,5544.8155,5422.5567,5423.3519,5406.5894
2025-06-17,5548.1121,5426.9528,5425.1775,5408.0505
2025-06-18,5552.3868,5431.8118,5426.8142,5409.4939
2025-06-19,5553.9288,5437.0128,5428.4250,5410.6186
2025-06-20,5555.7432,5449.2111,5429.7832,5411.4719
2025-06-23,5562.0214,5461.3997,5431.8765,5412.6256
2025-06-24,5574.7047,5475.1576,5435.0230,5414.2341
2025-06-25,5592.7923,5489.5678,5439.1834,5416.0711
2025-06-26,5611.1981,5502.8718,5443.9625,5417.8992
2025-06-27,5624.0722,5513.5072,5447.2543,5419.2595
2025-06-30,5638.5748,5523.7398,5450.7132,5420.4687
2025-07-01,5653.2582,5534.3425,5453.7739,5422.0425
2025-07-02,5666.2660,5544.6205,5457.6280,5424.3042
2025-07-03,5680.6715,5555.3801,5461.7890,5427.1344
2025-07-04,5697.8365,5567.1800,5466.4377,5430.1392
2025-07-07,5714.4962,5578.1295,5471.0057,5433.7094
2025-07-08,5732.4496,5589.1756,5475.3506,5437.6567
2025-07-09,5748.4351,5599.6777,5479.5708,5441.7933
2025-07-10,5765.6884,5611.2025,5484.1737,5446.2011
2025-07-11,5782.6342,5621.5810,5488.2206,5450.6509
2025-07-14,5798.1304,5632.4831,5492.3791,5454.9358
2025-07-15,5814.5074,5644.8614,5496.5000,5459.9416
2025-07-16,5826.9719,5655.9530,5500.4852,5464.6991
2025-07-17,5842.0487,5666.3978,5504.6942,5469.5976
2025-07-18,5857.6746,5676.5412,5509.4894,5474.3240
2025-07-21,5871.3664,5686.4009,5514.6885,5479.1456
2025-07-22,5880.3462,5694.8407,5520.1681,5483.7560
2025-07-23,5885.8329,5702.9910,5525.6857,5488.1978
2025-07-24,5890.1135,5709.3379,5530.8668,5491.4938
2025-07-25,5898.7291,5716.0431,5536.5493,5494.5168
2025-07-28,5907.6801,5724.0300,5542.6800,5497.2625
2025-07-29,5914.3688,5732.2558,5548.9920,5500.1092
2025-07-30,5921.4065,5739.7259,5554.5991,5501.5324
2025-07-31,5922.2997,5745.1213,5559.5367,5502.3982
2025-08-01,5919.6446,5750.1171,5564.3586,5504.6389
2025-08-04,5919.5724,5756.7650,5569.7200,5506.1418
2025-08-05,5921.5075,5765.6700,5575.6182,5508.2268
2025-08-06,5923.5058,5775.0338,5581.8544,5509.7985
2025-08-07,5924.7588,5784.8040,5587.9442,5512.1667
2025-08-08,5926.8778,5793.8204,5593.3292,5514.2810
2025-08-11,5928.5200,5803.0584,5598.6691,5516.6767
2025-08-12,5931.6740,5812.5124,5604.4538,5518.8849
2025-08-13,5938.4994,5822.4863,5610.4093,5521.5685
2025-08-14,5944.8448,5832.3961,5616.6355,5524.2220
2025-08-15,5950.1821,5842.3154,5623.3551,5526.9912
2025-08-18,5958.4763,5853.6081,5630.1501,5530.1719
2025-08-19,5967.1516,5864.7938,5636.9121,5533.5864
2025-08-20,5978.0054,5876.3948,5644.6204,5537.4029
2025-08-21,5992.0972,5888.7383,5652.3863,5541.5007
2025-08-22,6013.2188,5904.3924,5661.6513,5546.5074
2025-08-25,6036.2099,5920.5877,5671.5722,5551.9730
2025-08-26,6058.8792,5936.5626,5681.7577,5557.0232
2025-08-27,6077.3974,5949.7301,5690.7709,5561.5762
2025-08-28,6104.3329,5965.2829,5701.1479,5566.4063
2025-08-29,6135.2732,5981.9290,5715.5700,5571.8683
2025-09-01,6164.3571,5997.6993,5729.5495,5577.0494
2025-09-02,6189.4791,6011.5798,5743.3687,5582.3874
2025-09-03,6211.4308,6022.4892,5756.0285,5587.7003
2025-09-04,6229.5983,6032.1641,5767.5179,5592.9991
2025-09-05,6252.3377,6045.1266,5779.3169,5598.3567
2025-09-08,6273.4064,6056.9910,5790.3654,5603.7133
2025-09-09,6290.4185,6067.3765,5800.8595,5608.9631
2025-09-10,6306.5091,6078.5836,5811.6021,5613.9648
2025-09-11,6329.4238,6091.8970,5823.6386,5619.8123
2025-09-12,6349.8111,6103.1052,5835.1426,5625.3985
2025-09-15,6368.6168,6115.2563,5846.6929,5631.1111
2025-09-16,6387.3453,6126.7521,5857.9639,5637.3173
2025-09-17,6405.7562,6139.3232,5869.5005,5643.9379
2025-09-18,6418.1606,6149.7272,5880.4649,5650.0763
2025-09-19,6423.1973,6160.6176,5891.0993,5655.7800
2025-09-22,6427.4611,6172.3200,5902.4015,5661.8879
2025-09-23,6431.1613,6183.2242,5914.0428,5667.8838
2025-09-24,6442.2445,6195.8392,5925.8961,5674.0239
2025-09-25,6450.8682,6208.8108,5937.6043,5680.0824
2025-09-26,6452.8561,6220.0016,5948.2714,5685.5052
2025-09-29,6459.6819,6233.0255,5959.7132,5691.5672
2025-09-30,6468.1950,6246.7194,5970.7800,5697.5294
2025-10-09,6482.2548,6261.0580,5982.0245,5703.6257
2025-10-10,6493.5690,6273.5463,5991.4421,5709.0785
2025-10-13,6501.9724,6286.4240,6001.2335,5714.5775
2025-10-14,6509.4199,6297.6870,6010.8585,5719.6249
2025-10-15,6524.3653,6311.3751,6021.8155,5725.5473
2025-10-16,6540.1125,6326.0660,6032.8959,5731.2771
2025-10-17,6542.4633,6339.9625,6042.5419,5736.4215
2025-10-20,6549.2591,6354.9510,6052.5340,5741.6476
2025-10-21,6560.4023,6371.5883,6064.1767,5747.6515
2025-10-22,6573.5195,6387.5569,6076.6135,5753.9630
2025-10-23,6583.3406,6403.2571,6089.1455,5759.7528
2025-10-24,6602.2473,6420.7226,6102.7633,5765.7662
2025-10-27,6626.3990,6440.4261,6117.1233,5771.8660
2025-10-28,6645.6534,6459.1733,6131.1159,5777.8846
2025-10-29,6666.9878,6477.3497,6144.9311,5783.9886
2025-10-30,6681.0327,6492.8525,6157.6694,5789.4547
2025-10-31,6686.8827,6505.6259,6169.0110,5794.4797
2025-11-03,6695.4618,6518.1135,6180.2144,5800.0894
2025-11-04,6700.0021,6529.6358,6191.6219,5805.9394
2025-11-05,6703.6723,6541.3277,6203.0607,5811.7910
2025-11-06,6709.8709,6553.8042,6215.0995,5818.0699
2025-11-07,6719.0622,6564.3323,6226.5353,5823.9211
2025-11-10,6726.7790,6571.8481,6238.1202,5830.0177
2025-11-11,6734.5315,6577.0156,6248.8016,5836.0767
2025-11-12,6738.5416,6583.2401,6259.9013,5842.5394
2025-11-13,6745.3098,6593.2310,6271.4805,5849.1474
2025-11-14,6753.0237,6599.4388,6282.3609,5855.3929
2025-11-17,6754.5696,6602.6696,6292.2993,5861.0412
2025-11-18,6749.0974,6605.4844,6301.5918,5866.7342
2025-11-19,6743.9501,6609.3453,6310.4625,5872.7428
2025-11-20,6737.9509,6613.8652,6318.1772,5878.6803
2025-11-21,6718.1413,6616.1398,6324.1520,5884.0572
2025-11-24,6694.2119,6617.1758,6331.1512,5889.2028
2025-11-25,6675.6576,6620.0738,6338.5324,5894.6228
2025-11-26,6657.3406,6624.1186,6345.7475,5899.7607
2025-11-27,6644.6530,6628.1101,6353.3468,5905.4874
2025-11-28,6637.9421,6629.0332,6360.4651,5911.1271
2025-12-01,6634.3288,6631.9206,6367.5129,5916.9753
2025-12-02,6627.8907,6633.3454,6374.3009,5922.6533
2025-12-03,6619.6475,6634.2485,6380.5003,5927.9254
2025-12-04,6607.8528,6634.6428,6386.9830,5933.2769
2025-12-05,6601.3597,6637.6119,6393.6696,5938.9217
2025-12-08,6600.5748,6642.7991,6401.7083,5944.9644
2025-12-09,6602.3332,6646.9644,6409.6422,5951.0107
2025-12-10,6599.7131,6650.6608,6416.9425,5956.7213
2025-12-11,6590.7760,6652.6435,6424.2414,5962.3633
2025-12-12,6586.7362,6653.7860,6431.2984,5967.9963
2025-12-15,6584.1570,6655.1900,6437.5958,5973.5426
2025-12-16,6578.2796,6652.9235,6442.9745,5978.8315
2025-12-17,6576.7986,6652.7867,6449.7530,5984.9606
2025-12-18,6575.9634,6651.3486,6456.2033,5990.9445
2025-12-19,6584.4011,6652.4727,6463.0095,5996.9381
2025-12-22,6595.2485,6654.4862,6470.4551,6003.5022
2025-12-23,6605.0574,6658.3288,6478.0079,6010.3439
2025-12-24,6614.0104,6659.9766,6485.6759,6017.3339
2025-12-25,6621.9629,6660.8502,6493.4581,6024.0286
2025-12-26,6629.4008,6663.8082,6501.8854,6030.7110
2025-12-29,6635.5238,6666.4265,6510.6887,6037.5237
2025-12-30,6644.5283,6666.9958,6519.2920,6044.5060
2025-12-31,6654.0557,6666.4630,6527.0099,6051.3141
2026-01-05,6667.2325,6668.1996,6535.7284,6058.7914
2026-01-06,6682.3179,6669.6401,6545.1814,6066.5628
2026-01-07,6692.1484,6669.0988,6554.7625,6074.0458
2026-01-08,6698.5981,6668.1423,6563.6578,6081.1635
2026-01-09,6708.2257,6667.1560,6572.2528,6088.3533
2026-01-12,6721.3855,6668.7847,6580.8186,6095.6140
2026-01-13,6732.8111,6672.1573,6588.8916,6102.7635
2026-01-14,6744.6369,6674.8600,6596.4868,6109.9209
2026-01-15,6759.3632,6676.6679,6603.1519,6116.6510
2026-01-16,6764.9322,6677.2906,6609.3091,6123.1106
2026-01-19,6769.4358,6675.1746,6614.4894,6129.5549
2026-01-20,6770.9540,6673.2294,6618.7808,6135.5836
2026-01-21,6769.1583,6671.4379,6621.6430,6141.6472
2026-01-22,6763.9706,6670.1045,6623.5600,6147.5661
2026-01-23,6755.5716,6666.7886,6625.0143,6153.3860
2026-01-26,6746.9659,6661.5126,6627.3718,6159.0714
2026-01-27,6738.0142,6657.8044,6628.6216,6164.8847
2026-01-28,6726.7904,6655.3148,6628.9922,6172.2811
2026-01-29,6716.9223,6654.1257,6629.8051,6179.6773
2026-01-30,6705.7553,6651.1851,6630.2652,6186.8169
2026-02-02,6686.1732,6647.4885,6630.6768,6193.3527
2026-02-03,6660.5572,6646.6065,6631.3732,6199.4456
2026-02-04,6636.9419,6646.1908,6631.6833,6205.5001
2026-02-05,6615.6983,6644.1586,6632.1162,6211.2408
2026-02-06,6592.6566,6641.2824,6632.7005,6216.7800
2026-02-09,6572.4944,6639.9212,6634.0156,6222.8089
2026-02-10,6554.7234,6638.8699,6633.9516,6228.7951
2026-02-11,6538.6661,6636.5950,6634.2578,6234.7002
2026-02-12,6522.9007,6634.6719,6634.0086,6240.3508
2026-02-13,6506.3431,6631.9689,6633.1087,6245.5363
2026-02-24,6490.1700,6628.1015,6631.3721,6250.4363
2026-02-25,6478.6880,6624.1607,6630.8863,6255.6756
2026-02-26,6467.3924,6618.1650,6630.4820,6260.7907
2026-02-27,6456.8721,6611.9200,6629.4422,6265.9219
2026-03-02,6448.8265,6606.4339,6628.5474,6271.2951
2026-03-03,6437.7147,6600.2881,6626.4658,6276.1810
2026-03-04,6422.8419,6592.2467,6623.0163,6280.3103
2026-03-05,6413.4165,6587.0186,6621.1043,6284.6878
2026-03-06,6402.2958,6583.7322,6618.3278,6289.0205
2026-03-09,6390.0538,6576.4871,6614.6369,6292.7085
2026-03-10,6384.9625,6571.0882,6611.2184,6296.6214
2026-03-11,6382.2225,6565.7351,6609.1039,6300.2730
2026-03-12,6376.6841,6558.7651,6606.6256,6303.9296
2026-03-13,6371.1767,6550.6063,6604.4676,6307.6630
2026-03-16,6368.1048,6542.9201,6601.4484,6311.6319
2026-03-17,6360.9715,6535.5247,6598.1874,6315.5417
2026-03-18,6353.9020,6528.6703,6596.2393,6319.3906
2026-03-19,6344.2635,6520.0908,6593.2586,6322.8963
2026-03-20,6334.1704,6510.5287,6588.7622,6326.4694
2026-03-23,6315.0357,6496.3609,6581.4120,6329.0127
2026-03-24,6304.1091,6482.8521,6575.5258,6332.3357
2026-03-25,6298.6024,6470.6745,6570.1573,6336.4603
2026-03-26,6287.9489,6456.4852,6562.7920,6339.9576
2026-03-27,6278.4206,6443.8491,6555.9957,6343.5558
2026-03-30,6269.9808,6431.1360,6549.1460,6347.0385
2026-03-31,6261.7161,6416.4204,6542.6025,6350.1360
2026-04-01,6267.8183,6406.2496,6539.2035,6354.1072
2026-04-02,6263.6993,6394.6435,6534.7518,6357.4831
2026-04-03,6258.6575,6383.4499,6530.0589,6360.8404
2026-04-07,6258.4067,6373.8769,6525.5838,6364.3222
2026-04-08,6272.6782,6372.3851,6523.7799,6369.4397
2026-04-09,6284.3587,6371.0970,6522.1632,6374.3493
2026-04-10,6303.1446,6372.3596,6521.8988,6380.0095
2026-04-13,6323.3239,6374.3477,6522.2261,6385.5139
2026-04-14,6351.0198,6381.0994,6523.9440,6391.9227
2026-04-15,6375.8435,6387.0757,6524.2942,6397.8874
2026-04-16,6406.9722,6396.2535,6527.0290,6404.6949
2026-04-17,6445.4717,6407.5633,6531.4390,6411.8692
2026-04-20,6488.3219,6419.0886,6536.6072,6419.0995
2026-04-21,6544.0291,6431.6705,6541.4278,6425.9451
2026-04-22,6599.9714,6448.3713,6547.9299,6433.0536
2026-04-23,6643.9888,6464.0471,6555.3268,6439.7394
2026-04-24,6690.4498,6477.8883,6562.0396,6446.5954
2026-04-27,6737.6630,6492.6349,6568.3968,6453.4646
2026-04-28,6781.7952,6506.7914,6574.0369,6459.8922
2026-04-29,6834.1861,6521.0970,6580.5091,6466.9280
2026-04-30,6876.8455,6535.0984,6586.9841,6473.7246
2026-05-06,6935.8027,6553.4982,6595.0466,6481.2797
2026-05-07,7000.3904,6574.4458,6604.5588,6489.4298
2026-05-08,7061.3694,6595.8874,6613.9281,6497.2142
2026-05-11,7112.4636,6621.3026,6624.7020,6505.8425
2026-05-12,7168.4036,6646.9832,6635.5720,6514.6208
2026-05-13,7228.6784,6676.8740,6647.5195,6524.6139
2026-05-14,7278.9143,6703.1645,6657.5423,6533.5922
2026-05-15,7311.1567,6726.0315,6666.2327,6541.5876
2026-05-18,7344.2472,6749.6887,6674.9884,6549.6149
2026-05-19,7369.8609,6775.0611,6683.6539,6557.4761
2026-05-20,7393.2076,6799.4797,6693.2492,6565.4225
2026-05-21,7405.2698,6820.2782,6702.0052,6572.4898
2026-05-22,7429.3609,6847.3933,6711.9402,6580.8466
2026-05-25,7458.3979,6877.7455,6724.4168,6590.3101
2026-05-26,7498.0856,6910.3924,6738.0637,6600.5366
2026-05-27,7532.4258,6940.1850,6749.4750,6609.9651
2026-05-28,7570.4170,6972.3310,6761.4687,6619.7383
2026-05-29,7604.2056,7001.2318,6772.0759,6628.8759
2026-06-01,7624.6891,7026.5841,6781.0544,6637.2562
2026-06-02,7659.4338,7057.3112,6792.9907,6647.4380
2026-06-03,7690.7194,7092.0805,6806.0857,6658.3872
2026-06-04,7713.1000,7126.0176,6818.2732,6668.7826
2026-06-05,7723.0392,7159.0888,6827.7249,6677.3674
2026-06-08,7711.4255,7184.2291,6833.5406,6684.6345
2026-06-09,7709.7950,7211.4603,6841.0674,6693.1244
2026-06-10,7690.3654,7237.8406,6847.1629,6700.9627
2026-06-11,7679.1784,7263.4676,6853.6583,6708.6581
2026-06-12,7684.9109,7292.0035,6861.5698,6716.9113
2026-06-15,7711.7275,7329.6933,6873.0568,6726.9377
2026-06-16,7737.7933,7363.0511,6884.6503,6736.7710
2026-06-17,7769.0519,7401.6208,6898.1322,6747.3095
2026-06-18,7819.1519,7444.4760,6913.9629,6758.5574
2026-06-22,7866.7171,7490.7175,6932.2972,6770.8032
2026-06-23,7881.0648,7521.1001,6946.7426,6780.6160
2026-06-24,7895.2345,7554.7427,6962.9199,6790.8503
2026-06-25,7923.7671,7588.4340,6980.3968,6801.0199
2026-06-26,7929.5195,7614.8093,6994.5785,6809.0692
2026-06-29,7946.2639,7639.3294,7010.2144,6817.6144
2026-06-30,7979.1973,7667.9256,7027.5007,6827.4362
2026-07-01,7988.7289,7690.0138,7043.1337,6835.8776
2026-07-02,7970.4068,7702.0546,7054.8090,6841.9006
2026-07-03,7959.9875,7714.6839,7066.8862,6848.3456
2026-07-06,7961.2483,7725.9765,7078.8235,6854.5443
2026-07-07,7971.6857,7732.9149,7090.6431,6860.6600
2026-07-08,7966.6588,7740.5283,7102.2877,6866.8305
2026-07-09,7985.1245,7755.7104,7116.7994,6874.2413
2026-07-10,7991.1638,7764.8679,7128.7514,6880.4338
2026-07-13,7978.3797,7770.6373,7138.7144,6885.7074
2026-07-14,7961.6938,7780.6964,7150.8967,6892.4562
2026-07-15,7938.3570,7787.6557,7161.3771,6897.6643
2026-07-16,7897.1503,7786.1598,7169.8290,6902.0434
2026-07-17,7822.9419,7773.4966,7173.9712,6903.9899
2026-07-20,7742.0636,7762.9952,7179.4413,6906.2750
2026-07-21,7704.6201,7757.9627,7189.6327,6910.5024
2026-07-22,7657.8240,7750.5109,7198.7470,6914.8167
2026-07-23,7607.6270,7740.0135,7208.4437,6919.4629
2026-07-24,7566.2046,7729.7254,7216.4450,6922.9436
2026-07-27,7526.8837,7725.6202,7225.8259,6927.1866
2026-07-28,7458.9681,7713.8140,7231.7513,6929.1086
2026-07-29,7401.3542,7702.6112,7238.8361,6930.9262
2026-07-30,7352.3703,7685.7197,7242.5997,6931.8520
2026-07-31,7307.3257,7675.5062,7247.8922,6933.1100
2026-08-03,7259.2503,7657.9322,7252.6628,6933.6498
2026-08-04,7228.3748,7640.9056,7259.3256,6935.2720
2026-08-05,7212.2246,7626.1839,7268.2881,6938.6960
2026-08-06,7183.9360,7616.3145,7278.2498,6942.4377
2026-08-07,7176.3084,7607.2245,7289.7778,6947.1227
2026-08-10,7177.6126,7600.0001,7300.6159,6951.0322
2026-08-11,7154.4660,7592.6071,7309.5956,6953.8915
2026-08-12,7143.5131,7581.2874,7319.2993,6957.7693
2026-08-13,7138.4954,7565.2702,7328.6754,6960.9670
2026-08-14,7158.5880,7551.6918,7338.8547,6963.8085
2026-08-17,7187.8627,7548.9246,7354.0067,6967.7093
2026-08-18,7191.5664,7550.0191,7367.1241,6971.3250
2026-08-19,7179.1713,7538.2614,7374.8608,6972.5091
2026-08-20,7166.2147,7530.3532,7384.0969,6973.4444
2026-08-21,7168.4930,7525.4513,7394.4594,6975.2276
2026-08-24,7154.4566,7513.4385,7402.7210,6975.9335
2026-08-25,7157.9009,7492.2833,7410.9883,6976.7954
2026-08-26,7164.6031,7473.3351,7418.1931,6978.6983
2026-08-27,7191.4094,7454.6627,7428.1417,6981.4468
2026-08-28,7207.8343,7430.9792,7437.7276,6983.8932
2026-08-31,7231.8444,7403.9832,7447.3503,6986.4670
2026-09-01,7238.4689,7383.8673,7452.4837,6988.1318
2026-09-02,7226.1920,7358.5669,7456.6548,6989.4090
2026-09-03,7210.5189,7331.0152,7459.7246,6990.8117
2026-09-04,7185.6455,7309.6748,7462.2421,6992.2341
2026-09-07,7170.5228,7289.7037,7464.5165,6994.2303
2026-09-08,7163.5896,7266.3640,7467.1448,6995.7195
2026-09-09,7154.8434,7247.7333,7468.8735,6997.9513
